t,cov_w,gap_w,width_mean_w,width_std_w,width_step_mean_w,ces_w,rcs_w,control_state,control_std_w,control_step_mean_w,covered_t,width_t
1,nan,nan,nan,nan,nan,nan,nan,0.07999136794557662,nan,nan,1.0,0.15530185540630703
2,nan,nan,nan,0.0002804621540967167,0.0005609243081934334,nan,nan,0.07603706823092908,0.001977149857323772,0.003954299714647544,0.0,0.15586277971450047
3,nan,nan,nan,0.012397083716707075,0.013287080547511376,nan,nan,0.0718357449944781,0.0033300281762386453,0.00407781147554926,1.0,0.18187601650132978
4,nan,nan,nan,0.014989541623089377,0.011067452212665843,nan,nan,0.06768294781580617,0.00459847833051453,0.004102806709923486,1.0,0.18850421204430456
5,nan,nan,nan,0.017874418396799693,0.011159471699541679,nan,nan,0.06360292028557074,0.0058170484834365035,0.004097111915001471,1.0,0.19993974220447375
6,nan,nan,nan,0.018484839741835523,0.008994837182227312,nan,nan,0.05955959999460071,0.0070078455684517505,0.004086353590195183,1.0,0.1996034430915039
7,nan,nan,nan,0.01836994024963831,0.007552677080545374,nan,nan,0.05553548556894763,0.008182731634446773,0.004075980396104833,1.0,0.19926156651936822
8,nan,nan,nan,0.018028783247653783,0.006493990069715564,nan,nan,0.051535724289002036,0.009345586210095022,0.004065091950939227,1.0,0.19940343452410492
9,nan,nan,nan,0.017593744362621937,0.005684009440473647,nan,nan,0.04760038748713975,0.010491500092686382,0.004048872557304609,1.0,0.19941757955988515
10,nan,nan,nan,0.01710864943894002,0.005087733148981465,nan,nan,0.043716315835582956,0.011620593065458873,0.004030561345554852,1.0,0.19910005674284115
11,nan,nan,nan,0.018800666719199634,0.006703064710641993,nan,nan,0.03989758105218048,0.012731139028832944,0.004009378689339615,1.0,0.2203411055084279
12,nan,nan,nan,0.03272028603032375,0.01239407395912805,nan,nan,0.0361210343261295,0.01382539457166091,0.003988212147222466,1.0,0.2896452719524165
13,nan,nan,nan,0.04242693670991943,0.012719529194027412,nan,nan,0.032422968252577365,0.014900353023706958,0.003964033307749938,1.0,0.3059448087303369
14,nan,nan,nan,0.10336754392059637,0.03250568455616441,nan,nan,0.02876848332668869,0.015958235742097777,0.0039402218937606105,1.0,0.5758843576321453
15,nan,nan,nan,0.1291473779052175,0.031184066231854816,nan,nan,0.025199010287040934,0.016996128877157377,0.0039137398327525495,1.0,0.5618813296163152
16,nan,nan,nan,0.1448253329122361,0.029411289114614384,nan,nan,0.0217080187696191,0.018012864721505702,0.0038855566117305023,1.0,0.5572889201430669
17,nan,nan,nan,0.15548226781163327,0.027575863038399845,nan,nan,0.018244146958872366,0.019012489143394765,0.003859201311669016,1.0,0.5573333920382486
18,nan,nan,nan,0.16252932933448072,0.02624778648151786,nan,nan,0.014836355088088048,0.019995250458375472,0.003832647815146387,1.0,0.5523348304668425
19,nan,nan,nan,0.16731475188539974,0.024946856968313905,nan,nan,0.011466677792580766,0.02096283001050337,0.0038069272307219926,1.0,0.5495037752229959
20,nan,nan,nan,0.17067240005420745,0.023642797606057833,nan,nan,0.01,0.021772695769581473,0.003683756207661928,1.0,0.5493340461375473
21,nan,nan,nan,0.1729965441430284,0.022465343730192967,nan,nan,0.01,0.022365866115017105,0.0034995683972788316,1.0,0.5494277662263078
22,nan,nan,nan,0.1743564697849569,0.021565163207721234,nan,nan,0.01,0.022799180903173934,0.0033329222831226966,1.0,0.5458662134680212
23,nan,nan,nan,0.17520754813372535,0.02063672104707776,nan,nan,0.01,0.023111739240046603,0.0031814258157080288,1.0,0.547005649141586
24,nan,nan,nan,0.17568579248919128,0.019809594360602235,nan,nan,0.01,0.023331430451811675,0.0030431029541555057,1.0,0.5486184563997267
25,nan,nan,nan,0.17581340792315478,0.018988920649407465,nan,nan,0.01,0.02347870652929542,0.002916306997732359,1.0,0.5487318816916544
26,nan,nan,nan,0.17565506084221244,0.01823684974245345,nan,nan,0.01,0.02356889757781298,0.002799654717823065,1.0,0.5485447337160974
27,nan,nan,nan,0.17529772424606793,0.017557676102184786,nan,nan,0.01,0.023613700882828725,0.002691975690214485,1.0,0.5491230688115656
28,nan,nan,nan,0.17476694862383746,0.016909764889980815,nan,nan,0.01,0.023622174618624862,0.002592272886873208,1.0,0.5491871421842431
29,nan,nan,nan,0.17405635639801023,0.016354510971739795,nan,nan,0.01,0.02360142123436119,0.002499691712342022,1.0,0.5478244870050109
30,nan,nan,nan,0.17324223446114428,0.015792356032507403,nan,nan,0.01,0.02355706930770166,0.0024134954463991935,1.0,0.5478765047390113
31,nan,nan,nan,0.17233817274807892,0.015275244015463577,nan,nan,0.01,0.02349362053868683,0.0023330455981858873,1.0,0.5475975092178187
32,nan,nan,nan,0.171354337907949,0.014803567774643122,nan,nan,0.01,0.023414704185637004,0.002257786062760536,1.0,0.5469442286677892
33,nan,nan,nan,0.1703188340250748,0.014346803812458862,nan,nan,0.01,0.023323266582501775,0.0021872302482992692,1.0,0.5467571076830424
34,nan,nan,nan,0.16923370807028867,0.013931820047754614,nan,nan,0.01,0.02322171425820174,0.002120950543805352,1.0,0.5461047681058238
35,nan,nan,nan,0.16810635781886915,0.013547240264559224,nan,nan,0.01,0.02311202334295803,0.002058569645458136,1.0,0.5452486606867124
36,nan,nan,nan,0.16697876896424213,0.013181744706812942,nan,nan,0.01,0.022995824118225712,0.001999753369873618,1.0,0.5460035564301517
37,nan,nan,nan,0.1658392317090641,0.012817489954100425,nan,nan,0.01,0.02287446699985194,0.001944204665154906,1.0,0.5459349828209894
38,nan,nan,nan,0.1647125610597899,0.012498467794588412,nan,nan,0.01,0.02274907448928685,0.0018916585931236924,1.0,0.5469486528731453
39,nan,nan,nan,0.16358695503118226,0.01217576019608178,nan,nan,0.01,0.02262058240725059,0.0018418781038309635,1.0,0.5471842319244817
40,nan,nan,nan,0.16246046593284283,0.011865129524134993,nan,nan,0.01,0.022489772862240166,0.0017946504601429902,1.0,0.5471230679343246
41,nan,nan,nan,0.1613522993575707,0.01159209500137432,nan,nan,0.01,0.022357300788820353,0.0017497841986394154,1.0,0.5480668165480327
42,nan,nan,nan,0.1603601259664123,0.011479743807780832,nan,nan,0.01,0.02222371544273455,0.0017071065352579663,1.0,0.555052512612074
43,nan,nan,nan,0.1649147993080792,0.021054090472195447,nan,nan,0.08427416478317099,0.023676399243090153,0.0034348936363987523,0.0,0.14145020889887938
44,nan,nan,nan,0.16828193080292075,0.020928170548472895,nan,nan,0.08372957808813897,0.02488709973232792,0.0033676771959018515,0.0,0.15708974265100517
45,nan,nan,nan,0.17089130690760979,0.020669316328805823,nan,nan,0.08313924565643761,0.025904178310099012,0.0033045557239882034,0.0,0.16662832753412693
46,nan,nan,nan,0.17262404244755242,0.02060171019814107,nan,nan,0.08250759055921421,0.026762353598882366,0.003245157932282319,1.0,0.18425536798301878
47,nan,nan,nan,0.17413013250396742,0.020161784990064983,nan,nan,0.08188232611414133,0.027489360720767166,0.0031882037260386356,1.0,0.18389021735637767
48,nan,nan,nan,0.175421971425067,0.019736755705818,nan,nan,0.08126782767872533,0.02810662574640167,0.0031334440390041116,1.0,0.18407562598683436
49,nan,nan,nan,0.17657395664632475,0.019361626523822607,nan,nan,0.08065937237615564,0.028630838482329116,0.0030808401069950613,1.0,0.1823450710167951
50,nan,nan,nan,0.17773915079095332,0.01911389093611359,nan,nan,0.08005868913866786,0.029075454855147585,0.0030302246606785863,1.0,0.1751224882907143
51,nan,nan,nan,0.17875744308150052,0.018745927119290986,nan,nan,0.07946309794567967,0.029451378719528066,0.0029815319913247783,0.0,0.17440678819573097
52,nan,nan,nan,0.17952038679488652,0.01846997001802892,nan,nan,0.07883569289120522,0.029766623833356716,0.0029353726396218307,0.0,0.17907890315065655
53,nan,nan,nan,0.17967615609400617,0.018564750664448244,nan,nan,0.07816280893035028,0.030027612034992573,0.0028918632419532367,1.0,0.20247746678249046
54,nan,nan,nan,0.1797586977131729,0.018214677104060256,nan,nan,0.07749773093330264,0.030241146664016415,0.0028498484260116217,1.0,0.2024883187463753
55,nan,nan,nan,0.17977764898997736,0.017879153655755646,nan,nan,0.07683477124734019,0.030412887146092474,0.002809350486381082,1.0,0.2023919078507641
56,nan,nan,nan,0.17973117258261032,0.01756112285048143,nan,nan,0.0761728296925785,0.030547670662643314,0.0027703066876243656,1.0,0.20277936721643797
57,nan,nan,nan,0.17964270312796854,0.0172582769853984,nan,nan,0.07551655542405383,0.030649776058285932,0.002732556108711871,1.0,0.2021776128106061
58,nan,nan,nan,0.17951382104579802,0.016963077106354793,nan,nan,0.07486893261756877,0.030722977541012966,0.002695978331479822,1.0,0.20174572893069342
59,nan,nan,nan,0.1793469643841296,0.016676189155902514,nan,nan,0.07421892535654363,0.030770365375824203,0.0026607029681961205,1.0,0.20142215295057087
60,nan,nan,nan,0.17914056971791079,0.016394057118363052,nan,nan,0.07357429290025491,0.03079479476876246,0.002626532281553622,1.0,0.20145255189164524
61,nan,nan,nan,0.17889894805771434,0.016120959532574534,nan,nan,0.07293183040596711,0.03079872859832584,0.002593464451765858,1.0,0.20146075386269713
62,nan,nan,nan,0.17863244693438465,0.01586426629087818,nan,nan,0.07229406523230135,0.030784387832799843,0.002561403807862578,1.0,0.20099808207360015
63,nan,nan,nan,0.1783368568453569,0.015608740090491785,nan,nan,0.07166861441943764,0.03075385629849921,0.0025301787595561442,1.0,0.2010197239405218
64,nan,nan,nan,0.17801134382028133,0.01536570523554197,nan,nan,0.07104826391227385,0.03070888058622393,0.002499864025391186,1.0,0.20131726816917528
65,nan,nan,nan,0.1778804039422983,0.015370771403947197,nan,nan,0.07043696024640062,0.030651072704778914,0.0024703552697737186,1.0,0.18562732815569882
66,nan,nan,nan,0.17774317960338784,0.015163429963819095,nan,nan,0.0698350467829488,0.030581876299898433,0.00244161001121492,1.0,0.18373375036007822
67,nan,nan,nan,0.17757422407161144,0.01493376421797478,nan,nan,0.06923423456891782,0.03050248346969257,0.002413719135500012,1.0,0.1837392410981724
68,nan,nan,nan,0.17737566700830906,0.014711765283357546,nan,nan,0.06863722101613991,0.030414000777623344,0.0023866041268026674,1.0,0.18379907669679252
69,nan,nan,nan,0.17714891684364367,0.014497702232380009,nan,nan,0.06804222009197194,0.03031740727592926,0.0023602570208815688,1.0,0.1839545545136776
70,nan,nan,nan,0.17689513369829332,0.014291396708275452,nan,nan,0.06745327673183231,0.030213631128552895,0.0023345858084070485,1.0,0.18421717558284323
71,nan,nan,nan,0.17668949197625253,0.014166185516133845,nan,nan,0.0668700642326726,0.030103507786063098,0.002309566189703515,1.0,0.17869056232448033
72,nan,nan,nan,0.17650494545806827,0.014016071682348665,nan,nan,0.06629229406579387,0.02998779083258139,0.0022851746964242924,1.0,0.17518245900709428
73,nan,nan,nan,0.17629671440280595,0.013821765815490486,nan,nan,0.06572263258786165,0.029867187014138423,0.0022613481239452354,1.0,0.17520850827565404
74,nan,nan,nan,0.17606892604324859,0.013634466821130693,nan,nan,0.06515477267816229,0.029742283424071446,0.002238149655256936,1.0,0.17505956904842845
75,nan,nan,nan,0.1758716328851702,0.013506951287607132,nan,nan,0.064601707174502,0.029613718992172328,0.0022153782478029275,1.0,0.17086125170804123
76,nan,nan,nan,0.17566011328189257,0.013333873854250878,nan,nan,0.06405341526307186,0.02948199347743374,0.0021931504299846235,1.0,0.17033510792215312
77,nan,nan,nan,0.17542891809939504,0.013159136828057116,nan,nan,0.06350236264777231,0.02934750900834811,0.0021715438797913988,1.0,0.17038896778567802
78,nan,nan,nan,0.17521902674908332,0.013032463570262444,nan,nan,0.06296027633313256,0.029210716172782532,0.0021503820932309878,1.0,0.1669836718078106
79,nan,nan,nan,0.17498699810313542,0.012870282069618866,nan,nan,0.06241154545802979,0.02907192473516585,0.0021298481032549846,1.0,0.16736597832787403
80,nan,nan,nan,0.17474256781896846,0.012711766772492606,nan,nan,0.06186419173359724,0.028931473077977297,0.002109816528839511,1.0,0.16701840473122975
81,nan,nan,nan,0.17447940531776193,0.012557152303807773,nan,nan,0.061317067291469095,0.02878966633134793,0.002090282877755619,1.0,0.16736101400893566
82,nan,nan,nan,0.17418495430029785,0.012423062938979875,nan,nan,0.0607767240287617,0.028646821153364345,0.0020711478207797148,1.0,0.1690569277616838
83,nan,nan,nan,0.17388273820663153,0.01227639430723793,nan,nan,0.060237274802646075,0.028503196906453126,0.0020524685696252745,1.0,0.1686606926255434
84,nan,nan,nan,0.17357000834361858,0.012129023464885414,nan,nan,0.05970793947651193,0.02835907623376689,0.0020341175666916465,1.0,0.1686160782335644
85,nan,nan,nan,0.17323564622887494,0.011998917908274969,nan,nan,0.059173417052871186,0.028214648280016845,0.002016265243560088,1.0,0.16981623494317244
86,nan,nan,nan,0.1728448984140225,0.011918484177556556,nan,nan,0.05863234728957166,0.02807008664258895,0.0019989100026158464,1.0,0.17497828574038232
87,nan,nan,nan,0.1722482922378219,0.01206796564239333,nan,nan,0.05809559405349316,0.027925597822749223,0.001981908179749133,0.0,0.19975217589390137
88,nan,nan,nan,0.17140368024106362,0.012436552620022296,nan,nan,0.057513030494380175,0.027781197820121162,0.0019658237588222804,1.0,0.24388720859001478
89,nan,nan,nan,0.1705715991129519,0.012296995218405033,nan,nan,0.056930614690028636,0.02763707839612843,0.0019501032138851133,1.0,0.24373170731231153
90,nan,nan,nan,0.16974905011366434,0.012164515063870092,nan,nan,0.05635436066234857,0.027493435843183357,0.0019346667061749443,1.0,0.2442379687771068
91,nan,nan,nan,0.16893123995282244,0.012048177389684707,nan,nan,0.055771169343382145,0.027350415462687516,0.0019196503129837385,1.0,0.2459320931642921
92,nan,nan,nan,0.16806176798651606,0.012133022636486144,nan,nan,0.05519897032180099,0.027208199652502367,0.0019048431559353584,1.0,0.26570118801290765
93,nan,nan,nan,0.167205458106808,0.012001429215773612,nan,nan,0.05463838578581839,0.027066953157945287,0.0018902316491967413,1.0,0.26572761594384087
94,nan,nan,nan,0.16632017377474875,0.012138842711063903,nan,nan,0.05408279715455288,0.0269268107569727,0.0018758806490039325,1.0,0.29050850022161145
95,nan,nan,nan,0.1654491145037191,0.012013379863359786,nan,nan,0.05353505226206692,0.026787900104930186,0.001861751545211188,1.0,0.2901631651947345
96,nan,nan,nan,0.16459212457059783,0.011892964497680328,nan,nan,0.05299576353076837,0.02665033684825842,0.0018478308840121076,1.0,0.2895892450709232
97,nan,nan,nan,0.16374781567591198,0.011774826259095534,nan,nan,0.05246181164072282,0.026514220837786262,0.0018341446444916226,1.0,0.29014093866446333
98,nan,nan,nan,0.16291621331101808,0.011655264874329748,nan,nan,0.05193525219508029,0.026379644429884934,0.0018206643847096732,1.0,0.29031831060127766
99,nan,nan,nan,0.16209749730625203,0.011540417208107294,nan,nan,0.05141565477117866,0.02624668966949811,0.0018073881912320402,1.0,0.2899181170167484
100,0.93,0.030000000000000027,0.30378648341398073,0.16129147507600125,0.011429312485561623,0.5945209547118121,0.5360376383884508,0.05089936465810746,0.026115427805896662,0.0017943467965031428,1.0,0.2893770673406626
101,0.93,0.030000000000000027,0.30512861555911136,0.16060728034053406,0.01142504054890018,0.5939249920008226,0.5353838018643489,0.0503900517440308,0.025937002726574974,0.0017595489500327297,1.0,0.28951506991937315
102,0.94,0.039999999999999925,0.306437525276705,0.1599173496295249,0.011190172686866662,0.5601110272407916,0.4838597141864887,0.04989028151549801,0.025798126834890765,0.0017221595257103238,1.0,0.28675375147386206
103,0.94,0.039999999999999925,0.307433369193922,0.15944795350365398,0.011176689330380353,0.5597184184332484,0.4834227150012539,0.04939626655549828,0.02569672908130059,0.00168520212956212,1.0,0.28146040822303187
104,0.94,0.039999999999999925,0.30833336673064665,0.1590275684923515,0.011091041980340945,0.5593640699913097,0.4830284539068313,0.0489093514923845,0.025627077658299656,0.001648908064237659,1.0,0.27850396571676406
105,0.94,0.039999999999999925,0.3091155056889258,0.15868450517017493,0.011091183683082453,0.5590564891929181,0.48268634492161594,0.04843084448274691,0.02558316318786572,0.001612899849274705,1.0,0.278153638032385
106,0.93,0.030000000000000027,0.30989568019811903,0.15833557305906532,0.011093111637117025,0.5918178406244711,0.53307430485697,0.04796152055567279,0.025559175516631342,0.0015769928745415838,0.0,0.2776208940108267
107,0.93,0.030000000000000027,0.31093027285553676,0.1579468234163327,0.011345213356769319,0.5913625001371289,0.5325757053109783,0.04744873059166037,0.025549306197019356,0.0015417709420574108,1.0,0.30272083226114055
108,0.93,0.030000000000000027,0.3142852182955786,0.15910115129553798,0.013690294177288226,0.5898907439621982,0.5309652587977818,0.01,0.025829945892905763,0.0018802900712472904,1.0,0.5348979785282926
109,0.93,0.030000000000000027,0.3176540739139709,0.1601961328899454,0.013701280440457722,0.5884202385619273,0.5293579056897383,0.01,0.026104044972355737,0.001841057024261868,1.0,0.5363031413991166
110,0.93,0.030000000000000027,0.3210228951632599,0.16120661621900062,0.013489966409768692,0.5869570613013767,0.5277602711106782,0.01,0.026367686131584734,0.001802483945641641,1.0,0.5359821816717438
111,0.93,0.030000000000000027,0.3235964318340042,0.16163243042732883,0.01337868603244443,0.5858441927654625,0.5265462758620455,0.01,0.02661716144042306,0.0017643370090148634,1.0,0.4776947725828571
112,0.93,0.030000000000000027,0.32540286139680563,0.16225115530193684,0.01328885782610482,0.5850655598890642,0.5256974729649148,0.01,0.02684887599996202,0.0017269828062517105,1.0,0.4702882282325582
113,0.93,0.030000000000000027,0.3261367320187306,0.16232743469072747,0.011480946799922127,0.5847498274674097,0.5253534239288988,0.01,0.02705951633568134,0.00169006881710132,1.0,0.3793318709228364
114,0.93,0.030000000000000027,0.32408165205324413,0.16044252984296384,0.011429961767836292,0.5856348427639656,0.526318012055874,0.01,0.027245744785504934,0.0016540135338725546,1.0,0.370376361083504
115,0.93,0.030000000000000027,0.3221764908410167,0.15872947496818807,0.011393562150026284,0.5864576921839025,0.527215402498753,0.01,0.027404585761383708,0.0016187509932925363,1.0,0.3713652083935617
116,0.93,0.030000000000000027,0.3203165225642662,0.15704436195163082,0.011393851483666291,0.587263256267462,0.5280944627175016,0.01,0.027533169496567637,0.0015837623891435792,1.0,0.3712920924680192
117,0.93,0.030000000000000027,0.31845386481890076,0.1553172524194897,0.011345628386645169,0.5880722060960024,0.5289777367382049,0.01,0.027628222794040924,0.0015493402490346468,1.0,0.37106761750170425
118,0.93,0.030000000000000027,0.3166397377006543,0.15362514103364344,0.011318501554480137,0.5888622243138213,0.5298408423261977,0.01,0.027686695365141633,0.0015153031046355831,1.0,0.3709221186421958
119,0.93,0.030000000000000027,0.31483092604255025,0.15192819931729099,0.011340014485229111,0.5896520438897018,0.530704227754635,0.01,0.0277052786862354,0.0015004881774377979,1.0,0.36862260941259883
120,0.93,0.030000000000000027,0.31302518330494716,0.1501934855853845,0.011340453302157149,0.5904426395753865,0.531568959541211,0.01,0.0277052786862354,0.0015004881774377974,1.0,0.3687597723772351
121,0.93,0.030000000000000027,0.3112131773683007,0.148412972919596,0.011309857817887318,0.5912381113826044,0.5324395279534782,0.01,0.0277052786862354,0.0015004881774377974,1.0,0.3682271725616617
122,0.93,0.030000000000000027,0.3094317712734248,0.1466443084243832,0.01130341471594457,0.5920222420148905,0.5332981790142073,0.01,0.0277052786862354,0.0015004881774377974,1.0,0.36772560398042886
123,0.93,0.030000000000000027,0.30694274184450593,0.14469010998840784,0.011990385326778782,0.5931213405952355,0.5345025583818199,0.01,0.0277052786862354,0.0015004881774377979,1.0,0.29810270624970125
124,0.93,0.030000000000000027,0.30442874269776676,0.1426386407232257,0.011998170571546125,0.5942356156185716,0.5357245545752597,0.01,0.0277052786862354,0.0015004881774377974,1.0,0.29721854172580664
125,0.93,0.030000000000000027,0.30191750440430737,0.14051014372830542,0.012000214638660741,0.5953528546127579,0.5369507998806735,0.01,0.0277052786862354,0.0015004881774377974,1.0,0.29760805234571075
126,0.93,0.030000000000000027,0.29940442090877845,0.13830673927318424,0.011998127094085341,0.5964751281933554,0.5381835789169074,0.01,0.0277052786862354,0.0015004881774377974,1.0,0.2972363841632071
127,0.93,0.030000000000000027,0.29688570733110087,0.13601052356633236,0.011997634705276502,0.5976041693752802,0.5394248125401045,0.01,0.0277052786862354,0.0015004881774377979,1.0,0.29725171104380954
128,0.93,0.030000000000000027,0.29435691808864733,0.13362601146635164,0.01199340074492991,0.5987420351775036,0.540676784676719,0.01,0.0277052786862354,0.0015004881774377974,1.0,0.29630821793888984
129,0.93,0.030000000000000027,0.2918432946078077,0.13117613682383672,0.011994430070668947,0.5998773792611469,0.541927021077971,0.01,0.0277052786862354,0.0015004881774377974,1.0,0.2964621389210549
130,0.93,0.030000000000000027,0.2893268452938748,0.12862934687651284,0.011993940879296644,0.6010183208878344,0.5431844681758614,0.01,0.0277052786862354,0.0015004881774377974,1.0,0.29623157334572037
131,0.93,0.030000000000000027,0.286790496321243,0.1259851314904083,0.012010260887792227,0.6021726849868584,0.5444577775693756,0.01,0.0277052786862354,0.0015004881774377979,1.0,0.29396261195462814
132,0.93,0.030000000000000027,0.2842590907824046,0.12324584189674118,0.012009976202801614,0.6033292290546125,0.5457345714279291,0.01,0.0277052786862354,0.0015004881774377974,1.0,0.29380367478395186
133,0.93,0.030000000000000027,0.28172907688846355,0.12039512591922188,0.0120038713231834,0.6044895847445886,0.5470166608387534,0.01,0.0277052786862354,0.0015004881774377974,1.0,0.29375571828893654
134,0.93,0.030000000000000027,0.2792057639589519,0.11743562002729167,0.011995403135775492,0.6056513212763373,0.5483013687057452,0.01,0.0277052786862354,0.0015004881774377974,1.0,0.293773475154665
135,0.93,0.030000000000000027,0.27669451666428774,0.11436457395702075,0.011991317886504692,0.6068119446531615,0.5495859388116712,0.01,0.0277052786862354,0.0015004881774377979,1.0,0.29412393122029523
136,0.93,0.030000000000000027,0.2741752628457264,0.11113351188186055,0.011991087412132109,0.6079807465685885,0.5508806665591306,0.01,0.0277052786862354,0.0015004881774377974,1.0,0.29407817457401864
137,0.93,0.030000000000000027,0.2716509534689702,0.10774733356147427,0.011986647607854254,0.6091564188350389,0.5521841256790903,0.01,0.0277052786862354,0.0015004881774377974,1.0,0.2935040451453703
138,0.93,0.030000000000000027,0.26908230863037597,0.10415565061330873,0.012018812224827083,0.6103574164698473,0.5535168250403484,0.01,0.027705278686235398,0.0015004881774377974,1.0,0.2900841690137239
139,0.93,0.030000000000000027,0.26647841211385204,0.10035611454157221,0.012051422575852178,0.6115797397357708,0.5548743962492985,0.01,0.0277052786862354,0.0015004881774377979,1.0,0.2867945802720824
140,0.93,0.030000000000000027,0.2638445632264728,0.09633160090599106,0.012072762499710475,0.6128211139098266,0.5562543748949712,0.01,0.0277052786862354,0.0015004881774377974,1.0,0.2837381791964029
141,0.93,0.030000000000000027,0.26120248137320545,0.09202705837381167,0.01200341660032519,0.6140714418333372,0.5576455806290997,0.01,0.0277052786862354,0.0015004881774377974,1.0,0.28385863122130095
142,0.93,0.030000000000000027,0.2584964415147331,0.08719852177011923,0.007831574093561012,0.6153573368537147,0.5590776960035205,0.01,0.027705278686235398,0.0007502440887188987,1.0,0.284448526764842
143,0.94,0.039999999999999925,0.25992641643636444,0.08643653072424136,0.007673607345588361,0.5790822855786828,0.5051888238279686,0.01,0.027659917138388307,0.0007447432130115047,1.0,0.2844477010620088
144,0.95,0.04999999999999993,0.26120423925433267,0.08584934496737207,0.007581544098140838,0.5469031751604084,0.4565608264481545,0.01,0.027602323733528493,0.0007387802591559355,1.0,0.2848720244478258
145,0.96,0.05999999999999994,0.2623887720799033,0.08535198984742957,0.007405610211216287,0.5181436192059738,0.4126506182829313,0.01,0.02753340871370243,0.0007323999046385274,1.0,0.28508161009118704
146,0.96,0.05999999999999994,0.2633957865287933,0.08501760387772479,0.00740318239901958,0.517803856131057,0.4122580735968461,0.01,0.027454028454670834,0.0007260841021630438,1.0,0.2849568128720199
147,0.96,0.05999999999999994,0.26431246079306997,0.08464880642884229,0.007496250686469227,0.5174949606990914,0.41190139323371017,0.01,0.027364355433278212,0.0007198770472598518,1.0,0.2755576437840481
148,0.96,0.05999999999999994,0.2652288248679423,0.08427040235269888,0.007480329825054876,0.5171865379289159,0.4115454499102671,0.01,0.027264482037429053,0.0007137310341025822,1.0,0.2757120334740666
149,0.95,0.04999999999999993,0.2661699740681982,0.08386405174614699,0.007414929570936092,0.5450417363302433,0.4544247517773983,0.01,0.027154551663928543,0.0007076635266532107,0.0,0.2764599910423877
150,0.95,0.04999999999999993,0.267437163052175,0.08343501337854811,0.007664078010845495,0.544568749655591,0.45388285143572255,0.01,0.027034666746977073,0.0007016474539967643,1.0,0.301841386688402
151,0.96,0.05999999999999994,0.26871364385583313,0.08297716193703192,0.007619041313049611,0.51601699415095,0.4101974411741677,0.01,0.02690495343362511,0.0006953100292040932,1.0,0.3020548685615352
152,0.97,0.06999999999999995,0.2699419245209354,0.08254922671412082,0.0073841861137446865,0.49032459745095164,0.37073398279397046,0.01,0.0267660777335713,0.0006885132215186898,1.0,0.3019069696608889
153,0.97,0.06999999999999995,0.27093625645263,0.08232916618659566,0.007384113773615137,0.4900241575573878,0.37038821692235807,0.01,0.02661892206951047,0.0006817952619525519,1.0,0.3019106599519483
154,0.97,0.06999999999999995,0.2719536248508728,0.08210534011136052,0.007406518700111075,0.48971713797360933,0.370035107330712,0.01,0.026463578619669324,0.0006750986994680827,1.0,0.30422515857065746
155,0.97,0.06999999999999995,0.2729722757682122,0.08186755145100345,0.00740292659554912,0.489410116559597,0.3696822265050198,0.01,0.02630021380116454,0.0006684124211371567,1.0,0.30425699958469776
156,0.97,0.06999999999999995,0.27400736270710646,0.08162752934536666,0.007417364041158574,0.48909853541017984,0.3693243406695694,0.01,0.026129002017009316,0.0006617833881217558,1.0,0.3062880611058656
157,0.97,0.06999999999999995,0.27505545812267695,0.08137098119051012,0.007420063125823994,0.4887834424420053,0.36896266245408776,0.01,0.025950037702705923,0.0006552417436118057,1.0,0.3069871543676548
158,0.97,0.06999999999999995,0.2761086425004995,0.08109642281190219,0.00741757258405802,0.48846722824255495,0.3685999409793708,0.01,0.025763357822167137,0.000648676013702461,1.0,0.3070641667129459
159,0.97,0.06999999999999995,0.27716528182113576,0.08080426107865145,0.007417486921029436,0.4881503876038321,0.36823674558537567,0.01,0.025569159738669058,0.0006421645747500495,1.0,0.30708608501419055
160,0.97,0.06999999999999995,0.278214726348935,0.08049501870379451,0.007424364480338161,0.4878361109557993,0.36787673098925816,0.01,0.02536751275568505,0.0006356750546057284,1.0,0.30639700467157494
161,0.97,0.06999999999999995,0.2792645421069961,0.08017108067106253,0.0074201488561779294,0.487522127759374,0.3675172926791284,0.01,0.02515852662993784,0.0006292329821444581,1.0,0.306442329668809
162,0.97,0.06999999999999995,0.28031694350307346,0.07982677516663034,0.007421991948304714,0.4872077766470403,0.36715767338647504,0.01,0.02494226207686825,0.0006229152971660368,1.0,0.30623822168133574
163,0.97,0.06999999999999995,0.28136797858664664,0.07946690200244956,0.0074201479599698,0.4868942379843555,0.3667992227069592,0.01,0.024718645712531215,0.0006166491304270086,1.0,0.30612323229783867
164,0.97,0.06999999999999995,0.28241502245458955,0.07909417859875045,0.0072626897510900115,0.4865822909556124,0.3664428284556591,0.01,0.024487705322610447,0.0006104743459232385,1.0,0.30602165496346134
165,0.97,0.06999999999999995,0.2836138785766589,0.07852457190363742,0.007248701233970865,0.4862256048178404,0.36603560966589627,0.01,0.02424939178262599,0.0006043944119489778,1.0,0.3055129403626362
166,0.97,0.06999999999999995,0.28483171968599164,0.07790804002248336,0.007248695478340762,0.4858638052496192,0.36562286782431136,0.01,0.024003634596796653,0.0005983256017062406,1.0,0.30551786129335023
167,0.97,0.06999999999999995,0.2860498019618926,0.07726754497207072,0.0072483901429498815,0.48550247222314824,0.3652109742914939,0.01,0.023750486474882676,0.0005922951617791909,1.0,0.3055474686882731
168,0.97,0.06999999999999995,0.2872773900280183,0.07660561493378949,0.007257025868244859,0.48513886273177914,0.36479680425015487,0.01,0.02348994445322231,0.00058628505143406,1.0,0.30655788330936096
169,0.97,0.06999999999999995,0.288509313316019,0.0759216338644236,0.00726032262516624,0.48477451627166224,0.3643821148624344,0.01,0.023222023679436175,0.0005803361286043667,1.0,0.3071468833137434
170,0.97,0.06999999999999995,0.28974091149865744,0.07521548409946341,0.0072068225976368,0.4844108125949391,0.3639684762798745,0.01,0.022946657127144714,0.0005744450932593191,1.0,0.3073769938466917
171,0.97,0.06999999999999995,0.29102591106190623,0.07440054376023844,0.007173270798444321,0.4840319202305888,0.3635379024531428,0.01,0.022663766950019076,0.0005686090309676148,1.0,0.3071905186493611
172,0.97,0.06999999999999995,0.29234815329780994,0.0734995158501741,0.007175191148742716,0.48364266480413826,0.36309591162154076,0.01,0.022373263055218546,0.0005628548746248652,1.0,0.30740668259746196
173,0.97,0.06999999999999995,0.2936706960196521,0.07256374622455908,0.0071742533571789386,0.4832539467011112,0.3626548941543701,0.01,0.022074988591566154,0.0005571189159410332,1.0,0.3074627804598735
174,0.97,0.06999999999999995,0.2949956221314948,0.0715889851762553,0.0071327491393247434,0.48286515411348613,0.3622141548323915,0.01,0.02176887940858972,0.0005515323957020404,1.0,0.3075521802326955
175,0.97,0.06999999999999995,0.2963441439580184,0.07049978427793209,0.007146007746258129,0.48247007936416386,0.3617666650498588,0.01,0.021454611942782437,0.0005459940935663823,1.0,0.3057134343604022
176,0.97,0.06999999999999995,0.2976784232162896,0.0693556552108505,0.007165164723506604,0.4820798130128817,0.3613249883819414,0.01,0.02113201581216981,0.0005404279055330537,1.0,0.30376303374927827
177,0.97,0.06999999999999995,0.29899807641776555,0.06816639940340483,0.007144997550154501,0.48169444519703236,0.3608892127983489,0.01,0.02080103950527079,0.0005349522861932581,1.0,0.302354287933269
178,0.96,0.05999999999999994,0.30034443277088174,0.06686281485589457,0.007148559916758311,0.5056383861987265,0.3983541065422666,0.01,0.020461385061366116,0.0005294095500811089,0.0,0.3016193071194284
179,0.96,0.05999999999999994,0.3019324791374811,0.06555876251585044,0.007393042081119274,0.5051283159752694,0.39777750681928925,0.01,0.020113026939053903,0.0005238807245817903,1.0,0.3261706149878081
180,0.96,0.05999999999999994,0.3035550865345188,0.06419329259466867,0.00742098066868985,0.5046082067976341,0.3971900799642125,0.01,0.019755761204448143,0.0005183542150653444,1.0,0.32927914443500095
181,0.96,0.05999999999999994,0.30517860771698163,0.06276541382611178,0.007408233942098639,0.5040888755863665,0.3966040561900538,0.01,0.019389375466306463,0.0005128962023107243,1.0,0.32971313225521914
182,0.96,0.05999999999999994,0.3068037158381185,0.061306842536375,0.007422964977290609,0.5035701061795838,0.39601918884637216,0.01,0.019013485935519985,0.0005074472202287482,1.0,0.3315677398753647
183,0.96,0.05999999999999994,0.30844366592017197,0.0597635993575171,0.007433503831467873,0.5030476802042758,0.395430726062576,0.01,0.0186277833037614,0.0005021003987526457,1.0,0.3326557008308928
184,0.96,0.05999999999999994,0.3100784059173575,0.05812993564889531,0.007427094398833092,0.5025279916657488,0.3948458707592081,0.01,0.018231710403729836,0.0004967011823522342,1.0,0.3320900779521281
185,0.96,0.05999999999999994,0.31170372050497513,0.056432900127122036,0.007377554650909799,0.502012362890891,0.3942661001414495,0.01,0.017824977266537,0.0004912358312077946,1.0,0.3323476937049319
186,0.96,0.05999999999999994,0.31332105664163973,0.05478477968909773,0.007171396222105597,0.5015003145605705,0.39369086316611235,0.01,0.017407274792740627,0.00048581408134841574,1.0,0.336711899406835
187,0.97,0.06999999999999995,0.31469981450975193,0.05363208426310636,0.006734840975662872,0.47715602378197297,0.3557837059438945,0.01,0.01697798513507484,0.0004799296009533351,1.0,0.33762796270511863
188,0.97,0.06999999999999995,0.31561728384410687,0.05319583556576013,0.006753409858510388,0.47689348201932813,0.3554898489747901,0.01,0.016537595594720976,0.00047404661303059227,1.0,0.33563414202551134
189,0.97,0.06999999999999995,0.3165150174704098,0.052730592293824693,0.006769801884956021,0.4766368673064341,0.35520278265919675,0.01,0.01608549612765797,0.0004682258652762482,1.0,0.3335050699425983
190,0.97,0.06999999999999995,0.3174007597198426,0.052250809430899964,0.006759688267127908,0.4763839508106417,0.3549200048157585,0.01,0.015620822800108404,0.0004623350438725469,1.0,0.3328121937203963
191,0.97,0.06999999999999995,0.3182697216610156,0.05177542249372203,0.006560163001598401,0.4761360864891433,0.3546430213584841,0.01,0.015142907499623524,0.0004565552557757675,1.0,0.33282828728159064
192,0.97,0.06999999999999995,0.31893460546013513,0.05152237783563618,0.006566347763475137,0.4759466079068388,0.35443138001293606,0.01,0.014650475839815177,0.00045089278571533724,1.0,0.33218956792486054
193,0.97,0.06999999999999995,0.3195987574558151,0.051259623981829185,0.006316508047669543,0.4757574883713491,0.3542202236466528,0.01,0.014142008859288001,0.00044528077933891794,1.0,0.33214281551184377
194,0.97,0.06999999999999995,0.32001823575284744,0.05119144293488199,0.006316186627327374,0.47563811792362737,0.3540869869076961,0.01,0.013615888298120509,0.0004397480026471406,1.0,0.332456329924846
195,0.97,0.06999999999999995,0.3204386275044884,0.05111710449742461,0.00631295500553149,0.47551854761743645,0.3539535605541731,0.01,0.013070076129427923,0.000434300641724933,1.0,0.33220234035882723
196,0.97,0.06999999999999995,0.3208638916759314,0.051035519102054276,0.006308257879774545,0.4753976526198354,0.35381869003486344,0.01,0.012502064678329051,0.0004289071882901295,1.0,0.3321156622152246
197,0.97,0.06999999999999995,0.32128740775951925,0.05095447087329538,0.0063102731613018945,0.4752773156506308,0.35368447602388736,0.01,0.011908845233874104,0.00042358840601091204,1.0,0.3324925470232465
198,0.97,0.06999999999999995,0.3217061997352281,0.05087024836169726,0.006309210992277193,0.4751583808705497,0.3535518591902716,0.01,0.011286542303949496,0.0004183399471836228,1.0,0.33219750817216265
199,0.97,0.06999999999999995,0.3221241379196444,0.05077897026820468,0.006308650618920632,0.4750397478912788,0.3534196118331089,0.01,0.010630160954673578,0.00041312489553643896,1.0,0.3317119354583764
200,0.97,0.06999999999999995,0.32257157947093246,0.05068549310817944,0.006331592885914441,0.4749128059358244,0.35327813839760625,0.01,0.009933198682092666,0.00040798032064677574,1.0,0.33412122246947407
201,0.97,0.06999999999999995,0.32301844427359233,0.050588978616081096,0.006304512171473778,0.4747860953022023,0.3531369603194553,0.01,0.009186533956587754,0.0004029321365201819,1.0,0.33420155018535946
202,0.97,0.06999999999999995,0.3234958948309933,0.05046962954369077,0.006254046654077438,0.4746507866266309,0.3529862439099999,0.01,0.008376881358703838,0.00039794208641917453,1.0,0.3344988072139521
203,0.97,0.06999999999999995,0.3240219203816975,0.05030262032352404,0.006228586062301991,0.47450180114413176,0.3528203427520141,0.01,0.007483999543078156,0.00039302375244832825,1.0,0.33406296329345353
204,0.97,0.06999999999999995,0.3245837109320079,0.05010444841959213,0.006231310605433045,0.47434278923936213,0.35264333393270975,0.01,0.006473651460296603,0.00038819034831057484,1.0,0.33468302074780687
205,0.97,0.06999999999999995,0.32516996270696974,0.04990031812879041,0.006247098996940124,0.47417696730761383,0.3524588071560067,0.01,0.00527884211361212,0.00038344970258255345,1.0,0.33677881552856603
206,0.98,0.07999999999999996,0.3257626148660111,0.0496835390696774,0.005994648048819753,0.45255778597142904,0.3187493049597321,0.01,0.0037261016474292425,0.00037827000597636735,1.0,0.33688610991496315
207,0.98,0.07999999999999996,0.3261047117013184,0.0496414645925987,0.0036498728933627225,0.4524696937351221,0.3186520580838526,0.01,1.734723475976807e-18,0.0,1.0,0.33693051579186917
208,0.98,0.07999999999999996,0.32413009478249305,0.04500792883600105,0.0036407881255149533,0.45297864373473345,0.31921419538601775,0.01,1.734723475976807e-18,0.0,1.0,0.3374362866457641
209,0.98,0.07999999999999996,0.3221416047952137,0.039665612954959156,0.0036377264719597586,0.45349232783268745,0.31978228995854246,0.01,1.734723475976807e-18,0.0,1.0,0.3374541426711726
210,0.98,0.07999999999999996,0.32015582747553323,0.033383666076202585,0.0030494667131575896,0.45400647515576203,0.320351631038972,0.01,1.734723475976807e-18,0.0,1.0,0.33740444970370054
211,0.98,0.07999999999999996,0.3187723338333189,0.029462727537005566,0.002994258776868873,0.45436537186968695,0.32074949143538334,0.01,1.734723475976807e-18,0.0,1.0,0.33934540836141647
212,0.98,0.07999999999999996,0.31745588023473276,0.025311992863381667,0.002082604056442074,0.45470740474388954,0.3211289913434416,0.01,1.734723475976807e-18,0.0,1.0,0.33864286837394775
213,0.98,0.07999999999999996,0.31704860307029903,0.024631630494674445,0.0019925354105345076,0.4548133253138727,0.3212465808903548,0.01,1.734723475976807e-18,0.0,1.0,0.33860415447946446
214,0.98,0.07999999999999996,0.3166622788634535,0.024089188572433508,0.0020518421455895937,0.4549138422623523,0.32135820048727215,0.01,1.734723475976807e-18,0.0,1.0,0.3317439403989533
215,0.98,0.07999999999999996,0.31624437623158125,0.02349165017612857,0.002073012643236824,0.45502262557808754,0.3214790313208205,0.01,1.734723475976807e-18,0.0,1.0,0.329574945206335
216,0.98,0.07999999999999996,0.31582023826015015,0.022868567586687278,0.002077782086823856,0.4551330852110624,0.3216017579616839,0.01,1.734723475976807e-18,0.0,1.0,0.32887829532490387
217,0.97,0.06999999999999995,0.31539175383150864,0.02222166491655393,0.002082970186094984,0.47695799259294247,0.35556203915326257,0.01,1.734723475976807e-18,0.0,0.0,0.3282191746375538
218,0.97,0.06999999999999995,0.3162718107028289,0.025849906372747374,0.003380032023540242,0.47670636002074734,0.35528050655727045,0.01,1.734723475976807e-18,0.0,1.0,0.4589278057742313
219,0.97,0.06999999999999995,0.31731970577368085,0.029776572522675158,0.0035249527079738445,0.4764070839480699,0.35494586299492076,0.01,1.734723475976807e-18,0.0,1.0,0.47341211649779424
220,0.97,0.06999999999999995,0.3184541374191014,0.033626794831627595,0.0036083690777306107,0.47608351656949377,0.35458429404683445,0.01,1.734723475976807e-18,0.0,1.0,0.4822029369192875
221,0.97,0.06999999999999995,0.3196541501922168,0.037319980190406755,0.0036641664956365344,0.4757417218917011,0.3542026237901917,0.01,1.734723475976807e-18,0.0,1.0,0.4882284498732068
222,0.97,0.06999999999999995,0.3208569822001579,0.04064059998419343,0.0029631235397571737,0.47539961636894057,0.3538208805209893,0.01,1.734723475976807e-18,0.0,1.0,0.4880088047745359
223,0.97,0.06999999999999995,0.3227560823796468,0.04384386656846856,0.0029542321751123745,0.47486048106466383,0.35321983468065776,0.01,1.734723475976807e-18,0.0,1.0,0.4880127241985954
224,0.97,0.06999999999999995,0.3246547371624148,0.04671396789716333,0.0029596785748708943,0.4743226932212266,0.35262096765275236,0.01,1.734723475976807e-18,0.0,1.0,0.4870840200025979
225,0.97,0.06999999999999995,0.3265493749913591,0.049346560671221444,0.0029560474292137226,0.4737872560417108,0.35202538847916326,0.01,1.734723475976807e-18,0.0,1.0,0.4870718352401542
226,0.97,0.06999999999999995,0.32844939992960875,0.051779258441322216,0.0029575799127228297,0.4732515090693881,0.3514301329151505,0.01,1.734723475976807e-18,0.0,1.0,0.48723887798815824
227,0.97,0.06999999999999995,0.3303501609632001,0.054038590471661,0.0029489480269639452,0.47271676549477804,0.3508366575983359,0.01,1.734723475976807e-18,0.0,1.0,0.48732781440294837
228,0.97,0.06999999999999995,0.33225041881472805,0.05610952977404584,0.0029574317676618997,0.4721833700894399,0.35024533967234056,0.01,1.734723475976807e-18,0.0,1.0,0.48633400309168584
229,0.97,0.06999999999999995,0.33414906489634794,0.05804534101950205,0.0029551761154730117,0.47165162794282145,0.34965651068570114,0.01,1.734723475976807e-18,0.0,1.0,0.48632674708305124
230,0.97,0.06999999999999995,0.33607707342240284,0.059925416901806604,0.0029595874031201233,0.47111288658862455,0.34906059807363554,0.01,1.734723475976807e-18,0.0,1.0,0.48903242595120755
231,0.97,0.06999999999999995,0.33802843641573915,0.061673886883467824,0.0029586535462147604,0.47056887107483136,0.3484595317158203,0.01,1.734723475976807e-18,0.0,1.0,0.4890989112882529
232,0.97,0.06999999999999995,0.3399915777105004,0.06333693916089281,0.0029684609853745498,0.4700228382445023,0.3478569225448002,0.01,1.734723475976807e-18,0.0,1.0,0.49011780426008733
233,0.97,0.06999999999999995,0.34195967818835127,0.06490795604414397,0.002972806489901809,0.4694766965803363,0.3472548796246378,0.01,1.734723475976807e-18,0.0,1.0,0.4905657660740145
234,0.97,0.06999999999999995,0.3439276012028859,0.06638364753525404,0.0029692666360481156,0.4689318716927749,0.34665497104447385,0.01,1.734723475976807e-18,0.0,1.0,0.49056577660812906
235,0.97,0.06999999999999995,0.34590337542322785,0.06779713665658607,0.002980274918877227,0.46838614380642934,0.3460547506586246,0.01,1.734723475976807e-18,0.0,1.0,0.4917013532544877
236,0.97,0.06999999999999995,0.3478777855531438,0.06912115867445348,0.0029763156891824496,0.46784206010717594,0.3454570174504802,0.01,1.734723475976807e-18,0.0,1.0,0.4915191875656224
237,0.97,0.06999999999999995,0.3498517853177453,0.07034797727697718,0.0029479852834093144,0.4672993516614705,0.34486146917840305,0.01,1.734723475976807e-18,0.0,1.0,0.4909040216055164
238,0.97,0.06999999999999995,0.35185682012797465,0.07146441001622436,0.0029179527867145066,0.46674939824544187,0.3442586561371201,0.01,1.734723475976807e-18,0.0,1.0,0.4905876500366608
239,0.97,0.06999999999999995,0.35388241856675295,0.07245539186629868,0.002899536875715304,0.4661951173845238,0.3436517968244492,0.01,1.734723475976807e-18,0.0,1.0,0.4893544241499024
240,0.97,0.06999999999999995,0.3559342367047568,0.07333977893843485,0.002902708382060877,0.4656350023288755,0.34303925959602033,0.01,1.734723475976807e-18,0.0,1.0,0.48891999299679256
241,0.97,0.06999999999999995,0.35798235791663763,0.07415368683481574,0.0028992674229079882,0.4650772371467559,0.3424299998759067,0.01,1.734723475976807e-18,0.0,1.0,0.4886707524093875
242,0.97,0.06999999999999995,0.36003030357690485,0.07491860083937069,0.002905040298456855,0.46452085425079453,0.34182295243191835,0.01001465168897964,1.457824646713522e-06,1.4799685838020107e-07,1.0,0.48924309279155853
243,0.97,0.06999999999999995,0.3620672097138393,0.07560183259928445,0.0029119135777528064,0.46396878947044345,0.34122130847230353,0.010043995637675218,4.5998837324084025e-06,4.444003805577574e-07,1.0,0.48813831475544234
244,0.97,0.06999999999999995,0.3640963447629845,0.07622322281294905,0.002913360039871265,0.46342013406791943,0.34062406199161194,0.010088108149701609,9.847823348253214e-06,8.899813101172594e-07,1.0,0.48778552936235364
245,0.97,0.06999999999999995,0.3661257560869251,0.0767919619702632,0.002914495554050283,0.46287270029478905,0.3400288217110534,0.01014674267098997,1.7488663194355077e-05,1.4822492019188912e-06,1.0,0.4880227424852436
246,0.97,0.06999999999999995,0.36815618491173724,0.07730156129940956,0.0028197872514647373,0.46232628485224,0.3394353612855377,0.01021977332239612,2.776915246780658e-05,2.2199325494557545e-06,1.0,0.48799969535324084
247,0.97,0.06999999999999995,0.37027428644780636,0.07763642323367605,0.002824610567346182,0.4617576486570527,0.33881847924467534,0.010306470180752182,4.0859670440333014e-05,3.0956583914361815e-06,1.0,0.48736779739095937
248,0.97,0.06999999999999995,0.37239730862830084,0.07792376907096582,0.0028235852801162843,0.4611890933739355,0.3382024100438984,0.010406618449499614,5.6918362863816556e-05,4.107257065652665e-06,1.0,0.4880142515235206
249,0.98,0.07999999999999996,0.3745128872736895,0.07816188030582145,0.002567243950941631,0.44034077313217523,0.30546472034826305,0.010521062209142054,7.615645557597937e-05,5.263254637798521e-06,1.0,0.4880178555812442
250,0.98,0.07999999999999996,0.3763734110513749,0.07862288946197227,0.0025663410140846763,0.43988757213219554,0.3049796243010677,0.010651728038159317,9.887899836102648e-05,6.5831114965587545e-06,1.0,0.48789376445694954
251,0.98,0.07999999999999996,0.3782773356664878,0.07910393737103924,0.0026108426980768155,0.43942476396859614,0.3044848047791432,0.010795232107284052,0.00012512466452987763,8.032647548323751e-06,1.0,0.4924473300728176
252,0.98,0.07999999999999996,0.3802135473979203,0.07957912528696444,0.0026419247429279643,0.43895510510663904,0.30398323803250343,0.010951980525700112,0.00015498395470830582,9.615964906061735e-06,1.0,0.4955281428041407
253,0.98,0.07999999999999996,0.38215913247140443,0.08001807389537365,0.0026280512669433088,0.43848418275541406,0.3034809048581597,0.011121354344871767,0.00018851718727826207,1.1326811564361276e-05,1.0,0.49646916730036894
254,0.98,0.07999999999999996,0.3840838531875477,0.0804340743434594,0.002630033306039992,0.43801930373750875,0.3029855896169246,0.011303910095014141,0.0002258247133174932,1.3170809040546877e-05,1.0,0.4966972301849809
255,0.98,0.07999999999999996,0.3859959765395859,0.08078569235532516,0.002621920516901519,0.43755844241110936,0.30249511462216394,0.011499734620923829,0.00026700707977882654,1.514883455478615e-05,1.0,0.49546933478852195
256,0.98,0.07999999999999996,0.3878925974656926,0.0811177946652312,0.0026197157256512785,0.4371022745187919,0.30201018231805604,0.011709152165286806,0.00031217564703029527,1.7264163285725306e-05,1.0,0.4959501537165374
257,0.98,0.07999999999999996,0.3898179970713386,0.0814589172244525,0.002655068744544434,0.4366401567572336,0.30151947959697534,0.011932100139365322,0.0003614291858954449,1.9516163023892143e-05,1.0,0.4995271149322509
258,0.98,0.07999999999999996,0.3917841118657355,0.08180979932837383,0.0026967517033236153,0.43616927414313567,0.3010200430871987,0.012168775997064266,0.00041486887490837127,2.1906828253174402e-05,1.0,0.5036756461526345
259,0.98,0.07999999999999996,0.3938035066153494,0.08218566374385208,0.0027438308293875903,0.43568668713834646,0.3005087917628039,0.012417584548139645,0.00047251134946913245,2.4420045940804495e-05,1.0,0.5090255599755836
260,0.98,0.07999999999999996,0.39587007721601003,0.08255919452898214,0.002784064968426202,0.4351939305856311,0.2999873917248328,0.012682413137819695,0.0005345621824412288,2.7095082200198936e-05,1.0,0.5130540647376403
261,0.98,0.07999999999999996,0.39793655549197005,0.08288053161124208,0.0027823678425645043,0.4347023093170486,0.29946782104395503,0.01296136912138836,0.0006011111774391222,2.991281940796323e-05,1.0,0.5130901572648054
262,0.98,0.07999999999999996,0.4000120832005951,0.08315654734596929,0.002788285477873017,0.43420965193140165,0.29894778354197654,0.013253791900745094,0.0006722113623730401,3.286658485601105e-05,1.0,0.5137909925438453
263,0.98,0.07999999999999996,0.4020913453876125,0.08338214487866612,0.0027898701356644418,0.4337172265357917,0.29842861820430583,0.013557108745318576,0.0007478018900115694,3.59303913668543e-05,1.0,0.5140494509995737
264,0.98,0.07999999999999996,0.40418725338970946,0.08357491144895758,0.0028005195252882274,0.4332219880118295,0.2979071183495848,0.013873085058704144,0.0008279144848101935,3.912207130004186e-05,1.0,0.5156124551731536
265,0.98,0.07999999999999996,0.40634795109003535,0.08378871010995821,0.002860775427221197,0.4327126230035551,0.29737140222508146,0.014203105271585135,0.0009126390288765644,4.2455608803890255e-05,1.0,0.5215827103952316
266,0.98,0.07999999999999996,0.4085358114377525,0.08398351140822204,0.002887963086563798,0.4321980736575685,0.2968309111207366,0.014548713267095526,0.001002119333159984,4.594659865753056e-05,1.0,0.524303896065072
267,0.98,0.07999999999999996,0.41073738699494705,0.08414037978746058,0.0028919096898119157,0.43168153249776964,0.2962890114435016,0.014908343634045841,0.0010964179434815695,4.9579228626725666e-05,1.0,0.5257050244077235
268,0.98,0.07999999999999996,0.4129472011286483,0.08427700400139053,0.0029044881975631965,0.43116429851401455,0.2957470699922615,0.015275980479319912,0.0011953521023085139,5.329273211434254e-05,1.0,0.5275392966794827
269,0.98,0.07999999999999996,0.41516199140422544,0.08437764321113665,0.0029131397496746244,0.43064714198474147,0.2952058937659226,0.01565731353099459,0.0012989906122675375,5.714458112115748e-05,1.0,0.5286259108714624
270,0.98,0.07999999999999996,0.4173744770196187,0.08442307343254725,0.0029112597525849386,0.43013176077705473,0.29466725453203413,0.0160517792818997,0.001407372633409855,6.112908365555253e-05,1.0,0.5286255553860106
271,0.98,0.07999999999999996,0.41959486988805955,0.08441585325971383,0.002915179814800461,0.4296157763449255,0.2941286628072753,0.016457842247976445,0.0015204751003147334,6.523072977753986e-05,1.0,0.5292298054934482
272,0.98,0.07999999999999996,0.42181606532239124,0.08435691856253393,0.002917607316565785,0.42910084254170305,0.293591842751534,0.016875314316942138,0.001638271686508482,6.94476193630519e-05,1.0,0.5295262260306268
273,0.98,0.07999999999999996,0.42403702246775743,0.08424057592785524,0.002917030237707697,0.42858719669490614,0.2930570359232917,0.017308660170137758,0.0017609035813072175,7.382485020341169e-05,1.0,0.5295584949964981
274,0.98,0.07999999999999996,0.42625558932863955,0.08406484201974912,0.002899968447842096,0.4280753299011595,0.29252474640634535,0.017754291212301238,0.0018883644883270678,7.832617386162866e-05,1.0,0.5294088663208993
275,0.98,0.07999999999999996,0.42848634860578594,0.08379587705337926,0.0028865250502131006,0.42756188135433965,0.29199147767086775,0.01821396491740922,0.0020207112674807365,8.296934260009314e-05,1.0,0.5287893620750459
276,0.98,0.07999999999999996,0.4307462495289001,0.08344838170052093,0.0028820302842499246,0.4270429797570168,0.2914532214438998,0.0186874672483244,0.0021579859313812125,8.775219442751918e-05,1.0,0.5297531260607007
277,0.98,0.07999999999999996,0.4330061763498312,0.08299963365938667,0.002888809831931608,0.4265253302164074,0.29091693987117334,0.019173667570400253,0.0023001854914801285,9.266330879192175e-05,1.0,0.5283469700263734
278,0.99,0.08999999999999997,0.43528280319189355,0.08248527983370936,0.002650261482748922,0.4085986125826758,0.2627455015410191,0.019670646557330182,0.002447240212121715,9.768329855889072e-05,1.0,0.5292819913256672
279,0.99,0.08999999999999997,0.43737502527357963,0.08234445616331663,0.0026805877694514916,0.4081598193107343,0.26229950589532874,0.0201766906001712,0.0025990283257313848,0.00010279485454718385,1.0,0.5353928231564145
280,0.99,0.08999999999999997,0.4394858815809758,0.08225190233536239,0.0027264257916533156,0.40771807199090976,0.2618510697909788,0.020697568304384573,0.002755631926355781,0.00010805624549883407,1.0,0.5403647751746132
281,0.99,0.08999999999999997,0.4416120529533871,0.08213479134564511,0.0027275458593461616,0.40727408520272845,0.26140092749822186,0.02122854636920663,0.0029169658691258703,0.00011341966029501648,1.0,0.5423302694963505
282,0.99,0.08999999999999997,0.44371971368868235,0.08198800483908553,0.0027165921518008114,0.40683491714645564,0.2609562290922762,0.021778572021897282,0.003083243155027376,0.00011897547496865942,1.0,0.542333813404889
283,0.99,0.08999999999999997,0.4458129567529228,0.08179761594548123,0.00271445258888347,0.4063996896850076,0.26051606772843283,0.02233264052835508,0.003254168822498578,0.0001245721265490412,1.0,0.541980007254941
284,0.99,0.08999999999999997,0.447912767430572,0.08154611104940322,0.0027127710000885434,0.4059640312713688,0.2600760146827708,0.022900416638689833,0.003429782061532268,0.00013030723877464478,1.0,0.5420711457170471
285,0.99,0.08999999999999997,0.45002073339504833,0.08125553687793577,0.00267952795699375,0.405527619324673,0.2596357453299737,0.023476050673729362,0.003609930613737081,0.00013612172397706426,1.0,0.5431442901525656
286,0.99,0.08999999999999997,0.452083847298151,0.08097105452302746,0.002671497018985479,0.40510140069299844,0.2592062847638184,0.024064534348003028,0.003794628651096063,0.0001420660035151821,1.0,0.5430232897171008
287,0.99,0.08999999999999997,0.45415213139584426,0.08066200599016266,0.0026658329995687137,0.4046750123057778,0.25877717167895464,0.024666219076290918,0.003983896088881334,0.0001481436270332416,1.0,0.5444563724744483
288,0.99,0.08999999999999997,0.45624043740441084,0.08026890262276257,0.0026444117705262653,0.404245405985899,0.2583453436640087,0.025276717253383183,0.004177613373973295,0.00015431027528669882,1.0,0.544464742882159
289,0.99,0.08999999999999997,0.45834891411830453,0.07978501821134013,0.0026385443495968047,0.4038125745628368,0.25791080436558195,0.025900331909596827,0.004375797372645188,0.00016060941322825075,1.0,0.5443527413319735
290,0.99,0.08999999999999997,0.4604642474527272,0.0792308903694545,0.0026384546587698418,0.40337926600635593,0.2574763184373753,0.02652611249126275,0.004578132341388225,0.00016693042920467422,1.0,0.5443455271626485
291,0.99,0.08999999999999997,0.46257945816831236,0.07861626808874783,0.002632041651908693,0.40294691140791794,0.2570433190075684,0.027163873798565864,0.004784615301247256,0.0001733724626117764,1.0,0.5443493588401249
292,0.99,0.08999999999999997,0.4647289785413401,0.07795761350082259,0.00265977391427727,0.4025084922874276,0.25660478557026406,0.027806713388741067,0.004995037032360137,0.0001798657918054653,1.0,0.5471416052276308
293,0.99,0.08999999999999997,0.4668799342843296,0.07723373625137414,0.002657584724076931,0.40207073435214247,0.2561674545788923,0.028459931619055773,0.005209354262598941,0.00018646395574803808,1.0,0.5472383898107994
294,0.99,0.08999999999999997,0.46908321104142026,0.07650682079091295,0.002711035494350562,0.4016233142695357,0.25572102853380024,0.029128838610046223,0.0054276741199864535,0.0001932205920206689,1.0,0.5527840056339076
295,0.99,0.08999999999999997,0.4713060796469719,0.07572272172979652,0.0027273841522947265,0.4011729236225338,0.2552722068371453,0.02980449967925912,0.005649836552990819,0.00020004545130564768,1.0,0.5544892009139826
296,0.99,0.08999999999999997,0.47252594112525903,0.07444234460318591,0.0037375912842342665,0.40092618814666114,0.2550265722270871,0.03049134553846383,0.005875813396307922,0.00020698328826731138,1.0,0.45410181004394623
297,0.99,0.08999999999999997,0.47373603159308425,0.07312813476597906,0.0037406738841039445,0.40068172868813706,0.25478337174595705,0.03118940219173385,0.006105573994724367,0.0002140343655730692,1.0,0.45350159380576427
298,0.99,0.08999999999999997,0.4746133514886088,0.07194146439223864,0.004074881190844877,0.40050468104275394,0.25460734038172295,0.031897541556085145,0.006339053458714416,0.00022118728844530447,1.0,0.41992949772462573
299,0.99,0.08999999999999997,0.4753296042296408,0.07086364383769907,0.004218143828743325,0.4003602535437332,0.25446380686921005,0.0326195291853097,0.006576289095573636,0.00022848009278090607,1.0,0.4033372095615817
300,0.99,0.08999999999999997,0.4759905437127926,0.06984441915629518,0.004248868182895353,0.4002270719659623,0.2543315013543662,0.033348071116896826,0.006817112225055509,0.000235839102190877,1.0,0.4002151707846455
301,0.99,0.08999999999999997,0.4763703095244932,0.0691724486189976,0.004529068005123966,0.40015058792459396,0.2542555428290045,0.0340861043768433,0.007061439598695159,0.00024329398360447774,1.0,0.3721781313554202
302,0.99,0.08999999999999997,0.4767462682577247,0.06849923458920873,0.004525508478839407,0.4000748994097747,0.25418039045138363,0.03483543237163022,0.007309236070887363,0.0002508629532487901,1.0,0.37209468053709305
303,0.99,0.08999999999999997,0.4771347926198412,0.06779540859107985,0.004527535362815724,0.3999967112443341,0.2541027729284795,0.03559491430477902,0.0075604328522670995,0.0002585344879270608,1.0,0.3729153995051018
304,0.99,0.08999999999999997,0.4775132286692083,0.06710125054713097,0.0045102927268542425,0.3999205826661101,0.2540272163593589,0.03636387690917211,0.007814942217148613,0.0002663017869613344,1.0,0.3725266256845292
305,0.99,0.08999999999999997,0.4778758338812405,0.06643442280169358,0.004514387844640602,0.39984766589890425,0.2539548626335061,0.03714225936297505,0.008072674684235505,0.00027416423598964696,1.0,0.3730393367317759
306,0.99,0.08999999999999997,0.47823963598206176,0.06575751411310751,0.004516232060685133,0.3997745351641923,0.2538823114911789,0.037931612545044936,0.008333580507927095,0.00028213750045499934,1.0,0.3732663199970905
307,0.99,0.08999999999999997,0.4786516479319642,0.06499549369670019,0.0045602686256460126,0.39969174568308025,0.2538001961531354,0.0387362050593454,0.008597716094232535,0.00029026469756914544,1.0,0.3781317107821125
308,0.99,0.08999999999999997,0.4790690983496947,0.06421655236802334,0.004570690460103557,0.3996078983632809,0.25371705106769776,0.03954720529755454,0.008864903329904682,0.00029845661916721755,1.0,0.3791813284188179
309,0.99,0.08999999999999997,0.4794831214296476,0.06343084402530742,0.004573470104395253,0.39952477418370175,0.2536346424075401,0.040368518728790125,0.009135067538096656,0.0003067527144322235,1.0,0.378856450666468
310,0.99,0.08999999999999997,0.4798965781022587,0.06263312956921273,0.004554938539182563,0.39944179822671716,0.2535523998935826,0.041200235959628656,0.009408134377576,0.00031515389858210763,1.0,0.3787501169648084
311,0.99,0.08999999999999997,0.48023083315854515,0.06196781389681856,0.004608238165316682,0.39937474230586845,0.2534859507052452,0.04203979395086937,0.009683963653532399,0.0003236342823320138,1.0,0.3727709139900619
312,0.99,0.08999999999999997,0.48056576731641515,0.06128842122107674,0.0046142575181917595,0.3993075727271519,0.2534194014390624,0.042889691383473136,0.009962478655326203,0.000332219104883567,1.0,0.3721362841609459
313,0.99,0.08999999999999997,0.48090469786268963,0.0605921846395973,0.004548608132994369,0.39923962468639856,0.25335209367781236,0.043749241607553606,0.010243583495115994,0.00034090143037932935,1.0,0.3724972091069154
314,0.99,0.08999999999999997,0.48124516405825646,0.05984413299529062,0.0045944430214657755,0.3991713920602292,0.25328451694144666,0.044622132457439,0.010527270776324925,0.00034971850967110095,1.0,0.3657905599556279
315,0.99,0.08999999999999997,0.48160772686624653,0.05902841705713622,0.0045878169221555245,0.3990987567029647,0.2532125940278707,0.045500617375526936,0.010813338808847078,0.00035859209470229226,1.0,0.36583122600534423
316,0.99,0.08999999999999997,0.4819771618997498,0.05818091230900703,0.00458125436299152,0.39902477175857487,0.25313934984885045,0.04639056990927171,0.01110173165834658,0.0003675815142350678,1.0,0.36582179867523057
317,1.0,0.09999999999999998,0.4823443082627502,0.05731893259850325,0.0032699347326980484,0.3836456791445765,0.22898413019262495,0.04729252213364688,0.01139240186770807,0.0003766921427641099,1.0,0.3649338109376068
318,1.0,0.09999999999999998,0.4814078802271229,0.05844765711480605,0.0031271759503780057,0.38381908203126847,0.22915209687776195,0.048206630824648586,0.011685300842303988,0.0003859255638853393,1.0,0.3652850022114855
319,1.0,0.09999999999999998,0.48031826106703623,0.0595910481399404,0.0030468121251341373,0.3840210494736216,0.2293478518343897,0.04912616009850764,0.011980215998411432,0.000395213738368764,1.0,0.36445020048913523
320,1.0,0.09999999999999998,0.47914122988282026,0.06069440841106625,0.0029864495499283363,0.3842394582080891,0.2295596868715541,0.050054682066949574,0.012277022634673996,0.0004045927481510058,1.0,0.3644998184976802
321,1.0,0.09999999999999998,0.4779016092621042,0.0617528223715022,0.0029865887983869404,0.3844697497407033,0.22978320987855944,0.0509923610043222,0.012575598790242564,0.0004140642525689111,1.0,0.36426638780160747
322,1.0,0.09999999999999998,0.47652859117855284,0.06302609803517363,0.0031235127575600934,0.38472514571469346,0.23003129515917725,0.051940015756238446,0.01287584003996044,0.0004236365227902873,1.0,0.35070699641940584
323,1.0,0.09999999999999998,0.47515383942687606,0.06424809464149764,0.0031158434968782023,0.3849812043480047,0.230280230975561,0.05289517576086398,0.013177582346748104,0.00043328460364509065,1.0,0.3505375490309155
324,1.0,0.09999999999999998,0.4737697447643584,0.06545570068369565,0.0031345385526119264,0.38523934773345914,0.2305314034639775,0.05385945932733117,0.01348069914414644,0.0004430248416902138,1.0,0.3486745537508331
325,1.0,0.09999999999999998,0.47253553343728316,0.06635072006318948,0.0032841254822462344,0.3854698289829701,0.23075583911530484,0.04694927623362899,0.0136266232028795,0.0005128246709195287,1.0,0.36365070253263365
326,1.0,0.09999999999999998,0.4712989893660421,0.06721183280206089,0.003283896141375584,0.38570102259106526,0.23098113763519862,0.04647098050250606,0.013753074433369504,0.0005176559409308714,1.0,0.3635844708640379
327,1.0,0.09999999999999998,0.4700647287783986,0.06803439935221282,0.0032770625399949327,0.385932065986207,0.2312064592546482,0.04599743498536952,0.013861203667854443,0.0005224392289827557,1.0,0.36390175563861593
328,1.0,0.09999999999999998,0.46884084316366953,0.06882694049152775,0.0032774305195052166,0.38616144075432335,0.23143032135555777,0.045527503341506015,0.013952018951149019,0.0005271860132642052,1.0,0.36394544161876863
329,1.0,0.09999999999999998,0.4676151421800242,0.0695917718224367,0.00325200742892038,0.38639142917293445,0.23165495039611367,0.04506248394579719,0.014026442317098528,0.0005318831788774257,1.0,0.3637566487185111
330,1.0,0.09999999999999998,0.46637041730323375,0.07030705594355906,0.003259449895754816,0.3866252677337182,0.2318835125651918,0.0446015891712337,0.014085291568056765,0.0005365386816507943,1.0,0.3645599382721656
331,1.0,0.09999999999999998,0.4651293203297718,0.07098702299233668,0.003253494165432168,0.3868587067087837,0.23211185805543108,0.044145422646411185,0.014129312915369428,0.0005411464243257691,1.0,0.36498921394205786
332,1.0,0.09999999999999998,0.46387490453654534,0.07163970878486237,0.0032521308037219395,0.3870949374551778,0.23234311147640604,0.04369399168702357,0.014159181626004956,0.0005457063330064521,1.0,0.36467622493744334
333,1.0,0.09999999999999998,0.46261442662264424,0.07226515788683893,0.003253729184726232,0.38733260059231206,0.23257594706546939,0.0432456191047011,0.014175489841989955,0.0005502353489895074,1.0,0.3645179746839038
334,0.99,0.08999999999999997,0.4613581869494295,0.07285781720862711,0.0032465398711544148,0.40319642928849114,0.25729314448897134,0.042801230724438886,0.014178787568048657,0.0005547241205073075,0.0,0.36494180928665254
335,0.99,0.08999999999999997,0.46052325153528406,0.072983607458035,0.0036817301425123186,0.4033671928382448,0.25746422008271236,0.04231513041030589,0.014169072923789054,0.0005596342246904691,1.0,0.40820781183995036
336,0.99,0.08999999999999997,0.4597130825217628,0.07308463636751121,0.003698692853759183,0.4035330294175678,0.2576304387365927,0.04183961686469471,0.014146929791128754,0.0005644373918178548,1.0,0.41050228621349594
337,0.99,0.08999999999999997,0.4589144295002429,0.07317574335607581,0.0037009156989226233,0.40369664226609786,0.25779450490793615,0.041368142613539736,0.014112821771355321,0.0005691997579911374,1.0,0.4110387194535321
338,0.99,0.08999999999999997,0.45811884785928497,0.07325949914360728,0.00368855213958826,0.4038597578714773,0.2579581480216119,0.040900746651372936,0.0140671735621128,0.0005739209293261555,1.0,0.4110294859408756
339,0.99,0.08999999999999997,0.45734378883561383,0.07333489153719534,0.0036924370354347604,0.4040187925977644,0.2581177697491534,0.04043967549214196,0.014010393741880487,0.000578578213762832,1.0,0.41184852178278897
340,0.99,0.08999999999999997,0.4565829866113016,0.07339797685547747,0.003699932067711285,0.4041750238286815,0.25827464756375984,0.03997639816006941,0.01394278227804427,0.0005832577827736659,1.0,0.41283977056557
341,0.99,0.08999999999999997,0.45583558980105576,0.07344794085657545,0.00370517409232801,0.4043286199461433,0.25842894696866864,0.03951239520171808,0.013864630285247408,0.000587796684484491,1.0,0.4139310713847968
342,0.99,0.08999999999999997,0.45509152578262735,0.07348261610284386,0.0037031623905885817,0.4044816471523539,0.25858274156357536,0.03905937789387945,0.013776494704381144,0.0005920762133647239,1.0,0.41483669094870956
343,0.99,0.08999999999999997,0.45454332094378286,0.07343850744711186,0.0038862770828027335,0.4045944673008223,0.2586961701383092,0.01,0.013777096794098317,0.0008851597020703103,1.0,0.4333178308709993
344,0.99,0.08999999999999997,0.4540181865808396,0.07338666069520615,0.003903621012844558,0.4047025985978607,0.258804918579023,0.01,0.013778301041206966,0.0008845674341785087,1.0,0.43527209306802983
345,0.99,0.08999999999999997,0.45349011747614587,0.07333004362581066,0.0039039565069875757,0.40481139249158365,0.2589143670025698,0.01,0.013780303214366296,0.0008838297508309719,1.0,0.43521583201586833
346,0.99,0.08999999999999997,0.4529502237711502,0.07327270519439143,0.003909750539310025,0.4049226830028664,0.2590263619563956,0.01,0.013783295167268401,0.0008829540249889914,1.0,0.4340103248536644
347,0.99,0.08999999999999997,0.4524027910060777,0.07321799841645397,0.00391721871948569,0.4050355900685826,0.2591400197749568,0.01,0.013787456090567385,0.0008819424263147751,1.0,0.4326245208837123
348,0.99,0.08999999999999997,0.45184615110178505,0.07315671344781421,0.0039199526157659105,0.4051504606717613,0.25925569149648375,0.01,0.013792958969074995,0.0008807864287426291,1.0,0.4323502610942469
349,0.99,0.08999999999999997,0.45129523587336706,0.07308964966474966,0.0039245180755730314,0.4052642140785782,0.25937027533193635,0.01,0.013799984081306694,0.000879466571883869,1.0,0.4329263327394466
350,0.99,0.08999999999999997,0.4507390930801535,0.07302060707858965,0.0038850562774718897,0.40537911168418145,0.2594860492166957,0.01,0.013808732234929887,0.0008780170358321038,1.0,0.43227948513559156
351,0.99,0.08999999999999997,0.45014734362388226,0.0729199148345747,0.0038639662429141683,0.4055014370923992,0.25960934899195454,0.01,0.013819353691512541,0.0008764337184743659,1.0,0.43327238444570026
352,0.99,0.08999999999999997,0.44952735054836934,0.07279489794573746,0.0038570513571659715,0.40562968019123474,0.2597386595058193,0.01,0.01383199806723463,0.0008747228718160664,1.0,0.433528835252857
353,0.99,0.08999999999999997,0.44889766139919535,0.07265833741327966,0.0038550364075223293,0.4057600119395783,0.25987012422982636,0.01,0.013846800308908747,0.0008728788743398809,1.0,0.43350025238296563
354,0.99,0.08999999999999997,0.44827329093557305,0.07251302453299745,0.003850309498869109,0.40588932555874,0.2600006099980197,0.01,0.013863895220965474,0.0008709008488256415,1.0,0.4342601838227558
355,0.99,0.08999999999999997,0.44765440224875624,0.07237154018795788,0.0038523185775347613,0.40601758521146164,0.2601300795246361,0.01,0.013883410551296785,0.0008687855200947023,1.0,0.43358046610684076
356,0.99,0.08999999999999997,0.44703619637312586,0.07222023308248318,0.0038217341212816933,0.40614578430779785,0.2602595350010122,0.01,0.013905469120844999,0.0008665335203565355,1.0,0.4341295661535005
357,0.99,0.08999999999999997,0.4463821523817421,0.07203782969690602,0.0037798989610721054,0.40628150341767355,0.2603966355058046,0.01,0.013930183164857616,0.0008641428551272532,1.0,0.4341227157938661
358,0.99,0.08999999999999997,0.44568920970378334,0.07181631764002337,0.0037284721806675417,0.4064253932933911,0.260542047615766,0.010028098684995313,0.013957279799866442,0.0008619134625405859,1.0,0.4343813783567634
359,0.99,0.08999999999999997,0.4449437083816914,0.07154138846533077,0.0036887302074106237,0.40658031084980717,0.26069867046917167,0.010083851469958771,0.013986468904039144,0.0008598015857252668,1.0,0.43447542776638515
360,0.99,0.08999999999999997,0.4441591502414217,0.07121962377453835,0.003689606272229925,0.40674347213212353,0.26086370228507044,0.010166833609970356,0.014017508781017974,0.0008578220519519629,1.0,0.43459825071066116
361,0.99,0.08999999999999997,0.4433750338227956,0.0708872623191628,0.00368333788245718,0.4069066724470881,0.2610288500829354,0.010276871030892077,0.014050136032650633,0.0008559797756041345,1.0,0.43467851540219926
362,0.99,0.08999999999999997,0.442591698821389,0.07053675033325986,0.0036885956455406,0.40706984094409937,0.26119404222495535,0.010414007392280761,0.01408407961464234,0.0008543011848648939,1.0,0.4354574924031862
363,0.99,0.08999999999999997,0.4417825848257126,0.07017556621178547,0.003696236421274589,0.40723851664740746,0.26136489038388305,0.010577437341957176,0.01411905361350392,0.0008527603125041954,1.0,0.4331380514319414
364,0.99,0.08999999999999997,0.44093662076418605,0.06978929089286223,0.003657365180763153,0.4074150240168423,0.26154375877378466,0.010767290684868498,0.014154794325364796,0.000851344485534805,1.0,0.4310160490204955
365,0.99,0.08999999999999997,0.4400301116205699,0.06932305829918492,0.0036307294970968607,0.4076043338025973,0.2617357005854582,0.010983192441202674,0.014191062164446037,0.0008500343215027221,1.0,0.4309317960336181
366,0.99,0.08999999999999997,0.439094270930171,0.06880884187879396,0.003618717786650122,0.4077999536569749,0.2619341487497387,0.01122530966445802,0.014227635903907533,0.0008488473200512576,1.0,0.43071982702519374
367,0.99,0.08999999999999997,0.4381462208495548,0.06825990883123054,0.0036020098780556614,0.40799831720388724,0.26213549303380473,0.011494058351916194,0.014264279483264404,0.000847848449770289,1.0,0.4309000163461014
368,0.99,0.08999999999999997,0.437182423591145,0.06766877537840482,0.0035936557396760178,0.40820017349310067,0.262340499203287,0.011787683358829047,0.01430072977963986,0.00084696250992421,1.0,0.4311595708384963
369,0.99,0.08999999999999997,0.43621390732793325,0.06704325844915279,0.0035998613783259172,0.4084032194291287,0.2625468324048037,0.012105488132120201,0.01433679548625539,0.0008461881566149781,1.0,0.4317742845502881
370,0.99,0.08999999999999997,0.43524927367087196,0.06639753777496916,0.0035976760755194437,0.4086056522745226,0.26275266132365516,0.012449597215763287,0.01437226491412666,0.0008455623598227189,1.0,0.43216218967988485
371,0.99,0.08999999999999997,0.43427655904767,0.06572268822453267,0.0035967409843018225,0.4088099842578987,0.26296054157317333,0.012812606635059334,0.014407004792066696,0.0008450122320482781,1.0,0.43195834317325077
372,0.99,0.08999999999999997,0.4333007121280661,0.06502191171490912,0.0035965848240710053,0.4090151796752768,0.26316942201780247,0.013206676248538168,0.014440759617330785,0.0008446155023541691,1.0,0.4319415340702304
373,0.99,0.08999999999999997,0.43232383042063416,0.0642982080439135,0.0035957927143873926,0.40922079910220366,0.26337885659649846,0.013625873937842762,0.014473387306768415,0.0008443484987899377,1.0,0.4318703242533093
374,0.99,0.08999999999999997,0.4313503366778059,0.06355357994937265,0.0035914458814469905,0.4094259111778779,0.2635878967003906,0.01406238109087767,0.014504805711908396,0.0008441144932134422,1.0,0.43205949203806293
375,0.99,0.08999999999999997,0.43038444119563624,0.06279480989468783,0.003583128283814289,0.4096296256389574,0.2637956334238387,0.014528421729115462,0.014534835073991387,0.0008440391225803373,1.0,0.43219981385808026
376,0.99,0.08999999999999997,0.42940634331476146,0.061996083912767584,0.003571515353011412,0.4098361203583535,0.2640063284742481,0.01501676768630126,0.01456337713330349,0.0008440607956622558,1.0,0.4319433379732378
377,0.99,0.08999999999999997,0.4284423386734428,0.06119442101767846,0.00356210269262732,0.4100398435434738,0.26421431724363004,0.01552838191494854,0.014590328518066215,0.0008442086263866737,1.0,0.43194650589450645
378,0.99,0.08999999999999997,0.42747480335938426,0.0603514842195544,0.003506255442067281,0.41024451661694084,0.2644233975507836,0.016066246850377275,0.014615563387901603,0.0008445300495441253,1.0,0.4325284599198098
379,0.99,0.08999999999999997,0.42644562469997843,0.05937195856805556,0.003456574135863056,0.4104624541529677,0.2646461622288021,0.01662592182549865,0.014639001059822241,0.0008449219411694584,1.0,0.4324749572158293
380,0.99,0.08999999999999997,0.4253625159326279,0.0582614378341262,0.0034409737768179367,0.4106920620703485,0.2648810057394799,0.01720826789553438,0.01466059991932091,0.0008454408099089905,1.0,0.43205389843955877
381,0.99,0.08999999999999997,0.4242549376599803,0.057067849854174964,0.0034458011737818635,0.41092712307385865,0.2651215862318514,0.01781394229918513,0.014680303506569787,0.0008460029185045473,1.0,0.43157244223159164
382,0.99,0.08999999999999997,0.4231438875472105,0.05582620525801415,0.0034456984864458555,0.4111631914026934,0.2653633603293889,0.018439479382080886,0.014698133865486001,0.0008467248233170519,1.0,0.4312288021279085
383,0.99,0.08999999999999997,0.42203806951900946,0.0545417589008582,0.003446489030332924,0.41139841752698886,0.2656044341333011,0.01908790822282898,0.014714041257052652,0.000847539497361631,1.0,0.43139820443483434
384,0.99,0.08999999999999997,0.42094292765535163,0.05320367661088096,0.003447353782665415,0.41163163806177705,0.26584361256149636,0.01975759837960049,0.014728044231944612,0.0008484895591973077,1.0,0.4325569593512695
385,0.99,0.08999999999999997,0.4198328408625791,0.05178146332272371,0.0034503876012563412,0.4118683112732619,0.2660864949773555,0.020456912630533845,0.014740114870946439,0.000849609059971648,1.0,0.43213561087530294
386,0.99,0.08999999999999997,0.41872403078952486,0.050297582851337896,0.0034359794071052506,0.41210498412874164,0.26632954150033833,0.02117092629694909,0.014750338861472343,0.0008507436957103081,1.0,0.4321422824116925
387,0.99,0.08999999999999997,0.4176040371045535,0.04870720873651911,0.0034390738632456693,0.4123443203885106,0.26657549058353774,0.02190429530491815,0.01475878891167317,0.0008519848152141141,1.0,0.4324570039773046
388,0.99,0.08999999999999997,0.4164871227959926,0.047037318882379955,0.003441137565251489,0.4125832756144613,0.26682121624158067,0.02265808987498418,0.014765538658399894,0.0008532997638388857,1.0,0.43277331202606617
389,0.99,0.08999999999999997,0.41536662869028246,0.045279788216264764,0.003445811980360337,0.4128232751563223,0.2670681850841499,0.023432101675014347,0.014770687727741622,0.0008547970488728679,1.0,0.43230333076096517
390,0.99,0.08999999999999997,0.41373057265018276,0.043511114285845115,0.003966615777641283,0.41317420523420745,0.26742961150717837,0.024225693391979143,0.014774343016446574,0.0008563710934149055,1.0,0.38073992315267513
391,0.99,0.08999999999999997,0.4119406496111321,0.041746862648756905,0.004093793775925309,0.41355882348771594,0.2678261514209102,0.025039731285750988,0.014776642161509427,0.0008581003692088108,1.0,0.36535705493505066
392,0.99,0.08999999999999997,0.410119925278956,0.03973237815748466,0.004095724062206711,0.4139507956736231,0.2682307233750776,0.025872927668446163,0.014777742682931016,0.0008599183303439669,1.0,0.3650691720100232
393,0.99,0.08999999999999997,0.4081997437008813,0.037644386126200344,0.004139191983253063,0.41436498519912407,0.26865872147287884,0.02672717922503078,0.014777823477266533,0.0008617904976732008,1.0,0.3552202320033262
394,0.99,0.08999999999999997,0.4062219243153306,0.035106151559082345,0.004124171474610774,0.41479247483427384,0.2691009970474435,0.027600903068201885,0.014777080353393897,0.0008637911317535868,1.0,0.35500206707883786
395,0.99,0.08999999999999997,0.4038860886407577,0.032862479984772576,0.0034545658458440803,0.41529848418643556,0.26962521050583554,0.028494299975167482,0.014775734870521489,0.0008658775059733936,1.0,0.3209056334567042
396,0.99,0.08999999999999997,0.40255031041272665,0.03350275361836354,0.0034523580678408675,0.4155884075223929,0.26992590778880327,0.02940754449188263,0.0147740261200207,0.0008680511207556677,1.0,0.3205239872408403
397,0.99,0.08999999999999997,0.401215442178676,0.034100050552268925,0.0031183895906591284,0.4158785380137004,0.2702270709855076,0.030338787825196258,0.014772210225565267,0.0008703046961997316,1.0,0.3200147704006939
398,0.99,0.08999999999999997,0.4001128593870086,0.03524058808942285,0.0030552710419698387,0.41611848747080865,0.27047633490078626,0.03128739492142519,0.014770562345110871,0.0008725937817250285,1.0,0.3096712185578896
399,0.99,0.08999999999999997,0.39917339910084126,0.03637604607859742,0.0030265639595063246,0.41632315598937175,0.2706890843857423,0.03225193474410456,0.014769358364365178,0.0008749775988067681,1.0,0.3093911809448413
400,0.99,0.08999999999999997,0.398259002051425,0.037471157132369086,0.0027495808854920826,0.4165225577329792,0.2708964797267705,0.033233517604095826,0.014768916638768032,0.0008774376957769176,1.0,0.30877546584302595
401,0.99,0.08999999999999997,0.3973803185028335,0.03906862774584894,0.002995866123153021,0.41671435151420555,0.27109607449862044,0.0342387314057014,0.014769595228344517,0.0008800224008962979,1.0,0.2843097764962659
402,0.99,0.08999999999999997,0.39634396185016696,0.041049933352323834,0.0031476847318178203,0.4169407883734143,0.2713318633905521,0.035258612419218585,0.014771729149586988,0.0008826526946373928,1.0,0.268459015270442
403,0.99,0.08999999999999997,0.3952916223524443,0.04294229913173774,0.003151611920878866,0.41717096932163267,0.27157170872176317,0.03629697560259443,0.014775693125766381,0.0008853739126069154,1.0,0.2676814497328259
404,0.99,0.08999999999999997,0.3941786362347294,0.044914923766677405,0.003211619241813556,0.4174146923687874,0.2718258382227949,0.037364659739476995,0.014781957885623807,0.0008882961518299423,1.0,0.26122801391304495
405,0.99,0.08999999999999997,0.39300575860704656,0.04693747490963512,0.0032646440568058926,0.4176718388998708,0.2720941580287546,0.03844065835164436,0.014790885578802019,0.000891191560214765,1.0,0.255751573963489
406,0.99,0.08999999999999997,0.39179327053510116,0.048954436200940275,0.00325321648484541,0.4179380030590517,0.2723720969593686,0.039530219101220405,0.014802869019183816,0.0008940700272377509,1.0,0.2520175128025548
407,0.99,0.08999999999999997,0.390416769748777,0.05120281053123062,0.0033591383334934566,0.41824058258615626,0.27268832158900896,0.04064559398243725,0.014818383852760146,0.0008971445185812631,1.0,0.24048163214969276
408,0.99,0.08999999999999997,0.3889866287367181,0.05344482543042955,0.003399436587881364,0.41855541761136333,0.2730176477230184,0.04176135101153583,0.014837761576806436,0.0009001186963374548,1.0,0.23616722721294003
409,0.99,0.08999999999999997,0.38744684766327575,0.05587725411895644,0.0035123916402960004,0.418894919410106,0.2733731116785677,0.0428893585952659,0.01486140583988521,0.0009031115281848442,1.0,0.22487834332223144
410,0.99,0.08999999999999997,0.38588252674184714,0.05823864162229782,0.003477857453685309,0.41924039638764543,0.27373518986124834,0.04403874260043956,0.014889822073815022,0.0009062410838811365,1.0,0.2223180248219434
411,0.99,0.08999999999999997,0.38431783677440867,0.060622997373899264,0.003532215814762163,0.4195865253939081,0.2740983142088317,0.04520118092780616,0.014923464062886199,0.0009093980626161147,1.0,0.21630191724621883
412,0.99,0.08999999999999997,0.3827547463918119,0.06288967680739585,0.003533364768287276,0.41993287168195,0.2744620305411449,0.0463822800275045,0.01496283545866556,0.0009126460310566992,1.0,0.21582724590126312
413,0.99,0.08999999999999997,0.38101788048910284,0.06549348819299423,0.0036375059593375023,0.4203183940662136,0.2748673166697377,0.047578306193334766,0.015008410177315828,0.0009159100241470515,1.0,0.19881061883600326
414,0.99,0.08999999999999997,0.3793335857225593,0.06798190660353585,0.003651736964236578,0.42069292418182064,0.2752614804540158,0.04879409998995818,0.01506069158939478,0.0009193171845362987,1.0,0.19736108330127844
415,0.99,0.08999999999999997,0.3776295800648327,0.07039187249269857,0.0036711409615949957,0.42107251716710664,0.27566140910766435,0.050027426773102644,0.015120246542185335,0.0009227856112979119,1.0,0.1954306602326814
416,0.99,0.08999999999999997,0.37592536843054075,0.07268281104923051,0.0036624746711810528,0.42145284179650777,0.27606255012227665,0.05127164094236284,0.01518747911414712,0.0009262428026603866,1.0,0.195400635246038
417,0.99,0.08999999999999997,0.374144144586245,0.07507363685454548,0.003745686968798542,0.42185108805302685,0.2764830681427549,0.05254016030490881,0.015262987902295641,0.0009298227084335611,1.0,0.18681142650802784
418,0.99,0.08999999999999997,0.3723600380227029,0.07734845082780763,0.0037378901771511594,0.4222507340061151,0.2769055529261933,0.05381770332532644,0.0153471235197472,0.0009334390089038499,1.0,0.18687434585728724
419,0.99,0.08999999999999997,0.37058384688766305,0.07951862833290364,0.003737825943450105,0.42264935977380524,0.2773274478438242,0.05511564819963032,0.01544050372938863,0.0009371705534075057,1.0,0.1868310869851466
420,0.99,0.08999999999999997,0.3687911949266935,0.08162825397531115,0.0037515939625243646,0.4230524436681617,0.2777545582039177,0.05643007481792116,0.01554363080081187,0.0009409760855379928,1.0,0.1852346224007222
421,0.99,0.08999999999999997,0.36696266174667586,0.08373009729143281,0.003653231954632182,0.4234643884339384,0.2781915749599462,0.05776345446893632,0.015657041799051166,0.0009448722966400019,1.0,0.18141306979984662
422,0.98,0.07999999999999996,0.3652679373642917,0.0857330969911228,0.003653323512514596,0.44260665070195904,0.307898232076425,0.05911174547363358,0.01578117502142322,0.0009488433168427466,0.0,0.18123455818099732
423,0.98,0.07999999999999996,0.3636577360436424,0.08748876374823515,0.0037181706186246947,0.44300368725957484,0.3083260492549508,0.06026439824680976,0.015912262334640596,0.0009507460361024334,1.0,0.18951741696597946
424,0.98,0.07999999999999996,0.3620131095239922,0.0892823728549709,0.0036204874509313824,0.44340994823268465,0.30876424194997826,0.06143396537544908,0.01605056834142005,0.0008927600162533138,1.0,0.1842119017858168
425,0.98,0.07999999999999996,0.360222771997086,0.0910099112830263,0.003623909838684928,0.4438530511394478,0.3092426758710819,0.06262271133785925,0.01630444506290709,0.0008999362812158112,1.0,0.1846169498420136
426,0.98,0.07999999999999996,0.3583929073218583,0.09274693047194879,0.003661300361171454,0.44430685296294886,0.30973320724863346,0.06382794123038085,0.0165831319133709,0.0009073270324823269,1.0,0.18059800334126952
427,0.98,0.07999999999999996,0.3565598955295758,0.09441626361464178,0.0036608850792415166,0.4447623665598215,0.31022614496863177,0.06504031979693736,0.016885710825178292,0.0009148264963479128,1.0,0.18060057641035843
428,0.98,0.07999999999999996,0.3546717548546178,0.09612223145884942,0.003714222547798407,0.44523255758679114,0.31073555127279734,0.06626784514759669,0.017211377512914898,0.0009225285767009484,1.0,0.17513137412296875
429,0.98,0.07999999999999996,0.352733659505686,0.09785772194423821,0.003758474777535513,0.44571622356320467,0.311260177830457,0.06751095420695982,0.01755927227887214,0.0009304297310928639,1.0,0.16994711382534078
430,0.98,0.07999999999999996,0.35071506826476173,0.09965834259032229,0.0038273336055730136,0.4462210963558308,0.3118084806714106,0.0687690500245229,0.017928493116486227,0.0009385300269791322,1.0,0.16270081417973592
431,0.98,0.07999999999999996,0.34866521789831717,0.10143595165577125,0.0038514108568611406,0.44673495922817563,0.3123672546985103,0.0700509131923648,0.018318301673439286,0.0009469182311049329,1.0,0.16000417729759686
432,0.98,0.07999999999999996,0.3465291682950389,0.10330808177825593,0.003940043810744416,0.4472716915225174,0.31295166077416303,0.07135253364454083,0.01872785710638449,0.0009555368964569893,1.0,0.15107126460961307
433,0.98,0.07999999999999996,0.344350937777209,0.10518515274164612,0.003979968124945898,0.4478203525590771,0.31354986343753827,0.07266579909046081,0.019156147405676647,0.0009643134324737343,1.0,0.14669492290091757
434,0.99,0.08999999999999997,0.3421515841179153,0.10701505331225598,0.003559993145050401,0.429134359621089,0.28426027751589183,0.07398785804245335,0.019602097892035077,0.0009727574591187802,1.0,0.14500644335727397
435,0.99,0.08999999999999997,0.33950569221260385,0.10860819495995391,0.003550835040756634,0.429747986363926,0.284923113427984,0.07533403226072509,0.020065242858998748,0.0009815520113678768,1.0,0.1436186213088113
436,0.99,0.08999999999999997,0.3368304555759266,0.11011088433446616,0.003551881157150629,0.43037020539901655,0.28559645087245933,0.07668347758565233,0.020544321831376545,0.0009904204060524452,1.0,0.14297862254576965
437,0.99,0.08999999999999997,0.33414974189799984,0.11152569654305561,0.0035519017366683484,0.43099550825689686,0.2862743667013758,0.07804703709486117,0.02103838907436473,0.0009994725630932738,1.0,0.14296735166085894
438,0.99,0.08999999999999997,0.33145766437109386,0.11287838316819511,0.0035552005504933294,0.43162529314418857,0.2869584028407718,0.0794233983986266,0.021546499957535464,0.0010087179180885714,1.0,0.14182173325027247
439,0.98,0.07999999999999996,0.3287368879241768,0.11417941192183119,0.0035659036553055043,0.45179303602992726,0.3179057970520179,0.08081596904145787,0.022067809612325462,0.0010181047192073462,0.0,0.13977087709108615
440,0.97,0.06999999999999995,0.32605353807956056,0.11531877325549254,0.0036026976774633634,0.4739272660128162,0.3521810603039479,0.08203465673379162,0.02259740983452087,0.001025727797328381,0.0,0.14450478610394102
441,0.96,0.05999999999999994,0.32341977627009677,0.11628523512692089,0.0036546621700953383,0.4983265363006453,0.3901366770801401,0.08307737985022788,0.02313058942127508,0.0010316844216576497,0.0,0.1505548904384193
442,0.96,0.05999999999999994,0.3208224728434107,0.11711205531864276,0.00351395831069534,0.49913896118166545,0.3910446387945149,0.0839391496154671,0.02366279221074204,0.0007468600971259304,1.0,0.15510634828010916
443,0.96,0.05999999999999994,0.31803845459122504,0.11771227738052097,0.0034961409413079595,0.5000127362679697,0.39202257657403816,0.08481651072522255,0.02407203206364987,0.0007557223305578034,1.0,0.15491600565242925
444,0.96,0.05999999999999994,0.3152343078126322,0.11822504076204496,0.0034961644705153055,0.5008959266907168,0.39301254185083456,0.08571131489886911,0.024469760120500048,0.0007647607565542335,1.0,0.15485741520874052
445,0.96,0.05999999999999994,0.3124322822335382,0.11866786022659497,0.00348556196279338,0.5017815710160385,0.3940067651011992,0.08662172068216231,0.024856349565589714,0.0007739567745672962,1.0,0.1550132741064738
446,0.95,0.04999999999999993,0.30953463970791706,0.11920032938807462,0.0035803235571870403,0.529309147134677,0.43658696262106444,0.08755710597431858,0.02523231160892442,0.0007834051108517029,0.0,0.1442460722915493
447,0.94,0.039999999999999925,0.30676727444848106,0.11952247463030402,0.0036951484345517,0.5599809635296478,0.4837149252092037,0.0883118852981629,0.02559403627727358,0.000791029144425888,0.0,0.15588799494011596
448,0.93,0.030000000000000027,0.3040616454460039,0.11971124592779167,0.0037489190836548494,0.5943986738338801,0.5359034596388914,0.08889199546890203,0.02593826277810468,0.0007968888431202224,0.0,0.16178736084652745
449,0.92,0.020000000000000018,0.30154850381902254,0.11961749113195538,0.0039426358674016174,0.6332271526783183,0.5936220656631218,0.0893040487872625,0.026262085312716472,0.0008010509978511364,0.0,0.18161217004131247
450,0.92,0.020000000000000018,0.2994089146013509,0.11917268709163019,0.0043033984332299016,0.6343078773758346,0.5947823982317971,0.08954630795480929,0.026562784564062376,0.0008034980601495889,1.0,0.21832056336842132
451,0.92,0.020000000000000018,0.2972597751275828,0.11867606355814388,0.004301190583667384,0.6353971460335125,0.5959524855770674,0.08980803923757441,0.026841298289711317,0.0008061418104805496,1.0,0.2183584370688889
452,0.92,0.020000000000000018,0.2949083906626175,0.11828160482887667,0.004502599325512474,0.636593214253598,0.5972379694379393,0.09008723953393916,0.027098415912897446,0.0008089620154943349,1.0,0.19839038875633364
453,0.92,0.020000000000000018,0.29245820898381686,0.11792253048384056,0.004595007131710866,0.6378443373434549,0.5985833783172474,0.09038440820291407,0.027334838444078604,0.0008119637192213543,1.0,0.1884820845029027
454,0.92,0.020000000000000018,0.2899354536071039,0.1175598782799136,0.0046537719866152445,0.6391376671892274,0.5999749861870347,0.09069800726613403,0.027551152640064785,0.0008151313865266064,1.0,0.18198464615145427
455,0.92,0.020000000000000018,0.28741874101430187,0.11715096646074911,0.004648987534879388,0.6404331357306597,0.6013697229996904,0.09102650677302765,0.02774784199616047,0.0008184495633639156,1.0,0.18190920682664435
456,0.92,0.020000000000000018,0.28488434413114266,0.11669016931749607,0.0046612347937625125,0.64174302510388,0.6027808287261047,0.09137051639582518,0.02792533128219478,0.0008219244080386381,1.0,0.1806898778375805
457,0.92,0.020000000000000018,0.2823111440806449,0.11620701242109598,0.004697886354677639,0.6430784630590746,0.6042203306675316,0.09173677910886721,0.02808409125625916,0.0008253402063017363,1.0,0.1768027107440857
458,0.92,0.020000000000000018,0.27973956240086106,0.11565741601847726,0.004701183831694573,0.6444186254135136,0.605665812560297,0.09211935826629486,0.028224794867447577,0.0008286414827912736,1.0,0.17722321037838396
459,0.92,0.020000000000000018,0.27716763960620205,0.1150459229212767,0.004700548629450375,0.6457645640596963,0.607118420239367,0.09251659931064479,0.028348052236488657,0.0008318158151583276,1.0,0.17728314830048442
460,0.92,0.020000000000000018,0.27456624818249187,0.11439599466017636,0.004728263531160553,0.6471316556139551,0.608594776849545,0.09292955789191946,0.028454459229799712,0.0008348756248588626,1.0,0.17445910833963874
461,0.92,0.020000000000000018,0.27195917151720933,0.1136858905406935,0.004725326990399992,0.6485075545301217,0.6100815813778507,0.09336047269173733,0.02854462120717461,0.0008378430838328946,1.0,0.17397084887394731
462,0.92,0.020000000000000018,0.2693442811973081,0.11289972914913068,0.004701922419588336,0.6498934667686601,0.6115801571791862,0.09380835678346684,0.02861910748036562,0.000840716357995047,1.0,0.17396846041305647
463,0.92,0.020000000000000018,0.2667539374659524,0.11208060801955463,0.004681853889001251,0.6512722219756142,0.6130719419267764,0.0942767929994887,0.028678512920456343,0.0008435303264103051,1.0,0.17410367829638096
464,0.92,0.020000000000000018,0.26418204404510953,0.11122941313825495,0.00468380053923662,0.652646956633302,0.6145603186216371,0.09476268911734755,0.028723369797079134,0.0008462575421832816,1.0,0.17382670693620206
465,0.92,0.020000000000000018,0.26161117854423327,0.11031285315267084,0.004681846700866589,0.6540269543334932,0.6160553404590188,0.09526594635435079,0.028754190701771893,0.0008488953200999269,1.0,0.17384524594599338
466,0.92,0.020000000000000018,0.25904490122962587,0.10932958584195267,0.004682520037205508,0.6554103217766352,0.6175549661374476,0.09578275858764944,0.02877142382214325,0.000851401012482154,1.0,0.17409209556445404
467,0.92,0.020000000000000018,0.25647296768476124,0.10827662648644178,0.004683791544401709,0.6568026221488353,0.6190652400439178,0.0963208997890736,0.028775631334606717,0.0008538708730327732,1.0,0.17370666185963524
468,0.92,0.020000000000000018,0.2538967527767295,0.1071485829244251,0.004679285161699889,0.6582031830140539,0.620585451625897,0.09686282613552885,0.028767085364341822,0.0008561347273071581,1.0,0.17353808003532367
469,0.92,0.020000000000000018,0.2512375839381601,0.10599458833286947,0.004752949547683539,0.6596551203420706,0.6221624645320523,0.09742004143649069,0.028746215499432314,0.0008582873153608828,1.0,0.16585740069334554
470,0.92,0.020000000000000018,0.24854336982430783,0.10477868906712966,0.004782371526391126,0.6611327403094949,0.6237684560978171,0.09799170050022174,0.028713467795895876,0.0008603948875268929,1.0,0.16274077829466038
471,0.92,0.020000000000000018,0.24584851471989494,0.10348421274600375,0.004784908258307038,0.6626173487596234,0.6253831452908127,0.09858108192462169,0.028669219156998264,0.0008623677341018538,1.0,0.16247283273196467
472,0.92,0.020000000000000018,0.24303237572909192,0.10220561586810806,0.004906867732298057,0.6641759142366512,0.6270794613470746,0.09919037398309526,0.02861406277631935,0.0008642878792449746,1.0,0.15032763498993273
473,0.92,0.020000000000000018,0.24016589541526487,0.10088033317078808,0.004956526058909976,0.6657698883956207,0.628815577469442,0.09981472933852799,0.02854843257131404,0.0008661853358348518,1.0,0.14522229287059907
474,0.91,0.010000000000000009,0.23724242431596776,0.09950363056938913,0.005010764331053705,0.7151315822610208,0.6969165154917799,0.10044777073782032,0.028472548282308822,0.00086787221220914,0.0,0.13971238210835257
475,0.91,0.010000000000000009,0.23447191690491023,0.09788057075596517,0.0051640998336712355,0.7169178217770827,0.6987916926153086,0.10092231966891177,0.02838447616745846,0.000867732848309197,1.0,0.15514907275233059
476,0.91,0.010000000000000009,0.23168106234178343,0.09617419689512463,0.0051872111788278845,0.7187262243444842,0.7006908715659188,0.10141310099520465,0.028284693980777452,0.0008675224149520818,1.0,0.1528578816605537
477,0.91,0.010000000000000009,0.22887539595642423,0.09436643855153096,0.005196262292733542,0.7205534440087651,0.7026105640027194,0.10192033652723023,0.028173694803554233,0.0008672130270389188,1.0,0.15137986735859021
478,0.91,0.010000000000000009,0.2260096319738075,0.09247069379425307,0.005250548181586818,0.7224294191684845,0.7045822660775083,0.10244302396340267,0.028052006977853396,0.000866839415534384,1.0,0.14595206165813535
479,0.91,0.010000000000000009,0.22310415144648948,0.09048097666937596,0.005286953215908402,0.7243413920916644,0.706592623447781,0.10298152600570164,0.02792009107610777,0.000866396546567346,1.0,0.14192690448402812
480,0.91,0.010000000000000009,0.2201567597641862,0.0884031577580394,0.0053286776408258555,0.7262913132361201,0.7086437355407622,0.10354042136354116,0.02777848607652916,0.0008659240309530913,1.0,0.13731473020923302
481,0.91,0.010000000000000009,0.21967754481490068,0.08737978164474598,0.007813451145776576,0.7266093426046287,0.7089783508245309,0.03861244241605017,0.027498059451653265,0.0015154436457469824,1.0,0.3836509473030374
482,0.91,0.010000000000000009,0.21919924264790527,0.08634525993943701,0.007814289121208356,0.7269270440526701,0.7093126440025241,0.03817069037463631,0.02722855112904629,0.0015133560013092632,1.0,0.38339858542836525
483,0.91,0.010000000000000009,0.21872765323176271,0.08530755890413802,0.007811076216923265,0.7272405588255589,0.7096425543154214,0.03772509916680873,0.02697088811625275,0.0015110923755623546,1.0,0.3842392628205764
484,0.91,0.010000000000000009,0.21823631791023865,0.08420899865130523,0.007815060935567174,0.7275674885468207,0.7099866048854522,0.03728933109464187,0.026725821884641947,0.0015084302929485518,1.0,0.3834234271988628
485,0.91,0.010000000000000009,0.21774919767731618,0.08310389541438035,0.007814995166353084,0.7278919038883739,0.7103280333841633,0.03686101602597565,0.02649425382058784,0.0015055444485268445,1.0,0.3834235875830574
486,0.91,0.010000000000000009,0.21724648472518454,0.0819494989787569,0.007827498992806737,0.7282270072517009,0.7106807354979975,0.036440092727471105,0.026276804614091674,0.0015023884312595263,1.0,0.38187098719853374
487,0.91,0.010000000000000009,0.216755411842371,0.08079744047749672,0.007839240613500158,0.7285546495096131,0.7110256093193754,0.03602049884915874,0.026074215583490337,0.001499012666696358,1.0,0.383349715695944
488,0.91,0.010000000000000009,0.21625127579610612,0.07959637384726624,0.007844493411795684,0.7288913143026465,0.7113800055865007,0.03560735995089344,0.02588715467794279,0.0014953674858704498,1.0,0.3823597073995859
489,0.91,0.010000000000000009,0.2157481695812336,0.07837886792329334,0.007327357962478337,0.7292276017043583,0.711734030282128,0.03519799733189162,0.025716277370963228,0.001491486383870824,1.0,0.3819927092737132
490,0.91,0.010000000000000009,0.2157609231520176,0.0784058129710811,0.007172203444697853,0.729219073100222,0.7117250515240372,0.034796742637717766,0.025562128157915226,0.0014873168566021573,1.0,0.3820152802310697
491,0.91,0.010000000000000009,0.21591492311778715,0.07871400757781352,0.007182004917364881,0.7291161055507684,0.7116166504792424,0.03440008370908587,0.02542525482711604,0.0014829073873691948,1.0,0.38075705151200645
492,0.91,0.010000000000000009,0.21606885094453473,0.07901998893655493,0.007085501450905553,0.7290132152889703,0.7115083332056822,0.034006417598852076,0.02530614558698693,0.001478255009123227,1.0,0.38046195468478294
493,0.91,0.010000000000000009,0.21631964303491444,0.07949956951827032,0.007084939316753982,0.7288456400534338,0.7113319242551327,0.033616323526218954,0.025205247656200837,0.0014733698599258733,1.0,0.3802994410413001
494,0.91,0.010000000000000009,0.21657751749672957,0.0799893135930354,0.006745481120763201,0.7286734128061545,0.7111506247074526,0.03323011229637843,0.02512290774189672,0.001468246772278146,1.0,0.3807895132603465
495,0.91,0.010000000000000009,0.2171781807693308,0.08098976024496422,0.006743469012082563,0.7282725617877344,0.7107286844073868,0.032848157218186194,0.02505939475352633,0.0014628802122930661,1.0,0.38097196071682715
496,0.91,0.010000000000000009,0.21778160135202676,0.08197628170159775,0.006739395258206283,0.7278703145068107,0.7103053110590019,0.032471590902615956,0.025014883783793,0.0014572774141340414,1.0,0.38086604551043246
497,0.91,0.010000000000000009,0.21838908714380645,0.08295092535135015,0.006635952269205943,0.7274658059075215,0.7098795946702178,0.03209858375795988,0.02498946320753672,0.0014514632732090633,1.0,0.38076334957866176
498,0.91,0.010000000000000009,0.2190954107901992,0.08401902099357604,0.006637767711311456,0.7269960487321349,0.7093852554297565,0.03173104716773778,0.024983100123870346,0.0014454329375276766,1.0,0.3803035831971677
499,0.91,0.010000000000000009,0.2198060114023261,0.08507358413499015,0.006633039871498824,0.7265240588704697,0.7088886171082146,0.03136783996976837,0.024995671529408413,0.0014391867187193749,1.0,0.38045124215753257
500,0.91,0.010000000000000009,0.22051689778783345,0.08610481781646095,0.006391842380761596,0.7260524920290845,0.708392474382152,0.03100901934643347,0.025026984317658315,0.001432657494696439,1.0,0.37986410439375806
501,0.91,0.010000000000000009,0.22147884008365598,0.08734058479698029,0.006238197334892267,0.7254153608909587,0.7077222190461935,0.03065229690018503,0.02507688057049546,0.0014259589233098858,1.0,0.3805040060785183
502,0.91,0.010000000000000009,0.22261248848432172,0.08866863292361266,0.006243674948234513,0.7246659361673873,0.7069339498801511,0.030289360597750427,0.025145117968429238,0.0014191364295630048,1.0,0.3818238553370168
503,0.91,0.010000000000000009,0.22376664145099756,0.08998907852167658,0.006191346213321533,0.7239045454724695,0.7061332249552265,0.029932207967220455,0.025231246798578508,0.0014119593436402512,1.0,0.3830967464004127
504,0.91,0.010000000000000009,0.22498391758381073,0.09130131586975929,0.00613745408459928,0.7231032443291662,0.7052906697191275,0.029587635460779277,0.025334762126494225,0.0014045712011581688,1.0,0.3829556271943597
505,0.91,0.010000000000000009,0.22625696691422237,0.09259974391661684,0.006100755283077648,0.7222671246748963,0.7044116585434553,0.02925007064818982,0.025454910583713117,0.0013969752826027484,1.0,0.3830565070046523
506,0.91,0.010000000000000009,0.22757168026756538,0.09388059804722695,0.005988598318222515,0.7214056678549524,0.7035061761423907,0.028916412254208768,0.02559098478983293,0.001389079156469054,1.0,0.38348884813685613
507,0.91,0.010000000000000009,0.22897251535823637,0.09509998776608741,0.005974550863508487,0.7204900387586993,0.7025439372488622,0.028586656531736844,0.025742342467056555,0.0013811397493314107,1.0,0.3805651412167921
508,0.91,0.010000000000000009,0.23039737358831336,0.0962574799094303,0.005879835783765521,0.7195610887393583,0.7015678933719982,0.02825970200232126,0.025908037940080404,0.0013730483043383353,1.0,0.3786530502206371
509,0.91,0.010000000000000009,0.2319245165471399,0.09736287864554045,0.005864685203113644,0.7185681090967618,0.7005247898822017,0.027936225652886285,0.02608719721961424,0.001364705802765217,1.0,0.37759263920488495
510,0.91,0.010000000000000009,0.23347525193478164,0.09842666878856306,0.005805947506578718,0.7175625896674345,0.6994687410347065,0.027617445297327303,0.02627896498427328,0.0013561840050701909,1.0,0.37739156358611803
511,0.91,0.010000000000000009,0.23509146032821956,0.09945299684278222,0.005806518432426589,0.7165176070770367,0.6983714883319325,0.027306730630979652,0.026482318717958073,0.0013473922431171536,1.0,0.37792275659001295
512,0.91,0.010000000000000009,0.23671465382184387,0.10044501202464903,0.005636894307259106,0.715471167061465,0.6972729528141005,0.026999653576555708,0.026696311211441105,0.0013384129591635545,1.0,0.378146595263692
513,0.91,0.010000000000000009,0.23847554729203554,0.10130490778216981,0.005655046770630768,0.7143394056825326,0.6960851270341254,0.026696282138046243,0.026919931154920553,0.001329196571707858,1.0,0.3748999658551726
514,0.91,0.010000000000000009,0.240217374807374,0.1020775101462843,0.005669447861049461,0.7132234154603302,0.694914137163883,0.026398774402079,0.027152139147028423,0.0013197438540596032,1.0,0.371543834835125
515,0.91,0.010000000000000009,0.24192660465774918,0.1027421125937272,0.005721570735577582,0.7121316950771134,0.6937688855187708,0.0261029154114625,0.02739191239190731,0.0013101645088207776,1.0,0.36635364527019765
516,0.91,0.010000000000000009,0.2436031180638059,0.10333536616373498,0.005668161247501582,0.7110641133083513,0.6926492164358239,0.025814193228957387,0.027638091148053174,0.0013002675676082435,1.0,0.36305197585171145
517,0.91,0.010000000000000009,0.24536360638983892,0.10385118331370954,0.005669462231250315,0.7099464974048857,0.6914773477634585,0.025528622702414468,0.0278896230690439,0.0012902476434276907,1.0,0.36286025911132747
518,0.91,0.010000000000000009,0.2471174401139311,0.10432844646051166,0.005675111544105651,0.7088365939338954,0.6903138449225835,0.025246782604746356,0.028145356632946136,0.0012799839588152084,1.0,0.36225771826650854
519,0.91,0.010000000000000009,0.24886950002962893,0.1047715410604143,0.005661214323167765,0.7077312727030053,0.6891554218343942,0.024971137383806786,0.028404140764222364,0.0012694912174278218,1.0,0.36203707855493494
520,0.91,0.010000000000000009,0.25062070926771585,0.10515610534247676,0.005639597956952071,0.7066299274237551,0.6880014397831916,0.024699435641751092,0.02866482405742281,0.0012587671981454033,1.0,0.360355546209413
521,0.91,0.010000000000000009,0.25235942387846966,0.10543448934873333,0.005689017186399925,0.7055398260023,0.6868595082772575,0.024431290749744584,0.028926251144997556,0.001247856631350547,1.0,0.35528453087522616
522,0.92,0.020000000000000018,0.25408209346389543,0.10566538561881869,0.005623362190103638,0.658102223059427,0.6204758338039441,0.024162257913838307,0.0291873014906767,0.0012389311774387301,1.0,0.35350151672357644
523,0.92,0.020000000000000018,0.2557032598103839,0.10590572887492282,0.005588634411604583,0.6572204495498304,0.6195186600508017,0.02389731982341793,0.029446600366557878,0.001229793510386013,1.0,0.3516340516148202
524,0.92,0.020000000000000018,0.257360688053657,0.10607072916892421,0.005601505900953016,0.6563213921808535,0.618543124615762,0.02363776551239518,0.029703184686613378,0.0012204077361295748,1.0,0.3499547261131286
525,0.92,0.020000000000000018,0.2590138738895112,0.10621229245473023,0.0055611043472656736,0.6554270830592097,0.6175731418942657,0.023381784358006544,0.02995609930727279,0.0012108193650373223,1.0,0.34993553342743144
526,0.92,0.020000000000000018,0.26071478635377227,0.1063048033870679,0.005568691653031941,0.654509495872624,0.616578326363288,0.02313029078390102,0.030204358007955488,0.001201113456022666,1.0,0.3506892497673808
527,0.92,0.020000000000000018,0.26241226781930843,0.1063672380924275,0.005516886850163452,0.6535963174705386,0.6155887076971049,0.0228828163235273,0.030446974646987056,0.0011912139520803874,1.0,0.35034872296397146
528,0.92,0.020000000000000018,0.2641709372253718,0.10636348882186236,0.005471082117514107,0.6526529060632948,0.6145667619052027,0.022635694613061533,0.03068299075054383,0.0011811534738086968,1.0,0.3509983147293143
529,0.92,0.020000000000000018,0.26598250565022674,0.10628594537055419,0.005398954258280891,0.6516839611370518,0.6135176186619832,0.022394566392158782,0.030911355601372335,0.001170881073842431,1.0,0.3511039563108307
530,0.92,0.020000000000000018,0.2678671332333942,0.10610861145894705,0.005372317685589027,0.6506789881229322,0.6124299591857362,0.022157940230531165,0.031131017161132084,0.0011603231242847106,1.0,0.35116357249647523
531,0.92,0.020000000000000018,0.26977872871972025,0.10586983649443951,0.005282087794131946,0.6496627960149266,0.61133066850635,0.021926448782033998,0.031340862117975876,0.0011495137404091667,1.0,0.35116372593020806
532,0.92,0.020000000000000018,0.2717732311570199,0.10549276555119713,0.005244369368696986,0.6486059091241967,0.6101878999440403,0.02169862188596471,0.031539768386273176,0.001138549714653099,1.0,0.35052150833957363
533,0.92,0.020000000000000018,0.2738111293863372,0.105024186490113,0.005227685358224994,0.6475295726881235,0.6090246717823626,0.021480667391202524,0.03172653871670606,0.001127397144378045,1.0,0.3504847458326572
534,0.92,0.020000000000000018,0.27584354893253704,0.10447703870621793,0.0052362563259719325,0.646459681879819,0.607868979617666,0.02126587931098887,0.031900042643392745,0.0011159690015693773,1.0,0.3482483979772477
535,0.92,0.020000000000000018,0.27782035554424317,0.10382463131709689,0.0052999847778383334,0.6454224526658869,0.606749110540108,0.02105514624696997,0.03205902509098063,0.0011044668575197981,1.0,0.3412992824794323
536,0.92,0.020000000000000018,0.2797417988428404,0.10308673566599866,0.005362258102980083,0.6444174574801663,0.6056645524551352,0.020849451700995624,0.03220228850869409,0.001092771251830561,1.0,0.3351229524054884
537,0.92,0.020000000000000018,0.28164008524564,0.10229538874767442,0.005374190851001164,0.6434276430269749,0.6045968660241487,0.020644647745730015,0.032328580631269664,0.0010809373392194515,1.0,0.332795991940815
538,0.92,0.020000000000000018,0.283556248132462,0.10144956099329425,0.005359960283652408,0.6424315863135268,0.6035229358781106,0.020444733548418654,0.03243655971371276,0.0010688903044162202,1.0,0.3334380219324746
539,0.93,0.030000000000000027,0.2854923121965701,0.10053031437367317,0.005312756540397085,0.6027652426091183,0.5451118102924846,0.02024945384602278,0.03252480225703808,0.001058552849972403,1.0,0.3333772835018969
540,0.94,0.039999999999999925,0.28738209264398823,0.09963447652090661,0.005252710510188748,0.5677311274831447,0.49237655396098007,0.02005977862319208,0.032593423186794805,0.001049936204582448,1.0,0.3334828308457498
541,0.95,0.04999999999999993,0.28920821620820664,0.09877975579619211,0.00520992390558055,0.5365688842586114,0.4447704792524839,0.019874717148077314,0.032642840145529824,0.0010431007673084637,1.0,0.33316724686027155
542,0.95,0.04999999999999993,0.29098839669909343,0.09794755899170972,0.005208434075922024,0.5359251321167386,0.44404153239691313,0.019693580509895142,0.03267378017576602,0.0010360681968885315,1.0,0.33312439736878563
543,0.95,0.04999999999999993,0.2927502654496257,0.0970646943700948,0.005228261613492195,0.5352895210358147,0.44332243264991494,0.019516774236559925,0.03268526550307133,0.0010288156928449828,1.0,0.33110288070564997
544,0.95,0.04999999999999993,0.294515347892437,0.09614159600414005,0.005229341612345648,0.5346542605966167,0.4426043529220194,0.01934404961696475,0.032676236943002424,0.0010213643679591441,1.0,0.33136565948987506
545,0.95,0.04999999999999993,0.29627897428044886,0.09517917225324747,0.005120685567930057,0.5340210283526644,0.44188918516776626,0.019175220541739715,0.03264558239152248,0.0010136213758689294,1.0,0.3313759129076561
546,0.96,0.05999999999999994,0.2981498915629619,0.0940038599178388,0.005003475363043506,0.5063449563826735,0.3991536736139603,0.019009926661567166,0.03259200648045056,0.0010076669774480025,1.0,0.331337800542858
547,0.97,0.06999999999999995,0.29990539517350606,0.0929641900564989,0.0049449015200662815,0.4814298453562175,0.3605902074910295,0.018848955856772848,0.03251654800855195,0.0010034332464788631,1.0,0.3314383559945242
548,0.98,0.07999999999999996,0.3015707692712125,0.091961284554524,0.0047761012794861595,0.45887554413090087,0.3257800832938416,0.01869204864630063,0.03242041414765707,0.0010008560130658505,1.0,0.32832477061717125
549,0.99,0.08999999999999997,0.3030354767604295,0.09120230684807251,0.004407752373698755,0.43838843534533967,0.29438486551795745,0.018539205811120448,0.03230494410032682,0.0009999528177894199,1.0,0.32808291896301545
550,0.99,0.08999999999999997,0.30404477900259363,0.09081687773170306,0.00449658325933225,0.4381446414237054,0.2941145672095792,0.018390461829071066,0.032171693879741226,0.0009988115319236044,1.0,0.31925078758483183
551,0.99,0.08999999999999997,0.3050250967076858,0.09041485974251975,0.004323780549172312,0.43790810807563985,0.29385250593089984,0.0182449738117442,0.032019879211298334,0.0009974609028424138,1.0,0.3163902075781104
552,0.99,0.08999999999999997,0.3062047404507393,0.08978323511044377,0.004224054693242939,0.4376238192112139,0.2935377786815353,0.01810380033997301,0.03184866627729047,0.0009958851937797498,1.0,0.3163547630616874
553,0.99,0.08999999999999997,0.30748312125540084,0.08900467420485973,0.004158773478507457,0.43731615161927445,0.2931974688181924,0.01796678002781042,0.03165714406423173,0.0009941015700316955,1.0,0.3163201649690517
554,0.99,0.08999999999999997,0.3088236494031477,0.08810940987962743,0.004160867061518601,0.4369939913626849,0.2928414616065483,0.01783351844536073,0.031444346909756,0.0009921294697847873,1.0,0.3160374609261385
555,0.99,0.08999999999999997,0.31016665520185144,0.08718335413172074,0.004150291271435911,0.43667171128973314,0.29248566228886114,0.017703910303369638,0.031209245402653907,0.0009899637982614896,1.0,0.31620978669701594
556,0.99,0.08999999999999997,0.3115221744547001,0.08620804208812764,0.004111350355596896,0.43634691003729387,0.2921274234439595,0.017578175352197155,0.030950702915212024,0.0009875342249092722,1.0,0.3162418031224483
557,0.99,0.08999999999999997,0.31291921268660805,0.08513888597002252,0.004109776933153883,0.4360126654807836,0.2917591290154569,0.017455971479888456,0.030667367894815407,0.0009849041715242323,1.0,0.31650653393488826
558,0.99,0.08999999999999997,0.3143224786235265,0.08404011614858743,0.004119709581772497,0.435677446031542,0.2913901264848532,0.01733747171024791,0.030357847797257368,0.0009820886030928245,1.0,0.3175498040702316
559,0.99,0.08999999999999997,0.31572783133939136,0.08290410449134211,0.004093897216680465,0.435342244287887,0.29102150950729333,0.017221535997788102,0.03002064221121603,0.0009790883720946944,1.0,0.317818419886966
560,0.99,0.08999999999999997,0.3171618489423771,0.08167931875650698,0.00408939407815068,0.4350007367228314,0.290646333984425,0.017108510446816102,0.02965406509672804,0.0009758773695810996,1.0,0.3178608686382087
561,0.99,0.08999999999999997,0.31859055710483997,0.08040170586302517,0.004099664937313153,0.43466102599559103,0.2902735082751038,0.017000415679272966,0.029256180919032673,0.0009724451541852781,1.0,0.31684166512023304
562,0.99,0.08999999999999997,0.32001530204105644,0.0790777783010204,0.004102326484810175,0.4343227855959219,0.28990266807064063,0.01689659771388931,0.028824847772455312,0.0009687621415525688,1.0,0.31644295403470335
563,0.99,0.08999999999999997,0.3213548410511231,0.0777176203197097,0.004184229549168532,0.43400525322377315,0.2895548689131784,0.016797303728662758,0.02835758145360623,0.0009648570695057779,1.0,0.3080575793030471
564,0.99,0.08999999999999997,0.3226502387195438,0.0763147480049324,0.004231427190734003,0.4336986256652151,0.2892193234551691,0.01670165616010706,0.027851636491504256,0.0009607398001275199,1.0,0.3033664737782742
565,0.99,0.08999999999999997,0.32393541554350663,0.07486638480965645,0.004239070582830371,0.4333948452897604,0.2888871931107852,0.016611604336596933,0.027303865935337287,0.0009564290889175349,1.0,0.3023629283422731
566,0.99,0.08999999999999997,0.3252183475444231,0.07337195330094974,0.004235403245547647,0.43309201967824656,0.2885564028470669,0.016525139879437652,0.026710749694693756,0.0009518666975613238,1.0,0.30238529565610217
567,0.99,0.08999999999999997,0.32650621139664054,0.07181498048259706,0.004234788797072503,0.43278845527472576,0.2882251020001425,0.016442791233692876,0.02606801045296105,0.0009472244985642482,1.0,0.3024930470813745
568,0.99,0.08999999999999997,0.3277909012008599,0.07019793861409682,0.00416211513325564,0.43248606271376044,0.2878953747488573,0.016363782898948652,0.025371062693104414,0.0009423941251681106,1.0,0.3020070604572658
569,0.99,0.08999999999999997,0.3291393979051858,0.0683450283119118,0.004143765304292366,0.4321691054092783,0.2875500814519635,0.016287609142445456,0.024614157686427548,0.0009373892230749001,1.0,0.30070707112594475
570,0.99,0.08999999999999997,0.3305192828620463,0.06633494673091263,0.00414128305471725,0.4318452510203076,0.28719760730512034,0.016215488407514144,0.023790371494915117,0.0009321643676257218,1.0,0.3007292739807039
571,0.99,0.08999999999999997,0.3319035996008587,0.06422447415642361,0.004020374316237187,0.4315208438546267,0.2868448683306042,0.016148058449067467,0.022891103902946783,0.0009266910130799956,1.0,0.30090450661320967
572,0.98,0.07999999999999996,0.3334082086621418,0.06166443376567822,0.003969976572556751,0.450597142009246,0.31658997874063277,0.016084973440378673,0.02190551185566329,0.0009210216156381376,0.0,0.30078854111823916
573,0.98,0.07999999999999996,0.33522406956239637,0.058698392046214125,0.004177147592916044,0.4501339747570629,0.31608142208898105,0.01598857882846082,0.020820073447915168,0.0009156009410181934,1.0,0.32680838289605574
574,0.99,0.08999999999999997,0.33712523668963246,0.05531663086791814,0.004051733666571836,0.430301555514562,0.2855221006508786,0.015895483516534553,0.01961676640399564,0.000911747874157939,1.0,0.3298290948319571
575,0.99,0.08999999999999997,0.3366284802552286,0.05714153690462369,0.006294809165846817,0.4304172549213878,0.28564741580896674,0.10411847928425129,0.01973620428904501,0.0017979318584147458,1.0,0.10547342931195702
576,0.99,0.08999999999999997,0.336152994317297,0.05884129936988541,0.006281537722842833,0.43052805851696696,0.28576746820707494,0.10470485673296573,0.019859302597527665,0.001798731271714633,1.0,0.10530928786738802
577,0.99,0.08999999999999997,0.3356921296134996,0.06044531882315634,0.006226871916661925,0.4306355093504676,0.2858839253275104,0.10530941747621647,0.01998613433377456,0.0017995582748164343,1.0,0.10529339697884299
578,0.99,0.08999999999999997,0.3352860665426759,0.06183893006406779,0.006186742628003595,0.43073022761345786,0.2859866131657521,0.10592772616989488,0.02011663946266785,0.0018003644026081457,1.0,0.10534575457577544
579,0.99,0.08999999999999997,0.334906650650898,0.06312711014100779,0.006153896819869706,0.43081876781861933,0.2860826289836057,0.10656149329504752,0.020250810248964052,0.001801120683086056,1.0,0.10398531530623534
580,0.99,0.08999999999999997,0.33452564961269404,0.06442024919024347,0.0037138409797040357,0.4309077145687051,0.28617911084037456,0.10720952344909002,0.020388426222045532,0.001151828271031021,1.0,0.09921462638883227
581,0.99,0.08999999999999997,0.3316796330895093,0.06835368960663868,0.00371296188404339,0.43157329614660045,0.2869018786714548,0.10787196138125071,0.021822952335153984,0.0011540574214426052,1.0,0.09904929498456405
582,0.99,0.08999999999999997,0.328836333276252,0.07196160738036406,0.0037046652348096615,0.43224029873252046,0.2876276113829576,0.10854944735768735,0.02317231685893446,0.0011563997928426967,1.0,0.09906860410263607
583,0.99,0.08999999999999997,0.32598096252945746,0.07529437028233824,0.003700125642282406,0.432912211105431,0.2883601294959526,0.10924785110533147,0.02445044173354252,0.001159052678453578,1.0,0.09870218814112075
584,0.99,0.08999999999999997,0.32313398618012,0.07838743316709595,0.0037003624477349997,0.4335842311334275,0.28909421821941145,0.1099601814539677,0.025667530260908775,0.0011619215196653964,1.0,0.09872579226512213
585,0.99,0.08999999999999997,0.3202870989845088,0.08126306783373298,0.0036847712898792737,0.4342583196481618,0.28983203090958815,0.11068682622173993,0.02683147931659819,0.0011650096153145652,1.0,0.09873486802192888
586,0.99,0.08999999999999997,0.31745115191122664,0.08396788602262993,0.003674466841941856,0.4349319049125408,0.29057076219113276,0.11142860737306799,0.027948551019459106,0.0011682640322137135,1.0,0.09827627987032295
587,0.99,0.08999999999999997,0.31452858023689495,0.08666614347763289,0.0037370297036710496,0.43562825481629525,0.2913360086435229,0.11218508309298825,0.02902377943497556,0.0011717320809172989,1.0,0.09109254826277469
588,0.99,0.08999999999999997,0.311590296445354,0.08925874676803984,0.003759193561160039,0.43633059981244443,0.29210944321030574,0.11295545506638853,0.030061251581516568,0.001175378640052637,1.0,0.08853132824549204
589,0.99,0.08999999999999997,0.30865743644119015,0.09168275816988486,0.0037607370930234606,0.43703391044347384,0.29288555621443074,0.11374442592304065,0.03106446979698071,0.0011792949649261548,1.0,0.08870670885732723
590,0.99,0.08999999999999997,0.30566914330178097,0.09408165791383703,0.003803792788458947,0.43775284996445774,0.2936805916288114,0.11454819549014764,0.03203627733075864,0.0011834071935976202,1.0,0.08318596629015085
591,0.99,0.08999999999999997,0.30266390856487857,0.09640620790297387,0.0038306341181676136,0.4384782548642934,0.29448449927970133,0.11536245493619887,0.032978975990066516,0.0011876556111311298,1.0,0.08023357782176932
592,0.99,0.08999999999999997,0.29964063731284446,0.09863378968136731,0.003850192044399125,0.4392104433160864,0.2952976848655499,0.11618991317335964,0.033894583279013776,0.0011920734309748431,1.0,0.07813482948136685
593,0.99,0.08999999999999997,0.29661017200127127,0.10074197404172823,0.0038541500987258025,0.4399468321795057,0.2961173250689901,0.11702935342187572,0.03478479937536795,0.001196651501870556,1.0,0.07725290988397937
594,0.98,0.07999999999999996,0.29357385451417906,0.10271542282612833,0.0038532682590931466,0.4610029291953695,0.32817290503232466,0.11788086469074527,0.03565108952058326,0.0012013944936955792,0.0,0.07715776455113166
595,0.98,0.07999999999999996,0.29061274096908113,0.10440746047785314,0.00393000488989627,0.4617956744449814,0.3290678655659276,0.11858470802518153,0.03649131265188774,0.0012047003221689735,1.0,0.08486060620703562
596,0.98,0.07999999999999996,0.2876506974556943,0.10599455574991623,0.003930976769729766,0.46259140107443464,0.3299680041244361,0.11930412702760354,0.03730691252207054,0.001208199431843377,1.0,0.08466169417174885
597,0.98,0.07999999999999996,0.28465170735051964,0.10754886437009942,0.003964689787195069,0.4633998517360265,0.33088440138894293,0.1200378698048018,0.03809912084954701,0.0012118984842370754,1.0,0.08086433906118984
598,0.97,0.06999999999999995,0.2816443719674781,0.10902663083130402,0.003976271961011304,0.4868118529249925,0.3667050762142016,0.12078856829192598,0.0388690733184315,0.0012158125376628812,0.0,0.07957004489301767
599,0.96,0.05999999999999994,0.27856453775266216,0.11053162973452163,0.00404208091508511,0.5127393534854411,0.4064342127702466,0.1213922406082798,0.039614573186114777,0.0012182857870873148,0.0,0.07246782067593638
600,0.96,0.05999999999999994,0.27555360919754573,0.11182456367795815,0.004099288253685326,0.513736738337115,0.40757709692571803,0.12185456714088848,0.04033371483551246,0.0012193524950303476,1.0,0.07877124888211795
601,0.96,0.05999999999999994,0.2725247507956047,0.11303626673633393,0.004097603746000537,0.5147439851855155,0.4087332903223224,0.12233274504793239,0.04102766177309947,0.0012205165516425628,1.0,0.0776181658844135
602,0.96,0.05999999999999994,0.2694725705104426,0.11415892912240104,0.004094971907618821,0.5157629910443013,0.409905040921728,0.12282627841122122,0.04169739939932859,0.0012218941348017432,1.0,0.07660582682080763
603,0.96,0.05999999999999994,0.26640436439958654,0.11518242618512149,0.004096876678325381,0.5167914217726387,0.4110897348238538,0.12333258095368432,0.04234379316453574,0.0012235277715292375,1.0,0.07627613531480515
604,0.96,0.05999999999999994,0.2632826420433541,0.1162070558655306,0.004151339950379846,0.5178420084545909,0.41230214124593473,0.1238642102814959,0.042967861680773364,0.0012254880191577438,1.0,0.07078339157112046
605,0.95,0.04999999999999993,0.26015635701037265,0.11714425936779749,0.00415056264464665,0.5472976065929933,0.4570141549880269,0.12439430908067166,0.04357004018255643,0.001227472265674862,0.0,0.07042800370650304
606,0.94,0.039999999999999925,0.25704877621046496,0.11795039179391671,0.004144290498379174,0.580298340377643,0.5065703937465834,0.12477579813007132,0.04414823052811516,0.0012279948245327178,0.0,0.07273076814608692
607,0.93,0.030000000000000027,0.25400715680196445,0.11864572808233606,0.0041620717228690795,0.6175025394914114,0.5614698500482702,0.12501798836042669,0.0447006487540445,0.0012271386194917056,0.0,0.07640320036674253
608,0.92,0.020000000000000018,0.25102999690790473,0.11921456247011927,0.004197157070668776,0.6597687348853403,0.6222859107897235,0.1251237232236149,0.0452256934862126,0.001224939210539718,0.0,0.08093706081466467
609,0.92,0.020000000000000018,0.2482065000455162,0.11952679522500212,0.004339629964937466,0.6613179595397107,0.6239698438243937,0.12509356580323572,0.04572190982143128,0.0012220238273560836,1.0,0.09524295296603191
610,0.92,0.020000000000000018,0.24538090561981069,0.11977904653114142,0.004338414196721009,0.6628756359424525,0.6256641763720118,0.12507863394368043,0.04619027870524294,0.0012190361222369688,1.0,0.09483212101556626
611,0.92,0.020000000000000018,0.2425057793624763,0.12001349767686484,0.004380819767279743,0.6644681680609431,0.6273976812085484,0.12507863394368043,0.046631698195404095,0.001215934333808444,1.0,0.09041013085657257
612,0.92,0.020000000000000018,0.2395945881236098,0.12021861471237409,0.004382193808401065,0.6660884921493588,0.6291627457161455,0.12509351262978413,0.047046951838725336,0.0012130202656023253,1.0,0.08702747137704225
613,0.92,0.020000000000000018,0.23671436773561166,0.12039255785606665,0.004349804043771136,0.667699373900423,0.6309188332059038,0.12512323046866802,0.04743674235994038,0.0012103153171469378,1.0,0.08687792705535768
614,0.91,0.010000000000000009,0.23382246827926653,0.12059223285938812,0.004343075238617764,0.7173378349952476,0.6992327232629313,0.12516779577340098,0.04780171393435334,0.001207776997087508,0.0,0.08235388920061415
615,0.9,0.0,0.231092640736412,0.12065096764841275,0.00442100788877578,0.7748271650528384,0.7748271650528384,0.12507716299919372,0.04814037528188022,0.0012057760939733883,0.0,0.09337089098474394
616,0.89,-0.010000000000000009,0.22842347423247517,0.1206546047728945,0.004446994936582867,0.7208486318990445,0.7029207618323108,0.12485662058379171,0.04845146436115259,0.0012051192443659044,0.0,0.0961353254580295
617,0.89,-0.010000000000000009,0.225825399990976,0.12052895562380744,0.00451078249879061,0.7225503546142916,0.704709399953829,0.12450425752319727,0.048733781976468334,0.0012058315975267764,1.0,0.10305283496141504
618,0.89,-0.010000000000000009,0.2232277985207094,0.12035963347032815,0.0045141625392956155,0.7242598190640779,0.7065068359892418,0.12416676541987581,0.048988089970634134,0.0012064563135104319,1.0,0.10249757123984593
619,0.89,-0.010000000000000009,0.22062676473603343,0.12014207594874558,0.004502873032295466,0.7259796663437484,0.7083158578563377,0.12384322830928735,0.049215082492530385,0.0012069799030915709,1.0,0.10193370008733882
620,0.89,-0.010000000000000009,0.2180393345927695,0.11989089277765612,0.004454894778458425,0.7276986418816433,0.7101246333543247,0.12353358432541155,0.04941536800731434,0.0012073990858377254,1.0,0.101612531883019
621,0.89,-0.010000000000000009,0.2154835776272856,0.11966182729368036,0.004456113802746663,0.7294045854014697,0.711920359202556,0.1232369474751379,0.04958947793331105,0.0012076779142656787,1.0,0.09970883432683375
622,0.89,-0.010000000000000009,0.21289952620071412,0.1194433625706158,0.004483841026500728,0.731137566326132,0.7137452222186146,0.12295112457753576,0.0497378223216041,0.0012078888719139794,1.0,0.09509637406642502
623,0.89,-0.010000000000000009,0.21032042412673457,0.1192041141949889,0.004480742080519574,0.7328754585912197,0.7155759423869684,0.1226842789844218,0.04986088855956149,0.0012079625212280318,1.0,0.09372384421686775
624,0.89,-0.010000000000000009,0.20775870571926616,0.11892809187195405,0.004481144590254149,0.7346098349622737,0.7174036435500498,0.12243334676977043,0.049959084760308865,0.0012079115218367464,1.0,0.09378288536628787
625,0.89,-0.010000000000000009,0.2051975123880656,0.11859602761917441,0.0044738678084474265,0.7363520817060041,0.7192403276256719,0.12219727921316662,0.050032740719907313,0.0012077557034781432,1.0,0.0938162003073717
626,0.89,-0.010000000000000009,0.20261946888779175,0.11820674359739596,0.004479835220204635,0.7381141564916511,0.7210986173445528,0.12197747498111439,0.05008216044823732,0.0012074762062223704,1.0,0.0928848997399987
627,0.89,-0.010000000000000009,0.20002879224097,0.11777879995175608,0.004489474105991129,0.7398933817265037,0.7229757115562523,0.12177259875508202,0.05010758259387834,0.0012070494841573867,1.0,0.09128105828179289
628,0.89,-0.010000000000000009,0.19742151653483261,0.11729278816511837,0.0044986122129072655,0.7416926881903297,0.7248747253207234,0.1215831691958513,0.05010916933483704,0.0012065272754536289,1.0,0.090270744115579
629,0.89,-0.010000000000000009,0.19480412592527102,0.11675327332798,0.004507160016697798,0.7435077988518919,0.7267911670895181,0.1214087016432027,0.05008708793950866,0.0012058994107164672,1.0,0.08936489535467174
630,0.89,-0.010000000000000009,0.19218765282628975,0.11615013335179286,0.004508687428919473,0.7453311744172143,0.7287170920445261,0.12124850808745342,0.050041442380695654,0.0012051792299816399,1.0,0.08951626259835033
631,0.89,-0.010000000000000009,0.1895702710353801,0.11548536433796874,0.0045031167033484825,0.7471641531774107,0.7306539253500658,0.12110304162455675,0.04997230597912213,0.0012043473064142398,1.0,0.08942554683924397
632,0.89,-0.010000000000000009,0.18695473331546636,0.11477013562188745,0.004507369713289178,0.7490048687974357,0.7325997062663404,0.120972572027771,0.049879697216796734,0.0012034636205760939,1.0,0.08896773634819866
633,0.89,-0.010000000000000009,0.18433951498859413,0.11399099956589935,0.0044848290602321735,0.7508544499557224,0.7345556388346532,0.12085702255114843,0.0497636609059679,0.0012024612104388104,1.0,0.08896291314543259
634,0.89,-0.010000000000000009,0.18174538820772707,0.11318024128721885,0.0044159207547480595,0.7526981609819687,0.7365061424399901,0.12075574780188716,0.04962412240124927,0.0012013555708958038,1.0,0.0888357198905445
635,0.89,-0.010000000000000009,0.17922296513307662,0.1124043654281091,0.004355768482524777,0.754499613622157,0.7384126913291563,0.12066905418620119,0.04946097635551029,0.0012001535412969316,1.0,0.08905697501438348
636,0.89,-0.010000000000000009,0.17676387465948523,0.1116542094593847,0.004333848983204502,0.7562641559793712,0.7402808970273203,0.12059540960279325,0.04927407277010431,0.0011988286991569549,1.0,0.08921390504634963
637,0.89,-0.010000000000000009,0.1743072807293723,0.11089408417754973,0.00434834672184257,0.7580351670962983,0.7421566688220903,0.12053625077796051,0.04906317844070912,0.001197406927717777,1.0,0.08713659892952119
638,0.89,-0.010000000000000009,0.17183787494210562,0.11006943121655516,0.004354189320763152,0.7598237939506082,0.7440518281788275,0.12049336904180427,0.048828074089553454,0.0011958675543214169,1.0,0.08649744320580588
639,0.89,-0.010000000000000009,0.1693698389263696,0.10918305045878454,0.004353893274082682,0.7616198823057844,0.7459556318867063,0.12046518726642985,0.04856847551592632,0.0011942363073774143,1.0,0.08657368192829229
640,0.89,-0.010000000000000009,0.16689980778095762,0.1082322245763316,0.004351654704772172,0.7634259443228144,0.7478707539817098,0.12045127560015591,0.04828405693646683,0.0011925075214295271,1.0,0.08647971630455453
641,0.89,-0.010000000000000009,0.16441613019690363,0.1072333986860179,0.004368193880107498,0.765250641822692,0.749806397597641,0.12045127560015591,0.047974423593118674,0.001190677858417586,1.0,0.08479948845487129
642,0.89,-0.010000000000000009,0.1619321863164838,0.1061682899976506,0.0043484763292482315,0.7670842798481402,0.7517522960583772,0.12046501076605833,0.04763911240078391,0.0011890306755142242,1.0,0.08473000932680308
643,0.89,-0.010000000000000009,0.1594683827322654,0.10506693845698027,0.004345897624791287,0.7689117517394741,0.75369242003786,0.12049235460362107,0.04727760271837032,0.001187562182766422,1.0,0.0847225222838155
644,0.89,-0.010000000000000009,0.15700152363116607,0.1038913991729752,0.0043462261044488176,0.7707502344524119,0.7556450088672539,0.1205333132804951,0.04688930336107328,0.0011862705625810585,1.0,0.08467974937993894
645,0.88,-0.020000000000000018,0.1544995050806666,0.10266740716796244,0.0043812521565441045,0.717210522198295,0.6855372112012673,0.12058776954309514,0.046473546356503075,0.0011851509906863865,0.0,0.08117405785770737
646,0.87,-0.030000000000000027,0.15207877631583122,0.10131423515493691,0.004461962366139583,0.6705799169573986,0.6218848728163491,0.12051963845562157,0.046028689483204724,0.0011842132157639546,0.0,0.08926492405932596
647,0.87,-0.030000000000000027,0.14972330751618423,0.09984436664465786,0.004497446877181436,0.6719145657451585,0.6234350879656848,0.12032250547979625,0.04555306285881759,0.0011846195366261073,1.0,0.0958914760298224
648,0.87,-0.030000000000000027,0.14739899243121185,0.09835388666297906,0.004495021972494105,0.6732367802978154,0.6249723944651329,0.12014561474246543,0.04504590965211043,0.001184862444728639,1.0,0.09589326211993243
649,0.87,-0.030000000000000027,0.1450640359533656,0.09679596564892594,0.00441900035192198,0.6745702982947174,0.6265243918840753,0.11998332585931842,0.04450632241238747,0.0011849992619114432,1.0,0.09458727117838928
650,0.87,-0.030000000000000027,0.14281440108274557,0.09532455419789565,0.004393135611001137,0.6758600945057339,0.6280269860935084,0.11983625046899783,0.043933271778729854,0.001185015295982087,1.0,0.0942873005228313
651,0.87,-0.030000000000000027,0.1405935521886232,0.09383008136235531,0.004392959581977102,0.6771382338192494,0.6295174397208311,0.1197031749981846,0.04332556462108896,0.0011849334979926126,1.0,0.09430531816587484
652,0.87,-0.030000000000000027,0.13835354882550413,0.09226817790091459,0.00441231608019389,0.678432303216974,0.6310279316390318,0.11958365374711748,0.04268186322763304,0.001184756739799729,1.0,0.09235442674977712
653,0.87,-0.030000000000000027,0.1360677878187904,0.09064813282357716,0.004456029801498806,0.6797579159095316,0.6325767697573174,0.11947677071868885,0.04200064011213195,0.0011844902897591122,1.0,0.08774406429767723
654,0.87,-0.030000000000000027,0.1337815233706796,0.08894740559013974,0.004457653260203243,0.6810890127511056,0.6341335733873602,0.11938294792205116,0.04128015283970678,0.0011841288216242294,1.0,0.08741101611506052
655,0.87,-0.030000000000000027,0.13149376228032114,0.08714979991845509,0.004457558766472717,0.6824262094125535,0.6356990853453546,0.11930238600986647,0.040518413168906066,0.0011836725283011205,1.0,0.08743367766117083
656,0.87,-0.030000000000000027,0.12920392085285837,0.08525311837833578,0.004456662670235971,0.6837698902417781,0.6372737802843443,0.11923563014982247,0.03971315263797923,0.0011831124473691537,1.0,0.08725766037616878
657,0.87,-0.030000000000000027,0.1269056244765386,0.08324707091840697,0.004451990891831064,0.6851238636708974,0.6388621537756164,0.1191822307958669,0.03886175330774315,0.0011824548674127398,1.0,0.0866768963029112
658,0.87,-0.030000000000000027,0.12455762461766731,0.08112094078178414,0.004488945056508547,0.6865126670291806,0.6404930752564202,0.11914244100343119,0.03796119452586048,0.0011816857167054257,1.0,0.0827498181831059
659,0.86,-0.040000000000000036,0.1222057101915059,0.07886165084400516,0.0044897570985392475,0.6436332994298011,0.5810278523787005,0.1191158253571844,0.037007934007139164,0.0011808128893849692,0.0,0.08262697727082391
660,0.86,-0.040000000000000036,0.11994690495729773,0.07642240567638416,0.00457394057761592,0.6448121956496143,0.582461974548638,0.11897000138425365,0.03599730431649707,0.0011811939924696922,1.0,0.09198034521739018
661,0.85,-0.050000000000000044,0.11769879916948796,0.07386100170744782,0.004570425729498089,0.6067916797044192,0.5283312659533587,0.11883930576041653,0.03492453841554702,0.0011814654839692224,0.0,0.09203108633925461
662,0.84,-0.06000000000000005,0.11555427049294394,0.07112189406664542,0.0045863209346434725,0.572962408382457,0.4791795624563277,0.1185906796368486,0.033783439858844716,0.0011829738894070139,0.0,0.10199008638030382
663,0.84,-0.06000000000000005,0.11368087315304695,0.0684434480725137,0.004728105312504789,0.5737368591630457,0.48016725655347564,0.11822809492175654,0.03256673798377494,0.0011856702242205128,1.0,0.12071784531334706
664,0.84,-0.06000000000000005,0.11184918280870089,0.06574016184982315,0.00472322511587526,0.5744960954049522,0.4811369065495988,0.1178801550385224,0.03126605267873677,0.0011882751541167148,1.0,0.12019743934366933
665,0.83,-0.07000000000000006,0.11002035429837097,0.06289715175949726,0.004730245264567795,0.5439642732734531,0.4362302234183438,0.11754487800270538,0.029870916102342163,0.001190788412486995,0.0,0.11948007730927923
666,0.82,-0.08000000000000007,0.10819929960980657,0.0598643910885503,0.004737235144013349,0.5165113278481882,0.3955130950011491,0.11709430671453665,0.028367557403834995,0.00119450783311754,0.0,0.12027982679966143
667,0.82,-0.08000000000000007,0.10640030965088233,0.05661342986602551,0.004755702192146467,0.5171155842469921,0.39630227632797627,0.11653048893014067,0.026738157983655777,0.0011994048982655375,1.0,0.12259405118894873
668,0.82,-0.08000000000000007,0.10460635405460464,0.053121278054071346,0.004742747245775027,0.5177195592019033,0.39709239158750653,0.115981778788092,0.024958896110488,0.001204177993069027,1.0,0.12261150082949723
669,0.82,-0.08000000000000007,0.10270398823293662,0.04933599248825709,0.004865159458053738,0.5183615760881163,0.3979337033320832,0.11544720700604462,0.022995879578661945,0.0012088492157671694,1.0,0.11047048895914569
670,0.82,-0.08000000000000007,0.10079895410564609,0.04515347879795604,0.004865860418407176,0.5190060911314514,0.3987797751618466,0.11492725423475834,0.020798123350880406,0.0012134201532705995,1.0,0.11022586125164957
671,0.82,-0.08000000000000007,0.09885914149143314,0.04043546120113788,0.004898048807950251,0.5196640214890024,0.39964499787601326,0.11442235786444722,0.018282276275236372,0.0012178828942970878,1.0,0.10692324519191465
672,0.83,-0.07000000000000006,0.0969091998781298,0.03498500251849784,0.004646624804174423,0.5488871551926863,0.44264143228450215,0.11393089494077095,0.015293408261485198,0.0012218734833047485,1.0,0.10579437978790507
673,0.83,-0.07000000000000006,0.09469682335413304,0.026292007700797215,0.004618371646150378,0.5497266421174175,0.4437418883544708,0.1134535229640982,0.011465730213244738,0.0012257550657769351,1.0,0.10557073049638421
674,0.82,-0.08000000000000007,0.09244316099280217,0.011587604517769613,0.002363343426731359,0.5218520760254628,0.4025336834427727,0.1129897872198967,0.005195901813226425,0.0003392978938222358,0.0,0.10446285869886696
675,0.81,-0.08999999999999997,0.09263890323139759,0.011965237716563753,0.0025696126492370463,0.4959092461610123,0.36414723715705183,0.1124051005766301,0.005025593968140878,0.00033928081497932845,0.0,0.12504765317149902
676,0.8,-0.09999999999999998,0.09289925488612809,0.012508994374207506,0.002633056177321849,0.47240551843841183,0.3293974524051982,0.1117048913691999,0.004875182336527071,0.0003402469610821513,0.0,0.13134445334043954
677,0.8,-0.09999999999999998,0.09331223635414529,0.013549791800840321,0.0027865383272530687,0.47228964630779485,0.3292443476599087,0.11090251975762219,0.0047496752905115585,0.00034210618247507347,1.0,0.14659154378056272
678,0.79,-0.10999999999999999,0.09369081095535518,0.014383900052119767,0.002807022062750638,0.4508930528173296,0.2977857254304987,0.11011363824532003,0.0046523237964115624,0.00034367299446648274,0.0,0.14320321469676323
679,0.79,-0.10999999999999999,0.09432142935647118,0.016101262859546855,0.0029996811718786117,0.4507318830776839,0.2975746122429676,0.10921224014495884,0.004588637427837695,0.00034623226665152007,1.0,0.16704715541783566
680,0.79,-0.10999999999999999,0.0950080528549968,0.01768174100157907,0.003006393186214885,0.4505565308559191,0.29734509026257994,0.10832921182169251,0.004561134171985795,0.0003484604524202638,1.0,0.16787697624139497
681,0.79,-0.10999999999999999,0.09567851246526178,0.01904114064083201,0.003024195318661968,0.450385438230009,0.29712131289047494,0.10746106682819852,0.004571341960049574,0.0003503863010774089,1.0,0.1660952560110618
682,0.79,-0.10999999999999999,0.09633768276798751,0.020249700631793422,0.003031702446685571,0.4502173531187959,0.2969016316386297,0.10660666225871794,0.004619623336894022,0.00035196206695454476,1.0,0.16498563437520974
683,0.79,-0.10999999999999999,0.09699739534923953,0.02136017349788619,0.0030346174364319005,0.45004925529691747,0.2966820946719367,0.10576370715917768,0.0047053034217503275,0.0003532815088828683,1.0,0.16467344626632174
684,0.79,-0.10999999999999999,0.09765568932033128,0.0223927296836218,0.0030357202761815737,0.4498816440177799,0.29646335316352584,0.10493378994629453,0.0048263994156106,0.0003543246648940897,1.0,0.16455518937429736
685,0.78,-0.12,0.0983155186668708,0.023365799625256298,0.0030327306312318454,0.4303598903011643,0.2680530405480785,0.10411191312602784,0.004980222442857254,0.00035513371205508594,0.0,0.1647178026758802
686,0.77,-0.13,0.09887211308921014,0.024012222922586264,0.0030690775904649394,0.4124839823393474,0.24239342739922043,0.10318379409836405,0.005166949792405413,0.0003568674828403742,0.0,0.15393572210425566
687,0.77,-0.13,0.09963580813610491,0.024948831671535176,0.0031798362857246806,0.41232064435788934,0.2421865568275181,0.10214450512917103,0.005386543322957602,0.0003595838161312099,1.0,0.1674620529522527
688,0.76,-0.14,0.10042368432902603,0.025814732842608344,0.003179510273631889,0.39583772823408014,0.21894668219344784,0.10112349073731502,0.005634676246171217,0.00036192769022417844,0.0,0.1673189475376039
689,0.76,-0.14,0.10126587129485826,0.02677467597094524,0.0031803760851043103,0.3956718513387913,0.2187409916255069,0.09999428034604062,0.005910944223364088,0.00036521497127637464,1.0,0.17292540544055002
690,0.76,-0.14,0.10214853573603837,0.027606101678988103,0.0031654327170639687,0.3954981511519707,0.21852582946252677,0.09887622858264014,0.006211111383636941,0.0003682835805425286,1.0,0.17145241040816228
691,0.76,-0.14,0.10305750077977642,0.028355819793748543,0.0031474890794092733,0.3953194345712428,0.21830469809188008,0.09777065239672539,0.00653108083447816,0.00037109285275216484,1.0,0.17113008219557468
692,0.76,-0.14,0.10398805929608035,0.02904128929986231,0.003139192910912289,0.3951366396195344,0.21807877663033579,0.0966782106519108,0.00686705152230512,0.00037364842342184665,1.0,0.17119068111176072
693,0.76,-0.14,0.1049277134078695,0.029674314367478916,0.0031385110383697293,0.39495222942238034,0.2178511209263833,0.09561553203826946,0.007215037406396816,0.00037578142690439004,1.0,0.17121832106289503
694,0.76,-0.14,0.10587238446266639,0.03027285807780628,0.003064811112228532,0.39476700806174736,0.21762272835466775,0.09456991034088565,0.007571807361278067,0.0003792337336008299,0.0,0.1716248700308205
695,0.75,-0.15000000000000002,0.10683804727746062,0.031115644181768536,0.003161812179100764,0.3795996874614754,0.19670238467246468,0.09342719604686069,0.007938144462961746,0.00038350944361702135,0.0,0.1814268876864582
696,0.75,-0.15000000000000002,0.10797404024991057,0.03233506569644203,0.0032934965085929463,0.3793939483158751,0.19645497591524202,0.09218092760966087,0.008315110274597064,0.00038868647048572396,1.0,0.19826099141674325
697,0.75,-0.15000000000000002,0.10912885397521155,0.03339115216377454,0.0032997690909897463,0.3791850290167607,0.1962041052825587,0.09094783517328811,0.00870023043545835,0.00039355913663975,1.0,0.19634571159128789
698,0.76,-0.14,0.1102867823729769,0.03434026926516948,0.0032379569970973627,0.39390377609676747,0.21656177850831965,0.089730481787786,0.009091117535150713,0.0003997579353180155,1.0,0.19536288466955254
699,0.77,-0.13,0.11146498945557053,0.035036637640713554,0.0032255421236435564,0.4098070555048749,0.23902676031662698,0.08852700395308752,0.009486544081572642,0.00040724431210680147,1.0,0.1902885289352978
700,0.77,-0.13,0.1125797666827077,0.03574498007542396,0.0032142943897219205,0.40957175516169514,0.23873322838475478,0.08733870055054765,0.009885725903403001,0.0004144172969097909,1.0,0.19024897159583531
701,0.77,-0.13,0.11370739577568849,0.03639696902161106,0.003205403122278009,0.40933401686295284,0.23843704496557291,0.08616505198674677,0.010287205904829757,0.0004212871474200136,1.0,0.19038107518249392
702,0.77,-0.13,0.11484683097486947,0.03699625158683214,0.0032037726177366883,0.4090940696584982,0.23813850611561174,0.08500564597985398,0.01068961109314614,0.0004278841521112226,1.0,0.19054934673890567
703,0.77,-0.13,0.11599060508845663,0.03755002008077251,0.0031493428822915574,0.40885349149806305,0.23783958135636987,0.08385059846652017,0.01109192016998469,0.00043418130550033614,1.0,0.1906535466735224
704,0.77,-0.13,0.11716851991025518,0.03795871920615487,0.0031667498020686354,0.40860602785142125,0.23753251731750405,0.08271484467428612,0.011492626853017843,0.00044029903270294507,1.0,0.18857487375097426
705,0.78,-0.12,0.11831593339498223,0.0382614973492877,0.003177888762999758,0.42575147098405863,0.2621843009123222,0.0815935717203379,0.011890632586022017,0.0004477715973953547,1.0,0.18516935217920927
706,0.79,-0.10999999999999999,0.11942246142023194,0.03852629850424386,0.0031588316850956932,0.4444089627580125,0.2894079081319965,0.08048183198263818,0.01228642279264323,0.00045655492575236845,1.0,0.18338357067105604
707,0.8,-0.09999999999999998,0.12049329756166652,0.03880289720560541,0.0031140779819767376,0.46478633056399504,0.31947116696811567,0.07939142545821626,0.01268029375209245,0.00046650110414866856,1.0,0.18348681451020155
708,0.81,-0.08999999999999997,0.12151374066738649,0.039089949634970124,0.002974679506948178,0.48713725590118373,0.3526772204120644,0.0783060238596001,0.013073105544379876,0.00047716013625207236,1.0,0.1829813713866617
709,0.81,-0.08999999999999997,0.1223882348170899,0.0394687993727617,0.0029734489160372995,0.4868764292018946,0.3523411055579045,0.07722343161269823,0.01346585079168694,0.00048794458460910855,1.0,0.182692367936373
710,0.81,-0.08999999999999997,0.12326719923566727,0.039822477362653874,0.002929147954198287,0.4866145505013481,0.3520039175039787,0.07614668032039483,0.013857990227262957,0.000498820860288941,1.0,0.1827285628733044
711,0.81,-0.08999999999999997,0.12419458324016222,0.04012519821867371,0.0028992217820087026,0.4863385509157234,0.35164885371816057,0.0750923319739456,0.014248582247676824,0.0005093205538277847,1.0,0.1831485313060659
712,0.81,-0.08999999999999997,0.1251576266760228,0.0403765062770984,0.002899562583375845,0.4860522698736938,0.3512808945003227,0.07404412740387042,0.014637127565765452,0.0005196082985872927,1.0,0.18333181496309758
713,0.81,-0.08999999999999997,0.12612540754033566,0.04060656249803974,0.002857139963868838,0.4857649198769086,0.3509119001366222,0.0730100370785068,0.015022935482500081,0.0005296035008158852,1.0,0.1836560134866474
714,0.82,-0.08000000000000007,0.1271503011031481,0.04078186971976318,0.0027578493599403685,0.5102306916586393,0.38738669197059844,0.07198952428681517,0.015405343850838322,0.0005389962282652223,1.0,0.1848432454818587
715,0.83,-0.07000000000000006,0.1280613154123885,0.041033871447635054,0.0027336724821604695,0.5373329747063063,0.427706055424461,0.07098660014795541,0.015785168854857298,0.0005468990739567148,1.0,0.18447232190878315
716,0.84,-0.06000000000000005,0.12894916010040197,0.04129317759162258,0.002668318571526205,0.5674853800540961,0.4722341735619196,0.06999600788159781,0.016163349655861702,0.0005533458336108881,1.0,0.18491979425937655
717,0.84,-0.06000000000000005,0.12976489729268473,0.04157829498686911,0.0026656718679718403,0.5671552143855019,0.4718177036422089,0.06902854976583118,0.016540608709212545,0.0005597091266658897,1.0,0.18462655418968954
718,0.84,-0.06000000000000005,0.1305848257099959,0.04184012525515917,0.0026613513635902037,0.5668237392624901,0.471399833513475,0.068072859422322,0.016916460855725225,0.0005660945128570081,1.0,0.18449041297096447
719,0.84,-0.06000000000000005,0.13141309562665024,0.042083861811066825,0.0026608373290193644,0.5664892850578779,0.4709784630482743,0.06713549500128327,0.017290301351901044,0.0005724351233334014,1.0,0.1847606917527712
720,0.84,-0.06000000000000005,0.13224352478105236,0.042306365437129324,0.002642671135820914,0.5661543549558583,0.47055674967425437,0.06621243119979725,0.017661644843415977,0.0005787626682951425,1.0,0.18465544732323258
721,0.83,-0.07000000000000006,0.1330937149943715,0.042497843735281274,0.00259681202546848,0.5355119626162937,0.4253873994435114,0.06530492591436578,0.018030005370176305,0.0005850422883742267,0.0,0.18472785565875038
722,0.82,-0.08000000000000007,0.13403629991134802,0.04268950043636068,0.002629685563405502,0.5079862386795914,0.3845159994161191,0.06429559050004012,0.018397513905863014,0.0005925421855581832,0.0,0.1893548657640728
723,0.81,-0.08999999999999997,0.13509880367963417,0.042994088975603806,0.0027363554031225824,0.4831166633701891,0.3475270949148128,0.06318071569366913,0.018766155143002825,0.0006012688784038359,0.0,0.1999742210454839
724,0.8,-0.09999999999999998,0.1365420199129587,0.043993641760487236,0.0031211733093061463,0.46046699092225946,0.31396844391029344,0.06197596721886178,0.019137477884591376,0.0006110535341432655,0.0,0.23810450869874056
725,0.79,-0.10999999999999999,0.13805237132948656,0.04508007863527113,0.0031799160637914553,0.4398296207533595,0.28363063033382485,0.06066863496652238,0.01951322630168197,0.0006220386656613178,0.0,0.24485134196015912
726,0.79,-0.10999999999999999,0.13964311572745705,0.046249648552038405,0.003235513600343817,0.4394429757116748,0.2831479984594732,0.05926355232184223,0.019894938194462718,0.0006341619628193763,1.0,0.25195933953704874
727,0.79,-0.10999999999999999,0.1412532286326007,0.047328079812365545,0.003228672136635675,0.43905231460983063,0.2826611599370538,0.05787698247861724,0.020281579246760675,0.0006462542889203285,1.0,0.2522923487961566
728,0.79,-0.10999999999999999,0.14286759436982985,0.048304760458363204,0.003225431552764538,0.4386613183671159,0.2821747133810386,0.05650573671986229,0.02067220325003681,0.0006583429576688775,1.0,0.2517073178384919
729,0.79,-0.10999999999999999,0.1445310750101257,0.049287910192384245,0.0032643636164219653,0.4382591544255431,0.28167521572911763,0.05515157309746482,0.021065852846577054,0.0006704032613723944,1.0,0.25571295938425576
730,0.79,-0.10999999999999999,0.14619165497928463,0.05019541968845057,0.003264848304410906,0.4378584265580096,0.28117834972836353,0.053809059132098006,0.021461716784688677,0.0006824946502862342,1.0,0.2555742595142443
731,0.79,-0.10999999999999999,0.14785480728515446,0.05103528459862313,0.0032619059551274635,0.4374578117921956,0.28068246794052193,0.05247751498163398,0.021859010871023623,0.0006946267164850047,1.0,0.2557407774262288
732,0.79,-0.10999999999999999,0.14952281155602207,0.051803417734109326,0.003262133862258422,0.43705676391475695,0.2801868931201418,0.05115982824927201,0.022256902247618403,0.0007067695170480288,1.0,0.2557681634349598
733,0.79,-0.10999999999999999,0.15119857795594874,0.052522725678899686,0.0032686408970892325,0.4366545895401072,0.2796907712155804,0.049856721329130105,0.022654560370505134,0.0007189092359458133,1.0,0.25653955313809806
734,0.79,-0.10999999999999999,0.15287525088850668,0.053177292716581503,0.003266775087674274,0.4362529376741687,0.27919613619048556,0.048564607676335976,0.023051252560781794,0.0007310851959166028,1.0,0.25650301314633994
735,0.79,-0.10999999999999999,0.15471060867371328,0.05410222734332712,0.0034277125660251606,0.4358141186571992,0.27865668943269006,0.04726879386465624,0.023446560071298393,0.0007434303396365199,1.0,0.27259275353504386
736,0.79,-0.10999999999999999,0.1565423704827298,0.05494799417666733,0.003408776823300069,0.43537703873352335,0.27812037405455287,0.045994693281693075,0.02383954828141529,0.0007557024786075343,1.0,0.2723900859479995
737,0.79,-0.10999999999999999,0.15839793322843307,0.05570077856904846,0.003405379164998424,0.4349351725789365,0.2775791908290916,0.04474059388966076,0.024229322236822438,0.0007679370003840603,1.0,0.27269287349985194
738,0.79,-0.10999999999999999,0.1602670872002478,0.056388566932140144,0.0034118814696947556,0.4344909757944834,0.27703616882538157,0.043492900779966856,0.024615261111110762,0.0007802552966903177,1.0,0.2734128403872752
739,0.79,-0.10999999999999999,0.16213344270507105,0.05700385337528949,0.0034129889682090945,0.4340483484066499,0.276496075527458,0.04225086329657217,0.024996775131867655,0.0007926606079743656,1.0,0.2732092324106179
740,0.79,-0.10999999999999999,0.16400209710949887,0.057553392780683756,0.0033973899428256234,0.43360607838734705,0.27595742261507183,0.04102086442350315,0.025373147407885273,0.0008050848390154668,1.0,0.2733451567473375
741,0.79,-0.10999999999999999,0.16619733303286502,0.058666372073328796,0.0037095964571294843,0.4330876635563243,0.2753273051213578,0.03981582374700633,0.025743407958720876,0.0008171182280113698,1.0,0.30432308079148795
742,0.79,-0.10999999999999999,0.16838773689296516,0.05966439113553827,0.0037151035117929544,0.43257162389922715,0.27470143620630755,0.03861362782544872,0.026107042925369202,0.0008289854207789948,1.0,0.3037703953368168
743,0.79,-0.10999999999999999,0.1705551170365012,0.0605163370657067,0.003738003368313378,0.4320622174379594,0.27408494034416436,0.03743630508446387,0.026463093088426662,0.000840463845669003,1.0,0.30146053663741834
744,0.79,-0.10999999999999999,0.17273219720957786,0.061298776996030147,0.0037119583029391985,0.43155173756416565,0.27346846484485576,0.036269004539097746,0.02681090052071433,0.0008517046970100747,1.0,0.30238776668760614
745,0.8,-0.09999999999999998,0.17494519957527133,0.06194468395937291,0.0036311063992808946,0.4504499991034862,0.30153997575385755,0.03511840208164133,0.02714967085024017,0.0008626387512523255,1.0,0.30247429442705265
746,0.81,-0.08999999999999997,0.17715905261106543,0.0627932335196609,0.003646756714848414,0.47107898789342845,0.3324944637255975,0.03398106782808399,0.027480324052189645,0.0008721357338556796,1.0,0.3106502276387335
747,0.81,-0.08999999999999997,0.17932181339873465,0.06367528098265691,0.003662065210483783,0.4704761994462501,0.33175655525827663,0.032855997575689015,0.027803956707275645,0.0008817133047149134,1.0,0.3121675547967451
748,0.81,-0.08999999999999997,0.18148624656264428,0.0644762179644008,0.0036505806930354004,0.4698744873468191,0.3310213480251292,0.0317432396302035,0.028119896901737954,0.0008913140023142922,1.0,0.31233657851089835
749,0.81,-0.08999999999999997,0.18366438680599903,0.06517907309300945,0.003648204393514271,0.4692705164460838,0.33028476711028626,0.03065541677309777,0.02842729759505454,0.0009008165019787886,1.0,0.31240129551386453
750,0.81,-0.08999999999999997,0.18584684415189956,0.06580073782897072,0.0036493531001402803,0.46866690375673414,0.3295500067654541,0.029575146556729777,0.028725638628342015,0.000910384125671261,1.0,0.312533035112883
751,0.81,-0.08999999999999997,0.18832445770277634,0.0669615290310522,0.003927966703418778,0.4679835375931763,0.3287198294330559,0.02851277295432745,0.029014210379822748,0.000919907886795859,1.0,0.342066673253552
752,0.81,-0.08999999999999997,0.19082704724743085,0.06799655628428951,0.003886919688364006,0.46729530274461767,0.3278855186811932,0.02746750417722265,0.029292320734631,0.0009293865307218808,1.0,0.34261338121522944
753,0.81,-0.08999999999999997,0.19337067942756306,0.06884517182290371,0.0038886676754520343,0.4665978520625988,0.32704185382529144,0.026436053124554493,0.029559344743471685,0.0009388575232070369,1.0,0.34210728231089793
754,0.81,-0.08999999999999997,0.1959134866126832,0.06957663879928669,0.0038926362222976465,0.46590270540439044,0.32620279093475707,0.025417823574071068,0.02981465315156618,0.0009483289134928826,1.0,0.34169173462707203
755,0.81,-0.08999999999999997,0.1984562252571539,0.07020914130986906,0.003891017941450816,0.46520964560520356,0.32536804489143417,0.024410428482121,0.030057645022188453,0.0009578303198757724,1.0,0.34170754210823784
756,0.81,-0.08999999999999997,0.20100526341520608,0.07075087781119063,0.0038897368303386446,0.4645169353113597,0.3245355079167829,0.023416086306395155,0.030287655414109618,0.0009673347928229469,1.0,0.3421614761813905
757,0.81,-0.08999999999999997,0.20355162061810375,0.07117130429000385,0.003858643713862964,0.46382701019455375,0.32370808951547925,0.02243205402820407,0.03050405753401214,0.0009768725957093646,1.0,0.34131261659267753
758,0.81,-0.08999999999999997,0.20611237408175487,0.07138526219183762,0.0038825286747940506,0.4631352482264382,0.32288023721377074,0.02144618373912686,0.030706416040491118,0.0009865620365460358,1.0,0.338825164548218
759,0.82,-0.08000000000000007,0.20865546671421284,0.07147062855533236,0.0038071302514105063,0.48487327523449386,0.35593385944663464,0.0204627614803388,0.03089419269557263,0.000995022625292069,1.0,0.33693624051662263
760,0.82,-0.08000000000000007,0.21109967613351543,0.07161798442450062,0.0038120212842095995,0.4841517140269005,0.35506932659461116,0.019496415274641368,0.031068472511983927,0.0010034635402603551,1.0,0.33640128714764794
761,0.83,-0.07000000000000006,0.2135455106619239,0.07168626161397845,0.003713579385132911,0.5079896559574882,0.3914608366313901,0.01854238621098902,0.03122855289552963,0.00101058882248343,1.0,0.336614539180105
762,0.84,-0.06000000000000005,0.2158860728512713,0.071826598087794,0.003530149838991677,0.5343343500151531,0.4316296322505951,0.017599482913935115,0.031375700577962566,0.0010164506263416308,1.0,0.33604630531504387
763,0.84,-0.06000000000000005,0.2180409535622101,0.07217073793576802,0.0035265054462896833,0.5335617653738642,0.43071167414707506,0.016666246324825988,0.031511229813733325,0.0010223627142797616,1.0,0.3362059164072242
764,0.84,-0.06000000000000005,0.2201976312356535,0.0724365665193096,0.003522700877449526,0.5327907701676564,0.42979685162831976,0.01574646481883622,0.03163452170608052,0.0010282667998370622,1.0,0.3358652066880097
765,0.85,-0.050000000000000044,0.22236257795947484,0.07262900474107745,0.0035157290947527824,0.5619139495300577,0.4739883797618698,0.014844592526974646,0.03174489593337583,0.0010328253958339596,1.0,0.3359747496914143
766,0.86,-0.040000000000000036,0.2245225818612923,0.07277272921076502,0.0034954386190023307,0.5944072589637153,0.5227285618434366,0.013953679495481717,0.031843750176578894,0.0010361293882288783,1.0,0.33628021698140687
767,0.86,-0.040000000000000036,0.22665962374750198,0.07288584836721164,0.003495444408779718,0.5934592486043695,0.5216353630961635,0.01307385763948626,0.03193252021492208,0.0010394739509960176,1.0,0.3362982398099167
768,0.86,-0.040000000000000036,0.2287977862337249,0.07293836746712525,0.0033741161034415447,0.5925137626268229,0.5205461576327214,0.012209742095192629,0.032010626250709544,0.0010428026758671919,1.0,0.3364277494517891
769,0.86,-0.040000000000000036,0.23105796851445595,0.07273827670344361,0.003372260950643214,0.5915175899771188,0.519399728367943,0.011360475201621456,0.03207750836290979,0.001046129081142797,1.0,0.3364887170322505
770,0.86,-0.040000000000000036,0.23331287928359765,0.0724520758366459,0.0033466969385896176,0.5905270731010671,0.5182609939765727,0.010523874495194681,0.03213262380776655,0.00104947962999245,1.0,0.3357169381658216
771,0.86,-0.040000000000000036,0.23561311353028266,0.07205323341033601,0.0033477157900096348,0.5895200591044756,0.5171045043433078,0.01,0.03217046448651087,0.001049807019603747,1.0,0.3369466698604129
772,0.86,-0.040000000000000036,0.2379253223032907,0.07155848689255581,0.003346149506542733,0.5885112582326995,0.5159471843740779,0.01,0.032182385763339004,0.0010449850804454363,1.0,0.3370152570887105
773,0.86,-0.040000000000000036,0.24024225575560687,0.07098417686587377,0.0033374722019141904,0.5875038532454735,0.5147926841864748,0.01,0.032168587023598524,0.0010403008810090577,1.0,0.337264075728002
774,0.87,-0.030000000000000027,0.24257788667014388,0.0703175245284201,0.0031372406862771166,0.6230321269194063,0.5676534531779647,0.01,0.03212919940340068,0.001034394955319496,1.0,0.33802595015256376
775,0.88,-0.020000000000000018,0.24470909432777607,0.06995179876492673,0.0030750757227742467,0.6632470683017596,0.6260683744955933,0.01,0.032066535447242646,0.0010273221350424232,1.0,0.33816841893472016
776,0.89,-0.010000000000000009,0.24677683860707691,0.069625548821889,0.002921565088673942,0.7090518699975061,0.6905394953506646,0.01,0.03198286559407594,0.001019217371289113,1.0,0.33811888127052714
777,0.89,-0.010000000000000009,0.2486947817073933,0.06948085870717888,0.002890036234713011,0.7078413424082248,0.6892707671542897,0.01,0.03188027947334705,0.0010112488711648488,1.0,0.33838585381219444
778,0.9,0.0,0.25064554033630165,0.06922971198147973,0.0026502668963647317,0.7603411299112162,0.7603411299112162,0.01,0.03175892473232149,0.001002143839848069,1.0,0.3382790775876017
779,0.9,0.0,0.25235744004727356,0.06925791204260719,0.0026423086160517026,0.7590985909095309,0.7590985909095309,0.01,0.031621079310995434,0.000993224361835278,1.0,0.33823712651503224
780,0.9,0.0,0.25405912391319696,0.06925184016318972,0.002626248448889802,0.7578674850930547,0.7578674850930547,0.01,0.03146680216177906,0.0009844552204868538,1.0,0.3380453628337272
781,0.9,0.0,0.25576908231583284,0.06916979161475426,0.0026246792056900062,0.7566344087954086,0.7566344087954086,0.01,0.0312961732912539,0.0009758248713001812,1.0,0.33709109627465494
782,0.9,0.0,0.25749336508581877,0.06903426220274121,0.002624786549025913,0.7553950594041129,0.7553950594041129,0.01,0.03110925519142556,0.000967310173325027,1.0,0.3374139113737977
783,0.9,0.0,0.2592229241997657,0.06885347037667554,0.0026257682600885346,0.7541559895907677,0.7541559895907677,0.01,0.030906113821718817,0.0009589271711746923,1.0,0.33762935766102165
784,0.9,0.0,0.2609439601898297,0.06861619159117802,0.0026339294315910772,0.752927054114961,0.752927054114961,0.01,0.030686750722440894,0.0009506253851113924,1.0,0.3366587883806871
785,0.91,0.010000000000000009,0.26266123119583656,0.06833477825339054,0.0025271799824243277,0.699149397417311,0.6801706237543583,0.01,0.03045121965400105,0.0009412504454380207,1.0,0.33644490327657073
786,0.92,0.020000000000000018,0.2644930946880764,0.06784922990680035,0.002397390459229079,0.652480384663108,0.6143799269120052,0.01,0.030201630101469572,0.0009307525770623335,1.0,0.3371220713282381
787,0.92,0.020000000000000018,0.26619730089466404,0.06753016920231097,0.0024036278013313734,0.6515692653867878,0.6133934606412017,0.01,0.02994025603916856,0.0009204393003769195,1.0,0.3378826736110141
788,0.93,0.030000000000000027,0.2679016244531708,0.06716285803033702,0.002348323885369578,0.6109110482224464,0.5541315641516675,0.01,0.029667051860089857,0.0009090331348084911,1.0,0.33775130338828574
789,0.93,0.030000000000000027,0.26955639744645776,0.06684018571654254,0.0023400249595976028,0.6101353948852267,0.5532703679402704,0.01,0.02938429978077782,0.0008977396826529308,1.0,0.33840270476924794
790,0.93,0.030000000000000027,0.2712892810257803,0.06651985053096196,0.0024007899632196637,0.6093252367190662,0.5523713851949017,0.01,0.029092122044562588,0.0008865722464315695,1.0,0.34474076834041956
791,0.93,0.030000000000000027,0.27306660832509505,0.06619357596100046,0.00244181465888071,0.6084965321624124,0.5514523757335265,0.01,0.028790597805295356,0.0008755374813324324,1.0,0.34886281212704917
792,0.93,0.030000000000000027,0.2749253686046751,0.06591591334816779,0.0025244031133410554,0.6076322662978294,0.5504945251108545,0.01,0.028479773989680112,0.0008648033539219138,1.0,0.3570667090697577
793,0.93,0.030000000000000027,0.27680057486894244,0.06560553998669875,0.0025371878552799022,0.6067628377657436,0.5495315654838593,0.01,0.028159358797732053,0.0008542415185948045,1.0,0.358738947489629
794,0.94,0.039999999999999925,0.27867184739291745,0.06524665883153836,0.0024383106561188523,0.571283757724161,0.49637026222842545,0.01,0.02782926725039802,0.0008426989499682898,1.0,0.3587521224283228
795,0.95,0.04999999999999993,0.2804482788578953,0.06499264298703061,0.002271480434155566,0.5397593323733153,0.44839263993725936,0.01,0.02749160320478641,0.0008301103798955644,1.0,0.35907003418424244
796,0.95,0.04999999999999993,0.28206154532878325,0.06493476645078948,0.00225736249977013,0.5391689190374465,0.44772114233064125,0.01,0.027148676526707622,0.0008176549007402838,1.0,0.35958763850553965
797,0.95,0.04999999999999993,0.283692441421292,0.06480940550408422,0.002248973517362474,0.5385733651624656,0.4470443478840223,0.01,0.02680059416497928,0.0008053584018968284,1.0,0.35943532084216223
798,0.95,0.04999999999999993,0.28546067749728865,0.064787523855813,0.0023265171102190823,0.5379291436331665,0.44631286773233547,0.01,0.026447400120170286,0.0007932020601321971,1.0,0.3721864922692212
799,0.95,0.04999999999999993,0.28737777321944163,0.06477935901501924,0.002425224701551475,0.5372324270745177,0.44552250739444876,0.01,0.02608916024301252,0.0007811989954600774,1.0,0.3819981011505905
800,0.95,0.04999999999999993,0.28931516879823993,0.06474263042203049,0.0024439956585052005,0.5365301642027072,0.44472661682474224,0.01,0.025725900705544404,0.0007693439594620887,1.0,0.383988529475668
801,0.95,0.04999999999999993,0.2912533969287445,0.06465300153621377,0.0024444712867968893,0.5358294343104292,0.44393322458669987,0.01,0.02535764257182038,0.0007576327876752928,1.0,0.3842038882329569
802,0.95,0.04999999999999993,0.29318999968426895,0.06450779579631605,0.0024434766819865137,0.5351311177203627,0.4431433199107725,0.01,0.024984399560586505,0.0007459656410759613,1.0,0.3842096222913465
803,0.95,0.04999999999999993,0.2951298482275956,0.06431161298872272,0.002426811083928806,0.534433453090286,0.4423549044004226,0.01,0.024606370242510268,0.0007344933805483447,1.0,0.3846384010061815
804,0.95,0.04999999999999993,0.29709557832874134,0.06402821496750272,0.002397558167642052,0.5337283334309212,0.4415588264631176,0.01,0.024223441389703344,0.0007231673911145242,1.0,0.38514788386555787
805,0.95,0.04999999999999993,0.29911809415598606,0.06365401512125067,0.0024024800820861315,0.5330047837840217,0.4407427366701336,0.01,0.023835576433444597,0.0007119376967943251,1.0,0.387420934903675
806,0.95,0.04999999999999993,0.30117035910649553,0.06319624340191611,0.002413448637431503,0.5322725939708177,0.4399177207455592,0.01,0.02344282306906093,0.0007009234894769319,1.0,0.3886100657220123
807,0.95,0.04999999999999993,0.30322032541874955,0.06266820886631747,0.0024096221410968566,0.531543229737577,0.43909670659341504,0.01,0.02304496742375634,0.0006899598369656577,1.0,0.38848344573560245
808,0.95,0.04999999999999993,0.3052734205906992,0.06205550055578061,0.0024086479360836198,0.5308147529812328,0.43827750511953395,0.01,0.02264211192126105,0.0006790245617444266,1.0,0.3882908885816242
809,0.95,0.04999999999999993,0.3073304958235648,0.06136360930726043,0.002409383367440909,0.5300868638343237,0.4374597754328729,0.01,0.022234395185725873,0.0006681482860645942,1.0,0.38839989122292723
810,0.95,0.04999999999999993,0.30938815771780176,0.060596027287954726,0.002406099454726921,0.5293607614795235,0.43664485956347876,0.01,0.02182188198005732,0.0006574983027671273,1.0,0.3884947522970039
811,0.95,0.04999999999999993,0.3114434241651065,0.059759135560064305,0.002406070566671365,0.5286374874392602,0.43583391756710577,0.01,0.021404262513761534,0.0006469103778168728,1.0,0.38867517603653556
812,0.95,0.04999999999999993,0.31349813246977454,0.058844295421838055,0.0024040834037402595,0.5279163827581134,0.435026201170979,0.01,0.020981547692970042,0.0006364650209950182,1.0,0.38880264542990595
813,0.95,0.04999999999999993,0.3155481913699948,0.057847683863278224,0.002393512796932347,0.527198867750484,0.4342232906462509,0.01,0.02055355308679629,0.0006261568109779311,1.0,0.388661903508678
814,0.95,0.04999999999999993,0.3175696703963484,0.056766814978325475,0.0024066424112594927,0.5264932628820017,0.43343447033660254,0.01,0.02012007464571594,0.0006160262641207617,1.0,0.386991148117215
815,0.95,0.04999999999999993,0.319593886586019,0.05558132181436359,0.002403104379853226,0.5257885926693887,0.4326474485210958,0.01,0.019680781888683937,0.0006060202816323011,1.0,0.38689394087584206
816,0.95,0.04999999999999993,0.32161212615511586,0.05430405118744588,0.0024016594266925415,0.5250878784819097,0.43186559076473574,0.01,0.019235420681127914,0.0005962479774326382,1.0,0.3867437511690628
817,0.95,0.04999999999999993,0.3236258121887083,0.05290251716104323,0.0024078458145855657,0.5243906041245102,0.43108830826878675,0.01,0.01878343990971373,0.0005865945396194141,1.0,0.3859951575489283
818,0.95,0.04999999999999993,0.32563770301756334,0.051376537647839074,0.0024083042278244143,0.5236957983106608,0.430314507910532,0.01,0.018324491456670193,0.0005771262121341744,1.0,0.38567949585647554
819,0.95,0.04999999999999993,0.3276463468418856,0.04972962391405767,0.0024077908666319922,0.5230039481716133,0.42954472264723215,0.01,0.01785801145217916,0.0005678023353514873,1.0,0.3856250741849867
820,0.95,0.04999999999999993,0.3296649115716923,0.0479494366494935,0.002416017510908808,0.5223105200296534,0.42877390491375994,0.01,0.01738345655563787,0.000558635615296624,1.0,0.38651192030390924
821,0.96,0.05999999999999994,0.3316858975839112,0.046018159582888254,0.0023724571722362297,0.4957584421049841,0.38727487491018864,0.01,0.0169001685131298,0.0005484403080812134,1.0,0.38682645688064643
822,0.97,0.06999999999999995,0.33366140049245935,0.04406448500946313,0.002265985904123346,0.4717880907842123,0.3498075614919722,0.01,0.016410428386306755,0.0005371789464006984,1.0,0.38690515661888203
823,0.98,0.07999999999999996,0.33552912402402185,0.04228058875123918,0.0018824333259807923,0.45005625865284205,0.3159961476703294,0.01,0.015916812760825464,0.0005250097698874927,1.0,0.3867465742017382
824,0.99,0.08999999999999997,0.33702508381501806,0.04144530425419864,0.001823918985932406,0.43032487708706796,0.28554735704636836,0.01,0.015421699245784239,0.0005118043936012362,1.0,0.3877004877983665
825,1.0,0.09999999999999998,0.3384573518025007,0.04070339067499751,0.0017559357064694007,0.4122645695927261,0.2580475016989554,0.01,0.01492800319034357,0.000497611639614568,1.0,0.3880781407084186
826,1.0,0.09999999999999998,0.33981488177090297,0.040054520326952316,0.0017562669698232662,0.4119746210414139,0.2577388643223953,0.01,0.014438737774755938,0.0004836058836223964,1.0,0.3877123363772781
827,1.0,0.09999999999999998,0.3411658357944448,0.0393518660685269,0.0017536362048665138,0.4116864816196169,0.25743245406463533,0.01,0.013953931017199772,0.0004697549163622453,1.0,0.38738775115033186
828,1.0,0.09999999999999998,0.3425319018228484,0.03858632376134385,0.0017225304269146775,0.4113955285745977,0.2571233561749012,0.01,0.013473687311251198,0.0004560764959339881,1.0,0.38831392067886394
829,1.0,0.09999999999999998,0.34378993184401657,0.03777755978500308,0.0017897956724478446,0.4111279492113758,0.2568393592517972,0.01,0.012998054892522882,0.00044251574880907084,1.0,0.3815159615010689
830,1.0,0.09999999999999998,0.34501573067727587,0.03687316615179394,0.001822071437588459,0.41086755993166857,0.25656324123927887,0.01,0.01252722618183643,0.00042906580789529267,1.0,0.3781541428401636
831,1.0,0.09999999999999998,0.3462406153384112,0.03590906906634611,0.0018225534041628616,0.410607694103799,0.2562879215362587,0.01,0.012061414631777519,0.0004157558409017375,1.0,0.3782292435397604
832,1.0,0.09999999999999998,0.34747076433966845,0.03488101831189991,0.0018203557306052263,0.4103470420505009,0.2560120126266227,0.01,0.01160075255815868,0.0004025931447386879,1.0,0.3787830635606928
833,0.99,0.08999999999999997,0.3476908804523726,0.03437224531817614,0.0028324300655589636,0.42785536149493375,0.28288253839373767,0.05483953442290883,0.01175093238983939,0.0008424660818105535,0.0,0.2785511644085147
834,0.99,0.08999999999999997,0.34810085203745394,0.03351599577172732,0.002861311548965505,0.42776100387718097,0.28278110046956045,0.055740366554607075,0.01196235672897315,0.0008384763678713467,1.0,0.2975001716544662
835,0.99,0.08999999999999997,0.3483188145818037,0.0330924365593778,0.0028906902974240468,0.4277108553279229,0.2827272003265633,0.05662406301265398,0.012230302838654596,0.0008345328918620913,1.0,0.2943890079700262
836,0.99,0.08999999999999997,0.34840461880581125,0.03290605142335895,0.003023172237519264,0.4276911168248911,0.28270598736316477,0.05751754064767685,0.012549766928190808,0.000830890247851895,1.0,0.28097050834874726
837,0.99,0.08999999999999997,0.3484907205780982,0.03271856242827743,0.0030192588586543654,0.42767131170474254,0.28268470403788853,0.05842262585107941,0.012915654918661298,0.0008274295619297601,1.0,0.28130305072854556
838,0.99,0.08999999999999997,0.34854485318893424,0.032598559901437056,0.0030422219018967737,0.4276588610666563,0.28267132474647494,0.05933721096033721,0.01332308480871103,0.0008241219621910037,1.0,0.2788261014708898
839,0.99,0.08999999999999997,0.3486039195426938,0.032467089511887544,0.003043775861280136,0.42764527648219214,0.28265672748731874,0.06026161204354696,0.013767301381538572,0.0008210351158287889,1.0,0.2791158677865623
840,0.99,0.08999999999999997,0.3486558751985156,0.03235056265732005,0.0027366770876729872,0.4276333279901841,0.2826438887641987,0.06119474550681409,0.014243629250926901,0.0008182885783214183,1.0,0.27854072232951954
841,0.99,0.08999999999999997,0.3483661634362775,0.032871807462369985,0.002763304686735329,0.4276999629173338,0.2827154941045856,0.06213997409402198,0.01474763063261001,0.0008156929486815223,1.0,0.27535190456767655
842,0.99,0.08999999999999997,0.3480790955529834,0.03338140410977016,0.0027428848772492295,0.42776601022738747,0.2827864817772129,0.06309465681139864,0.015275496389732572,0.0008134440595541667,1.0,0.27506360700740196
843,0.99,0.08999999999999997,0.34775781920992144,0.033977811156204525,0.002791404822966183,0.4278399522625527,0.2828659709857333,0.06405499120139248,0.015823369949280543,0.0008113534923281841,1.0,0.26933290233123575
844,0.99,0.08999999999999997,0.34743190071998525,0.03456271968936563,0.0027952077282519475,0.4279149888159099,0.28294665441391226,0.06502522028452112,0.016388092574944817,0.0008095315390521461,1.0,0.26979591769397293
845,0.99,0.08999999999999997,0.34708000337596046,0.03519207096995682,0.0027379897934813407,0.42799603606462744,0.28303382078419703,0.06601765549492042,0.016967102121399125,0.0008080679123535797,1.0,0.2672845600245821
846,0.99,0.08999999999999997,0.34661027660935034,0.035979850207817514,0.002759097691348623,0.42810426905448534,0.2831502576962631,0.06701871417655395,0.01755778564256857,0.0008068152702246763,1.0,0.2636775509777096
847,0.98,0.07999999999999996,0.34612273779382663,0.03676500597220704,0.0027600558127544353,0.4473739627458887,0.31306310461428555,0.06801844909970095,0.018157555640386368,0.0008056736235343884,0.0,0.2634136732443809
848,0.97,0.06999999999999995,0.34564819770625144,0.0374970009371841,0.0027742394441285295,0.46845655490957433,0.3461321541744394,0.06894809098509692,0.018762320722016668,0.0008040758359413604,0.0,0.2648825697533824
849,0.97,0.06999999999999995,0.3455578827335312,0.03758773720307861,0.0031616686248300487,0.4684814805625722,0.34615955787459834,0.06974738242164026,0.019366827263795017,0.0008012376664481822,1.0,0.3033697982418513
850,0.97,0.06999999999999995,0.3454795408830803,0.037664572883577274,0.0028767738135700802,0.46850310395187866,0.34618333216076924,0.07054996556273484,0.0199697678394526,0.0007986135203743664,1.0,0.3046988500677834
851,0.97,0.06999999999999995,0.34513465372090785,0.03785168328191027,0.0029003333994978243,0.468598321122326,0.3462880334057579,0.07136297119663651,0.020570093439076516,0.0007962674280187794,1.0,0.3075779570363075
852,0.97,0.06999999999999995,0.344785826083286,0.03803360747673134,0.002896763313764548,0.468694665564721,0.34639399534673637,0.07218351693300736,0.021166802231242034,0.0007941370712885035,1.0,0.30773061745304464
853,0.97,0.06999999999999995,0.34443985141435235,0.038213333575685994,0.002894796186003705,0.46879026117185885,0.34649915472653986,0.07301232948688355,0.02175901615504634,0.0007922237682924709,1.0,0.3075098154175422
854,0.97,0.06999999999999995,0.3440936301172703,0.038393083043077834,0.002899083085170533,0.4688859639696533,0.3466044530061833,0.07385431588172663,0.022346046185916416,0.0007905529733721983,1.0,0.3070696049188604
855,0.97,0.06999999999999995,0.34367290868570094,0.038646606941022406,0.0029695908820836585,0.4690023127658248,0.34673249561029795,0.07470516758313754,0.022927162379865664,0.0007891035746417444,1.0,0.2996353989513083
856,0.97,0.06999999999999995,0.34317256859031786,0.038985335313606984,0.003036854242886815,0.4691407549669362,0.346884892610243,0.07556532506336605,0.02350169435610131,0.0007878523140562639,1.0,0.29212746664308287
857,0.97,0.06999999999999995,0.3425899897190011,0.03944139859303319,0.003103372274580005,0.4693020553468461,0.34706250734639,0.07643967882401641,0.024069119653622812,0.0007867258844761946,1.0,0.2830547294609975
858,0.97,0.06999999999999995,0.34199074052253364,0.039946050120614134,0.003126256724357148,0.46946808705426957,0.34724539434545165,0.07732002161533962,0.02462874785522433,0.0007856846777341255,1.0,0.27890024490146503
859,0.97,0.06999999999999995,0.34141392545387683,0.04042841563175595,0.0031244338494127648,0.4696280140246485,0.3474216167438339,0.07821037428893732,0.02517999166676321,0.0007849170662987745,1.0,0.2792547336509458
860,0.97,0.06999999999999995,0.340841244258047,0.0408982455534049,0.003123507728744291,0.4697869026710049,0.34759675323744965,0.07911388530377583,0.025722375919898646,0.0007844067829774227,1.0,0.27913316756466766
861,0.97,0.06999999999999995,0.34025863017170865,0.041366605412668477,0.00312564715453564,0.46994865753194937,0.3477751086798568,0.08002524235300149,0.026255329440574463,0.0007840881340094605,1.0,0.278353130546263
862,0.97,0.06999999999999995,0.3396623155972761,0.04185000956836615,0.0031436135341546987,0.470114331536609,0.3479578478861389,0.08094321835978607,0.026778274296578464,0.000783933986713253,1.0,0.2764148478717958
863,0.97,0.06999999999999995,0.3405344726259768,0.04266965415333971,0.004625088904723157,0.469872059751658,0.3476906423187561,0.01,0.026813924559512592,0.0014912414296808926,1.0,0.4234216192772877
864,0.97,0.06999999999999995,0.3414117759898347,0.043459212120892994,0.004625739215764653,0.4696286101859318,0.34742227375970214,0.01,0.02684546953909497,0.0014821316085509777,1.0,0.42359554307380043
865,0.97,0.06999999999999995,0.3422876923105184,0.04421689799963796,0.004622948246310385,0.46938579706486894,0.34715474248522427,0.01,0.026872752444676233,0.001473132487020746,1.0,0.42356638175978034
866,0.97,0.06999999999999995,0.3431602028674234,0.04494460023116868,0.004623120834788707,0.4691441775503791,0.3468886607428586,0.01,0.026895587720882044,0.0014642453975662465,1.0,0.4235312726719167
867,0.97,0.06999999999999995,0.3440402949906956,0.045657643643364776,0.004629652853206243,0.46890071038611936,0.3466206798149107,0.01,0.026913790320935976,0.0014555169577248968,1.0,0.4243074521371252
868,0.97,0.06999999999999995,0.3449245614366466,0.04635265012363241,0.004634561684815385,0.4686563428120517,0.34635184451160606,0.01,0.026927201131421077,0.001446938504254481,1.0,0.4248543940468916
869,0.97,0.06999999999999995,0.34581630709766614,0.04703454836888891,0.004634936535531459,0.46841016616169673,0.3460811573592439,0.01,0.026935659923899506,0.0014384879920683517,1.0,0.42566328313421176
870,0.97,0.06999999999999995,0.3467190348714832,0.0476937270983113,0.004625812300367039,0.4681612210541362,0.3458075672261854,0.01,0.026938995933378573,0.0014331963305007289,1.0,0.4259897155475255
871,0.97,0.06999999999999995,0.3476161023892125,0.04834073794521232,0.004631823601958219,0.4679140988654781,0.3455361207198772,0.01,0.026938995933378573,0.0014331963305007286,1.0,0.42665342163334996
872,0.97,0.06999999999999995,0.3485151436953373,0.04896718290058619,0.00463199680830727,0.4676666945555717,0.34526450418158056,0.01,0.026938995933378573,0.0014331963305007289,1.0,0.42691938770119753
873,0.97,0.06999999999999995,0.34942059118741986,0.04958401133028522,0.004633285321544628,0.46741779163451097,0.34499138347367253,0.01,0.026938995933378573,0.0014331963305007286,1.0,0.4278088249362577
874,0.97,0.06999999999999995,0.3503190919186203,0.050179886865471236,0.0046325250140112646,0.4671710601069365,0.344720785006389,0.01,0.026938995933378573,0.0014331963305007289,1.0,0.4278760232726111
875,0.97,0.06999999999999995,0.35121921686570295,0.050757847326239794,0.00463510433427562,0.46692414361233037,0.3444501226917917,0.01,0.026938995933378573,0.0014331963305007286,1.0,0.4281809136429754
876,0.97,0.06999999999999995,0.3521194075161894,0.051312741531387034,0.004632841655307367,0.4666774699933336,0.3441798653621412,0.01,0.026938995933378573,0.0014331963305007289,1.0,0.42813794631916524
877,0.97,0.06999999999999995,0.3530194544781071,0.05185049783486914,0.004634314659955889,0.46643109618125767,0.34391007482769065,0.01,0.026938995933378573,0.0014331963305007286,1.0,0.42839055000396176
878,0.97,0.06999999999999995,0.353920306704998,0.052366575807135406,0.004634156060508422,0.46618476228918065,0.34364046610822224,0.01,0.026938995933378573,0.0014331963305007289,1.0,0.4283643002766916
879,0.97,0.06999999999999995,0.3548278883551076,0.05287095109190735,0.004638592702609383,0.4659368512402566,0.34336927052576177,0.01,0.026938995933378573,0.0014331963305007286,1.0,0.4289952915259918
880,0.97,0.06999999999999995,0.3557302916302142,0.05334479443014216,0.004636121335160309,0.46569061597498285,0.34310004635710545,0.01,0.026938995933378573,0.0014331963305007289,1.0,0.4282856903443779
881,0.97,0.06999999999999995,0.3566365879041571,0.053788453657585146,0.0046385673106782745,0.46544358024750565,0.34283008532667164,0.01,0.026938995933378573,0.0014331963305007286,1.0,0.4277207236689565
882,0.97,0.06999999999999995,0.3575303318343426,0.05420255057646185,0.004645809462086371,0.46520022254001203,0.34256427901691144,0.010008813309635902,0.02693893897992293,0.0014332853538303843,1.0,0.42678830439233106
883,0.97,0.06999999999999995,0.358423609349612,0.054601820763425554,0.004637710830927838,0.46495724598045257,0.3422990229560226,0.010026486751185,0.02693876790140499,0.001433463873441991,1.0,0.4269571091879708
884,0.97,0.06999999999999995,0.3593186945679254,0.05497010704810821,0.004643528142764482,0.4647140321691119,0.34203364182028145,0.010052945656090507,0.02693842617318228,0.0014337311351077038,1.0,0.4261673102120267
885,0.97,0.06999999999999995,0.36020651956986066,0.055309419735317424,0.004646182068928759,0.4644730423409149,0.34177081943382764,0.010088225214905582,0.026937857284366155,0.0014340874942876541,1.0,0.4252274034700958
886,0.97,0.06999999999999995,0.3610901954927354,0.05563848488033949,0.004641148309967567,0.4642334267982137,0.3415096260748218,0.01013230641621827,0.026937005159543018,0.0014345327589473781,1.0,0.4254896636157137
887,0.97,0.06999999999999995,0.36198903302635044,0.05598128614628717,0.004662818947685523,0.4639899535629289,0.34124436054978247,0.01018579056686689,0.026935810257217824,0.0014350730028933236,1.0,0.42776642697251976
888,0.97,0.06999999999999995,0.3629089143975296,0.05633014041001702,0.00467616856538985,0.4637410443459252,0.34097331088617744,0.01024807342810416,0.026934217371710534,0.0014357021227038014,1.0,0.42973944050621027
889,0.97,0.06999999999999995,0.3638325249442429,0.05667688169813977,0.004622494377139229,0.46349139459547717,0.3407015952592183,0.010319241769438615,0.02693217125567873,0.0014364209948384927,1.0,0.43076375944057044
890,0.97,0.06999999999999995,0.3646999617894112,0.057040681571540325,0.004588137302695389,0.46325717310784903,0.34044679934061456,0.010398706665409523,0.026929620958133074,0.0014372236705553704,1.0,0.4314844528572599
891,0.97,0.06999999999999995,0.3655253902535706,0.05740162339773954,0.004506065558973931,0.4630345142383104,0.3402046963354249,0.010487078447266698,0.02692651226097587,0.0014381163148165538,1.0,0.43140565854297575
892,0.97,0.06999999999999995,0.36626464445023776,0.05776281950814749,0.004493351330556058,0.462835282436352,0.3399881608506755,0.010584374813865859,0.026922791508824172,0.0014390991063983635,1.0,0.43099212873647386
893,0.97,0.06999999999999995,0.3669808869699082,0.05810809066365491,0.004499571071375344,0.46264241582656634,0.3397786284776105,0.01069073991828291,0.026918404870870723,0.0014401735013924756,1.0,0.4303631994566708
894,0.97,0.06999999999999995,0.36770290871439326,0.05844893267860771,0.004502330522529313,0.4624481556327676,0.3395676666663324,0.010806241637715685,0.02691329887737269,0.0014413401854271501,1.0,0.4309542968768334
895,0.97,0.06999999999999995,0.3684161889613326,0.0587735528607197,0.0045027207616944774,0.4622564074616189,0.33935951603208847,0.010930524606213894,0.02690742307228173,0.001442595568947334,1.0,0.43039805887818483
896,0.97,0.06999999999999995,0.3691269237874556,0.05909137208289318,0.004503839393778107,0.46206550166172883,0.33915236187484055,0.01106388220089764,0.026900726033741076,0.0014439426153582805,1.0,0.4306611211178416
897,0.97,0.06999999999999995,0.36983806772006234,0.05939758285461471,0.004376165005777602,0.4618746437285806,0.33894534144628025,0.011204443281374921,0.02689316856013088,0.0014453624242519907,1.0,0.4305497141028327
898,0.97,0.06999999999999995,0.3704253625981604,0.05970743585601077,0.004280757501684914,0.4617171434319859,0.33877456504480524,0.011354622233074348,0.026884697613930166,0.0014468793833600654,1.0,0.4309159800790259
899,0.97,0.06999999999999995,0.37091370130836465,0.05999908102486733,0.0042615007297954,0.46158626289469795,0.3386326945727695,0.011510543590470578,0.026875284252439284,0.0014484543465660882,1.0,0.4308319721710102
900,0.97,0.06999999999999995,0.3714028867051811,0.060302343957201555,0.004280285964431917,0.4614552298074114,0.33849069720726155,0.011677389636458209,0.0268648694149171,0.0014501396601619228,1.0,0.43290706915731436
901,0.97,0.06999999999999995,0.3718927026306131,0.06060251644933638,0.004283040283224387,0.4613241023437889,0.33834863608278504,0.011850214205860356,0.0268534242181899,0.0014518853628831567,1.0,0.43318548077615837
902,0.97,0.06999999999999995,0.3723782397870754,0.06089305815106693,0.004282973254171386,0.46119419386749855,0.3382079335644062,0.01203158409224847,0.02684090541705178,0.001453717381937582,1.0,0.4327633379375704
903,0.97,0.06999999999999995,0.37284465715604326,0.06116320958151654,0.004292808781193803,0.4610694698895521,0.3380728818752141,0.012220956305232553,0.026827273788815664,0.0014556302325737852,1.0,0.43128013790297476
904,0.97,0.06999999999999995,0.373314150226714,0.061435435347069134,0.004278101730603316,0.4609439915529305,0.3379370484949528,0.012417728594532515,0.0268124943495686,0.0014576178314556025,1.0,0.4320971909326337
905,0.97,0.06999999999999995,0.37375859880064655,0.06169609481888632,0.004268427668152421,0.4608252696079168,0.33780856150498306,0.012622267838392365,0.026796530777572707,0.0014596838844238838,1.0,0.431865792296935
906,0.97,0.06999999999999995,0.37413488230815906,0.061899936821900994,0.004323990858427771,0.46072480384070225,0.33769985691265364,0.012835302090394624,0.02677934349568571,0.0014618357455552196,1.0,0.42623841647326555
907,0.97,0.06999999999999995,0.37452033408030205,0.062107747268381315,0.0043300277202727435,0.46062193560333664,0.33758857621378907,0.013056270770080782,0.0267608969016958,0.0014640677524207367,1.0,0.4270286229498961
908,0.97,0.06999999999999995,0.3749223982674879,0.062325351742365594,0.004343761878949609,0.46051468283009717,0.337472577599575,0.013285186033899167,0.026741156124156538,0.0014663800278128416,1.0,0.42849730730020874
909,0.97,0.06999999999999995,0.37533451787180233,0.06254896131987521,0.004354061710061486,0.46040479954367874,0.33735376062281947,0.01352114529562215,0.026720091893143273,0.0014687634546989323,1.0,0.42961185165436133
910,0.97,0.06999999999999995,0.37574834116501854,0.06277115824466471,0.004354918338594144,0.46029451475478583,0.3372345366162605,0.013765078738099472,0.026697670642679472,0.00147122742886537,1.0,0.4298770816186261
911,0.97,0.06999999999999995,0.3761574781032909,0.06298704556533935,0.004356541998811188,0.4601855308180189,0.33711674558050114,0.014021370148465405,0.02667383684734316,0.0014738162309902783,1.0,0.42958886986376843
912,0.97,0.06999999999999995,0.376569827343829,0.06320308154717154,0.00435965268263669,0.46007574340875473,0.3369981129465605,0.014281954234136633,0.026648577839831922,0.0014764483934718061,1.0,0.43003756948372107
913,0.97,0.06999999999999995,0.37698791880802807,0.06341960226528964,0.0043471549559033675,0.4599644806112529,0.3368779134945401,0.014548913402008586,0.026621870432956635,0.0014791449507230378,1.0,0.4304710499285852
914,0.97,0.06999999999999995,0.37741497617477776,0.06362896571906615,0.004353992914439067,0.45985088734577867,0.3367552248754718,0.014824197211604453,0.026593682156996458,0.0014819255952644103,1.0,0.429696884792178
915,0.97,0.06999999999999995,0.3778509589233141,0.06384143343778016,0.004360509492525248,0.45973497787499734,0.3366300642494329,0.01510828674786947,0.026563978963787236,0.0014847951865398145,1.0,0.43049221572948915
916,0.97,0.06999999999999995,0.3782862901560707,0.06404867725996861,0.004355123105299302,0.45961929990127826,0.33650518345173885,0.015399498884620463,0.026532735702309646,0.001487736723274673,1.0,0.4302768744447233
917,0.97,0.06999999999999995,0.37873007400135045,0.06425397004397566,0.004352911044084386,0.4595014357697878,0.3363779732398627,0.01569849188824423,0.02649992456841971,0.001490756854624408,1.0,0.4303735420768994
918,0.97,0.06999999999999995,0.3791740768225227,0.06445355307697304,0.004355328644404772,0.459383573959756,0.3362507964729938,0.016010356256264773,0.0264654948539708,0.0014939069997559284,1.0,0.43007977797369235
919,0.97,0.06999999999999995,0.3796149679640884,0.06464667813817912,0.004350063427366523,0.45926659796750624,0.3361246061127364,0.01633384268239665,0.026429403248036252,0.0014971745394138263,1.0,0.42971418834155645
920,0.97,0.06999999999999995,0.3800538342611375,0.0648406850149796,0.004353799034341484,0.45915021834932684,0.33599908932502454,0.01666464708593919,0.026391626920649083,0.0015005159980354683,1.0,0.4303985500088148
921,0.97,0.06999999999999995,0.3804904741630335,0.06503155859852179,0.004353932340636453,0.4590344876510673,0.3358743022866615,0.01700874208413941,0.02635211754130758,0.0015039917050879955,1.0,0.43049044707025225
922,0.97,0.06999999999999995,0.3809268880946472,0.0652193052875077,0.00435289719207935,0.458918875126697,0.33574967241145964,0.01735871128878066,0.02631085997112268,0.0015075267475591193,1.0,0.4305465497802429
923,0.97,0.06999999999999995,0.3813729163180083,0.06540981919499775,0.004351371264412461,0.4588007757932985,0.3356223924467791,0.017715471888392155,0.02626783514995466,0.0015111303899794373,1.0,0.43134939653784926
924,0.97,0.06999999999999995,0.38180847704902054,0.06559525998371322,0.004348494322273037,0.45868550668828434,0.3354981926140407,0.018080611639264003,0.026223017680328177,0.0015148186702912741,1.0,0.4312565608996001
925,0.97,0.06999999999999995,0.38223752436140485,0.06577493576618933,0.00434756386390534,0.45857201794262975,0.3353759399159424,0.018453752319354172,0.026176384076486318,0.0015185877680699625,1.0,0.4309828719468616
926,0.97,0.06999999999999995,0.3826659411612563,0.06594849302613888,0.004348617099839655,0.45845875199754443,0.3352539557430797,0.018838508171258934,0.026127897329785165,0.0015224741908164755,1.0,0.43055401636241825
927,0.97,0.06999999999999995,0.38309708750261,0.06611866713886484,0.004339783378104148,0.4583448208837371,0.3351312839352605,0.019231319000889348,0.02607753486464087,0.001526441976974358,1.0,0.4305023852857014
928,0.97,0.06999999999999995,0.38351839343304095,0.06628458553649608,0.004271701685032965,0.4582335448029856,0.33501149865987895,0.019630971234699708,0.026025278646224354,0.001530478868224968,1.0,0.4304445137219534
929,0.97,0.06999999999999995,0.3840033606937421,0.06644537743920739,0.004242105801092203,0.45810552125248083,0.33487371923120196,0.020036806108422532,0.025971112700910674,0.0015345782103837848,1.0,0.43001268757118344
930,0.97,0.06999999999999995,0.38453001835186884,0.06660545452801099,0.004249500956466472,0.4579665731079746,0.334724223844263,0.020451400283951718,0.02591501185771417,0.001538766030338625,1.0,0.4308199086528328
931,0.97,0.06999999999999995,0.3850207855982116,0.0667378943449104,0.0042794011631114666,0.45783716978152156,0.33458503628902714,0.020871525377087717,0.025856961664130616,0.0015430097181480795,1.0,0.427305968174046
932,0.97,0.06999999999999995,0.3854433118208923,0.0668307537875158,0.0033302939226378505,0.45772581851344396,0.3344652954155744,0.02130448313858418,0.025796923836795185,0.0010944584387398738,1.0,0.42103568582875583
933,0.98,0.07999999999999996,0.386847582990272,0.06604062616539108,0.0031596716724996386,0.437353499614608,0.30227718147078303,0.021736814101396603,0.02568081101144304,0.0010897261037006228,1.0,0.4189782813464873
934,0.98,0.07999999999999996,0.3880556968047733,0.06549790057977128,0.0031349804054031636,0.43706309090906675,0.3019685533033088,0.02217982092582673,0.025549352947754168,0.0010852746932600496,1.0,0.41831155310459833
935,0.98,0.07999999999999996,0.3892501600152935,0.06486493387336674,0.00304465438986052,0.4367763424717407,0.3016640313168033,0.022625177167987204,0.02540207271473277,0.0010807482145442676,1.0,0.4138353290220411
936,0.98,0.07999999999999996,0.3905769604769923,0.0639875629306194,0.003043161785048475,0.4364582653115866,0.3013264898880174,0.023076420955995016,0.02523815959217836,0.0010761639578231088,1.0,0.4136505545186353
937,0.98,0.07999999999999996,0.39190794452180017,0.06307856120147191,0.003025726951038764,0.43613965033613955,0.3009886422420692,0.023527632387807335,0.025056725358033907,0.0010714834156266896,1.0,0.4144014552093297
938,0.98,0.07999999999999996,0.3932660859712654,0.06208343481370782,0.0030252120509620976,0.43581501349492474,0.30064468119369275,0.023990673315695363,0.02485680929028388,0.0010668232120375814,1.0,0.41464024641741215
939,0.98,0.07999999999999996,0.3946170292084267,0.061045979909301454,0.0030237464899285707,0.43549257633523325,0.3003033221677359,0.024460957347219786,0.024637374714564547,0.0010621479652523015,1.0,0.41421019150268856
940,0.98,0.07999999999999996,0.3959803400182149,0.059950967592480746,0.0029982191570378,0.4351676706582657,0.29995962303088985,0.024932281401047404,0.024397311128877733,0.001057361050773713,1.0,0.4148718033083453
941,0.98,0.07999999999999996,0.39737529606741356,0.058738574372731236,0.0029955524525986715,0.4348357246833502,0.2996087593160813,0.025409244704023115,0.024135344409653835,0.0010525356021434003,1.0,0.41484750948754445
942,0.98,0.07999999999999996,0.3987789327473438,0.057462223852183796,0.0029435227640806205,0.43450222381336395,0.29925653973826166,0.02589295436901518,0.02385010983966589,0.0010477212109817663,1.0,0.41542727500042365
943,0.98,0.07999999999999996,0.4002397378236258,0.055990870050249324,0.0029389858921437667,0.43415568266947185,0.29889085303336976,0.026383376759887563,0.023540160520421752,0.0010428746787367535,1.0,0.415413409959435
944,0.98,0.07999999999999996,0.40169104357184815,0.054450641374945374,0.0029185370009703667,0.4338119419748835,0.29852842827194415,0.026882029364276153,0.023203819559785434,0.001037886975645736,1.0,0.4149264925162108
945,0.98,0.07999999999999996,0.40317059937317395,0.052762373077421786,0.0028852707241429055,0.43346207013013943,0.2981598524558496,0.02738974339679712,0.022838990933391184,0.001032903696361771,1.0,0.4152401401571646
946,0.98,0.07999999999999996,0.40468929382572294,0.05087740388823379,0.002885704848810647,0.4331035295868674,0.29778247206521874,0.027904347984176257,0.022443558230075617,0.0010280033899398731,1.0,0.4155469962325997
947,0.99,0.08999999999999997,0.4062155417037833,0.048865947448931045,0.0028758318014249387,0.414793855811889,0.26910242667006024,0.028426768997743913,0.022015320521511787,0.0010238900478001932,1.0,0.4160384610504161
948,1.0,0.09999999999999998,0.40773345427150254,0.046764521050997654,0.002493489750782681,0.39797115166385977,0.24318669326409295,0.028953499864151595,0.02155320959517415,0.001021136910728116,1.0,0.41667382652530144
949,1.0,0.09999999999999998,0.40886634398873917,0.04557977485268446,0.002480217071326676,0.39774563964345533,0.24295788170597374,0.02948773474037171,0.021057396453520442,0.0010184263221940304,1.0,0.41665876996551376
950,1.0,0.09999999999999998,0.4099776474200843,0.044365042827646084,0.002459514746020534,0.3975246727483949,0.24273384792314812,0.030025065451895806,0.020525045046008075,0.0010156417270184995,1.0,0.4158291932022978
951,1.0,0.09999999999999998,0.41106783048670786,0.043158424680328836,0.0024657209084411255,0.39730814376861956,0.24251447301181012,0.030570559955659486,0.019952668962532755,0.001012863431739639,1.0,0.4165962636986735
952,1.0,0.09999999999999998,0.4121706486026684,0.0418942703911526,0.00247779528535944,0.3970893451203863,0.24229295865933984,0.031122974417829696,0.019336193984020925,0.001010071531823417,1.0,0.4180124290490891
953,1.0,0.09999999999999998,0.41260077636470976,0.04102938960038985,0.003155064244235368,0.397004073264945,0.24220667195263793,0.03168366291714093,0.018670695520259302,0.001007230138939257,1.0,0.3505225916216904
954,1.0,0.09999999999999998,0.412299954299177,0.04190300607977303,0.0038227509845238828,0.39706370670814084,0.24226701254910937,0.08188515132803,0.01891126054137901,0.0015057214188329757,1.0,0.2769873983655754
955,1.0,0.09999999999999998,0.41203657611191347,0.04268578370039978,0.0037841841747500086,0.3971159321772662,0.24231986713008344,0.08280983782069208,0.019154389178740672,0.0015063732270393755,1.0,0.2732975802249635
956,1.0,0.09999999999999998,0.411833454652584,0.0432998028993031,0.0037075126831615343,0.39715621867631173,0.24236064518007427,0.08374247483566227,0.019400039316280232,0.0015069619467799802,1.0,0.2718153207101371
957,1.0,0.09999999999999998,0.4115417434132052,0.04425414990090567,0.003846676628893733,0.39721409010671554,0.2424192322606734,0.0846842711528355,0.019648072023874863,0.0015075826894653333,1.0,0.25388360552311695
958,1.0,0.09999999999999998,0.41125910408662925,0.045180945153752684,0.0038758968766691767,0.3972701778855855,0.24247602436848711,0.08563385010980887,0.019898533798578893,0.0015081809347519566,1.0,0.2506363122438673
959,1.0,0.09999999999999998,0.4109650467824828,0.04612496074483117,0.0038826215526418166,0.3973285482962193,0.2425351389972876,0.08659350630686433,0.0201514321702866,0.001508748057804653,1.0,0.24984900323629783
960,1.0,0.09999999999999998,0.41067605626359055,0.047031652815487504,0.0038786324154775993,0.3973859296635824,0.24259326313509436,0.08756176313700416,0.020406639168821843,0.0015093228030664122,1.0,0.250234115675445
961,1.0,0.09999999999999998,0.41036346124449474,0.04800392890680734,0.0038907758939049184,0.39744801655490836,0.24265616617664273,0.08853851688581356,0.02066417318046976,0.0015099165176323192,1.0,0.24709362863667328
962,1.0,0.09999999999999998,0.4100700633490433,0.04890296333755929,0.0024060465899102667,0.39750630821116417,0.2427152358934556,0.08952873163211407,0.020924246307047225,0.0008033205215365058,1.0,0.24707505832665186
963,1.0,0.09999999999999998,0.4083091013423057,0.05149246925019081,0.002406818675570619,0.39785653192217146,0.24307037506719031,0.09053061839698485,0.021959843311027526,0.0008134405898685339,1.0,0.24732541860353946
964,1.0,0.09999999999999998,0.4064771871962944,0.05410824822685457,0.0024764361383670572,0.3982215222693511,0.24344092800949427,0.09155296197891764,0.022950404395482356,0.0008237672927163399,1.0,0.24040412847267204
965,1.0,0.09999999999999998,0.4046276201552169,0.05659643301337193,0.0024942072669809057,0.39859070979629874,0.24381619965718396,0.09257805548372998,0.02390099839612803,0.0008341217725629292,1.0,0.2386096776520374
966,1.0,0.09999999999999998,0.40276775304182727,0.058951599883522665,0.002497125821060466,0.3989626442090332,0.24419472963831035,0.09362079404394516,0.024816102498148494,0.0008446544852923754,1.0,0.23754456133295246
967,1.0,0.09999999999999998,0.40090242392025144,0.061150631176547766,0.0024939241719374133,0.3993363687442142,0.24457555365208317,0.09467168810749241,0.025699129945360666,0.0008552695768433577,1.0,0.2377745399795367
968,1.0,0.09999999999999998,0.39903268573722916,0.06321335328483618,0.0024868246434303592,0.3997116799594141,0.2449584716944447,0.09571395117697505,0.026552469169596988,0.0008657974866361117,1.0,0.23788057574465848
969,1.0,0.09999999999999998,0.39715427206935133,0.06515517500632159,0.0024841198655002725,0.4000894436504093,0.2453443757421327,0.09676703871506073,0.027378585425032836,0.000876434734495563,1.0,0.2378219163464233
970,1.0,0.09999999999999998,0.39525609904280956,0.06702559608908738,0.0024940774146643844,0.400471907144392,0.24573557629871226,0.09783355406332803,0.028179621653950694,0.0008872076168012934,1.0,0.23617241289335178
971,1.0,0.09999999999999998,0.39330610387798887,0.06889431696270268,0.002537032381070714,0.4008655744917784,0.2461387582658292,0.09892360397542299,0.028957642357163714,0.0008982182219739697,1.0,0.2316539051512776
972,1.0,0.09999999999999998,0.39133638463286635,0.07069730576363313,0.0025452849540733825,0.4012640102801677,0.24654736377740483,0.10000428997056067,0.029713658627488062,0.0009091342421268753,1.0,0.22994746318895318
973,1.0,0.09999999999999998,0.389357112350346,0.07239865758401078,0.002545271501228674,0.40166517707214794,0.24695931979400743,0.10110659781696742,0.030449227390629326,0.0009202686648178527,1.0,0.22988159668422595
974,1.0,0.09999999999999998,0.38733652763993953,0.07409519329649977,0.0025832427545811345,0.40207554550490643,0.24738129687964042,0.10221889563445473,0.031165442640924124,0.0009315039963076237,1.0,0.22581755223196803
975,1.0,0.09999999999999998,0.38530057781237526,0.07572415405074873,0.00259524936086008,0.4024898834825519,0.24780794386499122,0.10334096985169268,0.031863246020277694,0.0009428380793100271,1.0,0.22458593088654227
976,1.0,0.09999999999999998,0.38325924135879136,0.07727738957832862,0.0025985728582435075,0.4029061759248107,0.24823719969523153,0.10447286894416075,0.032543454463175914,0.0009542714034763713,1.0,0.22400430096078652
977,1.0,0.09999999999999998,0.3811754437937851,0.0788262959602998,0.0026386461686494674,0.4033320166476682,0.24867692088529286,0.10561537461149655,0.03320679298204744,0.0009658118647625914,1.0,0.2200107935033263
978,1.0,0.09999999999999998,0.37909289922371714,0.08028948460348978,0.0026332730223592614,0.40375850161174415,0.2491179368471697,0.10676508883707071,0.0338538204845052,0.0009774251397683912,1.0,0.2201098432698961
979,1.0,0.09999999999999998,0.3769452349799932,0.08178439875257094,0.0026855091328106284,0.4041992681649007,0.24957438443624583,0.10792015619155695,0.034484979987643855,0.0009890924867834037,1.0,0.21422886715359685
980,1.0,0.09999999999999998,0.37480309009715634,0.08320468843186785,0.002681394975411429,0.4046398616478305,0.25003132824898705,0.10907612201708893,0.035100558982803655,0.0010007689092635245,1.0,0.21407120206069624
981,1.0,0.09999999999999998,0.3725980852837629,0.08468173049747806,0.0027411782123251092,0.40509438842582696,0.2505034316980885,0.11024347072539611,0.035701001112218904,0.0010124712870278809,1.0,0.20722024232961642
982,1.0,0.09999999999999998,0.3703955371164575,0.08609618440431233,0.002746410029215932,0.4055494293726657,0.25097679238084875,0.11143691029597308,0.03628705022172704,0.001024347712573617,1.0,0.2065334876617852
983,1.0,0.09999999999999998,0.3681933767842256,0.08742733652038677,0.0027405291133275342,0.40600541336431195,0.2514518615851468,0.11264089376028899,0.03685908047016699,0.001036241900042409,1.0,0.20674107596477795
984,1.0,0.09999999999999998,0.3658954471338849,0.08888119439465982,0.0028357495582254726,0.4064823220782082,0.25194951229726636,0.11387279496295469,0.03741775475421895,0.0010483289873540315,1.0,0.19637434517795113
985,1.0,0.09999999999999998,0.36360621693846196,0.09026092520521002,0.002833807145139841,0.40695854066036735,0.2524472415213424,0.11509460610046035,0.03796296088742311,0.0010602252493357785,1.0,0.1963043839278108
986,1.0,0.09999999999999998,0.36110499264536744,0.09196098103018291,0.0030222958952887957,0.40748013670619426,0.2529933159483074,0.11632741652033654,0.03849497135631669,0.0010721376358936328,1.0,0.17536723430625822
987,1.0,0.09999999999999998,0.3585797545384214,0.09354921680998143,0.003003625233618599,0.4080080986303633,0.2535470349683728,0.11756621754116234,0.03901394027510721,0.0010840216577076584,1.0,0.1752426162779172
988,1.0,0.09999999999999998,0.3559892054551242,0.09511652936268233,0.0030393198312657884,0.40855113894999484,0.2541175993137524,0.11880551305842459,0.03951989315340171,0.0010958209221109696,1.0,0.17068453217648527
989,0.99,0.08999999999999997,0.3533833401160134,0.09659043536208994,0.003037164409349754,0.42654891741168793,0.281480549516711,0.1200532410738349,0.04001298413254983,0.0011076215596810643,0.0,0.17017722552948322
990,0.99,0.08999999999999997,0.350831814843803,0.09785538369349979,0.003098537195132189,0.4271335155262325,0.28210723923689607,0.12119562602503217,0.040491308564389844,0.0011182681573511666,1.0,0.1763319256362284
991,0.99,0.08999999999999997,0.34827744139930206,0.09904545567653363,0.003098032970251853,0.42772037351378356,0.2827374299560289,0.1223469635206896,0.040955082359848564,0.001128915037442664,1.0,0.17596831409287977
992,0.99,0.08999999999999997,0.34571155161373235,0.10018644617032535,0.003107489885742471,0.42831150312590005,0.28337330284897927,0.12349576734089272,0.04140429458289393,0.0011394447214405031,1.0,0.17440315017950553
993,0.99,0.08999999999999997,0.34310550973601667,0.10133344211176884,0.0031484296945731884,0.4289135578172609,0.28402206046868533,0.12465557358493463,0.041839156550923615,0.0011499932519921105,1.0,0.16975901168510185
994,0.99,0.08999999999999997,0.3404384514881316,0.10248940235781222,0.003198473145059262,0.4295314636556742,0.2846890906348336,0.12581952854332404,0.04225973795035291,0.001160494989263739,1.0,0.16424847208833196
995,0.99,0.08999999999999997,0.3377521354804163,0.10361066935668169,0.0032208867990191274,0.4301556334367878,0.2853641117448594,0.1269909096152387,0.04266614351902039,0.001170980074892334,1.0,0.16176645810664853
996,0.99,0.08999999999999997,0.33505544284763594,0.10466145333778815,0.00322758572075474,0.4307840414462319,0.2860449676208244,0.12816526456866933,0.043058387353594706,0.0011814224372453982,1.0,0.16099185783981396
997,0.99,0.08999999999999997,0.3323569636254627,0.1056387164929512,0.003226816023563947,0.43141470636272755,0.28672953451902783,0.12935181735955859,0.04343660366541841,0.001191890859863477,1.0,0.1607017918855094
998,0.99,0.08999999999999997,0.3296440490200338,0.10655235657548627,0.0032368489977191136,0.432050609156241,0.28742107441038467,0.13054726411970757,0.04380087609945579,0.0012023911164569395,1.0,0.15962451953613227
999,0.99,0.08999999999999997,0.3292125332449947,0.1062285776153011,0.005519483120392551,0.4321519285998202,0.2875313782441156,0.015806476998571135,0.04375713148523696,0.002359703652569554,1.0,0.3876803946671067
1000,0.99,0.08999999999999997,0.32875582402882714,0.10587938396704238,0.005521158226531113,0.4322592152124596,0.28764821427085463,0.01571900294458662,0.043715934747200313,0.0023588415261511938,1.0,0.3872361475405449
1001,0.99,0.08999999999999997,0.3282963438377532,0.10552430200916396,0.005516907431476941,0.4323672065306403,0.2877658550282908,0.015635703322734305,0.043677318354857816,0.002357850917418509,1.0,0.3872374616687698
1002,0.99,0.08999999999999997,0.3278260074301055,0.1051618251571142,0.005517155557349406,0.432477805278695,0.2878863750068693,0.015557978519684683,0.04364132662098848,0.002356723165803009,1.0,0.38572969717280003
1003,0.99,0.08999999999999997,0.3273639291681112,0.10480715517781188,0.005515542753709028,0.4325865172531643,0.28800487724892276,0.015484680561340563,0.043608007357490305,0.0023554759503388086,1.0,0.3850723117035385
1004,0.99,0.08999999999999997,0.3268935884251466,0.10444098791756921,0.005513298273220768,0.4326972292633476,0.2881255986769054,0.015415250029184759,0.04357740556928598,0.002354111215877152,1.0,0.38506311663617776
1005,0.99,0.08999999999999997,0.32644554712651724,0.10408520332705748,0.005476643424474812,0.4328027449938522,0.2882406907089165,0.015349602918613698,0.04354956900340333,0.002352622456872796,1.0,0.3870616624339976
1006,0.99,0.08999999999999997,0.3260593770972065,0.10378544754895012,0.005474315592470422,0.4328937310645611,0.288339963165525,0.015287595480952468,0.0435245524065824,0.0023510167877614334,1.0,0.38762141354219354
1007,0.99,0.08999999999999997,0.32569344422505003,0.10349289816452495,0.005487903853498161,0.43297998433742024,0.2884340963902344,0.015229572511804073,0.04350239901297973,0.0023492906029667867,1.0,0.39043533573425226
1008,0.99,0.08999999999999997,0.325320848141086,0.10318873627113147,0.00548475050819918,0.43306784350528926,0.2885300068439806,0.015175072924490263,0.04348315448628794,0.002347457676962654,1.0,0.3912376989038059
1009,0.99,0.08999999999999997,0.32493838493779975,0.10287187119306618,0.005483362654236178,0.43315806645958954,0.288628523569298,0.015124054831686076,0.04346685320294763,0.0023455090370669658,1.0,0.3913655313257334
1010,0.99,0.08999999999999997,0.3245557709556411,0.10255151295811589,0.005482978213046011,0.4332483626057557,0.2887271464715695,0.015077234880634614,0.04345352963365381,0.002343393163740557,1.0,0.39161568340276454
1011,0.99,0.08999999999999997,0.32418082734199305,0.10223486449989652,0.005483282510785819,0.43333688508930635,0.2888238576598127,0.0150344332149587,0.043443262426554614,0.0023411933413163616,1.0,0.39209450849895827
1012,0.99,0.08999999999999997,0.3237946675981599,0.10190669806191965,0.0054857010254694746,0.4334280934718715,0.28892352963147655,0.014995620816204269,0.043436044890826954,0.0023388888284969927,1.0,0.3914215951004124
1013,0.99,0.08999999999999997,0.3234021023479265,0.10157005891762384,0.00547997279373975,0.43352085415672553,0.28902492547173536,0.014960510798146653,0.043431892183705606,0.0023364628306026675,1.0,0.3912145249052479
1014,0.99,0.08999999999999997,0.3230143706964265,0.1012370110827439,0.005474876574807998,0.4336125116753162,0.2891251427233998,0.01492882572070936,0.04343083936977534,0.0023339132906145085,1.0,0.3909237196421801
1015,0.99,0.08999999999999997,0.3226128434644011,0.10088896390297097,0.005478602694307724,0.43370747124882825,0.2892289990063965,0.014901046492924045,0.04343291853996389,0.0023312523521401072,1.0,0.39033949252694133
1016,0.99,0.08999999999999997,0.3222056892319536,0.10053518283642782,0.005485485256881429,0.4338038040647027,0.2893343869464541,0.014876868919840282,0.043438144961347784,0.0023284764387003095,1.0,0.38956145119996843
1017,0.99,0.08999999999999997,0.32179265380874705,0.10017413791004737,0.0054874820987047615,0.43390157210751384,0.28944137567856454,0.014856995747506825,0.04344653044587229,0.0023255270326832684,1.0,0.38906999975625156
1018,0.99,0.08999999999999997,0.32137807737010804,0.09981025405323664,0.005488313169556566,0.4339997492439081,0.28954884317702395,0.014841112870088241,0.04345813671419854,0.0023224199261306084,1.0,0.3886221341097869
1019,0.99,0.08999999999999997,0.3209616043558014,0.09944355287385645,0.005487008983007464,0.43409842025807305,0.28965688269263035,0.014829227721158071,0.043473008874174365,0.002319198519518362,1.0,0.38806688691088975
1020,0.99,0.08999999999999997,0.3205297112847268,0.09906036907835876,0.00549474380066501,0.4342007920004684,0.28976900760020996,0.014821372073329134,0.04349114600954578,0.0023158021624439047,1.0,0.3872092429013553
1021,0.99,0.08999999999999997,0.32009577625351243,0.09867201605739061,0.00549531143947864,0.43430369638762767,0.2898817500832094,0.014817445427849258,0.04351260189824728,0.0023123067830584363,1.0,0.38709694394881505
1022,0.99,0.08999999999999997,0.3196581605646654,0.09827744406408907,0.005490353018222772,0.43440752302496366,0.28999553773860287,0.014817445427849258,0.04353735528806196,0.0023087031406381184,1.0,0.3867849808955397
1023,0.99,0.08999999999999997,0.3192137199531959,0.09787099155317658,0.005490630986476442,0.434513019733536,0.290111191459548,0.014821316981934748,0.04356539104766693,0.002305053966933206,1.0,0.3869053353909022
1024,0.99,0.08999999999999997,0.318770819457684,0.09746231708767267,0.005488484390564971,0.4346182018517998,0.2902265362124589,0.014829000987474906,0.04359670603293843,0.0023013624853720945,1.0,0.386966511348405
1025,0.99,0.08999999999999997,0.3183288302933429,0.09705179193193074,0.005485996514314503,0.43472321832065525,0.29034173509982697,0.01484056271171144,0.04363128916645084,0.00229759284771888,1.0,0.38678395551275796
1026,0.99,0.08999999999999997,0.3178980688035921,0.0966474817631872,0.005492484199141379,0.4348256159422064,0.29045409566589125,0.014855995793446576,0.04366915837525549,0.0022937809512754933,1.0,0.3874778673873356
1027,0.99,0.08999999999999997,0.31746445492935643,0.09623770685919168,0.005495302360368158,0.4349287403433266,0.29056728811852267,0.01487517281729923,0.04371029600779946,0.0022899377673365265,1.0,0.38714099786213646
1028,0.99,0.08999999999999997,0.3170297236763038,0.09582366321234886,0.005492653706779083,0.4350321796009593,0.2906808608566495,0.014898111481118467,0.043754669617599315,0.0022860701288526515,1.0,0.386971388416685
1029,0.99,0.08999999999999997,0.31660899302183415,0.09541817464626051,0.0054942800969395465,0.43513233444005733,0.2907908605366628,0.014924844090695433,0.04380223719693445,0.0022821523352571753,1.0,0.3879396221242203
1030,0.99,0.08999999999999997,0.3161825945503708,0.09500120569295664,0.005461214429298019,0.4352338855648619,0.29090242703747804,0.014955240790783414,0.043852976900928035,0.002278215684822347,1.0,0.388180061506496
1031,0.99,0.08999999999999997,0.3157812757717236,0.09461491377895574,0.005408039569216011,0.43532950701576795,0.29100750970735295,0.014989742558065901,0.043906830951397226,0.002274190876799983,1.0,0.3871740903093247
1032,0.99,0.08999999999999997,0.31543586700518,0.094292532747199,0.005394119131364075,0.43541184054611015,0.2910980135188715,0.015028094938513207,0.0439638020710431,0.0022702112951599315,1.0,0.3864948091743978
1033,0.99,0.08999999999999997,0.31511109370759216,0.09399078891560443,0.005387446547236949,0.4354892837058819,0.29118316180086173,0.015070225983657098,0.0440237770746985,0.002266162044864111,1.0,0.38650095158770126
1034,0.99,0.08999999999999997,0.3147916612621669,0.09369332378766998,0.005343571991106348,0.43556548020080593,0.29126695843602696,0.015115455542249261,0.044086740410960217,0.002262120361191704,1.0,0.3863683085620735
1035,0.99,0.08999999999999997,0.3145382242869719,0.09345905556435828,0.0053631532884504335,0.4356259532987778,0.29133347681615446,0.015164276574798139,0.0441526002507211,0.0022580554848739367,1.0,0.38849163150254373
1036,0.99,0.08999999999999997,0.3142883998430009,0.09322688729346247,0.0053573510453019104,0.4356855808403953,0.2913990767752116,0.015216543469679034,0.04422129227763143,0.00225402574207665,1.0,0.38866811012153435
1037,0.99,0.08999999999999997,0.31403511565582065,0.0929886527582094,0.00535902917824824,0.43574605081215617,0.2914656153741448,0.015272521018819573,0.04429270097376789,0.00224991399077617,1.0,0.3890730364913034
1038,0.99,0.08999999999999997,0.31378178947880625,0.09274842832362837,0.0053570548076416575,0.4358065476008049,0.29153219540553826,0.015332795862605123,0.04436679458923915,0.0022457724838293126,1.0,0.38930762871597535
1039,0.99,0.08999999999999997,0.313532612482201,0.09251145274889457,0.005350524757825093,0.4358660699141951,0.291597714616921,0.015396307153918029,0.04444351188949844,0.0022416531629958305,1.0,0.38929249184215853
1040,0.99,0.08999999999999997,0.31327197391275374,0.09226195532386948,0.005355173764468891,0.4359283475186629,0.2916662790825998,0.015464329141281005,0.04452273081709643,0.002237522442636106,1.0,0.3888079463636217
1041,0.99,0.08999999999999997,0.313010094799353,0.09201009109939053,0.0053508160139969,0.4359909394682616,0.2917352023718582,0.015536544018012388,0.044604364647584015,0.0022333659296233715,1.0,0.38865959814746964
1042,0.99,0.08999999999999997,0.3127328242138549,0.09174242933267018,0.005360366687288453,0.43605722973962235,0.2918082120142535,0.015612142641873909,0.044688339334560886,0.0022291757905626565,1.0,0.38770021645061725
1043,0.99,0.08999999999999997,0.3124477653039315,0.09146681314993245,0.005363455374564235,0.4361254030741774,0.2918833105498676,0.015691474470088146,0.044774574118987956,0.0022249402271669553,1.0,0.3869075189670905
1044,0.99,0.08999999999999997,0.31216565365490717,0.09119339961656284,0.005362228543375948,0.43619289254609894,0.29195767069839357,0.015774027265375905,0.04486299997328393,0.002220645669215105,1.0,0.38671532761377725
1045,0.99,0.08999999999999997,0.31187862262833166,0.09091326237952656,0.005360929897302444,0.43626158031960954,0.2920333664115043,0.01586048004663645,0.04495354313849573,0.0022163209034967352,1.0,0.386537037499619
1046,0.99,0.08999999999999997,0.3115533347147618,0.09059940700152272,0.005391509370092224,0.43633944928708945,0.29211919867744396,0.015950789804605,0.04504611210782281,0.002211956143339169,1.0,0.3830182048756143
1047,0.99,0.08999999999999997,0.31119954099460256,0.09025913812782807,0.005408920989953243,0.4364241736748503,0.29221260994156173,0.016044542912820144,0.045140621699179734,0.002207582630630153,1.0,0.380659089034488
1048,0.99,0.08999999999999997,0.3107799335830206,0.08986449465336106,0.005468829546595601,0.4365247013906634,0.2923234753018132,0.0161420075786827,0.045236959287765076,0.002203170810323511,1.0,0.37471308536710685
1049,0.99,0.08999999999999997,0.3103611164895172,0.08946678173653466,0.005461096197957719,0.4366250859572998,0.2924342157692716,0.01624395111949858,0.04533502255617295,0.0021987729601143373,1.0,0.3747770606151727
1050,0.99,0.08999999999999997,0.3099540869869847,0.08907777177991749,0.005456875105407218,0.43672268945268,0.2925419198744889,0.016348931251926595,0.0454346931994537,0.0021943233199998354,1.0,0.37512624294904845
1051,0.99,0.08999999999999997,0.3095566828601901,0.0886889193586394,0.005460041193485523,0.43681802694472993,0.29264715357918425,0.016458447300857045,0.04553586697215753,0.0021898495986539795,1.0,0.37685585101921626
1052,0.99,0.08999999999999997,0.3091360604917449,0.08827231721124762,0.004787473732750643,0.4369189798612431,0.29275861804339004,0.016570201875839206,0.04563844915244301,0.002185314912549646,1.0,0.37595019220457077
1053,0.99,0.08999999999999997,0.30938617707931654,0.08842453377965243,0.004048895435473874,0.4368589441473297,0.2926923271920443,0.016685603723605148,0.04574233662194501,0.0016793948462554727,1.0,0.3755342503788558
1054,0.99,0.08999999999999997,0.3102786186927078,0.08854331645444742,0.0041055911176309,0.4366448649619931,0.29245603910857043,0.016804353973970083,0.045828872635891166,0.0016712540761312585,1.0,0.3662315597046984
1055,0.99,0.08999999999999997,0.31112958612862945,0.08859271968909238,0.0041697827981636805,0.43644092994067424,0.29223108702292355,0.01692601958720641,0.04589940444441948,0.0016630624458107146,1.0,0.35839432381712677
1056,0.99,0.08999999999999997,0.3119951760371238,0.08862722641590956,0.003988856505946904,0.4362336859732922,0.2920026242581584,0.017052026889302054,0.04595339097330647,0.0016548221527291228,1.0,0.3583743115595674
1057,0.99,0.08999999999999997,0.3130952753886139,0.08858182601321553,0.004011805352748058,0.43597057841088194,0.29171278033775055,0.017182397361847727,0.045990256942848556,0.0016465473195530853,1.0,0.3638935406721313
1058,0.99,0.08999999999999997,0.31422671194331153,0.08849936672512365,0.004004999938111059,0.4357003068838818,0.2914152795930733,0.01731571068890532,0.04600941865609088,0.0016382004218763392,1.0,0.36377996771362475
1059,0.99,0.08999999999999997,0.3153650218380028,0.0883960040801013,0.004002119762040854,0.43542873143824656,0.29111658328748374,0.017452939871884985,0.046010236993719276,0.0016298062032181562,1.0,0.36367999270542783
1060,0.99,0.08999999999999997,0.3164943758348738,0.08827802922310203,0.003975554007536942,0.4351596270293442,0.290820841535697,0.017593804202920265,0.04599205115132759,0.0016213628757658924,1.0,0.3631695153625435
1061,0.99,0.08999999999999997,0.31764787265107086,0.08811712828524268,0.003982701833760585,0.4348851129781939,0.29051939719360376,0.017737812169840675,0.04595416800844765,0.0016128153325398308,1.0,0.3624433102563813
1062,0.99,0.08999999999999997,0.3188012996274741,0.0879405259635882,0.003980431066210246,0.4346109616443465,0.29021859531090666,0.017884842749376337,0.045895812095082957,0.0016041804215768494,1.0,0.3624177559669773
1063,0.99,0.08999999999999997,0.3199523005905188,0.08775052141977592,0.003910597417828103,0.4343377312788037,0.2899190463993896,0.01803576067420749,0.04581616808300822,0.0015953781422121864,1.0,0.36242551490801256
1064,0.99,0.08999999999999997,0.32117775307747687,0.08748634547581903,0.0038977631899475723,0.43404720458527896,0.28960080032278174,0.018191257933659166,0.045714281082222814,0.0015865943417539983,1.0,0.36294937716847464
1065,0.99,0.08999999999999997,0.3224253009306557,0.08718902788303856,0.003891197225122996,0.43375183855423705,0.28927753304087933,0.01835023069916396,0.04558931013704847,0.0015776674145347017,1.0,0.3633644629699265
1066,0.99,0.08999999999999997,0.3236868576608655,0.086863823652601,0.0038922658386322732,0.4334535643238118,0.2889513688177506,0.01851467538521264,0.04544019843307179,0.0015687133804185545,1.0,0.36370023435392923
1067,0.99,0.08999999999999997,0.32495341892683455,0.0865246265433456,0.0038985728735554358,0.43315451923629894,0.2886246497712905,0.01867998273779325,0.04526594294140502,0.0015598552418639884,1.0,0.3644306665764441
1068,0.99,0.08999999999999997,0.32622337629182097,0.08616855447705875,0.0039024818257636738,0.43285508630773295,0.2882977956560475,0.01884839272147837,0.04506564380804601,0.0015509191049508512,1.0,0.3648763122432948
1069,0.99,0.08999999999999997,0.3253518320265833,0.08748891759985676,0.006049545653718858,0.43306053606176903,0.2885220288093344,0.13175556355662013,0.04559789156272334,0.002680622695727361,1.0,0.15066748982266015
1070,0.99,0.08999999999999997,0.32449579692306285,0.08876676710977595,0.006004899992499432,0.4332625197724027,0.2887426115392729,0.13295807300622495,0.04613200032247911,0.002681758650651703,1.0,0.15056890254130917
1071,0.99,0.08999999999999997,0.323583328405863,0.09017425813641324,0.006090308145506479,0.4334780266524758,0.28897810767627335,0.1341606876528957,0.04666767766660808,0.0026829902531924415,1.0,0.14040705343128707
1072,0.99,0.08999999999999997,0.32265679990688395,0.09159637807596516,0.006121081616572224,0.4336970736998754,0.28921762589734556,0.13537642846256395,0.047205252754842754,0.002684136040700133,1.0,0.13729461329105105
1073,0.99,0.08999999999999997,0.3216883446193462,0.09307226443798336,0.006123046272211994,0.43392626970901105,0.2894684074453206,0.13659933444743547,0.04774458557073826,0.0026852532949161356,1.0,0.13303606793045583
1074,0.99,0.08999999999999997,0.32076382153924177,0.09446870104851077,0.006113930665602326,0.43414529478557207,0.2897082188433442,0.13783415369266933,0.0482857584591124,0.002686392133582761,1.0,0.13336524422152435
1075,0.99,0.08999999999999997,0.31981231541375316,0.09590096041623118,0.006147751836896172,0.4343709433084079,0.2899554446190164,0.13907838499103994,0.048828807050991685,0.0026875268023292503,1.0,0.1294353183376778
1076,0.98,0.07999999999999996,0.3188628782187265,0.0973044873657164,0.006111198598735578,0.45434186609602695,0.32072342276942595,0.14032851341702243,0.049373699351309745,0.0026886139009014397,0.0,0.12906058145811639
1077,0.97,0.06999999999999995,0.3180166535385909,0.09852085532393996,0.006174114702423239,0.47620824548710056,0.3547236427288876,0.1414883596200893,0.04991859839807243,0.002688716244108436,0.0,0.13538832548976468
1078,0.96,0.05999999999999994,0.3171794177800157,0.0996980265939047,0.006124791124709275,0.5002829662916682,0.39232531734944276,0.14255798659715282,0.050461745996014565,0.0026878532099930555,0.0,0.13638626741238152
1079,0.96,0.05999999999999994,0.318798763596069,0.09932712230911225,0.008545190278786505,0.49977380679027367,0.39175501883775377,0.019019780770437526,0.05019260625392215,0.00392403745242925,1.0,0.37616344875892793
1080,0.96,0.05999999999999994,0.32043576328427087,0.0989358190191418,0.008492228282734746,0.4992601488199835,0.39118018576745545,0.019196886938554026,0.049890924441811764,0.003914035002528335,1.0,0.3777711708808835
1081,0.96,0.05999999999999994,0.3221351875433241,0.09843480135489992,0.0084914378582712,0.4987280190879984,0.39058521422773246,0.01937809306952068,0.049555140711591755,0.0039038104223302512,1.0,0.3771626682349432
1082,0.96,0.05999999999999994,0.32384404434158176,0.09789492111673297,0.008491931908267223,0.49819407836959567,0.3899887625103918,0.019562623651442915,0.04918337041705038,0.0038935129184676886,1.0,0.377419167487542
1083,0.96,0.05999999999999994,0.32555393860324633,0.09732624668284434,0.008390362250255749,0.4976609565866735,0.3893937692083091,0.0197520382924284,0.048773763004392,0.0038829827511779893,1.0,0.3777305021312327
1084,0.96,0.05999999999999994,0.32735773157494136,0.09658408278461228,0.00839952284150457,0.49709979377157104,0.38876806654425067,0.019945272730828426,0.048324052147715776,0.0038725930875506596,1.0,0.3767536423474587
1085,0.96,0.05999999999999994,0.32915991893361984,0.09580010293712005,0.008190364992315166,0.4965403928888126,0.38814492577265053,0.020141341468627828,0.047832325986277124,0.003862120949347864,1.0,0.3765231197956571
1086,0.96,0.05999999999999994,0.33117754000306554,0.09465768687385345,0.008195229673394339,0.4959156130433515,0.3874496605072197,0.020342321062776208,0.04729615256195568,0.0038516379046339513,1.0,0.377129341250836
1087,0.96,0.05999999999999994,0.333184217824722,0.09345000915087945,0.008161500973453376,0.49529577946253794,0.3867606324160651,0.02054714515158939,0.04671293334339554,0.00384118869828598,1.0,0.37591039844355933
1088,0.96,0.05999999999999994,0.33523033014204245,0.09209989131080608,0.008162585093534444,0.49466535851325566,0.3860605826348367,0.020759573521117878,0.04607986586398499,0.0038307311261053553,1.0,0.3752957639085313
1089,0.97,0.06999999999999995,0.33726603440558245,0.0906678358346144,0.008116053900790112,0.4707812695745413,0.34869412317057713,0.020970105770013646,0.04539372636509668,0.003821318472546755,1.0,0.3737476518834752
1090,0.97,0.06999999999999995,0.33918685673571536,0.08926181198751204,0.008166254725947699,0.47024651193660844,0.34810368880330644,0.021183907003512182,0.04465300679189661,0.003811848409292624,1.0,0.3684141586495253
1091,0.96,0.05999999999999994,0.33888701885397104,0.08985794153132158,0.010397208956429682,0.4935426959009751,0.38481578697785396,0.14353438710652913,0.04510382579040414,0.005036107765684683,0.0,0.1459845259184349
1092,0.96,0.05999999999999994,0.3386084800736372,0.0904088531612893,0.010356002973937656,0.49362803248516884,0.3849103235477133,0.14442483695072536,0.04554848437222192,0.00503338699396907,1.0,0.14654927214612776
1093,0.95,0.04999999999999993,0.33835046947039976,0.09092568951620307,0.01032651591523054,0.5193476696413931,0.4254885204705976,0.14532023003742991,0.045986989955628436,0.0050306742477904355,0.0,0.14395795136136202
1094,0.95,0.04999999999999993,0.3382877346974502,0.09104787280365512,0.01044303136422385,0.5193689494413647,0.42551206989759577,0.14612405310446652,0.046417226406376556,0.005026961540670455,1.0,0.15797499479338314
1095,0.95,0.04999999999999993,0.3382354830175514,0.09115060341060441,0.01044968898452481,0.5193866746797384,0.42553168616297843,0.14693573443711927,0.04683935876514212,0.005023298170763608,1.0,0.15654129011675366
1096,0.95,0.04999999999999993,0.3381324796581546,0.09135642418177216,0.010505847593235047,0.5194216198577044,0.4255703608626514,0.14775397625255068,0.04725359401212525,0.005019577857880195,1.0,0.1506915219001355
1097,0.95,0.04999999999999993,0.33790814543969744,0.0918182228478581,0.010620452436780031,0.5194977443226851,0.42565461602638655,0.1485811241114549,0.04766000645556213,0.005015857666958532,1.0,0.13826837003980513
1098,0.95,0.04999999999999993,0.33765441108877087,0.09234410180461484,0.008357436380874559,0.5195838721787708,0.42574995347077216,0.1494196102003417,0.048058778211085056,0.003865329373703485,1.0,0.13425108444347245
1099,0.95,0.04999999999999993,0.33511264061130625,0.09440721964246658,0.008360501940432764,0.5204482320032339,0.42670735330956694,0.1502598363856321,0.04925827757213789,0.0038729329305853617,1.0,0.13350334692064833
1100,0.95,0.04999999999999993,0.3325721636095452,0.09636822243697567,0.008363669470008394,0.5213150303885609,0.42766857822700816,0.15110713125484193,0.050411274445082456,0.003880650054296043,1.0,0.13318844736443608
1101,0.95,0.04999999999999993,0.3300281456667213,0.0982314918927991,0.008352002959726485,0.5221859350768625,0.4286354923970776,0.1519623077846212,0.051520480772335446,0.0038885031020407875,1.0,0.13283566738637523
1102,0.95,0.04999999999999993,0.32747786017938835,0.10004602907288465,0.00836692349990431,0.5230619108750028,0.4296091870195058,0.15282533225801445,0.052588267812642565,0.003896480137546335,1.0,0.13070114843950892
1103,0.94,0.039999999999999925,0.3248941592369788,0.10184532292310965,0.00840722386262725,0.5529228920759293,0.4758867753132523,0.1536965207443736,0.05361671480978722,0.003904578702740308,0.0,0.12670221746257737
1104,0.93,0.030000000000000027,0.3222652622756641,0.10363547967204934,0.008432781955152922,0.5864192999641616,0.5271735204129261,0.15447835925725412,0.054605731102720684,0.003911812959329292,0.0,0.1221734205047158
1105,0.93,0.030000000000000027,0.3196276881672012,0.1052958923827661,0.008438550439746811,0.5875621566786763,0.528420764691366,0.15517244109922715,0.055555230273193985,0.003918197549271835,1.0,0.12330425158770668
1106,0.92,0.020000000000000018,0.3169508325478345,0.10692331937265223,0.008444151225505644,0.625554664535629,0.5854008934967422,0.15587492060237515,0.056466905843497894,0.003924707211231427,0.0,0.11993585160552342
1107,0.91,0.010000000000000009,0.31430778986905084,0.10833158659850628,0.008498624488948186,0.6687811023086826,0.6485092381596057,0.15649468663990393,0.05734059318421513,0.003930416973354812,0.0,0.12613106785588846
1108,0.91,0.010000000000000009,0.31167310672151627,0.10962469958317582,0.008513881901802077,0.6702663018745924,0.6500528842603253,0.15702786586513323,0.05817604628021549,0.003935287287823751,1.0,0.12776938415035138
1109,0.9,0.0,0.30903712378536535,0.11083921334002393,0.008511376794354417,0.7201345242643034,0.7201345242643034,0.15756943798753517,0.058974683852790546,0.003940284784504059,0.0,0.1277672377106386
1110,0.9,0.0,0.3064385399989392,0.11191366196042171,0.008546843884791998,0.7218332069323591,0.7218332069323591,0.1580236020269445,0.059736137126179964,0.003944439959996316,1.0,0.1317573047601529
1111,0.9,0.0,0.3038350107057389,0.11291461464492426,0.008540205624011074,0.7235431782303767,0.7235431782303767,0.1584866319571175,0.06046166606227239,0.0039487249855662,1.0,0.13174157917891868
1112,0.89,-0.010000000000000009,0.3012006844706936,0.11390906339157597,0.008576019132979402,0.6762355214122363,0.6562619686330049,0.1589620897974796,0.06115246061036899,0.003953172943367255,0.0,0.12798897159588957
1113,0.89,-0.010000000000000009,0.29861547886083106,0.11476720641678927,0.008620606881060592,0.6777254721859259,0.6578130311012281,0.15935153919416112,0.06180800573576218,0.003956786724369722,1.0,0.13269396391899516
1114,0.89,-0.010000000000000009,0.29597901003954763,0.11564135025108097,0.00866942404560526,0.6792517452978487,0.6594024198665206,0.15975076522558515,0.06242932087298691,0.003960538712285265,1.0,0.1272768375138344
1115,0.89,-0.010000000000000009,0.2933442363619616,0.11646006207214084,0.008665754059933745,0.6807839204337891,0.6609984783552538,0.1601619652948031,0.06301736113143575,0.003964448030428035,1.0,0.12686212476834124
1116,0.89,-0.010000000000000009,0.29071671860246884,0.11722116824364039,0.008661319697044187,0.6823187752925405,0.6625978545778637,0.16058320462249553,0.06357295545874293,0.0039685022340175185,1.0,0.12680967525069087
1117,0.89,-0.010000000000000009,0.28808742571919743,0.11793221801345012,0.008663553011944347,0.6838616105478298,0.664206077791421,0.16101284144177258,0.0640968303773775,0.003972681566763564,1.0,0.12614071142911026
1118,0.89,-0.010000000000000009,0.2854150622088054,0.11864943581638265,0.00870597403375877,0.6854368851495252,0.6658486648681247,0.1614524874446252,0.0645896594207379,0.0039770023834698525,1.0,0.1213857830705852
1119,0.89,-0.010000000000000009,0.2827353803711433,0.11932488818092525,0.008710311770287743,0.6870237776726105,0.6675039281515976,0.16190100959194678,0.06505203012828642,0.003981453560232403,1.0,0.12009870314468235
1120,0.89,-0.010000000000000009,0.2800618911206071,0.11994755676968927,0.008711585369726275,0.6886143422856883,0.6691635878920975,0.16236127349685148,0.0654845074911229,0.003986063027499322,1.0,0.11986031784772756
1121,0.89,-0.010000000000000009,0.2773209733457649,0.12060024134286774,0.008777678181138938,0.6902526867524392,0.6708736959860523,0.1628257580791406,0.06588749012326757,0.003990754790956788,1.0,0.11300516646459832
1122,0.89,-0.010000000000000009,0.2745685536055971,0.12120990904089751,0.008791231767911368,0.6919057701491919,0.6725997987624707,0.16329734853061378,0.06626136606459472,0.003995479224263733,1.0,0.11154300687876534
1123,0.89,-0.010000000000000009,0.27181567169819304,0.12175220647812621,0.008791362695327778,0.6935670700563814,0.6743350987738581,0.16378030476248606,0.06660653032706874,0.004000279953822643,1.0,0.11161714465049277
1124,0.88,-0.020000000000000018,0.2690410531861245,0.12225691293505124,0.008810856924351015,0.6500545633565014,0.6117544115786864,0.16426720918213428,0.06692322902492967,0.004005081395190439,0.0,0.10950466014154535
1125,0.88,-0.020000000000000018,0.2663491180476306,0.12259790052216231,0.008885522274323232,0.6514882228467402,0.61330573613156,0.16466838731270544,0.06721050588062409,0.0040089778098251466,1.0,0.11759044166337265
1126,0.88,-0.020000000000000018,0.2636330711147443,0.12289254110566501,0.00889946568886335,0.6529411469182183,0.6148789503424475,0.16507845208879385,0.06746865106201876,0.00401292617095884,1.0,0.11587317409870204
1127,0.88,-0.020000000000000018,0.26090346713469986,0.12315008832101462,0.008914849171646788,0.6544078669854027,0.6164681697652027,0.16549678423773373,0.06769789990570615,0.0040169200445459175,1.0,0.11418059985769027
1128,0.88,-0.020000000000000018,0.2581719755018839,0.12335266886716077,0.008908688979879717,0.6558822125274364,0.6180667330678731,0.16592273738235674,0.06789843646107094,0.004020952575202948,1.0,0.11382222513509521
1129,0.88,-0.020000000000000018,0.2554272520628382,0.12348824026177967,0.008909845621628974,0.6573704068221732,0.6196814127023543,0.16635733376291523,0.06807041611905223,0.004025035400258206,1.0,0.11346727821964303
1130,0.88,-0.020000000000000018,0.25264185365067,0.12360377235674061,0.008938341447212752,0.6588875753775477,0.6213286688025609,0.1667996385684239,0.0682139407633177,0.004029154622866551,1.0,0.10964022028967763
1131,0.88,-0.020000000000000018,0.2498695612462258,0.12366423111608207,0.008934557088023867,0.6604045749844843,0.622976893072075,0.16724924322650433,0.06832907271381507,0.004033308686276987,1.0,0.10994484986490474
1132,0.88,-0.020000000000000018,0.2471023972091343,0.12367204856510523,0.00893617630000724,0.6619257503942236,0.6246308118760528,0.1677068363170722,0.06841584152589707,0.004037505272594401,1.0,0.10977840546524736
1133,0.88,-0.020000000000000018,0.24426266963864265,0.12369886408033492,0.009008070925270666,0.6634941187597317,0.626337256758893,0.16817183856284348,0.0684742309994552,0.004041745400747725,1.0,0.10252819453854045
1134,0.88,-0.020000000000000018,0.2414106211219098,0.12367743737149994,0.009000408447586641,0.6650767904016645,0.6280605158755461,0.16864330742532152,0.0685041689424558,0.004046014570747009,1.0,0.1011634568887887
1135,0.88,-0.020000000000000018,0.23850682609840151,0.12359891921495988,0.009029447327567289,0.6666959535465268,0.6298248106637351,0.16912296596133572,0.06850557013679781,0.004050331658031185,1.0,0.09811212915171391
1136,0.88,-0.020000000000000018,0.23555522601747586,0.1235019962417261,0.009071862486688237,0.6683498725765274,0.6316283383898725,0.1696106908859621,0.06847830742987676,0.004054692742632052,1.0,0.09350810202897092
1137,0.87,-0.030000000000000027,0.23259807638711272,0.12333094284240664,0.009071008308398418,0.6279420801620965,0.5731653218631106,0.1701050392583029,0.06842220168045973,0.004059077323728569,0.0,0.09335807345499084
1138,0.86,-0.040000000000000036,0.22966281729039884,0.1230589859981212,0.009095336679264862,0.5921321051338881,0.5201067917760396,0.17051722923273982,0.06833609244571526,0.004062599330628812,0.0,0.0957817190445854
1139,0.85,-0.050000000000000044,0.22678886465737594,0.12265267448311767,0.009152215103676429,0.5601618936337368,0.4719355063452142,0.17085012976392083,0.06821885504040924,0.0040652748714754584,0.0,0.10189722853986724
1140,0.84,-0.06000000000000005,0.22402839310672892,0.12208022174557497,0.009260449594008775,0.5314267828608172,0.4281814594525367,0.171103105593794,0.06806938796427758,0.004067100739689012,0.0,0.11276079129892183
1141,0.83,-0.07000000000000006,0.22132568582825826,0.12139538156730459,0.009307608152641379,0.5054773588783225,0.3884647080779461,0.1712740545272275,0.06788657783708862,0.004068063874129133,0.0,0.11838887030040189
1142,0.82,-0.08000000000000007,0.21885555601343437,0.1204946383775741,0.009524837114098923,0.48187623363735893,0.3523536153527249,0.1713635844834664,0.06766931952170965,0.004068166885523322,0.0,0.1406872349682255
1143,0.82,-0.08000000000000007,0.2164577773172743,0.11950832594177768,0.009587970680053985,0.48257742514595153,0.3531887477189885,0.17137271537346688,0.06741653157761666,0.004067425250116379,1.0,0.1471296493510898
1144,0.82,-0.08000000000000007,0.21405314191269562,0.11847307784552973,0.009595037064710833,0.48328267419086185,0.3540302534914239,0.1713909144293099,0.06712799143017949,0.004066735818546506,1.0,0.14625178715590337
1145,0.82,-0.08000000000000007,0.211646007165347,0.11738450361457295,0.009563818799732476,0.4839907238332052,0.3548766597034084,0.1714181650925407,0.0668034192301478,0.004066098857993599,1.0,0.14582356276475603
1146,0.82,-0.08000000000000007,0.20927062012631967,0.11629090673475385,0.0095434647184269,0.4846914717908471,0.3557158794601751,0.17145438100473212,0.06644246505132238,0.0040655176741953795,1.0,0.14547950097288184
1147,0.82,-0.08000000000000007,0.2069011450921709,0.11518333375346203,0.009501261806163184,0.48539250020155894,0.35655697427001526,0.17149956665695304,0.06604470080304221,0.004064989603350513,1.0,0.14371158561960856
1148,0.81,-0.08999999999999997,0.20458229116406154,0.1141107746500389,0.009509543804298259,0.4635483365038599,0.32337437960701443,0.17155326181948594,0.06560962118084161,0.00406450224599412,0.0,0.14282769255617028
1149,0.81,-0.08999999999999997,0.20233368044959504,0.11294438494825784,0.009577615665697035,0.46415675024657804,0.324103322393862,0.17152645431138897,0.06513587241625665,0.004063712623526131,1.0,0.14991598916852492
1150,0.81,-0.08999999999999997,0.20002814311559544,0.11174036612177572,0.009614119418719935,0.4647822273044677,0.324854139438031,0.1715086152312077,0.06462281909074728,0.004062786593538764,1.0,0.14457250954909007
1151,0.81,-0.08999999999999997,0.19768494818972746,0.11045719319629646,0.009625538532881853,0.465419650243346,0.3256207927712094,0.1714997087099112,0.06406975121979348,0.004061747724309616,1.0,0.14253635843241474
1152,0.81,-0.08999999999999997,0.1953171431467475,0.1091404618494247,0.009655343873287139,0.4660655463960381,0.3263991827008953,0.1714997087099112,0.063475817271849,0.004060582049079657,1.0,0.13916968790657624
1153,0.81,-0.08999999999999997,0.19292485945571847,0.10777735673290614,0.00959030464052416,0.46671994306402687,0.3271894082264232,0.17150861928988728,0.0628400715075874,0.004059472557459567,1.0,0.13630588127595375
1154,0.8,-0.09999999999999998,0.190583488925222,0.10652289802233918,0.009553679779244689,0.4464947193734621,0.2967563880568223,0.17152630422709478,0.06216143476677598,0.004058422247600692,0.0,0.13209450665504993
1155,0.79,-0.10999999999999999,0.18832374098904459,0.10532923165113302,0.009556760701333369,0.42793080380981313,0.2691332296266169,0.17146354155517088,0.06143798729846901,0.004057783412952491,0.0,0.13241953019938874
1156,0.79,-0.10999999999999999,0.18608212979269895,0.10406406569584419,0.009519128707525769,0.42844764442880023,0.2697480310516105,0.17132173833937395,0.06066774451744887,0.004057898895207555,1.0,0.1342131919250002
1157,0.79,-0.10999999999999999,0.1837297287704676,0.10266746098976412,0.009574140631944911,0.42899137370824225,0.27039624634498804,0.1711898683015654,0.059849260929813006,0.004057884316528272,1.0,0.12865343844899857
1158,0.79,-0.10999999999999999,0.1813734141410173,0.10120161642302139,0.009578231123583338,0.42953739283688724,0.2710486707403454,0.17106695221662765,0.05898085379409717,0.0040577397397803736,1.0,0.12814850476859738
1159,0.79,-0.10999999999999999,0.17901723178077517,0.09966082486940461,0.009573951030093421,0.43008477291293556,0.27170421426003977,0.17095342729502325,0.058060628226008826,0.004057463584129557,1.0,0.12806175668121483
1160,0.78,-0.12,0.17666181505551165,0.09805110954587747,0.00957099859311223,0.4128544796783932,0.24644398198282408,0.17084903603213636,0.057086414984794796,0.004057063415401945,0.0,0.12762784283619064
1161,0.78,-0.12,0.1743254552329141,0.09636552488147924,0.00958265446049642,0.4133558814842358,0.24703786360982297,0.17066665604726636,0.0560551405964965,0.004057420480102292,1.0,0.12880732799662947
1162,0.78,-0.12,0.17193839242310172,0.09461737118962506,0.009634049350090943,0.4138694239385929,0.24764759690055108,0.17049332893417748,0.05496399123171391,0.004057646835539239,1.0,0.12371147498573654
1163,0.78,-0.12,0.16954289066255623,0.09277891407038819,0.009637203631624404,0.4143860663118197,0.24826251912625716,0.17032911216744337,0.05380974187706686,0.004057734911370375,1.0,0.1228753388534616
1164,0.78,-0.12,0.16712749666379184,0.09083611534616011,0.009647812477684719,0.41490830651076044,0.24888564733709895,0.1701739175980157,0.05258867215539918,0.004057696747773635,1.0,0.12140997729203876
1165,0.77,-0.13,0.164694508745394,0.08878253829298349,0.009657999697663462,0.398865391545437,0.2257718518533369,0.17002686385415355,0.051296417374435264,0.004057521081690943,0.0,0.12006567113014026
1166,0.77,-0.13,0.16225021450169425,0.08660811086288167,0.009658650494872259,0.39935501704428855,0.2263482309913548,0.1698039527430041,0.049927420021791354,0.004058102937838103,1.0,0.1192708099839547
1167,0.76,-0.14,0.1597370859746649,0.08432093232494059,0.00971630049935298,0.3844856545952265,0.20534734891728154,0.16959142711751793,0.048475626582697516,0.004058548550381548,0.0,0.11311781387351239
1168,0.75,-0.15000000000000002,0.15727041224195187,0.08185572672230935,0.007604000526401935,0.3706757925536228,0.18628715993013592,0.16929730510918964,0.046933359848369154,0.0029210430066763625,0.0,0.11820893897199342
1169,0.74,-0.16000000000000003,0.1569588491321189,0.08193951755345369,0.0076161586333314,0.35747690643454666,0.16861474861556666,0.16893316136803974,0.04698427473848267,0.0029125746661869184,0.0,0.11951117883936155
1170,0.74,-0.16000000000000003,0.15661694735937856,0.08203674049122786,0.00754515463799871,0.3575318591468253,0.1686753168144727,0.16849358385080845,0.047033024509375625,0.0029048672204350042,1.0,0.1163787252672756
1171,0.74,-0.16000000000000003,0.15637447846060545,0.08212008223452633,0.007515923542777155,0.35757084059098276,0.16871829677080835,0.16806015314397313,0.04707975222727764,0.0028969650981841666,1.0,0.11616016355397357
1172,0.74,-0.16000000000000003,0.15616641058116568,0.08219448675172818,0.007476217648155999,0.35760429820051554,0.16875519628010738,0.1676350226546631,0.04712461674073187,0.0028889067598451617,1.0,0.11648782534707428
1173,0.74,-0.16000000000000003,0.15600119017807917,0.08225739688216853,0.007473157304556634,0.3576308703354374,0.16878450856197744,0.16721315240729132,0.047167713461653854,0.0028806951538061514,1.0,0.11651402762180554
1174,0.74,-0.16000000000000003,0.155818467257491,0.08232774096892628,0.007447815381074342,0.35766026197140494,0.1688169378820499,0.16680178272390866,0.04720915491897163,0.002872282410220415,1.0,0.11509295216270576
1175,0.74,-0.16000000000000003,0.1556609052954472,0.08239313470114148,0.007458311271476815,0.3576856102563898,0.16884491168999236,0.16639529164974287,0.04724899618764425,0.002863760820808125,1.0,0.11367912213329961
1176,0.75,-0.15000000000000002,0.15550351160788314,0.08245880545165796,0.007398009911880293,0.3709813433800992,0.18663337911715597,0.16599693861289222,0.04728727631669353,0.002856068970644324,1.0,0.11332121270170703
1177,0.76,-0.14,0.15528004549402366,0.08254325226665978,0.007390752908600229,0.3853160191946955,0.20631027701109647,0.16560802288936832,0.04732391434295031,0.0028491930993964493,1.0,0.11304171410381636
1178,0.76,-0.14,0.15504623841850104,0.08262950684751179,0.004969126372207821,0.3853596774148109,0.20636103957339105,0.16522846162085777,0.04735885694410326,0.00160516638668731,0.0,0.11300555986011857
1179,0.76,-0.14,0.15243428235912707,0.0796740086744469,0.004972707794828628,0.3858480750091104,0.20692983224962752,0.16477333311481704,0.045617459874963545,0.0016079746931309893,1.0,0.11496784282153416
1180,0.75,-0.15000000000000002,0.1497945875728216,0.0764731149266817,0.004978340602154462,0.3719720422662293,0.18776087626406232,0.164326119865303,0.0437621287658251,0.001610661633722377,0.0,0.11380169225033623
1181,0.75,-0.15000000000000002,0.14726109317177138,0.0730171663518556,0.005076876325659384,0.3724133896707927,0.18826561055841412,0.16380463629684874,0.0417782801324162,0.0016140651992429026,1.0,0.12381322812992232
1182,0.74,-0.16000000000000003,0.14472588292464428,0.06928787898213133,0.005074589254964626,0.3594536379765696,0.17080924526462127,0.1632939065504891,0.03964759525253045,0.0016173108063678942,0.0,0.12389814277483194
1183,0.74,-0.16000000000000003,0.1422638859351085,0.06521946274115738,0.005141819564247916,0.3598541189804263,0.171257831087189,0.1627058335976878,0.037345806137030924,0.0016212990741901292,1.0,0.1315308031776518
1184,0.74,-0.16000000000000003,0.1397637953102385,0.06082665449537567,0.005187836743696329,0.36026171072431756,0.17171577532532295,0.162129471232506,0.03484023231319492,0.0016251404239616685,1.0,0.12674457986045748
1185,0.74,-0.16000000000000003,0.13726611774556965,0.05598915894707655,0.0051818222185765015,0.36066983209754994,0.1721757296567013,0.16156419039427974,0.03208441713607228,0.0016288202345079096,1.0,0.1267553633287733
1186,0.73,-0.17000000000000004,0.1347433154904699,0.05054324433460066,0.005188764691108173,0.3484992820295912,0.15621368250386705,0.1610082380862207,0.029008578611398026,0.001632366984197262,0.0,0.12484911574086113
1187,0.73,-0.17000000000000004,0.13222754820735472,0.04435942347470499,0.00518776278276263,0.3488839432248428,0.15663743352235682,0.16036878457339618,0.025498701224790594,0.0016366803694830804,1.0,0.12433367013204177
1188,0.73,-0.17000000000000004,0.12971708188918651,0.037030676286953744,0.005172979207159335,0.3492686413040157,0.1570625895810652,0.15973495194853493,0.021344028888821052,0.0016409561308564692,1.0,0.12424913209171173
1189,0.73,-0.17000000000000004,0.12721820968656075,0.027746358978979178,0.005123031805511505,0.3496524061625952,0.15748808035744732,0.1591112902533221,0.016053682660532188,0.00164509613552025,1.0,0.12386043162089715
1190,0.73,-0.17000000000000004,0.12477020208900695,0.013499732739567042,0.002878763118598997,0.3500291781210782,0.1579071516499354,0.15849774938342093,0.00753176829377022,0.00041543008266049433,1.0,0.12361339889414502
1191,0.74,-0.16000000000000003,0.1245497919112507,0.013330437437184428,0.0028763930481037776,0.362762105435266,0.1745562127599724,0.15789471992993917,0.007278263563538804,0.0004125268463906512,1.0,0.12394350814281117
1192,0.74,-0.16000000000000003,0.12428422338148927,0.013152868918212083,0.002890128080306425,0.36280605940418387,0.17460662881504177,0.1572988713691016,0.007043447708040097,0.00040950114410916665,1.0,0.11999241916998336
1193,0.75,-0.15000000000000002,0.12404176486290236,0.013010674928219763,0.0027513732948043004,0.3765076341081908,0.19302106607976877,0.15671232528692247,0.006829483430440834,0.0004073064270904041,1.0,0.11971209950267253
1194,0.75,-0.15000000000000002,0.12360456374939181,0.01259085806521567,0.0027920148239327348,0.37658558907381234,0.1931129128837747,0.15613691859253,0.006635837651537026,0.00040491981458272446,1.0,0.11425488344232804
1195,0.75,-0.15000000000000002,0.12313894403460367,0.012219701252694112,0.0027761137793647613,0.37666864671072403,0.19321082600546655,0.15556783801240204,0.006464615780256296,0.0004024030344281442,1.0,0.10997931863793933
1196,0.74,-0.16000000000000003,0.12272219583123092,0.011981249997142384,0.002660350801735943,0.3630648046708324,0.17490375762918792,0.15500715461552128,0.006317725157241636,0.00039971147420568494,0.0,0.10901670156286186
1197,0.73,-0.17000000000000004,0.12248448238758204,0.011906029679473455,0.00267512896856142,0.35038170617604525,0.15830045949395347,0.15436996644281056,0.006198270690767247,0.0003976781619210782,0.0,0.11449702567491671
1198,0.72,-0.18000000000000005,0.1227274857020004,0.012382172660626268,0.0031125699047994597,0.3384855491976883,0.14319825996393143,0.15365587802845587,0.006109457933176742,0.00039640404302273776,0.0,0.15855141588530675
1199,0.71,-0.19000000000000006,0.12302643076078511,0.012984930781390406,0.0031583430094217187,0.3273631236880325,0.12952895948780704,0.15289970226420582,0.006053487903464725,0.0003954836480231439,0.0,0.16339785279912264
1200,0.71,-0.19000000000000006,0.12342332678092878,0.013866148489055258,0.003250539136710814,0.32730964381796157,0.12947299566473736,0.1520666086664178,0.006032999224442838,0.0003952605881040405,1.0,0.17287804937880402
1201,0.71,-0.19000000000000006,0.12382297672654928,0.014683516083254623,0.00322976003048368,0.3272558105223208,0.12941669237017445,0.15124875130951154,0.006048222559615626,0.0003948043546041718,1.0,0.172800661948424
1202,0.71,-0.19000000000000006,0.12424472877840285,0.015460175133681676,0.003190131350680768,0.32719901924907935,0.12935732837856648,0.15043346550161427,0.006098820061219386,0.00039423968108435493,1.0,0.1728763536248673
1203,0.71,-0.19000000000000006,0.12470515896722681,0.016194678726086147,0.00314571034383264,0.3271370422492844,0.12929258237068827,0.14963170863475309,0.006183417061230453,0.0003944408765791091,0.0,0.17274523634497052
1204,0.72,-0.18000000000000005,0.12537431556025594,0.0174128873001165,0.003299377135546448,0.33810462171504835,0.14278653601171504,0.14876001832303212,0.006300468467298768,0.0003962349015260579,1.0,0.18908907980762846
1205,0.72,-0.18000000000000005,0.1277060236717501,0.028841020842160163,0.00495612039764052,0.3377697556857702,0.14242578697641184,0.021400671241682462,0.01553885856870784,0.0016755972002957715,1.0,0.3564750627371248
1206,0.73,-0.17000000000000004,0.13006760384850977,0.036704682899731375,0.004897392894663483,0.3492148771762681,0.15700308891296338,0.021618393804156703,0.0209550374142089,0.0016715361550932004,1.0,0.35609386928148645
1207,0.74,-0.16000000000000003,0.13235908064317836,0.04300033150061581,0.004889077800363242,0.36147434252541893,0.17308658813262084,0.02183866601445654,0.02515167944154454,0.001668375478174721,1.0,0.35527874732274733
1208,0.74,-0.16000000000000003,0.13461250875577888,0.048281044878498075,0.004910940481904976,0.3611044470124163,0.1726671065001392,0.02206257491710829,0.028668519511992327,0.001665166758783305,1.0,0.3531121954104029
1209,0.75,-0.15000000000000002,0.13685844238112518,0.05291208569718677,0.004878228644688982,0.37423661617841175,0.1903668380680535,0.02229044257839486,0.03173175473289459,0.0016628809367820652,1.0,0.35236060024527205
1210,0.75,-0.15000000000000002,0.13900160583240492,0.05685547887160238,0.00494157434949618,0.3738595348094599,0.18993011394210924,0.022522064404502218,0.03446201542581137,0.0016605434811854422,1.0,0.3460736498881252
1211,0.75,-0.15000000000000002,0.14116483426158064,0.060534382395916506,0.004923778032580381,0.37347969290223476,0.18949132839355318,0.02275669709214713,0.036932817690961454,0.0016581109038852685,1.0,0.34806442209649024
1212,0.76,-0.14,0.14336519452727228,0.06391983344227431,0.004876651079129148,0.3875535158886935,0.20892934172284586,0.02299617899967932,0.03919280564555763,0.0016565960807625483,1.0,0.3480249981650567
1213,0.76,-0.14,0.14552497765728423,0.06709285858643502,0.004828470799835915,0.38714600272028327,0.20844966560117556,0.0232384576619783,0.04127640986697347,0.0016550107538016894,1.0,0.34867227692018743
1214,0.76,-0.14,0.14773843482610738,0.07004076378257304,0.00482478402992223,0.38672925045858353,0.20796034874252084,0.023484519221984745,0.04320886203960883,0.0016533426880520781,1.0,0.34862255439614914
1215,0.76,-0.14,0.14995978694005016,0.07281117659046306,0.004828039911223444,0.3863119128054369,0.20747159072360935,0.023732899722625257,0.04500938088493696,0.001651596639293978,1.0,0.34899733616261974
1216,0.76,-0.14,0.15218731420841058,0.07542916095104046,0.004826990437511681,0.3858943185109468,0.20698377557018668,0.02398373305300142,0.0466929734538453,0.0016497905434464943,1.0,0.3495624020867358
1217,0.76,-0.14,0.15424545440335463,0.07747064842039666,0.00495681612240762,0.3855092808427321,0.20653508966910739,0.024237816493859445,0.04827159982645563,0.0016479161741334177,1.0,0.33195473092351274
1218,0.76,-0.14,0.1563462476453391,0.07937605752396924,0.004948761008554876,0.38511705523601003,0.20607910689202513,0.02449591412678533,0.04975495329652385,0.0016459926941900266,1.0,0.3314651072690316
1219,0.76,-0.14,0.1584532951518633,0.08116238772863477,0.004953036444665725,0.38472446280403444,0.20562378455555758,0.02475959253284547,0.05115099133864249,0.0016440069820804857,1.0,0.33080345379710263
1220,0.76,-0.14,0.16035858309260628,0.08246001336939189,0.005089997964786417,0.3843701514112256,0.2052137902497259,0.02502766960616052,0.05246637152453356,0.0016420230678484244,1.0,0.31038911192202495
1221,0.76,-0.14,0.1623373020356532,0.08366524449723631,0.005080157452275651,0.38400287479059253,0.20478972164100404,0.025300522955669032,0.05370672697447616,0.0016400156223740337,1.0,0.3108770607692921
1222,0.76,-0.14,0.16412499480649054,0.0844668730753444,0.005287133604145001,0.3836716581709658,0.20440809696281445,0.02557656569054752,0.05487687857053025,0.0016379255870508644,1.0,0.29031228396249903
1223,0.75,-0.15000000000000002,0.16592157364515192,0.0852380520603777,0.00527552006924785,0.36918697987812304,0.1846103641209319,0.02585389370751674,0.05598098119107142,0.0016358086536904703,0.0,0.29127502851662834
1224,0.76,-0.14,0.16827805631128245,0.08688718321233337,0.005738066702744253,0.3829043965469561,0.20352699575540692,0.026098859709184685,0.057023306114291336,0.0016342307533985187,1.0,0.34515292675459963
1225,0.76,-0.14,0.1705857870314669,0.08855886382668479,0.005753150736709373,0.3824793773465936,0.2030406697344305,0.02635067585107158,0.05800727933883993,0.0016326322823459786,1.0,0.34836351368181706
1226,0.76,-0.14,0.17290614002288807,0.0901209574659202,0.005740650395295102,0.38205298370518637,0.20255402135447861,0.0266054264332486,0.058935601912568386,0.0016309799432877674,1.0,0.347908473240818
1227,0.76,-0.14,0.1752279389888933,0.09155748724775402,0.005752666577719438,0.38162727487636683,0.20206939910436772,0.026864997014613548,0.05981060954131236,0.0016292993113356656,1.0,0.34636049645821365
1228,0.76,-0.14,0.1775515674333793,0.0929081859151699,0.0057508532439725655,0.3812021793768968,0.2015867111619828,0.027128868660968152,0.060634366504249936,0.00162757481907098,1.0,0.3461850695837019
1229,0.76,-0.14,0.17988351927102691,0.09418816271694036,0.005717018238626432,0.38077651221788233,0.2011046070757634,0.02739395450680667,0.06140873597235265,0.0016257847285692613,1.0,0.3466624619844
1230,0.76,-0.14,0.18224410625256102,0.09534906334413314,0.005723673935253556,0.3803465852156029,0.20061892592927622,0.027663415071606492,0.06213531329263823,0.0016239650912633964,1.0,0.34569891844308753
1231,0.76,-0.14,0.18460498290357902,0.09644617538083727,0.005725362340546073,0.379917575383729,0.20013552586793457,0.027934237806533063,0.06281555458011984,0.0016220785220144942,1.0,0.34603251496670406
1232,0.76,-0.14,0.18696916630691188,0.09747514654449242,0.005653786784032163,0.3794889333995675,0.19965377755869065,0.028207471371512714,0.0634507224052697,0.0016201414646327607,1.0,0.346196745798534
1233,0.76,-0.14,0.1894038162659884,0.0983720503946608,0.005642057669916882,0.3790485250966487,0.19916008828914208,0.028482136234879604,0.06404194450167149,0.0016181535454498199,1.0,0.34599319044619503
1234,0.76,-0.14,0.19185013103382317,0.09918565445018766,0.005613238771299229,0.3786070350981205,0.19866648667045603,0.028759492236037344,0.06459019751272176,0.001616110085501775,1.0,0.3457949336722679
1235,0.76,-0.14,0.19432765661492568,0.0999049179021735,0.005567438028541196,0.3781609594040561,0.19816907501484443,0.029040483145988737,0.06509630833548881,0.0016140218631313205,1.0,0.3458646872619655
1236,0.76,-0.14,0.19684176018880198,0.10049777100650183,0.005575480445423867,0.3777093711280886,0.19766685938313638,0.029326653744047096,0.06556097005759096,0.0016119190573304879,1.0,0.34491845941660104
1237,0.77,-0.13,0.19937222061552187,0.10104453966564267,0.005566005810280232,0.39204610446431143,0.2178998527823012,0.02961537770098741,0.0659848202554476,0.001610671925840623,1.0,0.34640411612697586
1238,0.78,-0.12,0.2018812521829801,0.10155493104928334,0.005507068943291824,0.40751861406563633,0.2402105936554998,0.029908868937102113,0.06636907865138443,0.0016102738521530842,1.0,0.3466848757904053
1239,0.79,-0.10999999999999999,0.20432716420711972,0.102061578698729,0.0053993202774081615,0.4242768686470665,0.26482412800301836,0.03020707561528267,0.06671493110584745,0.0016107307294087152,1.0,0.3464884309538334
1240,0.8,-0.09999999999999998,0.2066652514987841,0.10261376158662511,0.005343290080539938,0.4424990699445745,0.2919928950681916,0.030509422449423312,0.06702356710189386,0.0016120579809310097,1.0,0.3465695204653593
1241,0.81,-0.08999999999999997,0.2089452939451354,0.10315860137104776,0.005119835947832892,0.4623723632988408,0.3219693170509873,0.03081369614462415,0.0672962162730359,0.0016142271096073926,1.0,0.34639311493553326
1242,0.82,-0.08000000000000007,0.21100086568287083,0.10382384362345769,0.005056263137842013,0.48418084245154547,0.35510419503052104,0.031117099267242494,0.06753413395867969,0.0016171995564015123,1.0,0.34624440874176604
1243,0.82,-0.08000000000000007,0.21299303770196576,0.10448833327581386,0.005048430615858516,0.4835942444177816,0.3544025134770493,0.031424613422375035,0.06773850542007,0.0016201219311418103,1.0,0.3463468512605864
1244,0.82,-0.08000000000000007,0.2149996770185177,0.10511229276027075,0.005049851253831849,0.48300482159418734,0.3536985340012648,0.03173441154234318,0.06790972279773223,0.001622975945856329,1.0,0.34691571881109373
1245,0.82,-0.08000000000000007,0.2170102915114216,0.10569122757744154,0.00504668605144875,0.4824156704528762,0.35299595942506495,0.032046692901683174,0.06804811766758152,0.0016257644857265165,1.0,0.34688501205514644
1246,0.81,-0.08999999999999997,0.2190212343932145,0.10622284196353941,0.005031971986294195,0.45967923287869283,0.3187706540456653,0.0323636809621069,0.06815394233882384,0.0016285099645972525,0.0,0.34657378915217396
1247,0.81,-0.08999999999999997,0.22145751085399645,0.10725647188864613,0.005434815920457723,0.45903276019889755,0.31800676314906146,0.03264980003543241,0.06822777451032164,0.0016308576808678843,1.0,0.3873392316978015
1248,0.82,-0.08000000000000007,0.22394003700441906,0.10827594504048886,0.0054010056102383065,0.4803960805597782,0.3505957216942567,0.032939161607116414,0.06826975843685613,0.0016335097421162387,1.0,0.3910803075984338
1249,0.82,-0.08000000000000007,0.2263535517627307,0.1092842363103544,0.005348921547428386,0.47969665556758545,0.34976740477398727,0.03323238871759247,0.06828088656552152,0.0016362914393919436,1.0,0.3912674649996865
1250,0.82,-0.08000000000000007,0.2288174088859117,0.11018638436558496,0.00533147803243665,0.4789847392799797,0.34892583793938753,0.03352788410875517,0.06826126579839596,0.0016391862764612993,1.0,0.39095822186719303
1251,0.82,-0.08000000000000007,0.2313053208909256,0.11101576863413593,0.0053012019368888,0.47826801342636616,0.34808015409175685,0.033826589908294305,0.06821094729631332,0.0016422035067596742,1.0,0.39132755893379445
1252,0.82,-0.08000000000000007,0.23357820332300425,0.11143207537655392,0.005523482958997123,0.47761510630678766,0.34731113774346767,0.03412817856250333,0.06812993959676952,0.0016451598509438455,1.0,0.3664579311144482
1253,0.82,-0.08000000000000007,0.2357034319437005,0.11158314679836943,0.005659016425138226,0.4770062247788526,0.34659514689498877,0.034434607876275884,0.06801818686331398,0.001648076460808139,1.0,0.3488287433455749
1254,0.83,-0.07000000000000006,0.23789491307564117,0.11167874016704592,0.005680115949978705,0.5002089381281777,0.3822343258873273,0.03474444392561038,0.0678756024369898,0.0016505721514890543,1.0,0.3512426198491212
1255,0.84,-0.06000000000000005,0.2400817588065689,0.11173303609324128,0.005663397311911531,0.5257859458328903,0.42154194255135136,0.035056377047262194,0.06770308535611824,0.0016522906353865783,1.0,0.3511041032921601
1256,0.84,-0.06000000000000005,0.24225440059226075,0.1117656444117853,0.005611008561669338,0.5250317091057316,0.42065914527116516,0.03537375899848711,0.06750152260916306,0.0016541644930978547,1.0,0.35147737049418465
1257,0.84,-0.06000000000000005,0.24448619685072656,0.11170318440238682,0.005609501088144015,0.5242591865482731,0.41975615372818237,0.03569405772930974,0.06727080140575305,0.0016561582571977015,1.0,0.3518330642955787
1258,0.84,-0.06000000000000005,0.24671636570449088,0.11158444187854598,0.005615369028175991,0.5234894948396224,0.41885768485300434,0.03601780337199622,0.06701077143115951,0.0016582816988247931,1.0,0.35116539014503056
1259,0.84,-0.06000000000000005,0.24867114665776513,0.11120025098364612,0.0058900318998059585,0.5228167032316662,0.4180733188354624,0.03634301771934556,0.06672124726351278,0.0016605122350314846,1.0,0.32353985200863955
1260,0.85,-0.050000000000000044,0.25060908571937024,0.11076168966942385,0.005899512888204975,0.5509176563971487,0.4611862825560454,0.03667124153464848,0.06640198600771798,0.0016619854050358579,1.0,0.32142174899669795
1261,0.85,-0.050000000000000044,0.2525194518082017,0.11029088976040105,0.005863977121599209,0.550189473272232,0.4603453734660509,0.03700428412074111,0.06605380020779822,0.0016635986926419562,1.0,0.31984393687977597
1262,0.85,-0.050000000000000044,0.2544686780933559,0.1097181726232444,0.00586775184125916,0.5494484590600441,0.4594905137060184,0.037341622602429785,0.06567640703119902,0.0016653473968334166,1.0,0.31863410350116583
1263,0.85,-0.050000000000000044,0.25639412552906277,0.10907957060573843,0.00588541506868944,0.5487184416376477,0.45864919385942376,0.03768598941922373,0.06526945460017698,0.0016672582276148942,1.0,0.31542008242414526
1264,0.85,-0.050000000000000044,0.2581763077238771,0.10831279331901514,0.0060313502150406584,0.5480444686393053,0.4578732143458204,0.03803246997784996,0.06483257547662959,0.0016692726398852388,1.0,0.2996281967734761
1265,0.86,-0.040000000000000036,0.2599726330440979,0.10749385847809154,0.006024028449712932,0.5790627966013476,0.5051666964810029,0.03838301548037677,0.0643653444186418,0.0016705618761617776,1.0,0.29969820315221674
1266,0.86,-0.040000000000000036,0.26174730726643664,0.10661766835104812,0.005991775670156859,0.5783154292434154,0.5043184909906193,0.0387361070002472,0.06386847796113079,0.0016719817336808102,1.0,0.2967382322178258
1267,0.87,-0.030000000000000027,0.2635810983508059,0.10561786074934328,0.005942787637923595,0.6129455663436817,0.5563927924093396,0.03909069245512157,0.06334148876842224,0.0016725924755651143,1.0,0.2964969223104379
1268,0.88,-0.020000000000000018,0.26536631086784473,0.1046499092284931,0.005931989945984906,0.6520132192553754,0.6138740765977347,0.039445502143674885,0.06278518734146493,0.0016724981922055526,1.0,0.2967301906758758
1269,0.89,-0.010000000000000009,0.26713981801203124,0.10366118220265415,0.005901679329924827,0.6964071964660141,0.6773031697094604,0.03980260739697074,0.06220024000289777,0.0016716651390344876,1.0,0.29686189325801404
1270,0.89,-0.010000000000000009,0.2689440950217157,0.1025860482020008,0.005900031908803586,0.6953085219280186,0.6761547862198561,0.04016186530548658,0.06158742776106275,0.0016709159188494425,1.0,0.2968064262357149
1271,0.89,-0.010000000000000009,0.27074669127006873,0.10146313504214989,0.005900627626514025,0.6942143271713016,0.6750113547052187,0.04052399651106676,0.06094629290972796,0.0016702795624481308,1.0,0.29641978838928074
1272,0.89,-0.010000000000000009,0.2725520044803733,0.10030180984712836,0.005906417078165744,0.693121929378867,0.6738700692158314,0.04088889804465266,0.060276280896845655,0.0016697041208947382,1.0,0.29701914637753213
1273,0.89,-0.010000000000000009,0.27435975854219785,0.09909503512152287,0.005894792956626656,0.6920314941173762,0.6727311012504948,0.04125788106722307,0.059576840753676454,0.0016692759728057255,1.0,0.29728943380426215
1274,0.89,-0.010000000000000009,0.2761852696224961,0.0978174622750037,0.005884093929948551,0.6909338240326441,0.6715848459487868,0.04163157959403491,0.058847227510046535,0.0016689447349536655,1.0,0.297644060192536
1275,0.89,-0.010000000000000009,0.27802914983233856,0.09646533945336143,0.005884752248063847,0.689828637921319,0.670431015014774,0.042007264829771816,0.058086714995001114,0.001668715767265648,1.0,0.29806714311754284
1276,0.89,-0.010000000000000009,0.2798804550791669,0.0950527125337321,0.0058858138204790815,0.6887225526781255,0.6692765196118723,0.04238690706151706,0.057294420096818066,0.00166862209563152,1.0,0.29845173738454167
1277,0.89,-0.010000000000000009,0.281735177925121,0.09357723333034061,0.005886077528266796,0.687617976710622,0.6681238732323597,0.04277303577376759,0.0564693199052128,0.001668688433447075,1.0,0.2985139986992232
1278,0.9,0.0,0.28359117496241343,0.09204022506783727,0.005867178355829667,0.7371207127216309,0.7371207127216309,0.04316015795785599,0.05561029364173357,0.0016680015009021027,1.0,0.2986052635893631
1279,0.9,0.0,0.28538646308413207,0.09047116106595675,0.0058969001540596505,0.7358960562281552,0.7358960562281552,0.043552088637249076,0.05471764755589813,0.0016674430911029006,1.0,0.2944966549933968
1280,0.91,0.010000000000000009,0.287004789806866,0.08881975963536057,0.005986301715575543,0.6844989172138871,0.6648705500606128,0.04394547792417798,0.053790114842022556,0.0016661492094713314,1.0,0.27563436452373746
1281,0.91,0.010000000000000009,0.28852369722041904,0.08730180324212153,0.005986147072308654,0.6836051294147534,0.6639386896413576,0.04434150101222991,0.05282786829786774,0.0016649905563571117,1.0,0.275703969485225
1282,0.92,0.020000000000000018,0.2900387576910728,0.08573222803631192,0.005912077569704554,0.6390846037614375,0.5999178743176904,0.04474073477033201,0.051829362011672694,0.0016630830897439892,1.0,0.2754041898402109
1283,0.92,0.020000000000000018,0.29147527776894594,0.0842550331388402,0.005865968029886961,0.6383476294547358,0.5991248166846502,0.04514396969156403,0.05079465678238737,0.0016613343276838898,1.0,0.2751828109649581
1284,0.92,0.020000000000000018,0.29296059660171525,0.08263150987857223,0.005866805087504289,0.6375874052220987,0.5983070205869669,0.04555183727419035,0.049721900816966515,0.001659744294799042,1.0,0.2752764631373892
1285,0.92,0.020000000000000018,0.2942114609492849,0.08103744519317843,0.006084263849764235,0.6369485839605304,0.5976200416764028,0.04596231564896166,0.0486090026532923,0.0016582748611294691,1.0,0.2518417980857424
1286,0.93,0.030000000000000027,0.29548232691965093,0.07935041759318387,0.00608000596171275,0.5982351063312714,0.5401188918267159,0.04637402231040655,0.04745360823177143,0.00165597438788321,1.0,0.2519357127774648
1287,0.93,0.030000000000000027,0.2967584392139771,0.07759443767584001,0.00607924483794368,0.5976613321679713,0.5394876828293402,0.04679451757682682,0.04625513813128996,0.001653819465070675,1.0,0.2519448995646569
1288,0.92,0.020000000000000018,0.29803571952035735,0.07577416664039462,0.006075644461118059,0.6350034355530679,0.5955294962108896,0.047220579704549945,0.045010761957899034,0.0016518235098435061,0.0,0.25197716272973497
1289,0.92,0.020000000000000018,0.29964158983300715,0.0737402305978242,0.006401132010909878,0.6341901724035321,0.5946559950510418,0.04760963970655504,0.04371710837720229,0.0016495560263294045,1.0,0.2844474628858772
1290,0.92,0.020000000000000018,0.30111325806698547,0.07165142250186445,0.006535850509346569,0.6334467005292811,0.5938577392630987,0.04800228184433506,0.04237014689695283,0.0016474309019283767,1.0,0.27078022229197873
1291,0.92,0.020000000000000018,0.30245682840918514,0.06954537546561956,0.006621997892744313,0.6327694629618085,0.5931308349098735,0.04839969917842205,0.040965099407177165,0.0016454265461026136,1.0,0.25830054236277405
1292,0.92,0.020000000000000018,0.30320918433199695,0.06795616818723284,0.007256262652787779,0.632390863941845,0.5927245686893446,0.14789736696171596,0.040726842552146446,0.002644528785507814,1.0,0.19522801145116017
1293,0.92,0.020000000000000018,0.30395050726099404,0.06633540540869481,0.007215115208226506,0.6320182597918246,0.592324804194047,0.14704184732866699,0.04048180087383093,0.0026473582091306063,1.0,0.19384439240238172
1294,0.91,0.010000000000000009,0.30473021144135415,0.06453494395472315,0.007188282138728027,0.6742118689949522,0.654156107967301,0.14619435519112278,0.04022982458290335,0.0026501704470843056,0.0,0.19222530147834244
1295,0.91,0.010000000000000009,0.30561025334734987,0.0624392024237949,0.007236722448668346,0.673709182456676,0.6536331421432046,0.14527520803916363,0.03996895873861446,0.002653791293095199,1.0,0.1979835092375115
1296,0.92,0.020000000000000018,0.3064312072293936,0.060353857230859655,0.007250773916933265,0.6307745956787146,0.590990978894938,0.14436536950519477,0.03969913157042338,0.0026565453371483116,1.0,0.19111208976722982
1297,0.93,0.030000000000000027,0.3071987779375376,0.05836325287152385,0.006807214487758501,0.5930080926310214,0.5343784179430497,0.14346472539113214,0.03942253737174072,0.0026584297381554624,1.0,0.19125409648931846
1298,0.94,0.039999999999999925,0.30753050288954437,0.05760679916984285,0.006763006181524726,0.5596801531916821,0.48338013275208247,0.14257348919000512,0.039141409012686396,0.0026597939849926037,1.0,0.19172391108599052
1299,0.94,0.039999999999999925,0.3078141917558955,0.05696255886364484,0.006667679229692033,0.5595684255990618,0.4832558098878769,0.1416906680829866,0.03885704155736118,0.0026602962830656386,0.0,0.1917667394342354
1300,0.93,0.030000000000000027,0.30817142439906237,0.05622241389043206,0.006836943743135179,0.592578272851602,0.5339073503725275,0.14073986064786465,0.038569846513450814,0.0026616392131486263,0.0,0.2086013136954868
1301,0.92,0.020000000000000018,0.30863245381426396,0.05529179216499913,0.006940242713808426,0.6296751229375053,0.5898124305390426,0.13972376614943852,0.03827783026004872,0.002663667583760028,0.0,0.2189036034685815
1302,0.92,0.020000000000000018,0.3091350473079528,0.05427457450058783,0.006981666776892079,0.6294246261444654,0.5895440006043001,0.13863840784693734,0.03797923545163405,0.002666532244726089,1.0,0.22313570299376
1303,0.93,0.030000000000000027,0.3096401589182207,0.053227849095041344,0.006817796584117693,0.5919304075538144,0.5331975916026397,0.13756106535960272,0.03767384191575839,0.0026686095394292575,1.0,0.22325639737175368
1304,0.93,0.030000000000000027,0.30998356303684477,0.052555524520475475,0.005128777507034703,0.5917791347556755,0.5330319153441164,0.136492928958031,0.03736370563586805,0.0013929407446840248,1.0,0.2234294916700339
1305,0.93,0.030000000000000027,0.30851490034472084,0.0532828540491342,0.005264530079657509,0.5924266370781235,0.5337411980790808,0.13543327655566076,0.03827241162652707,0.0014014450865011561,1.0,0.2096087935247377
1306,0.93,0.030000000000000027,0.3070510549076116,0.053962093411683607,0.005257311999729003,0.5930734270953169,0.5344500351884975,0.13438547622620545,0.03910565312377972,0.0014098039563916153,1.0,0.20970932557055477
1307,0.93,0.030000000000000027,0.30558742866469385,0.05461511575543659,0.00524343978384247,0.5937215337728473,0.5351606509853991,0.13335077798072034,0.039869788345052316,0.0014179937477333665,1.0,0.20891612303097695
1308,0.92,0.020000000000000018,0.3041531272854962,0.05522812703859658,0.005243584625201365,0.6319164951933832,0.5922156334955213,0.13231840912028234,0.040570082250434715,0.00142612002247227,0.0,0.2096820574906384
1309,0.92,0.020000000000000018,0.3028770357190955,0.05557269361589829,0.005332296097498509,0.6325579512226099,0.5929038576653017,0.1312172437438333,0.04120977260445476,0.0014349032906575392,1.0,0.22475144360520238
1310,0.92,0.020000000000000018,0.3016253473777454,0.0559936829091235,0.005351042114101819,0.6331884068459684,0.5935804764166766,0.13012370804229031,0.041793126226974085,0.0014435790786767118,1.0,0.2209048157531096
1311,0.92,0.020000000000000018,0.30035880074988297,0.056360162477141006,0.0053557443325432845,0.6338276268307871,0.5942667007671628,0.12903864172711818,0.04232392387030499,0.0014521203353195396,1.0,0.2214097593102482
1312,0.91,0.010000000000000009,0.299084224403627,0.056707931018051806,0.005357715211489322,0.6774548294687872,0.6575312508757732,0.12796722221266593,0.042805631810987614,0.0014604954954422998,0.0,0.22056736353945983
1313,0.9,0.0,0.29784131220932725,0.05696894321970931,0.005395735124890502,0.7275107409177013,0.7275107409177013,0.1268281579010199,0.04324003486956529,0.0014695157252568411,0.0,0.22438105749021497
1314,0.9,0.0,0.2966724338629978,0.05711398852339031,0.005466228867380571,0.7282895622714674,0.7282895622714674,0.12562520784632422,0.04362886142658545,0.0014791578419644689,1.0,0.23173471976320248
1315,0.9,0.0,0.2954995245233113,0.057231624714246886,0.005460807166826173,0.7290727474081343,0.7290727474081343,0.12443115461968286,0.04397479568703945,0.0014886853156641175,1.0,0.23170640219397187
1316,0.9,0.0,0.29432215210786405,0.05731831261130769,0.005284151481824293,0.729860608562388,0.729860608562388,0.12324551624422213,0.044280274538662276,0.0014980949614681852,1.0,0.2318251605420087
1317,0.9,0.0,0.293185312942788,0.0576868486492766,0.00541611837547703,0.7306229636655712,0.7306229636655712,0.12207830716300416,0.04454766968954694,0.0015072779053903272,1.0,0.21827081441590668
1318,0.9,0.0,0.2920500233512792,0.05803838872814614,0.005412815474727706,0.7313858706347796,0.7313858706347796,0.12091464152655138,0.04477896518893938,0.0015163686854953037,1.0,0.2179361481181607
1319,0.9,0.0,0.29092156518987655,0.05837002382047757,0.005206827067289257,0.7321457674526267,0.7321457674526267,0.1197516011684025,0.04497597447638227,0.0015254087186754432,1.0,0.21795763765683202
1320,0.9,0.0,0.289996873719749,0.05878526268688267,0.0052022788238578685,0.7327696271197208,0.7327696271197208,0.11860452070062043,0.04514056154488933,0.0015342392956277015,1.0,0.21791996490927235
1321,0.9,0.0,0.2890698550291977,0.0591783023029729,0.004997131854141662,0.7333961249958734,0.7333961249958734,0.11746257003932413,0.04527433356510434,0.0015429858403389926,1.0,0.218175191714161
1322,0.9,0.0,0.28834694611281964,0.05959876064475556,0.004988960690862293,0.7338854253127871,0.7338854253127871,0.11632650943982839,0.04537878968260649,0.0015516599068291592,1.0,0.2180213923246892
1323,0.91,0.010000000000000009,0.28760855890873555,0.060013869262731834,0.0044506494381198495,0.6841433548340602,0.6644998203957266,0.11520099614224957,0.045455368257639954,0.0015605543239595725,1.0,0.2174363081082198
1324,0.91,0.010000000000000009,0.2863324364828392,0.0601333313848624,0.004419273570741356,0.6848953043503274,0.6652838793134802,0.11408326730811191,0.045505079142700425,0.0015693009168105904,1.0,0.2175406841649663
1325,0.91,0.010000000000000009,0.28500747077319866,0.060211604546306995,0.00443158368191513,0.6856777856168967,0.666099908143771,0.11297723881540644,0.04552923895362551,0.0015778996835836049,1.0,0.21586694271776358
1326,0.91,0.010000000000000009,0.2836468052557026,0.060312125864484194,0.0044566043328640535,0.6864832130577819,0.666940010135708,0.11187848328959589,0.04552901336361075,0.0015863762991840658,1.0,0.21184192149121583
1327,0.9,0.0,0.2822497430550166,0.06046113766602748,0.004507232799804455,0.7380384349864006,0.7380384349864006,0.11077991679691215,0.045505461879918656,0.0015948075602580975,0.0,0.20665427638960426
1328,0.9,0.0,0.28087873367253446,0.060550180088444816,0.004526954643695265,0.7389787565637523,0.7389787565637523,0.10961122350444878,0.04545900200592498,0.0016039349082038034,1.0,0.20908413133549253
1329,0.9,0.0,0.27950152047112764,0.06060447817295498,0.004518666218952503,0.7399257485705338,0.7399257485705338,0.1084521097040797,0.045390718507627714,0.0016129213045226844,1.0,0.20894114184371348
1330,0.89,-0.010000000000000009,0.2781291763922067,0.06064372233913892,0.0045201110145999986,0.6897687850304747,0.6703685355152788,0.1073118152694678,0.04530174471163852,0.0016217038469437482,0.0,0.2084645105509949
1331,0.88,-0.020000000000000018,0.2768505239384227,0.06054644313111208,0.0046164597843522505,0.6459309064800927,0.6072980080700363,0.1061049238452159,0.04519251172306335,0.0016311347344111445,0.0,0.2181672695882978
1332,0.88,-0.020000000000000018,0.275917144680607,0.06018860035503314,0.004964823370981879,0.6464210064925453,0.607827213242642,0.10483817909613405,0.045063569596118284,0.00164115574335776,1.0,0.25285882001696997
1333,0.88,-0.020000000000000018,0.2749802477016549,0.05981855364781318,0.004968430145649075,0.6469137021011168,0.6083593412257405,0.10358255870738833,0.04491596249933548,0.001651037201818245,1.0,0.2523034925509905
1334,0.88,-0.020000000000000018,0.27404336701917026,0.05943455504822271,0.004969711696532857,0.6474071407482646,0.6088923924577823,0.10233576178374625,0.044750691975304,0.0016607928181181508,1.0,0.25210686542379834
1335,0.88,-0.020000000000000018,0.2730676894013467,0.059047101191096685,0.004998638081369434,0.6479218138497544,0.6094485116064825,0.10109832040332832,0.04456873797493116,0.0016704016138995607,1.0,0.2482969254796128
1336,0.88,-0.020000000000000018,0.272090543227939,0.05865721949508289,0.0049946726944341616,0.6484380824264936,0.6100064868725583,0.09987267969075135,0.044371078201424906,0.0016798654195120523,1.0,0.2472038420758299
1337,0.88,-0.020000000000000018,0.2710454406314044,0.0582535019307534,0.0050454729564430685,0.6489911666455457,0.6106043988412415,0.09865662022162186,0.04415862058328267,0.0016891842905526057,1.0,0.24189385647351874
1338,0.88,-0.020000000000000018,0.2699945497824987,0.05782582202443272,0.005046499428535058,0.6495482662700007,0.6112068053537223,0.09745383878614208,0.043932286981170604,0.0016983214093132036,1.0,0.2415957908998398
1339,0.88,-0.020000000000000018,0.26884640796109494,0.05743412556360854,0.005145897939392253,0.6501580150318499,0.6118663196343784,0.09626117362871253,0.04369295915397112,0.0017073145236898596,1.0,0.2316742488134516
1340,0.88,-0.020000000000000018,0.26764378784045184,0.05705189954494125,0.005198325564468779,0.6507979245758452,0.6125586551845897,0.09507436011818667,0.04344147682818117,0.0017162290672790013,1.0,0.22630750840104946
1341,0.88,-0.020000000000000018,0.2664469537919106,0.056641223962648216,0.005200886124939384,0.6514360071684194,0.6132492169947588,0.09390561133650535,0.043178678115666336,0.0017249699325220618,1.0,0.22670971008140656
1342,0.88,-0.020000000000000018,0.26524865064165337,0.05620624771536299,0.005202837375914468,0.6520761277688393,0.6139421880889504,0.09274484061314532,0.04290531271944976,0.0017335886857364803,1.0,0.2264140937160528
1343,0.88,-0.020000000000000018,0.264049515331781,0.0557404832597376,0.005197285446690081,0.6527179534536702,0.6146372099357958,0.09159199779438951,0.042622173654587786,0.0017421042887545378,1.0,0.22643332027334562
1344,0.87,-0.030000000000000027,0.26284332584767506,0.05523704555518183,0.005198354569082969,0.6132943357390555,0.5567807654696877,0.0904470137502155,0.042330021268810414,0.0017505154269851849,0.0,0.22629677040050244
1345,0.87,-0.030000000000000027,0.2618254541954339,0.054613314393233345,0.005385120766330969,0.6137761692897915,0.5573169235563384,0.08921804488099778,0.04202947328350624,0.0017597273543467399,1.0,0.2450978468310271
1346,0.88,-0.020000000000000018,0.2608215095075898,0.05396509442534158,0.0049842725945240165,0.6544520078396596,0.616516013859031,0.08800947842124113,0.04172139964100243,0.0017690450047147313,1.0,0.2461793203677663
1347,0.88,-0.020000000000000018,0.2594130713177199,0.05246172651003454,0.004949676801013016,0.6552114979949571,0.6173393744381406,0.08680176868185857,0.041406192328361284,0.0017783212488328983,1.0,0.24649541271080966
1348,0.88,-0.020000000000000018,0.25796066825559033,0.05077994628723646,0.004954406638630037,0.6559965442737135,0.6181907429214676,0.08559945877558964,0.04108465495825533,0.001787503903335857,1.0,0.24584000138547202
1349,0.88,-0.020000000000000018,0.2565089335935421,0.048991801041243746,0.004953848601022972,0.6567831114450687,0.6190440694538207,0.0844046069580035,0.04075759784132375,0.001796588311683568,1.0,0.2460939987948661
1350,0.88,-0.020000000000000018,0.25587595659002527,0.04764089926568446,0.005774022193488058,0.6571266567642923,0.6194168699373065,0.032249694621416296,0.04077400660169124,0.002320388377714357,1.0,0.32766052151551106
1351,0.88,-0.020000000000000018,0.2549378207916953,0.0458545643036559,0.005827324361118061,0.6576364871740543,0.6199702245162468,0.03282447351988678,0.04078675654920437,0.0023231478751311392,1.0,0.29751397910079447
1352,0.88,-0.020000000000000018,0.2539074176703603,0.044473936823660805,0.005993659435370295,0.6581973727256129,0.6205791429352487,0.033403394957278995,0.04079589575275648,0.0023259003208242674,1.0,0.26341761898095006
1353,0.88,-0.020000000000000018,0.253003522997729,0.043442131942885015,0.006019563136329518,0.6586901835112302,0.6211142866870978,0.03399496072824685,0.04080138950492425,0.0023287460755882406,1.0,0.25843927608244066
1354,0.88,-0.020000000000000018,0.2519202344388132,0.04231493996822247,0.006174987333985461,0.6592817743764194,0.6217568563186924,0.03459763930435712,0.04080320726345713,0.002331682898360548,1.0,0.24291376395754127
1355,0.88,-0.020000000000000018,0.25079446418321405,0.04114251030144328,0.006215526920079084,0.6598976918013814,0.6224260349143846,0.035204524211163636,0.04080138956156968,0.00233460717063915,1.0,0.2385270777322479
1356,0.88,-0.020000000000000018,0.24967026397374975,0.03989297494748705,0.006217290334363021,0.6605138997190048,0.6230957192147683,0.03581465103817102,0.04079602932772289,0.002337534727166269,1.0,0.2390573495477517
1357,0.88,-0.020000000000000018,0.24854217622685762,0.038560833214577615,0.006210880089826053,0.6611333963953647,0.6237691694255924,0.03643178732142544,0.040787142368541474,0.0023404982689901876,1.0,0.23902428960636346
1358,0.88,-0.020000000000000018,0.24741792048795866,0.037166107268548125,0.005934707718258709,0.6617519459202287,0.6244417818900106,0.037055620581722834,0.040774755497237795,0.0023435146216462285,1.0,0.23873981625513957
1359,0.88,-0.020000000000000018,0.24656235794074763,0.03638038100656925,0.005920951313770477,0.6622234403679138,0.6249546150946741,0.037692642857188784,0.04075879676813468,0.0023466337980115114,1.0,0.23798359728753277
1360,0.88,-0.020000000000000018,0.24572917866856392,0.03560216452030663,0.005906228206435881,0.6626832457376213,0.6254548417541085,0.03833656407148134,0.04073928897167152,0.002349773986175147,1.0,0.23810382177832967
1361,0.88,-0.020000000000000018,0.24491847165538147,0.03481968911790821,0.005900769422643868,0.6631312627084375,0.6259423457278731,0.03898950720046839,0.04071625308023181,0.0023529619119054337,1.0,0.23877323556153052
1362,0.88,-0.020000000000000018,0.24411941131160428,0.03402668834731966,0.00586876078992731,0.6635734366195076,0.6264235904210838,0.039645439274073956,0.04068977303121005,0.0023561090357116115,1.0,0.23872806912344907
1363,0.88,-0.020000000000000018,0.243304404467631,0.03327692638193932,0.005757819228775507,0.6640250426665255,0.6269152019957013,0.04030315610215123,0.04065997708650528,0.002359252836413137,1.0,0.2339193980268084
1364,0.88,-0.020000000000000018,0.24264679324363744,0.03280378504232256,0.005757640615380991,0.6643898820618783,0.6273124354832458,0.04096282931640325,0.040626932427771885,0.002362375338551776,1.0,0.2338670743741249
1365,0.88,-0.020000000000000018,0.2419033287153951,0.03234158507196463,0.0058137552932774365,0.6648028355772826,0.6277621358117003,0.0416281920545166,0.04059068770937731,0.0023655295932815024,1.0,0.22535175032798593
1366,0.88,-0.020000000000000018,0.2411931878422215,0.03190646985135362,0.005815079380803607,0.6651977592729317,0.6281922820820144,0.04229906310583305,0.04055127640132658,0.0023687243972859676,1.0,0.22572414490046477
1367,0.88,-0.020000000000000018,0.24045445603248883,0.03146967280831429,0.0058440403423980995,0.66560908119652,0.6286403724447708,0.042976767901834106,0.040508706641149084,0.0023719859640278637,1.0,0.2226237413371721
1368,0.88,-0.020000000000000018,0.23966713579194013,0.0310337509777012,0.005889432990216528,0.6660480172319726,0.6291186391803839,0.043664013373999104,0.04046294549600422,0.0023753207137134115,1.0,0.21799816662100946
1369,0.88,-0.020000000000000018,0.23887693583334887,0.03056992461986974,0.005890451194255134,0.6664891412069891,0.6295993875167992,0.04436079392491807,0.04041398624583445,0.0023787300333336443,1.0,0.21784189739888826
1370,0.88,-0.020000000000000018,0.23809312207358674,0.0300754129631998,0.005892436194398308,0.6669272777565997,0.6300769769716745,0.04507293814316077,0.04036176441486808,0.002382265518310034,1.0,0.21842505025949666
1371,0.88,-0.020000000000000018,0.23731516831941107,0.029558341617372235,0.005888395838074768,0.6673627086500803,0.6305517128333206,0.045789286694907054,0.040306338817271595,0.0023858154881904415,1.0,0.21862441297171753
1372,0.88,-0.020000000000000018,0.23653200705067712,0.028998287681723706,0.005886459667425143,0.6678016289349313,0.6310303496446091,0.04650847654477286,0.04024778040856534,0.0023893529308903956,1.0,0.21870301950413473
1373,0.88,-0.020000000000000018,0.23574466377054826,0.02840066583309162,0.0058843716606017255,0.6682434753830496,0.6315122753675452,0.0472386158535656,0.04018609643812417,0.002392953342829596,1.0,0.21855510579137927
1374,0.88,-0.020000000000000018,0.23495397331414225,0.027759777451087816,0.0058802991942941635,0.6686877890358768,0.6319969912415174,0.04797340429305975,0.04012136335747981,0.002396580647918053,1.0,0.2185750145519375
1375,0.88,-0.020000000000000018,0.23415553200236783,0.027072758711742792,0.005879969985656217,0.6691370581017032,0.6324872142592708,0.048715681146894375,0.04005360142553988,0.002400243623898754,1.0,0.2182230119400954
1376,0.88,-0.020000000000000018,0.23335422071353,0.02633362094813737,0.0058803269073327506,0.6695885494200633,0.6329799645778049,0.049474386778626776,0.03998277247190979,0.0024040070271258433,1.0,0.21832060850075363
1377,0.88,-0.020000000000000018,0.23252324747884615,0.025564206704519605,0.00590873769904762,0.6700573974568105,0.6334917664994788,0.050229772039028314,0.039909048196915736,0.002407726856179511,1.0,0.21541667523084151
1378,0.88,-0.020000000000000018,0.23169459728097633,0.02473843905489412,0.005870504971528187,0.6705255890839601,0.6340029624896358,0.05101096742378878,0.03983228079726469,0.002411658822900394,1.0,0.21574024380238405
1379,0.88,-0.020000000000000018,0.23090205381526935,0.023971400361374295,0.0056850064352658115,0.670973992770986,0.6344926566389049,0.05179590380138683,0.03975256432231306,0.002415613844018264,1.0,0.21524230842269992
1380,0.88,-0.020000000000000018,0.23029803690055636,0.023594675195343386,0.005684400681819074,0.6713161351849447,0.6348663728725001,0.05258674188320847,0.039669938519223305,0.0024196018742583623,1.0,0.21523267305243948
1381,0.88,-0.020000000000000018,0.2296922912068013,0.023195380100579064,0.005682415765634316,0.6716596074659115,0.6352416011240231,0.053381390444312615,0.039584474251180814,0.002423595963177575,1.0,0.21512940010971626
1382,0.88,-0.020000000000000018,0.22909259226523168,0.022777250641519604,0.005683259368647228,0.6719999974925943,0.6356135209066144,0.05417317410237662,0.039496303233820314,0.0024275206978930496,1.0,0.2154342956832473
1383,0.87,-0.030000000000000027,0.2284950507253579,0.02233987554961522,0.005682370343730437,0.6299832439774645,0.5754626055775162,0.05496686102982902,0.039405524552541926,0.002431417862992303,0.0,0.21542865697757851
1384,0.87,-0.030000000000000027,0.22814850948554935,0.021875457812710834,0.00570013819350122,0.6301562484027124,0.5756574776345018,0.055692764136750915,0.03931279165385504,0.0024346039713978645,1.0,0.24062233915653275
1385,0.87,-0.030000000000000027,0.22804209661467123,0.021785641119886165,0.005705029679861593,0.6302093921678444,0.5757173437404327,0.05642930605092987,0.03921810279418289,0.0024378851355668957,1.0,0.24120051099793194
1386,0.87,-0.030000000000000027,0.2278886142439941,0.021670528103205147,0.00575153320007357,0.6302860587518211,0.5758037122964078,0.057171560228245946,0.039121482537824354,0.002441135225575944,1.0,0.23658747570975402
1387,0.87,-0.030000000000000027,0.2277097632362112,0.02154468814211726,0.005776739399652431,0.6303754208599678,0.5759043891483111,0.05792239405410195,0.039023013465929346,0.0024444157477793065,1.0,0.23405979878636862
1388,0.88,-0.020000000000000018,0.22748893780986226,0.02140755690136803,0.005490829081828074,0.6729119313440911,0.6366102140320423,0.05867419195510193,0.03892280262873939,0.002448079766961073,1.0,0.22989462009483785
1389,0.87,-0.030000000000000027,0.22694084331149772,0.020629748771172064,0.005355368136893918,0.6307598970956001,0.576337622477642,0.059434103558437576,0.03882047107033295,0.002451789559542443,0.0,0.22963801304942077
1390,0.87,-0.030000000000000027,0.22653726227717141,0.02015752807292763,0.005237231024578008,0.6309618838956731,0.5765652734907395,0.06012983010698288,0.038716565069266795,0.002454802783930911,1.0,0.23042211885935027
1391,0.87,-0.030000000000000027,0.22625963956605338,0.019907784526442332,0.004601308009224537,0.6311009053926209,0.5767219786738497,0.06083574824725938,0.038611106799986215,0.0014569063228903308,1.0,0.2305382712509706
1392,0.87,-0.030000000000000027,0.22661117011591375,0.019665618555837573,0.004588919986648745,0.630924884355588,0.5765235702852782,0.061544403653629176,0.038213524155150384,0.0014554228458531675,1.0,0.23038106643719558
1393,0.87,-0.030000000000000027,0.22697365719540014,0.019390455834385374,0.004575474281215778,0.6307434798792105,0.5763191208037093,0.062256061747634484,0.037801515576361744,0.0014540507848073202,1.0,0.23009310035102004
1394,0.88,-0.020000000000000018,0.22735008363995576,0.019075045672808124,0.004519584853518217,0.672991008576109,0.6366966608554596,0.06296819028729862,0.03737547585499745,0.001451959687713431,1.0,0.22986794593390947
1395,0.88,-0.020000000000000018,0.22765871329643173,0.01884570375711934,0.00446049446542248,0.672815269718669,0.6365045483317252,0.06368804391803869,0.03693706118986765,0.0014500406482868774,1.0,0.2288464748851058
1396,0.88,-0.020000000000000018,0.22801034619092803,0.018485115191053454,0.0044850307174038396,0.6726151559247515,0.6362858088481581,0.06441266338481702,0.036486655014575375,0.0014482626215466322,1.0,0.22627537921686247
1397,0.88,-0.020000000000000018,0.22835834352617249,0.018113708679213716,0.004482522986155645,0.672417228287034,0.6360694788977306,0.06514273908091364,0.03602462991276088,0.0014466347376574356,1.0,0.22605383001376167
1398,0.88,-0.020000000000000018,0.2286884381514529,0.01774001317136714,0.004495428320008989,0.6722295906510717,0.6358644139325474,0.06587700874224942,0.035551352763984606,0.001445134218004075,1.0,0.22473337361403578
1399,0.89,-0.010000000000000009,0.22896146994635302,0.01737603411940841,0.004382588728378075,0.7204972492899773,0.702551514088049,0.06661102551804833,0.035067217209818265,0.001442944413364448,1.0,0.21906991892424488
1400,0.9,0.0,0.229069054213285,0.017282695386534548,0.00428145268485633,0.7763579481645627,0.7763579481645627,0.06735077877877092,0.03457391913091775,0.0014401530877310794,1.0,0.21935974038868689
1401,0.91,0.010000000000000009,0.22892493598998254,0.017426355023097393,0.00438888561137324,0.7205210999706633,0.7025765765099411,0.0680969563685585,0.03407318014219983,0.0014367270199258917,1.0,0.20449178113833438
1402,0.91,0.010000000000000009,0.228742489218629,0.017580833277803822,0.004391699251192242,0.7206402314216739,0.7027017624000639,0.06885294857552472,0.03356685869133275,0.0014334810574979275,1.0,0.20489102585840935
1403,0.91,0.010000000000000009,0.22855831263927923,0.017733152518048315,0.004390478969609932,0.7207605323409144,0.7028281804544299,0.06961406581538562,0.0330555237288074,0.0014303798538442827,1.0,0.20483873943677788
1404,0.91,0.010000000000000009,0.2282726376566548,0.018040910711074522,0.004351651170457387,0.7209472097283058,0.703024356618289,0.0703812929847106,0.0325397316819381,0.0014274260636115027,1.0,0.1948619934075837
1405,0.91,0.010000000000000009,0.22810044415033986,0.018298564276134566,0.004375610952967688,0.7210597781423058,0.7031426567087459,0.07115266291205578,0.032020068977567165,0.001424633837327562,1.0,0.19238944289324678
1406,0.91,0.010000000000000009,0.22790697857658004,0.01859190724694129,0.004388070267706067,0.7211862947308889,0.7032756186026824,0.07192779066184679,0.03149707360621832,0.0014220119131286319,1.0,0.19036276819456943
1407,0.91,0.010000000000000009,0.2276989055010428,0.018916874281745672,0.004403100755157123,0.721322413439556,0.7034186758396244,0.0727096015237352,0.030971268670118242,0.001419481024254393,1.0,0.18810881547725344
1408,0.92,0.020000000000000018,0.22741759110216353,0.019386066425077706,0.004317129156773045,0.6729525608609622,0.6366546296163085,0.07349709818810386,0.030443396485723084,0.0014163126534252985,1.0,0.18155061760271318
1409,0.92,0.020000000000000018,0.2269430008112991,0.02001620806605888,0.004321286482347392,0.6732229487610367,0.6369502348990591,0.07429121506992942,0.029915577197577876,0.0014132882209029005,1.0,0.1772924145187601
1410,0.92,0.020000000000000018,0.22650707043252716,0.020608894588533242,0.0043163816318424865,0.6734715025065409,0.6372220022856486,0.07511055429715821,0.029388581109986087,0.0014106041089034728,1.0,0.17731177787591312
1411,0.92,0.020000000000000018,0.22606703017300814,0.02117504398931036,0.004308821628929792,0.6737225857813312,0.6374965671520785,0.07592746190113085,0.02886320002699462,0.0014080332815248908,1.0,0.17740573335834475
1412,0.93,0.030000000000000027,0.2256361836462063,0.021714022122134705,0.004271077018325527,0.6314133286408116,0.577074201340808,0.07674631476431044,0.028340150611517033,0.0014047988224494719,1.0,0.17748271085927758
1413,0.93,0.030000000000000027,0.22515440689075078,0.02226402733789252,0.004209720115715708,0.6316549662581171,0.5773466769037761,0.0775674382853545,0.027821765253438917,0.0014009419887762232,0.0,0.17620338194466212
1414,0.92,0.020000000000000018,0.22468993381060784,0.02260380379276131,0.00430119195647345,0.674509556524209,0.6383573428122081,0.07832906339161104,0.027310258895687303,0.0013965740279642562,0.0,0.18528741174890917
1415,0.92,0.020000000000000018,0.2250094686199561,0.022924312522301347,0.005091633502249749,0.6743267878600647,0.6381574055292588,0.04879963764769264,0.026889807996446326,0.001682874910473929,1.0,0.2636598831287996
1416,0.92,0.020000000000000018,0.22532760834826276,0.023235336562200296,0.004954930508613674,0.6741449155330332,0.637958465552786,0.04920052238236133,0.02646174847357203,0.0016751342605087847,1.0,0.263639133372669
1417,0.92,0.020000000000000018,0.22575823217966762,0.023498116294945016,0.0049748423219321105,0.6738988951387113,0.6376893842071081,0.049604448703117754,0.02602618635900452,0.0016674601260068013,1.0,0.26133319755639783
1418,0.92,0.020000000000000018,0.22619000356467509,0.02374579945243394,0.004976846578485844,0.6736523993500259,0.6374198135972416,0.05001082923025813,0.025583514820649564,0.0016598170974107557,1.0,0.2611132866189069
1419,0.92,0.020000000000000018,0.22662161955928506,0.02398331700057586,0.004976526151731935,0.6734061724339137,0.6371505676953426,0.05042449120171565,0.025134149299754497,0.001652408829771114,1.0,0.26111923711782964
1420,0.92,0.020000000000000018,0.22705091435009433,0.02420688852473503,0.004976673286305092,0.6731614481934076,0.6368829953134441,0.050840835822998226,0.024678226264874533,0.0016450794758315814,1.0,0.2608494439901985
1421,0.92,0.020000000000000018,0.2274769018375848,0.02442082363657314,0.004975882419007271,0.6729187850758268,0.636617706371276,0.05126262421174069,0.024216073769635544,0.001637864605015892,1.0,0.260773940463211
1422,0.92,0.020000000000000018,0.22791157904211956,0.02463456760622454,0.004977196440204081,0.6726713521493911,0.6363472335210859,0.05168711614757053,0.023748020961727154,0.0016307835811598412,1.0,0.2614891127781647
1423,0.92,0.020000000000000018,0.2283456163417166,0.024827787938013303,0.004982698446805063,0.6724244649728591,0.6360773880655501,0.05211851277273339,0.023274270368497895,0.0016238509325843386,1.0,0.260840038067921
1424,0.92,0.020000000000000018,0.228707060714873,0.024930741093546937,0.0050380638522607175,0.6722190080379853,0.6358528489617067,0.05255158208540142,0.022795108674765852,0.0016170533651092129,1.0,0.25368512148060857
1425,0.92,0.020000000000000018,0.22903673952619527,0.024976704056806052,0.005046399977554365,0.6720317171552337,0.6356481816880826,0.05298522585538549,0.02231073714546733,0.0016103350645453088,1.0,0.24883482384998973
1426,0.92,0.020000000000000018,0.22941284120102498,0.024998110735208332,0.0050002345232370545,0.6718181807967457,0.6354148555575839,0.05341958609410617,0.021821440928874804,0.001603625910464874,1.0,0.24945208897418758
1427,0.93,0.030000000000000027,0.22979645373633598,0.024940194425516534,0.0050205042616976074,0.6293343894915044,0.5747319585050145,0.053858762479840665,0.021327638594572425,0.0015962570528211479,1.0,0.24501552992070452
1428,0.93,0.030000000000000027,0.23004170039314908,0.024855753633322087,0.005134279447678668,0.6292122638717869,0.574594477316839,0.05429961313254056,0.020831355004610544,0.0015890018695113581,1.0,0.23360879701680043
1429,0.93,0.030000000000000027,0.230290757037215,0.02476769896585694,0.0051318691238482405,0.6290882894894196,0.574454927611159,0.054743561263558685,0.020332916692984253,0.0015819680684649564,1.0,0.23384680625030657
1430,0.94,0.039999999999999925,0.2305422980820218,0.02467230299744289,0.005036166418609098,0.5917445760556722,0.5196608463492443,0.05519168423626576,0.01983243913016304,0.0015743037406715742,1.0,0.2336186150316788
1431,0.95,0.04999999999999993,0.230690895610524,0.024642053064248215,0.004691722400068625,0.5586263903056577,0.4701404698492138,0.05564144883086041,0.01933202335125496,0.0015660514158787743,1.0,0.23302702243851342
1432,0.95,0.04999999999999993,0.23041290652009672,0.02454702451299689,0.004766588905101915,0.558735504314488,0.47026790023790926,0.056094050701044014,0.018833736300965978,0.0015579401177114804,1.0,0.22505991097423828
1433,0.95,0.04999999999999993,0.23014378320789683,0.024452897308175632,0.004767948735703667,0.558841179016124,0.47039133237491787,0.05654954027748389,0.018338090550032132,0.0015499471142043871,1.0,0.22539116133100395
1434,0.95,0.04999999999999993,0.22987603270540335,0.024357345442225876,0.004730063949969978,0.5589463543415584,0.47051419919603865,0.05700818395144305,0.01784567664856034,0.0015420804707048036,1.0,0.2253318151744536
1435,0.95,0.04999999999999993,0.229648820917007,0.024290333128460618,0.004721486657664318,0.5590356366731715,0.4706185137450829,0.057468792234546616,0.017357104261696395,0.0015343528704070924,1.0,0.22557574663997615
1436,0.95,0.04999999999999993,0.229389856012541,0.02423978618077661,0.004710965540577833,0.5591374311028965,0.47073746279140877,0.057934103430063895,0.01687295348371745,0.0015267695545120202,1.0,0.22130735162922704
1437,0.95,0.04999999999999993,0.22918587062519616,0.024219524378520638,0.004709853424781165,0.5592176401817246,0.47083120071673323,0.05840611233241648,0.016393894553608287,0.0015193880137733613,1.0,0.22149531773903586
1438,0.95,0.04999999999999993,0.22898539300519147,0.024198935408312708,0.004610168263911923,0.5592964923968199,0.47092336309052835,0.05887952248923775,0.01592055142548242,0.001512122811747015,1.0,0.2215480288993691
1439,0.95,0.04999999999999993,0.22887484153046483,0.024211648068103275,0.004565341871449098,0.5593399842129854,0.47097420058961553,0.05935559427849066,0.015453664249493486,0.0015049436024412275,1.0,0.22061910134078655
1440,0.95,0.04999999999999993,0.22882971510607802,0.024220594838401163,0.004573155638532209,0.5593577392459247,0.47099495529530716,0.05983166849975889,0.014994123896606322,0.001497946889709782,1.0,0.22179486596237152
1441,0.95,0.04999999999999993,0.22879218671621185,0.024226757205633245,0.004581907040219707,0.559372505683743,0.4710122168791387,0.060311993245355175,0.014542575310692217,0.001491073698015199,1.0,0.22295687109478768
1442,0.95,0.04999999999999993,0.22872763338907073,0.024241603461899502,0.00461199677290203,0.559397907550088,0.471041911831762,0.0607942865325568,0.014099961955114114,0.001484300470423742,1.0,0.219958761001945
1443,0.95,0.04999999999999993,0.22865338489985518,0.024259880625142557,0.004620216366612283,0.5594271273355287,0.47107607125265016,0.06128204161215946,0.013667304132463117,0.001477661794013931,1.0,0.2190084713517867
1444,0.96,0.05999999999999994,0.2285287364705023,0.024303651791471783,0.004482594825764263,0.529833278109206,0.4262991556824151,0.06177332632806667,0.013245691545135978,0.0014702104389299861,1.0,0.21383192746521607
1445,0.96,0.05999999999999994,0.22821133890203932,0.024292444919176287,0.0044764570878223185,0.5299453505823398,0.4264313670938213,0.06226617098646592,0.012838665318079909,0.001462980925784962,1.0,0.21335808998472938
1446,0.96,0.05999999999999994,0.22788303808489022,0.024269228157964035,0.004473353643265066,0.5300613228656728,0.4265682065439471,0.06275898694477523,0.012447226352410454,0.0014557597764811917,1.0,0.21334923865285405
1447,0.95,0.04999999999999993,0.2275293463612352,0.024253124239170257,0.004489187855206525,0.5598698551934782,0.471593812334702,0.06325295026808664,0.012072934929687189,0.0014486047604917222,0.0,0.2111262403453119
1448,0.94,0.039999999999999925,0.22734826142262232,0.024183234924691682,0.004654352196312348,0.5931544068273152,0.5212840655718489,0.06371812029572572,0.011717074203272596,0.0014412342373609434,0.0,0.22773150752418247
1449,0.93,0.030000000000000027,0.2272162345090507,0.024116480821460708,0.003882567117452524,0.6306221417739111,0.576182383638124,0.0641553238236613,0.01138083696458365,0.0009188331382836547,0.0,0.2328913074377048
1450,0.93,0.030000000000000027,0.22666252358319786,0.022376850360437194,0.003976017411167677,0.6308991784781749,0.576494597151815,0.06456291587737685,0.011187341193124478,0.0009171443822760289,1.0,0.27228942893022157
1451,0.93,0.030000000000000027,0.22641046997746073,0.021709359119510593,0.0036318035675012125,0.6310253684191972,0.5766368313146583,0.06497453675253928,0.010996439586556956,0.0009154544776070412,1.0,0.272308618527086
1452,0.93,0.030000000000000027,0.22650216155530414,0.02188412868602284,0.003584326954770906,0.630979457442977,0.5765850815221996,0.06538833916385041,0.010808371799428007,0.0009136588881155591,1.0,0.2725867767652951
1453,0.93,0.030000000000000027,0.2266376884386856,0.022122164216331043,0.0034335118054760407,0.630911609883145,0.576508608538407,0.06580405251691038,0.010623565674228504,0.0009117703505089904,1.0,0.2719919644205874
1454,0.93,0.030000000000000027,0.22690441703061043,0.022474786073687112,0.003413498220074732,0.6307781226425283,0.5763581623451174,0.0662227446963877,0.010442447122085257,0.0009098694138693017,1.0,0.2695866231500236
1455,0.93,0.030000000000000027,0.2271798807851362,0.02278226064929886,0.003443628504415073,0.6306403230724377,0.576202871549426,0.06664060283785274,0.010265279387313392,0.0009079273059345305,1.0,0.266073453184826
1456,0.93,0.030000000000000027,0.22744056621852465,0.0230640781107631,0.003452865881756923,0.6305099717319557,0.5760559889786294,0.0670614817035817,0.010092353463054567,0.0009059449077777077,1.0,0.2651258928865946
1457,0.93,0.030000000000000027,0.2275032962018643,0.023103994517827686,0.0036502813524139028,0.630478612708324,0.576020655100117,0.06748423703586835,0.009924041152007932,0.0009039138175957809,1.0,0.24529728794032973
1458,0.93,0.030000000000000027,0.2275117585179336,0.02310826315664514,0.003700332070703366,0.6304743825941639,0.5760158888684407,0.06791113973505683,0.00976074498822788,0.0009017913976333823,1.0,0.23958604786206605
1459,0.93,0.030000000000000027,0.22752896508072096,0.02311669321797199,0.0037003116789195802,0.6304657816103423,0.576006197856478,0.06833853724798078,0.009602981579896915,0.0008996042895387499,1.0,0.23970425356626818
1460,0.93,0.030000000000000027,0.22752103064011023,0.023113198107756465,0.003717730487665124,0.6304697477420145,0.5760106666200948,0.06877084544859409,0.009451196304900936,0.0008973756538986111,1.0,0.23731037771725855
1461,0.93,0.030000000000000027,0.22750826582740116,0.023107332024609233,0.003719156852667998,0.6304761285017076,0.5760178560475465,0.06920617001308073,0.00930587015466618,0.000895147295220642,1.0,0.23749675429062456
1462,0.93,0.030000000000000027,0.2274977039145506,0.023102442121399346,0.003672353342073266,0.6304814081932912,0.5760238048883096,0.06964394922280015,0.00916735880880653,0.0008929257031160173,1.0,0.23767187783838678
1463,0.93,0.030000000000000027,0.22752805273581855,0.023112849190668628,0.003679073281791403,0.6304662376550775,0.576006711695564,0.07008562909888755,0.00903601282528751,0.0008907237502052635,1.0,0.23695428015360775
1464,0.93,0.030000000000000027,0.2275588050984448,0.02312330647999389,0.0035931808117986674,0.6304508661423449,0.5759893922532859,0.07053113477802685,0.008912186818874245,0.0008885029718317882,1.0,0.2369423106367496
1465,0.93,0.030000000000000027,0.22766857582172884,0.023138618673726075,0.0035956160987470074,0.6303960035576127,0.5759275789044,0.07098072945848755,0.00879631505441128,0.0008862678569746595,1.0,0.2363288226563851
1466,0.93,0.030000000000000027,0.22777112724252369,0.023152495079746288,0.003567829554435309,0.6303447577525598,0.5758698428263055,0.07143358011194016,0.008688813254535846,0.0008839966030095238,1.0,0.23597928697995058
1467,0.93,0.030000000000000027,0.22789405166366192,0.023157471374698927,0.0035318449969887603,0.63028334236618,0.5758006520749711,0.07188947499792643,0.008590112206456469,0.0008816597284016578,1.0,0.23491618345099624
1468,0.93,0.030000000000000027,0.22801301342139685,0.023136876513317476,0.0035809921872349206,0.6302239181960803,0.57573370762645,0.0723481787032288,0.00850067965468819,0.0008792549117792679,1.0,0.22989434239450518
1469,0.93,0.030000000000000027,0.22805394990719846,0.023122461354499586,0.0036554936372839133,0.6302034720587871,0.5757106746595597,0.07280900248312638,0.00842095250273376,0.0008767163214929536,1.0,0.22193554597904652
1470,0.93,0.030000000000000027,0.2280887706821202,0.023110553514483854,0.0036537669253157343,0.6301860815186007,0.5756910841557942,0.07327373477696952,0.008351478581543325,0.0008741747431302957,1.0,0.22190712775167537
1471,0.93,0.030000000000000027,0.22811726881726727,0.02310062018393832,0.003657345659990821,0.6301718494086813,0.575675051822221,0.07374261062369773,0.008292557724073233,0.0008716463188561784,1.0,0.22147422648642456
1472,0.93,0.030000000000000027,0.22806521259037024,0.023127625660761517,0.00373642561917503,0.6301978470317304,0.5757043380195134,0.07421995703688125,0.00824449147978268,0.0008690928552641663,1.0,0.21349739681443242
1473,0.93,0.030000000000000027,0.22802052295411035,0.023150265534695468,0.0037421714433204805,0.6302201673854901,0.5757294822400857,0.07469732885505537,0.008207563160847408,0.0008664926873720447,1.0,0.21408614216539024
1474,0.93,0.030000000000000027,0.22797713011528775,0.023171986105682486,0.0037401268563754773,0.6302418415634179,0.5757538989310712,0.07517603697109887,0.008181908216727306,0.0008638303768893059,1.0,0.21423573066967705
1475,0.93,0.030000000000000027,0.22794118163870278,0.023189872109684182,0.003743105008408407,0.6302597985050612,0.5757741283268496,0.07565577178167367,0.008167653228953147,0.0008610124898069058,1.0,0.21462816428159526
1476,0.93,0.030000000000000027,0.22790704443848409,0.023206515826849204,0.0037165877450486386,0.6302768516272709,0.5757933397735095,0.07613885014641035,0.008165051275728238,0.0008582619151032206,1.0,0.21490688847889033
1477,0.93,0.030000000000000027,0.22779456191710068,0.023293880155715457,0.0038217887229764097,0.6303330484186123,0.57585665081434,0.07662707491150235,0.00817399547021842,0.0008553026159146502,1.0,0.20416842309249844
1478,0.93,0.030000000000000027,0.22763695623864874,0.023427838699215785,0.0038590696498008665,0.6304118058091298,0.5759453829501853,0.07711767627978781,0.008194735283443081,0.0008523295350125027,1.0,0.19997967595719313
1479,0.93,0.030000000000000027,0.22747835338308328,0.023564498952973852,0.003865009222738014,0.6304910813711135,0.5760347041069434,0.0776105060522882,0.008227100932933778,0.0008493193500698638,1.0,0.19938202286615503
1480,0.93,0.030000000000000027,0.2272637982853425,0.02377178395265877,0.003920580805011494,0.6305983556641395,0.5761555802643501,0.07810916211804698,0.008270959010604347,0.0008463295268845572,1.0,0.19377716327835737
1481,0.93,0.030000000000000027,0.22703299847579486,0.023999427754101542,0.003934953012585972,0.630713792828595,0.5762856650248736,0.0786113397009681,0.008326054591492153,0.0008434042129942251,1.0,0.192049419154953
1482,0.92,0.020000000000000018,0.22679876739619323,0.024224732022149965,0.0039352822320425605,0.6733051657915057,0.6370401271212128,0.07911690432772873,0.008392001475522944,0.0008404938867246112,0.0,0.19201118772308196
1483,0.92,0.020000000000000018,0.22661131538009652,0.02438399125169904,0.003727995216546296,0.6734120486318935,0.6371569928837769,0.07959217905698457,0.008467853284842572,0.0008379622869502066,0.0,0.19668345536790605
1484,0.91,0.010000000000000009,0.22647602145008353,0.024343376033837908,0.004029321670545574,0.7221234478947028,0.7042606273393451,0.08003520929909565,0.00855184465139388,0.0008349975225858846,0.0,0.22709294615523368
1485,0.9,0.0,0.2263661219252722,0.024301424661238684,0.004014216388458544,0.7784120964330732,0.7784120964330732,0.08044543170990964,0.008643127984640309,0.0008316436663585908,0.0,0.23021055851679573
1486,0.9,0.0,0.22644117970246408,0.024344431767399158,0.004128913539860227,0.7783549080279455,0.7783549080279455,0.08082643978088283,0.008740858485902461,0.0008279080526729059,1.0,0.24409325342894772
1487,0.9,0.0,0.22654745135425058,0.02440058846174984,0.004092838103946465,0.77827395135795,0.77827395135795,0.08121116175177427,0.008844794446565083,0.0008242002149950418,1.0,0.244686963965016
1488,0.9,0.0,0.22667150237545675,0.02444877570781175,0.0041143596666145575,0.7781794718439431,0.7781794718439431,0.08159853880004118,0.008954595323898536,0.0008204372396913172,1.0,0.24229972221545773
1489,0.91,0.010000000000000009,0.22674323326390605,0.02446788918600818,0.004161880015212314,0.7219482623695442,0.7040764808720931,0.08198989611738629,0.009069996644418652,0.0008173628030125272,1.0,0.2368111018943504
1490,0.91,0.010000000000000009,0.22680971687784882,0.024486820117350396,0.004163326742158311,0.7219046885531917,0.7040306792846082,0.08238226905228624,0.00919017657362128,0.0008141956797258954,1.0,0.23707048025362448
1491,0.91,0.010000000000000009,0.22687707226685724,0.024506239491492297,0.004163792652101895,0.7218605487329364,0.703984283194118,0.08277807554020215,0.009314936360275734,0.0008110355896405028,1.0,0.23727381015181437
1492,0.91,0.010000000000000009,0.22689427075504806,0.024509295865665016,0.004213135367347978,0.7218492789604483,0.7039724374217856,0.08317742583522587,0.009444025509209029,0.0008078809654083655,1.0,0.23210091525627669
1493,0.91,0.010000000000000009,0.22678031869551815,0.024520645984656503,0.00434624512937964,0.7219239556747177,0.7040509314110948,0.08357992295466957,0.009577190053803735,0.0008047533753051286,1.0,0.21869789439803156
1494,0.91,0.010000000000000009,0.22666500379514148,0.024532966305538743,0.004339578133955234,0.7219995412364308,0.7041303819924366,0.08398599077854957,0.009714174843065223,0.0008015838217004816,1.0,0.21833645589624406
1495,0.91,0.010000000000000009,0.22656280634421708,0.024544949414450797,0.004316539530199493,0.7220665419223291,0.7042008097981388,0.084393642102621,0.009854726189441252,0.0007983821232893008,1.0,0.21862672979266906
1496,0.9,0.0,0.22648751461269062,0.024557260416604908,0.004315508490486817,0.778319608491038,0.778319608491038,0.08480518194317554,0.00999861778952617,0.0007951645893949363,0.0,0.21874620606421488
1497,0.89,-0.010000000000000009,0.22643883912973212,0.0245628951824707,0.004326817775880475,0.722147831565636,0.7042862588145578,0.08518642634962169,0.010145044150614303,0.0007915986777293846,0.0,0.22118628171791288
1498,0.89,-0.010000000000000009,0.22653224034727887,0.024573988068488695,0.004399785038112883,0.7220865834168632,0.7042218766231437,0.08553901542687116,0.010293247590085954,0.0007877458726935315,1.0,0.23407349536871222
1499,0.89,-0.010000000000000009,0.22668288923810065,0.024573956182141893,0.004397476868145828,0.7219878168119629,0.7041180579621533,0.08589394720126334,0.010443009869854055,0.0007838587869730224,1.0,0.2341348080064157
