t,cov_w,gap_w,width_mean_w,width_std_w,width_step_mean_w,ces_w,rcs_w,control_state,control_std_w,control_step_mean_w,covered_t,width_t
1,nan,nan,nan,nan,nan,nan,nan,0.18456391555723864,nan,nan,1.0,0.16977540699832705
2,nan,nan,nan,0.0001881857009409238,0.0003763714018818476,nan,nan,0.1831391987194637,0.0007123584188874627,0.0014247168377749253,0.0,0.1701517784002089
3,nan,nan,nan,0.0011138484376684264,0.0012642126055936176,nan,nan,0.17944390777795893,0.002157660071829135,0.002560003889639853,0.0,0.17230383220951428
4,nan,nan,nan,0.002737594803846198,0.0022949968522692674,nan,nan,0.17358722112681968,0.0042421128870888765,0.0036588981434729864,1.0,0.17666039755513485
5,nan,nan,nan,0.0029813571097107687,0.0017675914451440455,nan,nan,0.16831014875244343,0.006078888349363189,0.004063441701198801,1.0,0.17647502233136647
6,nan,nan,nan,0.0029573676034616125,0.001473439435992363,nan,nan,0.16353852108798148,0.007686210585808602,0.004205078893851433,1.0,0.17617819093198084
7,nan,nan,nan,0.004056956542421272,0.002222503205482488,nan,nan,0.15923130735564928,0.00909782349968411,0.0042221013669315605,1.0,0.18214601298491395
8,nan,nan,nan,0.004526909632624954,0.0019235287855277061,nan,nan,0.15537586516711852,0.010336681832555619,0.004169721484302875,1.0,0.18227569525071297
9,nan,nan,nan,0.004737503263943347,0.0016847039434943756,nan,nan,0.1519887754093895,0.01141456927020845,0.004071892518481144,1.0,0.18228862529997403
10,nan,nan,nan,0.004790349564613788,0.001529764530273598,nan,nan,0.1490348697991472,0.01234561582529009,0.003947671750899048,1.0,0.18199837607546665
11,nan,nan,nan,0.005240161779662988,0.0017729911908906492,nan,nan,0.1465019761406307,0.013140796430294987,0.003806193941660793,1.0,0.18596040721191076
12,nan,nan,nan,0.0056879712253320525,0.0017548590816575218,nan,nan,0.14435369643676996,0.013811998249208599,0.003655474465497153,1.0,0.187533945201237
13,nan,nan,nan,0.005871389722227981,0.001677930606422388,nan,nan,0.14258936776533487,0.014367437510827306,0.003497878982658647,1.0,0.1867022278224011
14,nan,nan,nan,0.005671374191418577,0.0020038488673179357,nan,nan,0.14117177906128942,0.014816778140444468,0.0033378566535345556,1.0,0.18078735982433658
15,nan,nan,nan,0.005529353196617307,0.0021747146755215496,nan,nan,0.14009679872553765,0.015167497740832918,0.003176222630835785,1.0,0.17639138964216805
16,nan,nan,nan,0.005450605004488416,0.0021258466954082364,nan,nan,0.13934012390736766,0.015427396521173366,0.0030149194433247315,1.0,0.1749496946683462
17,nan,nan,nan,0.005368818372240559,0.0019938538432436592,nan,nan,0.1388739888494128,0.015604639891923358,0.0028556204192391153,1.0,0.1749636557291212
18,nan,nan,nan,0.0053561280043755485,0.0019688741048359075,nan,nan,0.13868821196437178,0.01570648568632523,0.002698570799580403,1.0,0.17339445743880932
19,nan,nan,nan,0.00547516558551299,0.0019984794390051075,nan,nan,0.13876745005799693,0.015739979824710128,0.002553052315916222,1.0,0.17089268731892782
20,nan,nan,nan,0.005820479293440715,0.002080842570728053,nan,nan,0.13909812864647456,0.01571200891751401,0.0024360852776299804,1.0,0.16732930837718674
21,nan,nan,nan,0.006073805064072929,0.0019782278175512922,nan,nan,0.1396692807168915,0.015629339864327553,0.0023428386172693284,1.0,0.16735785588437957
22,nan,nan,nan,0.006339201234482768,0.0019356866338992504,nan,nan,0.14046400393677572,0.015499009834137701,0.002269118836441466,1.0,0.16627299292352116
23,nan,nan,nan,0.00651843025851654,0.0018634770860929532,nan,nan,0.1414876758135137,0.015327650132969868,0.002212507611000399,1.0,0.16662006950568187
24,nan,nan,nan,0.0067442416895767245,0.0018469361545576078,nan,nan,0.14270974587009488,0.015122896083513197,0.002169445108634346,1.0,0.16513703384490186
25,nan,nan,nan,0.006919154615181913,0.0017700117803015243,nan,nan,0.14413404642709868,0.014892341815641544,0.002138397418983073,1.0,0.16513628267249025
26,nan,nan,nan,0.00705772024305515,0.001701464133977124,nan,nan,0.14575652457724414,0.01464407943282213,0.0021177606482295688,1.0,0.16507996205029873
27,nan,nan,nan,0.007366596031692877,0.0017734186884574075,nan,nan,0.14754834657367946,0.014387122419012733,0.002105224546237482,1.0,0.16150767949983424
28,nan,nan,nan,0.007612705150794882,0.0017084344856993711,nan,nan,0.14947628132248178,0.01413105240363227,0.002098658257443587,1.0,0.16152652471382467
29,nan,nan,nan,0.007832322174619235,0.001661732652457155,nan,nan,0.15155160039678842,0.013885597892371012,0.002097824715188696,1.0,0.16112574155890735
30,nan,nan,nan,0.008061480483900514,0.0016389050969251604,nan,nan,0.1537745831727335,0.013660957970284271,0.002102140510387192,1.0,0.16012600801687804
31,nan,nan,nan,0.008252587581231013,0.0015869929628548717,nan,nan,0.15615007276000575,0.013467909940403167,0.002111252146283361,1.0,0.16004446694206154
32,nan,nan,nan,0.00841772343349443,0.0015419587411781108,nan,nan,0.15865921183163648,0.013317439357927327,0.0021240872083913404,1.0,0.15985353485118625
33,nan,nan,nan,0.008802879104612712,0.0016495366589243318,nan,nan,0.16134143387865882,0.013221437956293384,0.002141528922098559,1.0,0.15486908274212907
34,nan,nan,nan,0.009354768747756812,0.0017206388493021234,nan,nan,0.16419290191779412,0.0131919511099729,0.00216304222867543,1.0,0.15087317380073761
35,nan,nan,nan,0.009845987540153351,0.0016872996513957624,nan,nan,0.1671611314698329,0.013239054042920051,0.0021867242087743525,0.0,0.15028606768025177
36,nan,nan,nan,0.010016770778125832,0.0017856922149595952,nan,nan,0.1676240239585521,0.013284647164247768,0.002137471873915634,1.0,0.15541710705638168
37,nan,nan,nan,0.010185896557210349,0.0017547669275503825,nan,nan,0.16832204627268782,0.01333620542733136,0.002097487163921747,1.0,0.15474472518815374
38,nan,nan,nan,0.010317886787845131,0.0017151063014831844,nan,nan,0.1692411947432747,0.013400073558486785,0.002065640172209994,1.0,0.1550320489512178
39,nan,nan,nan,0.010426285972425262,0.0016717291526711728,nan,nan,0.170381273950792,0.013482250431624198,0.0020412833047180807,1.0,0.15509882359784455
40,nan,nan,nan,0.010701291236796326,0.0017557976204831682,nan,nan,0.17173194777119163,0.013588286574697591,0.0020235753692227363,0.0,0.15014842420050556
41,nan,nan,nan,0.010889318970318933,0.0017435728707659748,nan,nan,0.17066019326566623,0.013644745103893614,0.001999779847630303,0.0,0.151415231832301
42,nan,nan,nan,0.010794534375871807,0.0019646585000037725,nan,nan,0.16738341866229847,0.013610449304642691,0.002030926061184875,0.0,0.16222331550181668
43,nan,nan,nan,0.010726857534736801,0.0022283416005958495,nan,nan,0.10126024575067141,0.015733245580711337,0.0035569319385763557,0.0,0.17526266422668768
44,nan,nan,nan,0.010975895548446567,0.0024497037478920345,nan,nan,0.0976614851816715,0.017685540763111556,0.0035579046974234148,0.0,0.18700957816101949
45,nan,nan,nan,0.011445163091451924,0.002532116612614306,nan,nan,0.09184294514662351,0.019665610198452574,0.0036092827732785186,0.0,0.19308544795669147
46,nan,nan,nan,0.012120958927651618,0.002600580539948395,nan,nan,0.08394063944405361,0.021804114548452585,0.0037046832828183268,1.0,0.19869844129933978
47,nan,nan,nan,0.012798588537346578,0.0025861044515227754,nan,nan,0.07671118970897399,0.02402655576095654,0.0037813086404761805,1.0,0.20063312177170967
48,nan,nan,nan,0.013782920211654877,0.002695703740389604,nan,nan,0.07016611866239933,0.026274649415970183,0.0038401120959250844,1.0,0.20837039279997338
49,nan,nan,nan,0.01452720584323816,0.0026803548706552196,nan,nan,0.06421826907964115,0.028509024845892923,0.0038840232935674415,1.0,0.20641143480683422
50,nan,nan,nan,0.016789429524903282,0.00318241687934586,nan,nan,0.05885215797491909,0.03070041994214324,0.003914269983591005,1.0,0.2336928281033308
51,nan,nan,nan,0.01857031112834691,0.003137869912565505,nan,nan,0.054013826364751466,0.03282909273545563,0.003932751216122537,0.0,0.2327377595630027
52,nan,nan,nan,0.021959700430974567,0.003642141340673123,nan,nan,0.04717629458245544,0.03500681025741468,0.003989707697812214,1.0,0.2615934723090567
53,nan,nan,nan,0.027001624429663886,0.004185340425009159,nan,nan,0.04088001679981457,0.03719856792049443,0.004034064814828149,1.0,0.2934819660352037
54,nan,nan,nan,0.0315394634488329,0.00426791309619938,nan,nan,0.03517996942792309,0.039373200876500716,0.004065498447980287,1.0,0.3020436580332946
55,nan,nan,nan,0.03719440029854528,0.004731802939132705,nan,nan,0.029998995439539662,0.04150897325037024,0.004086155402432197,1.0,0.3313616226478935
56,nan,nan,nan,0.041800288931267325,0.004657303961641558,nan,nan,0.025306501069201785,0.04358961614875021,0.004097179747303209,1.0,0.3319959818250131
57,nan,nan,nan,0.04705998837346525,0.004999135971630768,nan,nan,0.021112029736722653,0.04560153139739806,0.004098917097038495,1.0,0.3557958783460504
58,nan,nan,nan,0.05142699055927256,0.004924765817538922,nan,nan,0.017407194494873504,0.0475340268937076,0.004092003380280787,1.0,0.35503584115765485
59,nan,nan,nan,0.05519643635424495,0.004846190655518899,nan,nan,0.014107936729510067,0.04938167832835982,0.004078335352437385,1.0,0.35540324757803243
60,nan,nan,nan,0.05848761210764385,0.004764960949572324,nan,nan,0.01123589733885564,0.05113930257715459,0.0040578896581698765,1.0,0.3554568855827034
61,nan,nan,nan,0.06822275071893882,0.006759974001551728,nan,nan,0.01,0.05276024056701874,0.004010856452847973,1.0,0.47992262965103993
62,nan,nan,nan,0.07614101371665406,0.00666722333294415,nan,nan,0.01,0.0542210215668761,0.003945104707719318,1.0,0.47882044643455046
63,nan,nan,nan,0.08286528573928498,0.006560519014001694,nan,nan,0.01,0.05554231839563115,0.0038814739866270703,1.0,0.47887200199306235
64,nan,nan,nan,0.08872756986369569,0.006467634807892292,nan,nan,0.01,0.05674107878512325,0.003819863288426641,1.0,0.47958081602217173
65,nan,nan,nan,0.09386077563947351,0.006374346213199298,nan,nan,0.01,0.05783140292658674,0.003760177924544974,1.0,0.47908365127463104
66,nan,nan,nan,0.09823195851543752,0.006351465738338524,nan,nan,0.01,0.0588251686847968,0.0037023290333981283,1.0,0.4741965359273821
67,nan,nan,nan,0.10215485436640158,0.006255446120926669,nan,nan,0.01,0.05973248865463442,0.0036462331389527022,1.0,0.4742107069165382
68,nan,nan,nan,0.10570120807070743,0.00616438616505602,nan,nan,0.01,0.060562051760731136,0.0035918117488190795,1.0,0.47436513599413144
69,nan,nan,nan,0.10893058531943452,0.00607963447276807,nan,nan,0.010117524562362716,0.061318620278661466,0.0035407192901947214,1.0,0.47476640708360685
70,nan,nan,nan,0.10906033113957334,0.007768511531023858,nan,nan,0.01048734493084368,0.062003403603481784,0.00349476423335829,1.0,0.3521542555911894
71,nan,nan,nan,0.10916331470717483,0.007659644919112016,nan,nan,0.011096218999937322,0.06261796142027165,0.003453537231011652,1.0,0.35230210428838427
72,nan,nan,nan,0.1092476325981495,0.007559640300867847,nan,nan,0.01193191165429262,0.06316413043341577,0.0034166661806362105,1.0,0.35286142131216036
73,nan,nan,nan,0.10930758750873917,0.0074553740433833705,nan,nan,0.012977721305647172,0.06364407100232597,0.003383737617729521,1.0,0.35291389107414584
74,nan,nan,nan,0.10934024361503832,0.007357355234141652,nan,nan,0.014234366792938269,0.06405988618291168,0.003354599369367351,1.0,0.3526138901054079
75,nan,nan,nan,0.10934003984653116,0.007269822136854051,nan,nan,0.015660362349870737,0.06441439811920477,0.0033285371556857984,1.0,0.3517339840705487
76,nan,nan,nan,0.10932623336374991,0.00717837869062992,nan,nan,0.017268302551475278,0.06471008279607608,0.003305595862964715,1.0,0.3521455477405928
77,nan,nan,nan,0.10918096702250703,0.007207900120377042,nan,nan,0.019073761216160907,0.06494910026900738,0.0032858572156189373,1.0,0.3427235403891815
78,nan,nan,nan,0.10874584045247254,0.007493222137687163,nan,nan,0.021030766266045456,0.06513431617886427,0.0032685993952847247,1.0,0.3135458449359252
79,nan,nan,nan,0.10809690655801948,0.007910368445793637,nan,nan,0.023189705611052876,0.06526775616570019,0.0032543729843837335,1.0,0.2735152107659331
80,nan,nan,nan,0.10743151109606779,0.008330633392603802,nan,nan,0.025515821586148197,0.06535197503889778,0.0032426228956585635,1.0,0.23240391152213635
81,nan,nan,nan,0.10677747373741815,0.008232459678943201,nan,nan,0.028008848295943932,0.06538950434724593,0.003233252943335278,1.0,0.2328806478218921
82,nan,nan,nan,0.10613853828231255,0.008155107692947866,nan,nan,0.030632452139599826,0.06538330461490928,0.0032257264112404713,1.0,0.23091369900857117
83,nan,nan,nan,0.10552098990329642,0.008115864355335792,nan,nan,0.033408845036783354,0.06533600124216969,0.0032202467342397766,1.0,0.22597654499981323
84,nan,nan,nan,0.10498041686298691,0.008254900231439344,nan,nan,0.03628359422934619,0.06525078379822241,0.0032160841132557174,1.0,0.20632070292788263
85,nan,nan,nan,0.10445021933652787,0.008163206327919201,nan,nan,0.03933480793841122,0.06512995854120093,0.0032141213703486852,1.0,0.2057680905921353
86,nan,nan,nan,0.10393517779018574,0.008086915418142174,nan,nan,0.04257008911142147,0.06497585579134649,0.003214370309203527,1.0,0.2040896115952635
87,nan,nan,nan,0.10343159827238423,0.008003782692265758,nan,nan,0.045921899688955985,0.06479148078569993,0.003215968451858539,0.0,0.20315211060249316
88,nan,nan,nan,0.10292110354043098,0.00794854673412852,nan,nan,0.04664654538785193,0.06460075933716186,0.0031873325581463254,1.0,0.20635036493681924
89,nan,nan,nan,0.10241839822242903,0.007859717430012082,nan,nan,0.04761944625728125,0.06440237683305473,0.0031621685616836314,1.0,0.20621879696493717
90,nan,nan,nan,0.10192105243048465,0.007776218834434484,nan,nan,0.048820190132506554,0.06419539180214177,0.003140130082060504,1.0,0.20664713938854296
91,nan,nan,nan,0.10142824633431563,0.007696800099243631,nan,nan,0.05026901973030137,0.06397893657730572,0.0031213378544575517,1.0,0.20727567205580066
92,nan,nan,nan,0.10094236421598693,0.007612288648597667,nan,nan,0.05191290594414763,0.06375273145819428,0.0031051021221431417,1.0,0.2072694139653397
93,nan,nan,nan,0.10046315131087634,0.007529770467882751,nan,nan,0.05373490260379986,0.06351678245441152,0.0030911553236378057,1.0,0.20729002998816504
94,nan,nan,nan,0.09999763136787881,0.007469166455166838,nan,nan,0.055744270920750745,0.06327120878401774,0.0030795232052863333,1.0,0.20539643270286212
95,nan,nan,nan,0.09961098390722593,0.007557498531438103,nan,nan,0.057920421039222826,0.06301641693797873,0.0030699128532989477,1.0,0.18962405107819635
96,nan,nan,nan,0.0992300238543393,0.007481893932082664,nan,nan,0.06024991177497667,0.0627530317187037,0.003062118936272157,1.0,0.18924898948552493
97,nan,nan,nan,0.09886937332010279,0.007435963889703035,nan,nan,0.06273657031183537,0.06248180113343336,0.0030561245571116007,1.0,0.1861763796218867
98,nan,nan,nan,0.09851109404912888,0.007360477821308391,nan,nan,0.06536199765979168,0.062203689010434174,0.0030516843796976286,1.0,0.18629019487730925
99,nan,nan,nan,0.0981668159818293,0.007305732512544065,nan,nan,0.06811940428073147,0.06191980374516219,0.0030486815454245897,1.0,0.18429475731490474
100,0.89,-0.010000000000000009,0.2382499123309898,0.09782708341799336,0.007235411312698414,0.714484225730589,0.696237104920921,0.07102094760323449,0.06163133685397922,0.0030471953007486143,1.0,0.18395082358708015
101,0.89,-0.010000000000000009,0.23829789218036584,0.09779465916754236,0.007326331113196031,0.7144534257466518,0.6962047822279421,0.07403912472567088,0.06086470752533327,0.0030632908591795385,1.0,0.17457339193593424
102,0.9,0.0,0.2382691125284763,0.0978151307473856,0.007378326314361435,0.769446705057519,0.769446705057519,0.07715030863762445,0.060086398513750326,0.003057390788173971,1.0,0.1672738132112539
103,0.91,0.010000000000000009,0.2381465919296123,0.09790531207673776,0.0074072705117606006,0.7145505598144123,0.6963067191992589,0.08037037832267147,0.059336491607777875,0.0030307582935669786,1.0,0.16005177232311585
104,0.91,0.010000000000000009,0.23796369393933273,0.0980369994003053,0.0074223795882471955,0.714668014753653,0.696429984679136,0.0836839272739006,0.05865270569763413,0.0030109247236361995,1.0,0.1583705985271746
105,0.91,0.010000000000000009,0.23777148527924566,0.09817610724870025,0.007430658485268694,0.714791490514862,0.6965595721957631,0.08707496487527794,0.05802914084421171,0.0029969793694636275,1.0,0.1572541563226606
106,0.9,0.0,0.2375792330648829,0.09831525852808114,0.007373419745612389,0.7699606840310893,0.7699606840310893,0.09053063971035837,0.05746151726619408,0.002988377966461084,0.0,0.1569529694957017
107,0.89,-0.010000000000000009,0.23740039381253886,0.09843212735205613,0.007445939301056939,0.715030002193074,0.696809899391644,0.09144694396926646,0.05694124341100667,0.002958689704545704,0.0,0.1642620877505112
108,0.88,-0.020000000000000018,0.23717892551641498,0.09858070913517347,0.0074875584128036845,0.6674390240426474,0.630634926802527,0.16186553402451062,0.05702949429917424,0.0036357755661367654,0.0,0.1601288656383224
109,0.87,-0.030000000000000027,0.23704216463847097,0.09866621283461711,0.007570320257679858,0.6257461149004065,0.5706976803100172,0.15438837971246763,0.057059788089850114,0.0036814649469630355,0.0,0.16861253750557093
110,0.87,-0.030000000000000027,0.23692687723260775,0.09873717179319906,0.007549058306640758,0.6258028880036693,0.5707614267558259,0.14490276926173162,0.05701211423335437,0.0037516944095107073,1.0,0.17046963548914418
111,0.87,-0.030000000000000027,0.23676903279545436,0.09883109436323981,0.007536130367279565,0.6258806349607325,0.5708487275751277,0.13632018437381063,0.056904289106047536,0.003816687391167882,1.0,0.17017596349657604
112,0.87,-0.030000000000000027,0.2365743316225086,0.0989470081294673,0.007549063884563147,0.6259765624763555,0.5709564499638057,0.1283081936355702,0.056747946410840536,0.0038797950888123794,1.0,0.16806382790666552
113,0.87,-0.030000000000000027,0.23640279899569056,0.09904813337199578,0.007504319129369842,0.6260610994259089,0.5710513875748897,0.12093188128606787,0.056553019589785085,0.0039399842165442674,1.0,0.1695489651405928
114,0.87,-0.030000000000000027,0.23633445615559873,0.09908883369100628,0.007504401356565758,0.6260947873982656,0.571089221862764,0.11421045031013,0.056327731150654606,0.003997019071495642,1.0,0.17395307581515707
115,0.87,-0.030000000000000027,0.2363147172940474,0.09910096846483651,0.007494529969677424,0.6261045178738751,0.5711001501405413,0.1080713188117345,0.05607786868373585,0.00405138732079085,1.0,0.1744175034870339
116,0.87,-0.030000000000000027,0.23633077733520708,0.09909115215627247,0.0075159868811572736,0.6260966008878306,0.5710912585833264,0.10248246551617296,0.05580760326553971,0.004103131949453543,1.0,0.17655569878431399
117,0.87,-0.030000000000000027,0.23637136945363132,0.09906683358728138,0.007525057290217034,0.6260765914185036,0.5710687862049375,0.0973633891387775,0.055519596395728836,0.004152963257457123,1.0,0.17902286757154218
118,0.87,-0.030000000000000027,0.23642695159063115,0.09903303783247604,0.0075004959398419675,0.6260491948474769,0.5710380180061435,0.09267476509977125,0.05521525799250632,0.004199522711450872,1.0,0.17895267113879232
119,0.87,-0.030000000000000027,0.23652829979614404,0.09897108616448974,0.007485460159939751,0.6259992462409333,0.5709819239515687,0.088526826307919,0.05489524896776557,0.004238080895323343,1.0,0.18102750787021393
120,0.87,-0.030000000000000027,0.2366659553870238,0.09888427881914835,0.007485852201230248,0.6259314166095097,0.5709057521864115,0.08475567189488842,0.05455892671169194,0.004270404151309339,1.0,0.181094867465166
121,0.87,-0.030000000000000027,0.23680070994928604,0.09879888234578699,0.007477535962782834,0.6258650306928765,0.5708312053892178,0.08142082016083249,0.054204913505976664,0.004296062015088851,1.0,0.1808333121106016
122,0.87,-0.030000000000000027,0.23697903876320717,0.09868745219097867,0.007507086322609814,0.6257771998632182,0.5707325830541565,0.07851964230332102,0.05383108788813081,0.004315026721965351,1.0,0.1841058743156334
123,0.87,-0.030000000000000027,0.2371159552213336,0.09859920123279114,0.007530431002776724,0.6257097822492357,0.5706568863846546,0.07597904164771765,0.053434392931334805,0.004328345212864565,1.0,0.18031171531832935
124,0.87,-0.030000000000000027,0.23726235403960275,0.09850304083869653,0.007535825431808056,0.6256377115930042,0.5705759694360995,0.0738634003992768,0.053011365204501476,0.00433532845217201,1.0,0.17977691567181586
125,0.87,-0.030000000000000027,0.23736433072169766,0.09843357265026102,0.007580134968854955,0.6255875193141514,0.5705196188646829,0.07214674103625619,0.05255775491137238,0.004336279777554588,1.0,0.17533395088198134
126,0.87,-0.030000000000000027,0.23746468094981069,0.09836492090976239,0.0075462630847127005,0.6255381354268401,0.5704641779084725,0.07078958660026648,0.05206868234392239,0.0043318891961359445,1.0,0.17511498486160004
127,0.87,-0.030000000000000027,0.2376008443008014,0.09826905948081367,0.007546163938483494,0.6254711398178109,0.5703889683372108,0.06977553878204945,0.05153901212967613,0.004322658015018922,1.0,0.17512401459889904
128,0.87,-0.030000000000000027,0.23773126066814018,0.09817662253757355,0.007547730302082195,0.6254069853149339,0.5703169516925359,0.06908879163375808,0.050963494031713706,0.004308632035968262,1.0,0.17456816144771037
129,0.87,-0.030000000000000027,0.23786659168301366,0.09808021279273589,0.007538547959218718,0.6253404271079245,0.5702422403759388,0.06870577970487492,0.05033614322105855,0.004290046471856526,1.0,0.17465884304625545
130,0.87,-0.030000000000000027,0.23801056167042237,0.09797650498020129,0.0075390963957206545,0.6252696356505132,0.5701627812832591,0.06861404385109111,0.04965033301875636,0.00426697825232634,1.0,0.17452300675774723
131,0.87,-0.030000000000000027,0.2381007730296133,0.09790880626494368,0.007592293080626864,0.6252252860062144,0.5701130036293482,0.06879841138531351,0.04889863514567775,0.004243495711544437,1.0,0.16906560286115724
132,0.87,-0.030000000000000027,0.23819197962038724,0.09784009690377805,0.007542868402076599,0.6251804534822443,0.5700626856525818,0.06924508422236009,0.0480731207055191,0.004220914406393167,1.0,0.16897419392857627
133,0.87,-0.030000000000000027,0.23833275492187952,0.09773017395435095,0.007502784281832414,0.625111268118819,0.5699850384304862,0.0699347637867151,0.047164122809090735,0.004199078159173164,1.0,0.16894661289135904
134,0.87,-0.030000000000000027,0.23851359143717457,0.09758479703350625,0.007496957072927364,0.6250224167561501,0.5698853257373445,0.07085064372010676,0.04616069574822385,0.004178347354944405,1.0,0.16895682533024492
135,0.88,-0.020000000000000018,0.23870231457836208,0.09743211732895553,0.007447164316287232,0.6665867012245937,0.6297057241685279,0.0719819554273283,0.04505137149746706,0.004185099064222206,1.0,0.16915838179900167
136,0.88,-0.020000000000000018,0.2388394641673228,0.09732437831403046,0.007440638396876342,0.666510074031884,0.6296222030841301,0.07331810442760588,0.043884930262874634,0.00419154478832465,1.0,0.16913206595245178
137,0.88,-0.020000000000000018,0.2389800356061429,0.09721290166389072,0.0074410714586866196,0.6664315532887536,0.6295366211569919,0.07484939123415447,0.042652382543025634,0.004197728003839414,1.0,0.16880186907017025
138,0.88,-0.020000000000000018,0.23906393984531968,0.09714400659961335,0.007494734302673019,0.6663846946670076,0.6294855501282632,0.07655891260126314,0.0413437374161029,0.004203479944845387,1.0,0.16342247286889
139,0.88,-0.020000000000000018,0.23912864403657053,0.09709019880991973,0.007463449764780254,0.6663485633381518,0.6294461714882563,0.07846083845030802,0.03994738989549876,0.004209048147154936,1.0,0.16156924272293471
140,0.89,-0.010000000000000009,0.23916015399790982,0.0970618229442681,0.007534187287575293,0.7139003613245402,0.6956244115510845,0.0805307788045059,0.03844973045887933,0.004219130832495062,1.0,0.15329942033443045
141,0.9,0.0,0.23917964666689145,0.09704439357463947,0.007425672082792624,0.7687693819416167,0.7687693819416167,0.08270395098427101,0.036913446465602295,0.004207983333266752,1.0,0.15336449873046187
142,0.91,0.010000000000000009,0.23909424561503023,0.09711581059824155,0.007297180798553854,0.713942605476813,0.6956687389704375,0.08505097603694442,0.03540606598162824,0.003563779819539948,1.0,0.15368321031569465
143,0.92,0.020000000000000018,0.23885068012690375,0.09730595099614726,0.007206576565900518,0.666503808314088,0.6296153737913415,0.08751026883696385,0.03527046046838249,0.003552270044095701,1.0,0.15090611541404297
144,0.93,0.030000000000000027,0.23849189663360013,0.0975622437036804,0.007147478016617067,0.6250330748455191,0.5698972863430064,0.09010088752291324,0.03519652736587775,0.00351966477794319,1.0,0.15113122883065322
145,0.94,0.039999999999999925,0.23807346634288135,0.09784540648619133,0.007091904246026257,0.5884467416787165,0.5158732110320603,0.09281255173784306,0.03520559881576854,0.0034672340558458154,1.0,0.15124241888481138
146,0.94,0.039999999999999925,0.23759445903066376,0.09815376086930068,0.00707685402718648,0.5886553998897975,0.5161124722492559,0.09564767354870751,0.035306333504488675,0.003422846905096167,1.0,0.15079771007757947
147,0.93,0.030000000000000027,0.23704296352124987,0.09851415826276853,0.007052377948590409,0.6257457215277652,0.570697238629417,0.09862105608178892,0.035479915232220015,0.0033867692433437106,0.0,0.1454835708303268
148,0.92,0.020000000000000018,0.23645811168722855,0.09885565691691472,0.007077051489745713,0.667843073170282,0.6310755490507545,0.09911490950876596,0.03568136875302745,0.003331678373083295,0.0,0.1498852093978411
149,0.91,0.010000000000000009,0.2359044982848387,0.09917687070402323,0.006813248377356927,0.7159930756039232,0.6978208128633236,0.09727563360516449,0.035871314082305074,0.0032960537750921777,0.0,0.1510500945678479
150,0.9,0.0,0.23509725669818773,0.09951951891904487,0.006822980764529267,0.7718155167099529,0.7718155167099529,0.09326768900112875,0.036020026672261264,0.0032876660275554916,0.0,0.15296866943823773
151,0.91,0.010000000000000009,0.23435672612125966,0.09980941525441811,0.006589246619942404,0.7169922823943715,0.6988698763257821,0.08711968096618379,0.0361090842093592,0.003280701141218612,1.0,0.15868470187019224
152,0.91,0.010000000000000009,0.23334079620656656,0.10004377726041713,0.006280431319370785,0.7176496612872443,0.6995601791340936,0.08161100447678463,0.0361395004215488,0.003272745572600009,1.0,0.16000048083974905
153,0.9,0.0,0.2320060009119063,0.10012288068624862,0.006193969336859001,0.7741382106877159,0.7741382106877159,0.07662669404661858,0.03611179079664622,0.0032655159065219748,0.0,0.16000243656917323
154,0.9,0.0,0.2306800012987504,0.10006458237982623,0.00599319454427251,0.7751388243616525,0.7751388243616525,0.0695496026385973,0.0360208836543439,0.0032846686077304373,1.0,0.16944369671770954
155,0.89,-0.010000000000000009,0.2290741825806169,0.09972389134192144,0.006000282371946326,0.7204236763778835,0.7024742040930738,0.0631112294462987,0.035876394884516445,0.0033023037473462026,0.0,0.170779750834537
156,0.89,-0.010000000000000009,0.22793449157688417,0.09919096264184882,0.006237123120392488,0.7211682999282394,0.7032567068453284,0.054554729288546135,0.035691485417048564,0.0033463646445711865,1.0,0.21802688145174431
157,0.89,-0.010000000000000009,0.2265617780057531,0.09835833904871348,0.0062344726415318906,0.7220672161645917,0.7042015185334122,0.04683013327541156,0.0354829404471427,0.003386968288725585,1.0,0.21852452123294075
158,0.89,-0.010000000000000009,0.22541083157037,0.09751806203154846,0.006447091530077667,0.7228226379880046,0.7049956510836421,0.03975246436384696,0.03526507945506711,0.0034251340578791314,1.0,0.23994119761935018
159,0.89,-0.010000000000000009,0.22440982350016792,0.09668880600108691,0.006601713802136277,0.7234809343532289,0.7056877865563653,0.033282046013863816,0.03504921009041889,0.003461481320094573,1.0,0.2553024405578235
160,0.89,-0.010000000000000009,0.22362512486050967,0.09593758255644205,0.005563520236385957,0.7239978174015596,0.7062313083434261,0.02739602628184298,0.03484511378080477,0.0035084522533588686,1.0,0.2769870216168784
161,0.89,-0.010000000000000009,0.22159617852425167,0.09258259923120848,0.005552800955495725,0.7253377196685671,0.7076405475817966,0.022050776237085387,0.03468021324068801,0.003562444678053389,1.0,0.27702799602523487
162,0.89,-0.010000000000000009,0.21977139020515468,0.08923246825010707,0.005747367247830165,0.726547040502241,0.7089127977259077,0.01723859665636133,0.034575544817754475,0.003611052552606158,1.0,0.2963416145248563
163,0.89,-0.010000000000000009,0.21794497359740583,0.0857101279545932,0.005741331482957156,0.7277614850666162,0.7101907721993318,0.012883854601316308,0.03453189598028257,0.0036550398460914613,1.0,0.2962303412181748
164,0.89,-0.010000000000000009,0.21620938198681874,0.08207469545082335,0.00583521177586368,0.7289193052192814,0.7114094718887355,0.01,0.03453189598028257,0.0036841696905492017,1.0,0.30602165496346134
165,0.89,-0.010000000000000009,0.21447367487769875,0.07824298943053348,0.0057909855056977825,0.7300808926904153,0.7126324429071653,0.01,0.03453189598028257,0.0036841696905492013,1.0,0.3055129403626362
166,0.89,-0.010000000000000009,0.21278688813135843,0.07434682870695623,0.005790892070764024,0.7312132937908067,0.7138249802900475,0.01,0.03453189598028257,0.0036841696905492013,1.0,0.30551786129335023
167,0.89,-0.010000000000000009,0.21110025574907582,0.07019421153313726,0.005789631245686545,0.7323491090844594,0.7150214059255037,0.01,0.03453189598028257,0.0036841696905492017,1.0,0.3055474686882731
168,0.89,-0.010000000000000009,0.20942218322222808,0.06574533458918136,0.005795784210652327,0.733482667178208,0.7162157463332102,0.01,0.03453189598028257,0.003682982573757658,1.0,0.30655788330936096
169,0.89,-0.010000000000000009,0.20774598798452942,0.06091851104945289,0.0045632271249146,0.7346184658085881,0.7174127405232534,0.01,0.0345337234044606,0.0036792470144800735,1.0,0.3071468833137434
170,0.89,-0.010000000000000009,0.20729821536708445,0.06001325173596974,0.0045640580525484736,0.7349224744601195,0.7177331786096889,0.01,0.03454127372744126,0.0036730967713579157,1.0,0.3073769938466917
171,0.89,-0.010000000000000009,0.20684709951069422,0.059083926096158895,0.004560291973493468,0.735229007502877,0.71805629880414,0.01,0.034558152085975125,0.0036646554314149326,1.0,0.3071905186493611
172,0.89,-0.010000000000000009,0.20639255212354723,0.05812593384543278,0.004561945450120897,0.7355381310104573,0.7183821712928989,0.01,0.03458763561414219,0.0036540916975628663,1.0,0.30740668259746196
173,0.89,-0.010000000000000009,0.20593804101740454,0.05714791761681986,0.004559481782380226,0.7358474898616414,0.7187083136487631,0.01,0.03463255972406888,0.00364139830880235,1.0,0.3074627804598735
174,0.89,-0.010000000000000009,0.20548742391867736,0.05615868337129123,0.004551496870642476,0.7361544552901217,0.7190319542630529,0.01,0.03469553152406379,0.0036269943132777797,1.0,0.3075521802326955
175,0.89,-0.010000000000000009,0.2050272184215759,0.05513762687154279,0.0045659128524833765,0.7364682168950127,0.7193627824068081,0.01,0.03477829113622498,0.0036107524930595516,1.0,0.3057134343604022
176,0.89,-0.010000000000000009,0.20454339328166277,0.054046030329040276,0.004490442077328959,0.7367983705720904,0.7197109184405461,0.010246052473309975,0.034878695900336563,0.0035950009153688893,1.0,0.30376303374927827
177,0.89,-0.010000000000000009,0.20423741166965154,0.05334492549389993,0.004280186016576671,0.7370073198276104,0.719931261280028,0.010731738851810339,0.034994682727497534,0.003580139110607433,1.0,0.31212537918805805
178,0.88,-0.020000000000000018,0.20421561968252777,0.05330069412483102,0.0038835001458142255,0.6864307361750551,0.651434947709795,0.011444932769311723,0.03512360238417766,0.0035655356214407056,0.0,0.31136664622354804
179,0.88,-0.020000000000000018,0.2047421737247465,0.054234607130367006,0.003617769534909814,0.6861188730114849,0.651091911280666,0.01,0.03529846136492133,0.0035566347809782447,1.0,0.3261706149878081
180,0.88,-0.020000000000000018,0.2057109260538752,0.0555688490331338,0.0036443533040758456,0.6855458478768082,0.6504617368867528,0.01,0.03549734519132865,0.00353145269300051,1.0,0.32927914443500095
181,0.88,-0.020000000000000018,0.2066792508982085,0.05686249083078893,0.0036288688496000604,0.6849740313172211,0.6498330584443786,0.01,0.03571966774396626,0.003504951644074692,1.0,0.32971313225521914
182,0.88,-0.020000000000000018,0.20768579130687642,0.058158645117687424,0.0035977320173918546,0.6843806578943371,0.6491808556456743,0.01,0.03596405720106155,0.003476907271375869,1.0,0.3315677398753647
183,0.88,-0.020000000000000018,0.20875258286518722,0.05944845854901602,0.003410177662680718,0.6837528865150554,0.6484910397585231,0.01,0.03622894614754817,0.0034478694007439212,1.0,0.3326557008308928
184,0.88,-0.020000000000000018,0.2100102766154296,0.060700903344411555,0.003410309082307156,0.6830142532135025,0.6476796620335733,0.01,0.03651194198599097,0.003417049060248315,1.0,0.3320900779521281
185,0.88,-0.020000000000000018,0.21127607264655762,0.06190704242664093,0.0033959569283266715,0.6822724710497385,0.6468651047125429,0.010167189935886558,0.03680849875094787,0.0033860582396713075,1.0,0.3323476937049319
186,0.88,-0.020000000000000018,0.21260229552467333,0.06314703515619248,0.0034305701072068003,0.6814970039865117,0.6460138568959354,0.010587028355448468,0.03711257862174234,0.003356442359287746,1.0,0.336711899406835
187,0.89,-0.010000000000000009,0.2139470540456996,0.06435185147395572,0.003407517672499301,0.7304340555889768,0.713004329294578,0.011243223992897287,0.03741784069788402,0.0033557509445256537,1.0,0.33762796270511863
188,0.89,-0.010000000000000009,0.21523989181658648,0.06547510775539143,0.0034263283059106668,0.7295676611377726,0.7120920520816356,0.01214068999324936,0.03770854388318596,0.003354988976151136,1.0,0.33563414202551134
189,0.89,-0.010000000000000009,0.21651275454636315,0.06651633091279023,0.003443507393378417,0.7287166585417362,0.7111961478366224,0.01322941066037999,0.03798360871106501,0.0033538574285946242,1.0,0.3335050699425983
190,0.89,-0.010000000000000009,0.21759383046854172,0.06722198382889727,0.0036265559354889247,0.7279954371632793,0.7104370012337982,0.01451179912273413,0.03824183226219357,0.003352176205004314,1.0,0.31475473160640033
191,0.89,-0.010000000000000009,0.21866877326774187,0.06790439565928434,0.00362664646355917,0.7272797214824813,0.709683766586486,0.015980959274274023,0.038482119859542016,0.0033504112952840483,1.0,0.3147699519758156
192,0.89,-0.010000000000000009,0.21973773800560173,0.068554808723121,0.0036325398797375677,0.7265693803046203,0.7089363031438903,0.017630668879571806,0.03870325618424854,0.003348671022007741,1.0,0.3141658877513289
193,0.89,-0.010000000000000009,0.22080605442565956,0.06918203751475258,0.0036138592582434068,0.725860854922777,0.7081908644537928,0.01945448125358404,0.038904045949645964,0.0033467967195538154,1.0,0.3141216719939479
194,0.89,-0.010000000000000009,0.2218962718585173,0.06978698638901486,0.0034575372619810125,0.7251392276478523,0.7074317583476503,0.02143965201428617,0.03908341020022932,0.003344867635131896,1.0,0.31441817598863664
195,0.89,-0.010000000000000009,0.2230402790847306,0.07018511710136607,0.0035587326225510777,0.7243835374637245,0.7066369468312499,0.023604281013669813,0.03924004006875695,0.0033432023650675513,1.0,0.30402477369952874
196,0.89,-0.010000000000000009,0.22380139832245408,0.07022722554877724,0.003918240204147242,0.7238816413010384,0.7061091395672228,0.025932046996726278,0.03937277415411293,0.0033415973897766185,1.0,0.26536091325787026
197,0.89,-0.010000000000000009,0.2245962549740943,0.0702466947840493,0.003920132287709059,0.7233582399369722,0.7055587777005622,0.028384299058607464,0.03948072796500421,0.003339848144462729,1.0,0.2656620447859126
198,0.89,-0.010000000000000009,0.22538761610832594,0.07025645355256391,0.003902357529355879,0.722837891681997,0.7050116877678205,0.030970919792042837,0.03956287575150528,0.003338123034487937,1.0,0.26542630830047287
199,0.89,-0.010000000000000009,0.22618901983737222,0.07024021548223729,0.003908895351104578,0.7223117024427482,0.70445851907693,0.033659775157638974,0.03961834573863096,0.0033359746712868575,1.0,0.26443513021952714
200,0.89,-0.010000000000000009,0.22701306933121443,0.07022322864815647,0.003833574251110946,0.7217714426038143,0.7038906236224527,0.03648390290826665,0.039645927861461386,0.003334014576622123,1.0,0.26635577297130353
201,0.89,-0.010000000000000009,0.22776537653420104,0.0700601955061262,0.003927029624969802,0.7212789233662438,0.7033729684428032,0.03939334525202302,0.0396446641660781,0.003331976783003969,1.0,0.24980411223459642
202,0.89,-0.010000000000000009,0.22859290141802213,0.06982914429115995,0.0038563240539660096,0.7207379364926612,0.7028044353885696,0.042408608069442535,0.03961350053439738,0.003329908026765308,1.0,0.25002630159335903
203,0.89,-0.010000000000000009,0.22935073539861114,0.06949158741110267,0.0039826872601821375,0.720243220810037,0.7022845876059103,0.045521669918274735,0.03955126188191754,0.003327882904518874,1.0,0.23583517038202118
204,0.89,-0.010000000000000009,0.23012975847626443,0.0691272103455316,0.003975831641050455,0.7197353802355672,0.7017510058220853,0.04873478402490893,0.039456761878467105,0.003326085697501267,1.0,0.23627290629249864
205,0.89,-0.010000000000000009,0.23083628828742683,0.06873872920218677,0.004057292065561962,0.7192754164897961,0.7012677780242966,0.052052648849579226,0.039328863422395104,0.0033246936771940934,1.0,0.22790713743890056
206,0.9,0.0,0.23154655605636737,0.06833741700113709,0.003984196011986701,0.7744846201425688,0.7744846201425688,0.055458083975383515,0.03916651983690006,0.0033498364132233476,1.0,0.22797974638975926
207,0.91,0.010000000000000009,0.2321816518982552,0.06800345370941004,0.003944548055807689,0.7184011839342144,0.7003494605475131,0.05894756390473523,0.03899431409451868,0.0026737847957900903,1.0,0.2277716719392926
208,0.92,0.020000000000000018,0.2328244463926383,0.06762207286989282,0.0038928277022259993,0.6698873804970451,0.6333061604928173,0.06250074473376475,0.03747788759548927,0.002634148700002075,1.0,0.2244083150766314
209,0.93,0.030000000000000027,0.23338252291789466,0.06731944676416858,0.0038741890857714716,0.6275533407069103,0.5727281973063562,0.06611637802611756,0.036101604486957276,0.002574856001432549,1.0,0.2244201900312064
210,0.92,0.020000000000000018,0.23386708953415808,0.06703866510027183,0.00392671656984367,0.6692995081457624,0.6326644977753713,0.06980455716697857,0.03493278656732549,0.002525417559543054,0.0,0.2189262971154906
211,0.91,0.010000000000000009,0.2344044491754727,0.06674068714186804,0.00395574177108247,0.7169614317992002,0.6988374830228546,0.07103963349702361,0.033941236065650214,0.0024569638786521913,0.0,0.22391192762804235
212,0.91,0.010000000000000009,0.2350243238729185,0.0664086876433106,0.004002754223499371,0.7165609545172074,0.6984169991036048,0.06994117381290917,0.033098998538580844,0.0023935512254664552,1.0,0.23005129765124277
213,0.91,0.010000000000000009,0.23562908420173914,0.06608424748780742,0.003958533909903676,0.7161706729782448,0.6980072551792529,0.06915115381554043,0.03238996239790496,0.0023336379832586862,1.0,0.2300249980226523
214,0.91,0.010000000000000009,0.23614319972124787,0.06580180652395927,0.0040009171683354425,0.7158392231641513,0.6976593038250547,0.0686522516272345,0.03179782433593322,0.002276665970025458,1.0,0.2253646277660306
215,0.91,0.010000000000000009,0.23663793626252008,0.06552124454841521,0.003994202772926316,0.7155205564980219,0.6973247954643772,0.06843009702450645,0.03130836841628324,0.0022224568923200697,1.0,0.22389115761425393
216,0.91,0.010000000000000009,0.23710655827782887,0.06525689865049218,0.003974062252843787,0.7152189720997075,0.6970082397208496,0.06847426160485776,0.03090874562600994,0.0021711951569963915,1.0,0.22341790031519615
217,0.9,0.0,0.2375460309804992,0.06501177522412332,0.003977876051266744,0.7699854378068386,0.7699854378068386,0.0687780406952143,0.03058838618450723,0.0021269037938787174,0.0,0.22297013783857356
218,0.89,-0.010000000000000009,0.23820228328000898,0.06474768647996822,0.004175178339345225,0.7145148031510962,0.6962691942593489,0.0666376438359993,0.03032062490595532,0.002106625592538947,0.0,0.24457790108976485
219,0.88,-0.020000000000000018,0.2390653850064866,0.0645547606626231,0.004404394701297392,0.6663838876348755,0.6294846705567708,0.062227237910486455,0.03008288520836329,0.0021130826785236167,0.0,0.26733768051798146
220,0.88,-0.020000000000000018,0.24013291352482727,0.06446990661868127,0.004608924836920448,0.6657882732788971,0.6288356092660223,0.05564746943717362,0.02986532728303208,0.002145859615283787,1.0,0.28784771929922837
221,0.88,-0.020000000000000018,0.24133611561158208,0.06447473832429544,0.004710270688251962,0.6651182365410826,0.6281056605505506,0.04976322278171935,0.02967287413304831,0.0021759916233438153,1.0,0.30115352078608004
222,0.88,-0.020000000000000018,0.24269095831317572,0.06468106530033309,0.004858174372005657,0.6643653669457297,0.6272857415746158,0.04445193454557252,0.029508010861497947,0.0022039783665816284,1.0,0.3195901444749999
223,0.88,-0.020000000000000018,0.24408376827250267,0.06482227537880936,0.004852798282404792,0.6635931740526305,0.6264450741551716,0.03969703251138185,0.029372155219457432,0.0022306375664376873,1.0,0.31959271125102773
224,0.88,-0.020000000000000018,0.24559515230786338,0.06506678548267335,0.004922289627526267,0.6627572702845852,0.6255353836786645,0.035441129675067726,0.02926454323451681,0.0022562864904103488,1.0,0.3309153192078883
225,0.88,-0.020000000000000018,0.24715088321023895,0.06522791652257254,0.0049201614665967,0.6618990361781719,0.6246017564726305,0.03165602519931316,0.029183419297662598,0.002280811238286761,1.0,0.3309070411195342
226,0.88,-0.020000000000000018,0.24870993862844906,0.06535059222785605,0.00492121657594802,0.6610411950417676,0.6236689258419053,0.028325881504794016,0.029126234533009103,0.0023042061461281973,1.0,0.33102052668261384
227,0.88,-0.020000000000000018,0.2505319731783144,0.06581192059794101,0.005181328593641211,0.6600414680997646,0.6225822715446621,0.025412051080891042,0.02908971095782355,0.0023267019367909404,1.0,0.3573274695854284
228,0.88,-0.020000000000000018,0.2527709217466022,0.06698751328576272,0.005595923210737416,0.6588171190278718,0.6212521457764162,0.022896680919938378,0.029069885053149065,0.002348240908832046,1.0,0.3984630182764979
229,0.88,-0.020000000000000018,0.2550089040489982,0.06807016931474952,0.005594611177425719,0.6575978292405951,0.6199282618063485,0.0207779911174746,0.02906217022419325,0.002368715191141945,1.0,0.3984570732858477
230,0.88,-0.020000000000000018,0.25727041287363955,0.0691074280435985,0.005561877965703008,0.6563702978139033,0.618596180006705,0.019025684812450185,0.02906159982431946,0.0023845529565035815,1.0,0.4006738892218892
231,0.88,-0.020000000000000018,0.25958704046469555,0.06998907624688407,0.0055615048728978106,0.6551175909775727,0.6172375545790435,0.017630381819683457,0.029062801579473,0.0023941350792886333,1.0,0.40072836196675565
232,0.88,-0.020000000000000018,0.26191293013568206,0.0707991973094091,0.00556965859030445,0.6538646768983725,0.6158794877860015,0.016564608279187865,0.02906023774797232,0.0023979340083405583,1.0,0.4015631610272302
233,0.88,-0.020000000000000018,0.26424276585632733,0.07153124604133192,0.0055732627467666995,0.6526144325735489,0.6145250950984819,0.015812205502862157,0.02904823958731883,0.002396282723925751,1.0,0.40193018495587873
234,0.88,-0.020000000000000018,0.2665724995388917,0.07218085393041922,0.005571226910019735,0.6513690147120159,0.613176705210266,0.015353723049045604,0.029021080754753025,0.002389486468840852,1.0,0.401930193586686
235,0.88,-0.020000000000000018,0.26890952165967846,0.07276993434768247,0.00558035907612514,0.6501244672272382,0.6118300289710664,0.015174169975839305,0.028972920637951878,0.0023778036816987183,1.0,0.40286059387767104
236,0.88,-0.020000000000000018,0.27124531441959715,0.0732767444800157,0.005578531349368181,0.6488853174361485,0.61048995873938,0.015260508524072324,0.0288978016754012,0.002363208244746036,1.0,0.40271134194432845
237,0.88,-0.020000000000000018,0.27357936897258206,0.07369258684889253,0.005529285100624658,0.6476517992183521,0.609156736599248,0.0155996579414403,0.028789637335346497,0.0023493661038395644,1.0,0.402207324368657
238,0.88,-0.020000000000000018,0.27596462539306393,0.07394827814122355,0.005513183881489491,0.64639605730379,0.6078002704757048,0.01618028137875557,0.02864226858252342,0.002336019614832194,1.0,0.40194811491708327
239,0.88,-0.020000000000000018,0.27835831005265466,0.07408061685425678,0.005439856445596299,0.6451407641465241,0.6064450709707855,0.016990517072169562,0.02844901875284954,0.0023232953253293264,1.0,0.40093770868200496
240,0.88,-0.020000000000000018,0.2808311335562104,0.07399196863007233,0.0054427944213131475,0.6438490788239372,0.6050513982557005,0.018015742530938666,0.02820312462961427,0.0023116999039051248,1.0,0.40058177069000556
241,0.88,-0.020000000000000018,0.28330126419863044,0.07381833061162199,0.005441637816588999,0.6425639537333907,0.6036656237234375,0.01924754222445516,0.02789831532959216,0.0023004350012873777,1.0,0.4003775629724635
242,0.88,-0.020000000000000018,0.2857728970225681,0.07357443424181387,0.005418323016945999,0.6412831717831664,0.6022853455073652,0.02067368073184092,0.027526633966204757,0.0022899990993415836,1.0,0.40084649270945827
243,0.88,-0.020000000000000018,0.2882632491316863,0.07318093559839892,0.005425192238834707,0.6399978432404432,0.6009009827577347,0.022292480099513155,0.0270802764197863,0.002280182742591309,1.0,0.399941326325866
244,0.88,-0.020000000000000018,0.2903285676811041,0.07218930152667805,0.005851122062059703,0.6389357862759601,0.5997577103083802,0.02409762131126173,0.026550068863272915,0.0022710259445793773,1.0,0.35766308377243317
245,0.88,-0.020000000000000018,0.2921316741805622,0.07093369501824692,0.006110367578570687,0.6380114455170542,0.5987631383439842,0.02607149502661257,0.025925662262419682,0.0022623264688671186,1.0,0.33155306883061386
246,0.88,-0.020000000000000018,0.293939071190403,0.06959955195179982,0.006056847563638319,0.6370875854121896,0.5977695046514404,0.028204496038449697,0.025194710299827918,0.0022538377666323282,1.0,0.3315374110616657
247,0.89,-0.010000000000000009,0.29579531660203495,0.06807405529960522,0.0060167229222305415,0.6793583431267534,0.659513445260176,0.030471961440643423,0.024341736612237156,0.002271753039109264,1.0,0.3311081119935213
248,0.9,0.0,0.29761193751043596,0.06656321313536855,0.006009392650254915,0.7276634414387539,0.7276634414387539,0.032866167171016786,0.023423095993482697,0.002277358390894839,1.0,0.331547300237941
249,0.91,0.010000000000000009,0.2992973972819754,0.06494497556983121,0.006110732586070645,0.6773318199235995,0.6574031846409069,0.035402874390690696,0.02250415127568911,0.002262497407214416,1.0,0.31959607172179383
250,0.91,0.010000000000000009,0.3009628586493844,0.0632854055885014,0.0060538157488050125,0.6763723156645852,0.6564043529592847,0.038116057749697355,0.021653764282338967,0.002227802208467565,0.0,0.31951480617913697
251,0.9,0.0,0.302615007880981,0.06168584259757452,0.0060848161516450444,0.7243472543229684,0.7243472543229684,0.038346083545911486,0.020929796001705622,0.002174482504495999,0.0,0.3238996250298569
252,0.9,0.0,0.30447974415188184,0.06014576551139518,0.006312821476600089,0.723118969648825,0.723118969648825,0.03624879050722928,0.02030779947399793,0.0021453207126628285,1.0,0.3464741079298306
253,0.91,0.010000000000000009,0.3063510405245371,0.058510397768667205,0.006224101332724714,0.6732866199611349,0.6531935763220089,0.03452529527867805,0.01977515415402311,0.002091243983577272,1.0,0.3471320738347048
254,0.91,0.010000000000000009,0.3082370330578574,0.057089351077351705,0.006320816707454011,0.672213194166338,0.6520771364529628,0.033146672182092524,0.019374953361281082,0.002040135396751888,1.0,0.35804295004973263
255,0.92,0.020000000000000018,0.31010081379690413,0.05559413388132752,0.005852513623548052,0.6289438390833063,0.5890288800458247,0.03209311439150949,0.019082800603733047,0.001964348100113811,1.0,0.3571578247392153
256,0.92,0.020000000000000018,0.31149558920093723,0.055013246168369015,0.005850987940059575,0.628250773677837,0.588286521511899,0.031346162995077004,0.018915070703553527,0.0018938668413592454,1.0,0.3575044218550525
257,0.92,0.020000000000000018,0.3129111726421835,0.054420808674206095,0.005660702759414173,0.6275489287908923,0.587534998899564,0.030890983867619955,0.018831999017681806,0.0018269730051561387,1.0,0.3600828653575672
258,0.92,0.020000000000000018,0.31414249390260446,0.05414817177069456,0.005535745338862699,0.626939714903605,0.5868828594323954,0.03071323066676234,0.01880157313595057,0.0017634107309225475,1.0,0.3630733236614445
259,0.92,0.020000000000000018,0.3152587674529762,0.054074225957408316,0.0053556634285040665,0.6263884438420267,0.5862929020571711,0.030799451716024936,0.01879734837422505,0.0017048269058441816,1.0,0.36692979559499483
260,0.92,0.020000000000000018,0.3161872345680879,0.05420605930336504,0.005384582247945416,0.6259306588724816,0.5858031043252316,0.031139433967045826,0.01879818452909644,0.001654268645301386,1.0,0.3698337331280449
261,0.92,0.020000000000000018,0.31711555211119097,0.05432226082919056,0.005189757992469412,0.6254736161281285,0.5853142029854885,0.031721546309440254,0.018787744631365195,0.0016115406933990665,1.0,0.36985975033554197
262,0.92,0.020000000000000018,0.3178557854227929,0.05453805543444358,0.0051937370030030825,0.6251096517618777,0.5849249412038754,0.032533443839881535,0.018753899209695314,0.001575754385069736,1.0,0.37036494568505685
263,0.92,0.020000000000000018,0.3184877243872201,0.054649820745908406,0.005205347046224064,0.6247992695000606,0.5845930369255371,0.033555614685136965,0.018687647997330744,0.001556949498644879,1.0,0.35942423766089315
264,0.91,0.010000000000000009,0.3190326787655713,0.05479431157982765,0.005211247455687309,0.6661340515457804,0.6457592369497624,0.03478204044744902,0.018593843880297257,0.001569337637658132,0.0,0.36051709279857946
265,0.91,0.010000000000000009,0.3197213451321216,0.05505222319161375,0.005351222842438524,0.6657499847919065,0.6453603624448861,0.03363708527514613,0.018493522170593867,0.001580902841418767,1.0,0.3743795770176639
266,0.91,0.010000000000000009,0.320542984137648,0.05544583826178029,0.005485289281159789,0.6652923386794333,0.644885114575342,0.032799847845042564,0.018388167876936704,0.0015893597851571874,1.0,0.3876817618459919
267,0.91,0.010000000000000009,0.32137468731847235,0.055837072207227646,0.005485547971095472,0.6648297272516781,0.6444047577750893,0.03226195227373632,0.0182786947410267,0.0015947930737562398,1.0,0.38871778677071234
268,0.91,0.010000000000000009,0.32220984936322866,0.056232391345809686,0.0054932984863469,0.664365838849923,0.6439231228210454,0.032014249473738585,0.018165607819868312,0.0015972951222410655,1.0,0.3900740877849862
269,0.91,0.010000000000000009,0.32304715607080653,0.05662388507673002,0.005499089958605475,0.6639014086037893,0.6434409732402487,0.03203565791345521,0.018049143363562843,0.0015975113691068905,1.0,0.39087755407153346
270,0.91,0.010000000000000009,0.3238821590445178,0.05700106019817475,0.00549720902584167,0.6634389023729055,0.6429608687510001,0.03231378759008459,0.017929409090747653,0.0016003207597799145,1.0,0.39087729121781956
271,0.91,0.010000000000000009,0.32460893864524887,0.05724640797856146,0.00560622567783411,0.663036865042366,0.6425435726327452,0.032834579460980465,0.017806491161364717,0.0016055812837283575,1.0,0.3798684787224671
272,0.91,0.010000000000000009,0.3253356842421187,0.05748422092943756,0.0056078081596478814,0.6626353334538947,0.642126837318439,0.03358466326580148,0.017680545267851833,0.0016131578878174585,1.0,0.38008124228444196
273,0.91,0.010000000000000009,0.32606210047927253,0.0577123010739465,0.005607139090132747,0.6622344695449838,0.6417108307155123,0.03456175692474197,0.017551888906330408,0.0016230275207360493,1.0,0.3801044041752657
274,0.91,0.010000000000000009,0.32668821434289763,0.057847566053724514,0.0056889784003122616,0.6618893452485447,0.6413526979094739,0.03574840939040701,0.017421048588375235,0.0016350139092781205,1.0,0.37016356659520055
275,0.91,0.010000000000000009,0.32732838408117604,0.05796600703518636,0.005673652721482321,0.6615368448518198,0.6409869383072784,0.037139579182299445,0.01728883611520312,0.0016465807508799638,1.0,0.36973040818824066
276,0.91,0.010000000000000009,0.32799479647950547,0.05807422777204229,0.0055959913068885005,0.6611702929477429,0.6406066279387688,0.03872592320589609,0.017159592154711658,0.0016576985048708352,1.0,0.37040427358223216
277,0.91,0.010000000000000009,0.3285677535568887,0.058197342231898465,0.005598258515891945,0.660855469586755,0.6402800115669286,0.040494944820172546,0.0170380882566628,0.001668363431100886,1.0,0.3694210869263812
278,0.92,0.020000000000000018,0.3291548356485123,0.05831685512407123,0.005455327199682416,0.6196061525698437,0.5790468044361708,0.042430581093971784,0.016929357974216304,0.0016733200321563159,1.0,0.3700748553858979
279,0.92,0.020000000000000018,0.3295301368511218,0.058417119722146756,0.0054883129642272115,0.6194250146153223,0.5788535870101175,0.04451676298680856,0.0168072671947462,0.0016943925765284039,1.0,0.3637007352487702
280,0.92,0.020000000000000018,0.3299081280085052,0.058536441512914275,0.005518045662250853,0.6192426853814588,0.5786591149988646,0.04676931743244738,0.016693191253946773,0.0017171456517368774,1.0,0.3670782601733289
281,0.92,0.020000000000000018,0.3301222477640939,0.05857448557018976,0.005660455205069974,0.6191394493876895,0.5785490108634247,0.04916052338948413,0.016590104669593334,0.0017412992472625008,1.0,0.35112510781409034
282,0.92,0.020000000000000018,0.3301909652887984,0.058580171635238924,0.005777603230451246,0.6191063251214467,0.5785136839871783,0.05172442028442212,0.016501762282206848,0.001767197195696218,1.0,0.3384394923458164
283,0.92,0.020000000000000018,0.3302465953022676,0.058585127041752845,0.005774120071756717,0.6190795120923424,0.5784850884072891,0.05438429740355928,0.016431578144565598,0.001794064641344068,1.0,0.33821870217781
284,0.92,0.020000000000000018,0.3303009048682406,0.05858932796465724,0.005778565040196935,0.6190533377441745,0.5784571743059598,0.05717938943221755,0.016383727227693844,0.0018206091069276208,1.0,0.3375210345494246
285,0.92,0.020000000000000018,0.33030723684127916,0.05858958304227808,0.005780342190083035,0.6190502862109906,0.5784539199655764,0.060074713951838644,0.016364882064843746,0.001845614017029229,1.0,0.3329808910087976
286,0.92,0.020000000000000018,0.33026918495013,0.05858664667582536,0.0057718383256244255,0.6190686248039153,0.5784734774234785,0.06308944115812426,0.016383701561515078,0.0018694375682296008,1.0,0.3329067102919163
287,0.92,0.020000000000000018,0.3301976286872436,0.058581984816357575,0.005776288357905457,0.6191031133173036,0.5785102586413736,0.06622025877616583,0.016448773057845496,0.0018919966754789898,1.0,0.3304723364164869
288,0.92,0.020000000000000018,0.33013055218068,0.05857956168233304,0.005770397175727995,0.6191354461782307,0.5785447414307321,0.06943918986511007,0.01656816584428431,0.0019135139524670056,1.0,0.32892649136914265
289,0.92,0.020000000000000018,0.3300840897620245,0.05857870933418229,0.005581683286393571,0.6191578444187403,0.5785686293093976,0.07276404260122094,0.01674908912885931,0.001934144904727175,1.0,0.3288588280770526
290,0.92,0.020000000000000018,0.3302250871439016,0.05855860768866471,0.005581573568348438,0.6190898785028504,0.5784961439432315,0.07613152114091247,0.016996754221881433,0.0019533198379408276,1.0,0.3288544697941055
291,0.91,0.010000000000000009,0.3303364911476482,0.058539693208246556,0.005605210469551926,0.6598854879463498,0.6392738336796794,0.07958977877126965,0.017316316498405267,0.001971587999810115,0.0,0.3259103523504735
292,0.91,0.010000000000000009,0.3304899679646632,0.05851721125994826,0.005641159978086989,0.6598014549843207,0.6391866747446963,0.08056995087553821,0.017651155948034326,0.001963066380923815,1.0,0.3295135694528257
293,0.9,0.0,0.3306428080837109,0.058494215091143255,0.0056392547413135164,0.7063146243345415,0.7063146243345415,0.08175276009021584,0.01800681581620583,0.001954961718842759,0.0,0.32940568389871083
294,0.9,0.0,0.33084848067227113,0.058472960375894174,0.005590632000473544,0.706185615776345,0.706185615776345,0.08059571674874884,0.018331919536014804,0.00194478408593451,1.0,0.3349854348446615
295,0.9,0.0,0.3311684207155252,0.05841281486693796,0.00521052576551015,0.7059850263676289,0.7059850263676289,0.07975603100774982,0.018637855445875897,0.0019297529723783743,1.0,0.33601877802494395
296,0.9,0.0,0.3318749828914679,0.05803866409638225,0.005207500671012794,0.7055424440468218,0.7055424440468218,0.07921078173759358,0.018933251438975687,0.001910490317916506,1.0,0.3360171308521398
297,0.9,0.0,0.33257409239264246,0.05765668215567697,0.005209605716096998,0.7051050758175028,0.7051050758175028,0.07894550991133524,0.019224490123539613,0.0018870423491571425,1.0,0.3355729949033639
298,0.9,0.0,0.33324634036379464,0.05726039547620338,0.005229107851518379,0.7046850234617533,0.7046850234617533,0.07894654628118929,0.01951651723943673,0.0018598926623314652,1.0,0.33265110541570153
299,0.9,0.0,0.33389029225913514,0.05684349920626645,0.005248301214249254,0.7042831208862357,0.7042831208862357,0.07920147567961588,0.01981284095557766,0.0018339411638243828,1.0,0.32883031975356847
300,0.9,0.0,0.3344758549365218,0.05644499530886754,0.005120691298157125,0.703918057888076,0.703918057888076,0.07969482398309344,0.020116074179921232,0.0018095361735185364,1.0,0.32491204070998214
301,0.9,0.0,0.3352212423645425,0.05581053332255591,0.005124196311435543,0.7034539009418791,0.7034539009418791,0.08041500052253797,0.020427779415811566,0.0017863534838420212,1.0,0.32434285503665605
302,0.9,0.0,0.33596368064838245,0.055162323232782036,0.004981586148283599,0.7029921885384038,0.7029921885384038,0.08135235512154892,0.02074896707269684,0.0017643766429347363,1.0,0.3242701299773607
303,0.9,0.0,0.33685518258110264,0.05424974817914418,0.004984389156022947,0.7024385756607308,0.7024385756607308,0.08249485598994288,0.021080052524107756,0.0017434613576999861,1.0,0.32498536365403363
304,0.9,0.0,0.3377389190993675,0.05331582081657791,0.004903308718461864,0.7018906449395548,0.7018906449395548,0.08383101120466262,0.0214209764152515,0.0017234440889126066,1.0,0.3246465581189828
305,0.9,0.0,0.3387107814398619,0.052178550469069884,0.004907088561072986,0.7012890608883194,0.7012890608883194,0.08535065233776273,0.021771276874691162,0.0017043956647438778,1.0,0.3250933714883426
306,0.89,-0.010000000000000009,0.33962747880364236,0.05101745294342414,0.004959975573902045,0.6548366840407408,0.6340399995051692,0.08704760321902615,0.022130279892368796,0.0016862893107227838,0.0,0.31964948276779914
307,0.88,-0.020000000000000018,0.34060184687213335,0.0497874780645018,0.004982153747214631,0.6141285294850721,0.5732109534128166,0.08638771525000741,0.022451154165309434,0.0016570641303186345,0.0,0.3252084787884064
308,0.88,-0.020000000000000018,0.341638161307894,0.048417845023366005,0.005010632584686489,0.6136374094056358,0.5726884268491595,0.0834923580976303,0.02269436149436734,0.0016497886137532233,1.0,0.3280397586526953
309,0.88,-0.020000000000000018,0.3426725056015435,0.04698635100710615,0.00495700881035137,0.6131480056334296,0.5721678427322987,0.08099360611074684,0.02286762812815559,0.0016377741980564803,1.0,0.32785461939615623
310,0.89,-0.010000000000000009,0.343793201272397,0.04532872621829988,0.0049383786516859806,0.6525979932679083,0.6317210737472319,0.07887142193933419,0.022975201535439863,0.00164673488332282,1.0,0.3309958642008344
311,0.9,0.0,0.3448662560869981,0.04371965555357377,0.0048786026402124335,0.6975026346087694,0.6975026346087694,0.07711249341721368,0.023046082275484922,0.0016534062857269218,1.0,0.33121740908815367
312,0.9,0.0,0.34587227833739365,0.04219705525335526,0.004884032809593929,0.696887682537183,0.696887682537183,0.07569276324331481,0.023109732242565042,0.0016597669945807617,1.0,0.3306535226907952
313,0.9,0.0,0.3468817705034186,0.040590466825129866,0.0048401976750255945,0.6962716984034475,0.6962716984034475,0.07459634731698687,0.02316748198466182,0.0016658024868840143,1.0,0.33097421462515175
314,0.9,0.0,0.34792900087150724,0.038751071801782715,0.004834269189151668,0.6956338364324867,0.6956338364324867,0.07380350300875328,0.023220431789775793,0.001671567029363868,1.0,0.3300876645748938
315,0.9,0.0,0.3489913329096155,0.03674007624769975,0.0048298594876479166,0.694987969118827,0.694987969118827,0.07330562377324995,0.023269577087862155,0.0016761500056785348,1.0,0.33012436142508017
316,0.9,0.0,0.3500583124489351,0.03456256247099434,0.004825422565438946,0.6943404823374453,0.6943404823374453,0.07308389120443387,0.023315677583036883,0.0016753212529357021,1.0,0.3301158542471456
317,0.91,0.010000000000000009,0.3511217564538371,0.03219050810098174,0.004615256430764023,0.6486965015093245,0.6276824055698702,0.07312550231232613,0.023359310849457766,0.0016541213968617342,1.0,0.32931453832877167
318,0.92,0.020000000000000018,0.35197229195960844,0.03044023327756772,0.004388560813692489,0.6087825904182684,0.5675294368554042,0.07341859558627419,0.02342437087442046,0.0016125323801792623,1.0,0.3296314516669063
319,0.93,0.030000000000000027,0.35258769645999055,0.029324602429771637,0.004188998008939611,0.5735930055074567,0.5132465368221452,0.07394802306539461,0.02352627597836153,0.0015514178246823695,1.0,0.3288781305561943
320,0.93,0.030000000000000027,0.3529984483231135,0.028695838851693568,0.0040550482470050565,0.5734231093243918,0.5130629296707369,0.07470275206818634,0.023666337808619403,0.0014996045150595153,1.0,0.32892290561152504
321,0.93,0.030000000000000027,0.35327489530243655,0.028325823738878403,0.003870079188461932,0.5733088213050788,0.5129394310925277,0.07567143263032448,0.023826299344731565,0.0014557397910796293,1.0,0.32879821871837445
322,0.93,0.030000000000000027,0.3533582659685019,0.028238692717415286,0.0038788513183690304,0.5732743633533816,0.5129021981548236,0.07684424671757062,0.023992945949418133,0.0014195570845448363,1.0,0.3279272110815439
323,0.93,0.030000000000000027,0.3534080091494058,0.02818349726730059,0.003798422770725304,0.573253805959231,0.5128799856644847,0.07820772597019794,0.024156913210774796,0.0013903406847096162,1.0,0.32456702934141224
324,0.93,0.030000000000000027,0.3533502062332557,0.028235449011689662,0.003804076509746689,0.5732776943437935,0.5129057973577277,0.07975416622996266,0.024311999526420734,0.0013677279148511326,1.0,0.3251350275928835
325,0.93,0.030000000000000027,0.35212511127163737,0.03163566826751409,0.004982096682192225,0.5737844616897733,0.5134534710023909,0.08994784215582012,0.02457842531776417,0.0014370565232484896,1.0,0.2083975449576958
326,0.93,0.030000000000000027,0.3508985019001336,0.03466326807566204,0.004716753374340169,0.5742927538837105,0.5140029946779575,0.08882391550554888,0.02478314697439413,0.001418976687151199,1.0,0.20835958953223477
327,0.93,0.030000000000000027,0.3494106413655259,0.037437554770105345,0.004303079413747802,0.5749105154066629,0.5146711402217135,0.08800945681634523,0.024931026269230123,0.0014017957631941383,1.0,0.20854141612465993
328,0.93,0.030000000000000027,0.3475517875915852,0.03951311824214387,0.004343789310385414,0.5756841837365779,0.5155083303867736,0.08748755580379522,0.02502715662401298,0.0013856665834980398,1.0,0.2125776408824338
329,0.93,0.030000000000000027,0.34569189054322047,0.041405214865049236,0.0043225110931836815,0.5764603731292627,0.5163487207906841,0.0872453497731742,0.025077086221612886,0.0013704130453727529,1.0,0.21246736844936387
330,0.93,0.030000000000000027,0.3437743376637532,0.04321520489087567,0.004357806996510284,0.5772628184241123,0.5172180364487157,0.08726852349777503,0.025086439632102685,0.0013565531537751171,1.0,0.20891860127516382
331,0.93,0.030000000000000027,0.3418587001097147,0.04486250611311483,0.00435185958466454,0.578066696008513,0.5180894114700284,0.08754393335786705,0.0250611508696053,0.0013485696822558891,1.0,0.2091646065629098
332,0.93,0.030000000000000027,0.33993292091694416,0.04636640121984547,0.004349964038039143,0.5788770893099209,0.5189683641147993,0.08805877274259649,0.025007190426937508,0.001346170052037745,1.0,0.20898524175017563
333,0.92,0.020000000000000018,0.3380025645991283,0.04774296615512457,0.004350879997080174,0.6153638217433063,0.5745257584782747,0.08880364882672923,0.024930727366410756,0.0013490629169904342,0.0,0.20889455317430627
334,0.91,0.010000000000000009,0.336144064113374,0.04882335649805048,0.004414063750069702,0.6567205231558503,0.6359922166689526,0.08722191614883255,0.024804720838286373,0.0013632263473408416,0.0,0.2160801450112546
335,0.9,0.0,0.33434983306827315,0.04962879850614881,0.004486872764443245,0.7039965929552078,0.7039965929552078,0.08339452484828971,0.0246096737034182,0.0014010147589803349,0.0,0.2234374893675779
336,0.89,-0.010000000000000009,0.3327723363808735,0.049936946418915065,0.004699197676171763,0.6585543136929802,0.6378933249185034,0.0775210735324951,0.024339770521157565,0.0014569167983583813,0.0,0.24496167320437268
337,0.89,-0.010000000000000009,0.33125832937838867,0.050103672567362006,0.004755619307123546,0.6593810766384242,0.6387506821363418,0.06965016251445368,0.024005319411216853,0.001530556066850565,1.0,0.25080662412017296
338,0.89,-0.010000000000000009,0.32979984500644294,0.05014746852500592,0.004798878371439197,0.6601794854583407,0.6395787800551196,0.06241929336872609,0.02364073480609296,0.0015954109502072677,1.0,0.25609967772250064
339,0.89,-0.010000000000000009,0.32857096102618466,0.04989422476801975,0.005016996502163206,0.6608537080189293,0.6402781840742471,0.05582943514306522,0.02327484063510001,0.0016516193619940534,1.0,0.278049310656177
340,0.89,-0.010000000000000009,0.3273523285960537,0.0496079195716365,0.005021693565831813,0.6615236674281699,0.6409732657538756,0.0497336311617139,0.022931798275092702,0.0017007507184368293,1.0,0.2787185276769111
341,0.89,-0.010000000000000009,0.32654523263912827,0.04906687197971093,0.00543058760488261,0.661968127425839,0.6414344472321657,0.044135421637790696,0.022631884794840025,0.0017428928499170061,1.0,0.31966796727993474
342,0.88,-0.020000000000000018,0.3257404412440802,0.04849830023976594,0.005428509014388804,0.6212589785384258,0.5808105901470323,0.03914695845666806,0.022390197075092075,0.0017769298581336763,0.0,0.32036735320464027
343,0.87,-0.030000000000000027,0.3247347821529687,0.0479892405377542,0.0052134958167776016,0.5853532835740273,0.5260110701379779,0.07792405120102931,0.022149784762588092,0.0021503839140186534,0.0,0.2993754172147165
344,0.87,-0.030000000000000027,0.32430336216533784,0.04788508692487355,0.005102744835492832,0.5855392349360325,0.5262137780722055,0.07214768197907831,0.021885107382337978,0.0021887929595398666,1.0,0.3145210850093436
345,0.87,-0.030000000000000027,0.32413502402323247,0.04788889412775863,0.0051045883894502405,0.5856118243699578,0.5262929161788759,0.06691702873506813,0.02161844282317377,0.0022200823760264634,1.0,0.3147192546200752
346,0.87,-0.030000000000000027,0.32397118882869513,0.047891314378127554,0.005104642307831306,0.5856824893629031,0.5263699602473149,0.06220280772055614,0.021367473405530704,0.002244797079181193,1.0,0.31515389160794505
347,0.87,-0.030000000000000027,0.32385056784260285,0.04788837708934535,0.0051395204243153934,0.5857345262106745,0.5264266971029073,0.05797432655139514,0.021145532837186967,0.002263325113916422,1.0,0.3190460133842894
348,0.87,-0.030000000000000027,0.32372353240048957,0.04788464061677541,0.0050208439479672165,0.5857893403038934,0.5264864643711127,0.05420572993120772,0.020962227532572947,0.0022757684411943363,1.0,0.31884375602661175
349,0.87,-0.030000000000000027,0.32377491467963415,0.0478829408458444,0.0050795235244013755,0.5857671683025234,0.5264622885502955,0.05087182459531132,0.020824014170322844,0.0022820383601528187,1.0,0.32473429963625033
350,0.88,-0.020000000000000018,0.32382225766624734,0.047881045790656857,0.005040133382432472,0.6221913992075875,0.5818061949301133,0.047960613103813006,0.020734503435097702,0.002309121043943568,1.0,0.3242491048404519
351,0.89,-0.010000000000000009,0.3238793777005043,0.04788451097790324,0.004866275207837741,0.6634404418833005,0.6429624667605194,0.04545671794921462,0.020665406244030262,0.0023132281360235293,1.0,0.32961162845554726
352,0.89,-0.010000000000000009,0.3237127038532762,0.0478345557868761,0.0048615997416418194,0.6635327110888505,0.6430582430220834,0.04333754937771634,0.02058878913178048,0.002317224836457338,1.0,0.3298067232070252
353,0.89,-0.010000000000000009,0.32353923290303965,0.04778073556869488,0.004751608511146299,0.6636287703723238,0.6431579554297762,0.041582436898690414,0.020506001195874257,0.0023210277595122914,1.0,0.32978497881105384
354,0.89,-0.010000000000000009,0.3232624343631526,0.04766007406801273,0.004748507419625621,0.6637821047667578,0.6433171253664524,0.0401717105095525,0.020418216452136987,0.002324635523134058,1.0,0.330363096061024
355,0.89,-0.010000000000000009,0.32298931612914955,0.047543164863653134,0.004750229617668778,0.6639334698973615,0.6434742562218861,0.0390897124971033,0.020326494003885275,0.002328019832386752,1.0,0.3298460013389142
356,0.89,-0.010000000000000009,0.3227169091983095,0.04742251116586588,0.004728404202816343,0.6640845095950237,0.6436310543269198,0.038320747167467605,0.02023179278611671,0.002331189389984516,1.0,0.3302637287710377
357,0.89,-0.010000000000000009,0.3224186657183866,0.04728014623331705,0.0046982501937443254,0.6642499535420737,0.6438028116675594,0.03784512446685223,0.020135077924196762,0.002334198172810352,1.0,0.3302585173652901
358,0.89,-0.010000000000000009,0.3220924854288544,0.04711075987705035,0.004661283581717878,0.6644309892181753,0.6439907626979274,0.03764775340849514,0.02003728165223583,0.002335320900174943,1.0,0.3304552947082222
359,0.89,-0.010000000000000009,0.32172845590013666,0.046903077923476,0.004632673586586044,0.6646331484287139,0.6442006527725536,0.037714381702330727,0.019939308959370648,0.002332559749092263,1.0,0.33052684272322064
360,0.89,-0.010000000000000009,0.32133632137067886,0.04666255905568587,0.0046333545992278844,0.6648510530729235,0.6444269005895404,0.03803062947594414,0.01984209108857218,0.0023298742483975053,1.0,0.33062028018226
361,0.89,-0.010000000000000009,0.32094453728216066,0.04641733496526279,0.004628868396722381,0.6650689057195484,0.6446531049768429,0.03858413970085341,0.019746535449888417,0.0023272642756143533,1.0,0.33068134148372996
362,0.89,-0.010000000000000009,0.3205536273016053,0.04616339864198325,0.0045243421151226725,0.6652864146532185,0.6448789630076859,0.03936495695737843,0.01965348136475854,0.0023248263605766726,1.0,0.33127394762952256
363,0.89,-0.010000000000000009,0.32025447927219775,0.04600720276221218,0.004531126537059116,0.6654529618033422,0.6450519101983583,0.0403589216322857,0.019563640320979445,0.002322478268784705,1.0,0.3295094347201284
364,0.9,0.0,0.3199282595746227,0.045835895328928594,0.004407407622513375,0.7131011619378796,0.7131011619378796,0.0415577970272686,0.01947773382478488,0.002323022917498645,1.0,0.32789512304107227
365,0.9,0.0,0.31946277408091633,0.04551579617648012,0.00427368954741954,0.7133989551581468,0.7133989551581468,0.04295083872202825,0.019359236917759197,0.0023286371019901205,1.0,0.327831027647034
366,0.9,0.0,0.3188167486502039,0.04499847593560336,0.004311222718607158,0.7138126607315598,0.7138126607315598,0.04453126070341271,0.019210567133125443,0.0023391676717888898,1.0,0.32307921877473933
367,0.9,0.0,0.31810731327618685,0.04444669678076688,0.004351108257914799,0.7142675262686207,0.7142675262686207,0.04629439938894618,0.019034778370428978,0.0023544751049761198,1.0,0.317774249369009
368,0.9,0.0,0.3173862290189906,0.043854269193934904,0.004344925898417974,0.7147304551213001,0.7147304551213001,0.048221733491747895,0.018835626240067085,0.002373726879350717,1.0,0.3179656620653706
369,0.9,0.0,0.3166616434055183,0.043228148464302535,0.004349502340894869,0.7151962366451367,0.7151962366451367,0.05030208879448147,0.01861724152082934,0.002391931178604294,1.0,0.3184189927242971
370,0.9,0.0,0.31589098929107484,0.04258028299123038,0.004284838709131893,0.7156922988140697,0.7156922988140697,0.05254311927380465,0.018384106108730393,0.0024093073261641663,1.0,0.31381187977347924
371,0.9,0.0,0.31521594104898054,0.042092968995439524,0.004297318120227534,0.7161273861864491,0.7161273861864491,0.05489093018585015,0.018141372214949093,0.0024254459838128984,1.0,0.31236365451303594
372,0.9,0.0,0.31453864361897027,0.0415856499800706,0.00429720694183156,0.7165644551954318,0.7165644551954318,0.057418568597134664,0.01789415343172954,0.0024411080520183935,1.0,0.31235149928341355
373,0.9,0.0,0.31385822975614935,0.04106063709800804,0.0041997083944595864,0.7170040728037821,0.7170040728037821,0.06008233344503197,0.01764836636470827,0.0024560283791116486,1.0,0.3120630178931738
374,0.9,0.0,0.3132061664888676,0.04067726759547952,0.00426710859263318,0.717425879469949,0.717425879469949,0.06282796905400889,0.01741027567396885,0.002469709852011492,1.0,0.30495723986702816
375,0.9,0.0,0.3125594252284032,0.040285681475284454,0.004261302298499589,0.7178447339530173,0.7178447339530173,0.06572776092877788,0.017186422013975484,0.002482977002023334,1.0,0.30505628214179414
376,0.9,0.0,0.3119041350499177,0.03987025114678259,0.004253199669734541,0.718269624158376,0.718269624158376,0.06873203348279273,0.016983698986724954,0.0024954542842429133,1.0,0.3048752557336829
377,0.9,0.0,0.3111626130146138,0.03948129164582865,0.0043436300119383845,0.7187510341346781,0.7187510341346781,0.07184265893388611,0.01680912169349988,0.002507322861791339,1.0,0.2952688833959858
378,0.9,0.0,0.31035394940115446,0.03909260497294401,0.004340461014149409,0.7192767698250662,0.7192767698250662,0.07507363942744566,0.016669762832668248,0.002518886484020862,1.0,0.2892084940399666
379,0.9,0.0,0.309594689885183,0.03878523791618129,0.004320826523884582,0.7197710870192163,0.7197710870192163,0.07839446656402951,0.01657242778808266,0.002529677117262731,1.0,0.2877747836516258
380,0.9,0.0,0.3085299794267773,0.03865378624318473,0.00443410346287071,0.7204654140873873,0.7204654140873873,0.08180686006591321,0.01652399328027492,0.002539992142968256,1.0,0.2606072143327607
381,0.9,0.0,0.3076218964338908,0.03870907161211884,0.004308899324881263,0.7210586594035255,0.7210586594035255,0.08531134060760731,0.016530650276053008,0.0025494929878849843,1.0,0.2603168085254419
382,0.9,0.0,0.30668103887892384,0.03909013136493582,0.004467912269409701,0.7216743475372795,0.7216743475372795,0.08888489141689553,0.016598098236401602,0.002558722015058228,1.0,0.2443537368491202
383,0.9,0.0,0.3057412853432554,0.03944862029294029,0.00446198015435692,0.7222903636888663,0.7222903636888663,0.09254203465463784,0.016730640519136107,0.002567429603028773,1.0,0.2442433486109601
384,0.9,0.0,0.3048150689697072,0.03977755139755087,0.004422746871963235,0.7228985360256829,0.7228985360256829,0.09627083044626857,0.016931869254326604,0.002575848504766244,1.0,0.2448993971946123
385,0.9,0.0,0.30390988963929966,0.04015443895407913,0.004446608069030808,0.7234938853710973,0.7234938853710973,0.10011475225848787,0.017204882740875494,0.0025842242078564833,1.0,0.2424629579680413
386,0.9,0.0,0.30300548954876505,0.04050809210666586,0.0044220562447377255,0.7240897023501698,0.7240897023501698,0.1039892663676368,0.017550343427823786,0.0025917362936252446,1.0,0.2424667012384556
387,0.9,0.0,0.3021256253692095,0.040856006574623335,0.004406635761658237,0.7246702976443273,0.7246702976443273,0.10791797900047405,0.017968155143701838,0.0025989058041696184,1.0,0.24248591846093048
388,0.9,0.0,0.30114055362060554,0.04138209745767149,0.00452783716226522,0.7253214218956121,0.7253214218956121,0.11190466871763484,0.018457258315418144,0.002605591026200426,1.0,0.23041931650874914
389,0.9,0.0,0.3000833003107779,0.04200628746658827,0.004601387274704751,0.7260215606500963,0.7260215606500963,0.11594632033492404,0.019015732180454967,0.002612400855267069,1.0,0.22313349709428842
390,0.9,0.0,0.29901908321582404,0.04260767407882902,0.004578726864118256,0.7267276773639867,0.7267276773639867,0.12003784411385804,0.0196410095005584,0.002618797483030472,1.0,0.2224327602987195
391,0.91,0.010000000000000009,0.29798627622862434,0.0431910783160354,0.0045443195533043795,0.6780890992037747,0.6581916478835539,0.12418201872231417,0.020330113305506176,0.002650757104284891,1.0,0.22262965363049791
392,0.91,0.010000000000000009,0.2968596841253709,0.04381876554490562,0.004601566108343782,0.6787411518902572,0.658870654059432,0.12837071185836701,0.0210919119028424,0.002681119568137166,1.0,0.21685435912748208
393,0.92,0.020000000000000018,0.295732073136534,0.0444135667063301,0.0045473239181065194,0.6361737233006016,0.5967870379572907,0.1326119236685904,0.02192486718035105,0.0027122727849932912,1.0,0.21664458501502049
394,0.92,0.020000000000000018,0.2944971966892204,0.04501761730753848,0.0045888739354947375,0.6368028371789117,0.5974633359320697,0.13689631604378552,0.022836852421019214,0.002747067801500323,1.0,0.21149779011330438
395,0.92,0.020000000000000018,0.29325175023103606,0.04557107203437935,0.004589096266141075,0.6374385975453536,0.598146977043844,0.1412235506942777,0.02382246980152314,0.0027852696740289676,1.0,0.2114741322065128
396,0.92,0.020000000000000018,0.29195539166079,0.046175946982481966,0.0046360530583653995,0.6381016966496258,0.598860228168324,0.14559319446053046,0.02487700776478176,0.0028267279764531542,1.0,0.2063812738275288
397,0.92,0.020000000000000018,0.29063728867566074,0.04678926421855548,0.004632989300278774,0.638777334205857,0.5995871891446701,0.1499952828000763,0.025996048176222416,0.002871183046854081,1.0,0.20376269639044242
398,0.92,0.020000000000000018,0.28930713346419684,0.047461852337484144,0.004636083506935256,0.6394606015295026,0.6003225885742346,0.15442589398213735,0.027175572355430153,0.0029133616507291773,1.0,0.1996355842693176
399,0.92,0.020000000000000018,0.288013380792323,0.04812553140695236,0.004598328483294337,0.6401265734982846,0.6010395948650281,0.15887758906206803,0.02841179250994825,0.0029533449515014307,1.0,0.19945505256618223
400,0.92,0.020000000000000018,0.28674419650040833,0.048804471332026825,0.004607341163843276,0.6407812479309464,0.6017446514100082,0.1633547993812919,0.029701448329195815,0.002991294787660818,1.0,0.19799361151851125
401,0.92,0.020000000000000018,0.28548279825618805,0.04944233090980828,0.004608721911689966,0.6414332342997737,0.6024470235264704,0.16788651264027935,0.03104244899058645,0.003027601440791894,1.0,0.19820303061462896
402,0.92,0.020000000000000018,0.2841790052400994,0.050116768930416666,0.00464505492754309,0.6421085293853012,0.6031747272348534,0.1724314281892431,0.03243173994313474,0.003061969265848154,1.0,0.1938908283684968
403,0.92,0.020000000000000018,0.28281942179553515,0.050830399137625125,0.0046907620349757855,0.6428142370514938,0.6039354448297337,0.17700596778358543,0.03386700500839351,0.0030946802191776754,1.0,0.18902701919760911
404,0.92,0.020000000000000018,0.2814512284670922,0.051522787232200815,0.004698367899153172,0.6435259814908624,0.6047029193939356,0.18165660686122428,0.03534745368657571,0.0031263064610417028,1.0,0.18782722527468798
405,0.92,0.020000000000000018,0.28007284430639995,0.052176437913742275,0.004649159627789814,0.6442446228429837,0.6054780853774084,0.18629111446449234,0.03686976143414943,0.003155978751162962,1.0,0.18725495541911696
406,0.93,0.030000000000000027,0.2787239240885561,0.052874835295001456,0.0046182353693564535,0.6058736689156125,0.5485473769108766,0.19093216138279057,0.03843148461289893,0.003196192477923361,1.0,0.1847574609834124
407,0.94,0.039999999999999925,0.277313092724215,0.053494285122242954,0.0045960216195062254,0.5718419630677818,0.4969991095991538,0.19563119726832448,0.04003410241845198,0.0032144114550259548,1.0,0.18412534235429612
408,0.94,0.039999999999999925,0.2758700500082978,0.05404990198801765,0.004598089458261597,0.5724359914316941,0.4976687134944403,0.2002809709479248,0.04167222188418316,0.0032361389468715794,1.0,0.1837354870609753
409,0.94,0.039999999999999925,0.2744240511563979,0.05457154024673932,0.00457121580220229,0.5730324759246082,0.49834150140388067,0.20493146852760236,0.04333930613583676,0.0032616774661469827,1.0,0.18325473420616856
410,0.94,0.039999999999999925,0.2729382909079237,0.05503171422887975,0.004577411256398645,0.5736466584847318,0.49903468672731616,0.2096199121736187,0.045031434161761884,0.003291268528004516,1.0,0.18241983935341
411,0.94,0.039999999999999925,0.27142302951065544,0.055490351125051365,0.0045992767472544036,0.5742743937411968,0.4997436249465775,0.21431193895693043,0.04674495127630291,0.0033243220291096975,1.0,0.1796912693613315
412,0.94,0.039999999999999925,0.2698701097284383,0.055981810295772,0.004639772029657457,0.5749191570217401,0.5004722752388014,0.2190299033505604,0.04847775235505215,0.003360903326759213,1.0,0.1753615444690726
413,0.94,0.039999999999999925,0.26831329853519714,0.0564238462277087,0.004631508384382435,0.5755669908862382,0.5012048873620345,0.223758555305321,0.050228029229741365,0.003400658959552414,1.0,0.17529309530104187
414,0.94,0.039999999999999925,0.2667228909437501,0.05689962931427324,0.004674028515904331,0.5762303145073031,0.50195552755155,0.22851667464156347,0.051995000212070666,0.003443691687842709,1.0,0.17104690543018775
415,0.94,0.039999999999999925,0.26513167636515883,0.05732766825461058,0.004674387048089166,0.5768955065559267,0.5027088021355718,0.23329507421606313,0.053778049565099656,0.003489718627294058,1.0,0.1710029035659546
416,0.94,0.039999999999999925,0.2635286061428418,0.057728041073400724,0.004678354276696673,0.5775672095342397,0.5034699787734436,0.23806792902199647,0.05557618174879342,0.003537508967678312,1.0,0.1698088320154374
417,0.94,0.039999999999999925,0.26185175133602645,0.058226043788234996,0.0047577771153841765,0.5782715048878027,0.5042686606919196,0.24288639225746586,0.05738995029288005,0.003583219775370446,1.0,0.1616290576472399
418,0.94,0.039999999999999925,0.2601636644960077,0.05868177072734355,0.004758312154490189,0.5789822548933639,0.5050752559971723,0.2476921803421477,0.05921855992703655,0.0036264153370427848,1.0,0.16082276766503267
419,0.94,0.039999999999999925,0.258466493755678,0.05912248571303776,0.004774644842232385,0.5796985930372642,0.5058887971473988,0.2525280198649174,0.06106241401466524,0.0036676386756284204,1.0,0.15916105652322443
420,0.94,0.039999999999999925,0.2567125625376178,0.0596059402526822,0.004830266921268392,0.5804407533787186,0.5067323048385016,0.2573789729506879,0.06292159466358337,0.0037068535496045042,1.0,0.1535297838055092
421,0.94,0.039999999999999925,0.25495122661737846,0.060050496421299955,0.0048302078250486115,0.5811879617712071,0.5075822091066412,0.2622538964619455,0.06479643686271587,0.0037442485942914892,1.0,0.15266462669443692
422,0.93,0.030000000000000027,0.2531512501369656,0.060531839776910235,0.004844095521150156,0.6179132328633797,0.5619282526809424,0.26713781739482034,0.06668692460908202,0.003779808611263686,0.0,0.1479295630402524
423,0.93,0.030000000000000027,0.2514043864303512,0.0609647284039963,0.004858066201839548,0.6187531355537171,0.5628661567352381,0.26948203089975403,0.0685331169231963,0.0037878669268714533,1.0,0.14988065867997347
424,0.93,0.030000000000000027,0.24963124823914845,0.061371709797135306,0.0036997022379220883,0.61960800946127,0.5638213750563542,0.27196450061105854,0.07034219920036822,0.003709975955007282,1.0,0.14782120847261426
425,0.93,0.030000000000000027,0.2490142553451389,0.062089096548066075,0.003710661808532312,0.619906031299358,0.564154519947046,0.2745838745331178,0.07215303947756835,0.003725081483005141,1.0,0.1466982555567411
426,0.93,0.030000000000000027,0.248383731259948,0.06281466312633145,0.003722876434301769,0.6202108853490743,0.5644953779768854,0.27732834895027847,0.0739291850839836,0.003744576591368343,1.0,0.14530718101313966
427,0.93,0.030000000000000027,0.24775140961146566,0.06352677747605888,0.0036821273990039153,0.6205169097792355,0.5648376216617523,0.28017028862576193,0.07567431279260751,0.003768011325337368,1.0,0.14530925127642602
428,0.93,0.030000000000000027,0.24706527706082496,0.06426916991550394,0.003694598035619987,0.6208493188719074,0.5652094602413906,0.2831223522690129,0.07739228838812481,0.003795383624454842,1.0,0.14396438581836501
429,0.93,0.030000000000000027,0.24634187835874038,0.06505681846303461,0.0036975083427235817,0.621200168112333,0.5656020251629288,0.286180372839313,0.07908678327767926,0.0038260386430982694,1.0,0.1401274982409091
430,0.93,0.030000000000000027,0.24565331725841247,0.06580929703867773,0.0036956800771759855,0.6215344896252791,0.5659761917381229,0.2893379468699341,0.08076121745808684,0.003855151412497553,1.0,0.14006249124237513
431,0.93,0.030000000000000027,0.2449327035070385,0.06659475387601747,0.003723759824692421,0.6218847594572937,0.5663683063596404,0.2926128167878935,0.08241925487073051,0.003883030508792805,1.0,0.13710323142551384
432,0.93,0.030000000000000027,0.24421703110493703,0.06735741212474805,0.0037260232745777145,0.6222330184011657,0.5667582703137016,0.29599085745427317,0.08406412683956428,0.0039096281308357034,1.0,0.13741800154002726
433,0.94,0.039999999999999925,0.24349008773878345,0.06812262523758597,0.003665742397245697,0.5860974846080186,0.513182998747661,0.29944684740495836,0.08569844576035227,0.003928560022480032,1.0,0.13620021655894865
434,0.95,0.04999999999999993,0.24269157344549788,0.06890276782491596,0.003591713657522757,0.5539562733986861,0.46470443151279994,0.3,0.08725413261863375,0.0038954869042426457,1.0,0.1362287156827009
435,0.96,0.05999999999999994,0.24180644758352304,0.06970822993613038,0.0033874674825309864,0.525187039710552,0.42084085677394184,0.3,0.08871072350900618,0.0038361591131740136,1.0,0.13492490317009143
436,0.97,0.06999999999999995,0.24070006730832436,0.0705226149264797,0.0033345008822258547,0.4993278506599903,0.38119925604868793,0.3,0.09005562403629408,0.003756654961476625,1.0,0.13432364568449917
437,0.97,0.06999999999999995,0.2394865505229355,0.071377166792013,0.0033302144832449035,0.4997086300814268,0.38164634106438555,0.3,0.09127092954881423,0.003683615879196548,1.0,0.12945494558128567
438,0.97,0.06999999999999995,0.23821836607252503,0.07219268528255827,0.0031102556950242314,0.5001071842987779,0.3821146888150098,0.3,0.09235459365221475,0.0036170516546949237,1.0,0.12928123268145586
439,0.96,0.05999999999999994,0.2367311121970314,0.07288543640426531,0.0031039271435557713,0.5269533865616721,0.42291067889980954,0.3,0.09330608406905595,0.0035554778771055163,0.0,0.1293239231068124
440,0.95,0.04999999999999993,0.23523804397679526,0.07353640395581028,0.0026911831328836917,0.5568476113767794,0.46806581446325823,0.3,0.0941247049246146,0.003498930306156797,0.0,0.12941170565330018
441,0.94,0.039999999999999925,0.23333914795076352,0.07378299411602483,0.0026878222550933296,0.5905155535850329,0.5182477576696872,0.29904000794580254,0.09479527551120924,0.003458238678612098,0.0,0.12977836467675985
442,0.94,0.039999999999999925,0.23148345456105462,0.07390433741001924,0.002526486028498087,0.5913304320364327,0.5191844741987605,0.29584842084392743,0.09528688343115443,0.0030987891266677937,0.0,0.1347980142337546
443,0.95,0.04999999999999993,0.22984822551548312,0.07419256498158233,0.0023841509843484,0.558957279579124,0.47052696319133175,0.2905342215132711,0.09601121373761608,0.003094120743927444,1.0,0.1358525126575627
444,0.95,0.04999999999999993,0.22806756243857257,0.07427579934181655,0.0023882327525301503,0.5596577792840776,0.47134576380570936,0.28573012960478406,0.09656940040421348,0.003089812043568624,1.0,0.1364547773182876
445,0.95,0.04999999999999993,0.22628629103803125,0.0743122725942305,0.002385229724851181,0.5603602771725641,0.47216770029478977,0.28142053216980417,0.09697402655769043,0.0030857249367046632,1.0,0.13659211456593945
446,0.94,0.039999999999999925,0.2245140253670942,0.07428506914482763,0.002359402332648732,0.5944110607866712,0.5227329481077675,0.27754130539620625,0.0972358897292108,0.0030821971145272584,0.0,0.1379273245142414
447,0.93,0.030000000000000027,0.22272606899918723,0.07413983657481098,0.0023808245015546057,0.632875732515189,0.5787239835852229,0.27159232967470126,0.09733634564800239,0.0031042211458536984,0.0,0.1402503765936005
448,0.92,0.020000000000000018,0.2210320985888845,0.07385904393657171,0.002414216368151545,0.6766088587495084,0.6406550579911122,0.26368476430202664,0.09726360725411722,0.003150419732083782,0.0,0.1494467149963361
449,0.91,0.010000000000000009,0.2193151338741404,0.07342275632582268,0.00244558928097684,0.7268500404144022,0.7092316168014297,0.2538457080813446,0.09701229089406299,0.003220397961671496,0.0,0.15303782816183875
450,0.91,0.010000000000000009,0.21765817605646728,0.07290380121202299,0.0024471344455849683,0.7279525551124499,0.7103918679620358,0.2422221627852811,0.09658521313233409,0.003312515639868113,1.0,0.15855332307313885
451,0.9,0.0,0.21595744042096998,0.07225313451761953,0.0024551106787284198,0.7864249577356631,0.7864249577356631,0.2313599221794888,0.09600866736464012,0.003400829498800376,0.0,0.15953806490581846
452,0.9,0.0,0.21428925451066397,0.07152743171427271,0.0024897402027146184,0.7877245321402061,0.7877245321402061,0.21874501198133955,0.09529276862112325,0.003510524425256167,1.0,0.1629881321764235
453,0.9,0.0,0.2126963760348812,0.07070658458090355,0.0025597491098498667,0.7889694544390884,0.7889694544390884,0.20699962519395423,0.09446475217848528,0.0036149149343293737,1.0,0.1704971312327832
454,0.9,0.0,0.21110365248173643,0.06982649965192353,0.002560521986533242,0.7902181962686322,0.7902181962686322,0.19613256497726983,0.09354832132477842,0.0037137539464933648,1.0,0.17109074074654718
455,0.9,0.0,0.20954432016448105,0.06889225428107666,0.0025848078596110526,0.7914445937907244,0.7914445937907244,0.18613592753511943,0.09256397655261335,0.0038069627557106855,1.0,0.17391276961337399
456,0.9,0.0,0.20799218833149444,0.06789624463461498,0.0025962479045934304,0.7926691144069736,0.7926691144069736,0.17693284564511674,0.09152932187867444,0.0038951189091388397,1.0,0.17505054547237697
457,0.9,0.0,0.20647307499674286,0.0668347966323602,0.0026275596326219472,0.7938712604589202,0.7938712604589202,0.16831447312335693,0.09045970107596026,0.003980179529981293,1.0,0.17834718389013227
458,0.9,0.0,0.20501128354534776,0.065695999372719,0.0026867254676075673,0.7950314925452682,0.7950314925452682,0.1603964025076618,0.08936860570343168,0.004059487028181894,1.0,0.18427614956870708
459,0.9,0.0,0.2035493998464748,0.06450239782132287,0.0026864111828417032,0.7961951944613338,0.7961951944613338,0.15316904126724815,0.08826765826475384,0.0041292962551192705,1.0,0.18433847283592586
460,0.9,0.0,0.20213866794647928,0.06323811920568653,0.0027384066984509335,0.7973214125753836,0.7973214125753836,0.14657156494972493,0.08716692871817379,0.004190346417670927,1.0,0.18954709018270965
461,0.9,0.0,0.2007282630542967,0.061914459082508755,0.0027333678695314026,0.7984505591057783,0.7984505591057783,0.14053675150627898,0.08607528332124402,0.004243417086225683,1.0,0.18964085226546867
462,0.9,0.0,0.1993119060646989,0.06051613258409712,0.002715570805756998,0.7995876937804095,0.7995876937804095,0.13505141705038842,0.08500038903627638,0.0042887844577507665,1.0,0.18963824866974055
463,0.9,0.0,0.19798194704116562,0.059084666845176166,0.0027687119372519983,0.8006584156579544,0.8006584156579544,0.13005010288573365,0.08394904742629733,0.0043271929301716945,1.0,0.1965135323668017
464,0.9,0.0,0.19666760929181884,0.057623946078982476,0.0027685916227708682,0.8017193821776394,0.8017193821776394,0.1255459445548234,0.08292694664118415,0.004358618350738873,1.0,0.19646134810639526
465,0.9,0.0,0.19537046198340258,0.05609651624105204,0.002737310206879118,0.8027692326377848,0.8027692326377848,0.12151631427650593,0.08193886904223897,0.00438335782848567,1.0,0.19811629680540666
466,0.9,0.0,0.1941236458939741,0.05461008107163765,0.0026865662030483655,0.8037809422208251,0.8037809422208251,0.11796495231235832,0.08098860987092708,0.004401420689885813,1.0,0.19839760983189247
467,0.9,0.0,0.19292548704611753,0.053179673779584276,0.0026890695621612586,0.8047555752834005,0.8047555752834005,0.1148173731392082,0.08007973327265736,0.00441374639766711,1.0,0.19795836458335447
468,0.9,0.0,0.19172944947044773,0.0516777736563727,0.002688566625354306,0.8057308430002728,0.8057308430002728,0.11214758431383855,0.07921409175783267,0.004419700271633131,1.0,0.19836190449839264
469,0.9,0.0,0.19054850481723767,0.05009425126452505,0.0026618546046884525,0.8066961257515128,0.8066961257515128,0.10986677352627378,0.07839345174447826,0.0044201020929285,1.0,0.200324527403291
470,0.9,0.0,0.18941555042066502,0.04855105998198054,0.0026491645789559113,0.8076243584245586,0.8076243584245586,0.1079575992738825,0.07761928072727112,0.00441567141959866,1.0,0.20051644011621272
471,0.9,0.0,0.18829377686134535,0.046967486377447826,0.0026523765618399657,0.8085455376492039,0.8085455376492039,0.10639128038564793,0.07689184116056197,0.004405961121386034,1.0,0.20018629858106896
472,0.9,0.0,0.1871741665399648,0.04530178101991983,0.002651524917133364,0.8094670381778136,0.8094670381778136,0.10514865030601453,0.0762123737010246,0.004391606224736904,1.0,0.20039046714535513
473,0.9,0.0,0.18605941593718264,0.04355267776678217,0.0025817442347440393,0.8103866280779382,0.8103866280779382,0.10422526174067513,0.07558093406700388,0.004373199688942586,1.0,0.20058795761495762
474,0.9,0.0,0.18493961759913854,0.04188906125542213,0.002657618065830573,0.8113124880052199,0.8113124880052199,0.10361102559863214,0.07499631676049588,0.004350113267399899,1.0,0.1929774060626248
475,0.9,0.0,0.18377772399363632,0.040115054060389364,0.0026973095614158333,0.8122753917163165,0.8122753917163165,0.10328357562755858,0.0744584132626376,0.004323074655450997,1.0,0.1888669215915728
476,0.9,0.0,0.18258974939894476,0.03822581666909847,0.00262844848050021,0.8132622757407547,0.8132622757407547,0.10322491505736754,0.07396612148756364,0.004292246727361074,1.0,0.18607779626452237
477,0.9,0.0,0.18147984628273117,0.03651087268087522,0.0025854064111454026,0.814186472885866,0.814186472885866,0.10342267058503886,0.07351819891994373,0.004261608091342001,1.0,0.18427857177462914
478,0.9,0.0,0.18042936905639176,0.034870583299325006,0.002572114390744074,0.8150631240439127,0.8150631240439127,0.10386439729009157,0.07311348976702137,0.004232526268801282,1.0,0.18416077140601983
479,0.9,0.0,0.17938091656281926,0.03316158100754292,0.0023101312371357676,0.8159399698955511,0.8159399698955511,0.10453872100530058,0.07275022351450035,0.004204868998228811,1.0,0.18292953429437708
480,0.9,0.0,0.17858225218615742,0.03214177916410647,0.0023293065080497027,0.8166091789693984,0.8166091789693984,0.10544215974014441,0.07242648022033979,0.0041785958486646665,1.0,0.18074077666657873
481,0.9,0.0,0.17922831543190335,0.034351531659933,0.00362445079852579,0.8160677511708323,0.8160677511708323,0.032125189686278706,0.07340525719939514,0.0048830748309331255,1.0,0.32492313310003307
482,0.9,0.0,0.18053575699842456,0.038981457578141206,0.004130151527445485,0.8149742545751728,0.8149742545751728,0.025719280336777645,0.07455806290573153,0.004910840145193315,1.0,0.375097893501243
483,0.9,0.0,0.18185252721212616,0.04311594889056726,0.004131832617306333,0.8138759137638368,0.8138759137638368,0.019777181165946303,0.07586878890302776,0.00493319674498322,1.0,0.3759203699811191
484,0.9,0.0,0.1831547552145812,0.046808886198222106,0.004115284468967254,0.8127926105929123,0.8127926105929123,0.014455851482175581,0.07731625030343663,0.004948120056817074,1.0,0.3751221974401169
485,0.9,0.0,0.18456436151073138,0.05054687191361929,0.004199099083841256,0.8116232267570681,0.8116232267570681,0.01,0.07887349095787416,0.004953992151494111,1.0,0.3834235875830574
486,0.9,0.0,0.18595840437033218,0.0539334324950772,0.00421458780264983,0.8104700586825986,0.8104700586825986,0.01,0.08043219582121698,0.0049143081855058555,1.0,0.38187098719853374
487,0.9,0.0,0.18736704234268223,0.05713589571486317,0.00410763958593497,0.8093081411161372,0.8093081411161372,0.01,0.0819896451942714,0.004874038592403221,1.0,0.383349715695944
488,0.9,0.0,0.18888644625159068,0.06019874086766724,0.004044045534236964,0.8080585870843866,0.8080585870843866,0.01,0.08354319912485281,0.004833213828592219,1.0,0.3823597073995859
489,0.9,0.0,0.19047503837338486,0.06310734078055097,0.004040674436563265,0.8067562523134187,0.8067562523134187,0.01,0.08509022065449796,0.0047918853055726835,1.0,0.3819927092737132
490,0.9,0.0,0.1920708635727084,0.06585327239346751,0.0040389136044983965,0.8054522076190603,0.8054522076190603,0.01,0.08662806230458397,0.0047500249559923186,1.0,0.3820152802310697
491,0.9,0.0,0.1936521375515235,0.06841666051646215,0.003993286677387764,0.8041642051952477,0.8041642051952477,0.01,0.08815412672861561,0.004707714924315017,1.0,0.38075705151200645
492,0.9,0.0,0.1952882135070965,0.07086436578849378,0.00399414852299142,0.8028358934196121,0.8028358934196121,0.01,0.0896657838108851,0.004664874400979428,1.0,0.38046195468478294
493,0.9,0.0,0.19692476206735926,0.07319023599164463,0.003943802247655731,0.8015115807902264,0.8015115807902264,0.01,0.09116047238203182,0.0046215977103208905,1.0,0.3802994410413001
494,0.9,0.0,0.1986176792988297,0.07543131585494407,0.003948513503335072,0.8001462435381406,0.8001462435381406,0.01,0.09263558731452005,0.004577888269406828,1.0,0.3807895132603465
495,0.9,0.0,0.20031265758393285,0.07757505021540387,0.0038989133930067556,0.7987838961861298,0.7987838961861298,0.01,0.09408853389541273,0.004533750453586093,1.0,0.38097196071682715
496,0.9,0.0,0.20205750530076189,0.07962707391493021,0.0038735329664341123,0.79738630342143,0.79738630342143,0.01,0.09551671936930675,0.004489284914802803,1.0,0.38086604551043246
497,0.9,0.0,0.20382751183264408,0.0815883979996856,0.003832882297854778,0.7959735469112624,0.7959735469112624,0.01,0.09691751997593955,0.004444531266499155,1.0,0.38076334957866176
498,0.9,0.0,0.20563419182192258,0.08345456794356462,0.0038357028501614307,0.7945366723429794,0.7945366723429794,0.010036228618302705,0.09828770632843115,0.004399930595169579,1.0,0.3803035831971677
499,0.9,0.0,0.2074441537178361,0.08524445519705899,0.0038224323240270254,0.7931023800190979,0.7931023800190979,0.010323875074303612,0.09962059018551066,0.004357611768268337,1.0,0.38045124215753257
500,0.9,0.0,0.20926285864658856,0.08694655094170091,0.0038262476641043666,0.7916663658240477,0.7916663658240477,0.010850339875334193,0.10091007905022566,0.00431715471313746,1.0,0.37986410439375806
501,0.9,0.0,0.21108586840122745,0.08859114777374405,0.003789153719040004,0.7902321618231541,0.7902321618231541,0.01160850800584989,0.10215053557850517,0.004278904739213742,1.0,0.3805040060785183
502,0.9,0.0,0.21296519867091265,0.09018546163001212,0.0037533561441673857,0.7887590788050711,0.7887590788050711,0.012612927345918016,0.10333637143743926,0.004242842918463498,1.0,0.3818238553370168
503,0.9,0.0,0.21482295437270507,0.09157592084773684,0.0038121588920183,0.787308294519687,0.787308294519687,0.013825292273783695,0.1044628730606845,0.004208112876546597,1.0,0.3748025893768552
504,0.9,0.0,0.21669132737438862,0.0929024437028679,0.003807772973616714,0.785854591653252,0.785854591653252,0.015206159932935956,0.10552602710715701,0.004175247826606034,1.0,0.3746645254430412
505,0.9,0.0,0.21856641003195573,0.09417298098261873,0.003783542683688232,0.7844010555498578,0.7844010555498578,0.016761413006396452,0.10652198660968845,0.004144078191809693,1.0,0.37476322117582606
506,0.9,0.0,0.22047069744207756,0.0953875839855586,0.003781430180563535,0.7829303733061829,0.7829303733061829,0.018494706357568787,0.10744700390458077,0.0041141211965131114,1.0,0.3751862019955974
507,0.9,0.0,0.22235270196042112,0.09650201600645178,0.0038063852564587334,0.781482308508826,0.781482308508826,0.020397723713218182,0.10829742190118646,0.0040863761831398705,1.0,0.37232579418865197
508,0.9,0.0,0.22421989809505027,0.0975375977951114,0.003820425062619921,0.7800509214500162,0.7800509214500162,0.022469525508610838,0.10907004376803395,0.004060328750975377,1.0,0.37045510052388764
509,0.9,0.0,0.22608152723016783,0.09850969362979081,0.003822471102551258,0.7786290126394685,0.7786290126394685,0.02469914528805326,0.10976178989819034,0.004035492146262508,1.0,0.36941764771792673
510,0.9,0.0,0.22745354795476522,0.09884691145282874,0.0042978970208613675,0.7775843794424556,0.7775843794424556,0.02707082752178035,0.11036965929794604,0.00401205432252933,1.0,0.31962191181314736
511,0.9,0.0,0.22885735317946412,0.09915498108051703,0.004258706668596859,0.7765184432726081,0.7765184432726081,0.029550024659051127,0.11089120210044837,0.003989440511859035,1.0,0.3200717918312199
512,0.9,0.0,0.23030635139617378,0.09942102190986991,0.004259930154867398,0.7754212519415785,0.7754212519415785,0.03216353644854695,0.11132351749786261,0.003968075459684643,1.0,0.320261366140034
513,0.9,0.0,0.23156363830262247,0.09951231567304324,0.004411378541971092,0.7744717350248549,0.7744717350248549,0.03490491920693035,0.11166383028842718,0.003947704383140612,1.0,0.3010217859459141
514,0.9,0.0,0.23282561984303407,0.09953705900063035,0.004449082830964351,0.7735210082390295,0.7735210082390295,0.03774795072928331,0.11190944258132941,0.003928155210896706,1.0,0.29724505947134827
515,0.9,0.0,0.23404651848981625,0.09952002979438133,0.004478963837799209,0.772603450482409,0.772603450482409,0.04072754629210218,0.11205727229326362,0.003910041481168277,1.0,0.2930927682441802
516,0.9,0.0,0.23523091880540112,0.09945324361053967,0.004445268184284682,0.7717154005881207,0.7717154005881207,0.043782705779652306,0.11210491464196605,0.003892230332199395,1.0,0.2882488635739209
517,0.9,0.0,0.23639488841645637,0.09926597959793418,0.004540384899829606,0.7708446561341521,0.7708446561341521,0.046949364270160894,0.11204905438498636,0.003875673467611787,1.0,0.2780260187527661
518,0.9,0.0,0.23756230421806301,0.0990565981417465,0.004528263281498921,0.7699733051144525,0.7699733051144525,0.05021685455675935,0.11188681481635326,0.0038598315561353094,1.0,0.2775643478256957
519,0.9,0.0,0.2387446465744878,0.098819081228551,0.004473089371824909,0.7690928185880788,0.7690928185880788,0.05355106004812774,0.11161499365218598,0.003844510873363571,1.0,0.2773952921657077
520,0.9,0.0,0.23959749198601593,0.09844728431877847,0.004854057150575609,0.768458956478196,0.768458956478196,0.05697378995924935,0.11123009260143775,0.003829842251139975,1.0,0.23881432495831612
521,0.9,0.0,0.24042538240656275,0.09806008805434616,0.004840174247090884,0.7678446403277023,0.7678446403277023,0.06048602998595031,0.11072822496431592,0.00381598688845135,1.0,0.23545366874911933
522,0.91,0.010000000000000009,0.24128880709713518,0.09762099793706086,0.004832401934079809,0.7125386784391635,0.6941957933681009,0.06414473946919101,0.11010500609393764,0.003829264625605967,1.0,0.2342720320974947
523,0.91,0.010000000000000009,0.24200066939071568,0.09721053057378307,0.004944984700262745,0.7120844639478643,0.6937193445408708,0.06788082568725598,0.10938927726239318,0.0038419274186035474,1.0,0.22106688803802488
524,0.91,0.010000000000000009,0.24272256852675297,0.09677553311347073,0.0049443060441597625,0.7116244363068859,0.6932368454998147,0.07167182071458386,0.10857863664005427,0.003853761975222422,1.0,0.220011122076347
525,0.91,0.010000000000000009,0.24342355304403768,0.0963303028444348,0.004962723622417705,0.7111783048772683,0.6927689671190695,0.0755403188743228,0.10767017421979004,0.0038651157503999806,1.0,0.21679670728520928
526,0.91,0.010000000000000009,0.24412567388743983,0.09586736952963702,0.00497560616452447,0.7107320106356124,0.6923009629556798,0.07946926919003847,0.10666079180292913,0.0038760956558568714,1.0,0.21551926535335308
527,0.91,0.010000000000000009,0.24482568128979318,0.09539768923773784,0.004964135542135894,0.7102876170375957,0.6918349965731264,0.08346269172075907,0.10554730950676292,0.003886614432497979,1.0,0.2153099915117611
528,0.91,0.010000000000000009,0.2455271036019625,0.09491013496189414,0.004937534399701618,0.7098428822581573,0.6913687170769794,0.08757874677485143,0.10432569826990476,0.0038973016495059804,1.0,0.21410661703529854
529,0.91,0.010000000000000009,0.24626753919646585,0.09437227729404567,0.004937528679069403,0.7093740150738843,0.6908771844466407,0.09172160994615823,0.1029917655838602,0.0039072540650684625,1.0,0.21417105769124323
530,0.91,0.010000000000000009,0.24685037601797383,0.09389332496934467,0.005067484481909903,0.7090053798510514,0.690490763913224,0.09591300112527382,0.10154067706415193,0.003916511855585192,1.0,0.1983461733931724
531,0.91,0.010000000000000009,0.24745410040787696,0.09337840354563255,0.005073097945170822,0.7086239373226881,0.690090950447202,0.10013837407251451,0.09996654070411148,0.003925070767513081,1.0,0.19747567041582803
532,0.91,0.010000000000000009,0.24803632045342952,0.0928706349806189,0.005079339150619972,0.708256470135457,0.689705816443227,0.10442179193643734,0.09826274687165147,0.003933428625222552,1.0,0.19564000609528365
533,0.91,0.010000000000000009,0.24863051316260867,0.09234177753962543,0.005079258539454987,0.7078818391612431,0.6893132055946531,0.10864122717448314,0.09642214732566948,0.0039704617832326955,1.0,0.19561948747686486
534,0.91,0.010000000000000009,0.24919128634783072,0.09182631562435592,0.00509955794106458,0.7075286421039075,0.6889430863446163,0.11292153233679013,0.09449752103010478,0.0040136971889125645,1.0,0.19230603420490566
535,0.91,0.010000000000000009,0.24972672399011958,0.09131314170999656,0.005132245913997302,0.7071917311423851,0.6885900596999186,0.11724338742132061,0.09249953381008975,0.004057352290776508,1.0,0.18846866739897394
536,0.91,0.010000000000000009,0.2501491870845734,0.0908749239194196,0.005203256137895023,0.7069261330030308,0.688311775073956,0.12158401784876237,0.09042804600609765,0.004101197042568849,1.0,0.17656995512988605
537,0.91,0.010000000000000009,0.2505651200678342,0.09041558156594715,0.005257276322972736,0.706664835102652,0.68803801161319,0.12603035143602953,0.08828293705194368,0.004146109503046295,1.0,0.17104824390736262
538,0.91,0.010000000000000009,0.25098609004262973,0.08994669530407663,0.005260178301036272,0.7064005694718122,0.687761154499941,0.1304951603643486,0.08606376033782608,0.004191208583130326,1.0,0.17137823016100917
539,0.92,0.020000000000000018,0.2513680279929392,0.08950930109198603,0.005298286679589336,0.6595837469700621,0.6220849181202611,0.13498151634725022,0.08376981288157377,0.004236525310230343,1.0,0.16751771813776806
540,0.92,0.020000000000000018,0.2516303763224655,0.0891893421045833,0.005414493957451822,0.6594402480143001,0.62192901574467,0.13946407363070654,0.08139995464627874,0.004272106777192554,0.0,0.15564653860592226
541,0.93,0.030000000000000027,0.25192596212100027,0.08883328780464511,0.005401067254091441,0.6185021197940977,0.5625857912008668,0.14143732684176039,0.07896242670910765,0.004259800374254965,1.0,0.15933694453023928
542,0.94,0.039999999999999925,0.25217114649664674,0.08854303224457584,0.005390622752152377,0.5823712727888376,0.5089295086768127,0.14356631317057322,0.07651321681830545,0.004227626505549475,1.0,0.15931645179839848
543,0.94,0.039999999999999925,0.25239464098281816,0.08827695305802924,0.005395796750768238,0.5822759666963536,0.5088209330736713,0.1458383806984424,0.07411177077031965,0.004202050501704851,1.0,0.15820196127470343
544,0.94,0.039999999999999925,0.2526133683873885,0.08801612532003344,0.0053956777533234485,0.5821827236572727,0.5087147182072794,0.1482490309741098,0.07175154133026092,0.0041828692172673505,1.0,0.15832751777532117
545,0.94,0.039999999999999925,0.2527717137217577,0.08782128283700931,0.005441795529325075,0.5821152400023079,0.508637852772843,0.150793991753299,0.06942607873207739,0.004169391782980394,1.0,0.1524266480028582
546,0.95,0.04999999999999993,0.2529165316469793,0.0876435446437233,0.005418507437275554,0.5500383580784121,0.46017097079950825,0.1534727716689119,0.06713038628681589,0.004136359502112797,1.0,0.1524091170364017
547,0.96,0.05999999999999994,0.2530261114592956,0.08750935842101386,0.005337744011098074,0.5213240226504362,0.4163363853030675,0.15626651039340586,0.06493046930132758,0.0040847046874847096,1.0,0.15120835782523656
548,0.97,0.06999999999999995,0.2529762823827322,0.08756972166999966,0.005369596913317674,0.4955081779926236,0.376734648630206,0.15917330889619505,0.06289367806791438,0.004014681882253469,1.0,0.14446380733999353
549,0.98,0.07999999999999996,0.25288947802054496,0.08767298503898813,0.005314959746505349,0.4721388498822616,0.34091183931891683,0.16218732296754895,0.06108796858320003,0.003927716920387714,1.0,0.1443573919431136
550,0.98,0.07999999999999996,0.2527040214490912,0.08789168245754332,0.005348949485724233,0.472190844042465,0.34097217356300463,0.16530225925254266,0.05957442235555089,0.0038494613211877285,1.0,0.14000766592776448
551,0.99,0.08999999999999997,0.25249213862397163,0.08814121009039311,0.005330846619696903,0.450953949008459,0.3085867765573395,0.16853141190294454,0.05834259256918205,0.0037546556893923015,1.0,0.13834978239386508
552,0.99,0.08999999999999997,0.25224560013585196,0.08842523747463506,0.005255154700232826,0.45101700623751406,0.3086594091649733,0.1718469052607616,0.05743936529918595,0.0036695052507097936,1.0,0.13833428336444897
553,0.99,0.08999999999999997,0.2519050331237312,0.08880420535723454,0.005268288476293242,0.45110414218418193,0.30875979973630135,0.17524722495150774,0.05684079947330636,0.0035940836292356697,1.0,0.13644043002070383
554,0.99,0.08999999999999997,0.25152170911126254,0.08923390498752434,0.005276975967749717,0.45120225802877933,0.30887287213833814,0.17873779616018487,0.056520797625365375,0.003528365788493515,1.0,0.13275833949968607
555,0.99,0.08999999999999997,0.2511108887016266,0.08968369439002138,0.005266214485841556,0.4513074592615903,0.3089941473683322,0.1823179224847482,0.05645241526508738,0.003471568257529482,1.0,0.13283072864978118
556,0.98,0.07999999999999996,0.2506750623488321,0.09015690633432243,0.005246680950882975,0.4727604270342164,0.3416336486579207,0.18597814234245855,0.05660981718553823,0.003421485907387568,0.0,0.13146791019292547
557,0.97,0.06999999999999995,0.2502071855260115,0.09065109375587775,0.00518771757448474,0.4963646533312796,0.37773255387515864,0.187165073178985,0.05692368267065431,0.003353494596486874,0.0,0.13155950160807506
558,0.96,0.05999999999999994,0.24968622877015548,0.09117666058014928,0.005193360494765708,0.5224680165330761,0.417667169546769,0.18598505059483,0.0573256956106629,0.0032924103676357764,0.0,0.13218047398310961
559,0.96,0.05999999999999994,0.24920139980799078,0.09165052786023299,0.005177870447185485,0.5226345001037496,0.4178610582586098,0.1825090910018832,0.057754628153404396,0.0032608798956703586,1.0,0.13585557661945136
560,0.96,0.05999999999999994,0.24866466612501217,0.09215409070290222,0.0051771066409495034,0.522818930828083,0.41807591432953395,0.1794350661918618,0.058202266337755576,0.0032309729397771805,1.0,0.13587372188484825
561,0.96,0.05999999999999994,0.24812263810450982,0.0926576882853348,0.005181481065938278,0.523005312921505,0.4182931140854097,0.17679730538430274,0.058663282328145785,0.0032022095695920147,1.0,0.13543805021523148
562,0.96,0.05999999999999994,0.2475908377150978,0.09314316719060953,0.005122338397415491,0.5231883073313145,0.4185064349019231,0.17455643720787442,0.05913312729531271,0.0031743262767816465,1.0,0.13645820972853673
563,0.96,0.05999999999999994,0.24695412463085784,0.09370607089808214,0.005158336392620805,0.5234075710857584,0.4187621256661541,0.172696469376339,0.05960870195247203,0.003147617281838466,1.0,0.1328422239428042
564,0.96,0.05999999999999994,0.24629770415506147,0.09428560125597518,0.005162053308954443,0.5236338139265994,0.4190260578050699,0.1711823515936243,0.060087251800096254,0.0031222080647111653,1.0,0.1308193005267626
565,0.96,0.05999999999999994,0.24562040665039642,0.09487072971792627,0.005163583017655214,0.5238674573827646,0.4192987330976659,0.17002399400359,0.0605672266168528,0.0030980363033564855,1.0,0.13038654633890046
566,0.96,0.05999999999999994,0.24497445605728135,0.09540844045022731,0.0051936512897052005,0.5240904816064578,0.41955911916804284,0.16917555489568303,0.06104722041040195,0.003074812666333827,1.0,0.13380255052038703
567,0.96,0.05999999999999994,0.24433337470622216,0.09593612631642336,0.005190056734573991,0.5243120124828018,0.4198178623724856,0.16862738881501085,0.06152679524796695,0.003053382133559106,1.0,0.13385022947743552
568,0.96,0.05999999999999994,0.243686107512497,0.09646102067059849,0.0051724044259543744,0.5245358710082356,0.42007942618060523,0.16836112436140574,0.06200553746827514,0.003033033180690826,1.0,0.13363518512587924
569,0.96,0.05999999999999994,0.24297958722650279,0.09703307735669871,0.00521049304826839,0.5247804406295115,0.4203653067543805,0.1683670161616571,0.062483843206840764,0.003013808105416686,1.0,0.12967249880387
570,0.96,0.05999999999999994,0.2422712435577078,0.09759737921017922,0.005207254996729973,0.5250258704907619,0.42065231600706365,0.1686354542473347,0.06296246819350512,0.00300069819832015,1.0,0.12968207323671055
571,0.96,0.05999999999999994,0.24156695695172023,0.09815107792342909,0.00520595596825837,0.5252701223471758,0.42093807022538693,0.16914850035558618,0.06344238376036496,0.0029933286632556864,1.0,0.129757637982308
572,0.95,0.04999999999999993,0.24084881163646366,0.09871085573900173,0.005215897502531133,0.5546683112561743,0.4655309772392714,0.16989239926362307,0.06392473375750166,0.0029915156364142474,0.0,0.12857593561970204
573,0.94,0.039999999999999925,0.24020565332883362,0.0991794981559048,0.005216762549803016,0.5875197412042945,0.5148108825694535,0.16830236984616476,0.06437964402641347,0.0030013721341457154,0.0,0.13627212685195134
574,0.93,0.030000000000000027,0.239655158896123,0.09959202777710009,0.005191968120192482,0.6244621068431312,0.5692566733464083,0.16448447588319337,0.06478216395983108,0.0030366291441648848,0.0,0.1379279627915604
575,0.93,0.030000000000000027,0.23923621974055237,0.09989245142073651,0.005255159210252103,0.6246676159522593,0.5694872187411357,0.10656501426775014,0.06478887989239969,0.0036210816799755138,1.0,0.14697300603451335
576,0.93,0.030000000000000027,0.23884288459285974,0.10017802426103709,0.005239295574387083,0.6248606882621159,0.5697038440892486,0.10787511304052183,0.06479881657413408,0.0036323174703300626,1.0,0.1467442814952571
577,0.93,0.030000000000000027,0.23846733840927392,0.10045188819722231,0.0052383110058072625,0.625045140097213,0.5699108261927404,0.10938368566581987,0.06481228791257522,0.003643093691746682,1.0,0.14672395341605005
578,0.93,0.030000000000000027,0.23809082654296737,0.10072492409299169,0.005228039607110706,0.6252301755823158,0.5701184915669475,0.11107098055672796,0.06482968053323751,0.0036533257238244503,1.0,0.14650958477536635
579,0.93,0.030000000000000027,0.2377273627227082,0.10098854930375152,0.005206674050194467,0.6254089026039472,0.5703191038960752,0.11293280226587409,0.06485147361248214,0.0036630063599285135,1.0,0.14658315226845708
580,0.93,0.030000000000000027,0.23738405385286407,0.10123973196535989,0.0037520367386069376,0.6255778126429723,0.5705087214840462,0.11495740667580474,0.06487818453943194,0.0029428814544342208,1.0,0.14640988968216817
581,0.93,0.030000000000000027,0.23558426310186625,0.10126729336784121,0.003260027357603918,0.6264648156237689,0.5715048551413688,0.11713728871622137,0.06464409673070678,0.0029001943098980135,1.0,0.14494405800025723
582,0.93,0.030000000000000027,0.2332830073073663,0.1006838301330063,0.0032520049290293298,0.6276026298938472,0.5727836144004799,0.11946717677667525,0.06434226456349704,0.00286370732898511,1.0,0.1449723140512491
583,0.93,0.030000000000000027,0.2309591435355002,0.10004462999670168,0.0032584710776731897,0.6287558241832218,0.5740807567156183,0.12196115244062802,0.06396847543347763,0.0028351481974717976,1.0,0.14353399279450474
584,0.93,0.030000000000000027,0.22864360474325438,0.09935848214253548,0.003174965373411447,0.6299091101654818,0.5753791089400707,0.12458829623726995,0.0635214020738499,0.0028166764026684274,1.0,0.14356831821553273
585,0.93,0.030000000000000027,0.22621428075130676,0.09851064111467336,0.003190364660711595,0.6311236249559629,0.5767475897233091,0.1273436030927847,0.06300455860396495,0.002844507785047364,1.0,0.14049118838829444
586,0.93,0.030000000000000027,0.22379783189627786,0.09762252175859892,0.0031781056525827674,0.6323363580818345,0.5781152909571149,0.13022423415129356,0.062475451373442376,0.0028736050684666455,1.0,0.1402261016956381
587,0.93,0.030000000000000027,0.22129376910905404,0.09670503398786054,0.0032416678387011083,0.6335979886400422,0.5795394420104493,0.1332228755381817,0.06193406871127629,0.0029038943754049096,1.0,0.13294343697356426
588,0.93,0.030000000000000027,0.2188016604736073,0.09572839655425601,0.0032400356039078795,0.6348586046315152,0.5809637778769148,0.13633097146010084,0.061380377045669725,0.0029352892837071244,1.0,0.13314884385490733
589,0.93,0.030000000000000027,0.2163158594987767,0.09468023242803869,0.0032424719370229547,0.6361210371255106,0.5823915004442294,0.1395626363089035,0.06081445133000391,0.002967932362987958,1.0,0.13341261179065622
590,0.93,0.030000000000000027,0.21379795695955028,0.09358183538868159,0.0032619603891761396,0.6374049014017242,0.583844832225885,0.14289774333773117,0.06023627185035678,0.003001620312774097,1.0,0.1302250263084277
591,0.93,0.030000000000000027,0.2112465392388473,0.09246652711080465,0.003305542712807378,0.6387111520145218,0.5853249266203104,0.14631367422889577,0.05964567967043608,0.003036124665210102,1.0,0.12561527944171158
592,0.93,0.030000000000000027,0.2086369482424453,0.09132950858520279,0.0033656428214300627,0.6400527356258888,0.5868465508228767,0.14981725862339265,0.05904255945205064,0.0030715144065686572,1.0,0.11950285504458291
593,0.93,0.030000000000000027,0.20597288122146198,0.09016133552105918,0.003417360436405509,0.6414281512797634,0.5884081218687116,0.15339914645851038,0.058426721642003944,0.003107695091771866,1.0,0.11389273894296736
594,0.93,0.030000000000000027,0.20329804125892448,0.08889418152864073,0.0034214490675154893,0.6428150888853233,0.5899843909973624,0.15705573198347741,0.057797932621214715,0.0031446302990947666,1.0,0.11330551700659863
595,0.93,0.030000000000000027,0.2006194876148124,0.087525125384691,0.003422287506854764,0.6442099754727809,0.591571334179886,0.1607842443463454,0.05715591272662048,0.0031822920401338357,1.0,0.11311659630561577
596,0.93,0.030000000000000027,0.19791206503367703,0.0860832384254923,0.003451480567227979,0.6456260613349988,0.593184080432893,0.1645949767893966,0.05650044866620415,0.003220784287033343,1.0,0.11012378739689677
597,0.93,0.030000000000000027,0.195174332695083,0.08456447744494254,0.0034784897116334535,0.6470643450072812,0.5948238477705918,0.16847809861408067,0.055831211519030456,0.003259641794168509,1.0,0.10699011571926076
598,0.92,0.020000000000000018,0.19240670511020025,0.08297427123531434,0.0035118395303203815,0.6935000661077569,0.6592242425403474,0.1724444867501817,0.05514863959415291,0.0032968008010382075,0.0,0.10354082470889003
599,0.92,0.020000000000000018,0.1896259362161068,0.08126775361097459,0.0035176913908954144,0.6951859880203466,0.6610856426285129,0.1738588916716635,0.0544292963679203,0.0033057698931639777,1.0,0.10237435274818729
600,0.92,0.020000000000000018,0.18681771123114413,0.07947774060757348,0.003544891847116948,0.696896895325183,0.6629761198464384,0.17547369006422361,0.05367795026624868,0.0033144227240937186,1.0,0.09904160589749522
601,0.92,0.020000000000000018,0.18397958310907733,0.0775547571980185,0.0035553015720377343,0.6986345987542855,0.6648977450262366,0.17727511666396942,0.0528994350606186,0.003322473302474301,1.0,0.09669119387183889
602,0.92,0.020000000000000018,0.1811288775881842,0.07544053632184267,0.0034850070610852727,0.7003887484354812,0.6668391325439831,0.179253112872242,0.0520991635893749,0.0033302069517713406,1.0,0.09675330324770681
603,0.92,0.020000000000000018,0.17830666012968407,0.0733936106628191,0.0035257585336817454,0.7021340670546968,0.6687723191582324,0.18138887238219648,0.05128196609296026,0.0033378321219814633,1.0,0.09258084352684204
604,0.92,0.020000000000000018,0.17548300285971197,0.07118327370778416,0.0035276105473002117,0.7038890029170822,0.6707177419681664,0.18372923338494546,0.050452757888732255,0.0033457625051055893,1.0,0.092298798445829
605,0.92,0.020000000000000018,0.1726602147533976,0.06878118879611082,0.0035252128834495624,0.7056521891819811,0.672673911978776,0.18614780502157707,0.04961548893882286,0.003352684507989017,1.0,0.09248441054438605
606,0.91,0.010000000000000009,0.1698310107022771,0.06616126061227524,0.0034985280940949305,0.7612836243851923,0.7455991515227294,0.18865891428472875,0.0487747116011097,0.00335882685048904,0.0,0.09226579688354919
607,0.9,0.0,0.16703229019218577,0.06339803318094928,0.003481530645925286,0.8264112095613604,0.8264112095613604,0.18874365660028128,0.04790386013469962,0.0033387555426118674,0.0,0.09245374317951871
608,0.89,-0.010000000000000009,0.1642966247930005,0.06039221619056111,0.003515847460267499,0.7653386595072877,0.7498997863139052,0.18653356090073794,0.04697922995601119,0.0033385583296835935,0.0,0.09688856060535866
609,0.89,-0.010000000000000009,0.16157128022693976,0.05713573000630039,0.003012914466214215,0.767351430748171,0.7520358671906426,0.1821379303263116,0.04598246654301961,0.0033590022523169198,1.0,0.0968831911118544
610,0.89,-0.010000000000000009,0.15934680935139295,0.055237780428269434,0.0030113160129671235,0.7690021515644365,0.7537884123801284,0.1782436103755249,0.044927130946853605,0.003373296422150413,1.0,0.09717482425846491
611,0.89,-0.010000000000000009,0.1571155991275235,0.053168050045192615,0.003011664300900224,0.7706650232441714,0.7555544918015249,0.17478709848288335,0.043824075569784994,0.0033818115747074416,1.0,0.09695076944427394
612,0.89,-0.010000000000000009,0.15488255122678396,0.050910516696427044,0.002817383759765761,0.7723364805146488,0.7573303311376388,0.1717590082739028,0.04268372028145825,0.003384707609561958,1.0,0.09695657606608199
613,0.89,-0.010000000000000009,0.15288349693358197,0.049022706675640404,0.0028212529929482503,0.773838953830868,0.7589271826668424,0.1691318070170598,0.04151532327734588,0.0033825275058699377,1.0,0.10111635662571428
614,0.88,-0.020000000000000018,0.1509241134274849,0.04709124790634284,0.0027812334071781295,0.7195308252993319,0.6881278551682825,0.1668840761926543,0.040326704196390714,0.0033751349327546514,0.0,0.1013067088616404
615,0.87,-0.030000000000000027,0.14905545630632092,0.045077186637242646,0.0027820055546112572,0.6722939488767185,0.6238760311617082,0.16236808784674528,0.03911126698818226,0.003389890779808782,0.0,0.10622705612777938
616,0.86,-0.040000000000000036,0.14724503900535146,0.043039980475063,0.002688644267015763,0.6308479983542027,0.5655907851875354,0.15589750044655332,0.03787149895848579,0.003423263799098512,0.0,0.10720713347698019
617,0.86,-0.040000000000000036,0.145560848159734,0.04114283708244431,0.002708221335570978,0.6316920061435332,0.5666033331105698,0.14745548881995826,0.036623118851557224,0.0034755316914217107,1.0,0.10960693419101686
618,0.86,-0.040000000000000036,0.14389711835472233,0.03908360806292923,0.0027225180777278347,0.6325279805112908,0.5676071456364354,0.13967149087245304,0.03539408970421576,0.0035204790899685473,1.0,0.11119136732453372
619,0.86,-0.040000000000000036,0.14225946253290872,0.03682105428436097,0.00235744106209572,0.6333530171983084,0.5685987060713079,0.13249476274150637,0.03420917412733799,0.003558398263906174,1.0,0.11362970998434596
620,0.86,-0.040000000000000036,0.14102317800544673,0.035614084538672396,0.0023392138501620962,0.6339772736068027,0.5693495438438116,0.12589657670716142,0.03309161366605972,0.003589569435700558,1.0,0.11518587221211396
621,0.86,-0.040000000000000036,0.1398216623058687,0.034414589070477924,0.0023284521322588557,0.6345851539348586,0.5700811678651846,0.11983285221181271,0.032062697967621366,0.0036138625166309414,1.0,0.11530209879131781
622,0.86,-0.040000000000000036,0.13863446676242377,0.033160755680206475,0.002197595919149896,0.6351869353398594,0.5708059212571109,0.11423749869759475,0.031143432441798544,0.0036326429943698605,1.0,0.1155524777530006
623,0.86,-0.040000000000000036,0.13757923831725602,0.0321854446278413,0.002187016810766794,0.635722782414286,0.5714516606678647,0.10924513140673991,0.030348582371910054,0.0036447780677388198,1.0,0.1155440435212498
624,0.86,-0.040000000000000036,0.1365538689874879,0.031159965325223915,0.0021740443944753478,0.6362443337571569,0.5720805291416908,0.1047699803111444,0.029689292201626218,0.0036509058751717153,1.0,0.11747418909953433
625,0.86,-0.040000000000000036,0.13556106111478872,0.030152828650509722,0.0021615624650198066,0.6367501388876518,0.572690747656299,0.1007695692441084,0.029173648253282402,0.0036516277009426266,1.0,0.11751592001529199
626,0.86,-0.040000000000000036,0.13459215024757387,0.029106500445770477,0.0021706835233529895,0.6372445452418782,0.5732875346189258,0.09724453233281176,0.028804728558240435,0.0036468965330696567,1.0,0.11862817863186903
627,0.86,-0.040000000000000036,0.13361380653763447,0.02800012979793573,0.0021701702267629265,0.637744544520565,0.5738913949535799,0.09415129120021438,0.028581748605965938,0.003636565079317183,1.0,0.11747562051782268
628,0.86,-0.040000000000000036,0.13264421789271538,0.026851211341095544,0.0021728311087678767,0.6382408441010534,0.5744911078375612,0.09147714692538216,0.028500874441102716,0.0036217295349083487,1.0,0.11714775254338794
629,0.86,-0.040000000000000036,0.1316959453094897,0.02560060711869699,0.002035166083790245,0.6387269804455767,0.575078849849471,0.08919553055383485,0.02855248803114005,0.0036024388802864474,1.0,0.11934379936867323
630,0.86,-0.040000000000000036,0.1309079430276584,0.024735072937790255,0.002028415001608698,0.639131517225077,0.5755681715484249,0.08727974603759792,0.0287245980323793,0.0035791097042157023,1.0,0.11954594521004447
631,0.86,-0.040000000000000036,0.13012743429727774,0.0238373791009732,0.002011096653242416,0.6395327124959895,0.5760536615732956,0.08571857656048619,0.029002594570019535,0.0035516122457630644,1.0,0.11942479737776202
632,0.86,-0.040000000000000036,0.129365326410831,0.022931754877767725,0.0020109340416710046,0.6399249357107508,0.5765284968874245,0.08449812426313731,0.0293708204253309,0.0035213194887863276,1.0,0.11942921745061108
633,0.86,-0.040000000000000036,0.1286033589644756,0.02196308718007205,0.001977530216795523,0.6403175679076344,0.5770040279328131,0.08360115917038981,0.02981132286489822,0.0034871443365685558,1.0,0.11942274284132459
634,0.86,-0.040000000000000036,0.1278546259320055,0.021035306470272092,0.001958870066063204,0.6407038501881568,0.5774720643572552,0.08300785147498571,0.03030827598908909,0.003449482241728896,1.0,0.11743273095789242
635,0.86,-0.040000000000000036,0.12714560001082095,0.020156867888063548,0.0018400279655939023,0.641070076880273,0.577915980185632,0.08270636483468703,0.030845983870416618,0.0034086828095355307,1.0,0.11756607528051943
636,0.86,-0.040000000000000036,0.1265576328802622,0.01955516197462532,0.0017863456986339998,0.6413740918778366,0.5782846199911031,0.08268240327722413,0.03140936943891248,0.0033640123849920534,1.0,0.11777324207401252
637,0.86,-0.040000000000000036,0.12598104669037327,0.019079091379324967,0.0018272914653198217,0.6416725023910715,0.5786465812619427,0.08293013484818845,0.0319848580048092,0.003321415644008672,1.0,0.1133896249184696
638,0.86,-0.040000000000000036,0.1254018103088396,0.01856438232404892,0.0017889526276019354,0.6419725642329015,0.5790106627684869,0.08342050513834577,0.0325594974370363,0.0032810521521627694,1.0,0.11345459200763996
639,0.86,-0.040000000000000036,0.12486217903468638,0.018111078332284616,0.0016700518112682384,0.6422523620560372,0.5793502627950683,0.08414026381775164,0.03312149763157509,0.00324304408545519,1.0,0.11355459072244978
640,0.87,-0.030000000000000027,0.12444002705335117,0.017879116835656714,0.0016340199357706064,0.6865823721320223,0.64057497756094,0.08507384239425507,0.03366013709143718,0.0032325423214698322,1.0,0.11343134047239833
641,0.87,-0.030000000000000027,0.12397689382021784,0.017566266568618597,0.0016379313147973737,0.6868570286964256,0.6408977363221712,0.08622269208323347,0.03416419527318011,0.0032226419513704937,1.0,0.11302362121690757
642,0.87,-0.030000000000000027,0.12351303947312647,0.017236293994100784,0.0016276092299888053,0.6871323332562189,0.641221323803338,0.08755590111400234,0.03463105840359228,0.0032131585322078653,1.0,0.11293101708926079
643,0.87,-0.030000000000000027,0.12303977299730066,0.01692423580743111,0.0016471056632869877,0.6874134516062013,0.6415518141831399,0.08907431338980291,0.03505807405911397,0.0032041460271587047,1.0,0.110875313692123
644,0.87,-0.030000000000000027,0.12256469119278285,0.016590515245462636,0.0015880663359750936,0.6876958796954662,0.6418839150537141,0.09077329632271201,0.0354426487826931,0.0031956007963881996,1.0,0.11081933732353755
645,0.86,-0.040000000000000036,0.12214832635421356,0.016356676516261912,0.001588183934067527,0.6436631953420494,0.5810641981165566,0.09264163794532679,0.0357823208271062,0.0031874145510043792,0.0,0.11079016414593013
646,0.85,-0.050000000000000044,0.12174528931006823,0.016100617206614213,0.0015893403912874617,0.6049238218076541,0.5259997274016918,0.09212347259666862,0.03610871064157126,0.0031644289613494726,0.0,0.1121054126218688
647,0.85,-0.050000000000000044,0.12141139370757241,0.015830092781492614,0.0015789245778384281,0.6050775124554867,0.5261913347643186,0.08923093949511211,0.03645111694809207,0.0031642848663875262,1.0,0.1178187975756575
648,0.85,-0.050000000000000044,0.1211658600132893,0.015660138620582072,0.0015989773550014932,0.6051905803519585,0.5263323243764276,0.08682495356688141,0.03679846683533957,0.0031581431679721405,1.0,0.11991043791168088
649,0.85,-0.050000000000000044,0.12090064699932089,0.015488770312312791,0.0015759937322748188,0.605312758028001,0.5264846990929429,0.08480277253610635,0.03714048036765497,0.003147105236111346,1.0,0.11783609054627253
650,0.85,-0.050000000000000044,0.12067839276577638,0.015372022364724038,0.0015597913528713765,0.6054151835580974,0.5266124603599329,0.08315186314507522,0.03746661874466767,0.0031311633850065906,1.0,0.11778224257331393
651,0.85,-0.050000000000000044,0.12047294244119074,0.015271432803211294,0.0015598621441094555,0.6055098958677565,0.526730617183885,0.08183960716898024,0.03776637881209164,0.003110928663979095,1.0,0.11780474993529988
652,0.85,-0.050000000000000044,0.12028710810177153,0.015165654112131067,0.0015603898829325239,0.6055955907644895,0.5268375383104658,0.08084524432883722,0.03802950259702277,0.003086626069528558,1.0,0.11975084942252878
653,0.85,-0.050000000000000044,0.12011915330864552,0.015078583534512776,0.0015242667333710068,0.6056730616297802,0.526934209662297,0.0801475808874857,0.03824584732458038,0.003058414879959613,1.0,0.11964495070810122
654,0.85,-0.050000000000000044,0.11998347808409206,0.0150251922266306,0.0015281227385595276,0.605735657688443,0.5270123274617031,0.07973760529533282,0.03840510442515056,0.003026393155389811,1.0,0.11919081704434253
655,0.85,-0.050000000000000044,0.11984738797350593,0.014969741656037722,0.0015146690222965764,0.6057984581611003,0.5270907074119497,0.07960421837330628,0.03849681800828078,0.0029907685802818933,1.0,0.11922171759116607
656,0.86,-0.040000000000000036,0.11972514518085044,0.014924191830961638,0.0015139652033173913,0.6449281674515532,0.5826031522212166,0.07973489821892857,0.03851042334460748,0.0029800993783535685,1.0,0.11924363092737633
657,0.87,-0.030000000000000027,0.11958318406507315,0.014878393992712811,0.0015266850873779467,0.6894736472980321,0.643975981146228,0.08011700597992724,0.038472658922197124,0.00297203963266512,1.0,0.11736339003034679
658,0.88,-0.020000000000000018,0.11943622608312211,0.014825725324281174,0.0014907879471892425,0.7406326905935067,0.7118178786608185,0.08073523274824869,0.03841411143881998,0.0029431736445375916,1.0,0.11748467578800681
659,0.87,-0.030000000000000027,0.1192507730317306,0.014734890045946922,0.001492366321353975,0.6896724219509519,0.6442100728364489,0.08158421578855042,0.03836532113108248,0.002920698475146484,0.0,0.11731027148030138
660,0.87,-0.030000000000000027,0.11908816866414738,0.014639967020121445,0.0015112283615217237,0.6897696976185432,0.6443246446657079,0.08006913384838245,0.038350742340109975,0.002909358284566776,1.0,0.11961328512652525
661,0.86,-0.040000000000000036,0.11893058086208591,0.014547649575637301,0.0015015902339384599,0.6453440366418871,0.5831095536006528,0.07890133550225473,0.038359769687467224,0.0028985191953718203,0.0,0.1196792700090874
662,0.85,-0.050000000000000044,0.11884990237339706,0.014472397721049047,0.001553055941664009,0.6062591580976237,0.5276659132925571,0.07548531007248788,0.038416477047193275,0.0029142369488893097,0.0,0.12839036085964928
663,0.85,-0.050000000000000044,0.11892109649217032,0.014558311353172777,0.0016495039370623737,0.6062262530735729,0.5276248171881249,0.06998134930894023,0.03854647641554952,0.0029545383931401476,1.0,0.139961635820129
664,0.85,-0.050000000000000044,0.11902628178381314,0.014681375691363133,0.0016590336308305836,0.6061776442945076,0.5275641117277122,0.06501788971341534,0.03874056394185917,0.0029929737669329814,1.0,0.14133782969104391
665,0.85,-0.050000000000000044,0.11925549066966717,0.015031688992804397,0.0017454336414545718,0.6060717480770865,0.527431877052899,0.06054148392647336,0.03898857127479092,0.0030296198950040426,1.0,0.15330743492430532
666,0.85,-0.050000000000000044,0.11946407926485508,0.015372956336871328,0.0017586285521396523,0.6059754107388633,0.5273115961891065,0.05653956515782926,0.039279800622621285,0.0030645062857916376,1.0,0.15466141003917677
667,0.85,-0.050000000000000044,0.11966950989640834,0.015697658139881648,0.0017591646436028376,0.60588056184634,0.5271931899470687,0.0529994293733722,0.03960290540742859,0.00309757569317398,1.0,0.15439329263276513
668,0.85,-0.050000000000000044,0.11990155993970676,0.016069499593853447,0.0017438536385618651,0.6057734582741213,0.5270595047324029,0.049895142216129,0.039946499345380616,0.0031288726159718777,1.0,0.1568401894557181
669,0.85,-0.050000000000000044,0.12040608739658942,0.01712566724510147,0.001978959503244473,0.6055407223398042,0.5267690777171985,0.04719952591503568,0.04029930884306322,0.003153389567642744,1.0,0.18012524449213685
670,0.85,-0.050000000000000044,0.12090653038545492,0.018093273835110838,0.0019822252368129675,0.6053100471491807,0.5264813179124525,0.04489456111287987,0.040650173001836785,0.00317148975647006,1.0,0.17972637212325848
671,0.85,-0.050000000000000044,0.12140564211410766,0.018996422835597597,0.001970870276338931,0.6050801605723668,0.5261946365628752,0.0429620808689362,0.04098826111122972,0.0031834956285499267,1.0,0.17966881084758213
672,0.86,-0.040000000000000036,0.12191764581531304,0.019853441651027464,0.00189421677795921,0.6437834036413052,0.5812103522998958,0.04137732954032499,0.04130321061073873,0.0031834423145211677,1.0,0.17977630574023906
673,0.87,-0.030000000000000027,0.12235263642844814,0.020624736141912924,0.0018775428550821193,0.687822017588458,0.6420322606862112,0.0401252600906054,0.04161919535691144,0.0031575248951953927,1.0,0.179771188165462
674,0.87,-0.030000000000000027,0.12277482564501527,0.021358308461054222,0.0017899736938685729,0.687570929703387,0.6417369804087427,0.03918813798535512,0.04195894035921232,0.0025819457082237466,0.0,0.18014688444827387
675,0.86,-0.040000000000000036,0.12324687032478797,0.022384869370494376,0.001929386471891349,0.6430913562572038,0.580369191807101,0.035972262950239066,0.0426418224678313,0.0026011959734999522,0.0,0.19417747401178498
676,0.85,-0.050000000000000044,0.12383494977913384,0.02372671433703344,0.0020440776318797595,0.6039637309913067,0.5248037294343098,0.030584442021559025,0.04340031767106463,0.0026403802997967403,0.0,0.20555222692984465
677,0.85,-0.050000000000000044,0.1248845414793149,0.026834079464152255,0.0025078809436335707,0.6034826468117445,0.5242050548963157,0.023241050687066563,0.04427124278944936,0.0026975125871056735,1.0,0.25168312343415566
678,0.85,-0.050000000000000044,0.12608757610533172,0.0302552658435703,0.0026599653522174325,0.6029321733141549,0.5235205361642611,0.016510905851515878,0.04524178570720787,0.0027466875681804665,1.0,0.2668130473770487
679,0.85,-0.050000000000000044,0.1276279947248276,0.03483447585867676,0.0029997502436791353,0.6022287872303023,0.5226466538725573,0.010358240307339731,0.046297277066589246,0.002788385155395067,1.0,0.3006250142180462
680,0.85,-0.050000000000000044,0.1291850797711396,0.03888389890701653,0.003000028510481256,0.6015194568402479,0.5217662766519074,0.01,0.04731145597986481,0.002769984733848836,1.0,0.30211839431336707
681,0.85,-0.050000000000000044,0.13075396427090746,0.04248628115463072,0.003002630836595745,0.600806439203523,0.520882222645844,0.01,0.04827705276789833,0.0027464505110159684,1.0,0.30183250797704075
682,0.85,-0.050000000000000044,0.13232055879158844,0.04574495037595826,0.002990130034585141,0.6000961469766308,0.5200024432116044,0.01,0.04919409959178867,0.0027212588376427085,1.0,0.30163176611934617
683,0.85,-0.050000000000000044,0.133895829006664,0.04871955470738442,0.002995548483032171,0.5993836126251189,0.5191207831972203,0.01,0.050062062327196635,0.002694722031616022,1.0,0.3010610143020622
684,0.85,-0.050000000000000044,0.13546859395898037,0.0514675187363136,0.0029666502105842427,0.5986738975133293,0.5182435028750877,0.01,0.05088001424372066,0.0026668906492370854,1.0,0.30084481344716885
685,0.85,-0.050000000000000044,0.13707510315551902,0.054042108408285744,0.0029669755429310566,0.5979506882984973,0.5173504561108114,0.01,0.05164660862020048,0.0026377933658178043,1.0,0.3011421080421598
686,0.85,-0.050000000000000044,0.1386892901808403,0.05646836688494082,0.0028984910122596638,0.5972257804350698,0.516456235868125,0.01,0.052360085879282335,0.0026075040588795398,1.0,0.30164480422776574
687,0.85,-0.050000000000000044,0.14037335414925553,0.05873750729700455,0.0028993956943943536,0.5964713629071936,0.5155265944457842,0.01,0.053018308429741354,0.0025761091505773267,1.0,0.3013498338150884
688,0.85,-0.050000000000000044,0.1420527888509446,0.06086918898498726,0.0028993325818238965,0.5957209148977819,0.5146028355058273,0.01,0.053618783021246716,0.0025434660712964916,1.0,0.30109231402381476
689,0.85,-0.050000000000000044,0.14372983254762198,0.06288492139799326,0.002867383914675904,0.5949734172495078,0.5136836892713907,0.01,0.05415849261346181,0.0025097781215103533,1.0,0.30111698145839205
690,0.85,-0.050000000000000044,0.1454387657374272,0.06478796592036412,0.00282083459107835,0.5942136329756692,0.5127504367279662,0.01,0.05463412632960382,0.0024752737690743472,1.0,0.3011183452889503
691,0.85,-0.050000000000000044,0.14718813541173592,0.06656645137041911,0.0027648110963231797,0.5934378781065286,0.5117986075465762,0.01,0.05504213961323278,0.002439884027715793,1.0,0.30055224687258353
692,0.85,-0.050000000000000044,0.14899969361632867,0.06823252907663133,0.0027092182935924487,0.5926366777694532,0.5108166590098562,0.01,0.05537849103097419,0.0024037033425125835,1.0,0.3006586755038567
693,0.85,-0.050000000000000044,0.1508678384167197,0.06978549139369666,0.002703777097045436,0.5918127134721677,0.5098079764853821,0.01,0.055638756078538534,0.002366768135189684,1.0,0.3007072189820712
694,0.85,-0.050000000000000044,0.15274899557245786,0.07126731383923524,0.0027090810657056665,0.5909853218751755,0.508796285407721,0.01,0.055818037756473704,0.0023291063941506137,1.0,0.30142123258041686
695,0.85,-0.050000000000000044,0.15463971273813015,0.07268472353455763,0.0026865989584704047,0.590156053373643,0.507783490850402,0.010150026106461875,0.05590881070876242,0.002292129562467893,1.0,0.302188312872845
696,0.85,-0.050000000000000044,0.15655575215930045,0.0739995270183,0.002659598066362125,0.5893180493752452,0.5067612371588492,0.010544699374071806,0.05590165267757741,0.002256892708356033,1.0,0.3017277295139287
697,0.85,-0.050000000000000044,0.15847398020164907,0.07516684039417004,0.002654199263831187,0.5884814687321807,0.5057419304841776,0.011172670147484649,0.05578694766599974,0.002223171320854132,1.0,0.29881291995412085
698,0.86,-0.040000000000000036,0.16041174379241963,0.07621611905102818,0.0026575251649167716,0.6243266300363556,0.5577978848675516,0.012021076691023603,0.05555445239919671,0.0022174541655213763,1.0,0.2973171837859452
699,0.86,-0.040000000000000036,0.16207178202557299,0.076739984321384,0.0029161742646312432,0.6235139844319053,0.5568305855742371,0.013080066636924135,0.05523778177254833,0.002211839938787441,1.0,0.26837817606352043
700,0.86,-0.040000000000000036,0.16376458982042327,0.07719665453583954,0.0028929962712508305,0.6226874727065942,0.5558476403130939,0.014337968617184284,0.05482913339077635,0.002206349791115869,1.0,0.26832238538252495
701,0.86,-0.040000000000000036,0.1654827648914354,0.07759572301178651,0.0028942508794796997,0.6218508131220648,0.554853507633488,0.015785153846243617,0.054320346623863744,0.002200988064053109,1.0,0.2685087009730509
702,0.86,-0.040000000000000036,0.1672026921285824,0.07795853836481177,0.0028545020539089286,0.6210155490584429,0.5538619162403209,0.01741258064469989,0.05370268016926776,0.0021958533901995916,1.0,0.26874602696240935
703,0.86,-0.040000000000000036,0.16896581357272247,0.07824416953669774,0.0028531375680243606,0.6201616340652646,0.5528490941420093,0.019226732886249282,0.05296662826635122,0.0021905381501874746,1.0,0.26889298794085015
704,0.86,-0.040000000000000036,0.1706157661443385,0.07834965344099269,0.0029684236310027943,0.6193646533467889,0.5519046311704057,0.0211963188897712,0.05210074469958904,0.002186002941772225,1.0,0.25729405560742813
705,0.86,-0.040000000000000036,0.17221739720754858,0.07837314569574053,0.003013150146974474,0.6185929703655789,0.5509909097838201,0.023320576221795307,0.05109454017458884,0.00218209534650831,1.0,0.252647516865395
706,0.87,-0.030000000000000027,0.1737533943304499,0.0782962868794063,0.003079756827739537,0.6585431113141791,0.6079738290624959,0.025601713718172037,0.0499353775941397,0.0022042811564156255,1.0,0.24586550917368422
707,0.88,-0.020000000000000018,0.1752888961983109,0.07819242827370912,0.0030363588819425427,0.7040099647804026,0.6708518920128257,0.02800764150962816,0.04867125453619993,0.0022062592583541383,1.0,0.2460039299656217
708,0.89,-0.010000000000000009,0.17677327332897103,0.07809890319393278,0.003043149657707662,0.756257396168094,0.7402737387296677,0.03056753116576465,0.047354558309769014,0.002187716420795655,1.0,0.2453262736713706
709,0.89,-0.010000000000000009,0.17820898208493383,0.0779365485670924,0.003089418080097853,0.7552262076272902,0.7391818849114105,0.03328281200446431,0.046040697546053506,0.0021758069348149778,1.0,0.2404540667081312
710,0.89,-0.010000000000000009,0.1794685531270222,0.07763397740107718,0.0032621259934982514,0.7543238418910869,0.7382266324146287,0.03614224860719992,0.044720699498038134,0.0021697758712805743,1.0,0.2231319284673008
711,0.89,-0.010000000000000009,0.18073549299959782,0.07731010822559976,0.003267247423929839,0.7534183697647939,0.7372682788736674,0.039095605441568974,0.04338725097519473,0.002169020988708741,1.0,0.22364475670183603
712,0.89,-0.010000000000000009,0.1819606552749896,0.07694263144939205,0.0032673703788484226,0.7525448208396034,0.7363438907812736,0.04218239261280917,0.04203269367461985,0.0021736632706723493,1.0,0.219472803605264
713,0.89,-0.010000000000000009,0.18314810083650418,0.0766013367790784,0.0032693679236562353,0.7517000951019995,0.7354501694189816,0.04537456134081491,0.04064976249218976,0.002183203047476392,1.0,0.21986091277716358
714,0.9,0.0,0.18419062043348405,0.07618871406110357,0.003364134559528901,0.8119329476531039,0.8119329476531039,0.04866837262156115,0.03923113507281659,0.0021708578245959597,1.0,0.20555866855963068
715,0.91,0.010000000000000009,0.18517578905794196,0.07581022886205947,0.003362464586163867,0.7502620126622233,0.7339290510899507,0.052045237440096676,0.037842597754702896,0.0021396081015489254,1.0,0.20474391857356822
716,0.92,0.020000000000000018,0.1861561233581597,0.0754285395853601,0.0033432407903169216,0.6973011932534479,0.6634230708635787,0.05551761329749026,0.03654561927841992,0.0020894097604458803,1.0,0.2052405634987573
717,0.92,0.020000000000000018,0.18704042662437081,0.07504329698490156,0.0033999970484292086,0.6967608988735223,0.6628257947608335,0.059041848549611364,0.03540173015221489,0.002046381854431899,1.0,0.19803726081212403
718,0.92,0.020000000000000018,0.1879074252582538,0.0746618465969061,0.003376842376100703,0.6962319895782317,0.6622412497188769,0.06265384535161109,0.03440246687482362,0.002010374467270819,1.0,0.19789123071283388
719,0.92,0.020000000000000018,0.18875293957557407,0.074293742303337,0.0033640519596943247,0.6957169595249131,0.6616721819228756,0.06632416878995834,0.033540625477467126,0.001980800097614276,1.0,0.19818114171637047
720,0.92,0.020000000000000018,0.1895090029711888,0.07392502259643101,0.003437513609831419,0.6952570618082883,0.6611641461176309,0.07006376664751308,0.032809761146530864,0.0019573240709698926,1.0,0.1907922117735943
721,0.92,0.020000000000000018,0.19026465224826017,0.07354787390572415,0.0034357402337018357,0.6947980231136984,0.6606571674860058,0.07386327541802314,0.03220445303589203,0.0019391842250738535,1.0,0.19086702649844833
722,0.91,0.010000000000000009,0.19101842446923192,0.07316356276314198,0.003436288103600687,0.7461488841403892,0.7295810374979071,0.07773561931644135,0.031720752896375486,0.0019278708574734839,0.0,0.19092969985018537
723,0.9,0.0,0.19183390267067366,0.07277119592490615,0.003479035762559791,0.8056455760347879,0.8056455760347879,0.07912008577584956,0.03133007337399724,0.0018966518207443187,0.0,0.1970918636654212
724,0.89,-0.010000000000000009,0.19267528811961374,0.07239199964266756,0.0035242795950078966,0.7449906719256734,0.7283573815547508,0.07812947410180228,0.031001531444908293,0.0018662498066737256,0.0,0.2016127339935413
725,0.88,-0.020000000000000018,0.19359461327598507,0.07201444669067457,0.003592193161091821,0.6927823524140028,0.6584322682520394,0.07488293048002287,0.030707261709241342,0.0018634367431432483,0.0,0.20944843565242688
726,0.88,-0.020000000000000018,0.19466065375608824,0.07168510174660686,0.0037399833921596248,0.6921395326669565,0.6577231610826563,0.06949847086306953,0.03042689210652551,0.0018865803641973486,1.0,0.22523222664218578
727,0.88,-0.020000000000000018,0.19577105805072656,0.07134008270039924,0.003769841527159948,0.6914712288455555,0.6569861662694529,0.06465368844444185,0.03016200026448563,0.0019085060020134646,1.0,0.22851604998165254
728,0.88,-0.020000000000000018,0.19703692004432394,0.07105626744553172,0.00390137541702042,0.6907109343465921,0.6561480035582568,0.06030968266178302,0.0299129820452587,0.0019293382182873184,1.0,0.24373395190312452
729,0.88,-0.020000000000000018,0.19827598678203662,0.07077042158843219,0.0039042171637053745,0.6899683509379674,0.6553296513337099,0.056446073845074815,0.02967946441776183,0.001949013211221372,1.0,0.24325047313994275
730,0.88,-0.020000000000000018,0.19955673759017103,0.07049239238166069,0.003947140447051409,0.6892024622225087,0.6544859112190571,0.05302377152205698,0.029460374275772135,0.001967812532897191,1.0,0.24762102602348257
731,0.88,-0.020000000000000018,0.2008744701813924,0.07021323197427508,0.003983227420824884,0.6884162310642695,0.653620072687908,0.05002040700886045,0.02925390458676453,0.0019858217471986823,1.0,0.2511980564999057
732,0.88,-0.020000000000000018,0.20219242756739864,0.06990836398422949,0.0039834337333707346,0.6876316580352111,0.6527563748959858,0.04742222006881285,0.029057638052707203,0.00200300580626232,1.0,0.2512249560512314
733,0.88,-0.020000000000000018,0.20351802657465165,0.06958235833326895,0.003970986012481436,0.6868443378291967,0.6518899687418435,0.04521032700768217,0.028868661655794353,0.0020193551533908708,1.0,0.25198264356662303
734,0.88,-0.020000000000000018,0.2050272630883752,0.06933512918370983,0.004135030400774345,0.6859501408105092,0.6509063335967668,0.0433600606280401,0.028683687565319704,0.002034999393182218,1.0,0.26835638233024794
735,0.88,-0.020000000000000018,0.2065320206711324,0.06905294787859353,0.00413611506724416,0.6850609124188977,0.6499285683351738,0.0418374001705349,0.028499066511986387,0.002050137765909919,1.0,0.2680418335562431
736,0.88,-0.020000000000000018,0.20803271374531868,0.0687376616759986,0.004093849076416506,0.684176379123814,0.6489563653721393,0.040657241628468906,0.02831075160020032,0.002059556220163471,1.0,0.26784254949263797
737,0.88,-0.020000000000000018,0.2095802203163753,0.0683302818018017,0.004096200242500569,0.6832666421654362,0.6479568763239448,0.03979793715502098,0.028114323574694774,0.002063282828075497,1.0,0.26814028202413054
738,0.88,-0.020000000000000018,0.21113415668736624,0.06789210776924515,0.0041023411351045706,0.6823555564773639,0.6469563276102689,0.03923464214656005,0.027905328682179504,0.002061702386954841,1.0,0.26884822910673656
739,0.88,-0.020000000000000018,0.21268509098367447,0.06741508457576921,0.004103118493724948,0.6814486504050915,0.6459607881963353,0.03895552750886175,0.027679088786804,0.002055091640098224,1.0,0.26864802035326774
740,0.88,-0.020000000000000018,0.21423859433336234,0.06689794805278458,0.00410035016879996,0.6805426555675034,0.644966666487218,0.038949857996515465,0.027430749156586026,0.0020435443655867883,1.0,0.2687816754411847
741,0.88,-0.020000000000000018,0.21580097491059924,0.06633796131305393,0.004104263293767287,0.6796339100862472,0.6439699454188553,0.03920196243351215,0.02715505933034645,0.0020326241171648475,1.0,0.2692616789405968
742,0.88,-0.020000000000000018,0.21735939142964777,0.06573077034878362,0.004088438107397018,0.6787298847621734,0.6429788174179927,0.039703341842015835,0.02684679462675549,0.0020223510578992222,1.0,0.26877266899411567
743,0.88,-0.020000000000000018,0.21891792760966605,0.06503145440910174,0.004108516500645324,0.6778281921112006,0.6419906598481152,0.04043238289427211,0.02650030827406388,0.0020125536651653553,1.0,0.26672893169394785
744,0.88,-0.020000000000000018,0.2204852275817806,0.06429176244696809,0.004116508719467954,0.6769238419791042,0.6410000040037623,0.04138496838863487,0.026109479934251337,0.0020033036032638192,1.0,0.2675493345349955
745,0.89,-0.010000000000000009,0.22205358487349117,0.06350482917212319,0.00410399670235741,0.7250352188206886,0.7073223574002978,0.04254455551177345,0.025667745909188827,0.0020097826110868537,1.0,0.2676258933169904
746,0.9,0.0,0.22347689080457767,0.06261339900051725,0.004179516930970364,0.7806198800659055,0.7806198800659055,0.04390340390007899,0.025217829052353476,0.001994290846306541,1.0,0.2544360057305193
747,0.9,0.0,0.22485549045343906,0.06178406328609914,0.004170942349104243,0.7795648737132227,0.7795648737132227,0.045452850839949786,0.024806024412220778,0.001985638937333209,1.0,0.25567876246179677
748,0.9,0.0,0.2262145580764451,0.060949774778244974,0.004151387706529291,0.7785276023569534,0.7785276023569534,0.047183602487603324,0.02442585405085083,0.0019826952061905677,1.0,0.2558172002122848
749,0.9,0.0,0.22756013637884823,0.060020489273481366,0.004185422367668085,0.7775033421587927,0.7775033421587927,0.04906502554061431,0.024073425837049633,0.0019850236270186465,1.0,0.2523939207865856
750,0.9,0.0,0.22890731750592436,0.05904534292511126,0.00418627011647974,0.7764805582596107,0.7764805582596107,0.05111745485095996,0.023745795568269244,0.001992500125344411,1.0,0.2525003552809254
751,0.9,0.0,0.2302595848558175,0.05802504496755687,0.00417197749179753,0.775456615461814,0.775456615461814,0.053313148528602305,0.023441131345617542,0.002004634780268646,1.0,0.2530314849246156
752,0.9,0.0,0.23159426489287707,0.056993630754771096,0.004172800415933311,0.7744486344982169,0.7744486344982169,0.05564444901137439,0.023158457478348576,0.00202113616452542,1.0,0.25321885312848547
753,0.9,0.0,0.23292626343900413,0.05590786252133666,0.004171991467892085,0.7734452878391795,0.7734452878391795,0.058110450499304196,0.022897631503185235,0.002041904102866601,1.0,0.2528448053208082
754,0.9,0.0,0.23400943544164993,0.054730721595486906,0.004427606492791732,0.7726312879293016,0.7726312879293016,0.06070531952582447,0.02265905713950574,0.0020667675584675476,1.0,0.22750801730891967
755,0.9,0.0,0.23509240368950618,0.05350643121505491,0.004427491459778227,0.7718191522184716,0.7718191522184716,0.0634286697090131,0.02244370070885718,0.0020929561477358947,1.0,0.22751854237679303
756,0.9,0.0,0.2361321931722264,0.052240372941168504,0.004451892694933423,0.7710410019232364,0.7710410019232364,0.06626836126004765,0.02225293977815226,0.0021177802264231256,1.0,0.22322257919939914
757,0.9,0.0,0.2371852471924743,0.05087926874436838,0.004456261395808182,0.7702545223951959,0.7702545223951959,0.06922644431861961,0.022088631683983246,0.002141415138445858,1.0,0.222668792055138
758,0.9,0.0,0.2380954184934879,0.04952591953986116,0.004597600606495732,0.7695760471945374,0.7695760471945374,0.072336129351413,0.02195357417359021,0.00216425051210739,1.0,0.20850180588936507
759,0.91,0.010000000000000009,0.2389658248554417,0.048140996061020916,0.0046162661071771525,0.7140249314649719,0.695755126017148,0.07558196316857264,0.02185072558601238,0.002181732854299225,1.0,0.20435090767568054
760,0.91,0.010000000000000009,0.23980995660339213,0.04676109759363794,0.004618876843253403,0.7134841360837247,0.6951876817570632,0.07891117607545653,0.02183032810243331,0.0022035653246098934,1.0,0.20402645992156965
761,0.92,0.020000000000000018,0.24060848505121005,0.045363772189648266,0.004576283452143598,0.6655232766938174,0.6285468907799752,0.08233447358074855,0.02189249838648672,0.002203638779918228,1.0,0.1995321147908784
762,0.93,0.030000000000000027,0.24129011472144316,0.04416884312530078,0.004489490643531879,0.623661377019985,0.568358727650139,0.08585152122895075,0.022079069785680243,0.0021835689504702944,1.0,0.19655332788295887
763,0.93,0.030000000000000027,0.24185696520660818,0.0432182963101924,0.004476532689822395,0.6233842376466002,0.5680480646535961,0.08946373490880297,0.02241599887994875,0.002169920001827136,1.0,0.1966466843366348
764,0.93,0.030000000000000027,0.2424012541935218,0.042281521007544946,0.0043645160304382645,0.6231183605339391,0.5677500859498917,0.09315229528038377,0.022883045261490837,0.002161961967328538,1.0,0.19576672838240228
765,0.93,0.030000000000000027,0.24279330630095564,0.041630337016930315,0.004383709036497242,0.6229269893557995,0.5675356450944118,0.09689422699325527,0.023462079659679502,0.002159335835452047,1.0,0.192512645667692
766,0.93,0.030000000000000027,0.24317356897675788,0.04099236257291552,0.004382768779378971,0.6227414851811287,0.5673278074074066,0.10071378342241166,0.024137980455300242,0.002162158266206586,1.0,0.19268767761939476
767,0.93,0.030000000000000027,0.24352976519043462,0.04036939547806823,0.0043850704641870165,0.6225678215776488,0.5671332616005025,0.1046069309477458,0.024898126330645892,0.00217012655275296,1.0,0.1900129140004453
768,0.93,0.030000000000000027,0.24386222418233583,0.03978679432297563,0.004150607025893794,0.6224058184350929,0.5669518008394526,0.10854928729286273,0.025731803403180657,0.0021827198865309754,1.0,0.19008608864583498
769,0.93,0.030000000000000027,0.2439621770986946,0.03963882788961183,0.004146925966432196,0.622357129102143,0.566897267843267,0.11254044145224436,0.026630490212439004,0.002199752102260529,1.0,0.19012053612801516
770,0.92,0.020000000000000018,0.2440041110420532,0.039573014067067876,0.004208978576464698,0.6636372887124782,0.6264930926371616,0.11658688711134112,0.027587688617195703,0.0022211052882721767,0.0,0.183919766459121
771,0.92,0.020000000000000018,0.2440843920069159,0.03945037009588473,0.004246045707596738,0.6635928286478517,0.6264446981884713,0.11811194342705507,0.02853193487280353,0.0022205023083439216,1.0,0.1876969073338498
772,0.92,0.020000000000000018,0.24416398008956416,0.039328392773667314,0.004246379940894141,0.6635487581852914,0.6263967287980595,0.11981241587220737,0.02946633158238651,0.0022250316315301105,1.0,0.18773511400506981
773,0.92,0.020000000000000018,0.24423380617632404,0.039220053255515565,0.004252497323528645,0.6635100980719327,0.6263546492149656,0.12166514549807378,0.03039389145743621,0.0022342801923444146,1.0,0.1867537968414421
774,0.93,0.030000000000000027,0.2443040940401614,0.039111284940610176,0.004115035550064596,0.6221906311877112,0.5667108017547128,0.12367064508814918,0.03131798727924063,0.002222054177748045,1.0,0.18717567083201236
775,0.94,0.039999999999999925,0.24420371794940596,0.03925242793290623,0.004030803761960632,0.5857893718976785,0.5128306584617013,0.1258661036670929,0.03223370855353891,0.002189808093407274,1.0,0.18413986493624512
776,0.95,0.04999999999999993,0.24398932458639874,0.03952058744267237,0.0035651075781507166,0.5534559221533121,0.4641241020255869,0.12820402868253977,0.03312704817078497,0.0021392478275583282,1.0,0.18411289062911573
777,0.94,0.039999999999999925,0.24331469616727042,0.03995689112020688,0.003413364820062989,0.586173260249547,0.5132696688710848,0.1306748776130083,0.03397385986974821,0.0020962246365979027,0.0,0.18422028152132375
778,0.94,0.039999999999999925,0.2425193443553193,0.040271579327604785,0.003102714495008598,0.5865171276605464,0.5136630613440403,0.13071700277403553,0.034705294378818835,0.002034502006465085,1.0,0.18727786618193654
779,0.94,0.039999999999999925,0.24138564062567425,0.0402155940249584,0.003087864442817439,0.5870079782537724,0.514224851088473,0.13101229884318896,0.035321765282333537,0.002033866206079365,1.0,0.1872546412535404
780,0.94,0.039999999999999925,0.24023594145409888,0.04010616186950322,0.0030860490666697916,0.5875065940232378,0.5147958235060752,0.13154941604632836,0.035894157717502366,0.0020392916323737024,1.0,0.18714847715583116
781,0.94,0.039999999999999925,0.2390838181409127,0.03997476659151501,0.003089357739798196,0.5880071115968076,0.5153692732142348,0.13231344449808316,0.03643297930905507,0.0020470090914823367,1.0,0.18662017665842456
782,0.94,0.039999999999999925,0.23793548941337775,0.03981052600511365,0.0030853977891936047,0.5885068300161505,0.5159421069132663,0.13330227953516566,0.03694373051836802,0.00205699732418014,1.0,0.18679889336585398
783,0.94,0.039999999999999925,0.23676296365294772,0.03966046169533158,0.003113420559414852,0.5890179554311221,0.5165283265252797,0.13447703857776522,0.03743062319786286,0.002068863577135691,1.0,0.18380843825905713
784,0.94,0.039999999999999925,0.2355873160352062,0.03948556012739085,0.0031157548219506734,0.5895313338840531,0.5171174459406537,0.13584760991674796,0.03789771968743353,0.0020827077320749103,1.0,0.18328005167301986
785,0.94,0.039999999999999925,0.23431422010436062,0.03940369186174383,0.003206106746494219,0.5900882759877663,0.5177569143016015,0.13740361650151706,0.03834858147014911,0.0020984249703049013,1.0,0.17383251495760288
786,0.94,0.039999999999999925,0.23303959596656135,0.0392664049721517,0.003206661343237204,0.5906469418395648,0.5183987366199286,0.13913165930271132,0.03878627694275808,0.0021158799480947427,1.0,0.17418239044783568
787,0.94,0.039999999999999925,0.23177185137121925,0.03908658528577169,0.0032080296668914416,0.5912036426717728,0.519038675145632,0.14102587542054623,0.039213585377059865,0.002135013444234489,1.0,0.17457537428087888
788,0.94,0.039999999999999925,0.23050078460516266,0.03887781807643941,0.0032137374388928764,0.5917628568952792,0.5196818787821599,0.1430836314813162,0.0396330972132525,0.0021557988589897413,1.0,0.17398563741815953
789,0.93,0.030000000000000027,0.22920865561148931,0.0386559750093508,0.0032347494742115076,0.6296272887314736,0.5750617362933907,0.14529473335874207,0.04004709169855192,0.0021781332213879827,0.0,0.1719040820910568
790,0.92,0.020000000000000018,0.22806894508946599,0.03819642668272704,0.00338300313662762,0.6725818189437894,0.6362493709771364,0.14511059207299662,0.040408038294210226,0.0021799932343753103,0.0,0.1871472930866187
791,0.91,0.010000000000000009,0.2269576642089991,0.03768458532096911,0.0034049267437791064,0.7218077417315988,0.7039287774671301,0.1426305183384245,0.04067525181668771,0.0022050444842194733,0.0,0.18942415882588903
792,0.91,0.010000000000000009,0.22593566358979258,0.037052490520268794,0.003495693524376134,0.7224779693887409,0.7046333042946166,0.1380105827068621,0.040818347097081625,0.0022517105006999013,1.0,0.19845861358320926
793,0.91,0.010000000000000009,0.22494206782378215,0.03635983600238314,0.003517663374875826,0.7231307634884304,0.705319603257973,0.13383583764977558,0.04085498637401258,0.002293879642690674,1.0,0.20134764238102443
794,0.91,0.010000000000000009,0.22397444868088656,0.035591075569332366,0.0035433663609102427,0.7237676257053709,0.7059892457157889,0.13011117835924468,0.04079985967905268,0.0023299870485903617,1.0,0.20465931829085982
795,0.91,0.010000000000000009,0.2230009723439397,0.034760091050496204,0.003540545931903983,0.7244094759585594,0.706664225989928,0.12682015060717297,0.04066729651933998,0.0023592431544940157,1.0,0.2048406791781564
796,0.91,0.010000000000000009,0.2220350546467375,0.03389016814107291,0.003514086043578164,0.7250474686861622,0.7073352422069624,0.1239544420301125,0.04047121859324599,0.0023818465666520724,1.0,0.20513595979370813
797,0.9,0.0,0.22113291229200724,0.033024030496332346,0.003533954614479304,0.782420235896049,0.782420235896049,0.12149998895358358,0.040223860266044305,0.002398069258904496,0.0,0.20859868448109664
798,0.89,-0.010000000000000009,0.22035185934234416,0.03212433684286269,0.0033488454893895463,0.726161915794355,0.7085075963127414,0.1168736449470207,0.039909539649147015,0.002434103138305126,0.0,0.21921188881963538
799,0.89,-0.010000000000000009,0.22000562275292496,0.03178968667972844,0.0034951771825306307,0.7263915847393332,0.7087492339411147,0.11018093850870368,0.03952232921735885,0.0024890001530329733,1.0,0.23375451712159823
800,0.89,-0.010000000000000009,0.21967884687372766,0.03145756092048597,0.0035123889476889373,0.7266084781203763,0.7089774412244575,0.10409374193038329,0.03908417214982077,0.002535868954540661,1.0,0.23564479746279654
801,0.89,-0.010000000000000009,0.21935650217274597,0.03111888099125159,0.003516349628726549,0.7268225573017667,0.7092026979782071,0.098578078602786,0.03861353881876263,0.0025751440709966306,1.0,0.23627423087487853
802,0.89,-0.010000000000000009,0.2190396059877822,0.030773754177773952,0.003522765958147929,0.7270331409562527,0.7094242868428287,0.09359113711691941,0.038125967037549,0.0026071924472018553,1.0,0.23705640846603593
803,0.88,-0.020000000000000018,0.21872388574734264,0.03042059747066553,0.0034082773025664844,0.6779403246282539,0.6421135225036905,0.0891211812144385,0.0376348592668091,0.0026324487088075013,0.0,0.23732096389689494
804,0.87,-0.030000000000000027,0.2188218976570648,0.030560177512494006,0.0036620928979272647,0.6348483475899761,0.5809521833535769,0.08259569164922557,0.037149624911146636,0.002676905600051833,0.0,0.26709524657964534
805,0.87,-0.030000000000000027,0.21915173517515155,0.03109676594463501,0.0037808203161364628,0.6346812190048903,0.5807632742124317,0.07406347847362729,0.03669174495090437,0.002740047778629828,1.0,0.28563126867406674
806,0.87,-0.030000000000000027,0.21955815979624144,0.03170293424047791,0.003788277708224087,0.6344754047315768,0.5805306699280716,0.0661936646660598,0.03628495613518694,0.0027952385464693375,1.0,0.286507971282679
807,0.87,-0.030000000000000027,0.22019916654877764,0.03285814891298889,0.004019782532893879,0.6341510687239621,0.580164188410206,0.058956270885441586,0.035947847002933735,0.0028424860628782434,1.0,0.3101046052192395
808,0.87,-0.030000000000000027,0.22106971215099272,0.03461840045554005,0.004195580731988808,0.6337111214557247,0.5796672133820897,0.052423275201073614,0.03569408741018579,0.0028810488390971153,1.0,0.3323808338928769
809,0.87,-0.030000000000000027,0.22198991289621062,0.03630342706765701,0.004021552137001089,0.6332467431568632,0.5791428161658817,0.04647440840770784,0.03553339525851399,0.0029122552046590366,1.0,0.33247414122992314
810,0.87,-0.030000000000000027,0.22314603772433397,0.038116994624058376,0.004079708114932176,0.6326642698298917,0.5784853156057951,0.041075449769489264,0.03547122301598577,0.002936958253182769,1.0,0.33874441127963606
811,0.87,-0.030000000000000027,0.22429860745824562,0.039819193589653065,0.004039156253485605,0.6320846532408136,0.5778313212268952,0.03619120694351542,0.035508637786075686,0.002955114370907351,1.0,0.3389017300929975
812,0.87,-0.030000000000000027,0.2255742983640297,0.04164573269107548,0.004117459838523809,0.6314443571742528,0.5771091870280202,0.03179986270526412,0.035643772012323105,0.0029672272548492253,1.0,0.34704189418367926
813,0.87,-0.030000000000000027,0.22684485192782225,0.04335510415195882,0.003974261664884769,0.6308079277507,0.5763917527692927,0.027891439476491864,0.03587124030073295,0.002973435456344438,1.0,0.34691626915641127
814,0.87,-0.030000000000000027,0.22824351491499797,0.04487527403163553,0.0039810955223912965,0.6301088092126681,0.5756040396837421,0.024385203117015263,0.03618412127456903,0.0029747422395862673,1.0,0.3454249672772026
815,0.87,-0.030000000000000027,0.229788101001748,0.04666245591550834,0.00411524617942345,0.6293385497423989,0.5747366420673147,0.02133061226759545,0.03657237354547939,0.0029705221890006734,1.0,0.35920252724857493
816,0.87,-0.030000000000000027,0.2315557031948139,0.04898899431094351,0.004272770955889494,0.6284593832582244,0.5737472067945587,0.018688152074305513,0.03702506864480922,0.0029616153702246004,1.0,0.38200078280534655
817,0.87,-0.030000000000000027,0.233387944284963,0.05108275112604637,0.004278764722344234,0.6275506557749241,0.5727251786266054,0.016431771868542323,0.03753030145453302,0.0029479222732929186,1.0,0.3812613698270372
818,0.87,-0.030000000000000027,0.2352185277714652,0.05302113372448314,0.004278985726995185,0.6266453710222142,0.5717077047954532,0.014548635006805805,0.03807599047927199,0.0029298698836301837,1.0,0.3809495793630564
819,0.87,-0.030000000000000027,0.2370456746054108,0.05483067778005375,0.004204893043251291,0.6257443865842416,0.5706957397496824,0.013016095318248815,0.03864997534252306,0.0029075763667716207,1.0,0.3808958251109258
820,0.87,-0.030000000000000027,0.2389554704384724,0.056487331118865065,0.004212985520463158,0.6248054122349471,0.5696418217421646,0.011812922703150944,0.03924049174138581,0.002881350749040185,1.0,0.38177179507975467
821,0.87,-0.030000000000000027,0.24086762491575062,0.0580421454627095,0.004215490629501352,0.6238680972135804,0.5685904947301644,0.010922967938110985,0.03983617183515539,0.002851225606278788,1.0,0.38208247422627295
822,0.88,-0.020000000000000018,0.24287482896160126,0.05972668900528958,0.004249889279943141,0.6642633235955708,0.6271746323170334,0.01032259550130943,0.040426326400925215,0.0028433054646362964,1.0,0.39165010443524595
823,0.89,-0.010000000000000009,0.24481880609681414,0.061346564428820013,0.004205845410452382,0.7102919789916673,0.6918395700586419,0.01001129702097537,0.04100196975867996,0.00283644371520485,1.0,0.39148957718671107
824,0.9,0.0,0.24672723065126967,0.06292103188233067,0.004136450567962467,0.7632005036991473,0.7632005036991473,0.01,0.041558615845469264,0.0028037644566108696,1.0,0.3924551894390951
825,0.91,0.010000000000000009,0.24856112103303318,0.06446144619269094,0.003980879794224297,0.7079255695790889,0.6893590331589315,0.01021691362656556,0.042093226219331294,0.0027515670223645285,1.0,0.3928374738287752
826,0.91,0.010000000000000009,0.25013837366088454,0.06578732237020953,0.0040475076837392905,0.7069329288017867,0.688318895280643,0.010681653606231077,0.04259909664560813,0.002707324169445718,1.0,0.3829574894273241
827,0.91,0.010000000000000009,0.2516795820097256,0.06705579592674693,0.0038970299326290905,0.7059656577706417,0.6873055548082043,0.011384961354710921,0.04307080313268442,0.0026705494418277484,1.0,0.382636884865762
828,0.91,0.010000000000000009,0.2530777594505714,0.06832127107486899,0.0039013868251417854,0.7050904407916707,0.686388834516117,0.012313494417715194,0.04350469524119759,0.0026409022119923556,1.0,0.38355169598770056
829,0.91,0.010000000000000009,0.25441362577896537,0.06941332397608081,0.003925063967816764,0.704256253472079,0.685515250208323,0.013449504069790341,0.043898650285063734,0.0026178083466292987,1.0,0.37683710597933784
830,0.91,0.010000000000000009,0.25567258068040055,0.07041319598511332,0.003922473658078481,0.7034718984524957,0.6846939946867414,0.014765504678492778,0.04425183468614702,0.0026007642667859247,1.0,0.37351651616700476
831,0.91,0.010000000000000009,0.25689650707382844,0.07138183787343459,0.0039229512350922174,0.7027110399957044,0.6838974735434955,0.016285471926779507,0.04456382903747052,0.0025898731587883396,1.0,0.37359069584269045
832,0.91,0.010000000000000009,0.25812563475228123,0.07232557906888806,0.0039208233617430205,0.7019486027024746,0.6830994303256515,0.017973808998649,0.044835318115541006,0.002584584714452368,1.0,0.37413772389651156
833,0.9,0.0,0.2583124027846085,0.07233358906061083,0.004800667183293937,0.7548077872000664,0.7548077872000664,0.08148616094006944,0.044749528437728774,0.0032074340635612395,0.0,0.27065944679934595
834,0.9,0.0,0.25838185237387234,0.07234653210898778,0.004844377745751328,0.754758031958531,0.754758031958531,0.08083273318325453,0.044647135627024964,0.003198653935271439,1.0,0.2753013412566325
835,0.9,0.0,0.25847041057238773,0.07236372062129692,0.00485848914057502,0.7546945963954722,0.7546945963954722,0.08048389724135561,0.0445298660250449,0.0031902567372899533,1.0,0.27689765340778316
836,0.9,0.0,0.2585742441449796,0.07238454052599813,0.004868898441711868,0.7546202324327722,0.7546202324327722,0.0804059667963715,0.04439978905558138,0.003182364070335774,1.0,0.27822590675182357
837,0.9,0.0,0.2586783933323482,0.07240571908055671,0.0048650736631923154,0.7545456571521231,0.7545456571521231,0.08058588321108019,0.04425907288266813,0.003178491559287771,1.0,0.27855520076099394
838,0.9,0.0,0.25877817205598974,0.07242653688817643,0.004865787723358245,0.7544742251344252,0.7544742251344252,0.08101091662183962,0.04410991742625428,0.003179965486288389,1.0,0.2788261014708898
839,0.9,0.0,0.2588828505303227,0.07244828754120813,0.0048673646044466844,0.7543992998999908,0.7543992998999908,0.08166905891565257,0.04395462884861663,0.003186556120444617,1.0,0.2791158677865623
840,0.9,0.0,0.25898125616957396,0.07246834654767391,0.004867502229909681,0.754328878113274,0.754328878113274,0.0825478448944885,0.04379560670796488,0.0031928862370288525,1.0,0.2786222393663135
841,0.9,0.0,0.25908185599366823,0.07248952738799373,0.004869627604023131,0.7542568996966207,0.7542568996966207,0.08363984455878495,0.0436352861043494,0.0031988520981984766,1.0,0.2793216613500262
842,0.9,0.0,0.2591844213776777,0.0725104193270864,0.004851937873263547,0.7541835290769049,0.7541835290769049,0.08493211219112097,0.04347617099616015,0.0032045412555730198,1.0,0.27902920739505715
843,0.9,0.0,0.2593061603328348,0.07253319963673965,0.004844927543408431,0.7540964610790307,0.7540964610790307,0.08640888974888461,0.043320692210173574,0.003209836124900301,1.0,0.27890282720966597
844,0.9,0.0,0.25940725228131317,0.07255166038933418,0.00485672288729571,0.7540241751474904,0.7540241751474904,0.08806673472544689,0.04317136022918866,0.0032148690325106413,1.0,0.27765852938283053
845,0.9,0.0,0.2595069144752792,0.07256972456597212,0.004724162575000515,0.7539529251282332,0.7539529251282332,0.08991992053250354,0.04303068813003848,0.0032198623397707536,1.0,0.27759211271358375
846,0.9,0.0,0.2597311863785402,0.07258835918825274,0.0047189722712195695,0.7537926389650862,0.7537926389650862,0.09193643727620163,0.04290114888319708,0.0032245802165770895,1.0,0.2768631960566198
847,0.89,-0.010000000000000009,0.25994053730869643,0.07260655676723593,0.004720092501812552,0.7008258250368276,0.6819244570411066,0.0940865638632987,0.0427851251910236,0.003228816327076519,0.0,0.27661385547742645
848,0.88,-0.020000000000000018,0.2602896052691312,0.07266977660287804,0.004828040596283625,0.6547386263669661,0.616826702171979,0.09382943643120893,0.04267639399236585,0.0032124093006025674,0.0,0.29072399625576184
849,0.88,-0.020000000000000018,0.26076812601779176,0.07277368454596493,0.004923147312470876,0.6544807623974466,0.6165471813310173,0.0912796495684433,0.042570033419612706,0.0032174331142633752,1.0,0.30024599565263943
850,0.87,-0.030000000000000027,0.2612587360871362,0.07288158742110806,0.004931068897511731,0.6140447669273587,0.5576158868338023,0.08913120972591601,0.04247000911191631,0.0032169558027975663,0.0,0.30156136221537433
851,0.87,-0.030000000000000027,0.26193413744351274,0.07311479278544875,0.005121199100976566,0.6137246854102774,0.5572596260388515,0.0847911408838354,0.04237645940870381,0.0032372463922855305,1.0,0.32057162056226285
852,0.87,-0.030000000000000027,0.26260925621357334,0.07334253861177195,0.0051190280076898,0.6134050711275875,0.5569039689565995,0.08093235455596125,0.04229489329487872,0.0032513149260223425,1.0,0.3207307301345502
853,0.87,-0.030000000000000027,0.2633794439410887,0.07363974995855227,0.004955351845325175,0.6130408556338905,0.556498782880844,0.0775257929086085,0.04222897251888917,0.003259513841384287,1.0,0.3298635780723409
854,0.87,-0.030000000000000027,0.2644508535959891,0.07388904339963642,0.005003582952989301,0.6125349134815025,0.5559361073326757,0.07453021309983103,0.042180768775115694,0.0032622636355821542,1.0,0.3346489827989627
855,0.87,-0.030000000000000027,0.2655227271581001,0.07412259830124973,0.004960764292499771,0.612029587222804,0.5553743255832154,0.07194130605374723,0.04215097024215597,0.00325973045876447,1.0,0.33470589858789324
856,0.87,-0.030000000000000027,0.26663813991669694,0.0743166586039975,0.004955755901862707,0.6115046192493652,0.554790928646451,0.0697371083800093,0.042139034076035836,0.003252115454877257,1.0,0.334763855059085
857,0.87,-0.030000000000000027,0.26776240588802536,0.07449317207874172,0.004816003861086149,0.6109763950647301,0.5542041401794136,0.06788795325567287,0.04214346758789832,0.0032393828295393086,1.0,0.33509538918797865
858,0.87,-0.030000000000000027,0.2690247757491364,0.07454783219203363,0.004777677588094446,0.610384370815708,0.5535467486954972,0.06639354426844958,0.04216195607302366,0.0032216916696409612,1.0,0.33473879200047274
859,0.87,-0.030000000000000027,0.2703439312492049,0.07455887914309559,0.004789831304538331,0.6097669399824674,0.5528614498636326,0.0652285484628372,0.04219139515907653,0.00319983089084024,1.0,0.3362664576825283
860,0.87,-0.030000000000000027,0.2716648673806453,0.07454238073137318,0.00474591251146988,0.6091499261056136,0.5521769241486782,0.06437401038324975,0.04222800800390084,0.003173883825934132,1.0,0.33612007306561364
861,0.87,-0.030000000000000027,0.27302135409539685,0.07445158056381661,0.004725311500274591,0.6085176046338223,0.5514757375703172,0.06382011693766859,0.04226758408735788,0.003143952975402607,1.0,0.33518078626602776
862,0.87,-0.030000000000000027,0.27440877463495167,0.07430625725793251,0.004725526036827453,0.6078722200238698,0.5507604006784164,0.06355138678087441,0.042305567581361815,0.0031101804145636366,1.0,0.3352953818384371
863,0.87,-0.030000000000000027,0.27662459618103435,0.07525212744277397,0.005554349280789347,0.6068443234627547,0.549621791139879,0.019861372133894183,0.04274392186440789,0.00351423550825454,1.0,0.41822883894489704
864,0.87,-0.030000000000000027,0.2785997015133669,0.07569465066482768,0.0057735158930573086,0.605931018573808,0.548610835796072,0.021899762933125348,0.04312915877429797,0.0034970280242783746,1.0,0.39327726161565857
865,0.87,-0.030000000000000027,0.28045529211626413,0.07583583524709245,0.005925339364840521,0.6050754793111185,0.5476644363612884,0.024107367678760216,0.043457327155949854,0.003480745684040784,1.0,0.3780717059574178
866,0.87,-0.030000000000000027,0.28230881901894855,0.07593309735704123,0.0058986380966650695,0.6042233000561202,0.5467223436504842,0.02649157627914942,0.04372435093465569,0.003465503876718108,1.0,0.378040367887838
867,0.87,-0.030000000000000027,0.28419602166890917,0.07596094372459343,0.005904897050839576,0.6033581006831938,0.5457664587773777,0.028928872625597162,0.043927552813555606,0.0034503012504689236,1.0,0.3787331789965038
868,0.87,-0.030000000000000027,0.28599963943345086,0.07584615312925783,0.005988239135832681,0.6025335337468886,0.5448560289175307,0.03149484095335318,0.04406328447680587,0.0034359054339878565,1.0,0.37044786510000616
869,0.87,-0.030000000000000027,0.2878099657568618,0.07569639934419153,0.005932729375228754,0.6017081630729012,0.5439452620737045,0.0341899481928329,0.04412777741640709,0.0034222555509614222,1.0,0.3711531684691115
870,0.88,-0.020000000000000018,0.28968514607424156,0.07542170099472638,0.00589745148485762,0.6392662773170092,0.6001134143121827,0.037002407412287705,0.04411714494781735,0.003435259620696179,1.0,0.371437798197098
871,0.88,-0.020000000000000018,0.29152834210679207,0.0751585267068101,0.005902911138600896,0.6383204385416584,0.599095561684892,0.039938525159311435,0.04405315145388292,0.0034477408863716483,1.0,0.3720165105889024
872,0.88,-0.020000000000000018,0.29330546307159816,0.07478339138365635,0.005959355410718017,0.6374111526754133,0.5981174611151907,0.043015399538687465,0.0439349312708764,0.003460105984891947,1.0,0.36544721048567974
873,0.88,-0.020000000000000018,0.2951000108785793,0.07435691824058227,0.005962784633579652,0.6364955751551001,0.5971330046216938,0.0461673913223051,0.04376212925374121,0.0034716867141196457,1.0,0.3662085775395518
874,0.88,-0.020000000000000018,0.2968909151700478,0.07389122710233509,0.005932700962302313,0.6355844750677067,0.5961537724171325,0.049417852828113354,0.0435339520879802,0.0034823433093405004,1.0,0.3662660999788626
875,0.88,-0.020000000000000018,0.29846744525472046,0.07314685133910223,0.006179632803395477,0.6347845911571787,0.5952944101081464,0.052757682851502556,0.04324891794206069,0.003492463561945979,1.0,0.34179287340351006
876,0.88,-0.020000000000000018,0.30004390209835186,0.07235985228113866,0.006178894495507058,0.6339867550463179,0.594437561544828,0.05617292047995505,0.042905801536243196,0.0035020028417235938,1.0,0.3417585749922555
877,0.89,-0.010000000000000009,0.3014846448390361,0.0714681912874152,0.006284009997950409,0.6760722636379328,0.6560920448259024,0.05967185741655691,0.04250310947004193,0.0035369201323859636,1.0,0.32829455558975096
878,0.89,-0.010000000000000009,0.30277003930415763,0.0705526221889004,0.006409808159235923,0.6753342347651493,0.6553239554970772,0.06324735512914746,0.0420768024368005,0.0035700534823196717,1.0,0.31581731269408897
879,0.89,-0.010000000000000009,0.304060318085987,0.06960169162973137,0.006413434852616528,0.6745950202359579,0.6545547540881862,0.06693953616284258,0.04162712978355312,0.0036019228139414477,1.0,0.3162825194364781
880,0.89,-0.010000000000000009,0.3052112357231956,0.06860335420098845,0.006549939681529509,0.673937011399335,0.6538701551327863,0.0707441696904804,0.04115457109753953,0.0036326359965261246,1.0,0.30224024087668633
881,0.89,-0.010000000000000009,0.3063634494083559,0.06756158499097628,0.006552161691577995,0.6732795461548067,0.6531862182145441,0.074573377222678,0.04065974523156213,0.003661326627789912,1.0,0.3018415451744568
882,0.89,-0.010000000000000009,0.3073072469540596,0.06653617756019002,0.006730671208057107,0.6727419603123056,0.6526270590813615,0.07846595129973305,0.040143154525599245,0.0036887793049056256,1.0,0.28117864793622793
883,0.89,-0.010000000000000009,0.30822992875776345,0.06544803699558073,0.006776869619377807,0.6722172312059737,0.6520813347825575,0.08243724994536857,0.03960587591377174,0.0037150492777000975,1.0,0.27607661862944133
884,0.89,-0.010000000000000009,0.3091527874733508,0.06432059182797589,0.006686598494956376,0.6716932196494174,0.6515364180132569,0.08646625126135798,0.03904868228321758,0.003740029022459899,1.0,0.275565923231746
885,0.89,-0.010000000000000009,0.310143588625604,0.06297757199705907,0.006709865338982518,0.6711315381013105,0.6509523964008134,0.09055801929871793,0.038472428254509285,0.00376390503494642,1.0,0.2729126301829252
886,0.88,-0.020000000000000018,0.31113257421894713,0.06159609078522741,0.006707596003287412,0.6284310091338581,0.5884795532687891,0.09470811892331892,0.03787807838953963,0.0037866917370349674,0.0,0.2730809497821529
887,0.87,-0.030000000000000027,0.3120491456901562,0.06022391348659375,0.006770815109526314,0.5908708545774373,0.5320375374704805,0.09635062844661081,0.037244257240865414,0.0037824973275654913,0.0,0.2662325214017822
888,0.87,-0.030000000000000027,0.31313495651540685,0.058684048783361975,0.006914781202600516,0.5903945178226822,0.5315163110461316,0.09556049843068277,0.03654373779725344,0.0037681440764392514,1.0,0.282566719943231
889,0.88,-0.020000000000000018,0.31424831810168885,0.057026777473436666,0.006767612614524375,0.6268874120525141,0.5868268797599789,0.09507026733995025,0.03576956014428379,0.0037712358926512415,1.0,0.2832402407192549
890,0.89,-0.010000000000000009,0.3152139863558802,0.05566774202065806,0.006749400615001439,0.668271789571991,0.647979995759924,0.09486727560233522,0.034973515790551565,0.003748235064399149,1.0,0.28371411850575456
891,0.9,0.0,0.3161563678561572,0.05431145086644542,0.006658666826060552,0.7155213996830468,0.7155213996830468,0.09493463335105712,0.03421068656935194,0.0037022494292189424,1.0,0.2836623088535821
892,0.9,0.0,0.3169068081062,0.053186805950778106,0.006732107648972437,0.71503857078248,0.71503857078248,0.09526016272565888,0.033533814883483753,0.0036633684627291976,1.0,0.27350263858749035
893,0.9,0.0,0.3176243669555263,0.05209577240807928,0.0067026878041643095,0.7145775066088574,0.7145775066088574,0.09583295878060834,0.03293655420497389,0.0036315314603495874,1.0,0.2731035273136596
894,0.9,0.0,0.3183125600818707,0.05104285778552811,0.006704644801379881,0.7141358694969733,0.7141358694969733,0.09664275769543335,0.032412802915607476,0.00360646854280164,1.0,0.2734786309252978
895,0.9,0.0,0.3189954097770978,0.04996565759850115,0.0067052276459140005,0.7136982006741781,0.7136982006741781,0.09767638022135966,0.03195717519529377,0.003587962623093215,1.0,0.2731256487008682
896,0.9,0.0,0.31967697602882966,0.04886051724190274,0.00667193685377905,0.7132618890927459,0.7132618890927459,0.09892592443673212,0.03156489488696845,0.003575791826515877,1.0,0.27329258496689657
897,0.91,0.010000000000000009,0.3203232080576079,0.04780302724109556,0.0065654468868037615,0.6654146904819045,0.6450121676481064,0.10036267959884815,0.031231646784228274,0.00354357375738005,1.0,0.2732218873589114
898,0.92,0.020000000000000018,0.3207791383676547,0.047047947409726835,0.0065035715255172275,0.6236764022232553,0.5833927028712163,0.10200120770681603,0.031001326198471287,0.0034925214510128874,1.0,0.2648049198243154
899,0.92,0.020000000000000018,0.32108912615234275,0.046573268798749456,0.006484999241605118,0.6235248079931492,0.5832306973239618,0.10378910416811858,0.030906664576821473,0.003449094177103616,1.0,0.26475329559041594
900,0.92,0.020000000000000018,0.32139296294409925,0.046111673879847444,0.006491521944998435,0.6233762932997339,0.5830719936956249,0.10577683506160343,0.03093051636662496,0.003413458495950964,1.0,0.2660284766384363
901,0.92,0.020000000000000018,0.32169221628668254,0.04565312740181936,0.006485349327863259,0.6232300881243604,0.5829157685516151,0.10789738225901233,0.031056993997971776,0.003384505018289776,1.0,0.2661995651332113
902,0.92,0.020000000000000018,0.3218658545358546,0.045362990295043856,0.006601660199773436,0.6231452857200199,0.5828251591148317,0.11017372477645715,0.03127290903944672,0.0033623473073298156,1.0,0.2544202333832447
903,0.93,0.030000000000000027,0.32201296305422644,0.04511173674349283,0.006325035300444241,0.586528428486376,0.5272925718214058,0.11259171242008474,0.031566869511622686,0.0033208573889299637,1.0,0.2520318157340846
904,0.94,0.039999999999999925,0.3218671034464936,0.04531220114572853,0.006142625684058939,0.5540891367508213,0.4771763479372402,0.11513652288168537,0.031946843386913705,0.0032603785736370575,1.0,0.2525092858063611
905,0.94,0.039999999999999925,0.32152754850593374,0.045707965873835917,0.006142189407085942,0.5542202652628833,0.47732143969406193,0.117806182869714,0.032405925023318204,0.00320785176737909,1.0,0.25167577461807555
906,0.94,0.039999999999999925,0.3211748364851967,0.04611114797103811,0.005908273967414724,0.5543565404793653,0.477472246926782,0.12060400285670919,0.032918052335890464,0.003163007587645523,1.0,0.25123676920896576
907,0.94,0.039999999999999925,0.3204905519871825,0.04677333240901735,0.005779833413045969,0.5546211145738494,0.4777650948083057,0.12351678562420844,0.033462413614131596,0.003126439780404425,1.0,0.24167615541783494
908,0.94,0.039999999999999925,0.31955649876962816,0.04745424531493772,0.005806170139746449,0.5549826680007954,0.4781654145735748,0.12653914311739195,0.03402332323204637,0.003096879080402584,1.0,0.23897551213744128
909,0.94,0.039999999999999925,0.3185885463126453,0.04816278994030022,0.005776133236272594,0.5553578408458089,0.47858097142655176,0.12965392052321356,0.03458906279823807,0.003073806542701605,1.0,0.23567889553164
910,0.94,0.039999999999999925,0.3175540428742345,0.04882521121974583,0.005778431309805198,0.5557593696278328,0.4790258988702901,0.13286846283182735,0.03515150545481181,0.00305694088091009,1.0,0.23529406743855075
911,0.94,0.039999999999999925,0.31651638871497234,0.04945901441654102,0.005697800897492953,0.5561627050168083,0.4794730132407974,0.13623569304485847,0.03570633721073942,0.003046596294796754,1.0,0.23513631416678127
912,0.94,0.039999999999999925,0.3153997888810121,0.05001457069805353,0.005699012731771804,0.5565973809768111,0.47995507774300333,0.13964518387594313,0.03624943160577549,0.0030415565736079913,1.0,0.23538191078765547
913,0.94,0.039999999999999925,0.3142190819919028,0.05064628948292613,0.005749972617256394,0.5570577525723159,0.4804658744272361,0.14312028666998225,0.03677914883565565,0.0030412420931490262,1.0,0.2288455802454723
914,0.94,0.039999999999999925,0.3130491725307722,0.05125944443796616,0.005614962507255948,0.557514665887231,0.4809730734386297,0.1466824947593027,0.037295131962368444,0.003046369540016709,1.0,0.2284340211641443
915,0.94,0.039999999999999925,0.3117368827666,0.051738629980142836,0.005389328313074283,0.558028079207592,0.4815432753412071,0.15033417193722043,0.03779910345722254,0.003056563650972545,1.0,0.2279735508313575
916,0.94,0.039999999999999925,0.3101799749494683,0.051942942108728296,0.005398663027830563,0.558638423372562,0.4822215219728691,0.15405011608732425,0.03829304774937975,0.0030713067211174,1.0,0.22631000109217647
917,0.94,0.039999999999999925,0.3086276102949246,0.052114820453979055,0.0053983933940479935,0.5592483172547559,0.48289969435617186,0.15783543984066414,0.038779746960452575,0.0030905207301234945,1.0,0.22602490437266992
918,0.94,0.039999999999999925,0.3070148324508326,0.05234673014914223,0.00546202324421658,0.5598833583570377,0.48360628234014214,0.1617508814988195,0.039263997909811096,0.0031145904469881244,1.0,0.2196717949538492
919,0.94,0.039999999999999925,0.30536065464911855,0.05259895129203562,0.00549553617396911,0.5605362009108921,0.48433315973170227,0.165776770102102,0.03975057188368065,0.0031431027296970606,1.0,0.21547804493952
920,0.94,0.039999999999999925,0.3037011488452978,0.05277956239642468,0.005495864361965518,0.5611926778567053,0.4850645772782568,0.16985628941721634,0.04024323243406212,0.003175320553435186,1.0,0.2158212146976829
921,0.94,0.039999999999999925,0.3020107503020288,0.052948825544525534,0.0054272882467062515,0.5618629583013074,0.4858118852939249,0.17405978099627234,0.0407475596888682,0.003211715696286241,1.0,0.21304261989937745
922,0.94,0.039999999999999925,0.30022495309972586,0.05290690695946477,0.005425947206878378,0.5625728078624068,0.4866038734191903,0.17829363774100165,0.041266953088916175,0.003251337496936698,1.0,0.213070384204953
923,0.94,0.039999999999999925,0.298337981235721,0.05298319419489813,0.005520011663104162,0.5633248256167293,0.48744354246275806,0.18256684844597365,0.04180529127727402,0.003294387130108381,1.0,0.20279239078621647
924,0.94,0.039999999999999925,0.2964409167964886,0.05297558442020993,0.0055165910659392935,0.5640828949820369,0.48829062870536394,0.1868961573981752,0.04236726353374465,0.003335926476831977,1.0,0.2027487455158583
925,0.94,0.039999999999999925,0.2944504081194384,0.05305569274629752,0.005507319904228698,0.5648805013845368,0.48918261115609957,0.19127478314343083,0.042956257545945946,0.0033754606764844017,1.0,0.1937866061237561
926,0.94,0.039999999999999925,0.29251627104125505,0.05331870792689877,0.005546938287594368,0.56565768308608,0.4900524597574988,0.1957425585456439,0.043577045930582155,0.0034134856022796875,1.0,0.18954378160899277
927,0.94,0.039999999999999925,0.2905444807303211,0.053594724131054164,0.005578969769561002,0.5664521992327937,0.4909424325016089,0.20025566633041478,0.044233172009630325,0.003449693427752078,1.0,0.1854578537723573
928,0.94,0.039999999999999925,0.2885450217118851,0.053816837739743724,0.005529853301074971,0.567260146635402,0.491848200554355,0.2047983766611647,0.04492751244354466,0.0034841045457184895,1.0,0.1836057941441116
929,0.93,0.030000000000000027,0.28659179759304787,0.05412057768262517,0.00551743421255145,0.6022633057227255,0.5445577814028049,0.20936174235304159,0.04566232761813402,0.0035169062132253013,0.0,0.18151469409560722
930,0.93,0.030000000000000027,0.2846934739951274,0.05436703096029547,0.005538598683295607,0.6031304531685604,0.5455150511602581,0.21131211744911163,0.046373880628619,0.003521253767243315,1.0,0.18368415637496455
931,0.93,0.030000000000000027,0.28277693578070745,0.054577128577732566,0.005550722460269847,0.6040084577910643,0.5464849262262853,0.21341974456156532,0.047070284512306215,0.0035254890201785087,1.0,0.18193687440069384
932,0.93,0.030000000000000027,0.2808103579840056,0.05479235497596816,0.004550506834787065,0.6049120478153635,0.5474837155954304,0.21571374034083762,0.047759322823909656,0.002907121786217416,1.0,0.17747994422632357
933,0.94,0.039999999999999925,0.27986901118184737,0.05575877030359671,0.004513267271004344,0.570792839666652,0.49581751823901005,0.2181141390670836,0.049107913388739585,0.002924767957625811,1.0,0.17652476658352645
934,0.94,0.039999999999999925,0.27887843636236687,0.05670301854591505,0.0044999803530628695,0.5711989820069696,0.49627478980805595,0.22067491825031907,0.050439029171079376,0.002947110818649413,1.0,0.17624385930858172
935,0.94,0.039999999999999925,0.27784347912299157,0.05766606346701269,0.004515270014621313,0.5716239392950234,0.4967534511438005,0.22334050310340867,0.05175646430019425,0.00297324874196361,1.0,0.1734019294702554
936,0.93,0.030000000000000027,0.27679446512300965,0.05859620413262222,0.004512725860151137,0.6067656664740456,0.5495346975022241,0.22612409897025096,0.0530641308034059,0.0029995485344094033,0.0,0.17332450675363242
937,0.93,0.030000000000000027,0.2757523700643508,0.059475673009667454,0.004520304521076144,0.6072485249346046,0.5500694260228519,0.22641918416385257,0.05430857770852142,0.0029982359261552837,1.0,0.174345694895104
938,0.93,0.030000000000000027,0.274708570633557,0.060322476488358624,0.00451839237138663,0.6077329441315563,0.5506060733198106,0.22696099622730656,0.0555004574471238,0.0029970608733233756,1.0,0.17444615839151456
939,0.93,0.030000000000000027,0.27360161142353295,0.06124013621728793,0.0045742770500443635,0.6082475204391786,0.5511763381220671,0.22773421862262244,0.05664899414520286,0.0029959945744999403,1.0,0.1684199467841502
940,0.93,0.030000000000000027,0.27250227864458326,0.06212053062799456,0.0045699295015946976,0.6087594146964308,0.5517438443418192,0.22871429493563805,0.05776202220170833,0.002994864035598114,1.0,0.1686889614713461
941,0.93,0.030000000000000027,0.2713887797425749,0.06298032768941776,0.004574219767929895,0.6092787843633142,0.5523198560785235,0.22989663425504228,0.05884659779615697,0.0029937536485988027,1.0,0.16797177114919254
942,0.93,0.030000000000000027,0.2702805528508814,0.06380576414865044,0.0045753143829917,0.6097965756802334,0.5528943360183266,0.23127296648777607,0.059909005839027245,0.0029927390493560773,1.0,0.1682065182257023
943,0.93,0.030000000000000027,0.2691527882630471,0.06463467483331264,0.004583757332210092,0.6103243997722111,0.553480172007838,0.23283319264764135,0.060954802533499844,0.002991753000702573,1.0,0.16612636842624598
944,0.93,0.030000000000000027,0.26801301706642333,0.06547412277399532,0.004607783009347029,0.6108587724776848,0.5540735077582128,0.23457314117163222,0.061989064847346044,0.002990609189762514,1.0,0.16368140972044237
945,0.93,0.030000000000000027,0.2668736410123108,0.06628387413314912,0.004600691956429231,0.6113938960020733,0.5546679106326217,0.23648785284299387,0.06301651187207277,0.0029895808556985094,1.0,0.1636545073023405
946,0.93,0.030000000000000027,0.2657427635064001,0.06706390648714064,0.004599394962328302,0.6119259559664397,0.5552591423322467,0.23856129336277065,0.06404112129932969,0.0029888062489579013,1.0,0.1637754454655418
947,0.94,0.039999999999999925,0.26461235240288744,0.06781957714557618,0.004458915765975221,0.5771129375093981,0.5029551375965866,0.24078940573847774,0.06506641766612431,0.003008715187782318,1.0,0.16357274512616138
948,0.95,0.04999999999999993,0.26332766337953195,0.06852588213596318,0.004376043562026403,0.546105641729055,0.4556449555862262,0.24314930045682456,0.06608398627941628,0.0030067970853134415,1.0,0.16225509392021675
949,0.95,0.04999999999999993,0.2619370314663598,0.06917057723560728,0.004373588239016861,0.5466276838185883,0.45624434426380406,0.24564771055473053,0.06708421810819229,0.003010332138398074,1.0,0.16118280433542648
950,0.95,0.04999999999999993,0.2605188810409713,0.06979459967910222,0.004196075373481615,0.5471610852371043,0.4568572201992576,0.24825668834594036,0.06806864745126119,0.00299284637020746,0.0,0.1597463196765273
951,0.94,0.039999999999999925,0.2589282067804314,0.07021916879324744,0.004212224517516452,0.5795035387473007,0.5056672149730582,0.24846136249653597,0.06897925457607317,0.0029559361461945453,0.0,0.16150419450826353
952,0.93,0.030000000000000027,0.25731777612438256,0.07062881502934566,0.004138322315908421,0.6159191173280156,0.5597037824847406,0.2463765016808437,0.0697782812644903,0.00294258563274343,0.0,0.15968766452966796
953,0.93,0.030000000000000027,0.25564391564034067,0.07087274153865891,0.004118165350371671,0.6167186847475296,0.5605953215014278,0.24210628817213634,0.07043603271921732,0.00295546072062151,1.0,0.16247752966815152
954,0.93,0.030000000000000027,0.2556573247546284,0.07088781326705941,0.005870240590479302,0.6167122712514931,0.5605881681942487,0.06355214297949592,0.07053497141752488,0.004732887368566525,1.0,0.3359898942277376
955,0.93,0.030000000000000027,0.25566728332208577,0.07089898665727777,0.005872565665458259,0.6167075082168831,0.5605828557547771,0.06380577037227307,0.07060943787508292,0.00471318463845581,1.0,0.3357017553336291
956,0.93,0.030000000000000027,0.25567674787251604,0.0709096072772001,0.005869303247676313,0.616702981531453,0.5605778069440733,0.06429915838494348,0.0706597750295103,0.004699490021166255,1.0,0.33571031010211005
957,0.93,0.030000000000000027,0.25566481441643946,0.07089633999580773,0.00588396657428526,0.6167086890508522,0.560584172793436,0.06502081324690359,0.0706865125065326,0.004691684423941374,1.0,0.3339020435803185
958,0.93,0.030000000000000027,0.2556526623718202,0.07088288808549055,0.0058723583961005545,0.61671450122509,0.5605906553964679,0.06595816072030138,0.07069058792343745,0.004689384945838197,1.0,0.3335235875385487
959,0.93,0.030000000000000027,0.2556147568914031,0.07084076975711305,0.005881462368634023,0.6167326316563811,0.5606108773340621,0.06710273386469998,0.07067303828404038,0.004692314592957501,1.0,0.33247590964082063
960,0.93,0.030000000000000027,0.2554904081793641,0.07071014066341252,0.005960769651255436,0.6167921159179586,0.5606772255292044,0.06844276930559201,0.07063504663569825,0.004700255421192965,1.0,0.32368520186171484
961,0.93,0.030000000000000027,0.2553752195888851,0.07058950857395721,0.005959847217630978,0.6168472285227232,0.560738700212018,0.06996833992060954,0.0705779781161489,0.0047129507793568365,1.0,0.32366192721812703
962,0.93,0.030000000000000027,0.255258641794713,0.07046694498905312,0.005122381234706075,0.6169030158283327,0.560800930022126,0.07167873211033592,0.07050321692962547,0.004288914188879525,1.0,0.3236376024212324
963,0.93,0.030000000000000027,0.2542636482684711,0.06884252285782166,0.0049199220303756865,0.6173795723814598,0.5613326251138355,0.07356330648991881,0.06984431726283317,0.004287360487670957,1.0,0.3187294863207024
964,0.93,0.030000000000000027,0.25352619566513346,0.06773552132507704,0.004774436770809559,0.6177332539203348,0.5617273489500838,0.07563235520653719,0.0691905389306086,0.004285960931822305,1.0,0.3195320012818966
965,0.93,0.030000000000000027,0.25290247971356605,0.06686742064327654,0.004812826189108973,0.6180327039297068,0.5620616284501749,0.07784288004153256,0.06854359474428615,0.004284206550353681,1.0,0.31570011080067495
966,0.93,0.030000000000000027,0.25228841666728735,0.06599164422035741,0.004815261960327399,0.6183278032686166,0.5623911233857571,0.08021973720866181,0.06790516124996643,0.0042835960535928886,1.0,0.3166340632599649
967,0.93,0.030000000000000027,0.25167049100099964,0.06508787567328603,0.004734668376602824,0.6186250434713231,0.5627230811318232,0.08273507288793065,0.06727523436528259,0.0042830846126990785,1.0,0.31694061236772963
968,0.93,0.030000000000000027,0.2511359486692121,0.06432523848051386,0.00472807965119288,0.6188824044967999,0.5630105605519955,0.08533993545712062,0.06665543060181452,0.004282173050372919,1.0,0.31699363192125063
969,0.93,0.030000000000000027,0.2504713198039154,0.06341871892179479,0.004849480865877922,0.6192026958503459,0.5633684110437388,0.0880749394557317,0.06604710215332076,0.004281390674404801,1.0,0.30469028193944503
970,0.93,0.030000000000000027,0.24979929419997496,0.06248246947029991,0.004848231691580813,0.6195268890201354,0.5637307069192109,0.09094141172412264,0.06545146007248442,0.004280687184721641,1.0,0.3042352378030544
971,0.93,0.030000000000000027,0.2490892086411854,0.061485018979421616,0.004814473944003886,0.6198698118264757,0.5641140279595984,0.0939623970788126,0.06486971027113118,0.004280122649118752,1.0,0.30100795470994757
972,0.93,0.030000000000000027,0.24841426660042898,0.06056762232028738,0.004837641431337612,0.6201961148137936,0.5644788612409062,0.09704098037602371,0.06430399968751857,0.0042793811492560585,1.0,0.2979530064100365
973,0.93,0.030000000000000027,0.24770784277872498,0.05959375710497687,0.004861169599030294,0.6205380059210849,0.5648612174640238,0.10025976958078796,0.06375500264332233,0.0042790612270232915,1.0,0.2955661953691503
974,0.93,0.030000000000000027,0.24700825171453547,0.05860021014717504,0.004621448100196086,0.6208769618434938,0.5652403862536999,0.10358081311690266,0.06322402700978058,0.00427887146452557,1.0,0.2963069935599163
975,0.93,0.030000000000000027,0.24655203249170188,0.058035376783088455,0.0046224758176557895,0.621098202245875,0.5654879251710494,0.10699888219059943,0.06271231933175093,0.004278900064982583,1.0,0.2961709511201511
976,0.93,0.030000000000000027,0.24607532861265546,0.0574441617081781,0.004507513642201535,0.6213295450552802,0.5657468105493684,0.11050975073023259,0.062220995105292984,0.004279020586225323,1.0,0.29408818708761764
977,0.93,0.030000000000000027,0.24573551723843157,0.05705598445892441,0.004383755947091186,0.6214945596245395,0.5659314979539906,0.11411172898740486,0.061751328853132496,0.0042792880664736235,1.0,0.2943134181673549
978,0.93,0.030000000000000027,0.24544637528457802,0.05677265972208937,0.004453908412911651,0.6216350378361152,0.56608874151899,0.11779007001959822,0.06130459218766645,0.004279148268478657,1.0,0.28690311730873963
979,0.93,0.030000000000000027,0.24505392030677556,0.056416158742059394,0.0044117247471815585,0.6218258118047505,0.5663023094688768,0.1215347794440643,0.06088259878824132,0.004278542974507224,1.0,0.27703702165622707
980,0.93,0.030000000000000027,0.2447820224778104,0.056205019427988064,0.0044277638176242785,0.6219580511289916,0.5664503665970495,0.12532733434036503,0.0604871135886623,0.0042781727458618005,1.0,0.2750504579801682
981,0.93,0.030000000000000027,0.244423232594842,0.05595358556689035,0.004310844664738589,0.6221326370866054,0.5666458577713763,0.1291985036636,0.06011874810307829,0.004277956536227255,1.0,0.26596255687762266
982,0.93,0.030000000000000027,0.2442304108687177,0.05585973589374307,0.004300380546021758,0.6222265039917885,0.5667509748655638,0.13319446091920786,0.059778520839973606,0.004278205613095662,1.0,0.26189647532380234
983,0.93,0.030000000000000027,0.24401594101865418,0.055778165312725184,0.00436862444807252,0.6223309426277461,0.5668679392946738,0.13726062171208833,0.05946775877588854,0.004278580961347087,1.0,0.25462963362308155
984,0.93,0.030000000000000027,0.24380867035606066,0.05569899555510027,0.004343936875350234,0.622431908853254,0.5669810234193328,0.14145323386055506,0.05918752846810074,0.004279599588732004,1.0,0.25483885697239606
985,0.93,0.030000000000000027,0.24358870227768786,0.05562701170483249,0.0043818632897696585,0.6225390961163977,0.5671010844448284,0.1456401234185956,0.05893902759047203,0.004279971204221292,1.0,0.2509158223456454
986,0.94,0.039999999999999925,0.24331941979261976,0.05554871494852748,0.004360799579566907,0.5861712192120639,0.513267334297832,0.14989048249875422,0.05872331816322354,0.004306313118937118,1.0,0.246152701275347
987,0.95,0.04999999999999993,0.24310442050033587,0.055501201572987026,0.004210152211491269,0.5537970010746214,0.464519656864575,0.15418448887536387,0.05852014503428727,0.004341705809449053,1.0,0.24473259217338633
988,0.95,0.04999999999999993,0.2426732149096755,0.055360261340111246,0.004256747267250471,0.5539633580683841,0.46471265150932783,0.15850049300266641,0.05831074140884449,0.00438034998153562,1.0,0.23944616087720155
989,0.95,0.04999999999999993,0.24217886350211637,0.055216335908206765,0.004308941036213739,0.554154199420478,0.46493410572871485,0.16286372905155067,0.058099316380164925,0.0044223726513464194,1.0,0.23380509996333837
990,0.95,0.04999999999999993,0.24165552932554024,0.055067995256341006,0.004332906586345276,0.5543563727262691,0.46516877344059443,0.16723721335555602,0.05789007621128118,0.004465868879177565,1.0,0.23138070084814374
991,0.95,0.04999999999999993,0.24112500195934072,0.054916091254601306,0.004238072832289027,0.5545614755189894,0.4654069085622506,0.1716549876079728,0.05768734290731058,0.004507204686024183,1.0,0.23060957223362066
992,0.95,0.04999999999999993,0.24069610076630973,0.05482896252742688,0.0042340711734702805,0.5547274004366505,0.46559960556806784,0.17607098669204635,0.057495282440417475,0.004546024918641596,1.0,0.23061251928439552
993,0.95,0.04999999999999993,0.24023505876177673,0.054748298378160816,0.00426677914127234,0.5549058701285278,0.46580692085075925,0.18053537944001888,0.0573182765786155,0.004582940007865308,1.0,0.2269993268603533
994,0.95,0.04999999999999993,0.23976487665255733,0.05466261208463818,0.00426865716786388,0.5550879962741562,0.46601853636840396,0.18502007019061253,0.057160562757687224,0.004617799282861949,1.0,0.2264604200033614
995,0.95,0.04999999999999993,0.23924843373859428,0.054588899112485705,0.004317264505568648,0.5552881794750504,0.4662511942419775,0.18953605238237392,0.05702636069779875,0.004650793605855776,1.0,0.22148135730456092
996,0.95,0.04999999999999993,0.23873099386115815,0.054508925526784255,0.004317229579414502,0.5554888939742986,0.46648453434497555,0.19406462349591364,0.056919705104641186,0.004682024070011571,1.0,0.22154859722328563
997,0.95,0.04999999999999993,0.2381523080219142,0.05444682756174209,0.004294788430466784,0.5557135376797105,0.4667457701966182,0.19863990292781686,0.05684458243860353,0.004711688224798797,1.0,0.21535330343451375
998,0.95,0.04999999999999993,0.23765630082132447,0.05442769100340099,0.00429577307122706,0.5559062305036172,0.46696991545543387,0.20324777636586047,0.056804984080381773,0.004740172840725474,1.0,0.21520419976534697
999,0.95,0.04999999999999993,0.23673129302494295,0.054744424264349945,0.004716747846631694,0.5562659421069812,0.4673885013618177,0.1585697913697231,0.05656872847650294,0.005171387528631056,1.0,0.17225251595226782
1000,0.95,0.04999999999999993,0.23579155955800715,0.05503921965359846,0.004717013478072461,0.5566318571504345,0.4678145200960129,0.15305421655681842,0.056344957657504906,0.005205680736868386,1.0,0.1720551299448569
1001,0.94,0.039999999999999925,0.23487474971304198,0.05528808615980053,0.004622913669404556,0.5898429311270942,0.5174751689139987,0.14808450130915926,0.056140718482410146,0.005232886522022066,0.0,0.17451858063670095
1002,0.94,0.039999999999999925,0.23419879196215368,0.05545794440896339,0.004723090033127263,0.5901388244468311,0.5178149713630916,0.14114704305510045,0.05596793262451325,0.005278537740309251,1.0,0.186824458294409
1003,0.94,0.039999999999999925,0.23357851210490874,0.05560171427409187,0.004750381968914196,0.5904106066771638,0.5181271775382894,0.13485456082120698,0.0558346232222268,0.005316393010736452,1.0,0.1900038300095918
1004,0.93,0.030000000000000027,0.23300335208050899,0.05570030770114986,0.004792361182737459,0.6277411820722228,0.5729394029752051,0.12912797219739416,0.05574623196760087,0.005347271077764574,0.0,0.19499328336638044
1005,0.92,0.020000000000000018,0.23250387306286036,0.05575454924119158,0.004855952941098328,0.6700683366367087,0.6335037092042137,0.12137846747876371,0.055721956924880356,0.005397288095255839,0.0,0.20172787285321625
1006,0.91,0.010000000000000009,0.23208446512804762,0.05576980104931039,0.00483582656820281,0.7184642657815824,0.7004157176319395,0.11167540839021858,0.055788093495982946,0.005465876744963374,0.0,0.20929597572769082
1007,0.91,0.010000000000000009,0.23191834923244037,0.05576572333629752,0.004967826031324326,0.7185721136995876,0.7005289961820128,0.10016142468121261,0.05597799580142839,0.0055516507471433975,1.0,0.22506456585711448
1008,0.91,0.010000000000000009,0.23190776509563993,0.05576448333515238,0.005064350435308917,0.7185789863674842,0.7005362150091503,0.08940328014053536,0.0563021497177098,0.005628856475778304,1.0,0.2379170984573904
1009,0.91,0.010000000000000009,0.23198512596792623,0.05577502634036208,0.0051159974677310125,0.7185287561490977,0.7004834550656754,0.07935259073237542,0.05676513308101113,0.005697908466682809,1.0,0.24341498276026696
1010,0.91,0.010000000000000009,0.2320869189554767,0.05579025933586493,0.0051351957521912515,0.7184626729185222,0.7004140445807238,0.07011183947681346,0.05736430144532162,0.005757236962061911,1.0,0.24547336619360025
1011,0.91,0.010000000000000009,0.23235489874365545,0.05586856802218061,0.005298986966031476,0.7182887605932187,0.7002313805885612,0.06160894882837824,0.05809292066530551,0.005808685445065451,1.0,0.26193429298465654
1012,0.91,0.010000000000000009,0.23284964373843364,0.056111715170192235,0.005464499963391475,0.7179679043072049,0.6998943960423053,0.05380362984991089,0.05894022262187089,0.00585242500248392,1.0,0.2848564102654798
1013,0.91,0.010000000000000009,0.23369378866650048,0.05667724450659905,0.0057472484856677004,0.7174211134539032,0.6993201737105318,0.04660462457996725,0.059893880173029164,0.0058891603275407186,1.0,0.313260073052154
1014,0.91,0.010000000000000009,0.2345397205990896,0.05722111251021915,0.005744949377549628,0.7168739999375523,0.6987456802334062,0.039919783704038245,0.0609409499733732,0.005919798344692348,1.0,0.31302721442305625
1015,0.91,0.010000000000000009,0.23570980544751616,0.058261741495526445,0.006050921817062543,0.7161186117522089,0.6979526003914839,0.03381635653344051,0.06206559100917946,0.005943914334798347,1.0,0.34498203567401575
1016,0.91,0.010000000000000009,0.2369003396807355,0.05926524064438276,0.006051894463735127,0.7153516539384978,0.697147505658666,0.02819313544597624,0.06325277776215439,0.005962478954334956,1.0,0.34536342441410817
1017,0.91,0.010000000000000009,0.23831368463303335,0.06065792707394149,0.0062099032088818625,0.7144432885864569,0.6961941439473256,0.023185294545024344,0.06448428525297747,0.0059735132901207804,1.0,0.36735939960245567
1018,0.91,0.010000000000000009,0.2399239011233666,0.06225781941243345,0.006302229414643339,0.7134111999514602,0.6951111565945945,0.01869421582351662,0.0657434717307076,0.005978212180203863,1.0,0.3806934439871711
1019,0.91,0.010000000000000009,0.2415706159236926,0.06374935815637416,0.006304257184914946,0.7123587967864856,0.6940071007226961,0.01469901924923014,0.06701409791812099,0.0059773604353470155,1.0,0.3801495249721192
1020,0.91,0.010000000000000009,0.2433634948481152,0.06549714968398758,0.006427297461374727,0.7112165061340642,0.6928090287601991,0.01119600931580377,0.06828039105545697,0.005970284863168939,1.0,0.39510910713994296
1021,0.91,0.010000000000000009,0.24518301381970148,0.06713636929285277,0.006428174489418784,0.7100609817726493,0.6915973766185588,0.01,0.06949198585051784,0.005939599535604034,1.0,0.3949945170580057
1022,0.91,0.010000000000000009,0.24699907187082581,0.06868161253477763,0.006327571805801454,0.708911393371014,0.6903922478324476,0.01,0.07062329335814431,0.0058964357911093675,1.0,0.3946761893173849
1023,0.91,0.010000000000000009,0.24891913795588136,0.07008839508461831,0.006328371449276488,0.7077000078595816,0.6891226589728202,0.01,0.07167239108284312,0.005852705397652786,1.0,0.3947989992917715
1024,0.91,0.010000000000000009,0.25084026473436793,0.07141685272231502,0.006238475334939571,0.7064920895303367,0.6878570334386833,0.01,0.0726368957348344,0.005808476854771417,1.0,0.39486142336451896
1025,0.91,0.010000000000000009,0.25284915010327724,0.07259934403853796,0.006197500141354405,0.705233394926538,0.6865385558253289,0.01,0.0735140853761832,0.005763347810304617,1.0,0.3946751430146873
1026,0.91,0.010000000000000009,0.2549075444083617,0.07368522008687624,0.0061633803561636545,0.7039483235161658,0.6851928169595062,0.01,0.07430051793352557,0.0057177608629837,1.0,0.39538321211743865
1027,0.91,0.010000000000000009,0.25700336056825496,0.07465424424380203,0.006148144828158673,0.7026446922276337,0.6838280221262786,0.01,0.07499265076701431,0.005671874900046832,1.0,0.3950394697616861
1028,0.91,0.010000000000000009,0.259115966626164,0.07553133937592975,0.0061287707855139035,0.7013354947744405,0.6824577851067265,0.01,0.07558667654270153,0.0056257802970985805,1.0,0.3948663999350138
1029,0.92,0.020000000000000018,0.26125936356120616,0.07633572859559806,0.006116836698498276,0.6542162568346295,0.6162604955624598,0.01,0.0760784689639052,0.005606079538552418,1.0,0.39585438759982405
1030,0.92,0.020000000000000018,0.26338351932185233,0.07709910210643184,0.006101665616331477,0.6530749674685067,0.6150239030237924,0.010011137361702404,0.07649335146144932,0.005584902874403416,1.0,0.3960997324395815
1031,0.92,0.020000000000000018,0.2655148829514734,0.07776126988021888,0.00606701475675988,0.6519338006684945,0.6137880923482377,0.010280391869464039,0.07682490558344743,0.005564450942367954,1.0,0.3950732373627993
1032,0.92,0.020000000000000018,0.2676838844841787,0.0782986044356489,0.006064367910529068,0.65077656900766,0.6125355467281408,0.010795365909421583,0.0770663782070365,0.005545406248567061,1.0,0.39438009749685254
1033,0.92,0.020000000000000018,0.26970479219781734,0.07852735738721729,0.00622076843855447,0.6497020411914375,0.6113731134023865,0.011543020020393029,0.07721194041939472,0.005527091853897727,1.0,0.378615537947393
1034,0.92,0.020000000000000018,0.2717272096158521,0.07869840449540312,0.00619337456983738,0.6486302571809136,0.6102142202547527,0.012497296305420224,0.07725518614243135,0.005509805908765784,1.0,0.37848560111205864
1035,0.92,0.020000000000000018,0.27379884636016244,0.07880943182685006,0.006213602651378858,0.6475360493910592,0.6090316696234902,0.013655297072744562,0.07719010782096732,0.0054933857562454004,1.0,0.38056560390128785
1036,0.93,0.030000000000000027,0.27587298611256417,0.07886719480658169,0.006205033863005549,0.6071925977349447,0.5500074812613276,0.015002475818641342,0.07701030938311224,0.005504012963844341,1.0,0.380738481993802
1037,0.93,0.030000000000000027,0.27794088063394845,0.07888904578904293,0.006208025797786604,0.6062353570370864,0.5489476388676364,0.016535553712367212,0.07674862935021323,0.005514025750008704,1.0,0.381135147033537
1038,0.93,0.030000000000000027,0.28001006858098093,0.07886097779681006,0.006149476246815457,0.6052805338638452,0.5478912140770551,0.018262269975547467,0.07639943366485756,0.005523657001199252,1.0,0.3813649530947578
1039,0.93,0.030000000000000027,0.2820015638766132,0.07853171787000555,0.006286107176716324,0.6043643979539459,0.5468782881465525,0.020143740701159756,0.07595739694291473,0.005532761995265887,1.0,0.3675694763473763
1040,0.93,0.030000000000000027,0.28398579395311946,0.07814943310600143,0.006283484115132967,0.6034543581857365,0.5458727755133229,0.02220965641495288,0.07541677358240291,0.005541687009350622,1.0,0.36711196912197497
1041,0.93,0.030000000000000027,0.28597579523087463,0.07770230492730557,0.006282527783019434,0.6025444199926886,0.5448680451767546,0.024443306445020622,0.0747715713018073,0.0055503467850812685,1.0,0.36697189892470494
1042,0.93,0.030000000000000027,0.2877308636250285,0.07700135168304086,0.006496450929324084,0.6017441803628499,0.543984994372495,0.026812220643652983,0.07401564341484468,0.00555851535112942,1.0,0.34371335764108835
1043,0.93,0.030000000000000027,0.2894451360039631,0.07617884191556641,0.006533974087057172,0.6009645914525709,0.5431252286812042,0.029320091058169382,0.07314220700691751,0.005566272137902406,1.0,0.337553606319709
1044,0.93,0.030000000000000027,0.291182181215661,0.07526630507196083,0.006535396036667117,0.6001767040027104,0.5422568093152644,0.0319438853086732,0.07214385477118278,0.005573434588196771,1.0,0.33738593089022245
1045,0.93,0.030000000000000027,0.29264078248552494,0.07418636582108853,0.006815702687558773,0.5995167068628292,0.5415297375187428,0.03469874891008582,0.07101202081836384,0.0055803176496274365,1.0,0.30951463428874737
1046,0.93,0.030000000000000027,0.29406999776745335,0.07305810859629763,0.006842116427871791,0.5988714129536876,0.5408192025580194,0.03757726948192193,0.06973720040693672,0.005586887429386316,1.0,0.30669697365837834
1047,0.93,0.030000000000000027,0.2954260373205325,0.0718722049407899,0.00690476917553189,0.5982604410087299,0.5401467686121508,0.04056051886465902,0.0683085148540548,0.005593183941147833,1.0,0.2991767004340838
1048,0.93,0.030000000000000027,0.2967485211307686,0.0706153551939991,0.006941142265486155,0.5976657873591374,0.5394925829654771,0.043651592389020485,0.06671357041404734,0.0055991704404049596,1.0,0.2945034749438213
1049,0.93,0.030000000000000027,0.29768389915153387,0.06942288007268707,0.007328479476324183,0.5972459087190745,0.5390308406892106,0.04686953206339613,0.06493723705002456,0.0056053215705379475,1.0,0.25472060641195726
1050,0.94,0.039999999999999925,0.29863601526808564,0.06816609918012376,0.007313120386304081,0.5632059159944389,0.48731072995142005,0.05016387476970004,0.0629622073909288,0.005636530343827931,1.0,0.2549579313317033
1051,0.95,0.04999999999999993,0.299547029981942,0.06692476146847046,0.007318531855589057,0.532851585206741,0.4405700476456694,0.05357694220905685,0.06083598222305605,0.005649946572349794,1.0,0.252605665893895
1052,0.96,0.05999999999999994,0.30047013938404066,0.06561306023214145,0.007296483330496877,0.5055979725066886,0.3983084031302315,0.05703285135177649,0.058612340868616775,0.005641721275723655,1.0,0.25199860473953734
1053,0.96,0.05999999999999994,0.30131892371523805,0.06435949652054924,0.005590728556679329,0.5053252639713628,0.3980000831167171,0.06057133270652395,0.05635020738087315,0.003873886287462111,1.0,0.24735596278788832
1054,0.96,0.05999999999999994,0.3003713096700819,0.064539403937626,0.005649711730231417,0.5056297449430455,0.3983443339712247,0.06417934448166775,0.0563485444407877,0.003907768957991067,1.0,0.24122848971212316
1055,0.95,0.04999999999999993,0.2993173598735084,0.06481382441871643,0.005759945662225029,0.5329336031518387,0.44066249570866617,0.06784027119244265,0.056339231281823644,0.003939764298375961,0.0,0.23030677567627467
1056,0.94,0.039999999999999925,0.2983125011887682,0.06502043254418279,0.00579135373727581,0.5633349939761042,0.4874549004616155,0.06904738675234846,0.05632894830024154,0.003944667941789553,0.0,0.23522444162809353
1057,0.94,0.039999999999999925,0.29738815009467123,0.06516479304737502,0.005850586429202626,0.5637041244872252,0.4878672978847953,0.06789603066611075,0.05632259154699725,0.003946829644949554,1.0,0.24146693417061801
1058,0.94,0.039999999999999925,0.2964668299308493,0.06529854433445126,0.005840765066743364,0.5640725263164721,0.4882790380164155,0.067062606867095,0.05632015584892763,0.003943686722268918,1.0,0.24139157115635673
1059,0.94,0.039999999999999925,0.29556373238320377,0.06541867777566258,0.005759794116650533,0.5644341092325901,0.48868330947760547,0.06652440637300988,0.05632140041857538,0.003935587379371879,1.0,0.2421661548762722
1060,0.94,0.039999999999999925,0.2947451427619592,0.0655736404636069,0.00576299250549324,0.564762257557814,0.4890503298158147,0.06626842160766899,0.056325864851430325,0.0039227632798801955,1.0,0.2418262397372563
1061,0.94,0.039999999999999925,0.29392195025412865,0.06572199865806376,0.005767631278273939,0.5650926360481924,0.4894199702622814,0.06628060656090264,0.05633291328490999,0.0039056096714307743,1.0,0.2413426764350725
1062,0.94,0.039999999999999925,0.29309045078421575,0.06586662094747602,0.00572669092377495,0.5654267410753702,0.4897939085001459,0.06654576587046324,0.05634178247486174,0.00388925194345075,1.0,0.24048765542994233
1063,0.94,0.039999999999999925,0.29230808396090746,0.06602189924746849,0.005718636717701629,0.565741465046369,0.4901462731599672,0.06705237153025453,0.05635158198273517,0.0038734696903514874,1.0,0.24049280398987755
1064,0.94,0.039999999999999925,0.29152116815339896,0.06616154268758453,0.00568344203143845,0.5660583725632155,0.4905011983975155,0.06779262424732722,0.05636132557344868,0.003858618456837116,1.0,0.2408404205310446
1065,0.94,0.039999999999999925,0.2907753256138526,0.06630500879354277,0.005676790353213281,0.5663590669131754,0.49083807302306265,0.06875102095218241,0.05636993121618257,0.003844290573379803,1.0,0.2411158568460427
1066,0.94,0.039999999999999925,0.29002237161033045,0.06643448159238567,0.0056759444638591495,0.5666629525449329,0.4911786293763644,0.0699307241349526,0.0563762461831734,0.0038307993360414323,1.0,0.24133866290774852
1067,0.94,0.039999999999999925,0.2892473049903807,0.06656790204717318,0.005694648433368998,0.5669761034348746,0.4915296810749595,0.07128747145522812,0.056379119816610535,0.0038181921113049234,1.0,0.23943395037275245
1068,0.94,0.039999999999999925,0.2884746361036423,0.06668967565917049,0.005573329674710945,0.5672886302605754,0.4918801465981861,0.0728266678816835,0.056377396107559125,0.0038061132469397138,1.0,0.23972674324741078
1069,0.94,0.039999999999999925,0.2874036774146253,0.06727799465470219,0.005994312362319838,0.567722378628523,0.4923667370163228,0.20790218910733496,0.0578283721802148,0.0051415581859019415,1.0,0.19759441303773978
1070,0.94,0.039999999999999925,0.2863164855290447,0.06787302060773016,0.005982707116861589,0.5681633805653655,0.49286168869678937,0.21253012887225692,0.0593164684048374,0.005157790048631559,1.0,0.19551604924499963
1071,0.94,0.039999999999999925,0.28522522798434946,0.06850237976232144,0.005988554598726912,0.5686067211902956,0.49335949299687737,0.21715320872678062,0.060839662086980224,0.005173391023957948,1.0,0.19188220024042169
1072,0.94,0.039999999999999925,0.2841693778037478,0.06910908709848684,0.005969352346894243,0.569036336083796,0.4938421034630541,0.22182040239872924,0.062397248914480355,0.005188021372111326,1.0,0.19236798834987381
1073,0.94,0.039999999999999925,0.2831101189455955,0.06973523114748588,0.005989421847956764,0.5694679907733959,0.49432722167602144,0.22650776874764542,0.06398781300305705,0.005201822612644673,1.0,0.18964030955391836
1074,0.94,0.039999999999999925,0.28201816728285856,0.07037204878201889,0.006013587906824729,0.5699136540362573,0.49482831119035847,0.23123250614923843,0.0656104286355115,0.005215021282623425,1.0,0.1871118272862246
1075,0.94,0.039999999999999925,0.280912183332881,0.07100715876233148,0.006008098079868155,0.5703657559771468,0.4953368766490771,0.2359840775845778,0.06726396231406084,0.0052275536351053045,1.0,0.18557255612239193
1076,0.93,0.030000000000000027,0.2797636654744837,0.07171011838021457,0.006069824582845578,0.6053940783622968,0.5480168019703782,0.24074818508046128,0.06894699974936692,0.005239292314284205,0.0,0.17923640124788973
1077,0.92,0.020000000000000018,0.27864348861727267,0.07234617687595304,0.006025875394358147,0.644991536111458,0.6062840181232921,0.2429726918434258,0.07060227727423138,0.00522460711964553,0.0,0.18229573244624928
1078,0.91,0.010000000000000009,0.2775987499964987,0.07297100384522724,0.005927566577515471,0.6900862948117517,0.6706999881980555,0.2427794710360085,0.07217975788528001,0.005188733497251099,0.0,0.1824292552313369
1079,0.9,0.0,0.27729980462923065,0.07303390116431296,0.006561169264606658,0.7414447326915472,0.7414447326915472,0.07453703961734427,0.0721311472177167,0.006849843361113354,0.0,0.2471424849294234
1080,0.9,0.0,0.27705605645632103,0.07308166097974521,0.006505060725790911,0.7416132803383125,0.7416132803383125,0.07387771452503264,0.07206319659409706,0.006817400490093927,1.0,0.25067564068920994
1081,0.9,0.0,0.2768991494852447,0.07312214320131169,0.006468067790087852,0.7417218193427904,0.7417218193427904,0.07350631405580936,0.07197188656835732,0.0067807888053829715,1.0,0.2502718597699924
1082,0.9,0.0,0.276784605368386,0.07315451918776995,0.006396384579655761,0.7418010742830276,0.7418010742830276,0.07341044057413383,0.07185271270529045,0.006740684893148578,1.0,0.250442063637936
1083,0.9,0.0,0.27674479557555165,0.0731676468420682,0.0063963579872556575,0.7418286232934804,0.7418286232934804,0.07357702689366136,0.07170127144463205,0.006700017965583536,1.0,0.25064865433964023
1084,0.9,0.0,0.2766964114518319,0.07318371475275182,0.006363278947987658,0.7418621086323176,0.7418621086323176,0.07399412127949194,0.0715125801404128,0.006661939226470304,1.0,0.2500004446004215
1085,0.9,0.0,0.27665862011370196,0.07319799219425947,0.006344093442911585,0.7418882650945136,0.7418882650945136,0.07464653427798339,0.07128247699387188,0.006625596336756496,1.0,0.2471366885326543
1086,0.9,0.0,0.27667243901319466,0.07319236196526582,0.00633376812563881,0.7418787004264179,0.7418787004264179,0.07552994539106421,0.07100617767003316,0.0065911458795491346,1.0,0.2475345912246103
1087,0.9,0.0,0.2766924582868036,0.07318389646191932,0.00628845136194325,0.7418648446441262,0.7418648446441262,0.07663004537744617,0.07067894212080188,0.006558661999337815,1.0,0.24673451953428605
1088,0.9,0.0,0.27673670123599226,0.07316270030335233,0.006260400885421633,0.7418342249556493,0.7418342249556493,0.07796012509777075,0.07029610726530543,0.006528024056625091,1.0,0.24387045579606298
1089,0.9,0.0,0.2768272950275573,0.07311507750714344,0.006246073386037988,0.7417715346326674,0.7417715346326674,0.07944932778556779,0.06985268245672879,0.0064988898988856125,1.0,0.2428644791198492
1090,0.9,0.0,0.2769074753067523,0.07306957764005528,0.006273291787428755,0.7417160592314923,0.7417160592314923,0.08111994457203701,0.06934387592894188,0.00647114083357301,1.0,0.23939872876764007
1091,0.89,-0.010000000000000009,0.2764363558851336,0.07351707459199677,0.006837919581823833,0.6907831195521597,0.6714274920709898,0.2402929066827252,0.07055088392165072,0.008034342480306492,0.0,0.18349763007175235
1092,0.89,-0.010000000000000009,0.27602113709789294,0.0738910167054957,0.006857917744091874,0.6910323735584469,0.6716877464412262,0.23560344883041515,0.07157482397018335,0.008036615865198788,1.0,0.18909064056033054
1093,0.89,-0.010000000000000009,0.2756686564084553,0.07420741778096097,0.0068793491632763645,0.6912441073657789,0.6719088356762434,0.23142075852313684,0.07243567599050554,0.008033565355670352,1.0,0.19175125791658698
1094,0.89,-0.010000000000000009,0.2753178955805746,0.07452141826265286,0.006832761870372221,0.6914549369013988,0.6721289906779621,0.22771030219127505,0.07314960113786785,0.008025428730822882,1.0,0.19138433721529682
1095,0.89,-0.010000000000000009,0.275037173414695,0.0747761304671555,0.006852535239893188,0.6916237614258498,0.6723052898823791,0.2244427846947647,0.07372934117580512,0.008012690815499351,1.0,0.1934091407165972
1096,0.89,-0.010000000000000009,0.2747604854229451,0.07502431638695599,0.006794710629215649,0.6917902405143481,0.6724791460695091,0.22160010785221113,0.07418543110019724,0.007995189779243295,1.0,0.19387979804829278
1097,0.89,-0.010000000000000009,0.27454171154091,0.07522884997202489,0.006797284155964345,0.6919219302850872,0.67261667574388,0.21915258226552725,0.07452565011130453,0.007973368083775016,1.0,0.19347591523100505
1098,0.89,-0.010000000000000009,0.27432513296513605,0.07543027281776869,0.006364140147316538,0.6920523479972627,0.6727528807844464,0.21707495130369414,0.07475613355740474,0.007543061477367902,1.0,0.19354634218795125
1099,0.89,-0.010000000000000009,0.2745403714567167,0.07516896020529663,0.00636446981312434,0.6919227370961121,0.6726175183456734,0.21537060501293898,0.0755186971913327,0.007504564219568411,1.0,0.19377636511033458
1100,0.89,-0.010000000000000009,0.2747297896841935,0.07493396746463653,0.006367661345709774,0.6918087146271532,0.6724984391991203,0.21400753402411565,0.07629636163343502,0.0074681334694791605,1.0,0.1909969526925323
1101,0.9,0.0,0.27488800646537354,0.07473866143140874,0.006249992823286732,0.7431158283007654,0.7431158283007654,0.212966959332148,0.07708495502503171,0.007408568989053997,1.0,0.19034025875470556
1102,0.9,0.0,0.2749231467044181,0.07469806298087445,0.00621789590248535,0.7430914261269891,0.7430914261269891,0.2122326740038198,0.07789858694593861,0.007352425585967481,1.0,0.19033848219885957
1103,0.9,0.0,0.274908768165977,0.07471454417921629,0.006185401485077145,0.7431014107143413,0.7431014107143413,0.21178910460994882,0.07872956062874262,0.007299061755362007,1.0,0.18856597616548323
1104,0.91,0.010000000000000009,0.27476360973686015,0.0748835759720656,0.006199077709561465,0.6917883602133083,0.6724771824129739,0.21162225564129938,0.07957214536909375,0.007222469273038968,1.0,0.18047744045469977
1105,0.92,0.020000000000000018,0.27449649159644585,0.07519063870454425,0.006177797697121416,0.6471683940110037,0.6086344643655354,0.2117172823858712,0.0804320595054611,0.007125418441281661,1.0,0.17501605881179
1106,0.92,0.020000000000000018,0.27414355661067913,0.07557768839010089,0.006028757207539079,0.6473543367029914,0.608835343600736,0.21206104663698208,0.08130742787714117,0.007012587941706963,0.0,0.17400247715101774
1107,0.92,0.020000000000000018,0.27362866959390125,0.07608398654136707,0.0059032428678563766,0.6476257950392103,0.6091286386644185,0.2100941601827455,0.08215115636918263,0.006923787354975237,1.0,0.17357586417932946
1108,0.92,0.020000000000000018,0.2729847730630881,0.07665381786351694,0.005848197761799583,0.6479655902152531,0.6094958193032673,0.20848000011449747,0.08295022072804914,0.00683856988689532,1.0,0.17352744537607542
1109,0.92,0.020000000000000018,0.27228586853780257,0.07723664285540248,0.005827435455850393,0.6483348178372349,0.609894869474705,0.20720198977855822,0.08369435165200374,0.006758138160434483,1.0,0.17352453023171208
1110,0.92,0.020000000000000018,0.27156559641040257,0.07781699041722938,0.005661955152689321,0.6487157743957687,0.6103066669137898,0.2062451988666037,0.08437599672725316,0.0066819149307730625,1.0,0.1734461534536017
1111,0.92,0.020000000000000018,0.2706737109201972,0.07843095403082756,0.005437493457827258,0.6491881192213643,0.6108173512253366,0.20559039483289335,0.0849897597733552,0.006609687507088648,1.0,0.1727457439641228
1112,0.92,0.020000000000000018,0.2695519857636582,0.07902002805778897,0.005151212514048177,0.6497831651939133,0.6114608539970875,0.20521999561357437,0.08553201344786618,0.00654071168839547,1.0,0.17268389461157765
1113,0.92,0.020000000000000018,0.268143730606234,0.07948204597150349,0.005151378965288065,0.6505317540332146,0.6122706532857644,0.2051247915656631,0.08600031150140505,0.006474149700233675,1.0,0.17243455730973106
1114,0.92,0.020000000000000018,0.26673526862983754,0.07992092979892254,0.00483116400847355,0.6512821800194926,0.6130827197659136,0.20529171327428464,0.0863928168806069,0.006414184998597552,1.0,0.17218101678340847
1115,0.92,0.020000000000000018,0.26500164817722704,0.08008491228705111,0.004832978529992258,0.652208230228587,0.6140852227690554,0.20571117081575507,0.0867091985776414,0.006361621730456201,1.0,0.17161999041296386
1116,0.92,0.020000000000000018,0.26325792607798176,0.08021441313683722,0.0046171482343865715,0.6531423367929962,0.6150968799782588,0.20637124390086045,0.0869492526206053,0.006317704883831488,1.0,0.17099121448957938
1117,0.92,0.020000000000000018,0.2612962466076238,0.08004308262486658,0.0044844835242084675,0.6541964058838449,0.6162389814111253,0.20725791993443451,0.08711478102819067,0.006281296775872563,1.0,0.17119145256666246
1118,0.92,0.020000000000000018,0.25919907316366314,0.07963364440854835,0.004481164675324741,0.6553270492517059,0.6174646683748793,0.20836361524256142,0.08720759077911336,0.006252109894396203,1.0,0.1709760995910995
1119,0.92,0.020000000000000018,0.2571096958661025,0.07917246565047192,0.004332438548629134,0.6564573826093777,0.6186906571095833,0.20967535509141888,0.0872299466945291,0.006229975853137931,1.0,0.1712117952160583
1120,0.92,0.020000000000000018,0.25487014847760425,0.07840094739821395,0.004331861143013018,0.6576732943229031,0.6200101789166348,0.2111925126099996,0.08718481957996155,0.0062332197743781015,1.0,0.1711543682901165
1121,0.92,0.020000000000000018,0.25263571483885466,0.07755506445307048,0.004332653639501004,0.6588909268388371,0.6213323089048578,0.21288015135723865,0.08709783174879304,0.00625026663041082,1.0,0.1715511531830478
1122,0.92,0.020000000000000018,0.25040572086302,0.07663943930894787,0.004332682210980649,0.660110643606634,0.6226574458156119,0.2147376601903467,0.08698385234785924,0.006269029345896761,1.0,0.17167679173391923
1123,0.92,0.020000000000000018,0.2481562408413679,0.07566333288872906,0.004350494034562542,0.6613456021745104,0.6239999009652937,0.21677350075522253,0.08684383779180123,0.006289593392006617,1.0,0.16985099712656437
1124,0.92,0.020000000000000018,0.24582277207859257,0.07469497032959153,0.004432818980923656,0.6626315626534822,0.6253986099419562,0.21894776751965211,0.08667822397152963,0.006311555682556411,1.0,0.16151454708698249
1125,0.92,0.020000000000000018,0.2434873039693814,0.07364811864236727,0.004429567929314121,0.6639236421524726,0.626804810000632,0.22126755514617968,0.08648746139937992,0.006334987880804164,1.0,0.16112833209357516
1126,0.92,0.020000000000000018,0.24112855668107128,0.07251401550667202,0.00444245789346968,0.665233725264354,0.6282314597132124,0.22373111002205362,0.08627191946935196,0.006359872273489759,1.0,0.15950848328642223
1127,0.92,0.020000000000000018,0.23874208672402578,0.07132673798357393,0.004472184554102139,0.6665644782149782,0.6296815015251248,0.2263278002929083,0.0860317894055831,0.006386101468144857,1.0,0.15639247405713644
1128,0.92,0.020000000000000018,0.23635243882844037,0.07004763070776482,0.004467163099716788,0.6679023487615945,0.631140196975721,0.22904684314151647,0.0857670838456842,0.006413566547423727,1.0,0.15590161037647587
1129,0.92,0.020000000000000018,0.2339349725812928,0.0686590094256166,0.004482804540642545,0.66926126949418,0.6326227663183198,0.2318884348301597,0.08547776280198308,0.006442156995170606,1.0,0.1541077628850685
1130,0.92,0.020000000000000018,0.2315024066379741,0.06716343470239038,0.004485209891153397,0.6706342712740115,0.6341216431738729,0.2348405101434583,0.08516375501083168,0.0064692561952265325,1.0,0.15284313810771188
1131,0.92,0.020000000000000018,0.2290468781846574,0.0656090975519941,0.004511771570048668,0.6720259590267008,0.6356418896151117,0.23789455110787935,0.08482856092773977,0.00649490333587768,1.0,0.14952039203113332
1132,0.92,0.020000000000000018,0.22655934640509326,0.06398909304055994,0.004391861599758185,0.6734416867122834,0.6371894002014207,0.24104981124171965,0.08447574572902983,0.0065192225886339305,1.0,0.1456269195404316
1133,0.92,0.020000000000000018,0.2242020834065627,0.06267250877133484,0.004418202454412324,0.674788790125401,0.6386628392234834,0.244297200402211,0.0841088099299012,0.006542385344951751,1.0,0.1428892380943376
1134,0.92,0.020000000000000018,0.22179809069250037,0.0613040730027167,0.004445706551374773,0.6761681600888292,0.6401725222138307,0.24762521291877657,0.08373093196090677,0.006564304655550146,1.0,0.13808632970582585
1135,0.92,0.020000000000000018,0.21937041451179684,0.05975604319854665,0.004446872872408855,0.6775668539477624,0.6417043385621702,0.2510414318968126,0.08334553757670775,0.006585204051834381,1.0,0.1377979858309376
1136,0.92,0.020000000000000018,0.2169348573985811,0.05806896172883642,0.0044490804493682095,0.6789759152298921,0.6432485118022168,0.25454076058769537,0.08295594982383872,0.006605065170997582,1.0,0.1371827706722265
1137,0.91,0.010000000000000009,0.21445259817336626,0.056274580620931165,0.004489926308953552,0.7300950206067378,0.7126473192931805,0.25810878585836683,0.08256543296190362,0.006623664251881331,0.0,0.13290922451205683
1138,0.9,0.0,0.21200571267200455,0.054246983313099933,0.004388630366520662,0.7895104697348722,0.7895104697348722,0.2592117418115654,0.08214481391350062,0.006615800466301395,0.0,0.13667640295858224
1139,0.89,-0.010000000000000009,0.20970795406711026,0.05244548609186779,0.004395294060197062,0.7332893777015792,0.7160120718522262,0.25797003154189785,0.08166714863914297,0.006607475158784976,0.0,0.13779361585794717
1140,0.88,-0.020000000000000018,0.2074520002014263,0.05043986593462807,0.004431484933917843,0.6845183902177155,0.6493322273095633,0.2544740879665706,0.08111020779143767,0.006620225598636083,0.0,0.14151658255357447
1141,0.87,-0.030000000000000027,0.20521013985939748,0.048233859969961934,0.004209371205479851,0.6418230317489362,0.5888567422448004,0.24885715595085017,0.08045763878371309,0.00665303385941475,0.0,0.1427858647218299
1142,0.86,-0.040000000000000036,0.20328684079331108,0.046475239421074524,0.004233995801330703,0.603994856784022,0.533845941364405,0.24124157847036173,0.0796996104917839,0.006704626860081135,0.0,0.1513834510324436
1143,0.86,-0.040000000000000036,0.2015079759151066,0.04467140782952987,0.004315975518879511,0.6048120442069672,0.5347987201961694,0.2315038987310839,0.07883220482026579,0.00677648428926067,1.0,0.15966711849926216
1144,0.86,-0.040000000000000036,0.19975298545266312,0.042702749422026266,0.004056869150648602,0.6056204338738309,0.5357420502911406,0.2225289780021122,0.07788006081241013,0.0068393131491350035,1.0,0.16188688464587733
1145,0.86,-0.040000000000000036,0.19827338087856558,0.0414180017953184,0.004031768616674049,0.6063036551992323,0.5365399463073425,0.21426313444416756,0.07686466823063035,0.00689373055303509,1.0,0.1615541768789891
1146,0.86,-0.040000000000000036,0.19686047808399185,0.04008366268979001,0.0039947205772571425,0.6069575167597691,0.5373040940418965,0.20668234075217995,0.07580471599887925,0.006940170394542671,1.0,0.16540669420100979
1147,0.86,-0.040000000000000036,0.1955631391692202,0.03883102005629993,0.003988285115293922,0.6075591410201807,0.5380076601146297,0.1997412819750592,0.07471615529989428,0.006979059134469533,1.0,0.1694428089569136
1148,0.85,-0.050000000000000044,0.19431046834911037,0.03762071250881955,0.003588522968750571,0.5732777999021933,0.48742574013279893,0.1934578202934945,0.07361311789939741,0.007010024003229018,0.0,0.16923639293284137
1149,0.85,-0.050000000000000044,0.19350338862558672,0.03717919855176887,0.0036343706072051933,0.573611552374765,0.4878236273714741,0.18516690385506074,0.0725041222328595,0.007060494444967705,1.0,0.174012634059595
1150,0.85,-0.050000000000000044,0.19271623588972064,0.03669994435466325,0.003633135842030378,0.5739374389692273,0.4882123169128944,0.17754904612071493,0.07140516990598397,0.0071029670742100166,1.0,0.1762426577450966
1151,0.85,-0.050000000000000044,0.19201263243221173,0.0362162921944456,0.0036876368646924407,0.5742290491761703,0.4885602751574305,0.17056798557792796,0.07033078980544406,0.007138574664109685,1.0,0.18224532014299852
1152,0.85,-0.050000000000000044,0.19131150734407165,0.03572352925739422,0.003644370018892649,0.5745199271289986,0.48890750148162854,0.16418141550793697,0.06929221541931553,0.007167343236990933,1.0,0.18188609592552896
1153,0.85,-0.050000000000000044,0.19068783251812668,0.035281320400162554,0.0036138135662875993,0.5747789208204509,0.48921678626144477,0.15836112638565236,0.06829957843564942,0.007189689472820639,1.0,0.18498848019339426
1154,0.85,-0.050000000000000044,0.19012177319956305,0.03491812482505443,0.003507189407719799,0.5750141907277849,0.48949783805127717,0.15312198856974177,0.06736095695294807,0.00720563099913514,1.0,0.1846225578557581
1155,0.86,-0.040000000000000036,0.18970065128757244,0.034684101458110544,0.0034935970912515425,0.610292733419289,0.5412100863392659,0.14832791148639934,0.06648303095050752,0.007241862933715308,1.0,0.18819458447721965
1156,0.87,-0.030000000000000027,0.18921585186558537,0.03438190071746116,0.0034451889347395393,0.6502169265519765,0.5984242121933684,0.14407712725835783,0.0656277826653518,0.007273170288683024,1.0,0.18674449942938348
1157,0.87,-0.030000000000000027,0.18874488451383203,0.03398319001538555,0.0035214549605136654,0.6504674219000836,0.5987106499929568,0.1403216868556012,0.06475583429660638,0.0073026856079127294,1.0,0.19437019899528324
1158,0.87,-0.030000000000000027,0.18831647779500613,0.03358449812659739,0.0035558601782769653,0.6506954480392358,0.5989714410886943,0.13700988751963186,0.06387194462867277,0.0073307017578307515,1.0,0.1985508992737654
1159,0.87,-0.030000000000000027,0.18784097456146598,0.03315254669624281,0.0035921748511304344,0.6509487293054207,0.5992611681846264,0.13413149693953444,0.06298012768425146,0.007357190705454556,1.0,0.1946158315222561
1160,0.87,-0.030000000000000027,0.18736227627774116,0.03271226218884391,0.0035939511830021535,0.6512039116929483,0.5995531253003383,0.13165860698456303,0.062084000973722166,0.007382046311532715,1.0,0.1939564113647721
1161,0.87,-0.030000000000000027,0.18687880936548137,0.03226510356419445,0.003595015881492546,0.6514618392712532,0.5998482796802213,0.1295650577256967,0.061186824011181674,0.007400514896879236,1.0,0.19299598520909306
1162,0.87,-0.030000000000000027,0.18641725005529908,0.03182200884096744,0.0036084561910146033,0.6517082699485198,0.6001303308442684,0.127832688882056,0.060291457903392895,0.0074128963431807455,1.0,0.19433172441171193
1163,0.87,-0.030000000000000027,0.18594250484523234,0.03136254046922804,0.0036182119979574273,0.651961935273957,0.6004207165425612,0.1264439944774211,0.05940046618443544,0.0074194462592167285,1.0,0.19301828298320528
1164,0.87,-0.030000000000000027,0.18544791219437165,0.03087915640898689,0.0036319664547577466,0.6522264155716092,0.6007235412911093,0.12538093251445734,0.058516231605809696,0.007420503484046108,1.0,0.19138115544497558
1165,0.87,-0.030000000000000027,0.18493469703045753,0.030372003959156298,0.00364574432272378,0.6525010810900072,0.601038091164288,0.12462247633209651,0.05764086715705436,0.007416248463839952,1.0,0.18979434045463245
1166,0.87,-0.030000000000000027,0.18441638585198128,0.02984267102223643,0.003629401725345161,0.6527787088146464,0.6013560988954013,0.12416176192012852,0.05677647370270926,0.0074071976263823,1.0,0.18950754506011966
1167,0.86,-0.040000000000000036,0.18392209975829385,0.029332298497355427,0.003631472463418261,0.6130113675144738,0.5444041911786982,0.12397995819632864,0.055924305399995204,0.007393486588981741,0.0,0.1900053410040149
1168,0.85,-0.050000000000000044,0.1834869057551123,0.028819473120891306,0.0032685398544846167,0.5777862534988583,0.49281632717965296,0.12148380582352523,0.055117004373331696,0.006054301045013578,0.0,0.19620734292925512
1169,0.85,-0.050000000000000044,0.18354207619495305,0.028851689719932273,0.003317284807008073,0.5777630929690837,0.49278854767974634,0.11688345661087576,0.055555653618046236,0.006054022352566383,1.0,0.2031114570218175
1170,0.85,-0.050000000000000044,0.18363437164422997,0.02890456041329082,0.003297085697374707,0.5777243515254576,0.49274208194257957,0.112766338903176,0.056010967910264595,0.006048911623810583,1.0,0.20474559417269217
1171,0.85,-0.050000000000000044,0.1837591604178877,0.028966769531350276,0.003296062752496403,0.57767197911845,0.4926792715158004,0.10908210976088342,0.05647119275294883,0.006038982689167594,1.0,0.2043610776061921
1172,0.85,-0.050000000000000044,0.1838848558785334,0.0290310532671705,0.003274333237469103,0.5776192357836718,0.4926160209085818,0.10582969019178887,0.0569237766690709,0.006024488277250203,1.0,0.2049375344144448
1173,0.85,-0.050000000000000044,0.18411023789851305,0.029162052633343354,0.0033219341957493767,0.5775246868773286,0.49250264816628164,0.10295451704069802,0.057356643122723455,0.006005805810073414,1.0,0.2121785115518857
1174,0.85,-0.050000000000000044,0.18435860491576433,0.02929203367379837,0.00330870905814029,0.5774205314898301,0.49237777382366643,0.10048903983395141,0.05775684275174831,0.005982713949178537,1.0,0.21194852901135258
1175,0.85,-0.050000000000000044,0.18461833855477003,0.02941653513648001,0.00324877425120993,0.577311649566088,0.4922472522732221,0.09838220390906027,0.05811201406764038,0.005955872822198817,1.0,0.21154592002295602
1176,0.86,-0.040000000000000036,0.1849387674489427,0.029530463523996936,0.003220565141709323,0.6125313015917617,0.5438394960238611,0.09663634440895127,0.05840973344787042,0.005951038001361893,1.0,0.21127929066515663
1177,0.87,-0.030000000000000027,0.1852233919798117,0.02964057745693151,0.0032244801149105403,0.6523465471663807,0.6008611093412601,0.09523978413733908,0.05866621476569725,0.005963192945444669,1.0,0.21075818553314848
1178,0.88,-0.020000000000000018,0.18550600721283173,0.029747130389121527,0.0025714920068471373,0.6976989380106836,0.6638628593265722,0.09417472641520525,0.058901578069911545,0.004274532605075675,1.0,0.21069077853333892
1179,0.89,-0.010000000000000009,0.18513726906080138,0.029204402737552416,0.0025400672901518206,0.7502892806435273,0.7339578891444282,0.0934264666397051,0.058602066684969506,0.004275430935208892,1.0,0.21026866972638866
1180,0.89,-0.010000000000000009,0.1847320527077303,0.028566388087558868,0.002537146920708054,0.7505762500274658,0.7342613923553688,0.09297482488320656,0.05829525616216955,0.004276241453262178,1.0,0.210154005382104
1181,0.89,-0.010000000000000009,0.18433382876464152,0.027920228081981503,0.002538412134961235,0.750858481420335,0.7345599029639558,0.09280793957809794,0.057981975292837114,0.004276958744407967,1.0,0.21044946546111254
1182,0.89,-0.010000000000000009,0.18393534610536,0.027250196700748623,0.00253778326169826,0.7511411087078549,0.7348588505591624,0.09290944178926179,0.05766311615873012,0.00427630132917197,1.0,0.21059379770978226
1183,0.89,-0.010000000000000009,0.18353525339806326,0.026552543141663706,0.002531696152213056,0.7514250920730283,0.7351592509414975,0.09326651905847269,0.05733956907043683,0.004275695095670761,1.0,0.21063938360996576
1184,0.89,-0.010000000000000009,0.18313982797155082,0.02584479173172784,0.0025046024713344744,0.7517059736975757,0.7354563884196295,0.09386379178448283,0.05701227805203559,0.004275138123221454,1.0,0.21045790194917816
1185,0.89,-0.010000000000000009,0.18277321916395423,0.025186016635007216,0.0025007641191311094,0.7519665737349623,0.7357320866675149,0.09468811523061726,0.05668214604337477,0.004274541278100784,1.0,0.210475807773001
1186,0.88,-0.020000000000000018,0.18239454008517225,0.024484367811722207,0.002500855560911537,0.6996088511486699,0.6659757935205144,0.09572984626842979,0.05635017832272105,0.004273951692761699,0.0,0.20966668334641442
1187,0.88,-0.020000000000000018,0.18208536840683698,0.02385714135894745,0.0025340535873370203,0.6997992014125719,0.6661864805988741,0.09437358418404715,0.05605595101373696,0.004274216161085518,1.0,0.21581735170076033
1188,0.88,-0.020000000000000018,0.1817531703624868,0.023217205300072735,0.0025760810990895964,0.7000038439823151,0.6664130077640538,0.09334090916264873,0.055799601501277475,0.004269604770515835,1.0,0.21065065136104155
1189,0.88,-0.020000000000000018,0.18142982255934906,0.022580279747075802,0.0025422952627538057,0.7002031495546901,0.6666336479165457,0.0926243597393632,0.05557965212088818,0.004259967726443273,1.0,0.2105296988060757
1190,0.88,-0.020000000000000018,0.1811369333622423,0.02200919636787305,0.001981879010766185,0.700383778994254,0.6668336304274097,0.09220759438899136,0.05539488563186184,0.0026563697793693694,1.0,0.2101098090569624
1191,0.89,-0.010000000000000009,0.18140866612888376,0.022203551810598826,0.0019310516086486114,0.7529381419433,0.7367600809366089,0.09207520090996377,0.055721928927203714,0.00261033882610389,1.0,0.21067090673590078
1192,0.89,-0.010000000000000009,0.1816260788970025,0.022383422314736105,0.0019058030559218036,0.7527831749206271,0.7365960993677099,0.09221282160439996,0.056057429368305,0.002569479537085283,1.0,0.21083191737220325
1193,0.89,-0.010000000000000009,0.1818079838638765,0.02253834704472577,0.001911088329325079,0.7526535660796819,0.7364589553052805,0.09260754165635393,0.05639220768889885,0.002535987251429648,1.0,0.20994175460398884
1194,0.89,-0.010000000000000009,0.1819907573374504,0.02268887177368023,0.0018934647589210552,0.7525233833629206,0.7363212078728225,0.09324457896738929,0.05671865471234038,0.0025094167445056585,1.0,0.2096616845726868
1195,0.89,-0.010000000000000009,0.18215825435911837,0.02283391036930683,0.0018937324455777019,0.7524041210312413,0.7361950187960025,0.09411760085201842,0.057030371121223764,0.002489521239880159,1.0,0.2101588428833904
1196,0.88,-0.020000000000000018,0.18232049126559036,0.022973823306021466,0.0018902119543717057,0.6996544319615964,0.6660262424393493,0.09521349631077496,0.05732200545330453,0.0024758684103051358,0.0,0.2101034886954963
1197,0.87,-0.030000000000000027,0.18251382451289264,0.023147578333025703,0.0019168313918342262,0.6537998234224633,0.602526298051984,0.0938668882547331,0.05762353084121686,0.0024684843405496683,0.0,0.21280923996123205
1198,0.86,-0.040000000000000036,0.1827680848193597,0.023405572570969396,0.0019767617953800904,0.6135572008531543,0.5450465968374286,0.0901900314549432,0.057962700297379356,0.002488408689125777,0.0,0.21897237283465593
1199,0.86,-0.040000000000000036,0.18332112066495262,0.024295591998919498,0.002252803860199995,0.6132955011923724,0.5447385492170794,0.0845496244271872,0.05836378332751437,0.00253161410366045,1.0,0.24907994966962874
1200,0.86,-0.040000000000000036,0.1841728375525459,0.025983991342958618,0.0025197937374162194,0.6128929003587809,0.5442648131384848,0.07941495447996208,0.05881756634115178,0.0025729686011883033,1.0,0.2761686414518617
1201,0.86,-0.040000000000000036,0.18505613722777647,0.027627971002422206,0.002545044326002621,0.6124759285169977,0.5437743798899839,0.07482578485997377,0.0593135095556995,0.002611906826356587,1.0,0.27867022627776145
1202,0.86,-0.040000000000000036,0.18594067532457245,0.029156611759068158,0.0025283732105210238,0.6120589402308289,0.5432841439475553,0.0706861582677464,0.05984198286217012,0.002649240737451097,1.0,0.27879229187845966
1203,0.85,-0.050000000000000044,0.18684082399431282,0.03057860079408721,0.002448806675451942,0.5763816463923068,0.4911332301197869,0.06702901590585014,0.060392505040236966,0.002684496226271771,0.0,0.27858084313951526
1204,0.85,-0.050000000000000044,0.18819757478100915,0.03316655351857075,0.0027731530829459504,0.5758153829430583,0.49045563321819274,0.061265524249807655,0.060995777527101024,0.002741753447599758,1.0,0.31615251912433184
1205,0.85,-0.050000000000000044,0.18876382019556653,0.033419082564194756,0.0036165706303806105,0.5755793795594358,0.4901733881010462,0.08295987858220569,0.06124986563972568,0.002957415973673365,1.0,0.23164060026752825
1206,0.86,-0.040000000000000036,0.1893377243984592,0.03365262431343119,0.00361476345720441,0.6104627696893524,0.5414095913499618,0.08494152619988307,0.0614491931476387,0.002957565076334384,1.0,0.23139289744028382
1207,0.86,-0.040000000000000036,0.18979712665735182,0.03374775619081945,0.0037342421296128877,0.6102475493088374,0.5411570774735931,0.08706920422554629,0.06161491412691257,0.0029627521264092844,1.0,0.21951609006859057
1208,0.85,-0.050000000000000044,0.19024362662933825,0.03382482939669855,0.003747734375567488,0.5749635288060626,0.48943730983287204,0.08934533456388002,0.06174523012114705,0.0029728341466354917,0.0,0.21817744257472169
1209,0.85,-0.050000000000000044,0.19071816914212886,0.033919686153200804,0.0037752390438294983,0.5747663175158372,0.48920173306015796,0.08922894449130894,0.06186469332775823,0.002964345249267982,1.0,0.220978781510771
1210,0.84,-0.06000000000000005,0.19119926957429212,0.03401235459747564,0.0037739966768565794,0.5433475858322948,0.4424321379918598,0.08937228971281906,0.061968341897777106,0.002959178998639697,0.0,0.22155619666993093
1211,0.84,-0.06000000000000005,0.19171607222109938,0.03412049261231221,0.0038023599356684285,0.5431557843665249,0.4422004559817177,0.08722595821498698,0.06207741530170569,0.0029771177085236673,1.0,0.2244260086448492
1212,0.84,-0.06000000000000005,0.19223323916263968,0.03421989323234821,0.0038000981435208666,0.5429639832067136,0.4419688534311867,0.08542996077000162,0.06218553542403709,0.002994297439807245,1.0,0.22440058876561125
1213,0.84,-0.06000000000000005,0.1927826985992899,0.034338500393269224,0.0038276372514281032,0.5427603541179912,0.44172305500414694,0.08398278388365427,0.06228625488107375,0.0030072293102893226,1.0,0.22738050097475024
1214,0.84,-0.06000000000000005,0.19333436918449656,0.03444606840489892,0.003822297850420348,0.5425560591803158,0.44147654232665895,0.08286080155422419,0.062373350624890356,0.0030143255202687135,1.0,0.22734807530407336
1215,0.84,-0.06000000000000005,0.19389409410686745,0.034543297142775785,0.0038184153395374,0.5423489386739392,0.4412267116267046,0.08205331338942763,0.06244067380825999,0.0030158145614777154,1.0,0.227592482650046
1216,0.84,-0.06000000000000005,0.19446379176664252,0.034630549094487546,0.0038201149328703507,0.5421382901823166,0.44097271983234826,0.08154177418682468,0.06248226123502561,0.0030120253005588155,1.0,0.22796098046709118
1217,0.84,-0.06000000000000005,0.19503188015185777,0.03470998640623972,0.0038183367272696775,0.5419283996039291,0.4407197365261333,0.08130857728470581,0.062492345168283885,0.0030032121853466134,1.0,0.2280002910881875
1218,0.84,-0.06000000000000005,0.19559875912829075,0.034775329609026545,0.003819352870995222,0.5417191178020401,0.44046758097656397,0.0813395875366966,0.06246524581380419,0.0029902755227519994,1.0,0.22766399723439978
1219,0.84,-0.06000000000000005,0.19615873663772784,0.03482894131443401,0.0038233632159315463,0.5415125425414682,0.4402187784254026,0.08162448314330888,0.06239537265250424,0.0029778284327321163,1.0,0.22720954615976185
1220,0.84,-0.06000000000000005,0.19671446636292977,0.0348688762193849,0.0038242260488256844,0.5413076899859411,0.43997214093067355,0.08215224488551011,0.062277077903660716,0.0029661125033883006,1.0,0.22672734081031093
1221,0.84,-0.06000000000000005,0.1972442003808611,0.03488495374309546,0.003845207334515199,0.5411125641756227,0.43973729768448333,0.08291349507224607,0.0621050037677329,0.002955039183727976,1.0,0.22452455497617752
1222,0.83,-0.07000000000000006,0.19771837360187564,0.03485645450623004,0.0038816179055600995,0.5131782599309811,0.3977007457984415,0.08389317509937028,0.06187373528084607,0.0029443708954678583,0.0,0.21909411383537752
1223,0.82,-0.08000000000000007,0.19826701764471463,0.03484528517386465,0.0038541920220803395,0.48796422529067823,0.35965578512333995,0.08252011292346277,0.06159943917873758,0.0029362779198262214,0.0,0.2247154014104632
1224,0.81,-0.08999999999999997,0.1990284005024871,0.03486573071765352,0.003980971986326377,0.46505397515620167,0.3251807961412019,0.07891578338421222,0.061297035803586884,0.0029492530906618077,0.0,0.23765283286422823
1225,0.81,-0.08999999999999997,0.19987862983702165,0.034967667648853645,0.004050452631534958,0.4648228474791224,0.3249029497855677,0.07311409172292738,0.06098275045866871,0.0029829716440497958,1.0,0.24615126554703062
1226,0.81,-0.08999999999999997,0.20086104446032443,0.035198949513929385,0.004136136175377205,0.464556072270521,0.324582497299236,0.06787242867804608,0.0606469951311894,0.0030096885407571365,1.0,0.25774994561669895
1227,0.81,-0.08999999999999997,0.20189594687273776,0.035397119411460086,0.004152721084479357,0.46427537497276977,0.3242456068703029,0.06312632534453025,0.060279324827847564,0.003030163899190546,1.0,0.25988271529847257
1228,0.81,-0.08999999999999997,0.20290166229239148,0.03550459861475268,0.004169041442713868,0.464002918887273,0.3239188869936272,0.0588638690720378,0.059868080014745584,0.0030445160667041753,1.0,0.2564731523418487
1229,0.81,-0.08999999999999997,0.20399085602801187,0.035661358078886395,0.004222469314712867,0.46370820834406934,0.32356578995103713,0.055107174631731225,0.05939987668247414,0.0030526435326335482,1.0,0.2630271364471063
1230,0.81,-0.08999999999999997,0.20508538520835365,0.0357542800098476,0.004196290872577863,0.4634124310377443,0.32321173787724505,0.05178519150160544,0.05886095464627463,0.003055350019155818,1.0,0.26229605614189305
1231,0.81,-0.08999999999999997,0.20624843789815941,0.03581947757634323,0.004192615442063875,0.4630985496729564,0.3228363683242995,0.048910729034316605,0.05823610741699433,0.0030525136790896423,1.0,0.26582566101170996
1232,0.81,-0.08999999999999997,0.20745168695065314,0.03578382909560117,0.004166236475720387,0.4627742674114648,0.3224489421005496,0.04644635992114064,0.05750905558606794,0.0030446043856824164,1.0,0.2659518247897985
1233,0.81,-0.08999999999999997,0.20895208656614525,0.036188564208537305,0.004390220985470306,0.4623705371152079,0.32196713907295726,0.04437639123119866,0.056662139716876475,0.003031896872282177,1.0,0.2929291996435523
1234,0.81,-0.08999999999999997,0.21049883675855433,0.03643130677002455,0.004389003882661507,0.4619550714753328,0.321471957018991,0.042668625587765484,0.05567629703627696,0.0030146397678922493,1.0,0.2927613489467351
1235,0.81,-0.08999999999999997,0.2120490609465142,0.03660261173804091,0.0043833861101511785,0.4615394211822786,0.3209771887405974,0.041298791885511076,0.054530044334520474,0.002993129717502064,1.0,0.2928204046269236
1236,0.81,-0.08999999999999997,0.21362992546069803,0.03674858352981401,0.004364954507156393,0.46111632511178285,0.32047420728032805,0.04024487712832421,0.05319898201512744,0.002967734661810301,1.0,0.2952692220906096
1237,0.82,-0.08000000000000007,0.21526624347720272,0.036760917363091894,0.004339748705392691,0.4829266294424903,0.35360522617657947,0.03950153755959277,0.05165475957890543,0.0029641021730783096,1.0,0.29654102616252853
1238,0.83,-0.07000000000000006,0.21686729316678857,0.03678974336124071,0.004330891461506507,0.5069139703333637,0.39017599016718096,0.0390482314681955,0.049940500351733995,0.0029561384945099227,1.0,0.29678137191716125
1239,0.84,-0.06000000000000005,0.21845548905124848,0.036769967220791025,0.004294984400068128,0.5334133990348461,0.4305355337007482,0.038873069436183,0.04810630851090344,0.002922595246597653,1.0,0.29661320430393356
1240,0.85,-0.050000000000000044,0.2200071494396882,0.0367644084472697,0.0042828645508293664,0.5628507736246574,0.4750881046742034,0.03896432202300861,0.04620926211377611,0.002866780302871442,1.0,0.29668262139755164
1241,0.86,-0.040000000000000036,0.22154460687782973,0.0367176607829069,0.004197545627101634,0.5957333768238161,0.5242596017245859,0.03930744099378497,0.044311028083142655,0.0027933211260056643,1.0,0.2965316085359834
1242,0.87,-0.030000000000000027,0.22299481544584115,0.03678175334121705,0.004115158084026678,0.6327403970006925,0.5785712324544122,0.039882222160077155,0.042476555782511284,0.002700766594965405,1.0,0.29640430783358557
1243,0.87,-0.030000000000000027,0.22433043046590334,0.036882752244081426,0.004124813853536669,0.6320686648125918,0.5778132851029291,0.04068364685703599,0.0407792834867063,0.0026182060289854764,1.0,0.29322862050548126
1244,0.87,-0.030000000000000027,0.22564866404403414,0.036983013564445034,0.004126318037239611,0.6314070714894923,0.5770671462952185,0.0416955858678328,0.03920097801399106,0.002544934265882973,1.0,0.29371024245896077
1245,0.87,-0.030000000000000027,0.22697410769005327,0.03703726928123708,0.00409132593319836,0.6307432544967753,0.5763188668065303,0.042906868536272354,0.03772469317681023,0.0024805957706956192,1.0,0.2940985414808976
1246,0.86,-0.040000000000000036,0.22825838753049102,0.037106708773671206,0.004053222382493393,0.5927519980893565,0.520820504529214,0.04431634536677984,0.03633384189629287,0.0024247212055783134,0.0,0.2938346782447855
1247,0.85,-0.050000000000000044,0.22961870520911756,0.037417750438543014,0.004168712105227859,0.5590474727097847,0.4706323435526392,0.04336963353565331,0.03504706171383855,0.0023708146414324733,0.0,0.3054745768195698
1248,0.86,-0.040000000000000036,0.23101559419113507,0.03774350087639257,0.004155322945513358,0.5915362355973701,0.5194211753890603,0.04018069564031539,0.03388267281350499,0.002319279504633525,1.0,0.3089252911345879
1249,0.86,-0.040000000000000036,0.23236619917062984,0.0380944109031761,0.004134290795907151,0.5909425179198031,0.5187384606470673,0.0374005139061126,0.03290244754667564,0.0022704140904906667,1.0,0.3090731320090749
1250,0.86,-0.040000000000000036,0.23369206111513122,0.03842386089682192,0.004076125315260068,0.5903608352511226,0.5180699966362632,0.03502275881309417,0.032086399608643276,0.00222391605564452,1.0,0.3088288521952341
1251,0.86,-0.040000000000000036,0.23535370433300795,0.039733683317180274,0.004472302744734503,0.5896334533757364,0.5172346693222248,0.03301855087853149,0.03141435454807012,0.0021796497714482743,1.0,0.34840964193067275
1252,0.86,-0.040000000000000036,0.23702301344547191,0.04094057103241251,0.004445080330324257,0.5889045183680893,0.5163981962926406,0.03137076073899867,0.030866427537438675,0.002137503317077044,1.0,0.34881700717192365
1253,0.86,-0.040000000000000036,0.23869528576784077,0.04217761864100775,0.0044757145012406215,0.5881760942794251,0.5155629467425322,0.030052258626200125,0.030423297895101706,0.0020979009362375287,1.0,0.35221571243027994
1254,0.86,-0.040000000000000036,0.24039559045509548,0.043373769212551726,0.004464252759114271,0.5874373048283308,0.5147164615958304,0.029054193390492034,0.03006530645761761,0.0020595573822210196,1.0,0.3546530265812327
1255,0.86,-0.040000000000000036,0.24205877626123581,0.04451400259283939,0.004451018177721821,0.5867164370895976,0.5138911407903298,0.028363615303872682,0.029776443305549054,0.0020235957040248367,1.0,0.354513165091249
1256,0.86,-0.040000000000000036,0.24374023183242916,0.045556354330611656,0.0043777978937983185,0.585989447003256,0.5130594401329426,0.027958736303366774,0.02953928564643124,0.0019897516494566474,1.0,0.354890056548722
1257,0.86,-0.040000000000000036,0.2453490218822344,0.04661289222664905,0.004339196349844788,0.5852955589071089,0.5122661983370238,0.02782992629368868,0.029338359728754124,0.0019576002421203722,1.0,0.3552492039758046
1258,0.86,-0.040000000000000036,0.24690926335961375,0.04762068847806083,0.004306257857042729,0.5846241781924321,0.5114992336982607,0.027962977539980984,0.02916028284418328,0.0019298695417789063,1.0,0.35457504701169906
1259,0.86,-0.040000000000000036,0.2485169645706608,0.04853319646336181,0.004307788013181894,0.5839339846290077,0.5107113381248802,0.028342722711987733,0.02899287249241015,0.0019087266651833038,1.0,0.3553859526269604
1260,0.86,-0.040000000000000036,0.25013314630331374,0.04937310923999854,0.004299992112650858,0.5832417909610887,0.509921729203103,0.02895704325363096,0.0288253859272285,0.0018937849609689291,1.0,0.35557458463006686
1261,0.86,-0.040000000000000036,0.25174147766385757,0.05009989208281631,0.00430413074056975,0.5825545867170143,0.5091383758323325,0.029798425969078345,0.02864830040221356,0.0018847851010881888,1.0,0.35382912126347765
1262,0.86,-0.040000000000000036,0.25332306778382063,0.05075473468645601,0.0043043826943773055,0.5818803858149201,0.5083703906187379,0.03085598192437512,0.02845309180422342,0.0018814402682665913,1.0,0.3524907364080231
1263,0.86,-0.040000000000000036,0.2548822370324349,0.05127048104824361,0.004323760482510279,0.5812172682535373,0.5076155569445412,0.03213034618601079,0.02823192425624788,0.0018835746349198427,1.0,0.34893520784462895
1264,0.86,-0.040000000000000036,0.25605487702684865,0.05114555486154889,0.004714702280166184,0.5807195372537998,0.5070493272108582,0.03359456048248305,0.02797792447987522,0.0018907035047593522,1.0,0.30864515488635125
1265,0.86,-0.040000000000000036,0.25724410630254946,0.05097334796747469,0.0047125337725282416,0.5802156347708189,0.5064763757513765,0.03524692956734832,0.027684722986378477,0.0019027404206472035,1.0,0.30871726802470767
1266,0.86,-0.040000000000000036,0.25843413978097335,0.05076678481179253,0.004709590127864658,0.5797122661507828,0.5059043315278112,0.03707109949846783,0.027346232777715272,0.0019193299782968968,1.0,0.30851089290250716
1267,0.87,-0.030000000000000027,0.25961668646466474,0.05053582087245966,0.004649477820835551,0.6148243500223056,0.5584839383297671,0.039051802740631796,0.026956684519632148,0.0019141234214217506,1.0,0.30826000937314846
1268,0.88,-0.020000000000000018,0.2607396383586121,0.050361681674415106,0.004582189021424305,0.6544961080641234,0.6165638148850323,0.04117175775068658,0.026563773285474462,0.0018890689345268548,1.0,0.3085025323239974
1269,0.88,-0.020000000000000018,0.26151164777367997,0.05006319845058862,0.004850431411773007,0.6540804981416455,0.6161133663291962,0.04343405257778764,0.026210495703344522,0.0018703333498743429,1.0,0.28031239852860124
1270,0.88,-0.020000000000000018,0.2622667920688424,0.049769918261705036,0.0048470764448352065,0.653674477870551,0.6156733944683965,0.04582972427048194,0.025888450481872778,0.0018573176180602191,1.0,0.2802600236889433
1271,0.88,-0.020000000000000018,0.2630221306945659,0.04945756793172067,0.0048449413610185555,0.6532688570688765,0.6152339375535064,0.04835614785445444,0.025591370586650387,0.0018499843252812083,1.0,0.2798949401785391
1272,0.88,-0.020000000000000018,0.263754950348518,0.04913334303815997,0.004788723817901802,0.652875809890717,0.6148081813655139,0.05100576361890856,0.025314186266645125,0.0018477059678404333,1.0,0.2782194998096569
1273,0.88,-0.020000000000000018,0.2643740224350084,0.048868886886496994,0.004828156111519996,0.6525441394747405,0.6144489695454077,0.0537819284696495,0.025053734563929213,0.001850844226870679,1.0,0.2740857202009225
1274,0.88,-0.020000000000000018,0.26499866382163073,0.04859322328307187,0.004827391853785333,0.6522098266561747,0.6140869513631451,0.056684038236760666,0.02480735033350527,0.0018588772959840126,1.0,0.27441266767358735
1275,0.88,-0.020000000000000018,0.26563123190727483,0.048304145218798174,0.004828638637179022,0.651871620326787,0.6137207736497718,0.05968529903819313,0.024574108830069136,0.0018715581172095025,1.0,0.274802728587362
1276,0.88,-0.020000000000000018,0.26619511648387734,0.04799450612649701,0.004895445456673346,0.6515704316090095,0.6133947230424863,0.06279594830442031,0.024353792278155217,0.0018888721474581381,1.0,0.2676677483254158
1277,0.88,-0.020000000000000018,0.2667647705051287,0.047670105325364885,0.004895328611552715,0.6512664437218285,0.6130656880012866,0.06603235798111248,0.024147087890657035,0.00191080499548398,1.0,0.26772358765828286
1278,0.88,-0.020000000000000018,0.26730212132956405,0.0473366874109728,0.004924375256749279,0.6509799538464935,0.6127556348272085,0.06934380685619193,0.02395551601134829,0.0019366957944696296,1.0,0.26442586097687276
1279,0.88,-0.020000000000000018,0.26784388897588524,0.04698959377828605,0.004923414741975078,0.650691364186901,0.6124433504619354,0.07275816638297637,0.02378132400675038,0.0019666222365937298,1.0,0.2644454343585116
1280,0.88,-0.020000000000000018,0.2682609312841612,0.04665964191262529,0.005047573712377188,0.6504693876543498,0.6122031767023437,0.0762418341643355,0.02362730067657733,0.0020001250898891887,1.0,0.25185823620969416
1281,0.88,-0.020000000000000018,0.2686405582423817,0.046341084878177397,0.00508092464851722,0.650267457596332,0.6119847140828432,0.0798007172053523,0.02349666541845083,0.0020350481285745722,1.0,0.24841216128316135
1282,0.88,-0.020000000000000018,0.26901604083214703,0.046020243177197315,0.005083192514140073,0.6500678552885043,0.6117687897260811,0.08343597008775136,0.02339304145559,0.0020681610135562718,1.0,0.2481420566863153
1283,0.88,-0.020000000000000018,0.26928023854435773,0.04575944783541167,0.005193307869640054,0.6499274841931907,0.6116169519542797,0.08715112225651794,0.023320361602473836,0.0020996547453012862,1.0,0.23705915483102963
1284,0.88,-0.020000000000000018,0.2695470578497611,0.045492694554714615,0.005193941928576057,0.6497857817305027,0.6114636839967015,0.0909486436168002,0.02328282836868442,0.002129687047464395,1.0,0.23713983248951684
1285,0.88,-0.020000000000000018,0.26976064054222815,0.04526442536536397,0.005239362444164128,0.6496723967008958,0.6113410518802379,0.09480639019116568,0.023284471989824217,0.002158131648843718,1.0,0.2318340770197112
1286,0.89,-0.010000000000000009,0.26997580985598607,0.04502877899876578,0.005183804807226396,0.6946818384946756,0.675499870278816,0.09870793443206421,0.02332895480003982,0.0021838415696166062,1.0,0.23118361472220078
1287,0.89,-0.010000000000000009,0.2701295567868598,0.0448695633857942,0.005131701067087192,0.6945885463537868,0.6754023828079571,0.10272210952949298,0.023457733050426248,0.002213957732000751,1.0,0.23119204478813843
1288,0.88,-0.020000000000000018,0.270320356848613,0.04465629432082586,0.005145240811499435,0.6493754467349073,0.6110199145276903,0.10681575791729872,0.02367220006783851,0.0022480698427534804,0.0,0.22973065753636057
1289,0.88,-0.020000000000000018,0.27055563621805107,0.04440191310754286,0.005184706351543977,0.6492507034483822,0.6108850236349133,0.10835471548878366,0.023921877236790352,0.002259405117714219,1.0,0.23405763574988342
1290,0.87,-0.030000000000000027,0.27080650976732096,0.04412971997925521,0.005190549084424089,0.60955072577437,0.5526215428380673,0.11007379141471087,0.024205897811771328,0.0022754322131374473,0.0,0.23519716398395296
1291,0.87,-0.030000000000000027,0.27110647907423185,0.04382080204705569,0.005244182042067876,0.6094105988088565,0.552466081057876,0.10940416520965858,0.02447414479942889,0.002280806006173973,1.0,0.24066783742699027
1292,0.87,-0.030000000000000027,0.2724287906474611,0.043976828817006874,0.006269485824895431,0.6087936644355565,0.5517818225685904,0.05604285630792876,0.024308653965328608,0.002815822055161608,1.0,0.3430630746951326
1293,0.87,-0.030000000000000027,0.27383255804779183,0.04419969087026496,0.0063399439048007185,0.6081400916594137,0.5510572653942832,0.05132392202733939,0.024148739592184054,0.0028570533376823556,1.0,0.3503184946370583
1294,0.87,-0.030000000000000027,0.2751789943083156,0.044275104302033345,0.006395661336126836,0.6075145285286709,0.5503640854258894,0.04708989879945449,0.02399489298127338,0.002891002846200091,1.0,0.34430531062506897
1295,0.87,-0.030000000000000027,0.2766224716510599,0.04448430832564624,0.0064981452992061714,0.6068453073451651,0.5496228805840918,0.04332195820259735,0.023844945311610063,0.0029179932011304003,1.0,0.35450657715781714
1296,0.88,-0.020000000000000018,0.278244340598378,0.04498331880631676,0.006650448885102646,0.6452004213150935,0.6065094584548721,0.039998134846418815,0.023694484528949147,0.002937965072848953,1.0,0.3722903834273037
1297,0.89,-0.010000000000000009,0.2798419183539491,0.04546533693081224,0.0065909892812402,0.6887455407715098,0.6693005110367383,0.037096076022982524,0.023576482477687784,0.0029301388306635623,1.0,0.3725670155183455
1298,0.9,0.0,0.2813870168682624,0.04599286451189022,0.006296116876317646,0.7386298656883507,0.7386298656883507,0.0345955575167249,0.023520153647733643,0.002898422784991862,1.0,0.3734822242659857
1299,0.9,0.0,0.2826318739194868,0.046779541082787625,0.0060233364595888355,0.7377767727094885,0.7377767727094885,0.03247420776032562,0.02354132379325455,0.0028679852073067525,1.0,0.3735656547920663
1300,0.9,0.0,0.2838198261517946,0.04809034478103471,0.006214211460242093,0.7369645117624026,0.7369645117624026,0.030720825835513034,0.023621789143427104,0.0028393408871534623,1.0,0.3949638646826385
1301,0.9,0.0,0.28507942434746264,0.04956592157498747,0.006310616667931345,0.7361052142770407,0.7361052142770407,0.02931813521401448,0.02374518148661586,0.002811695069267312,1.0,0.40463004584457263
1302,0.9,0.0,0.2863410804305888,0.05097550406680414,0.006311792482149098,0.7352465193460751,0.7352465193460751,0.02824088190988088,0.02389824373208954,0.0027856355838353658,1.0,0.4049579001910745
1303,0.91,0.010000000000000009,0.2876070414234,0.05232128406060454,0.005934493151287876,0.6841442480250587,0.6645007516522702,0.02747106530104296,0.024069674399038034,0.0027351944217423904,1.0,0.40517694242063007
1304,0.91,0.010000000000000009,0.2885004270587753,0.05354938521283277,0.005084010539009406,0.6836188049318074,0.6639529463465639,0.026994649579511337,0.024256108333970065,0.002520871809511417,1.0,0.40549108266186523
1305,0.91,0.010000000000000009,0.2902243250347053,0.05445829757666105,0.00509626288218207,0.6826071755103005,0.6628984372088949,0.026797021127671964,0.02430108072835133,0.0025028514138968915,1.0,0.40403039786052697
1306,0.91,0.010000000000000009,0.2919526378394068,0.05529979571052829,0.0049782525051942856,0.6815959564570059,0.6618445846546662,0.026864548345429975,0.024309403807969646,0.0024820418097766367,1.0,0.4042241779104295
1307,0.91,0.010000000000000009,0.2937844293813302,0.0559006320144406,0.004980174587574327,0.6805274583683237,0.6607312866493601,0.02718244699121935,0.02427330399851343,0.002462261691670128,1.0,0.4026952442609365
1308,0.92,0.020000000000000018,0.29543696961767524,0.05608343354290669,0.005146461851368919,0.6363239521800638,0.5969485164122329,0.027742267561857832,0.024184576693303844,0.002466740787610203,1.0,0.3834314662092226
1309,0.92,0.020000000000000018,0.296916810884766,0.056051601283973324,0.0052867764254114795,0.6355713200778997,0.5961396366905848,0.028529516117212533,0.024072966268932235,0.0024732448616894406,1.0,0.368962908219849
1310,0.93,0.030000000000000027,0.2983010443435834,0.05588240119870974,0.0053485294930202,0.5969692034033413,0.5387266241723468,0.029534790549725288,0.023933022659702808,0.0024617190327468215,1.0,0.35997954255166753
1311,0.93,0.030000000000000027,0.2996648080841055,0.05572676086189169,0.00535658424318342,0.5963586500352587,0.5380555846366195,0.030747064950342306,0.02379746049054782,0.0024558228403794642,1.0,0.3608023826970643
1312,0.92,0.020000000000000018,0.30101509860678666,0.05552224704694111,0.005340350197266219,0.6334962354326414,0.5939109157727054,0.03214964065118011,0.023660936901548954,0.0024553723233541156,0.0,0.35942964103372843
1313,0.92,0.020000000000000018,0.3023576819413108,0.05534843467430027,0.005362337750021327,0.6328193890544324,0.5931844147507156,0.03118485239966203,0.02354002553105111,0.002453784504385308,1.0,0.36163883442716116
1314,0.92,0.020000000000000018,0.3037070542868104,0.05514777611257061,0.005366399043767804,0.6321405758339589,0.5924560287359787,0.030525879259086106,0.023427709386362128,0.002452284352625503,1.0,0.36228530985403495
1315,0.92,0.020000000000000018,0.30505353985266653,0.054916228754063164,0.005363124021559019,0.6314646649102361,0.5917309818823634,0.03015381270003626,0.0233173204549356,0.0024508755380441586,1.0,0.3622410392356594
1316,0.92,0.020000000000000018,0.30639819706351856,0.05465773730462898,0.005364602321513965,0.6307911127296573,0.5910086883974786,0.03005457151192427,0.023202595905718805,0.002449522450023887,1.0,0.36242670155229545
1317,0.92,0.020000000000000018,0.30773571193630717,0.05435859797902252,0.005368022819811575,0.6301225621681281,0.5902919786593657,0.030213644356059915,0.02307764876435851,0.002450816011560704,1.0,0.36175177836704453
1318,0.92,0.020000000000000018,0.30907104314587225,0.05401426190775832,0.005369035032958015,0.6294565152782052,0.5895781709816026,0.03061945873438198,0.022936864230616118,0.0024520374132951466,1.0,0.36119711819090916
1319,0.92,0.020000000000000018,0.310411275023687,0.05362778795486392,0.00536452402690629,0.6287894382938128,0.5888634773759701,0.03126380149069324,0.02277477767296263,0.0024532149992962577,1.0,0.3612327339412395
1320,0.92,0.020000000000000018,0.31175570458460294,0.05319649353720251,0.0053429043421103625,0.6281216910188177,0.5881482840636238,0.032126936209463865,0.022586115477753868,0.002454244135983476,1.0,0.36117029690190305
1321,0.92,0.020000000000000018,0.31312639201284254,0.05269471760037041,0.005292324137639963,0.6274423605425357,0.5874209086741234,0.033205401851082644,0.02236557063248998,0.0024552419704733206,1.0,0.3615932978001336
1322,0.93,0.030000000000000027,0.3145488348537702,0.05205317666673583,0.00523811820124503,0.5897754103297356,0.5308391297530622,0.03448933685160677,0.02210786295584405,0.0024543416959744986,1.0,0.36133839792814626
1323,0.94,0.039999999999999925,0.31588998363643994,0.05144552970818494,0.005132771603234361,0.5564064716995615,0.47974332890776683,0.03596380150693964,0.021850928806702426,0.0024328279092682595,1.0,0.3588302796774374
1324,0.95,0.04999999999999993,0.317103480599309,0.05101515804420166,0.005048668742536314,0.5266558205696139,0.4336161322673202,0.037622864551120516,0.021630671994977427,0.0023909831757621585,1.0,0.35900252915113307
1325,0.95,0.04999999999999993,0.31823773309950104,0.05068488177282696,0.004937308200570953,0.5262604881417091,0.43317440902537985,0.03945143707603251,0.02147472202398628,0.0023565075139442867,1.0,0.3595765155662306
1326,0.95,0.04999999999999993,0.3192304239867931,0.050462104336281205,0.004941598216111906,0.5259149823081667,0.4327885533652657,0.04144808345064097,0.02136786274403328,0.002328735221430071,1.0,0.35701903434590254
1327,0.95,0.04999999999999993,0.3202081125696507,0.050249462098404925,0.004913547471482706,0.5255751411740983,0.43240920036946723,0.04361918527093162,0.02129832329135826,0.0023076104289835885,1.0,0.3576515735842356
1328,0.95,0.04999999999999993,0.32122685681661767,0.049978948941385805,0.0048543759497559355,0.5252214961765462,0.43201462422366893,0.04594459525630316,0.02125704467166973,0.0022931530102468707,1.0,0.3583475770385429
1329,0.95,0.04999999999999993,0.3220254561433336,0.04967974587153037,0.005003158046873352,0.5249446044684873,0.43170581691425985,0.04841239951370995,0.021237344943861296,0.002284524940825467,1.0,0.3428870691187054
1330,0.95,0.04999999999999993,0.32282354441927397,0.04935378432139514,0.004975406334883034,0.5246681814683255,0.4313976479581756,0.050994451512621684,0.021235140771740962,0.0022815712997307485,1.0,0.34210488373592995
1331,0.95,0.04999999999999993,0.3235342884974973,0.0490386048737587,0.005026705841184086,0.5244222556455128,0.43112357569991433,0.053703080111785303,0.02124826371292234,0.0022840385672659776,1.0,0.3369000688340374
1332,0.95,0.04999999999999993,0.324269135181661,0.048719771840546267,0.004779827553490927,0.5241682323233696,0.4308405750771978,0.05651738488392982,0.021276291351362206,0.002291557113550851,1.0,0.3394364932061685
1333,0.95,0.04999999999999993,0.32459097893625566,0.04861787531335562,0.00492280803234269,0.5240570541854978,0.43071674512022473,0.059442327425783384,0.021320283806606978,0.0023038518296965116,1.0,0.32511357510302663
1334,0.95,0.04999999999999993,0.32478003444519454,0.048530414409435445,0.005058036512971221,0.5239917685832589,0.4306440388584258,0.062477363872687965,0.02138252045352651,0.0023206720594404527,1.0,0.3116668998406136
1335,0.95,0.04999999999999993,0.32492139904689127,0.04845764762329001,0.005080877094590722,0.5239429624735586,0.43058968942477127,0.0656157613661312,0.02146619381730948,0.00234172744061476,1.0,0.30695686479659723
1336,0.95,0.04999999999999993,0.3249004262827247,0.048470928763934815,0.005207272196113173,0.5239502027431805,0.43059775180619664,0.0688458458656366,0.021575112084839074,0.0023668460762791433,1.0,0.2931719456739555
1337,0.95,0.04999999999999993,0.3248709642694858,0.04848904946783553,0.005209115967931925,0.5239603740304044,0.430609078147453,0.07216822844643221,0.02171364099491379,0.0023958266468791264,1.0,0.29359482483864474
1338,0.95,0.04999999999999993,0.3247972709412915,0.048537259804667,0.0052496676661913655,0.5239858171985623,0.4306374113320584,0.07556768205639017,0.021886284908854265,0.0024283952486765553,1.0,0.2894120390977325
1339,0.95,0.04999999999999993,0.32471800802476003,0.04858966423399431,0.005256290992992717,0.5240131860667426,0.4306678900419396,0.0790482022132706,0.022097738254067693,0.002462630274636705,1.0,0.2886869126507807
1340,0.95,0.04999999999999993,0.32441942501719623,0.04885205502243708,0.005475599873275993,0.5241163101309282,0.4307827419355301,0.08261819333431614,0.022352813324657717,0.002495224942821243,1.0,0.2668243206411681
1341,0.95,0.04999999999999993,0.32412709423411934,0.04910487232202562,0.005479104003424746,0.5242173141435716,0.4308952482333399,0.0862363787473156,0.022655485588540112,0.0025259663998586897,1.0,0.2672985302282925
1342,0.95,0.04999999999999993,0.3238213369031467,0.04937101014882361,0.0054618743889183015,0.5243229988607329,0.43101298476019795,0.08992945913550233,0.023009771708918717,0.002555175043204426,1.0,0.2658285747363261
1343,0.95,0.04999999999999993,0.3235132557106378,0.04965625048583099,0.00549143450536529,0.5244295299272093,0.431131681218648,0.09369413276955942,0.023419228751049473,0.002582980443439378,1.0,0.2624205012545946
1344,0.94,0.039999999999999925,0.3231987757803484,0.04994275699638661,0.005489110796301024,0.5535754730286832,0.4766081749162217,0.09752734023886657,0.023886819963691904,0.0026094645323370305,0.0,0.2622622494300201
1345,0.94,0.039999999999999925,0.3229488471369005,0.05014986449552822,0.005555571043472417,0.5536718049720749,0.47671470662761456,0.098913580058905,0.024363862442365384,0.0026092298150595648,1.0,0.26910567713609995
1346,0.95,0.04999999999999993,0.322713431186405,0.05034087240712171,0.005449990310991148,0.5247063025805644,0.43144014024630617,0.10047317856650163,0.024853864467175198,0.0026154205895693645,1.0,0.2702930831952386
1347,0.96,0.05999999999999994,0.3222726717751875,0.05068167742203083,0.005504977514853758,0.49868501913079594,0.3905371598691262,0.10222150654865388,0.025353178877730437,0.0026008689742846604,1.0,0.26139863569782196
1348,0.96,0.05999999999999994,0.3217904548429455,0.05103455570500339,0.005510504756398721,0.4988358712777778,0.3907057594006755,0.10414494476601059,0.02585411851242341,0.002592214999367023,1.0,0.2607035979103838
1349,0.96,0.05999999999999994,0.3213094530440231,0.0513776692411627,0.00551075803309183,0.49898643424230815,0.3908740791655979,0.106232517868225,0.026356185969405376,0.0025892838681467805,1.0,0.26097295211684235
1350,0.96,0.05999999999999994,0.3198371305616064,0.05376821971046223,0.006114753572766994,0.49944786536733565,0.391390200121847,0.23831399525229985,0.032096910000124455,0.0039031956807681154,1.0,0.16159660395356246
1351,0.96,0.05999999999999994,0.3179699205348074,0.055941760309521506,0.006111568421817022,0.5000342845340114,0.39204671211645453,0.23495354350180142,0.03666769664090525,0.003920495293000092,1.0,0.16168863925076615
1352,0.96,0.05999999999999994,0.31609711621364545,0.05797561244816955,0.006078774067641985,0.5006238455505412,0.3927074071506358,0.23202892308397732,0.04049182241756005,0.003936718710222571,1.0,0.1615365750557386
1353,0.96,0.05999999999999994,0.3141794060306583,0.05988927501204206,0.006065183833028078,0.5012289853622626,0.39338625583499154,0.22947823647717094,0.043785255250649274,0.003952401754375079,1.0,0.16044469413156265
1354,0.96,0.05999999999999994,0.31223742074561284,0.061667546475196525,0.0060638701204537414,0.5018432779366845,0.3940760935548511,0.2272950273934293,0.04667836784975493,0.0039674788351540926,1.0,0.160454498076687
1355,0.96,0.05999999999999994,0.31029610397443724,0.06333914615026785,0.006060800611822615,0.5024588658345797,0.39476811618386304,0.22548612193107526,0.049258445866437114,0.003981660920627307,1.0,0.1603814879736954
1356,0.96,0.05999999999999994,0.3083545837448025,0.0648989051707833,0.006060774330857628,0.5030760305677878,0.39546264646996004,0.22403223534703764,0.051587281844421025,0.003995045532489523,1.0,0.1607380335852442
1357,0.95,0.04999999999999993,0.3064092497515601,0.06636312684673909,0.006054189199237184,0.5304125966868412,0.43782561209094184,0.22290511373091632,0.05371056410794926,0.0040050866473362815,0.0,0.16071580465156265
1358,0.95,0.04999999999999993,0.3044862329736052,0.06771202767358284,0.006061731208826941,0.5310938257961166,0.4385912377337647,0.21954361725801594,0.055594999474822916,0.004035205347345308,1.0,0.16227336921621005
1359,0.95,0.04999999999999993,0.3025499670584813,0.06898529807772613,0.006065017836084838,0.5317815186870892,0.43936484856646535,0.2165747144580425,0.0572814106168539,0.0040589890065203605,1.0,0.16175936111457184
1360,0.95,0.04999999999999993,0.30062282085995856,0.07015892192079294,0.0060585041017073155,0.53246774323208,0.4401375303184552,0.21401098654970094,0.05880294949366448,0.004076386432711211,1.0,0.1628599647777863
1361,0.95,0.04999999999999993,0.2987177079996491,0.0712661375186883,0.00604961001685165,0.5331478650836307,0.4409040538390644,0.2118251090513429,0.06018633687593334,0.00408778362001486,1.0,0.16331783523253007
1362,0.94,0.039999999999999925,0.2968537971041096,0.0722658170131918,0.0060417946942066805,0.5639177338334933,0.48810601686368565,0.2100170422394486,0.06145401789776934,0.004093174554865958,0.0,0.1660996468540723
1363,0.94,0.039999999999999925,0.2950498386612045,0.07318890112336504,0.005659468065335709,0.5646400694298266,0.48891365290158423,0.2060201057462152,0.06257305403286059,0.004118757607358494,1.0,0.16853936355412363
1364,0.94,0.039999999999999925,0.29365978021416206,0.07423013313648953,0.005669850221796572,0.5651979360351067,0.4895378105576276,0.20250271828694374,0.06356841722371512,0.00413759617679694,1.0,0.16963931018210565
1365,0.94,0.039999999999999925,0.2922800548506686,0.07521318259164143,0.0056789314982719176,0.5657527468629703,0.49015890640004595,0.19941821954239058,0.06446052883328175,0.004150326770872027,1.0,0.1707447316753654
1366,0.94,0.039999999999999925,0.290905214801188,0.07615458984320603,0.005679247384632673,0.5663066777354835,0.490779372715354,0.1967446527118827,0.0652665269839465,0.0041573253929765115,1.0,0.17102688795443888
1367,0.94,0.039999999999999925,0.2895371726470304,0.07705400552407522,0.005681130041724654,0.5668589474275899,0.49139833230190955,0.19445586459770417,0.0660008203770639,0.0041590307778666515,1.0,0.17145579395739374
1368,0.94,0.039999999999999925,0.28818288664486014,0.07789432387550903,0.005412726045302211,0.5674067258450189,0.49201260771704347,0.19252525564171385,0.06667554566108902,0.004155680415532198,1.0,0.1730739321069681
1369,0.94,0.039999999999999925,0.2871092613221025,0.07873080759616162,0.005413450196963509,0.5678417361824292,0.4925006738147588,0.1909376779539815,0.06730125117317713,0.004147517849825512,1.0,0.1729498662528417
1370,0.94,0.039999999999999925,0.28604078953707274,0.07953740040162792,0.005414439039617231,0.5682753211393233,0.4929873594249697,0.18966820340602564,0.06788692598192854,0.004134821394916254,1.0,0.17341284518596456
1371,0.94,0.039999999999999925,0.28497755137516095,0.0803192637497705,0.005399114175299203,0.5687074400810322,0.4934726168985022,0.18872302337356786,0.06844070656530289,0.0041176048723708366,1.0,0.17357112398736185
1372,0.94,0.039999999999999925,0.2839205380274115,0.08109304085579082,0.005367994774732691,0.5691376810503093,0.49395598124492757,0.18808520837702097,0.06896964788968203,0.0040960053788941285,1.0,0.17251816503471207
1373,0.94,0.039999999999999925,0.2828934198916301,0.0818579654619061,0.005376250440785937,0.5695563777125137,0.4944265827299149,0.18773263495497478,0.06947986313151305,0.004070252486519734,1.0,0.17137390662277585
1374,0.94,0.039999999999999925,0.2818631883901298,0.08260313010695883,0.005372468117422417,0.5699769628185644,0.49489951233141305,0.18765495742864202,0.06997677128473223,0.004040721342326808,1.0,0.17138951752356213
1375,0.94,0.039999999999999925,0.2808262961489282,0.08333281695653476,0.005303185620396306,0.5704008947868889,0.49537641396512927,0.18783783060850054,0.07046498602667692,0.004011147846504902,1.0,0.17111350446720108
1376,0.94,0.039999999999999925,0.2798615189866278,0.08403509515129011,0.005303394593076238,0.5707959093494135,0.49582097364180855,0.18827405324279928,0.07094869361763817,0.003982863128904969,1.0,0.17119003209538153
1377,0.94,0.039999999999999925,0.27889265713330413,0.08472513092443547,0.005273646139420252,0.571193147306095,0.4962682192137378,0.1889399577184951,0.07143152041039189,0.003956140458204124,1.0,0.17083740232591405
1378,0.94,0.039999999999999925,0.2779318684665424,0.08542561237182461,0.00529860406511294,0.5715876216086487,0.49671253555959527,0.18985202055920605,0.07191676701402074,0.003930864734102373,1.0,0.1683469943006991
1379,0.94,0.039999999999999925,0.27695885540719783,0.0861249608944776,0.0051836108098384775,0.5719876706127973,0.49716331666153374,0.1909777750809219,0.07240721443342953,0.00390704742844941,1.0,0.16714412842405346
1380,0.93,0.030000000000000027,0.2761116395068971,0.08678190986518362,0.005148877550423343,0.6070819693785185,0.5498849571847492,0.19230859127771083,0.07290519698946116,0.003884541702750138,0.0,0.1671366461796191
1381,0.93,0.030000000000000027,0.2753254747811518,0.08738329375730557,0.0051730082366068944,0.6074465503517061,0.5502887786833314,0.19121673121968216,0.07338150567767365,0.003858850866140336,1.0,0.16979568870863682
1382,0.93,0.030000000000000027,0.2745444175578549,0.08796987340112326,0.0050634904971393006,0.6078091966360598,0.5506905644352432,0.1904498225593345,0.07384105898213769,0.003829070628681559,1.0,0.17003633435663068
1383,0.92,0.020000000000000018,0.2738741448483658,0.08850664725567679,0.00506272052558402,0.6474963473738959,0.6089887733704931,0.18998216680497465,0.07428792444205552,0.0037954356225611296,0.0,0.17003188388211632
1384,0.91,0.010000000000000009,0.27323889872448404,0.08899464867997642,0.00504532235133565,0.692707190972471,0.673436840330763,0.1872239528496628,0.07469774510027528,0.0037843292324696793,0.0,0.17361522010133346
1385,0.9,0.0,0.27272383991889354,0.08938099686984213,0.005106559867111629,0.744621769316846,0.744621769316846,0.18226167446359012,0.07505094344579166,0.0037950437187845697,0.0,0.18032819646066578
1386,0.9,0.0,0.2722827681285836,0.08969318219651931,0.00517463874756217,0.7449294393447263,0.7449294393447263,0.17522749583592412,0.0753343853461145,0.003825548804948582,1.0,0.1870764356912069
1387,0.9,0.0,0.27187210051393673,0.08997395363268713,0.00519067370090023,0.7452161295670987,0.7452161295670987,0.168784706074181,0.07556139018980007,0.003849277505695424,1.0,0.1901252833234528
1388,0.91,0.010000000000000009,0.2714867152465699,0.09023578765357597,0.005157743087392123,0.6937661213495481,0.6745430580708554,0.16296525563059938,0.07574287082804475,0.0038925148074337754,1.0,0.19119213079967312
1389,0.9,0.0,0.2710722685115839,0.09050153002331525,0.005160584534033968,0.7457751323407719,0.7457751323407719,0.15768166407646528,0.07588634558682657,0.003928520015799501,0.0,0.1926129622512852
1390,0.91,0.010000000000000009,0.2707925569962146,0.09065507107114931,0.005252931773960203,0.6941865311221528,0.6749823113869606,0.1503012779497297,0.07598579842769537,0.003996305469553879,1.0,0.20722601244701977
1391,0.91,0.010000000000000009,0.2704591833421799,0.09082637363630405,0.004219691595256717,0.694388616594053,0.675193468827792,0.14351331685991756,0.0760516348731255,0.003525867612867841,1.0,0.20733047202351707
1392,0.91,0.010000000000000009,0.26912725127349396,0.09072846028692723,0.004172054987793099,0.6951971867655068,0.6760384288897141,0.13735788068520804,0.07588398437987189,0.0035403777330104687,1.0,0.2098698678265445
1393,0.91,0.010000000000000009,0.2677201417253868,0.09054931987195967,0.004113965533128637,0.696053442599687,0.6769333808307292,0.13179622460710197,0.07565445142461687,0.0035537881658409855,1.0,0.20960753982633684
1394,0.91,0.010000000000000009,0.26641044948877873,0.09037913148890354,0.00404858452914055,0.6968523153879383,0.6777685050092759,0.12681199875254534,0.07536916567890878,0.0035660738755147175,1.0,0.21333608696426432
1395,0.91,0.010000000000000009,0.264989264507504,0.0900996255815428,0.0038785259600944157,0.6977212725413365,0.6786770567210704,0.1223240188820704,0.07503358638582071,0.003577833032224782,1.0,0.21238807903034507
1396,0.91,0.010000000000000009,0.26336637961159826,0.08961255259542206,0.003899834577292107,0.6987162094521231,0.6797175369952793,0.11832528831465683,0.0746527317095332,0.003588910524588189,1.0,0.21000189383673185
1397,0.91,0.010000000000000009,0.2617616927837487,0.08907789232090357,0.003911766194958942,0.6997027836424583,0.6807494915647178,0.11478626986706794,0.07423118635468642,0.003599400422985475,1.0,0.21209833273338874
1398,0.91,0.010000000000000009,0.26013546449192726,0.08850605600433194,0.0039234379840848935,0.7007054481686502,0.6817985009409022,0.11168839842214945,0.07377317293911094,0.003609264278425062,1.0,0.21085939508383889
1399,0.91,0.010000000000000009,0.2585046363742302,0.08790137710278044,0.0037110980060132658,0.7017138387213187,0.6828537291880727,0.10902370937088124,0.07328254232788735,0.0036184694009145134,1.0,0.21048284302235787
1400,0.91,0.010000000000000009,0.2567080451250597,0.08692453886684318,0.0036621658401677568,0.7028280908552462,0.6840200022837959,0.10674609108242475,0.07276297512896232,0.0036273070541161085,1.0,0.21530473976558662
1401,0.91,0.010000000000000009,0.254815017783232,0.08573567736215393,0.0036590821790538288,0.7040059880646314,0.6852531958436944,0.10483402642392706,0.07221794063453607,0.0036357394920389784,1.0,0.21532731166180963
1402,0.91,0.010000000000000009,0.2529229158953709,0.08447993854219167,0.0036611160933326626,0.7051872613229223,0.6864902378421665,0.10326240805185882,0.07165062506945931,0.0036438384997483754,1.0,0.21574771140496973
1403,0.91,0.010000000000000009,0.2510521281009096,0.08314851121546935,0.0036816848946285663,0.7063591317431998,0.6877177438130575,0.10202478409966115,0.07106398793752867,0.003651527471775306,1.0,0.21809816297449935
1404,0.91,0.010000000000000009,0.24913775316502412,0.08176298122009029,0.0037077847845259785,0.7075623441947294,0.6889784019381171,0.10110248817725917,0.0704608483300174,0.003658847345215331,1.0,0.21405358907331729
1405,0.91,0.010000000000000009,0.24723789757061815,0.08033662589107558,0.003705915800722827,0.7087604904810679,0.6902340764714554,0.10048133604557156,0.06984387896568052,0.0036644395160631057,1.0,0.21404483841992672
1406,0.91,0.010000000000000009,0.24533363741639053,0.07883579446864562,0.003692963702568911,0.7099654933003406,0.691497263426984,0.10014507134482406,0.0692156353989834,0.0036646250317697534,1.0,0.21379816248767136
1407,0.91,0.010000000000000009,0.24344275643802957,0.07729130615953908,0.003500309541065057,0.7111660910274744,0.6927561585297041,0.1000776560956885,0.06857854868345281,0.003659651240643461,1.0,0.21360714642483902
1408,0.91,0.010000000000000009,0.24174769299668294,0.07605141212711002,0.0033573743659170334,0.7122458130136087,0.6938885864972136,0.10026584874074032,0.06793501232314496,0.003653600170842422,1.0,0.21392512207455827
1409,0.91,0.010000000000000009,0.24019495418887005,0.07501627867342202,0.0032690180928647075,0.7132377582143412,0.6949291849904513,0.10069719205139631,0.06728730051975046,0.003647802886783262,1.0,0.21368902743855706
1410,0.91,0.010000000000000009,0.2387082086579777,0.07409517176079275,0.003284787767922532,0.7141901373188823,0.6959284859315202,0.10137532099012474,0.06663758369777438,0.0036424074780773167,1.0,0.21130498946243564
1411,0.91,0.010000000000000009,0.2372143544065947,0.07311799455851987,0.00327205268138709,0.7151496352423053,0.6969354637293532,0.10226871128385145,0.06598803830630681,0.0036372641911368007,1.0,0.21141695755876277
1412,0.92,0.020000000000000018,0.2357351449237671,0.07212000495787328,0.0032506642147080113,0.6682488208088597,0.6315181062713683,0.10336779291008806,0.06534068761511437,0.0036386206898713315,1.0,0.21150869275096673
1413,0.92,0.020000000000000018,0.23423421086807308,0.07103785149771912,0.0032445052316768933,0.6690927600582087,0.6324388736259857,0.10466065718558301,0.06465966733001682,0.0036450236306280895,1.0,0.21154542885775984
1414,0.92,0.020000000000000018,0.23272980353862088,0.06989388543765652,0.0032470797511989164,0.6699407940036303,0.6333644699738468,0.10615260918610347,0.06394724651317617,0.0036563356047843595,1.0,0.21184457690881564
1415,0.92,0.020000000000000018,0.23156400641189742,0.06868578295245108,0.003586787704106563,0.6705994332843862,0.6340835995260061,0.10902524364092724,0.063201667727992,0.0036843496781854873,1.0,0.2456613265633087
1416,0.92,0.020000000000000018,0.23039615932912136,0.06743222049087123,0.003580165583938529,0.6712605304816258,0.6348056327976407,0.10892200994612265,0.06243598591009682,0.0036837856463740625,1.0,0.2456419932746931
1417,0.92,0.020000000000000018,0.22923524361997916,0.06614789157765052,0.0035747469374940886,0.6719189970981474,0.635525012277645,0.10907864434846687,0.06165275232674575,0.003681268676919741,1.0,0.24566020745282885
1418,0.92,0.020000000000000018,0.2280778072908665,0.06482819488104873,0.0035764752851997266,0.6725767775148646,0.6362438606608909,0.10948143681273793,0.0608544899219746,0.0036788287749799408,1.0,0.24545348527964034
1419,0.92,0.020000000000000018,0.22690683391341315,0.06345549455788915,0.0035891586391835146,0.6732435630055604,0.6369727732205539,0.11012477459252074,0.060043725092196874,0.0036766086038790536,1.0,0.2441353961959089
1420,0.92,0.020000000000000018,0.22573396245519903,0.062030954697132955,0.0035874338332965387,0.6739127559390891,0.6377045434489854,0.1109917511366051,0.059222839129700756,0.003674472350368605,1.0,0.24388315108048897
1421,0.92,0.020000000000000018,0.22455615506209384,0.06054042349310574,0.003585572143588327,0.6745861051977353,0.6384410872080636,0.11207777685287247,0.05839429866058245,0.003672473266689244,1.0,0.24381255848961458
1422,0.92,0.020000000000000018,0.22338758322509844,0.05899706413695162,0.003566991714177027,0.6752555056210805,0.639173538871221,0.11336599150470608,0.057560601315944926,0.003670591953522584,1.0,0.24448121422860475
1423,0.92,0.020000000000000018,0.22223802399775064,0.057446339562352816,0.0035713816920785644,0.6759153124600287,0.6398957152504003,0.11486037960679424,0.05672411004034242,0.0036689285702691233,1.0,0.2438743569426569
1424,0.92,0.020000000000000018,0.22100638204864664,0.05579757497338848,0.0036467557959858885,0.6766236642279004,0.640671270715044,0.11653407325750448,0.05588732778011334,0.0036673641371963786,1.0,0.23583833424073425
1425,0.92,0.020000000000000018,0.2197239094509144,0.05404418040029458,0.003666468899292937,0.6773628297138121,0.6414808343050283,0.11837204495933629,0.055052692665085216,0.0036657613627238865,1.0,0.2313292557930084
1426,0.92,0.020000000000000018,0.21842819963934673,0.052260804452183604,0.0036992836807630733,0.678111266474298,0.6423008343139988,0.12036439043763063,0.05422279920325394,0.003663955743107762,1.0,0.22744805318913186
1427,0.92,0.020000000000000018,0.2171263360352153,0.050363498992378984,0.0036924266759919473,0.6788649254197903,0.6431268428714515,0.12252140933188949,0.053400476410290644,0.0036622548229955122,1.0,0.2274652131710977
1428,0.92,0.020000000000000018,0.2158162807601401,0.04833606319145873,0.003537504006499411,0.6796250195720488,0.6439601962857225,0.1248199438720686,0.05258842676380457,0.0036605450278720014,1.0,0.22734204953102127
1429,0.92,0.020000000000000018,0.21456483877305668,0.04661948265197488,0.0036265645493063106,0.680352697552412,0.6447582839808498,0.12725955860015814,0.05178929331099508,0.003659106267560665,1.0,0.21774287041036272
1430,0.92,0.020000000000000018,0.21327302763717249,0.04482264703359243,0.003622668441841255,0.681105485322436,0.6455841940900174,0.12983940685084963,0.05100537305336773,0.003657805455959937,1.0,0.21292377014751068
1431,0.92,0.020000000000000018,0.212027872780087,0.04306612028805797,0.0036024943271937013,0.681832663084106,0.6463822799867665,0.13253812105088977,0.050239378996116205,0.003656637874423529,1.0,0.21238458312548741
1432,0.92,0.020000000000000018,0.21075682310538293,0.04111868803661317,0.0034583543199874617,0.6825765668247542,0.6471990010241029,0.13535611647192314,0.049493798065024075,0.0036555576004758503,1.0,0.2123315257357633
1433,0.92,0.020000000000000018,0.20959952092629547,0.039479758792705134,0.0033523087975538615,0.6832553111375073,0.6479444300649043,0.13828758401511115,0.04877135404867251,0.0036545114499332595,1.0,0.20938335719427664
1434,0.92,0.020000000000000018,0.2085761341872863,0.03812384124846165,0.0033052895673575194,0.6838566411942895,0.6486050349788477,0.14132849290514918,0.04807490109001248,0.00365352671656553,1.0,0.2093282259396982
1435,0.92,0.020000000000000018,0.2075803304421635,0.036819320422053235,0.003185762461627621,0.6844427807260557,0.6492491291737638,0.14446533974862227,0.04740731083471537,0.0036525849220601526,1.0,0.20737649028431637
1436,0.92,0.020000000000000018,0.20670966399768648,0.035800374403297724,0.0031943312484293816,0.6849560871808646,0.6498133326255708,0.14771170233059705,0.046771367695540765,0.0036518170432841856,1.0,0.2061053012262528
1437,0.92,0.020000000000000018,0.20578369151733114,0.034722404151203465,0.003203674063401377,0.6855028451388159,0.6504144521282682,0.15107742441952873,0.04616999218253296,0.003651476320849577,1.0,0.20099757680311303
1438,0.92,0.020000000000000018,0.20490002522573778,0.03369201673776062,0.003196832716818842,0.6860254372041287,0.6509891454584419,0.15452036228592098,0.0456059273471863,0.003651096701753737,1.0,0.20104540993839382
1439,0.91,0.010000000000000009,0.20400722424971188,0.03262597472584579,0.0029925499176328757,0.7371645887434799,0.7200971123114328,0.15804495118846826,0.04508203860309514,0.003650638093486077,0.0,0.19940681504819185
1440,0.9,0.0,0.2033968128354328,0.03201020601131201,0.0030521676406423514,0.7963168545329244,0.7963168545329244,0.1590759901779173,0.044595247027477275,0.0036245053013290013,0.0,0.20578317921325429
1441,0.9,0.0,0.20279338823548718,0.031362103818358876,0.0030491669894151963,0.7967983391108227,0.7967983391108227,0.15775641269465646,0.04414166727603169,0.003600530524511568,1.0,0.2069560702337323
1442,0.9,0.0,0.2022075795421306,0.030719740333056744,0.003017687814518256,0.7972663249317152,0.7972663249317152,0.15676079533553317,0.04372361268965845,0.0035725602591081974,1.0,0.20724770540066673
1443,0.9,0.0,0.20164753613550013,0.03012158627373573,0.0030244887537560776,0.7977142418813624,0.7977142418813624,0.15606667259667092,0.043342609672223115,0.0035408523325380467,1.0,0.20641616059154788
1444,0.91,0.010000000000000009,0.20109011779047342,0.029504156643330195,0.0029564162954705004,0.7391634482423086,0.7222055397222034,0.15566328298075585,0.04299948720880053,0.003530924552698416,1.0,0.20652041492735562
1445,0.91,0.010000000000000009,0.20045874517568252,0.02870667940785244,0.0029499980450786644,0.7395975051809011,0.7226635098724148,0.15553710129178142,0.04266338469670209,0.003516445594934556,1.0,0.20596841565700874
1446,0.91,0.010000000000000009,0.19981541305264724,0.027842303111988237,0.0028602414518249138,0.7400403087291246,0.7231307527442321,0.15567225888061495,0.04233692733007175,0.0035001509444969933,1.0,0.20595987089171341
1447,0.9,0.0,0.19925765312916424,0.02715317757779269,0.0028566272069234498,0.7996313156403706,0.7996313156403706,0.15605349528945836,0.04202276925083644,0.0034845731484514043,0.0,0.20562264334952018
1448,0.89,-0.010000000000000009,0.1987242106679026,0.026455827819633116,0.0028714489668046892,0.7407925936480466,0.7239246604162108,0.1541293488808686,0.04172272526764889,0.0034829223737683265,0.0,0.2073593517842215
1449,0.88,-0.020000000000000018,0.19825422245035182,0.02575396045435262,0.0019344634154335682,0.6899813807130488,0.6553440081593414,0.14999079351738798,0.04144249862057433,0.002190569626085557,0.0,0.21397413036176038
1450,0.87,-0.030000000000000027,0.1989286221825247,0.02566806162857703,0.0020856796933314127,0.6450936336258721,0.5925775119530551,0.14374464278327428,0.040600061316312656,0.0022197181006675293,0.0,0.22903657717085069
1451,0.86,-0.040000000000000036,0.19965005370637778,0.02562504777393159,0.0021325802011111943,0.6056679137381794,0.5357974807633239,0.1354865455079255,0.03981578126411047,0.0022735916042788897,0.0,0.23383179163607665
1452,0.86,-0.040000000000000036,0.2003957122370917,0.0255900068431493,0.0021444868229988194,0.6053241282149513,0.5353961903642732,0.12535306813530772,0.039107388094609834,0.002350185450398197,1.0,0.23610242812712745
1453,0.86,-0.040000000000000036,0.20116151807040822,0.02552877599235711,0.002153709503715579,0.6049714597853056,0.5349846825098352,0.11600896566791133,0.038482693662686834,0.0024225177067987496,1.0,0.237025277463211
1454,0.86,-0.040000000000000036,0.20191213267096125,0.025424135032310228,0.002168217677738056,0.6046261857753952,0.5345819511191264,0.10738956695584251,0.037945394071156005,0.0024913105679069797,1.0,0.23551595813199422
1455,0.86,-0.040000000000000036,0.20265303291760609,0.02528222491622244,0.002175166161397287,0.6042857665350593,0.5341850260074468,0.09953002774961771,0.03749396179789513,0.0025560141297472543,1.0,0.2344715126381815
1456,0.86,-0.040000000000000036,0.2034481453719645,0.02520168245216578,0.0022333029033086657,0.6039208647422522,0.5337597127781264,0.09231684102466145,0.037124199153761014,0.0026174895348870008,1.0,0.2402492790210895
1457,0.87,-0.030000000000000027,0.20424372079873307,0.02509566264749773,0.0022178130421236183,0.6423240574618995,0.589426142843614,0.08573539577506915,0.036828767870389995,0.0026500142700051008,1.0,0.2402733473284172
1458,0.87,-0.030000000000000027,0.20510199858709563,0.025113249054803166,0.0022916897352792446,0.6418790571559547,0.588920402901412,0.07971952625977015,0.03665141358209791,0.002680791711574046,1.0,0.24810114805246242
1459,0.87,-0.030000000000000027,0.20596664052487001,0.025094551527350475,0.002281808959282628,0.6414313801926613,0.5884117896757511,0.07428963274178824,0.03657869546728788,0.0027097428793481917,1.0,0.2482235548920118
1460,0.87,-0.030000000000000027,0.20686523380918495,0.025143692983706233,0.0023225955033485024,0.6409667858270629,0.5878841351577131,0.06936103032867932,0.036596098663380275,0.0027374471714163824,1.0,0.25271929320927716
1461,0.87,-0.030000000000000027,0.20776123317176487,0.0251723476267532,0.002296501227183922,0.6405042022060309,0.5873589451982739,0.0649314713072113,0.0366879098769128,0.002763926890705005,1.0,0.25291777149052597
1462,0.88,-0.020000000000000018,0.20885450910045006,0.025707622205605907,0.0024992259901335406,0.6836929665832804,0.6484252082523323,0.0609810379926732,0.03683749414490925,0.0027634571616272758,1.0,0.27542723972258953
1463,0.88,-0.020000000000000018,0.20991507194561368,0.026205398486651217,0.0024965153338115313,0.6830701103080329,0.6477410105187752,0.05747330461224903,0.037076819808222757,0.0027633596456793225,1.0,0.2745956480704865
1464,0.88,-0.020000000000000018,0.21096449661515507,0.02666867217266261,0.0024854895705891445,0.6824549113990401,0.6470654180620932,0.054388094504259285,0.03738601498930501,0.002763366831168581,1.0,0.274581777136243
1465,0.88,-0.020000000000000018,0.2120007544670489,0.027095593446871284,0.0024847734493004888,0.6818485176156485,0.6463996835103115,0.05170396855208912,0.03774687665972282,0.0027634734889631493,1.0,0.27437051686474645
1466,0.88,-0.020000000000000018,0.21307112070604528,0.027565917400267932,0.00251774404512248,0.6812232947750254,0.6457134730659416,0.04940669583398426,0.03814245541373739,0.0027635591920331126,1.0,0.27806351185407846
1467,0.88,-0.020000000000000018,0.21412467092535778,0.02796567480447269,0.0025140527099291312,0.6806090132267127,0.6450394646573081,0.04747816331831831,0.038557313795474474,0.0027635382178884224,1.0,0.27681081588864564
1468,0.88,-0.020000000000000018,0.21516473142675036,0.028351002135421622,0.0025155183715801946,0.6800036826579455,0.6443754650477153,0.045900778553117624,0.03897753416774499,0.0027634352590749714,1.0,0.2770799822462273
1469,0.88,-0.020000000000000018,0.21621063529089138,0.028701420091573813,0.0025154910128689823,0.6793960360432879,0.6437091120456716,0.04465857208853929,0.03939045521907844,0.0027631598238893394,1.0,0.27754025266694016
1470,0.88,-0.020000000000000018,0.21725155398315213,0.029016221954684913,0.0025142512093690355,0.6787923629690275,0.6430473020489472,0.04373009478941412,0.03978486403501518,0.0027629911094112325,1.0,0.2775047144120376
1471,0.88,-0.020000000000000018,0.21836535284275446,0.029452554258612776,0.002578830366772127,0.6781476105295094,0.6423406607078548,0.04310045034046634,0.04015025343646712,0.0027629085786274035,1.0,0.2849510099475934
1472,0.88,-0.020000000000000018,0.2194807041382521,0.02980500552671885,0.0025763400329456643,0.6775031856554193,0.641634589022249,0.0427528816577695,0.04047710027854348,0.002762858025704682,1.0,0.284053294584477
1473,0.88,-0.020000000000000018,0.22061533113710646,0.030110168981511507,0.0025840945887330127,0.676848879190952,0.6409179058217718,0.04268067876414921,0.04075661503918688,0.0027628027263843545,1.0,0.28483660650821074
1474,0.88,-0.020000000000000018,0.2217517922670265,0.030374309451513665,0.0025833169215713717,0.6761947806860431,0.6402016672091511,0.042867360015621414,0.04098062919034171,0.0027628411917541896,1.0,0.28503563051556935
1475,0.88,-0.020000000000000018,0.2228161881064317,0.030446037849779506,0.0026581251486387115,0.675583305365504,0.6395322969859657,0.04329798107980222,0.04114149072425675,0.002762784610237847,1.0,0.2775530884077223
1476,0.88,-0.020000000000000018,0.22388342307823236,0.03048814196469432,0.0026582040486211734,0.6749713083403436,0.6388625451770839,0.043961575836969344,0.04123173650467131,0.002762761279747658,1.0,0.27791352927545354
1477,0.88,-0.020000000000000018,0.2249509191086616,0.030480964502722852,0.002636346633281847,0.6743602698070581,0.6381940313836271,0.044850139368824496,0.041244188053185485,0.0027625239129915385,1.0,0.2775870053688319
1478,0.88,-0.020000000000000018,0.2260403331250866,0.030385102367681334,0.002627212729736227,0.6737378249164532,0.6375132324941873,0.04594824914609934,0.04117124754696727,0.002762244673148701,1.0,0.27728839594320265
1479,0.88,-0.020000000000000018,0.22713348884480872,0.03021246353982589,0.0026355078135999327,0.6731143960857763,0.6368315537582023,0.047244506315068,0.041005509212425156,0.0027618955920596065,1.0,0.27645970039626144
1480,0.89,-0.010000000000000009,0.2281490033632268,0.029883663221708483,0.0026871498322445313,0.7210280298698164,0.7031092916102494,0.048739153652427036,0.040739000728168745,0.002765964150436681,1.0,0.26868809802142846
1481,0.89,-0.010000000000000009,0.2290747180153273,0.029492950088011928,0.0027485669883531116,0.7204233269099699,0.7024738368771155,0.05041697932381608,0.04041623318729569,0.002775165332366392,1.0,0.26236715391868515
1482,0.88,-0.020000000000000018,0.22988679490623617,0.0289695376145419,0.002860876887309188,0.6715492809184875,0.6351210677662984,0.05226878570243265,0.0400301224714371,0.002789146651803329,0.0,0.2512440234475192
1483,0.88,-0.020000000000000018,0.23090595745889012,0.02863670512381618,0.003033814053781616,0.6709717827054723,0.6344902428146408,0.05171904391509574,0.03960953844244635,0.002766838852126814,0.0,0.27194813914750676
1484,0.88,-0.020000000000000018,0.23196629848339753,0.028458275207687803,0.0030437959431274535,0.6703720044284535,0.6338352585828225,0.04890305857052023,0.03923379816080691,0.0027451591244349234,0.0,0.279649322552077
1485,0.88,-0.020000000000000018,0.2331063168194443,0.028649628276002464,0.0031239218853771644,0.6697283519701647,0.6331325636530029,0.043967673152760026,0.038981207236442154,0.0027239591930217333,0.0,0.2943300300653395
1486,0.88,-0.020000000000000018,0.23437629854512415,0.02938638272039428,0.003292565628423734,0.6690127762278618,0.6323515930656165,0.03699331682412712,0.038927222889394895,0.002729328552283246,1.0,0.31407460825919575
1487,0.88,-0.020000000000000018,0.2356445177220494,0.03017530654982296,0.0033108054797425074,0.6682997179151102,0.6315736266349997,0.03060951254180887,0.0390516135402806,0.0027350290961088695,1.0,0.3169472010159747
1488,0.88,-0.020000000000000018,0.23708249693445232,0.03142318484843084,0.0034787046673423554,0.6674930483446767,0.6306938364366091,0.024804221428129866,0.039331543798803284,0.002740298788629525,1.0,0.33499005203997173
1489,0.89,-0.010000000000000009,0.23905662989681534,0.03460725201307398,0.0038870193769573146,0.7139667176118506,0.695694040374335,0.019529797325540187,0.03974518185384741,0.002719026444951283,1.0,0.3900262584875872
1490,0.89,-0.010000000000000009,0.24088890430098508,0.037594983180970334,0.0038902793244311624,0.7127940967455205,0.6944637351740839,0.014797512353843089,0.04030467270510618,0.0026982620397177975,1.0,0.39045345286399546
1491,0.89,-0.010000000000000009,0.24277981568021165,0.04050246604859105,0.0039249132767458245,0.7115879811983444,0.6931986116782963,0.010550173069241529,0.040981914671373715,0.0026789883337571116,1.0,0.3964216099461744
1492,0.89,-0.010000000000000009,0.24464417955250173,0.0431491243545493,0.003923428699881329,0.7104027884595929,0.6919557546335582,0.01,0.04168299415246061,0.00262836729326353,1.0,0.3963062550555519
1493,0.89,-0.010000000000000009,0.24650178858362837,0.04553348872810917,0.00389523945724119,0.7092258099178286,0.6907218252441829,0.01,0.04238673265377069,0.0025780215775609385,1.0,0.3953684429389981
1494,0.89,-0.010000000000000009,0.24831557795254305,0.04773552929775941,0.003892263812285106,0.7080803524453644,0.6895212422949318,0.01,0.04308610031501836,0.0025326884475561405,1.0,0.3947150238557312
1495,0.89,-0.010000000000000009,0.2501440950571025,0.049782493610662615,0.003873461594476464,0.7069293331197504,0.6883151279518838,0.01,0.0437762452151653,0.0024922972297034785,1.0,0.3952397894862889
1496,0.89,-0.010000000000000009,0.2519986339405411,0.05167105821041463,0.003854467188392072,0.705765749587327,0.6870961516452588,0.01,0.044453510142945137,0.002456549568616722,1.0,0.39545578218059096
1497,0.89,-0.010000000000000009,0.25383471856305856,0.05345210066018914,0.003844488149553648,0.7046175120345213,0.6858935510374942,0.01,0.04511532512752061,0.002425257937859969,1.0,0.3957067949851369
1498,0.89,-0.010000000000000009,0.25568709191392247,0.05511453341124976,0.0038446233326204712,0.7034628678379744,0.6846845400279208,0.01,0.04575990219488088,0.0023983418868370582,1.0,0.3960967301702334
1499,0.89,-0.010000000000000009,0.2575442683114686,0.056667173724370384,0.0037969653110397424,0.7023090224367216,0.68347666539843,0.01,0.04638599929033324,0.002375335641499114,1.0,0.39620048277696995
