setting,dataset,base_model,cp_mode,run_mode,alpha,seed,x_lag,ablation_mode,target_coverage,coverage,coverage_gap,avg_width,ces,rcs,point_mse,point_mae,cache_path,comment
ETTh1_sensitivity_modelTransformer_cpacp_a0.1_cw200_xlag24_seed1_modeonline_ofat_new_regime_threshold_1.6-0_M0,ETTh1,Transformer,acp,online,0.1,1,24,M0,0.9,0.891611111,0.008388889,0.9298803249136908,0.3248871907853796,0.17576903752843,0.5397211639301303,0.6953644891475658,forecast_cache_seed2021/long_term_forecast_ETTh1_cache_Transformer_ETTh1_ftMS_sl96_ll48_pl96_dm512_nh8_el2_dl1_df2048_expand2_dc4_fc1_ebtimeF_dtTrue_ETTh1_0/forecast_full.npz,sensitivity_analysis
ETTh1_sensitivity_modelTransformer_cpacp_a0.1_cw200_xlag24_seed2_modeonline_ofat_new_regime_threshold_1.6-0_M0,ETTh1,Transformer,acp,online,0.1,2,24,M0,0.9,0.894736111,0.005263889,0.9308321656474258,0.3281022141555082,0.1812528980401251,0.5397211639301303,0.6953644891475658,forecast_cache_seed2021/long_term_forecast_ETTh1_cache_Transformer_ETTh1_ftMS_sl96_ll48_pl96_dm512_nh8_el2_dl1_df2048_expand2_dc4_fc1_ebtimeF_dtTrue_ETTh1_0/forecast_full.npz,sensitivity_analysis
ETTh1_sensitivity_modelTransformer_cpacp_a0.1_cw200_xlag24_seed3_modeonline_ofat_new_regime_threshold_1.6-0_M0,ETTh1,Transformer,acp,online,0.1,3,24,M0,0.9,0.891611111,0.008388889,0.9303688754450056,0.3248281907560549,0.1757214427389621,0.5397211639301303,0.6953644891475658,forecast_cache_seed2021/long_term_forecast_ETTh1_cache_Transformer_ETTh1_ftMS_sl96_ll48_pl96_dm512_nh8_el2_dl1_df2048_expand2_dc4_fc1_ebtimeF_dtTrue_ETTh1_0/forecast_full.npz,sensitivity_analysis
ETTh1_sensitivity_modelTransformer_cpacp_a0.1_cw200_xlag24_seed4_modeonline_ofat_new_regime_threshold_1.6-0_M0,ETTh1,Transformer,acp,online,0.1,4,24,M0,0.9,0.894388889,0.005611111,0.9313562198057512,0.3276644524667078,0.1805722038362265,0.5397211639301303,0.6953644891475658,forecast_cache_seed2021/long_term_forecast_ETTh1_cache_Transformer_ETTh1_ftMS_sl96_ll48_pl96_dm512_nh8_el2_dl1_df2048_expand2_dc4_fc1_ebtimeF_dtTrue_ETTh1_0/forecast_full.npz,sensitivity_analysis
ETTh1_sensitivity_modelTransformer_cpacp_a0.1_cw200_xlag24_seed5_modeonline_ofat_new_regime_threshold_1.6-0_M0,ETTh1,Transformer,acp,online,0.1,5,24,M0,0.9,0.894041667,0.005958333,0.9307726422457144,0.3273636363397603,0.1800044947496014,0.5397211639301303,0.6953644891475658,forecast_cache_seed2021/long_term_forecast_ETTh1_cache_Transformer_ETTh1_ftMS_sl96_ll48_pl96_dm512_nh8_el2_dl1_df2048_expand2_dc4_fc1_ebtimeF_dtTrue_ETTh1_0/forecast_full.npz,sensitivity_analysis
ETTh1_sensitivity_modelTransformer_cpacp_a0.1_cw200_xlag24_seed1_modeonline_ofat_new_regime_threshold_1.9-0_M0,ETTh1,Transformer,acp,online,0.1,1,24,M0,0.9,0.891611111,0.008388889,0.9298803249136908,0.3248871907853796,0.17576903752843,0.5397211639301303,0.6953644891475658,forecast_cache_seed2021/long_term_forecast_ETTh1_cache_Transformer_ETTh1_ftMS_sl96_ll48_pl96_dm512_nh8_el2_dl1_df2048_expand2_dc4_fc1_ebtimeF_dtTrue_ETTh1_0/forecast_full.npz,sensitivity_analysis
ETTh1_sensitivity_modelTransformer_cpacp_a0.1_cw200_xlag24_seed2_modeonline_ofat_new_regime_threshold_1.9-0_M0,ETTh1,Transformer,acp,online,0.1,2,24,M0,0.9,0.894736111,0.005263889,0.9308321656474258,0.3281022141555082,0.1812528980401251,0.5397211639301303,0.6953644891475658,forecast_cache_seed2021/long_term_forecast_ETTh1_cache_Transformer_ETTh1_ftMS_sl96_ll48_pl96_dm512_nh8_el2_dl1_df2048_expand2_dc4_fc1_ebtimeF_dtTrue_ETTh1_0/forecast_full.npz,sensitivity_analysis
ETTh1_sensitivity_modelTransformer_cpacp_a0.1_cw200_xlag24_seed3_modeonline_ofat_new_regime_threshold_1.9-0_M0,ETTh1,Transformer,acp,online,0.1,3,24,M0,0.9,0.891611111,0.008388889,0.9303688754450056,0.3248281907560549,0.1757214427389621,0.5397211639301303,0.6953644891475658,forecast_cache_seed2021/long_term_forecast_ETTh1_cache_Transformer_ETTh1_ftMS_sl96_ll48_pl96_dm512_nh8_el2_dl1_df2048_expand2_dc4_fc1_ebtimeF_dtTrue_ETTh1_0/forecast_full.npz,sensitivity_analysis
ETTh1_sensitivity_modelTransformer_cpacp_a0.1_cw200_xlag24_seed4_modeonline_ofat_new_regime_threshold_1.9-0_M0,ETTh1,Transformer,acp,online,0.1,4,24,M0,0.9,0.894388889,0.005611111,0.9313562198057512,0.3276644524667078,0.1805722038362265,0.5397211639301303,0.6953644891475658,forecast_cache_seed2021/long_term_forecast_ETTh1_cache_Transformer_ETTh1_ftMS_sl96_ll48_pl96_dm512_nh8_el2_dl1_df2048_expand2_dc4_fc1_ebtimeF_dtTrue_ETTh1_0/forecast_full.npz,sensitivity_analysis
ETTh1_sensitivity_modelTransformer_cpacp_a0.1_cw200_xlag24_seed5_modeonline_ofat_new_regime_threshold_1.9-0_M0,ETTh1,Transformer,acp,online,0.1,5,24,M0,0.9,0.894041667,0.005958333,0.9307726422457144,0.3273636363397603,0.1800044947496014,0.5397211639301303,0.6953644891475658,forecast_cache_seed2021/long_term_forecast_ETTh1_cache_Transformer_ETTh1_ftMS_sl96_ll48_pl96_dm512_nh8_el2_dl1_df2048_expand2_dc4_fc1_ebtimeF_dtTrue_ETTh1_0/forecast_full.npz,sensitivity_analysis
ETTh1_sensitivity_modelTransformer_cpacp_a0.1_cw200_xlag24_seed1_modeonline_ofat_new_regime_threshold_2.2-0_M0,ETTh1,Transformer,acp,online,0.1,1,24,M0,0.9,0.891611111,0.008388889,0.9298803249136908,0.3248871907853796,0.17576903752843,0.5397211639301303,0.6953644891475658,forecast_cache_seed2021/long_term_forecast_ETTh1_cache_Transformer_ETTh1_ftMS_sl96_ll48_pl96_dm512_nh8_el2_dl1_df2048_expand2_dc4_fc1_ebtimeF_dtTrue_ETTh1_0/forecast_full.npz,sensitivity_analysis
ETTh1_sensitivity_modelTransformer_cpacp_a0.1_cw200_xlag24_seed2_modeonline_ofat_new_regime_threshold_2.2-0_M0,ETTh1,Transformer,acp,online,0.1,2,24,M0,0.9,0.894736111,0.005263889,0.9308321656474258,0.3281022141555082,0.1812528980401251,0.5397211639301303,0.6953644891475658,forecast_cache_seed2021/long_term_forecast_ETTh1_cache_Transformer_ETTh1_ftMS_sl96_ll48_pl96_dm512_nh8_el2_dl1_df2048_expand2_dc4_fc1_ebtimeF_dtTrue_ETTh1_0/forecast_full.npz,sensitivity_analysis
ETTh1_sensitivity_modelTransformer_cpacp_a0.1_cw200_xlag24_seed3_modeonline_ofat_new_regime_threshold_2.2-0_M0,ETTh1,Transformer,acp,online,0.1,3,24,M0,0.9,0.891611111,0.008388889,0.9303688754450056,0.3248281907560549,0.1757214427389621,0.5397211639301303,0.6953644891475658,forecast_cache_seed2021/long_term_forecast_ETTh1_cache_Transformer_ETTh1_ftMS_sl96_ll48_pl96_dm512_nh8_el2_dl1_df2048_expand2_dc4_fc1_ebtimeF_dtTrue_ETTh1_0/forecast_full.npz,sensitivity_analysis
ETTh1_sensitivity_modelTransformer_cpacp_a0.1_cw200_xlag24_seed4_modeonline_ofat_new_regime_threshold_2.2-0_M0,ETTh1,Transformer,acp,online,0.1,4,24,M0,0.9,0.894388889,0.005611111,0.9313562198057512,0.3276644524667078,0.1805722038362265,0.5397211639301303,0.6953644891475658,forecast_cache_seed2021/long_term_forecast_ETTh1_cache_Transformer_ETTh1_ftMS_sl96_ll48_pl96_dm512_nh8_el2_dl1_df2048_expand2_dc4_fc1_ebtimeF_dtTrue_ETTh1_0/forecast_full.npz,sensitivity_analysis
ETTh1_sensitivity_modelTransformer_cpacp_a0.1_cw200_xlag24_seed5_modeonline_ofat_new_regime_threshold_2.2-0_M0,ETTh1,Transformer,acp,online,0.1,5,24,M0,0.9,0.894041667,0.005958333,0.9307726422457144,0.3273636363397603,0.1800044947496014,0.5397211639301303,0.6953644891475658,forecast_cache_seed2021/long_term_forecast_ETTh1_cache_Transformer_ETTh1_ftMS_sl96_ll48_pl96_dm512_nh8_el2_dl1_df2048_expand2_dc4_fc1_ebtimeF_dtTrue_ETTh1_0/forecast_full.npz,sensitivity_analysis
ETTh1_sensitivity_modelTransformer_cpacp_a0.1_cw200_xlag24_seed1_modeonline_ofat_new_regime_threshold_2.5-0_M0,ETTh1,Transformer,acp,online,0.1,1,24,M0,0.9,0.891611111,0.008388889,0.9298803249136908,0.3248871907853796,0.17576903752843,0.5397211639301303,0.6953644891475658,forecast_cache_seed2021/long_term_forecast_ETTh1_cache_Transformer_ETTh1_ftMS_sl96_ll48_pl96_dm512_nh8_el2_dl1_df2048_expand2_dc4_fc1_ebtimeF_dtTrue_ETTh1_0/forecast_full.npz,sensitivity_analysis
ETTh1_sensitivity_modelTransformer_cpacp_a0.1_cw200_xlag24_seed2_modeonline_ofat_new_regime_threshold_2.5-0_M0,ETTh1,Transformer,acp,online,0.1,2,24,M0,0.9,0.894736111,0.005263889,0.9308321656474258,0.3281022141555082,0.1812528980401251,0.5397211639301303,0.6953644891475658,forecast_cache_seed2021/long_term_forecast_ETTh1_cache_Transformer_ETTh1_ftMS_sl96_ll48_pl96_dm512_nh8_el2_dl1_df2048_expand2_dc4_fc1_ebtimeF_dtTrue_ETTh1_0/forecast_full.npz,sensitivity_analysis
ETTh1_sensitivity_modelTransformer_cpacp_a0.1_cw200_xlag24_seed3_modeonline_ofat_new_regime_threshold_2.5-0_M0,ETTh1,Transformer,acp,online,0.1,3,24,M0,0.9,0.891611111,0.008388889,0.9303688754450056,0.3248281907560549,0.1757214427389621,0.5397211639301303,0.6953644891475658,forecast_cache_seed2021/long_term_forecast_ETTh1_cache_Transformer_ETTh1_ftMS_sl96_ll48_pl96_dm512_nh8_el2_dl1_df2048_expand2_dc4_fc1_ebtimeF_dtTrue_ETTh1_0/forecast_full.npz,sensitivity_analysis
ETTh1_sensitivity_modelTransformer_cpacp_a0.1_cw200_xlag24_seed4_modeonline_ofat_new_regime_threshold_2.5-0_M0,ETTh1,Transformer,acp,online,0.1,4,24,M0,0.9,0.894388889,0.005611111,0.9313562198057512,0.3276644524667078,0.1805722038362265,0.5397211639301303,0.6953644891475658,forecast_cache_seed2021/long_term_forecast_ETTh1_cache_Transformer_ETTh1_ftMS_sl96_ll48_pl96_dm512_nh8_el2_dl1_df2048_expand2_dc4_fc1_ebtimeF_dtTrue_ETTh1_0/forecast_full.npz,sensitivity_analysis
ETTh1_sensitivity_modelTransformer_cpacp_a0.1_cw200_xlag24_seed5_modeonline_ofat_new_regime_threshold_2.5-0_M0,ETTh1,Transformer,acp,online,0.1,5,24,M0,0.9,0.894041667,0.005958333,0.9307726422457144,0.3273636363397603,0.1800044947496014,0.5397211639301303,0.6953644891475658,forecast_cache_seed2021/long_term_forecast_ETTh1_cache_Transformer_ETTh1_ftMS_sl96_ll48_pl96_dm512_nh8_el2_dl1_df2048_expand2_dc4_fc1_ebtimeF_dtTrue_ETTh1_0/forecast_full.npz,sensitivity_analysis
ETTh1_sensitivity_modelTransformer_cpacp_a0.1_cw200_xlag24_seed1_modeonline_ofat_new_regime_threshold_2.8-0_M0,ETTh1,Transformer,acp,online,0.1,1,24,M0,0.9,0.891611111,0.008388889,0.9298803249136908,0.3248871907853796,0.17576903752843,0.5397211639301303,0.6953644891475658,forecast_cache_seed2021/long_term_forecast_ETTh1_cache_Transformer_ETTh1_ftMS_sl96_ll48_pl96_dm512_nh8_el2_dl1_df2048_expand2_dc4_fc1_ebtimeF_dtTrue_ETTh1_0/forecast_full.npz,sensitivity_analysis
ETTh1_sensitivity_modelTransformer_cpacp_a0.1_cw200_xlag24_seed2_modeonline_ofat_new_regime_threshold_2.8-0_M0,ETTh1,Transformer,acp,online,0.1,2,24,M0,0.9,0.894736111,0.005263889,0.9308321656474258,0.3281022141555082,0.1812528980401251,0.5397211639301303,0.6953644891475658,forecast_cache_seed2021/long_term_forecast_ETTh1_cache_Transformer_ETTh1_ftMS_sl96_ll48_pl96_dm512_nh8_el2_dl1_df2048_expand2_dc4_fc1_ebtimeF_dtTrue_ETTh1_0/forecast_full.npz,sensitivity_analysis
ETTh1_sensitivity_modelTransformer_cpacp_a0.1_cw200_xlag24_seed3_modeonline_ofat_new_regime_threshold_2.8-0_M0,ETTh1,Transformer,acp,online,0.1,3,24,M0,0.9,0.891611111,0.008388889,0.9303688754450056,0.3248281907560549,0.1757214427389621,0.5397211639301303,0.6953644891475658,forecast_cache_seed2021/long_term_forecast_ETTh1_cache_Transformer_ETTh1_ftMS_sl96_ll48_pl96_dm512_nh8_el2_dl1_df2048_expand2_dc4_fc1_ebtimeF_dtTrue_ETTh1_0/forecast_full.npz,sensitivity_analysis
ETTh1_sensitivity_modelTransformer_cpacp_a0.1_cw200_xlag24_seed4_modeonline_ofat_new_regime_threshold_2.8-0_M0,ETTh1,Transformer,acp,online,0.1,4,24,M0,0.9,0.894388889,0.005611111,0.9313562198057512,0.3276644524667078,0.1805722038362265,0.5397211639301303,0.6953644891475658,forecast_cache_seed2021/long_term_forecast_ETTh1_cache_Transformer_ETTh1_ftMS_sl96_ll48_pl96_dm512_nh8_el2_dl1_df2048_expand2_dc4_fc1_ebtimeF_dtTrue_ETTh1_0/forecast_full.npz,sensitivity_analysis
ETTh1_sensitivity_modelTransformer_cpacp_a0.1_cw200_xlag24_seed5_modeonline_ofat_new_regime_threshold_2.8-0_M0,ETTh1,Transformer,acp,online,0.1,5,24,M0,0.9,0.894041667,0.005958333,0.9307726422457144,0.3273636363397603,0.1800044947496014,0.5397211639301303,0.6953644891475658,forecast_cache_seed2021/long_term_forecast_ETTh1_cache_Transformer_ETTh1_ftMS_sl96_ll48_pl96_dm512_nh8_el2_dl1_df2048_expand2_dc4_fc1_ebtimeF_dtTrue_ETTh1_0/forecast_full.npz,sensitivity_analysis
ETTh1_sensitivity_modelTransformer_cpacp_a0.1_cw200_xlag24_seed1_modeonline_ofat_new_regime_threshold_3.1-0_M0,ETTh1,Transformer,acp,online,0.1,1,24,M0,0.9,0.891611111,0.008388889,0.9298803249136908,0.3248871907853796,0.17576903752843,0.5397211639301303,0.6953644891475658,forecast_cache_seed2021/long_term_forecast_ETTh1_cache_Transformer_ETTh1_ftMS_sl96_ll48_pl96_dm512_nh8_el2_dl1_df2048_expand2_dc4_fc1_ebtimeF_dtTrue_ETTh1_0/forecast_full.npz,sensitivity_analysis
ETTh1_sensitivity_modelTransformer_cpacp_a0.1_cw200_xlag24_seed2_modeonline_ofat_new_regime_threshold_3.1-0_M0,ETTh1,Transformer,acp,online,0.1,2,24,M0,0.9,0.894736111,0.005263889,0.9308321656474258,0.3281022141555082,0.1812528980401251,0.5397211639301303,0.6953644891475658,forecast_cache_seed2021/long_term_forecast_ETTh1_cache_Transformer_ETTh1_ftMS_sl96_ll48_pl96_dm512_nh8_el2_dl1_df2048_expand2_dc4_fc1_ebtimeF_dtTrue_ETTh1_0/forecast_full.npz,sensitivity_analysis
ETTh1_sensitivity_modelTransformer_cpacp_a0.1_cw200_xlag24_seed3_modeonline_ofat_new_regime_threshold_3.1-0_M0,ETTh1,Transformer,acp,online,0.1,3,24,M0,0.9,0.891611111,0.008388889,0.9303688754450056,0.3248281907560549,0.1757214427389621,0.5397211639301303,0.6953644891475658,forecast_cache_seed2021/long_term_forecast_ETTh1_cache_Transformer_ETTh1_ftMS_sl96_ll48_pl96_dm512_nh8_el2_dl1_df2048_expand2_dc4_fc1_ebtimeF_dtTrue_ETTh1_0/forecast_full.npz,sensitivity_analysis
ETTh1_sensitivity_modelTransformer_cpacp_a0.1_cw200_xlag24_seed4_modeonline_ofat_new_regime_threshold_3.1-0_M0,ETTh1,Transformer,acp,online,0.1,4,24,M0,0.9,0.894388889,0.005611111,0.9313562198057512,0.3276644524667078,0.1805722038362265,0.5397211639301303,0.6953644891475658,forecast_cache_seed2021/long_term_forecast_ETTh1_cache_Transformer_ETTh1_ftMS_sl96_ll48_pl96_dm512_nh8_el2_dl1_df2048_expand2_dc4_fc1_ebtimeF_dtTrue_ETTh1_0/forecast_full.npz,sensitivity_analysis
ETTh1_sensitivity_modelTransformer_cpacp_a0.1_cw200_xlag24_seed5_modeonline_ofat_new_regime_threshold_3.1-0_M0,ETTh1,Transformer,acp,online,0.1,5,24,M0,0.9,0.894041667,0.005958333,0.9307726422457144,0.3273636363397603,0.1800044947496014,0.5397211639301303,0.6953644891475658,forecast_cache_seed2021/long_term_forecast_ETTh1_cache_Transformer_ETTh1_ftMS_sl96_ll48_pl96_dm512_nh8_el2_dl1_df2048_expand2_dc4_fc1_ebtimeF_dtTrue_ETTh1_0/forecast_full.npz,sensitivity_analysis
ETTh1_sensitivity_modelTransformer_cpacp_a0.1_cw200_xlag24_seed1_modeonline_ofat_min_state_duration_1-0_M0,ETTh1,Transformer,acp,online,0.1,1,24,M0,0.9,0.891611111,0.008388889,0.9298803249136908,0.3248871907853796,0.17576903752843,0.5397211639301303,0.6953644891475658,forecast_cache_seed2021/long_term_forecast_ETTh1_cache_Transformer_ETTh1_ftMS_sl96_ll48_pl96_dm512_nh8_el2_dl1_df2048_expand2_dc4_fc1_ebtimeF_dtTrue_ETTh1_0/forecast_full.npz,sensitivity_analysis
ETTh1_sensitivity_modelTransformer_cpacp_a0.1_cw200_xlag24_seed2_modeonline_ofat_min_state_duration_1-0_M0,ETTh1,Transformer,acp,online,0.1,2,24,M0,0.9,0.894736111,0.005263889,0.9308321656474258,0.3281022141555082,0.1812528980401251,0.5397211639301303,0.6953644891475658,forecast_cache_seed2021/long_term_forecast_ETTh1_cache_Transformer_ETTh1_ftMS_sl96_ll48_pl96_dm512_nh8_el2_dl1_df2048_expand2_dc4_fc1_ebtimeF_dtTrue_ETTh1_0/forecast_full.npz,sensitivity_analysis
ETTh1_sensitivity_modelTransformer_cpacp_a0.1_cw200_xlag24_seed3_modeonline_ofat_min_state_duration_1-0_M0,ETTh1,Transformer,acp,online,0.1,3,24,M0,0.9,0.891611111,0.008388889,0.9303688754450056,0.3248281907560549,0.1757214427389621,0.5397211639301303,0.6953644891475658,forecast_cache_seed2021/long_term_forecast_ETTh1_cache_Transformer_ETTh1_ftMS_sl96_ll48_pl96_dm512_nh8_el2_dl1_df2048_expand2_dc4_fc1_ebtimeF_dtTrue_ETTh1_0/forecast_full.npz,sensitivity_analysis
ETTh1_sensitivity_modelTransformer_cpacp_a0.1_cw200_xlag24_seed4_modeonline_ofat_min_state_duration_1-0_M0,ETTh1,Transformer,acp,online,0.1,4,24,M0,0.9,0.894388889,0.005611111,0.9313562198057512,0.3276644524667078,0.1805722038362265,0.5397211639301303,0.6953644891475658,forecast_cache_seed2021/long_term_forecast_ETTh1_cache_Transformer_ETTh1_ftMS_sl96_ll48_pl96_dm512_nh8_el2_dl1_df2048_expand2_dc4_fc1_ebtimeF_dtTrue_ETTh1_0/forecast_full.npz,sensitivity_analysis
ETTh1_sensitivity_modelTransformer_cpacp_a0.1_cw200_xlag24_seed5_modeonline_ofat_min_state_duration_1-0_M0,ETTh1,Transformer,acp,online,0.1,5,24,M0,0.9,0.894041667,0.005958333,0.9307726422457144,0.3273636363397603,0.1800044947496014,0.5397211639301303,0.6953644891475658,forecast_cache_seed2021/long_term_forecast_ETTh1_cache_Transformer_ETTh1_ftMS_sl96_ll48_pl96_dm512_nh8_el2_dl1_df2048_expand2_dc4_fc1_ebtimeF_dtTrue_ETTh1_0/forecast_full.npz,sensitivity_analysis
ETTh1_sensitivity_modelTransformer_cpacp_a0.1_cw200_xlag24_seed1_modeonline_ofat_min_state_duration_3-0_M0,ETTh1,Transformer,acp,online,0.1,1,24,M0,0.9,0.891611111,0.008388889,0.9298803249136908,0.3248871907853796,0.17576903752843,0.5397211639301303,0.6953644891475658,forecast_cache_seed2021/long_term_forecast_ETTh1_cache_Transformer_ETTh1_ftMS_sl96_ll48_pl96_dm512_nh8_el2_dl1_df2048_expand2_dc4_fc1_ebtimeF_dtTrue_ETTh1_0/forecast_full.npz,sensitivity_analysis
ETTh1_sensitivity_modelTransformer_cpacp_a0.1_cw200_xlag24_seed2_modeonline_ofat_min_state_duration_3-0_M0,ETTh1,Transformer,acp,online,0.1,2,24,M0,0.9,0.894736111,0.005263889,0.9308321656474258,0.3281022141555082,0.1812528980401251,0.5397211639301303,0.6953644891475658,forecast_cache_seed2021/long_term_forecast_ETTh1_cache_Transformer_ETTh1_ftMS_sl96_ll48_pl96_dm512_nh8_el2_dl1_df2048_expand2_dc4_fc1_ebtimeF_dtTrue_ETTh1_0/forecast_full.npz,sensitivity_analysis
ETTh1_sensitivity_modelTransformer_cpacp_a0.1_cw200_xlag24_seed3_modeonline_ofat_min_state_duration_3-0_M0,ETTh1,Transformer,acp,online,0.1,3,24,M0,0.9,0.891611111,0.008388889,0.9303688754450056,0.3248281907560549,0.1757214427389621,0.5397211639301303,0.6953644891475658,forecast_cache_seed2021/long_term_forecast_ETTh1_cache_Transformer_ETTh1_ftMS_sl96_ll48_pl96_dm512_nh8_el2_dl1_df2048_expand2_dc4_fc1_ebtimeF_dtTrue_ETTh1_0/forecast_full.npz,sensitivity_analysis
ETTh1_sensitivity_modelTransformer_cpacp_a0.1_cw200_xlag24_seed4_modeonline_ofat_min_state_duration_3-0_M0,ETTh1,Transformer,acp,online,0.1,4,24,M0,0.9,0.894388889,0.005611111,0.9313562198057512,0.3276644524667078,0.1805722038362265,0.5397211639301303,0.6953644891475658,forecast_cache_seed2021/long_term_forecast_ETTh1_cache_Transformer_ETTh1_ftMS_sl96_ll48_pl96_dm512_nh8_el2_dl1_df2048_expand2_dc4_fc1_ebtimeF_dtTrue_ETTh1_0/forecast_full.npz,sensitivity_analysis
ETTh1_sensitivity_modelTransformer_cpacp_a0.1_cw200_xlag24_seed5_modeonline_ofat_min_state_duration_3-0_M0,ETTh1,Transformer,acp,online,0.1,5,24,M0,0.9,0.894041667,0.005958333,0.9307726422457144,0.3273636363397603,0.1800044947496014,0.5397211639301303,0.6953644891475658,forecast_cache_seed2021/long_term_forecast_ETTh1_cache_Transformer_ETTh1_ftMS_sl96_ll48_pl96_dm512_nh8_el2_dl1_df2048_expand2_dc4_fc1_ebtimeF_dtTrue_ETTh1_0/forecast_full.npz,sensitivity_analysis
ETTh1_sensitivity_modelTransformer_cpacp_a0.1_cw200_xlag24_seed1_modeonline_ofat_min_state_duration_5-0_M0,ETTh1,Transformer,acp,online,0.1,1,24,M0,0.9,0.891611111,0.008388889,0.9298803249136908,0.3248871907853796,0.17576903752843,0.5397211639301303,0.6953644891475658,forecast_cache_seed2021/long_term_forecast_ETTh1_cache_Transformer_ETTh1_ftMS_sl96_ll48_pl96_dm512_nh8_el2_dl1_df2048_expand2_dc4_fc1_ebtimeF_dtTrue_ETTh1_0/forecast_full.npz,sensitivity_analysis
ETTh1_sensitivity_modelTransformer_cpacp_a0.1_cw200_xlag24_seed2_modeonline_ofat_min_state_duration_5-0_M0,ETTh1,Transformer,acp,online,0.1,2,24,M0,0.9,0.894736111,0.005263889,0.9308321656474258,0.3281022141555082,0.1812528980401251,0.5397211639301303,0.6953644891475658,forecast_cache_seed2021/long_term_forecast_ETTh1_cache_Transformer_ETTh1_ftMS_sl96_ll48_pl96_dm512_nh8_el2_dl1_df2048_expand2_dc4_fc1_ebtimeF_dtTrue_ETTh1_0/forecast_full.npz,sensitivity_analysis
ETTh1_sensitivity_modelTransformer_cpacp_a0.1_cw200_xlag24_seed3_modeonline_ofat_min_state_duration_5-0_M0,ETTh1,Transformer,acp,online,0.1,3,24,M0,0.9,0.891611111,0.008388889,0.9303688754450056,0.3248281907560549,0.1757214427389621,0.5397211639301303,0.6953644891475658,forecast_cache_seed2021/long_term_forecast_ETTh1_cache_Transformer_ETTh1_ftMS_sl96_ll48_pl96_dm512_nh8_el2_dl1_df2048_expand2_dc4_fc1_ebtimeF_dtTrue_ETTh1_0/forecast_full.npz,sensitivity_analysis
ETTh1_sensitivity_modelTransformer_cpacp_a0.1_cw200_xlag24_seed4_modeonline_ofat_min_state_duration_5-0_M0,ETTh1,Transformer,acp,online,0.1,4,24,M0,0.9,0.894388889,0.005611111,0.9313562198057512,0.3276644524667078,0.1805722038362265,0.5397211639301303,0.6953644891475658,forecast_cache_seed2021/long_term_forecast_ETTh1_cache_Transformer_ETTh1_ftMS_sl96_ll48_pl96_dm512_nh8_el2_dl1_df2048_expand2_dc4_fc1_ebtimeF_dtTrue_ETTh1_0/forecast_full.npz,sensitivity_analysis
ETTh1_sensitivity_modelTransformer_cpacp_a0.1_cw200_xlag24_seed5_modeonline_ofat_min_state_duration_5-0_M0,ETTh1,Transformer,acp,online,0.1,5,24,M0,0.9,0.894041667,0.005958333,0.9307726422457144,0.3273636363397603,0.1800044947496014,0.5397211639301303,0.6953644891475658,forecast_cache_seed2021/long_term_forecast_ETTh1_cache_Transformer_ETTh1_ftMS_sl96_ll48_pl96_dm512_nh8_el2_dl1_df2048_expand2_dc4_fc1_ebtimeF_dtTrue_ETTh1_0/forecast_full.npz,sensitivity_analysis
ETTh1_sensitivity_modelTransformer_cpacp_a0.1_cw200_xlag24_seed1_modeonline_ofat_min_state_duration_8-0_M0,ETTh1,Transformer,acp,online,0.1,1,24,M0,0.9,0.891611111,0.008388889,0.9298803249136908,0.3248871907853796,0.17576903752843,0.5397211639301303,0.6953644891475658,forecast_cache_seed2021/long_term_forecast_ETTh1_cache_Transformer_ETTh1_ftMS_sl96_ll48_pl96_dm512_nh8_el2_dl1_df2048_expand2_dc4_fc1_ebtimeF_dtTrue_ETTh1_0/forecast_full.npz,sensitivity_analysis
ETTh1_sensitivity_modelTransformer_cpacp_a0.1_cw200_xlag24_seed2_modeonline_ofat_min_state_duration_8-0_M0,ETTh1,Transformer,acp,online,0.1,2,24,M0,0.9,0.894736111,0.005263889,0.9308321656474258,0.3281022141555082,0.1812528980401251,0.5397211639301303,0.6953644891475658,forecast_cache_seed2021/long_term_forecast_ETTh1_cache_Transformer_ETTh1_ftMS_sl96_ll48_pl96_dm512_nh8_el2_dl1_df2048_expand2_dc4_fc1_ebtimeF_dtTrue_ETTh1_0/forecast_full.npz,sensitivity_analysis
ETTh1_sensitivity_modelTransformer_cpacp_a0.1_cw200_xlag24_seed3_modeonline_ofat_min_state_duration_8-0_M0,ETTh1,Transformer,acp,online,0.1,3,24,M0,0.9,0.891611111,0.008388889,0.9303688754450056,0.3248281907560549,0.1757214427389621,0.5397211639301303,0.6953644891475658,forecast_cache_seed2021/long_term_forecast_ETTh1_cache_Transformer_ETTh1_ftMS_sl96_ll48_pl96_dm512_nh8_el2_dl1_df2048_expand2_dc4_fc1_ebtimeF_dtTrue_ETTh1_0/forecast_full.npz,sensitivity_analysis
ETTh1_sensitivity_modelTransformer_cpacp_a0.1_cw200_xlag24_seed4_modeonline_ofat_min_state_duration_8-0_M0,ETTh1,Transformer,acp,online,0.1,4,24,M0,0.9,0.894388889,0.005611111,0.9313562198057512,0.3276644524667078,0.1805722038362265,0.5397211639301303,0.6953644891475658,forecast_cache_seed2021/long_term_forecast_ETTh1_cache_Transformer_ETTh1_ftMS_sl96_ll48_pl96_dm512_nh8_el2_dl1_df2048_expand2_dc4_fc1_ebtimeF_dtTrue_ETTh1_0/forecast_full.npz,sensitivity_analysis
ETTh1_sensitivity_modelTransformer_cpacp_a0.1_cw200_xlag24_seed5_modeonline_ofat_min_state_duration_8-0_M0,ETTh1,Transformer,acp,online,0.1,5,24,M0,0.9,0.894041667,0.005958333,0.9307726422457144,0.3273636363397603,0.1800044947496014,0.5397211639301303,0.6953644891475658,forecast_cache_seed2021/long_term_forecast_ETTh1_cache_Transformer_ETTh1_ftMS_sl96_ll48_pl96_dm512_nh8_el2_dl1_df2048_expand2_dc4_fc1_ebtimeF_dtTrue_ETTh1_0/forecast_full.npz,sensitivity_analysis
ETTh1_sensitivity_modelTransformer_cpacp_a0.1_cw200_xlag24_seed1_modeonline_ofat_min_state_duration_12-0_M0,ETTh1,Transformer,acp,online,0.1,1,24,M0,0.9,0.891611111,0.008388889,0.9298803249136908,0.3248871907853796,0.17576903752843,0.5397211639301303,0.6953644891475658,forecast_cache_seed2021/long_term_forecast_ETTh1_cache_Transformer_ETTh1_ftMS_sl96_ll48_pl96_dm512_nh8_el2_dl1_df2048_expand2_dc4_fc1_ebtimeF_dtTrue_ETTh1_0/forecast_full.npz,sensitivity_analysis
ETTh1_sensitivity_modelTransformer_cpacp_a0.1_cw200_xlag24_seed2_modeonline_ofat_min_state_duration_12-0_M0,ETTh1,Transformer,acp,online,0.1,2,24,M0,0.9,0.894736111,0.005263889,0.9308321656474258,0.3281022141555082,0.1812528980401251,0.5397211639301303,0.6953644891475658,forecast_cache_seed2021/long_term_forecast_ETTh1_cache_Transformer_ETTh1_ftMS_sl96_ll48_pl96_dm512_nh8_el2_dl1_df2048_expand2_dc4_fc1_ebtimeF_dtTrue_ETTh1_0/forecast_full.npz,sensitivity_analysis
ETTh1_sensitivity_modelTransformer_cpacp_a0.1_cw200_xlag24_seed3_modeonline_ofat_min_state_duration_12-0_M0,ETTh1,Transformer,acp,online,0.1,3,24,M0,0.9,0.891611111,0.008388889,0.9303688754450056,0.3248281907560549,0.1757214427389621,0.5397211639301303,0.6953644891475658,forecast_cache_seed2021/long_term_forecast_ETTh1_cache_Transformer_ETTh1_ftMS_sl96_ll48_pl96_dm512_nh8_el2_dl1_df2048_expand2_dc4_fc1_ebtimeF_dtTrue_ETTh1_0/forecast_full.npz,sensitivity_analysis
ETTh1_sensitivity_modelTransformer_cpacp_a0.1_cw200_xlag24_seed4_modeonline_ofat_min_state_duration_12-0_M0,ETTh1,Transformer,acp,online,0.1,4,24,M0,0.9,0.894388889,0.005611111,0.9313562198057512,0.3276644524667078,0.1805722038362265,0.5397211639301303,0.6953644891475658,forecast_cache_seed2021/long_term_forecast_ETTh1_cache_Transformer_ETTh1_ftMS_sl96_ll48_pl96_dm512_nh8_el2_dl1_df2048_expand2_dc4_fc1_ebtimeF_dtTrue_ETTh1_0/forecast_full.npz,sensitivity_analysis
ETTh1_sensitivity_modelTransformer_cpacp_a0.1_cw200_xlag24_seed5_modeonline_ofat_min_state_duration_12-0_M0,ETTh1,Transformer,acp,online,0.1,5,24,M0,0.9,0.894041667,0.005958333,0.9307726422457144,0.3273636363397603,0.1800044947496014,0.5397211639301303,0.6953644891475658,forecast_cache_seed2021/long_term_forecast_ETTh1_cache_Transformer_ETTh1_ftMS_sl96_ll48_pl96_dm512_nh8_el2_dl1_df2048_expand2_dc4_fc1_ebtimeF_dtTrue_ETTh1_0/forecast_full.npz,sensitivity_analysis
ETTh1_sensitivity_modelTransformer_cpacp_a0.1_cw200_xlag24_seed1_modeonline_ofat_min_state_duration_16-0_M0,ETTh1,Transformer,acp,online,0.1,1,24,M0,0.9,0.891611111,0.008388889,0.9298803249136908,0.3248871907853796,0.17576903752843,0.5397211639301303,0.6953644891475658,forecast_cache_seed2021/long_term_forecast_ETTh1_cache_Transformer_ETTh1_ftMS_sl96_ll48_pl96_dm512_nh8_el2_dl1_df2048_expand2_dc4_fc1_ebtimeF_dtTrue_ETTh1_0/forecast_full.npz,sensitivity_analysis
ETTh1_sensitivity_modelTransformer_cpacp_a0.1_cw200_xlag24_seed2_modeonline_ofat_min_state_duration_16-0_M0,ETTh1,Transformer,acp,online,0.1,2,24,M0,0.9,0.894736111,0.005263889,0.9308321656474258,0.3281022141555082,0.1812528980401251,0.5397211639301303,0.6953644891475658,forecast_cache_seed2021/long_term_forecast_ETTh1_cache_Transformer_ETTh1_ftMS_sl96_ll48_pl96_dm512_nh8_el2_dl1_df2048_expand2_dc4_fc1_ebtimeF_dtTrue_ETTh1_0/forecast_full.npz,sensitivity_analysis
ETTh1_sensitivity_modelTransformer_cpacp_a0.1_cw200_xlag24_seed3_modeonline_ofat_min_state_duration_16-0_M0,ETTh1,Transformer,acp,online,0.1,3,24,M0,0.9,0.891611111,0.008388889,0.9303688754450056,0.3248281907560549,0.1757214427389621,0.5397211639301303,0.6953644891475658,forecast_cache_seed2021/long_term_forecast_ETTh1_cache_Transformer_ETTh1_ftMS_sl96_ll48_pl96_dm512_nh8_el2_dl1_df2048_expand2_dc4_fc1_ebtimeF_dtTrue_ETTh1_0/forecast_full.npz,sensitivity_analysis
ETTh1_sensitivity_modelTransformer_cpacp_a0.1_cw200_xlag24_seed4_modeonline_ofat_min_state_duration_16-0_M0,ETTh1,Transformer,acp,online,0.1,4,24,M0,0.9,0.894388889,0.005611111,0.9313562198057512,0.3276644524667078,0.1805722038362265,0.5397211639301303,0.6953644891475658,forecast_cache_seed2021/long_term_forecast_ETTh1_cache_Transformer_ETTh1_ftMS_sl96_ll48_pl96_dm512_nh8_el2_dl1_df2048_expand2_dc4_fc1_ebtimeF_dtTrue_ETTh1_0/forecast_full.npz,sensitivity_analysis
ETTh1_sensitivity_modelTransformer_cpacp_a0.1_cw200_xlag24_seed5_modeonline_ofat_min_state_duration_16-0_M0,ETTh1,Transformer,acp,online,0.1,5,24,M0,0.9,0.894041667,0.005958333,0.9307726422457144,0.3273636363397603,0.1800044947496014,0.5397211639301303,0.6953644891475658,forecast_cache_seed2021/long_term_forecast_ETTh1_cache_Transformer_ETTh1_ftMS_sl96_ll48_pl96_dm512_nh8_el2_dl1_df2048_expand2_dc4_fc1_ebtimeF_dtTrue_ETTh1_0/forecast_full.npz,sensitivity_analysis
ETTh1_sensitivity_modelTransformer_cpacp_a0.1_cw200_xlag24_seed1_modeonline_ofat_lambda_spectral_0.0-0_M0,ETTh1,Transformer,acp,online,0.1,1,24,M0,0.9,0.903069444,-0.003069444,0.91587205687738,0.339284627825143,0.1986512376181824,0.5397211639301303,0.6953644891475658,forecast_cache_seed2021/long_term_forecast_ETTh1_cache_Transformer_ETTh1_ftMS_sl96_ll48_pl96_dm512_nh8_el2_dl1_df2048_expand2_dc4_fc1_ebtimeF_dtTrue_ETTh1_0/forecast_full.npz,sensitivity_analysis
ETTh1_sensitivity_modelTransformer_cpacp_a0.1_cw200_xlag24_seed2_modeonline_ofat_lambda_spectral_0.0-0_M0,ETTh1,Transformer,acp,online,0.1,2,24,M0,0.9,0.905847222,-0.005847222,0.9168016898716584,0.3423879069714685,0.2041406465621613,0.5397211639301303,0.6953644891475658,forecast_cache_seed2021/long_term_forecast_ETTh1_cache_Transformer_ETTh1_ftMS_sl96_ll48_pl96_dm512_nh8_el2_dl1_df2048_expand2_dc4_fc1_ebtimeF_dtTrue_ETTh1_0/forecast_full.npz,sensitivity_analysis
ETTh1_sensitivity_modelTransformer_cpacp_a0.1_cw200_xlag24_seed3_modeonline_ofat_lambda_spectral_0.0-0_M0,ETTh1,Transformer,acp,online,0.1,3,24,M0,0.9,0.904458333,-0.004458333,0.9156047856017236,0.340926549437426,0.2014596167310272,0.5397211639301303,0.6953644891475658,forecast_cache_seed2021/long_term_forecast_ETTh1_cache_Transformer_ETTh1_ftMS_sl96_ll48_pl96_dm512_nh8_el2_dl1_df2048_expand2_dc4_fc1_ebtimeF_dtTrue_ETTh1_0/forecast_full.npz,sensitivity_analysis
ETTh1_sensitivity_modelTransformer_cpacp_a0.1_cw200_xlag24_seed4_modeonline_ofat_lambda_spectral_0.0-0_M0,ETTh1,Transformer,acp,online,0.1,4,24,M0,0.9,0.903069444,-0.003069444,0.9168243836267616,0.3391592241584637,0.1985455905667727,0.5397211639301303,0.6953644891475658,forecast_cache_seed2021/long_term_forecast_ETTh1_cache_Transformer_ETTh1_ftMS_sl96_ll48_pl96_dm512_nh8_el2_dl1_df2048_expand2_dc4_fc1_ebtimeF_dtTrue_ETTh1_0/forecast_full.npz,sensitivity_analysis
ETTh1_sensitivity_modelTransformer_cpacp_a0.1_cw200_xlag24_seed5_modeonline_ofat_lambda_spectral_0.0-0_M0,ETTh1,Transformer,acp,online,0.1,5,24,M0,0.9,0.901680556,-0.001680556,0.9164000623803424,0.337624430939869,0.195853483841554,0.5397211639301303,0.6953644891475658,forecast_cache_seed2021/long_term_forecast_ETTh1_cache_Transformer_ETTh1_ftMS_sl96_ll48_pl96_dm512_nh8_el2_dl1_df2048_expand2_dc4_fc1_ebtimeF_dtTrue_ETTh1_0/forecast_full.npz,sensitivity_analysis
ETTh1_sensitivity_modelTransformer_cpacp_a0.1_cw200_xlag24_seed1_modeonline_ofat_lambda_spectral_0.1-0_M0,ETTh1,Transformer,acp,online,0.1,1,24,M0,0.9,0.901333333,-0.001333333,0.921052172462261,0.3366247602206025,0.1946687575231624,0.5397211639301303,0.6953644891475658,forecast_cache_seed2021/long_term_forecast_ETTh1_cache_Transformer_ETTh1_ftMS_sl96_ll48_pl96_dm512_nh8_el2_dl1_df2048_expand2_dc4_fc1_ebtimeF_dtTrue_ETTh1_0/forecast_full.npz,sensitivity_analysis
ETTh1_sensitivity_modelTransformer_cpacp_a0.1_cw200_xlag24_seed2_modeonline_ofat_lambda_spectral_0.1-0_M0,ETTh1,Transformer,acp,online,0.1,2,24,M0,0.9,0.899944444,5.55556E-05,0.9214253853303872,0.3350103084064547,0.1919438036225205,0.5397211639301303,0.6953644891475658,forecast_cache_seed2021/long_term_forecast_ETTh1_cache_Transformer_ETTh1_ftMS_sl96_ll48_pl96_dm512_nh8_el2_dl1_df2048_expand2_dc4_fc1_ebtimeF_dtTrue_ETTh1_0/forecast_full.npz,sensitivity_analysis
ETTh1_sensitivity_modelTransformer_cpacp_a0.1_cw200_xlag24_seed3_modeonline_ofat_lambda_spectral_0.1-0_M0,ETTh1,Transformer,acp,online,0.1,3,24,M0,0.9,0.900986111,-0.000986111,0.9216992725981484,0.3361480658746333,0.1939240832713758,0.5397211639301303,0.6953644891475658,forecast_cache_seed2021/long_term_forecast_ETTh1_cache_Transformer_ETTh1_ftMS_sl96_ll48_pl96_dm512_nh8_el2_dl1_df2048_expand2_dc4_fc1_ebtimeF_dtTrue_ETTh1_0/forecast_full.npz,sensitivity_analysis
ETTh1_sensitivity_modelTransformer_cpacp_a0.1_cw200_xlag24_seed4_modeonline_ofat_lambda_spectral_0.1-0_M0,ETTh1,Transformer,acp,online,0.1,4,24,M0,0.9,0.900291667,-0.000291667,0.92160824825668,0.3353769178516304,0.1925918167264465,0.5397211639301303,0.6953644891475658,forecast_cache_seed2021/long_term_forecast_ETTh1_cache_Transformer_ETTh1_ftMS_sl96_ll48_pl96_dm512_nh8_el2_dl1_df2048_expand2_dc4_fc1_ebtimeF_dtTrue_ETTh1_0/forecast_full.npz,sensitivity_analysis
ETTh1_sensitivity_modelTransformer_cpacp_a0.1_cw200_xlag24_seed5_modeonline_ofat_lambda_spectral_0.1-0_M0,ETTh1,Transformer,acp,online,0.1,5,24,M0,0.9,0.903069444,-0.003069444,0.922198023001124,0.3384533498049857,0.1979515616698286,0.5397211639301303,0.6953644891475658,forecast_cache_seed2021/long_term_forecast_ETTh1_cache_Transformer_ETTh1_ftMS_sl96_ll48_pl96_dm512_nh8_el2_dl1_df2048_expand2_dc4_fc1_ebtimeF_dtTrue_ETTh1_0/forecast_full.npz,sensitivity_analysis
ETTh1_sensitivity_modelTransformer_cpacp_a0.1_cw200_xlag24_seed1_modeonline_ofat_lambda_spectral_0.3-0_M0,ETTh1,Transformer,acp,online,0.1,1,24,M0,0.9,0.897861111,0.002138889,0.9239564937239636,0.3323680737581959,0.1877216795356886,0.5397211639301303,0.6953644891475658,forecast_cache_seed2021/long_term_forecast_ETTh1_cache_Transformer_ETTh1_ftMS_sl96_ll48_pl96_dm512_nh8_el2_dl1_df2048_expand2_dc4_fc1_ebtimeF_dtTrue_ETTh1_0/forecast_full.npz,sensitivity_analysis
ETTh1_sensitivity_modelTransformer_cpacp_a0.1_cw200_xlag24_seed2_modeonline_ofat_lambda_spectral_0.3-0_M0,ETTh1,Transformer,acp,online,0.1,2,24,M0,0.9,0.896819444,0.003180556,0.9236572398689152,0.3312589035896237,0.1858073229800091,0.5397211639301303,0.6953644891475658,forecast_cache_seed2021/long_term_forecast_ETTh1_cache_Transformer_ETTh1_ftMS_sl96_ll48_pl96_dm512_nh8_el2_dl1_df2048_expand2_dc4_fc1_ebtimeF_dtTrue_ETTh1_0/forecast_full.npz,sensitivity_analysis
ETTh1_sensitivity_modelTransformer_cpacp_a0.1_cw200_xlag24_seed3_modeonline_ofat_lambda_spectral_0.3-0_M0,ETTh1,Transformer,acp,online,0.1,3,24,M0,0.9,0.895430556,0.004569444,0.9203708913166996,0.3301512300942731,0.183580137858876,0.5397211639301303,0.6953644891475658,forecast_cache_seed2021/long_term_forecast_ETTh1_cache_Transformer_ETTh1_ftMS_sl96_ll48_pl96_dm512_nh8_el2_dl1_df2048_expand2_dc4_fc1_ebtimeF_dtTrue_ETTh1_0/forecast_full.npz,sensitivity_analysis
ETTh1_sensitivity_modelTransformer_cpacp_a0.1_cw200_xlag24_seed4_modeonline_ofat_lambda_spectral_0.3-0_M0,ETTh1,Transformer,acp,online,0.1,4,24,M0,0.9,0.896819444,0.003180556,0.92332001770632,0.3313012545424016,0.185842187727624,0.5397211639301303,0.6953644891475658,forecast_cache_seed2021/long_term_forecast_ETTh1_cache_Transformer_ETTh1_ftMS_sl96_ll48_pl96_dm512_nh8_el2_dl1_df2048_expand2_dc4_fc1_ebtimeF_dtTrue_ETTh1_0/forecast_full.npz,sensitivity_analysis
ETTh1_sensitivity_modelTransformer_cpacp_a0.1_cw200_xlag24_seed5_modeonline_ofat_lambda_spectral_0.3-0_M0,ETTh1,Transformer,acp,online,0.1,5,24,M0,0.9,0.894736111,0.005263889,0.926149231327744,0.3286801200180805,0.1817244477328361,0.5397211639301303,0.6953644891475658,forecast_cache_seed2021/long_term_forecast_ETTh1_cache_Transformer_ETTh1_ftMS_sl96_ll48_pl96_dm512_nh8_el2_dl1_df2048_expand2_dc4_fc1_ebtimeF_dtTrue_ETTh1_0/forecast_full.npz,sensitivity_analysis
ETTh1_sensitivity_modelTransformer_cpacp_a0.1_cw200_xlag24_seed1_modeonline_ofat_lambda_spectral_0.5-0_M0,ETTh1,Transformer,acp,online,0.1,1,24,M0,0.9,0.891611111,0.008388889,0.9298803249136908,0.3248871907853796,0.17576903752843,0.5397211639301303,0.6953644891475658,forecast_cache_seed2021/long_term_forecast_ETTh1_cache_Transformer_ETTh1_ftMS_sl96_ll48_pl96_dm512_nh8_el2_dl1_df2048_expand2_dc4_fc1_ebtimeF_dtTrue_ETTh1_0/forecast_full.npz,sensitivity_analysis
ETTh1_sensitivity_modelTransformer_cpacp_a0.1_cw200_xlag24_seed2_modeonline_ofat_lambda_spectral_0.5-0_M0,ETTh1,Transformer,acp,online,0.1,2,24,M0,0.9,0.894736111,0.005263889,0.9308321656474258,0.3281022141555082,0.1812528980401251,0.5397211639301303,0.6953644891475658,forecast_cache_seed2021/long_term_forecast_ETTh1_cache_Transformer_ETTh1_ftMS_sl96_ll48_pl96_dm512_nh8_el2_dl1_df2048_expand2_dc4_fc1_ebtimeF_dtTrue_ETTh1_0/forecast_full.npz,sensitivity_analysis
ETTh1_sensitivity_modelTransformer_cpacp_a0.1_cw200_xlag24_seed3_modeonline_ofat_lambda_spectral_0.5-0_M0,ETTh1,Transformer,acp,online,0.1,3,24,M0,0.9,0.891611111,0.008388889,0.9303688754450056,0.3248281907560549,0.1757214427389621,0.5397211639301303,0.6953644891475658,forecast_cache_seed2021/long_term_forecast_ETTh1_cache_Transformer_ETTh1_ftMS_sl96_ll48_pl96_dm512_nh8_el2_dl1_df2048_expand2_dc4_fc1_ebtimeF_dtTrue_ETTh1_0/forecast_full.npz,sensitivity_analysis
ETTh1_sensitivity_modelTransformer_cpacp_a0.1_cw200_xlag24_seed4_modeonline_ofat_lambda_spectral_0.5-0_M0,ETTh1,Transformer,acp,online,0.1,4,24,M0,0.9,0.894388889,0.005611111,0.9313562198057512,0.3276644524667078,0.1805722038362265,0.5397211639301303,0.6953644891475658,forecast_cache_seed2021/long_term_forecast_ETTh1_cache_Transformer_ETTh1_ftMS_sl96_ll48_pl96_dm512_nh8_el2_dl1_df2048_expand2_dc4_fc1_ebtimeF_dtTrue_ETTh1_0/forecast_full.npz,sensitivity_analysis
ETTh1_sensitivity_modelTransformer_cpacp_a0.1_cw200_xlag24_seed5_modeonline_ofat_lambda_spectral_0.5-0_M0,ETTh1,Transformer,acp,online,0.1,5,24,M0,0.9,0.894041667,0.005958333,0.9307726422457144,0.3273636363397603,0.1800044947496014,0.5397211639301303,0.6953644891475658,forecast_cache_seed2021/long_term_forecast_ETTh1_cache_Transformer_ETTh1_ftMS_sl96_ll48_pl96_dm512_nh8_el2_dl1_df2048_expand2_dc4_fc1_ebtimeF_dtTrue_ETTh1_0/forecast_full.npz,sensitivity_analysis
ETTh1_sensitivity_modelTransformer_cpacp_a0.1_cw200_xlag24_seed1_modeonline_ofat_lambda_spectral_0.8-0_M0,ETTh1,Transformer,acp,online,0.1,1,24,M0,0.9,0.892305556,0.007694444,0.9445188401554004,0.3238553281980423,0.1755690506394178,0.5397211639301303,0.6953644891475658,forecast_cache_seed2021/long_term_forecast_ETTh1_cache_Transformer_ETTh1_ftMS_sl96_ll48_pl96_dm512_nh8_el2_dl1_df2048_expand2_dc4_fc1_ebtimeF_dtTrue_ETTh1_0/forecast_full.npz,sensitivity_analysis
ETTh1_sensitivity_modelTransformer_cpacp_a0.1_cw200_xlag24_seed2_modeonline_ofat_lambda_spectral_0.8-0_M0,ETTh1,Transformer,acp,online,0.1,2,24,M0,0.9,0.895777778,0.004222222,0.945407405213198,0.3274294408710178,0.1816834888948035,0.5397211639301303,0.6953644891475658,forecast_cache_seed2021/long_term_forecast_ETTh1_cache_Transformer_ETTh1_ftMS_sl96_ll48_pl96_dm512_nh8_el2_dl1_df2048_expand2_dc4_fc1_ebtimeF_dtTrue_ETTh1_0/forecast_full.npz,sensitivity_analysis
ETTh1_sensitivity_modelTransformer_cpacp_a0.1_cw200_xlag24_seed3_modeonline_ofat_lambda_spectral_0.8-0_M0,ETTh1,Transformer,acp,online,0.1,3,24,M0,0.9,0.895083333,0.004916667,0.940246327117918,0.327318152031718,0.1809394748164174,0.5397211639301303,0.6953644891475658,forecast_cache_seed2021/long_term_forecast_ETTh1_cache_Transformer_ETTh1_ftMS_sl96_ll48_pl96_dm512_nh8_el2_dl1_df2048_expand2_dc4_fc1_ebtimeF_dtTrue_ETTh1_0/forecast_full.npz,sensitivity_analysis
ETTh1_sensitivity_modelTransformer_cpacp_a0.1_cw200_xlag24_seed4_modeonline_ofat_lambda_spectral_0.8-0_M0,ETTh1,Transformer,acp,online,0.1,4,24,M0,0.9,0.893694444,0.006305556,0.9407812816255408,0.3257718886718271,0.178391192802996,0.5397211639301303,0.6953644891475658,forecast_cache_seed2021/long_term_forecast_ETTh1_cache_Transformer_ETTh1_ftMS_sl96_ll48_pl96_dm512_nh8_el2_dl1_df2048_expand2_dc4_fc1_ebtimeF_dtTrue_ETTh1_0/forecast_full.npz,sensitivity_analysis
ETTh1_sensitivity_modelTransformer_cpacp_a0.1_cw200_xlag24_seed5_modeonline_ofat_lambda_spectral_0.8-0_M0,ETTh1,Transformer,acp,online,0.1,5,24,M0,0.9,0.898555556,0.001444444,0.9496424470218148,0.3299065198612491,0.1863671598238594,0.5397211639301303,0.6953644891475658,forecast_cache_seed2021/long_term_forecast_ETTh1_cache_Transformer_ETTh1_ftMS_sl96_ll48_pl96_dm512_nh8_el2_dl1_df2048_expand2_dc4_fc1_ebtimeF_dtTrue_ETTh1_0/forecast_full.npz,sensitivity_analysis
ETTh1_sensitivity_modelTransformer_cpacp_a0.1_cw200_xlag24_seed1_modeonline_ofat_lambda_spectral_1.2-0_M0,ETTh1,Transformer,acp,online,0.1,1,24,M0,0.9,0.899597222,0.000402778,0.9589517720773562,0.3298807925293275,0.1873621134251751,0.5397211639301303,0.6953644891475658,forecast_cache_seed2021/long_term_forecast_ETTh1_cache_Transformer_ETTh1_ftMS_sl96_ll48_pl96_dm512_nh8_el2_dl1_df2048_expand2_dc4_fc1_ebtimeF_dtTrue_ETTh1_0/forecast_full.npz,sensitivity_analysis
ETTh1_sensitivity_modelTransformer_cpacp_a0.1_cw200_xlag24_seed2_modeonline_ofat_lambda_spectral_1.2-0_M0,ETTh1,Transformer,acp,online,0.1,2,24,M0,0.9,0.902375,-0.002375,0.9621266510746094,0.3325293382173614,0.1923064540520712,0.5397211639301303,0.6953644891475658,forecast_cache_seed2021/long_term_forecast_ETTh1_cache_Transformer_ETTh1_ftMS_sl96_ll48_pl96_dm512_nh8_el2_dl1_df2048_expand2_dc4_fc1_ebtimeF_dtTrue_ETTh1_0/forecast_full.npz,sensitivity_analysis
ETTh1_sensitivity_modelTransformer_cpacp_a0.1_cw200_xlag24_seed3_modeonline_ofat_lambda_spectral_1.2-0_M0,ETTh1,Transformer,acp,online,0.1,3,24,M0,0.9,0.898555556,0.001444444,0.9614385056192418,0.3284438530955387,0.18516931989537,0.5397211639301303,0.6953644891475658,forecast_cache_seed2021/long_term_forecast_ETTh1_cache_Transformer_ETTh1_ftMS_sl96_ll48_pl96_dm512_nh8_el2_dl1_df2048_expand2_dc4_fc1_ebtimeF_dtTrue_ETTh1_0/forecast_full.npz,sensitivity_analysis
ETTh1_sensitivity_modelTransformer_cpacp_a0.1_cw200_xlag24_seed4_modeonline_ofat_lambda_spectral_1.2-0_M0,ETTh1,Transformer,acp,online,0.1,4,24,M0,0.9,0.896125,0.003875,0.9611873039208596,0.3258731714604194,0.1807476708863276,0.5397211639301303,0.6953644891475658,forecast_cache_seed2021/long_term_forecast_ETTh1_cache_Transformer_ETTh1_ftMS_sl96_ll48_pl96_dm512_nh8_el2_dl1_df2048_expand2_dc4_fc1_ebtimeF_dtTrue_ETTh1_0/forecast_full.npz,sensitivity_analysis
ETTh1_sensitivity_modelTransformer_cpacp_a0.1_cw200_xlag24_seed5_modeonline_ofat_lambda_spectral_1.2-0_M0,ETTh1,Transformer,acp,online,0.1,5,24,M0,0.9,0.896819444,0.003180556,0.9602071028165592,0.3267319982087275,0.1821045034469527,0.5397211639301303,0.6953644891475658,forecast_cache_seed2021/long_term_forecast_ETTh1_cache_Transformer_ETTh1_ftMS_sl96_ll48_pl96_dm512_nh8_el2_dl1_df2048_expand2_dc4_fc1_ebtimeF_dtTrue_ETTh1_0/forecast_full.npz,sensitivity_analysis
ETTh1_sensitivity_modelTransformer_cpacp_a0.1_cw200_xlag24_seed1_modeonline_ofat_lambda_cov_0.5-0_M0,ETTh1,Transformer,acp,online,0.1,1,24,M0,0.9,0.841611111,0.058388889,0.8789011303835951,0.2841188568384107,0.1097100443491922,0.5397211639301303,0.6953644891475658,forecast_cache_seed2021/long_term_forecast_ETTh1_cache_Transformer_ETTh1_ftMS_sl96_ll48_pl96_dm512_nh8_el2_dl1_df2048_expand2_dc4_fc1_ebtimeF_dtTrue_ETTh1_0/forecast_full.npz,sensitivity_analysis
ETTh1_sensitivity_modelTransformer_cpacp_a0.1_cw200_xlag24_seed2_modeonline_ofat_lambda_cov_0.5-0_M0,ETTh1,Transformer,acp,online,0.1,2,24,M0,0.9,0.832930556,0.067069444,0.8736914565140419,0.2777393842403581,0.1008881075339107,0.5397211639301303,0.6953644891475658,forecast_cache_seed2021/long_term_forecast_ETTh1_cache_Transformer_ETTh1_ftMS_sl96_ll48_pl96_dm512_nh8_el2_dl1_df2048_expand2_dc4_fc1_ebtimeF_dtTrue_ETTh1_0/forecast_full.npz,sensitivity_analysis
ETTh1_sensitivity_modelTransformer_cpacp_a0.1_cw200_xlag24_seed3_modeonline_ofat_lambda_cov_0.5-0_M0,ETTh1,Transformer,acp,online,0.1,3,24,M0,0.9,0.829458333,0.070541667,0.8732488615015827,0.2751248565061336,0.0974698531452753,0.5397211639301303,0.6953644891475658,forecast_cache_seed2021/long_term_forecast_ETTh1_cache_Transformer_ETTh1_ftMS_sl96_ll48_pl96_dm512_nh8_el2_dl1_df2048_expand2_dc4_fc1_ebtimeF_dtTrue_ETTh1_0/forecast_full.npz,sensitivity_analysis
ETTh1_sensitivity_modelTransformer_cpacp_a0.1_cw200_xlag24_seed4_modeonline_ofat_lambda_cov_0.5-0_M0,ETTh1,Transformer,acp,online,0.1,4,24,M0,0.9,0.844041667,0.055958333,0.8784961919072167,0.2861324637324943,0.1124352539769846,0.5397211639301303,0.6953644891475658,forecast_cache_seed2021/long_term_forecast_ETTh1_cache_Transformer_ETTh1_ftMS_sl96_ll48_pl96_dm512_nh8_el2_dl1_df2048_expand2_dc4_fc1_ebtimeF_dtTrue_ETTh1_0/forecast_full.npz,sensitivity_analysis
ETTh1_sensitivity_modelTransformer_cpacp_a0.1_cw200_xlag24_seed5_modeonline_ofat_lambda_cov_0.5-0_M0,ETTh1,Transformer,acp,online,0.1,5,24,M0,0.9,0.841958333,0.058041667,0.8773547125590522,0.2845426290209779,0.1101888608377302,0.5397211639301303,0.6953644891475658,forecast_cache_seed2021/long_term_forecast_ETTh1_cache_Transformer_ETTh1_ftMS_sl96_ll48_pl96_dm512_nh8_el2_dl1_df2048_expand2_dc4_fc1_ebtimeF_dtTrue_ETTh1_0/forecast_full.npz,sensitivity_analysis
ETTh1_sensitivity_modelTransformer_cpacp_a0.1_cw200_xlag24_seed1_modeonline_ofat_lambda_cov_1.0-0_M0,ETTh1,Transformer,acp,online,0.1,1,24,M0,0.9,0.845777778,0.054222222,0.8846776199894476,0.286977200844866,0.1140021565769447,0.5397211639301303,0.6953644891475658,forecast_cache_seed2021/long_term_forecast_ETTh1_cache_Transformer_ETTh1_ftMS_sl96_ll48_pl96_dm512_nh8_el2_dl1_df2048_expand2_dc4_fc1_ebtimeF_dtTrue_ETTh1_0/forecast_full.npz,sensitivity_analysis
ETTh1_sensitivity_modelTransformer_cpacp_a0.1_cw200_xlag24_seed2_modeonline_ofat_lambda_cov_1.0-0_M0,ETTh1,Transformer,acp,online,0.1,2,24,M0,0.9,0.847166667,0.052833333,0.8842060332888776,0.2881704176533861,0.1156275742880547,0.5397211639301303,0.6953644891475658,forecast_cache_seed2021/long_term_forecast_ETTh1_cache_Transformer_ETTh1_ftMS_sl96_ll48_pl96_dm512_nh8_el2_dl1_df2048_expand2_dc4_fc1_ebtimeF_dtTrue_ETTh1_0/forecast_full.npz,sensitivity_analysis
ETTh1_sensitivity_modelTransformer_cpacp_a0.1_cw200_xlag24_seed3_modeonline_ofat_lambda_cov_1.0-0_M0,ETTh1,Transformer,acp,online,0.1,3,24,M0,0.9,0.846125,0.053875,0.883528096031904,0.2873720364805052,0.1144735145200907,0.5397211639301303,0.6953644891475658,forecast_cache_seed2021/long_term_forecast_ETTh1_cache_Transformer_ETTh1_ftMS_sl96_ll48_pl96_dm512_nh8_el2_dl1_df2048_expand2_dc4_fc1_ebtimeF_dtTrue_ETTh1_0/forecast_full.npz,sensitivity_analysis
ETTh1_sensitivity_modelTransformer_cpacp_a0.1_cw200_xlag24_seed4_modeonline_ofat_lambda_cov_1.0-0_M0,ETTh1,Transformer,acp,online,0.1,4,24,M0,0.9,0.850291667,0.049708333,0.8841527325948461,0.2907942255417488,0.1193016044519185,0.5397211639301303,0.6953644891475658,forecast_cache_seed2021/long_term_forecast_ETTh1_cache_Transformer_ETTh1_ftMS_sl96_ll48_pl96_dm512_nh8_el2_dl1_df2048_expand2_dc4_fc1_ebtimeF_dtTrue_ETTh1_0/forecast_full.npz,sensitivity_analysis
ETTh1_sensitivity_modelTransformer_cpacp_a0.1_cw200_xlag24_seed5_modeonline_ofat_lambda_cov_1.0-0_M0,ETTh1,Transformer,acp,online,0.1,5,24,M0,0.9,0.849597222,0.050402778,0.8855629885913753,0.2900723245428738,0.118381027512681,0.5397211639301303,0.6953644891475658,forecast_cache_seed2021/long_term_forecast_ETTh1_cache_Transformer_ETTh1_ftMS_sl96_ll48_pl96_dm512_nh8_el2_dl1_df2048_expand2_dc4_fc1_ebtimeF_dtTrue_ETTh1_0/forecast_full.npz,sensitivity_analysis
ETTh1_sensitivity_modelTransformer_cpacp_a0.1_cw200_xlag24_seed1_modeonline_ofat_lambda_cov_2.5-0_M0,ETTh1,Transformer,acp,online,0.1,1,24,M0,0.9,0.864527778,0.035472222,0.8971812068213432,0.301986548602236,0.1365420081342433,0.5397211639301303,0.6953644891475658,forecast_cache_seed2021/long_term_forecast_ETTh1_cache_Transformer_ETTh1_ftMS_sl96_ll48_pl96_dm512_nh8_el2_dl1_df2048_expand2_dc4_fc1_ebtimeF_dtTrue_ETTh1_0/forecast_full.npz,sensitivity_analysis
ETTh1_sensitivity_modelTransformer_cpacp_a0.1_cw200_xlag24_seed2_modeonline_ofat_lambda_cov_2.5-0_M0,ETTh1,Transformer,acp,online,0.1,2,24,M0,0.9,0.866958333,0.033041667,0.8968346116830168,0.3042562165882471,0.1399287822336681,0.5397211639301303,0.6953644891475658,forecast_cache_seed2021/long_term_forecast_ETTh1_cache_Transformer_ETTh1_ftMS_sl96_ll48_pl96_dm512_nh8_el2_dl1_df2048_expand2_dc4_fc1_ebtimeF_dtTrue_ETTh1_0/forecast_full.npz,sensitivity_analysis
ETTh1_sensitivity_modelTransformer_cpacp_a0.1_cw200_xlag24_seed3_modeonline_ofat_lambda_cov_2.5-0_M0,ETTh1,Transformer,acp,online,0.1,3,24,M0,0.9,0.864875,0.035125,0.896935908845819,0.3023291884261043,0.1370359164963507,0.5397211639301303,0.6953644891475658,forecast_cache_seed2021/long_term_forecast_ETTh1_cache_Transformer_ETTh1_ftMS_sl96_ll48_pl96_dm512_nh8_el2_dl1_df2048_expand2_dc4_fc1_ebtimeF_dtTrue_ETTh1_0/forecast_full.npz,sensitivity_analysis
ETTh1_sensitivity_modelTransformer_cpacp_a0.1_cw200_xlag24_seed4_modeonline_ofat_lambda_cov_2.5-0_M0,ETTh1,Transformer,acp,online,0.1,4,24,M0,0.9,0.868694444,0.031305556,0.8980455729739346,0.305742308009489,0.1422820066473431,0.5397211639301303,0.6953644891475658,forecast_cache_seed2021/long_term_forecast_ETTh1_cache_Transformer_ETTh1_ftMS_sl96_ll48_pl96_dm512_nh8_el2_dl1_df2048_expand2_dc4_fc1_ebtimeF_dtTrue_ETTh1_0/forecast_full.npz,sensitivity_analysis
ETTh1_sensitivity_modelTransformer_cpacp_a0.1_cw200_xlag24_seed5_modeonline_ofat_lambda_cov_2.5-0_M0,ETTh1,Transformer,acp,online,0.1,5,24,M0,0.9,0.866611111,0.033388889,0.899111909185128,0.3036945819977284,0.1392646524586279,0.5397211639301303,0.6953644891475658,forecast_cache_seed2021/long_term_forecast_ETTh1_cache_Transformer_ETTh1_ftMS_sl96_ll48_pl96_dm512_nh8_el2_dl1_df2048_expand2_dc4_fc1_ebtimeF_dtTrue_ETTh1_0/forecast_full.npz,sensitivity_analysis
ETTh1_sensitivity_modelTransformer_cpacp_a0.1_cw200_xlag24_seed1_modeonline_ofat_lambda_cov_5.0-0_M0,ETTh1,Transformer,acp,online,0.1,1,24,M0,0.9,0.891611111,0.008388889,0.9298803249136908,0.3248871907853796,0.17576903752843,0.5397211639301303,0.6953644891475658,forecast_cache_seed2021/long_term_forecast_ETTh1_cache_Transformer_ETTh1_ftMS_sl96_ll48_pl96_dm512_nh8_el2_dl1_df2048_expand2_dc4_fc1_ebtimeF_dtTrue_ETTh1_0/forecast_full.npz,sensitivity_analysis
ETTh1_sensitivity_modelTransformer_cpacp_a0.1_cw200_xlag24_seed2_modeonline_ofat_lambda_cov_5.0-0_M0,ETTh1,Transformer,acp,online,0.1,2,24,M0,0.9,0.894736111,0.005263889,0.9308321656474258,0.3281022141555082,0.1812528980401251,0.5397211639301303,0.6953644891475658,forecast_cache_seed2021/long_term_forecast_ETTh1_cache_Transformer_ETTh1_ftMS_sl96_ll48_pl96_dm512_nh8_el2_dl1_df2048_expand2_dc4_fc1_ebtimeF_dtTrue_ETTh1_0/forecast_full.npz,sensitivity_analysis
ETTh1_sensitivity_modelTransformer_cpacp_a0.1_cw200_xlag24_seed3_modeonline_ofat_lambda_cov_5.0-0_M0,ETTh1,Transformer,acp,online,0.1,3,24,M0,0.9,0.891611111,0.008388889,0.9303688754450056,0.3248281907560549,0.1757214427389621,0.5397211639301303,0.6953644891475658,forecast_cache_seed2021/long_term_forecast_ETTh1_cache_Transformer_ETTh1_ftMS_sl96_ll48_pl96_dm512_nh8_el2_dl1_df2048_expand2_dc4_fc1_ebtimeF_dtTrue_ETTh1_0/forecast_full.npz,sensitivity_analysis
ETTh1_sensitivity_modelTransformer_cpacp_a0.1_cw200_xlag24_seed4_modeonline_ofat_lambda_cov_5.0-0_M0,ETTh1,Transformer,acp,online,0.1,4,24,M0,0.9,0.894388889,0.005611111,0.9313562198057512,0.3276644524667078,0.1805722038362265,0.5397211639301303,0.6953644891475658,forecast_cache_seed2021/long_term_forecast_ETTh1_cache_Transformer_ETTh1_ftMS_sl96_ll48_pl96_dm512_nh8_el2_dl1_df2048_expand2_dc4_fc1_ebtimeF_dtTrue_ETTh1_0/forecast_full.npz,sensitivity_analysis
ETTh1_sensitivity_modelTransformer_cpacp_a0.1_cw200_xlag24_seed5_modeonline_ofat_lambda_cov_5.0-0_M0,ETTh1,Transformer,acp,online,0.1,5,24,M0,0.9,0.894041667,0.005958333,0.9307726422457144,0.3273636363397603,0.1800044947496014,0.5397211639301303,0.6953644891475658,forecast_cache_seed2021/long_term_forecast_ETTh1_cache_Transformer_ETTh1_ftMS_sl96_ll48_pl96_dm512_nh8_el2_dl1_df2048_expand2_dc4_fc1_ebtimeF_dtTrue_ETTh1_0/forecast_full.npz,sensitivity_analysis
ETTh1_sensitivity_modelTransformer_cpacp_a0.1_cw200_xlag24_seed1_modeonline_ofat_lambda_cov_10.0-0_M0,ETTh1,Transformer,acp,online,0.1,1,24,M0,0.9,0.910361111,-0.010361111,0.947270881959494,0.3435962986556868,0.2099933072560842,0.5397211639301303,0.6953644891475658,forecast_cache_seed2021/long_term_forecast_ETTh1_cache_Transformer_ETTh1_ftMS_sl96_ll48_pl96_dm512_nh8_el2_dl1_df2048_expand2_dc4_fc1_ebtimeF_dtTrue_ETTh1_0/forecast_full.npz,sensitivity_analysis
ETTh1_sensitivity_modelTransformer_cpacp_a0.1_cw200_xlag24_seed2_modeonline_ofat_lambda_cov_10.0-0_M0,ETTh1,Transformer,acp,online,0.1,2,24,M0,0.9,0.912791667,-0.012791667,0.9471861066783656,0.346501586916957,0.2151698610187959,0.5397211639301303,0.6953644891475658,forecast_cache_seed2021/long_term_forecast_ETTh1_cache_Transformer_ETTh1_ftMS_sl96_ll48_pl96_dm512_nh8_el2_dl1_df2048_expand2_dc4_fc1_ebtimeF_dtTrue_ETTh1_0/forecast_full.npz,sensitivity_analysis
ETTh1_sensitivity_modelTransformer_cpacp_a0.1_cw200_xlag24_seed3_modeonline_ofat_lambda_cov_10.0-0_M0,ETTh1,Transformer,acp,online,0.1,3,24,M0,0.9,0.91175,-0.01175,0.9481617499516252,0.3451223913733413,0.2128261181226362,0.5397211639301303,0.6953644891475658,forecast_cache_seed2021/long_term_forecast_ETTh1_cache_Transformer_ETTh1_ftMS_sl96_ll48_pl96_dm512_nh8_el2_dl1_df2048_expand2_dc4_fc1_ebtimeF_dtTrue_ETTh1_0/forecast_full.npz,sensitivity_analysis
ETTh1_sensitivity_modelTransformer_cpacp_a0.1_cw200_xlag24_seed4_modeonline_ofat_lambda_cov_10.0-0_M0,ETTh1,Transformer,acp,online,0.1,4,24,M0,0.9,0.913138889,-0.013138889,0.9500052797414832,0.3465311393857879,0.2155845300194031,0.5397211639301303,0.6953644891475658,forecast_cache_seed2021/long_term_forecast_ETTh1_cache_Transformer_ETTh1_ftMS_sl96_ll48_pl96_dm512_nh8_el2_dl1_df2048_expand2_dc4_fc1_ebtimeF_dtTrue_ETTh1_0/forecast_full.npz,sensitivity_analysis
ETTh1_sensitivity_modelTransformer_cpacp_a0.1_cw200_xlag24_seed5_modeonline_ofat_lambda_cov_10.0-0_M0,ETTh1,Transformer,acp,online,0.1,5,24,M0,0.9,0.912444444,-0.012444444,0.9522252448589762,0.345395893913214,0.2138323304308428,0.5397211639301303,0.6953644891475658,forecast_cache_seed2021/long_term_forecast_ETTh1_cache_Transformer_ETTh1_ftMS_sl96_ll48_pl96_dm512_nh8_el2_dl1_df2048_expand2_dc4_fc1_ebtimeF_dtTrue_ETTh1_0/forecast_full.npz,sensitivity_analysis
ETTh1_sensitivity_modelTransformer_cpacp_a0.1_cw200_xlag24_seed1_modeonline_ofat_lambda_cov_20.0-0_M0,ETTh1,Transformer,acp,online,0.1,1,24,M0,0.9,0.92425,-0.02425,0.9628750544101022,0.3585051920052102,0.2392317310599606,0.5397211639301303,0.6953644891475658,forecast_cache_seed2021/long_term_forecast_ETTh1_cache_Transformer_ETTh1_ftMS_sl96_ll48_pl96_dm512_nh8_el2_dl1_df2048_expand2_dc4_fc1_ebtimeF_dtTrue_ETTh1_0/forecast_full.npz,sensitivity_analysis
ETTh1_sensitivity_modelTransformer_cpacp_a0.1_cw200_xlag24_seed2_modeonline_ofat_lambda_cov_20.0-0_M0,ETTh1,Transformer,acp,online,0.1,2,24,M0,0.9,0.926333333,-0.026333333,0.9634517168964448,0.3611168906831949,0.2441913381608499,0.5397211639301303,0.6953644891475658,forecast_cache_seed2021/long_term_forecast_ETTh1_cache_Transformer_ETTh1_ftMS_sl96_ll48_pl96_dm512_nh8_el2_dl1_df2048_expand2_dc4_fc1_ebtimeF_dtTrue_ETTh1_0/forecast_full.npz,sensitivity_analysis
ETTh1_sensitivity_modelTransformer_cpacp_a0.1_cw200_xlag24_seed3_modeonline_ofat_lambda_cov_20.0-0_M0,ETTh1,Transformer,acp,online,0.1,3,24,M0,0.9,0.925291667,-0.025291667,0.963782940466619,0.3597145400594814,0.2416173229640998,0.5397211639301303,0.6953644891475658,forecast_cache_seed2021/long_term_forecast_ETTh1_cache_Transformer_ETTh1_ftMS_sl96_ll48_pl96_dm512_nh8_el2_dl1_df2048_expand2_dc4_fc1_ebtimeF_dtTrue_ETTh1_0/forecast_full.npz,sensitivity_analysis
ETTh1_sensitivity_modelTransformer_cpacp_a0.1_cw200_xlag24_seed4_modeonline_ofat_lambda_cov_20.0-0_M0,ETTh1,Transformer,acp,online,0.1,4,24,M0,0.9,0.922166667,-0.022166667,0.963052513306155,0.3558217052455021,0.2342766596626027,0.5397211639301303,0.6953644891475658,forecast_cache_seed2021/long_term_forecast_ETTh1_cache_Transformer_ETTh1_ftMS_sl96_ll48_pl96_dm512_nh8_el2_dl1_df2048_expand2_dc4_fc1_ebtimeF_dtTrue_ETTh1_0/forecast_full.npz,sensitivity_analysis
ETTh1_sensitivity_modelTransformer_cpacp_a0.1_cw200_xlag24_seed5_modeonline_ofat_lambda_cov_20.0-0_M0,ETTh1,Transformer,acp,online,0.1,5,24,M0,0.9,0.923902778,-0.023902778,0.9654478819670302,0.3576824079338803,0.2380690285055195,0.5397211639301303,0.6953644891475658,forecast_cache_seed2021/long_term_forecast_ETTh1_cache_Transformer_ETTh1_ftMS_sl96_ll48_pl96_dm512_nh8_el2_dl1_df2048_expand2_dc4_fc1_ebtimeF_dtTrue_ETTh1_0/forecast_full.npz,sensitivity_analysis
ETTh1_sensitivity_modelTransformer_cpacp_a0.1_cw200_xlag24_seed1_modeonline_ofat_cem_lr_0.1-0_M0,ETTh1,Transformer,acp,online,0.1,1,24,M0,0.9,0.892652778,0.007347222,0.9301757987527352,0.3259544927695106,0.177580444574966,0.5397211639301303,0.6953644891475658,forecast_cache_seed2021/long_term_forecast_ETTh1_cache_Transformer_ETTh1_ftMS_sl96_ll48_pl96_dm512_nh8_el2_dl1_df2048_expand2_dc4_fc1_ebtimeF_dtTrue_ETTh1_0/forecast_full.npz,sensitivity_analysis
ETTh1_sensitivity_modelTransformer_cpacp_a0.1_cw200_xlag24_seed2_modeonline_ofat_cem_lr_0.1-0_M0,ETTh1,Transformer,acp,online,0.1,2,24,M0,0.9,0.895430556,0.004569444,0.9311454787435288,0.3288127293201857,0.182484298255598,0.5397211639301303,0.6953644891475658,forecast_cache_seed2021/long_term_forecast_ETTh1_cache_Transformer_ETTh1_ftMS_sl96_ll48_pl96_dm512_nh8_el2_dl1_df2048_expand2_dc4_fc1_ebtimeF_dtTrue_ETTh1_0/forecast_full.npz,sensitivity_analysis
ETTh1_sensitivity_modelTransformer_cpacp_a0.1_cw200_xlag24_seed3_modeonline_ofat_cem_lr_0.1-0_M0,ETTh1,Transformer,acp,online,0.1,3,24,M0,0.9,0.891958333,0.008041667,0.930473275489207,0.3251823366263232,0.176322444425382,0.5397211639301303,0.6953644891475658,forecast_cache_seed2021/long_term_forecast_ETTh1_cache_Transformer_ETTh1_ftMS_sl96_ll48_pl96_dm512_nh8_el2_dl1_df2048_expand2_dc4_fc1_ebtimeF_dtTrue_ETTh1_0/forecast_full.npz,sensitivity_analysis
ETTh1_sensitivity_modelTransformer_cpacp_a0.1_cw200_xlag24_seed4_modeonline_ofat_cem_lr_0.1-0_M0,ETTh1,Transformer,acp,online,0.1,4,24,M0,0.9,0.895430556,0.004569444,0.9317424402424832,0.3287388874885425,0.1824239660966877,0.5397211639301303,0.6953644891475658,forecast_cache_seed2021/long_term_forecast_ETTh1_cache_Transformer_ETTh1_ftMS_sl96_ll48_pl96_dm512_nh8_el2_dl1_df2048_expand2_dc4_fc1_ebtimeF_dtTrue_ETTh1_0/forecast_full.npz,sensitivity_analysis
ETTh1_sensitivity_modelTransformer_cpacp_a0.1_cw200_xlag24_seed5_modeonline_ofat_cem_lr_0.1-0_M0,ETTh1,Transformer,acp,online,0.1,5,24,M0,0.9,0.894736111,0.005263889,0.931650869891448,0.3280013891344501,0.1811707095373967,0.5397211639301303,0.6953644891475658,forecast_cache_seed2021/long_term_forecast_ETTh1_cache_Transformer_ETTh1_ftMS_sl96_ll48_pl96_dm512_nh8_el2_dl1_df2048_expand2_dc4_fc1_ebtimeF_dtTrue_ETTh1_0/forecast_full.npz,sensitivity_analysis
ETTh1_sensitivity_modelTransformer_cpacp_a0.1_cw200_xlag24_seed1_modeonline_ofat_cem_lr_0.2-0_M0,ETTh1,Transformer,acp,online,0.1,1,24,M0,0.9,0.893347222,0.006652778,0.9302842238501606,0.3266807464979647,0.1788071874278532,0.5397211639301303,0.6953644891475658,forecast_cache_seed2021/long_term_forecast_ETTh1_cache_Transformer_ETTh1_ftMS_sl96_ll48_pl96_dm512_nh8_el2_dl1_df2048_expand2_dc4_fc1_ebtimeF_dtTrue_ETTh1_0/forecast_full.npz,sensitivity_analysis
ETTh1_sensitivity_modelTransformer_cpacp_a0.1_cw200_xlag24_seed2_modeonline_ofat_cem_lr_0.2-0_M0,ETTh1,Transformer,acp,online,0.1,2,24,M0,0.9,0.895430556,0.004569444,0.9307890370003368,0.3288568356062583,0.1825203412182221,0.5397211639301303,0.6953644891475658,forecast_cache_seed2021/long_term_forecast_ETTh1_cache_Transformer_ETTh1_ftMS_sl96_ll48_pl96_dm512_nh8_el2_dl1_df2048_expand2_dc4_fc1_ebtimeF_dtTrue_ETTh1_0/forecast_full.npz,sensitivity_analysis
ETTh1_sensitivity_modelTransformer_cpacp_a0.1_cw200_xlag24_seed3_modeonline_ofat_cem_lr_0.2-0_M0,ETTh1,Transformer,acp,online,0.1,3,24,M0,0.9,0.890916667,0.009083333,0.930217105233976,0.324115352176792,0.174520062714006,0.5397211639301303,0.6953644891475658,forecast_cache_seed2021/long_term_forecast_ETTh1_cache_Transformer_ETTh1_ftMS_sl96_ll48_pl96_dm512_nh8_el2_dl1_df2048_expand2_dc4_fc1_ebtimeF_dtTrue_ETTh1_0/forecast_full.npz,sensitivity_analysis
ETTh1_sensitivity_modelTransformer_cpacp_a0.1_cw200_xlag24_seed4_modeonline_ofat_cem_lr_0.2-0_M0,ETTh1,Transformer,acp,online,0.1,4,24,M0,0.9,0.895777778,0.004222222,0.9313669179310646,0.3291611097832113,0.1830965632538604,0.5397211639301303,0.6953644891475658,forecast_cache_seed2021/long_term_forecast_ETTh1_cache_Transformer_ETTh1_ftMS_sl96_ll48_pl96_dm512_nh8_el2_dl1_df2048_expand2_dc4_fc1_ebtimeF_dtTrue_ETTh1_0/forecast_full.npz,sensitivity_analysis
ETTh1_sensitivity_modelTransformer_cpacp_a0.1_cw200_xlag24_seed5_modeonline_ofat_cem_lr_0.2-0_M0,ETTh1,Transformer,acp,online,0.1,5,24,M0,0.9,0.894388889,0.005611111,0.9315681104209173,0.3276384213793011,0.1805510113653292,0.5397211639301303,0.6953644891475658,forecast_cache_seed2021/long_term_forecast_ETTh1_cache_Transformer_ETTh1_ftMS_sl96_ll48_pl96_dm512_nh8_el2_dl1_df2048_expand2_dc4_fc1_ebtimeF_dtTrue_ETTh1_0/forecast_full.npz,sensitivity_analysis
ETTh1_sensitivity_modelTransformer_cpacp_a0.1_cw200_xlag24_seed1_modeonline_ofat_cem_lr_0.3-0_M0,ETTh1,Transformer,acp,online,0.1,1,24,M0,0.9,0.891611111,0.008388889,0.9298803249136908,0.3248871907853796,0.17576903752843,0.5397211639301303,0.6953644891475658,forecast_cache_seed2021/long_term_forecast_ETTh1_cache_Transformer_ETTh1_ftMS_sl96_ll48_pl96_dm512_nh8_el2_dl1_df2048_expand2_dc4_fc1_ebtimeF_dtTrue_ETTh1_0/forecast_full.npz,sensitivity_analysis
ETTh1_sensitivity_modelTransformer_cpacp_a0.1_cw200_xlag24_seed2_modeonline_ofat_cem_lr_0.3-0_M0,ETTh1,Transformer,acp,online,0.1,2,24,M0,0.9,0.894736111,0.005263889,0.9308321656474258,0.3281022141555082,0.1812528980401251,0.5397211639301303,0.6953644891475658,forecast_cache_seed2021/long_term_forecast_ETTh1_cache_Transformer_ETTh1_ftMS_sl96_ll48_pl96_dm512_nh8_el2_dl1_df2048_expand2_dc4_fc1_ebtimeF_dtTrue_ETTh1_0/forecast_full.npz,sensitivity_analysis
ETTh1_sensitivity_modelTransformer_cpacp_a0.1_cw200_xlag24_seed3_modeonline_ofat_cem_lr_0.3-0_M0,ETTh1,Transformer,acp,online,0.1,3,24,M0,0.9,0.891611111,0.008388889,0.9303688754450056,0.3248281907560549,0.1757214427389621,0.5397211639301303,0.6953644891475658,forecast_cache_seed2021/long_term_forecast_ETTh1_cache_Transformer_ETTh1_ftMS_sl96_ll48_pl96_dm512_nh8_el2_dl1_df2048_expand2_dc4_fc1_ebtimeF_dtTrue_ETTh1_0/forecast_full.npz,sensitivity_analysis
ETTh1_sensitivity_modelTransformer_cpacp_a0.1_cw200_xlag24_seed4_modeonline_ofat_cem_lr_0.3-0_M0,ETTh1,Transformer,acp,online,0.1,4,24,M0,0.9,0.894388889,0.005611111,0.9313562198057512,0.3276644524667078,0.1805722038362265,0.5397211639301303,0.6953644891475658,forecast_cache_seed2021/long_term_forecast_ETTh1_cache_Transformer_ETTh1_ftMS_sl96_ll48_pl96_dm512_nh8_el2_dl1_df2048_expand2_dc4_fc1_ebtimeF_dtTrue_ETTh1_0/forecast_full.npz,sensitivity_analysis
ETTh1_sensitivity_modelTransformer_cpacp_a0.1_cw200_xlag24_seed5_modeonline_ofat_cem_lr_0.3-0_M0,ETTh1,Transformer,acp,online,0.1,5,24,M0,0.9,0.894041667,0.005958333,0.9307726422457144,0.3273636363397603,0.1800044947496014,0.5397211639301303,0.6953644891475658,forecast_cache_seed2021/long_term_forecast_ETTh1_cache_Transformer_ETTh1_ftMS_sl96_ll48_pl96_dm512_nh8_el2_dl1_df2048_expand2_dc4_fc1_ebtimeF_dtTrue_ETTh1_0/forecast_full.npz,sensitivity_analysis
ETTh1_sensitivity_modelTransformer_cpacp_a0.1_cw200_xlag24_seed1_modeonline_ofat_cem_lr_0.5-0_M0,ETTh1,Transformer,acp,online,0.1,1,24,M0,0.9,0.890569444,0.009430556,0.929653747894984,0.3238185880896574,0.1739694662595381,0.5397211639301303,0.6953644891475658,forecast_cache_seed2021/long_term_forecast_ETTh1_cache_Transformer_ETTh1_ftMS_sl96_ll48_pl96_dm512_nh8_el2_dl1_df2048_expand2_dc4_fc1_ebtimeF_dtTrue_ETTh1_0/forecast_full.npz,sensitivity_analysis
ETTh1_sensitivity_modelTransformer_cpacp_a0.1_cw200_xlag24_seed2_modeonline_ofat_cem_lr_0.5-0_M0,ETTh1,Transformer,acp,online,0.1,2,24,M0,0.9,0.893694444,0.006305556,0.929926941036923,0.327095461993747,0.1794646649741747,0.5397211639301303,0.6953644891475658,forecast_cache_seed2021/long_term_forecast_ETTh1_cache_Transformer_ETTh1_ftMS_sl96_ll48_pl96_dm512_nh8_el2_dl1_df2048_expand2_dc4_fc1_ebtimeF_dtTrue_ETTh1_0/forecast_full.npz,sensitivity_analysis
ETTh1_sensitivity_modelTransformer_cpacp_a0.1_cw200_xlag24_seed3_modeonline_ofat_cem_lr_0.5-0_M0,ETTh1,Transformer,acp,online,0.1,3,24,M0,0.9,0.890569444,0.009430556,0.9299996039048204,0.3237770927182505,0.1739361109635196,0.5397211639301303,0.6953644891475658,forecast_cache_seed2021/long_term_forecast_ETTh1_cache_Transformer_ETTh1_ftMS_sl96_ll48_pl96_dm512_nh8_el2_dl1_df2048_expand2_dc4_fc1_ebtimeF_dtTrue_ETTh1_0/forecast_full.npz,sensitivity_analysis
ETTh1_sensitivity_modelTransformer_cpacp_a0.1_cw200_xlag24_seed4_modeonline_ofat_cem_lr_0.5-0_M0,ETTh1,Transformer,acp,online,0.1,4,24,M0,0.9,0.892305556,0.007694444,0.9295543089636114,0.3256614078260114,0.1770259003085461,0.5397211639301303,0.6953644891475658,forecast_cache_seed2021/long_term_forecast_ETTh1_cache_Transformer_ETTh1_ftMS_sl96_ll48_pl96_dm512_nh8_el2_dl1_df2048_expand2_dc4_fc1_ebtimeF_dtTrue_ETTh1_0/forecast_full.npz,sensitivity_analysis
ETTh1_sensitivity_modelTransformer_cpacp_a0.1_cw200_xlag24_seed5_modeonline_ofat_cem_lr_0.5-0_M0,ETTh1,Transformer,acp,online,0.1,5,24,M0,0.9,0.893,0.007,0.9307596504405088,0.3262526901619887,0.1781404624329096,0.5397211639301303,0.6953644891475658,forecast_cache_seed2021/long_term_forecast_ETTh1_cache_Transformer_ETTh1_ftMS_sl96_ll48_pl96_dm512_nh8_el2_dl1_df2048_expand2_dc4_fc1_ebtimeF_dtTrue_ETTh1_0/forecast_full.npz,sensitivity_analysis
ETTh1_sensitivity_modelTransformer_cpacp_a0.1_cw200_xlag24_seed1_modeonline_ofat_cem_lr_0.7-0_M0,ETTh1,Transformer,acp,online,0.1,1,24,M0,0.9,0.885708333,0.014291667,0.9169598576584944,0.3202835110600811,0.166889511581181,0.5397211639301303,0.6953644891475658,forecast_cache_seed2021/long_term_forecast_ETTh1_cache_Transformer_ETTh1_ftMS_sl96_ll48_pl96_dm512_nh8_el2_dl1_df2048_expand2_dc4_fc1_ebtimeF_dtTrue_ETTh1_0/forecast_full.npz,sensitivity_analysis
ETTh1_sensitivity_modelTransformer_cpacp_a0.1_cw200_xlag24_seed2_modeonline_ofat_cem_lr_0.7-0_M0,ETTh1,Transformer,acp,online,0.1,2,24,M0,0.9,0.88675,0.01325,0.9169682570120444,0.3213546529890873,0.1686362389087674,0.5397211639301303,0.6953644891475658,forecast_cache_seed2021/long_term_forecast_ETTh1_cache_Transformer_ETTh1_ftMS_sl96_ll48_pl96_dm512_nh8_el2_dl1_df2048_expand2_dc4_fc1_ebtimeF_dtTrue_ETTh1_0/forecast_full.npz,sensitivity_analysis
ETTh1_sensitivity_modelTransformer_cpacp_a0.1_cw200_xlag24_seed3_modeonline_ofat_cem_lr_0.7-0_M0,ETTh1,Transformer,acp,online,0.1,3,24,M0,0.9,0.885361111,0.014638889,0.917743043483162,0.3198360142949964,0.166238337500897,0.5397211639301303,0.6953644891475658,forecast_cache_seed2021/long_term_forecast_ETTh1_cache_Transformer_ETTh1_ftMS_sl96_ll48_pl96_dm512_nh8_el2_dl1_df2048_expand2_dc4_fc1_ebtimeF_dtTrue_ETTh1_0/forecast_full.npz,sensitivity_analysis
ETTh1_sensitivity_modelTransformer_cpacp_a0.1_cw200_xlag24_seed4_modeonline_ofat_cem_lr_0.7-0_M0,ETTh1,Transformer,acp,online,0.1,4,24,M0,0.9,0.885361111,0.014638889,0.9167211783078286,0.319955679316322,0.1663332077277604,0.5397211639301303,0.6953644891475658,forecast_cache_seed2021/long_term_forecast_ETTh1_cache_Transformer_ETTh1_ftMS_sl96_ll48_pl96_dm512_nh8_el2_dl1_df2048_expand2_dc4_fc1_ebtimeF_dtTrue_ETTh1_0/forecast_full.npz,sensitivity_analysis
ETTh1_sensitivity_modelTransformer_cpacp_a0.1_cw200_xlag24_seed5_modeonline_ofat_cem_lr_0.7-0_M0,ETTh1,Transformer,acp,online,0.1,5,24,M0,0.9,0.892305556,0.007694444,0.9277530751004444,0.3258801591822814,0.1772028886107721,0.5397211639301303,0.6953644891475658,forecast_cache_seed2021/long_term_forecast_ETTh1_cache_Transformer_ETTh1_ftMS_sl96_ll48_pl96_dm512_nh8_el2_dl1_df2048_expand2_dc4_fc1_ebtimeF_dtTrue_ETTh1_0/forecast_full.npz,sensitivity_analysis
ETTh1_sensitivity_modelTransformer_cpacp_a0.1_cw200_xlag24_seed1_modeonline_ofat_cem_lr_0.9-0_M0,ETTh1,Transformer,acp,online,0.1,1,24,M0,0.9,0.871819444,0.028180556,0.9082724347181182,0.3075805111336128,0.1459561128581222,0.5397211639301303,0.6953644891475658,forecast_cache_seed2021/long_term_forecast_ETTh1_cache_Transformer_ETTh1_ftMS_sl96_ll48_pl96_dm512_nh8_el2_dl1_df2048_expand2_dc4_fc1_ebtimeF_dtTrue_ETTh1_0/forecast_full.npz,sensitivity_analysis
ETTh1_sensitivity_modelTransformer_cpacp_a0.1_cw200_xlag24_seed2_modeonline_ofat_cem_lr_0.9-0_M0,ETTh1,Transformer,acp,online,0.1,2,24,M0,0.9,0.877375,0.022625,0.9086914014189716,0.3128808183265344,0.1542579915292652,0.5397211639301303,0.6953644891475658,forecast_cache_seed2021/long_term_forecast_ETTh1_cache_Transformer_ETTh1_ftMS_sl96_ll48_pl96_dm512_nh8_el2_dl1_df2048_expand2_dc4_fc1_ebtimeF_dtTrue_ETTh1_0/forecast_full.npz,sensitivity_analysis
ETTh1_sensitivity_modelTransformer_cpacp_a0.1_cw200_xlag24_seed3_modeonline_ofat_cem_lr_0.9-0_M0,ETTh1,Transformer,acp,online,0.1,3,24,M0,0.9,0.873902778,0.026097222,0.9095526509323912,0.3094238479035783,0.1489217812829146,0.5397211639301303,0.6953644891475658,forecast_cache_seed2021/long_term_forecast_ETTh1_cache_Transformer_ETTh1_ftMS_sl96_ll48_pl96_dm512_nh8_el2_dl1_df2048_expand2_dc4_fc1_ebtimeF_dtTrue_ETTh1_0/forecast_full.npz,sensitivity_analysis
ETTh1_sensitivity_modelTransformer_cpacp_a0.1_cw200_xlag24_seed4_modeonline_ofat_cem_lr_0.9-0_M0,ETTh1,Transformer,acp,online,0.1,4,24,M0,0.9,0.873555556,0.026444444,0.906793368359589,0.3093937247915641,0.1486355558175895,0.5397211639301303,0.6953644891475658,forecast_cache_seed2021/long_term_forecast_ETTh1_cache_Transformer_ETTh1_ftMS_sl96_ll48_pl96_dm512_nh8_el2_dl1_df2048_expand2_dc4_fc1_ebtimeF_dtTrue_ETTh1_0/forecast_full.npz,sensitivity_analysis
ETTh1_sensitivity_modelTransformer_cpacp_a0.1_cw200_xlag24_seed5_modeonline_ofat_cem_lr_0.9-0_M0,ETTh1,Transformer,acp,online,0.1,5,24,M0,0.9,0.87425,0.02575,0.9075703383233072,0.3099744554875229,0.1496060605306514,0.5397211639301303,0.6953644891475658,forecast_cache_seed2021/long_term_forecast_ETTh1_cache_Transformer_ETTh1_ftMS_sl96_ll48_pl96_dm512_nh8_el2_dl1_df2048_expand2_dc4_fc1_ebtimeF_dtTrue_ETTh1_0/forecast_full.npz,sensitivity_analysis
ETTh1_sensitivity_modelTransformer_cpacp_a0.1_cw200_xlag24_seed1_modeonline_ofat_cem_pop_8-0_M0,ETTh1,Transformer,acp,online,0.1,1,24,M0,0.9,0.893694444,0.006305556,0.9308211771227808,0.3269860128618102,0.1793757387545866,0.5397211639301303,0.6953644891475658,forecast_cache_seed2021/long_term_forecast_ETTh1_cache_Transformer_ETTh1_ftMS_sl96_ll48_pl96_dm512_nh8_el2_dl1_df2048_expand2_dc4_fc1_ebtimeF_dtTrue_ETTh1_0/forecast_full.npz,sensitivity_analysis
ETTh1_sensitivity_modelTransformer_cpacp_a0.1_cw200_xlag24_seed2_modeonline_ofat_cem_pop_8-0_M0,ETTh1,Transformer,acp,online,0.1,2,24,M0,0.9,0.891958333,0.008041667,0.9302356671680824,0.3252110914280617,0.1763456669191405,0.5397211639301303,0.6953644891475658,forecast_cache_seed2021/long_term_forecast_ETTh1_cache_Transformer_ETTh1_ftMS_sl96_ll48_pl96_dm512_nh8_el2_dl1_df2048_expand2_dc4_fc1_ebtimeF_dtTrue_ETTh1_0/forecast_full.npz,sensitivity_analysis
ETTh1_sensitivity_modelTransformer_cpacp_a0.1_cw200_xlag24_seed3_modeonline_ofat_cem_pop_8-0_M0,ETTh1,Transformer,acp,online,0.1,3,24,M0,0.9,0.891263889,0.008736111,0.929949389102626,0.3245127817668342,0.1751530802107139,0.5397211639301303,0.6953644891475658,forecast_cache_seed2021/long_term_forecast_ETTh1_cache_Transformer_ETTh1_ftMS_sl96_ll48_pl96_dm512_nh8_el2_dl1_df2048_expand2_dc4_fc1_ebtimeF_dtTrue_ETTh1_0/forecast_full.npz,sensitivity_analysis
ETTh1_sensitivity_modelTransformer_cpacp_a0.1_cw200_xlag24_seed4_modeonline_ofat_cem_pop_8-0_M0,ETTh1,Transformer,acp,online,0.1,4,24,M0,0.9,0.891958333,0.008041667,0.930427846581585,0.3251878339330067,0.1763268839170255,0.5397211639301303,0.6953644891475658,forecast_cache_seed2021/long_term_forecast_ETTh1_cache_Transformer_ETTh1_ftMS_sl96_ll48_pl96_dm512_nh8_el2_dl1_df2048_expand2_dc4_fc1_ebtimeF_dtTrue_ETTh1_0/forecast_full.npz,sensitivity_analysis
ETTh1_sensitivity_modelTransformer_cpacp_a0.1_cw200_xlag24_seed5_modeonline_ofat_cem_pop_8-0_M0,ETTh1,Transformer,acp,online,0.1,5,24,M0,0.9,0.896125,0.003875,0.9307547511736658,0.3296138368452556,0.1837957467004404,0.5397211639301303,0.6953644891475658,forecast_cache_seed2021/long_term_forecast_ETTh1_cache_Transformer_ETTh1_ftMS_sl96_ll48_pl96_dm512_nh8_el2_dl1_df2048_expand2_dc4_fc1_ebtimeF_dtTrue_ETTh1_0/forecast_full.npz,sensitivity_analysis
ETTh1_sensitivity_modelTransformer_cpacp_a0.1_cw200_xlag24_seed1_modeonline_ofat_cem_pop_16-0_M0,ETTh1,Transformer,acp,online,0.1,1,24,M0,0.9,0.891611111,0.008388889,0.9298803249136908,0.3248871907853796,0.17576903752843,0.5397211639301303,0.6953644891475658,forecast_cache_seed2021/long_term_forecast_ETTh1_cache_Transformer_ETTh1_ftMS_sl96_ll48_pl96_dm512_nh8_el2_dl1_df2048_expand2_dc4_fc1_ebtimeF_dtTrue_ETTh1_0/forecast_full.npz,sensitivity_analysis
ETTh1_sensitivity_modelTransformer_cpacp_a0.1_cw200_xlag24_seed2_modeonline_ofat_cem_pop_16-0_M0,ETTh1,Transformer,acp,online,0.1,2,24,M0,0.9,0.894736111,0.005263889,0.9308321656474258,0.3281022141555082,0.1812528980401251,0.5397211639301303,0.6953644891475658,forecast_cache_seed2021/long_term_forecast_ETTh1_cache_Transformer_ETTh1_ftMS_sl96_ll48_pl96_dm512_nh8_el2_dl1_df2048_expand2_dc4_fc1_ebtimeF_dtTrue_ETTh1_0/forecast_full.npz,sensitivity_analysis
ETTh1_sensitivity_modelTransformer_cpacp_a0.1_cw200_xlag24_seed3_modeonline_ofat_cem_pop_16-0_M0,ETTh1,Transformer,acp,online,0.1,3,24,M0,0.9,0.891611111,0.008388889,0.9303688754450056,0.3248281907560549,0.1757214427389621,0.5397211639301303,0.6953644891475658,forecast_cache_seed2021/long_term_forecast_ETTh1_cache_Transformer_ETTh1_ftMS_sl96_ll48_pl96_dm512_nh8_el2_dl1_df2048_expand2_dc4_fc1_ebtimeF_dtTrue_ETTh1_0/forecast_full.npz,sensitivity_analysis
ETTh1_sensitivity_modelTransformer_cpacp_a0.1_cw200_xlag24_seed4_modeonline_ofat_cem_pop_16-0_M0,ETTh1,Transformer,acp,online,0.1,4,24,M0,0.9,0.894388889,0.005611111,0.9313562198057512,0.3276644524667078,0.1805722038362265,0.5397211639301303,0.6953644891475658,forecast_cache_seed2021/long_term_forecast_ETTh1_cache_Transformer_ETTh1_ftMS_sl96_ll48_pl96_dm512_nh8_el2_dl1_df2048_expand2_dc4_fc1_ebtimeF_dtTrue_ETTh1_0/forecast_full.npz,sensitivity_analysis
ETTh1_sensitivity_modelTransformer_cpacp_a0.1_cw200_xlag24_seed5_modeonline_ofat_cem_pop_16-0_M0,ETTh1,Transformer,acp,online,0.1,5,24,M0,0.9,0.894041667,0.005958333,0.9307726422457144,0.3273636363397603,0.1800044947496014,0.5397211639301303,0.6953644891475658,forecast_cache_seed2021/long_term_forecast_ETTh1_cache_Transformer_ETTh1_ftMS_sl96_ll48_pl96_dm512_nh8_el2_dl1_df2048_expand2_dc4_fc1_ebtimeF_dtTrue_ETTh1_0/forecast_full.npz,sensitivity_analysis
ETTh1_sensitivity_modelTransformer_cpacp_a0.1_cw200_xlag24_seed1_modeonline_ofat_cem_pop_24-0_M0,ETTh1,Transformer,acp,online,0.1,1,24,M0,0.9,0.896819444,0.003180556,0.9314577395549823,0.330282269948269,0.1850044797020618,0.5397211639301303,0.6953644891475658,forecast_cache_seed2021/long_term_forecast_ETTh1_cache_Transformer_ETTh1_ftMS_sl96_ll48_pl96_dm512_nh8_el2_dl1_df2048_expand2_dc4_fc1_ebtimeF_dtTrue_ETTh1_0/forecast_full.npz,sensitivity_analysis
ETTh1_sensitivity_modelTransformer_cpacp_a0.1_cw200_xlag24_seed2_modeonline_ofat_cem_pop_24-0_M0,ETTh1,Transformer,acp,online,0.1,2,24,M0,0.9,0.896819444,0.003180556,0.9302871428174034,0.3304284629070282,0.185124517155576,0.5397211639301303,0.6953644891475658,forecast_cache_seed2021/long_term_forecast_ETTh1_cache_Transformer_ETTh1_ftMS_sl96_ll48_pl96_dm512_nh8_el2_dl1_df2048_expand2_dc4_fc1_ebtimeF_dtTrue_ETTh1_0/forecast_full.npz,sensitivity_analysis
ETTh1_sensitivity_modelTransformer_cpacp_a0.1_cw200_xlag24_seed3_modeonline_ofat_cem_pop_24-0_M0,ETTh1,Transformer,acp,online,0.1,3,24,M0,0.9,0.894736111,0.005263889,0.9316478468443744,0.3280017613145981,0.1811710128794974,0.5397211639301303,0.6953644891475658,forecast_cache_seed2021/long_term_forecast_ETTh1_cache_Transformer_ETTh1_ftMS_sl96_ll48_pl96_dm512_nh8_el2_dl1_df2048_expand2_dc4_fc1_ebtimeF_dtTrue_ETTh1_0/forecast_full.npz,sensitivity_analysis
ETTh1_sensitivity_modelTransformer_cpacp_a0.1_cw200_xlag24_seed4_modeonline_ofat_cem_pop_24-0_M0,ETTh1,Transformer,acp,online,0.1,4,24,M0,0.9,0.891958333,0.008041667,0.9306823930709708,0.3251570339136285,0.1763020115149282,0.5397211639301303,0.6953644891475658,forecast_cache_seed2021/long_term_forecast_ETTh1_cache_Transformer_ETTh1_ftMS_sl96_ll48_pl96_dm512_nh8_el2_dl1_df2048_expand2_dc4_fc1_ebtimeF_dtTrue_ETTh1_0/forecast_full.npz,sensitivity_analysis
ETTh1_sensitivity_modelTransformer_cpacp_a0.1_cw200_xlag24_seed5_modeonline_ofat_cem_pop_24-0_M0,ETTh1,Transformer,acp,online,0.1,5,24,M0,0.9,0.893694444,0.006305556,0.9298995371568578,0.327098817221352,0.179467391512111,0.5397211639301303,0.6953644891475658,forecast_cache_seed2021/long_term_forecast_ETTh1_cache_Transformer_ETTh1_ftMS_sl96_ll48_pl96_dm512_nh8_el2_dl1_df2048_expand2_dc4_fc1_ebtimeF_dtTrue_ETTh1_0/forecast_full.npz,sensitivity_analysis
ETTh1_sensitivity_modelTransformer_cpacp_a0.1_cw200_xlag24_seed1_modeonline_ofat_cem_pop_32-0_M0,ETTh1,Transformer,acp,online,0.1,1,24,M0,0.9,0.893,0.007,0.9307215398973236,0.3262573322776438,0.178144224533284,0.5397211639301303,0.6953644891475658,forecast_cache_seed2021/long_term_forecast_ETTh1_cache_Transformer_ETTh1_ftMS_sl96_ll48_pl96_dm512_nh8_el2_dl1_df2048_expand2_dc4_fc1_ebtimeF_dtTrue_ETTh1_0/forecast_full.npz,sensitivity_analysis
ETTh1_sensitivity_modelTransformer_cpacp_a0.1_cw200_xlag24_seed2_modeonline_ofat_cem_pop_32-0_M0,ETTh1,Transformer,acp,online,0.1,2,24,M0,0.9,0.893694444,0.006305556,0.9305806085926532,0.3270154498041507,0.179399653133153,0.5397211639301303,0.6953644891475658,forecast_cache_seed2021/long_term_forecast_ETTh1_cache_Transformer_ETTh1_ftMS_sl96_ll48_pl96_dm512_nh8_el2_dl1_df2048_expand2_dc4_fc1_ebtimeF_dtTrue_ETTh1_0/forecast_full.npz,sensitivity_analysis
ETTh1_sensitivity_modelTransformer_cpacp_a0.1_cw200_xlag24_seed3_modeonline_ofat_cem_pop_32-0_M0,ETTh1,Transformer,acp,online,0.1,3,24,M0,0.9,0.890222222,0.009777778,0.9294520311258536,0.3234790573584254,0.1733858456861928,0.5397211639301303,0.6953644891475658,forecast_cache_seed2021/long_term_forecast_ETTh1_cache_Transformer_ETTh1_ftMS_sl96_ll48_pl96_dm512_nh8_el2_dl1_df2048_expand2_dc4_fc1_ebtimeF_dtTrue_ETTh1_0/forecast_full.npz,sensitivity_analysis
ETTh1_sensitivity_modelTransformer_cpacp_a0.1_cw200_xlag24_seed4_modeonline_ofat_cem_pop_32-0_M0,ETTh1,Transformer,acp,online,0.1,4,24,M0,0.9,0.893,0.007,0.928770477110977,0.3264951612235237,0.1783370371537189,0.5397211639301303,0.6953644891475658,forecast_cache_seed2021/long_term_forecast_ETTh1_cache_Transformer_ETTh1_ftMS_sl96_ll48_pl96_dm512_nh8_el2_dl1_df2048_expand2_dc4_fc1_ebtimeF_dtTrue_ETTh1_0/forecast_full.npz,sensitivity_analysis
ETTh1_sensitivity_modelTransformer_cpacp_a0.1_cw200_xlag24_seed5_modeonline_ofat_cem_pop_32-0_M0,ETTh1,Transformer,acp,online,0.1,5,24,M0,0.9,0.892305556,0.007694444,0.9293523563616392,0.325685919398157,0.1770457264666118,0.5397211639301303,0.6953644891475658,forecast_cache_seed2021/long_term_forecast_ETTh1_cache_Transformer_ETTh1_ftMS_sl96_ll48_pl96_dm512_nh8_el2_dl1_df2048_expand2_dc4_fc1_ebtimeF_dtTrue_ETTh1_0/forecast_full.npz,sensitivity_analysis
ETTh1_sensitivity_modelTransformer_cpacp_a0.1_cw200_xlag24_seed1_modeonline_ofat_cem_pop_48-0_M0,ETTh1,Transformer,acp,online,0.1,1,24,M0,0.9,0.894736111,0.005263889,0.9290098470491328,0.3283268589275204,0.1814361058847984,0.5397211639301303,0.6953644891475658,forecast_cache_seed2021/long_term_forecast_ETTh1_cache_Transformer_ETTh1_ftMS_sl96_ll48_pl96_dm512_nh8_el2_dl1_df2048_expand2_dc4_fc1_ebtimeF_dtTrue_ETTh1_0/forecast_full.npz,sensitivity_analysis
ETTh1_sensitivity_modelTransformer_cpacp_a0.1_cw200_xlag24_seed2_modeonline_ofat_cem_pop_48-0_M0,ETTh1,Transformer,acp,online,0.1,2,24,M0,0.9,0.890569444,0.009430556,0.92947000285417,0.3238406379164938,0.1739871923362118,0.5397211639301303,0.6953644891475658,forecast_cache_seed2021/long_term_forecast_ETTh1_cache_Transformer_ETTh1_ftMS_sl96_ll48_pl96_dm512_nh8_el2_dl1_df2048_expand2_dc4_fc1_ebtimeF_dtTrue_ETTh1_0/forecast_full.npz,sensitivity_analysis
ETTh1_sensitivity_modelTransformer_cpacp_a0.1_cw200_xlag24_seed3_modeonline_ofat_cem_pop_48-0_M0,ETTh1,Transformer,acp,online,0.1,3,24,M0,0.9,0.894736111,0.005263889,0.9299972719025076,0.3282050968014735,0.1813367886148022,0.5397211639301303,0.6953644891475658,forecast_cache_seed2021/long_term_forecast_ETTh1_cache_Transformer_ETTh1_ftMS_sl96_ll48_pl96_dm512_nh8_el2_dl1_df2048_expand2_dc4_fc1_ebtimeF_dtTrue_ETTh1_0/forecast_full.npz,sensitivity_analysis
ETTh1_sensitivity_modelTransformer_cpacp_a0.1_cw200_xlag24_seed4_modeonline_ofat_cem_pop_48-0_M0,ETTh1,Transformer,acp,online,0.1,4,24,M0,0.9,0.891958333,0.008041667,0.9299106633572845,0.3252504308630648,0.1763774408613513,0.5397211639301303,0.6953644891475658,forecast_cache_seed2021/long_term_forecast_ETTh1_cache_Transformer_ETTh1_ftMS_sl96_ll48_pl96_dm512_nh8_el2_dl1_df2048_expand2_dc4_fc1_ebtimeF_dtTrue_ETTh1_0/forecast_full.npz,sensitivity_analysis
ETTh1_sensitivity_modelTransformer_cpacp_a0.1_cw200_xlag24_seed5_modeonline_ofat_cem_pop_48-0_M0,ETTh1,Transformer,acp,online,0.1,5,24,M0,0.9,0.894736111,0.005263889,0.9284354536761132,0.3283977305565121,0.1814939296441416,0.5397211639301303,0.6953644891475658,forecast_cache_seed2021/long_term_forecast_ETTh1_cache_Transformer_ETTh1_ftMS_sl96_ll48_pl96_dm512_nh8_el2_dl1_df2048_expand2_dc4_fc1_ebtimeF_dtTrue_ETTh1_0/forecast_full.npz,sensitivity_analysis
exchange_sensitivity_modelTransformer_cpacp_a0.1_cw200_xlag24_seed1_modeonline_ofat_new_regime_threshold_1.6-0_M0,exchange,Transformer,acp,online,0.1,1,24,M0,0.9,0.893147001,0.006852999,1.0034879073222598,0.3100941086400688,0.1496190039075157,0.6805504957884111,0.6909167643393351,forecast_cache_seed2021/long_term_forecast_exchange_cache_Transformer_Exchange_ftMS_sl96_ll48_pl96_dm512_nh8_el2_dl1_df2048_expand2_dc4_fc1_ebtimeF_dtTrue_exchange_0/forecast_full.npz,sensitivity_analysis
exchange_sensitivity_modelTransformer_cpacp_a0.1_cw200_xlag24_seed2_modeonline_ofat_new_regime_threshold_1.6-0_M0,exchange,Transformer,acp,online,0.1,2,24,M0,0.9,0.898420567,0.001579433,1.0048748988501537,0.3151071028166317,0.1576101524779119,0.6805504957884111,0.6909167643393351,forecast_cache_seed2021/long_term_forecast_exchange_cache_Transformer_Exchange_ftMS_sl96_ll48_pl96_dm512_nh8_el2_dl1_df2048_expand2_dc4_fc1_ebtimeF_dtTrue_exchange_0/forecast_full.npz,sensitivity_analysis
exchange_sensitivity_modelTransformer_cpacp_a0.1_cw200_xlag24_seed3_modeonline_ofat_new_regime_threshold_1.6-0_M0,exchange,Transformer,acp,online,0.1,3,24,M0,0.9,0.892487805,0.007512195,1.0008742383656513,0.309720231487686,0.1488332447188598,0.6805504957884111,0.6909167643393351,forecast_cache_seed2021/long_term_forecast_exchange_cache_Transformer_Exchange_ftMS_sl96_ll48_pl96_dm512_nh8_el2_dl1_df2048_expand2_dc4_fc1_ebtimeF_dtTrue_exchange_0/forecast_full.npz,sensitivity_analysis
exchange_sensitivity_modelTransformer_cpacp_a0.1_cw200_xlag24_seed4_modeonline_ofat_new_regime_threshold_1.6-0_M0,exchange,Transformer,acp,online,0.1,4,24,M0,0.9,0.895783784,0.004216216,1.0001335867586294,0.3129894717686444,0.1538783709657529,0.6805504957884111,0.6909167643393351,forecast_cache_seed2021/long_term_forecast_exchange_cache_Transformer_Exchange_ftMS_sl96_ll48_pl96_dm512_nh8_el2_dl1_df2048_expand2_dc4_fc1_ebtimeF_dtTrue_exchange_0/forecast_full.npz,sensitivity_analysis
exchange_sensitivity_modelTransformer_cpacp_a0.1_cw200_xlag24_seed5_modeonline_ofat_new_regime_threshold_1.6-0_M0,exchange,Transformer,acp,online,0.1,5,24,M0,0.9,0.895124588,0.004875412,1.004750315758456,0.3118805972713558,0.1525096609733532,0.6805504957884111,0.6909167643393351,forecast_cache_seed2021/long_term_forecast_exchange_cache_Transformer_Exchange_ftMS_sl96_ll48_pl96_dm512_nh8_el2_dl1_df2048_expand2_dc4_fc1_ebtimeF_dtTrue_exchange_0/forecast_full.npz,sensitivity_analysis
exchange_sensitivity_modelTransformer_cpacp_a0.1_cw200_xlag24_seed1_modeonline_ofat_new_regime_threshold_1.9-0_M0,exchange,Transformer,acp,online,0.1,1,24,M0,0.9,0.893147001,0.006852999,1.0034879073222598,0.3100941086400688,0.1496190039075157,0.6805504957884111,0.6909167643393351,forecast_cache_seed2021/long_term_forecast_exchange_cache_Transformer_Exchange_ftMS_sl96_ll48_pl96_dm512_nh8_el2_dl1_df2048_expand2_dc4_fc1_ebtimeF_dtTrue_exchange_0/forecast_full.npz,sensitivity_analysis
exchange_sensitivity_modelTransformer_cpacp_a0.1_cw200_xlag24_seed2_modeonline_ofat_new_regime_threshold_1.9-0_M0,exchange,Transformer,acp,online,0.1,2,24,M0,0.9,0.898420567,0.001579433,1.0048748988501537,0.3151071028166317,0.1576101524779119,0.6805504957884111,0.6909167643393351,forecast_cache_seed2021/long_term_forecast_exchange_cache_Transformer_Exchange_ftMS_sl96_ll48_pl96_dm512_nh8_el2_dl1_df2048_expand2_dc4_fc1_ebtimeF_dtTrue_exchange_0/forecast_full.npz,sensitivity_analysis
exchange_sensitivity_modelTransformer_cpacp_a0.1_cw200_xlag24_seed3_modeonline_ofat_new_regime_threshold_1.9-0_M0,exchange,Transformer,acp,online,0.1,3,24,M0,0.9,0.892487805,0.007512195,1.0008742383656513,0.309720231487686,0.1488332447188598,0.6805504957884111,0.6909167643393351,forecast_cache_seed2021/long_term_forecast_exchange_cache_Transformer_Exchange_ftMS_sl96_ll48_pl96_dm512_nh8_el2_dl1_df2048_expand2_dc4_fc1_ebtimeF_dtTrue_exchange_0/forecast_full.npz,sensitivity_analysis
exchange_sensitivity_modelTransformer_cpacp_a0.1_cw200_xlag24_seed4_modeonline_ofat_new_regime_threshold_1.9-0_M0,exchange,Transformer,acp,online,0.1,4,24,M0,0.9,0.895783784,0.004216216,1.0001335867586294,0.3129894717686444,0.1538783709657529,0.6805504957884111,0.6909167643393351,forecast_cache_seed2021/long_term_forecast_exchange_cache_Transformer_Exchange_ftMS_sl96_ll48_pl96_dm512_nh8_el2_dl1_df2048_expand2_dc4_fc1_ebtimeF_dtTrue_exchange_0/forecast_full.npz,sensitivity_analysis
exchange_sensitivity_modelTransformer_cpacp_a0.1_cw200_xlag24_seed5_modeonline_ofat_new_regime_threshold_1.9-0_M0,exchange,Transformer,acp,online,0.1,5,24,M0,0.9,0.895124588,0.004875412,1.004750315758456,0.3118805972713558,0.1525096609733532,0.6805504957884111,0.6909167643393351,forecast_cache_seed2021/long_term_forecast_exchange_cache_Transformer_Exchange_ftMS_sl96_ll48_pl96_dm512_nh8_el2_dl1_df2048_expand2_dc4_fc1_ebtimeF_dtTrue_exchange_0/forecast_full.npz,sensitivity_analysis
exchange_sensitivity_modelTransformer_cpacp_a0.1_cw200_xlag24_seed1_modeonline_ofat_new_regime_threshold_2.2-0_M0,exchange,Transformer,acp,online,0.1,1,24,M0,0.9,0.893147001,0.006852999,1.0034879073222598,0.3100941086400688,0.1496190039075157,0.6805504957884111,0.6909167643393351,forecast_cache_seed2021/long_term_forecast_exchange_cache_Transformer_Exchange_ftMS_sl96_ll48_pl96_dm512_nh8_el2_dl1_df2048_expand2_dc4_fc1_ebtimeF_dtTrue_exchange_0/forecast_full.npz,sensitivity_analysis
exchange_sensitivity_modelTransformer_cpacp_a0.1_cw200_xlag24_seed2_modeonline_ofat_new_regime_threshold_2.2-0_M0,exchange,Transformer,acp,online,0.1,2,24,M0,0.9,0.898420567,0.001579433,1.0048748988501537,0.3151071028166317,0.1576101524779119,0.6805504957884111,0.6909167643393351,forecast_cache_seed2021/long_term_forecast_exchange_cache_Transformer_Exchange_ftMS_sl96_ll48_pl96_dm512_nh8_el2_dl1_df2048_expand2_dc4_fc1_ebtimeF_dtTrue_exchange_0/forecast_full.npz,sensitivity_analysis
exchange_sensitivity_modelTransformer_cpacp_a0.1_cw200_xlag24_seed3_modeonline_ofat_new_regime_threshold_2.2-0_M0,exchange,Transformer,acp,online,0.1,3,24,M0,0.9,0.892487805,0.007512195,1.0008742383656513,0.309720231487686,0.1488332447188598,0.6805504957884111,0.6909167643393351,forecast_cache_seed2021/long_term_forecast_exchange_cache_Transformer_Exchange_ftMS_sl96_ll48_pl96_dm512_nh8_el2_dl1_df2048_expand2_dc4_fc1_ebtimeF_dtTrue_exchange_0/forecast_full.npz,sensitivity_analysis
exchange_sensitivity_modelTransformer_cpacp_a0.1_cw200_xlag24_seed4_modeonline_ofat_new_regime_threshold_2.2-0_M0,exchange,Transformer,acp,online,0.1,4,24,M0,0.9,0.895783784,0.004216216,1.0001335867586294,0.3129894717686444,0.1538783709657529,0.6805504957884111,0.6909167643393351,forecast_cache_seed2021/long_term_forecast_exchange_cache_Transformer_Exchange_ftMS_sl96_ll48_pl96_dm512_nh8_el2_dl1_df2048_expand2_dc4_fc1_ebtimeF_dtTrue_exchange_0/forecast_full.npz,sensitivity_analysis
exchange_sensitivity_modelTransformer_cpacp_a0.1_cw200_xlag24_seed5_modeonline_ofat_new_regime_threshold_2.2-0_M0,exchange,Transformer,acp,online,0.1,5,24,M0,0.9,0.895124588,0.004875412,1.004750315758456,0.3118805972713558,0.1525096609733532,0.6805504957884111,0.6909167643393351,forecast_cache_seed2021/long_term_forecast_exchange_cache_Transformer_Exchange_ftMS_sl96_ll48_pl96_dm512_nh8_el2_dl1_df2048_expand2_dc4_fc1_ebtimeF_dtTrue_exchange_0/forecast_full.npz,sensitivity_analysis
exchange_sensitivity_modelTransformer_cpacp_a0.1_cw200_xlag24_seed1_modeonline_ofat_new_regime_threshold_2.5-0_M0,exchange,Transformer,acp,online,0.1,1,24,M0,0.9,0.893147001,0.006852999,1.0034879073222598,0.3100941086400688,0.1496190039075157,0.6805504957884111,0.6909167643393351,forecast_cache_seed2021/long_term_forecast_exchange_cache_Transformer_Exchange_ftMS_sl96_ll48_pl96_dm512_nh8_el2_dl1_df2048_expand2_dc4_fc1_ebtimeF_dtTrue_exchange_0/forecast_full.npz,sensitivity_analysis
exchange_sensitivity_modelTransformer_cpacp_a0.1_cw200_xlag24_seed2_modeonline_ofat_new_regime_threshold_2.5-0_M0,exchange,Transformer,acp,online,0.1,2,24,M0,0.9,0.898420567,0.001579433,1.0048748988501537,0.3151071028166317,0.1576101524779119,0.6805504957884111,0.6909167643393351,forecast_cache_seed2021/long_term_forecast_exchange_cache_Transformer_Exchange_ftMS_sl96_ll48_pl96_dm512_nh8_el2_dl1_df2048_expand2_dc4_fc1_ebtimeF_dtTrue_exchange_0/forecast_full.npz,sensitivity_analysis
exchange_sensitivity_modelTransformer_cpacp_a0.1_cw200_xlag24_seed3_modeonline_ofat_new_regime_threshold_2.5-0_M0,exchange,Transformer,acp,online,0.1,3,24,M0,0.9,0.892487805,0.007512195,1.0008742383656513,0.309720231487686,0.1488332447188598,0.6805504957884111,0.6909167643393351,forecast_cache_seed2021/long_term_forecast_exchange_cache_Transformer_Exchange_ftMS_sl96_ll48_pl96_dm512_nh8_el2_dl1_df2048_expand2_dc4_fc1_ebtimeF_dtTrue_exchange_0/forecast_full.npz,sensitivity_analysis
exchange_sensitivity_modelTransformer_cpacp_a0.1_cw200_xlag24_seed4_modeonline_ofat_new_regime_threshold_2.5-0_M0,exchange,Transformer,acp,online,0.1,4,24,M0,0.9,0.895783784,0.004216216,1.0001335867586294,0.3129894717686444,0.1538783709657529,0.6805504957884111,0.6909167643393351,forecast_cache_seed2021/long_term_forecast_exchange_cache_Transformer_Exchange_ftMS_sl96_ll48_pl96_dm512_nh8_el2_dl1_df2048_expand2_dc4_fc1_ebtimeF_dtTrue_exchange_0/forecast_full.npz,sensitivity_analysis
exchange_sensitivity_modelTransformer_cpacp_a0.1_cw200_xlag24_seed5_modeonline_ofat_new_regime_threshold_2.5-0_M0,exchange,Transformer,acp,online,0.1,5,24,M0,0.9,0.895124588,0.004875412,1.004750315758456,0.3118805972713558,0.1525096609733532,0.6805504957884111,0.6909167643393351,forecast_cache_seed2021/long_term_forecast_exchange_cache_Transformer_Exchange_ftMS_sl96_ll48_pl96_dm512_nh8_el2_dl1_df2048_expand2_dc4_fc1_ebtimeF_dtTrue_exchange_0/forecast_full.npz,sensitivity_analysis
exchange_sensitivity_modelTransformer_cpacp_a0.1_cw200_xlag24_seed1_modeonline_ofat_new_regime_threshold_2.8-0_M0,exchange,Transformer,acp,online,0.1,1,24,M0,0.9,0.893147001,0.006852999,1.0034879073222598,0.3100941086400688,0.1496190039075157,0.6805504957884111,0.6909167643393351,forecast_cache_seed2021/long_term_forecast_exchange_cache_Transformer_Exchange_ftMS_sl96_ll48_pl96_dm512_nh8_el2_dl1_df2048_expand2_dc4_fc1_ebtimeF_dtTrue_exchange_0/forecast_full.npz,sensitivity_analysis
exchange_sensitivity_modelTransformer_cpacp_a0.1_cw200_xlag24_seed2_modeonline_ofat_new_regime_threshold_2.8-0_M0,exchange,Transformer,acp,online,0.1,2,24,M0,0.9,0.898420567,0.001579433,1.0048748988501537,0.3151071028166317,0.1576101524779119,0.6805504957884111,0.6909167643393351,forecast_cache_seed2021/long_term_forecast_exchange_cache_Transformer_Exchange_ftMS_sl96_ll48_pl96_dm512_nh8_el2_dl1_df2048_expand2_dc4_fc1_ebtimeF_dtTrue_exchange_0/forecast_full.npz,sensitivity_analysis
exchange_sensitivity_modelTransformer_cpacp_a0.1_cw200_xlag24_seed3_modeonline_ofat_new_regime_threshold_2.8-0_M0,exchange,Transformer,acp,online,0.1,3,24,M0,0.9,0.892487805,0.007512195,1.0008742383656513,0.309720231487686,0.1488332447188598,0.6805504957884111,0.6909167643393351,forecast_cache_seed2021/long_term_forecast_exchange_cache_Transformer_Exchange_ftMS_sl96_ll48_pl96_dm512_nh8_el2_dl1_df2048_expand2_dc4_fc1_ebtimeF_dtTrue_exchange_0/forecast_full.npz,sensitivity_analysis
exchange_sensitivity_modelTransformer_cpacp_a0.1_cw200_xlag24_seed4_modeonline_ofat_new_regime_threshold_2.8-0_M0,exchange,Transformer,acp,online,0.1,4,24,M0,0.9,0.895783784,0.004216216,1.0001335867586294,0.3129894717686444,0.1538783709657529,0.6805504957884111,0.6909167643393351,forecast_cache_seed2021/long_term_forecast_exchange_cache_Transformer_Exchange_ftMS_sl96_ll48_pl96_dm512_nh8_el2_dl1_df2048_expand2_dc4_fc1_ebtimeF_dtTrue_exchange_0/forecast_full.npz,sensitivity_analysis
exchange_sensitivity_modelTransformer_cpacp_a0.1_cw200_xlag24_seed5_modeonline_ofat_new_regime_threshold_2.8-0_M0,exchange,Transformer,acp,online,0.1,5,24,M0,0.9,0.895124588,0.004875412,1.004750315758456,0.3118805972713558,0.1525096609733532,0.6805504957884111,0.6909167643393351,forecast_cache_seed2021/long_term_forecast_exchange_cache_Transformer_Exchange_ftMS_sl96_ll48_pl96_dm512_nh8_el2_dl1_df2048_expand2_dc4_fc1_ebtimeF_dtTrue_exchange_0/forecast_full.npz,sensitivity_analysis
exchange_sensitivity_modelTransformer_cpacp_a0.1_cw200_xlag24_seed1_modeonline_ofat_new_regime_threshold_3.1-0_M0,exchange,Transformer,acp,online,0.1,1,24,M0,0.9,0.893147001,0.006852999,1.0034879073222598,0.3100941086400688,0.1496190039075157,0.6805504957884111,0.6909167643393351,forecast_cache_seed2021/long_term_forecast_exchange_cache_Transformer_Exchange_ftMS_sl96_ll48_pl96_dm512_nh8_el2_dl1_df2048_expand2_dc4_fc1_ebtimeF_dtTrue_exchange_0/forecast_full.npz,sensitivity_analysis
exchange_sensitivity_modelTransformer_cpacp_a0.1_cw200_xlag24_seed2_modeonline_ofat_new_regime_threshold_3.1-0_M0,exchange,Transformer,acp,online,0.1,2,24,M0,0.9,0.898420567,0.001579433,1.0048748988501537,0.3151071028166317,0.1576101524779119,0.6805504957884111,0.6909167643393351,forecast_cache_seed2021/long_term_forecast_exchange_cache_Transformer_Exchange_ftMS_sl96_ll48_pl96_dm512_nh8_el2_dl1_df2048_expand2_dc4_fc1_ebtimeF_dtTrue_exchange_0/forecast_full.npz,sensitivity_analysis
exchange_sensitivity_modelTransformer_cpacp_a0.1_cw200_xlag24_seed3_modeonline_ofat_new_regime_threshold_3.1-0_M0,exchange,Transformer,acp,online,0.1,3,24,M0,0.9,0.892487805,0.007512195,1.0008742383656513,0.309720231487686,0.1488332447188598,0.6805504957884111,0.6909167643393351,forecast_cache_seed2021/long_term_forecast_exchange_cache_Transformer_Exchange_ftMS_sl96_ll48_pl96_dm512_nh8_el2_dl1_df2048_expand2_dc4_fc1_ebtimeF_dtTrue_exchange_0/forecast_full.npz,sensitivity_analysis
exchange_sensitivity_modelTransformer_cpacp_a0.1_cw200_xlag24_seed4_modeonline_ofat_new_regime_threshold_3.1-0_M0,exchange,Transformer,acp,online,0.1,4,24,M0,0.9,0.895783784,0.004216216,1.0001335867586294,0.3129894717686444,0.1538783709657529,0.6805504957884111,0.6909167643393351,forecast_cache_seed2021/long_term_forecast_exchange_cache_Transformer_Exchange_ftMS_sl96_ll48_pl96_dm512_nh8_el2_dl1_df2048_expand2_dc4_fc1_ebtimeF_dtTrue_exchange_0/forecast_full.npz,sensitivity_analysis
exchange_sensitivity_modelTransformer_cpacp_a0.1_cw200_xlag24_seed5_modeonline_ofat_new_regime_threshold_3.1-0_M0,exchange,Transformer,acp,online,0.1,5,24,M0,0.9,0.895124588,0.004875412,1.004750315758456,0.3118805972713558,0.1525096609733532,0.6805504957884111,0.6909167643393351,forecast_cache_seed2021/long_term_forecast_exchange_cache_Transformer_Exchange_ftMS_sl96_ll48_pl96_dm512_nh8_el2_dl1_df2048_expand2_dc4_fc1_ebtimeF_dtTrue_exchange_0/forecast_full.npz,sensitivity_analysis
exchange_sensitivity_modelTransformer_cpacp_a0.1_cw200_xlag24_seed1_modeonline_ofat_min_state_duration_1-0_M0,exchange,Transformer,acp,online,0.1,1,24,M0,0.9,0.893147001,0.006852999,1.0034879073222598,0.3100941086400688,0.1496190039075157,0.6805504957884111,0.6909167643393351,forecast_cache_seed2021/long_term_forecast_exchange_cache_Transformer_Exchange_ftMS_sl96_ll48_pl96_dm512_nh8_el2_dl1_df2048_expand2_dc4_fc1_ebtimeF_dtTrue_exchange_0/forecast_full.npz,sensitivity_analysis
exchange_sensitivity_modelTransformer_cpacp_a0.1_cw200_xlag24_seed2_modeonline_ofat_min_state_duration_1-0_M0,exchange,Transformer,acp,online,0.1,2,24,M0,0.9,0.898420567,0.001579433,1.0048748988501537,0.3151071028166317,0.1576101524779119,0.6805504957884111,0.6909167643393351,forecast_cache_seed2021/long_term_forecast_exchange_cache_Transformer_Exchange_ftMS_sl96_ll48_pl96_dm512_nh8_el2_dl1_df2048_expand2_dc4_fc1_ebtimeF_dtTrue_exchange_0/forecast_full.npz,sensitivity_analysis
exchange_sensitivity_modelTransformer_cpacp_a0.1_cw200_xlag24_seed3_modeonline_ofat_min_state_duration_1-0_M0,exchange,Transformer,acp,online,0.1,3,24,M0,0.9,0.892487805,0.007512195,1.0008742383656513,0.309720231487686,0.1488332447188598,0.6805504957884111,0.6909167643393351,forecast_cache_seed2021/long_term_forecast_exchange_cache_Transformer_Exchange_ftMS_sl96_ll48_pl96_dm512_nh8_el2_dl1_df2048_expand2_dc4_fc1_ebtimeF_dtTrue_exchange_0/forecast_full.npz,sensitivity_analysis
exchange_sensitivity_modelTransformer_cpacp_a0.1_cw200_xlag24_seed4_modeonline_ofat_min_state_duration_1-0_M0,exchange,Transformer,acp,online,0.1,4,24,M0,0.9,0.895783784,0.004216216,1.0001335867586294,0.3129894717686444,0.1538783709657529,0.6805504957884111,0.6909167643393351,forecast_cache_seed2021/long_term_forecast_exchange_cache_Transformer_Exchange_ftMS_sl96_ll48_pl96_dm512_nh8_el2_dl1_df2048_expand2_dc4_fc1_ebtimeF_dtTrue_exchange_0/forecast_full.npz,sensitivity_analysis
exchange_sensitivity_modelTransformer_cpacp_a0.1_cw200_xlag24_seed5_modeonline_ofat_min_state_duration_1-0_M0,exchange,Transformer,acp,online,0.1,5,24,M0,0.9,0.895124588,0.004875412,1.004750315758456,0.3118805972713558,0.1525096609733532,0.6805504957884111,0.6909167643393351,forecast_cache_seed2021/long_term_forecast_exchange_cache_Transformer_Exchange_ftMS_sl96_ll48_pl96_dm512_nh8_el2_dl1_df2048_expand2_dc4_fc1_ebtimeF_dtTrue_exchange_0/forecast_full.npz,sensitivity_analysis
exchange_sensitivity_modelTransformer_cpacp_a0.1_cw200_xlag24_seed1_modeonline_ofat_min_state_duration_3-0_M0,exchange,Transformer,acp,online,0.1,1,24,M0,0.9,0.893147001,0.006852999,1.0034879073222598,0.3100941086400688,0.1496190039075157,0.6805504957884111,0.6909167643393351,forecast_cache_seed2021/long_term_forecast_exchange_cache_Transformer_Exchange_ftMS_sl96_ll48_pl96_dm512_nh8_el2_dl1_df2048_expand2_dc4_fc1_ebtimeF_dtTrue_exchange_0/forecast_full.npz,sensitivity_analysis
exchange_sensitivity_modelTransformer_cpacp_a0.1_cw200_xlag24_seed2_modeonline_ofat_min_state_duration_3-0_M0,exchange,Transformer,acp,online,0.1,2,24,M0,0.9,0.898420567,0.001579433,1.0048748988501537,0.3151071028166317,0.1576101524779119,0.6805504957884111,0.6909167643393351,forecast_cache_seed2021/long_term_forecast_exchange_cache_Transformer_Exchange_ftMS_sl96_ll48_pl96_dm512_nh8_el2_dl1_df2048_expand2_dc4_fc1_ebtimeF_dtTrue_exchange_0/forecast_full.npz,sensitivity_analysis
exchange_sensitivity_modelTransformer_cpacp_a0.1_cw200_xlag24_seed3_modeonline_ofat_min_state_duration_3-0_M0,exchange,Transformer,acp,online,0.1,3,24,M0,0.9,0.892487805,0.007512195,1.0008742383656513,0.309720231487686,0.1488332447188598,0.6805504957884111,0.6909167643393351,forecast_cache_seed2021/long_term_forecast_exchange_cache_Transformer_Exchange_ftMS_sl96_ll48_pl96_dm512_nh8_el2_dl1_df2048_expand2_dc4_fc1_ebtimeF_dtTrue_exchange_0/forecast_full.npz,sensitivity_analysis
exchange_sensitivity_modelTransformer_cpacp_a0.1_cw200_xlag24_seed4_modeonline_ofat_min_state_duration_3-0_M0,exchange,Transformer,acp,online,0.1,4,24,M0,0.9,0.895783784,0.004216216,1.0001335867586294,0.3129894717686444,0.1538783709657529,0.6805504957884111,0.6909167643393351,forecast_cache_seed2021/long_term_forecast_exchange_cache_Transformer_Exchange_ftMS_sl96_ll48_pl96_dm512_nh8_el2_dl1_df2048_expand2_dc4_fc1_ebtimeF_dtTrue_exchange_0/forecast_full.npz,sensitivity_analysis
exchange_sensitivity_modelTransformer_cpacp_a0.1_cw200_xlag24_seed5_modeonline_ofat_min_state_duration_3-0_M0,exchange,Transformer,acp,online,0.1,5,24,M0,0.9,0.895124588,0.004875412,1.004750315758456,0.3118805972713558,0.1525096609733532,0.6805504957884111,0.6909167643393351,forecast_cache_seed2021/long_term_forecast_exchange_cache_Transformer_Exchange_ftMS_sl96_ll48_pl96_dm512_nh8_el2_dl1_df2048_expand2_dc4_fc1_ebtimeF_dtTrue_exchange_0/forecast_full.npz,sensitivity_analysis
exchange_sensitivity_modelTransformer_cpacp_a0.1_cw200_xlag24_seed1_modeonline_ofat_min_state_duration_5-0_M0,exchange,Transformer,acp,online,0.1,1,24,M0,0.9,0.893147001,0.006852999,1.0034879073222598,0.3100941086400688,0.1496190039075157,0.6805504957884111,0.6909167643393351,forecast_cache_seed2021/long_term_forecast_exchange_cache_Transformer_Exchange_ftMS_sl96_ll48_pl96_dm512_nh8_el2_dl1_df2048_expand2_dc4_fc1_ebtimeF_dtTrue_exchange_0/forecast_full.npz,sensitivity_analysis
exchange_sensitivity_modelTransformer_cpacp_a0.1_cw200_xlag24_seed2_modeonline_ofat_min_state_duration_5-0_M0,exchange,Transformer,acp,online,0.1,2,24,M0,0.9,0.898420567,0.001579433,1.0048748988501537,0.3151071028166317,0.1576101524779119,0.6805504957884111,0.6909167643393351,forecast_cache_seed2021/long_term_forecast_exchange_cache_Transformer_Exchange_ftMS_sl96_ll48_pl96_dm512_nh8_el2_dl1_df2048_expand2_dc4_fc1_ebtimeF_dtTrue_exchange_0/forecast_full.npz,sensitivity_analysis
exchange_sensitivity_modelTransformer_cpacp_a0.1_cw200_xlag24_seed3_modeonline_ofat_min_state_duration_5-0_M0,exchange,Transformer,acp,online,0.1,3,24,M0,0.9,0.892487805,0.007512195,1.0008742383656513,0.309720231487686,0.1488332447188598,0.6805504957884111,0.6909167643393351,forecast_cache_seed2021/long_term_forecast_exchange_cache_Transformer_Exchange_ftMS_sl96_ll48_pl96_dm512_nh8_el2_dl1_df2048_expand2_dc4_fc1_ebtimeF_dtTrue_exchange_0/forecast_full.npz,sensitivity_analysis
exchange_sensitivity_modelTransformer_cpacp_a0.1_cw200_xlag24_seed4_modeonline_ofat_min_state_duration_5-0_M0,exchange,Transformer,acp,online,0.1,4,24,M0,0.9,0.895783784,0.004216216,1.0001335867586294,0.3129894717686444,0.1538783709657529,0.6805504957884111,0.6909167643393351,forecast_cache_seed2021/long_term_forecast_exchange_cache_Transformer_Exchange_ftMS_sl96_ll48_pl96_dm512_nh8_el2_dl1_df2048_expand2_dc4_fc1_ebtimeF_dtTrue_exchange_0/forecast_full.npz,sensitivity_analysis
exchange_sensitivity_modelTransformer_cpacp_a0.1_cw200_xlag24_seed5_modeonline_ofat_min_state_duration_5-0_M0,exchange,Transformer,acp,online,0.1,5,24,M0,0.9,0.895124588,0.004875412,1.004750315758456,0.3118805972713558,0.1525096609733532,0.6805504957884111,0.6909167643393351,forecast_cache_seed2021/long_term_forecast_exchange_cache_Transformer_Exchange_ftMS_sl96_ll48_pl96_dm512_nh8_el2_dl1_df2048_expand2_dc4_fc1_ebtimeF_dtTrue_exchange_0/forecast_full.npz,sensitivity_analysis
exchange_sensitivity_modelTransformer_cpacp_a0.1_cw200_xlag24_seed1_modeonline_ofat_min_state_duration_8-0_M0,exchange,Transformer,acp,online,0.1,1,24,M0,0.9,0.893147001,0.006852999,1.0034879073222598,0.3100941086400688,0.1496190039075157,0.6805504957884111,0.6909167643393351,forecast_cache_seed2021/long_term_forecast_exchange_cache_Transformer_Exchange_ftMS_sl96_ll48_pl96_dm512_nh8_el2_dl1_df2048_expand2_dc4_fc1_ebtimeF_dtTrue_exchange_0/forecast_full.npz,sensitivity_analysis
exchange_sensitivity_modelTransformer_cpacp_a0.1_cw200_xlag24_seed2_modeonline_ofat_min_state_duration_8-0_M0,exchange,Transformer,acp,online,0.1,2,24,M0,0.9,0.898420567,0.001579433,1.0048748988501537,0.3151071028166317,0.1576101524779119,0.6805504957884111,0.6909167643393351,forecast_cache_seed2021/long_term_forecast_exchange_cache_Transformer_Exchange_ftMS_sl96_ll48_pl96_dm512_nh8_el2_dl1_df2048_expand2_dc4_fc1_ebtimeF_dtTrue_exchange_0/forecast_full.npz,sensitivity_analysis
exchange_sensitivity_modelTransformer_cpacp_a0.1_cw200_xlag24_seed3_modeonline_ofat_min_state_duration_8-0_M0,exchange,Transformer,acp,online,0.1,3,24,M0,0.9,0.892487805,0.007512195,1.0008742383656513,0.309720231487686,0.1488332447188598,0.6805504957884111,0.6909167643393351,forecast_cache_seed2021/long_term_forecast_exchange_cache_Transformer_Exchange_ftMS_sl96_ll48_pl96_dm512_nh8_el2_dl1_df2048_expand2_dc4_fc1_ebtimeF_dtTrue_exchange_0/forecast_full.npz,sensitivity_analysis
exchange_sensitivity_modelTransformer_cpacp_a0.1_cw200_xlag24_seed4_modeonline_ofat_min_state_duration_8-0_M0,exchange,Transformer,acp,online,0.1,4,24,M0,0.9,0.895783784,0.004216216,1.0001335867586294,0.3129894717686444,0.1538783709657529,0.6805504957884111,0.6909167643393351,forecast_cache_seed2021/long_term_forecast_exchange_cache_Transformer_Exchange_ftMS_sl96_ll48_pl96_dm512_nh8_el2_dl1_df2048_expand2_dc4_fc1_ebtimeF_dtTrue_exchange_0/forecast_full.npz,sensitivity_analysis
exchange_sensitivity_modelTransformer_cpacp_a0.1_cw200_xlag24_seed5_modeonline_ofat_min_state_duration_8-0_M0,exchange,Transformer,acp,online,0.1,5,24,M0,0.9,0.895124588,0.004875412,1.004750315758456,0.3118805972713558,0.1525096609733532,0.6805504957884111,0.6909167643393351,forecast_cache_seed2021/long_term_forecast_exchange_cache_Transformer_Exchange_ftMS_sl96_ll48_pl96_dm512_nh8_el2_dl1_df2048_expand2_dc4_fc1_ebtimeF_dtTrue_exchange_0/forecast_full.npz,sensitivity_analysis
exchange_sensitivity_modelTransformer_cpacp_a0.1_cw200_xlag24_seed1_modeonline_ofat_min_state_duration_12-0_M0,exchange,Transformer,acp,online,0.1,1,24,M0,0.9,0.893147001,0.006852999,1.0034879073222598,0.3100941086400688,0.1496190039075157,0.6805504957884111,0.6909167643393351,forecast_cache_seed2021/long_term_forecast_exchange_cache_Transformer_Exchange_ftMS_sl96_ll48_pl96_dm512_nh8_el2_dl1_df2048_expand2_dc4_fc1_ebtimeF_dtTrue_exchange_0/forecast_full.npz,sensitivity_analysis
exchange_sensitivity_modelTransformer_cpacp_a0.1_cw200_xlag24_seed2_modeonline_ofat_min_state_duration_12-0_M0,exchange,Transformer,acp,online,0.1,2,24,M0,0.9,0.898420567,0.001579433,1.0048748988501537,0.3151071028166317,0.1576101524779119,0.6805504957884111,0.6909167643393351,forecast_cache_seed2021/long_term_forecast_exchange_cache_Transformer_Exchange_ftMS_sl96_ll48_pl96_dm512_nh8_el2_dl1_df2048_expand2_dc4_fc1_ebtimeF_dtTrue_exchange_0/forecast_full.npz,sensitivity_analysis
exchange_sensitivity_modelTransformer_cpacp_a0.1_cw200_xlag24_seed3_modeonline_ofat_min_state_duration_12-0_M0,exchange,Transformer,acp,online,0.1,3,24,M0,0.9,0.892487805,0.007512195,1.0008742383656513,0.309720231487686,0.1488332447188598,0.6805504957884111,0.6909167643393351,forecast_cache_seed2021/long_term_forecast_exchange_cache_Transformer_Exchange_ftMS_sl96_ll48_pl96_dm512_nh8_el2_dl1_df2048_expand2_dc4_fc1_ebtimeF_dtTrue_exchange_0/forecast_full.npz,sensitivity_analysis
exchange_sensitivity_modelTransformer_cpacp_a0.1_cw200_xlag24_seed4_modeonline_ofat_min_state_duration_12-0_M0,exchange,Transformer,acp,online,0.1,4,24,M0,0.9,0.895783784,0.004216216,1.0001335867586294,0.3129894717686444,0.1538783709657529,0.6805504957884111,0.6909167643393351,forecast_cache_seed2021/long_term_forecast_exchange_cache_Transformer_Exchange_ftMS_sl96_ll48_pl96_dm512_nh8_el2_dl1_df2048_expand2_dc4_fc1_ebtimeF_dtTrue_exchange_0/forecast_full.npz,sensitivity_analysis
exchange_sensitivity_modelTransformer_cpacp_a0.1_cw200_xlag24_seed5_modeonline_ofat_min_state_duration_12-0_M0,exchange,Transformer,acp,online,0.1,5,24,M0,0.9,0.895124588,0.004875412,1.004750315758456,0.3118805972713558,0.1525096609733532,0.6805504957884111,0.6909167643393351,forecast_cache_seed2021/long_term_forecast_exchange_cache_Transformer_Exchange_ftMS_sl96_ll48_pl96_dm512_nh8_el2_dl1_df2048_expand2_dc4_fc1_ebtimeF_dtTrue_exchange_0/forecast_full.npz,sensitivity_analysis
exchange_sensitivity_modelTransformer_cpacp_a0.1_cw200_xlag24_seed1_modeonline_ofat_min_state_duration_16-0_M0,exchange,Transformer,acp,online,0.1,1,24,M0,0.9,0.893147001,0.006852999,1.0034879073222598,0.3100941086400688,0.1496190039075157,0.6805504957884111,0.6909167643393351,forecast_cache_seed2021/long_term_forecast_exchange_cache_Transformer_Exchange_ftMS_sl96_ll48_pl96_dm512_nh8_el2_dl1_df2048_expand2_dc4_fc1_ebtimeF_dtTrue_exchange_0/forecast_full.npz,sensitivity_analysis
exchange_sensitivity_modelTransformer_cpacp_a0.1_cw200_xlag24_seed2_modeonline_ofat_min_state_duration_16-0_M0,exchange,Transformer,acp,online,0.1,2,24,M0,0.9,0.898420567,0.001579433,1.0048748988501537,0.3151071028166317,0.1576101524779119,0.6805504957884111,0.6909167643393351,forecast_cache_seed2021/long_term_forecast_exchange_cache_Transformer_Exchange_ftMS_sl96_ll48_pl96_dm512_nh8_el2_dl1_df2048_expand2_dc4_fc1_ebtimeF_dtTrue_exchange_0/forecast_full.npz,sensitivity_analysis
exchange_sensitivity_modelTransformer_cpacp_a0.1_cw200_xlag24_seed3_modeonline_ofat_min_state_duration_16-0_M0,exchange,Transformer,acp,online,0.1,3,24,M0,0.9,0.892487805,0.007512195,1.0008742383656513,0.309720231487686,0.1488332447188598,0.6805504957884111,0.6909167643393351,forecast_cache_seed2021/long_term_forecast_exchange_cache_Transformer_Exchange_ftMS_sl96_ll48_pl96_dm512_nh8_el2_dl1_df2048_expand2_dc4_fc1_ebtimeF_dtTrue_exchange_0/forecast_full.npz,sensitivity_analysis
exchange_sensitivity_modelTransformer_cpacp_a0.1_cw200_xlag24_seed4_modeonline_ofat_min_state_duration_16-0_M0,exchange,Transformer,acp,online,0.1,4,24,M0,0.9,0.895783784,0.004216216,1.0001335867586294,0.3129894717686444,0.1538783709657529,0.6805504957884111,0.6909167643393351,forecast_cache_seed2021/long_term_forecast_exchange_cache_Transformer_Exchange_ftMS_sl96_ll48_pl96_dm512_nh8_el2_dl1_df2048_expand2_dc4_fc1_ebtimeF_dtTrue_exchange_0/forecast_full.npz,sensitivity_analysis
exchange_sensitivity_modelTransformer_cpacp_a0.1_cw200_xlag24_seed5_modeonline_ofat_min_state_duration_16-0_M0,exchange,Transformer,acp,online,0.1,5,24,M0,0.9,0.895124588,0.004875412,1.004750315758456,0.3118805972713558,0.1525096609733532,0.6805504957884111,0.6909167643393351,forecast_cache_seed2021/long_term_forecast_exchange_cache_Transformer_Exchange_ftMS_sl96_ll48_pl96_dm512_nh8_el2_dl1_df2048_expand2_dc4_fc1_ebtimeF_dtTrue_exchange_0/forecast_full.npz,sensitivity_analysis
exchange_sensitivity_modelTransformer_cpacp_a0.1_cw200_xlag24_seed1_modeonline_ofat_lambda_spectral_0.0-0_M0,exchange,Transformer,acp,online,0.1,1,24,M0,0.9,0.89644298,0.00355702,1.0005254891540156,0.3135967649472456,0.1548652493130989,0.6805504957884111,0.6909167643393351,forecast_cache_seed2021/long_term_forecast_exchange_cache_Transformer_Exchange_ftMS_sl96_ll48_pl96_dm512_nh8_el2_dl1_df2048_expand2_dc4_fc1_ebtimeF_dtTrue_exchange_0/forecast_full.npz,sensitivity_analysis
exchange_sensitivity_modelTransformer_cpacp_a0.1_cw200_xlag24_seed2_modeonline_ofat_lambda_spectral_0.0-0_M0,exchange,Transformer,acp,online,0.1,2,24,M0,0.9,0.899738958,0.000261042,1.0024252256709565,0.3166751174000949,0.1599003397630056,0.6805504957884111,0.6909167643393351,forecast_cache_seed2021/long_term_forecast_exchange_cache_Transformer_Exchange_ftMS_sl96_ll48_pl96_dm512_nh8_el2_dl1_df2048_expand2_dc4_fc1_ebtimeF_dtTrue_exchange_0/forecast_full.npz,sensitivity_analysis
exchange_sensitivity_modelTransformer_cpacp_a0.1_cw200_xlag24_seed3_modeonline_ofat_lambda_spectral_0.0-0_M0,exchange,Transformer,acp,online,0.1,3,24,M0,0.9,0.895783784,0.004216216,0.997581422302333,0.3132478755216303,0.1540781363175231,0.6805504957884111,0.6909167643393351,forecast_cache_seed2021/long_term_forecast_exchange_cache_Transformer_Exchange_ftMS_sl96_ll48_pl96_dm512_nh8_el2_dl1_df2048_expand2_dc4_fc1_ebtimeF_dtTrue_exchange_0/forecast_full.npz,sensitivity_analysis
exchange_sensitivity_modelTransformer_cpacp_a0.1_cw200_xlag24_seed4_modeonline_ofat_lambda_spectral_0.0-0_M0,exchange,Transformer,acp,online,0.1,4,24,M0,0.9,0.906330916,-0.006330916,1.009505041987082,0.322663686053734,0.1701847036815899,0.6805504957884111,0.6909167643393351,forecast_cache_seed2021/long_term_forecast_exchange_cache_Transformer_Exchange_ftMS_sl96_ll48_pl96_dm512_nh8_el2_dl1_df2048_expand2_dc4_fc1_ebtimeF_dtTrue_exchange_0/forecast_full.npz,sensitivity_analysis
exchange_sensitivity_modelTransformer_cpacp_a0.1_cw200_xlag24_seed5_modeonline_ofat_lambda_spectral_0.0-0_M0,exchange,Transformer,acp,online,0.1,5,24,M0,0.9,0.897102175,0.002897825,1.0023046756235925,0.3140650444541179,0.1557487426058258,0.6805504957884111,0.6909167643393351,forecast_cache_seed2021/long_term_forecast_exchange_cache_Transformer_Exchange_ftMS_sl96_ll48_pl96_dm512_nh8_el2_dl1_df2048_expand2_dc4_fc1_ebtimeF_dtTrue_exchange_0/forecast_full.npz,sensitivity_analysis
exchange_sensitivity_modelTransformer_cpacp_a0.1_cw200_xlag24_seed1_modeonline_ofat_lambda_spectral_0.1-0_M0,exchange,Transformer,acp,online,0.1,1,24,M0,0.9,0.901716546,-0.001716546,1.000351822597178,0.3188883909553778,0.1632657518038548,0.6805504957884111,0.6909167643393351,forecast_cache_seed2021/long_term_forecast_exchange_cache_Transformer_Exchange_ftMS_sl96_ll48_pl96_dm512_nh8_el2_dl1_df2048_expand2_dc4_fc1_ebtimeF_dtTrue_exchange_0/forecast_full.npz,sensitivity_analysis
exchange_sensitivity_modelTransformer_cpacp_a0.1_cw200_xlag24_seed2_modeonline_ofat_lambda_spectral_0.1-0_M0,exchange,Transformer,acp,online,0.1,2,24,M0,0.9,0.903694133,-0.003694133,1.0014364984821362,0.3207968424358735,0.1664349120938492,0.6805504957884111,0.6909167643393351,forecast_cache_seed2021/long_term_forecast_exchange_cache_Transformer_Exchange_ftMS_sl96_ll48_pl96_dm512_nh8_el2_dl1_df2048_expand2_dc4_fc1_ebtimeF_dtTrue_exchange_0/forecast_full.npz,sensitivity_analysis
exchange_sensitivity_modelTransformer_cpacp_a0.1_cw200_xlag24_seed3_modeonline_ofat_lambda_spectral_0.1-0_M0,exchange,Transformer,acp,online,0.1,3,24,M0,0.9,0.900398154,-0.000398154,0.9982090784671942,0.3177766301325677,0.1613029606376267,0.6805504957884111,0.6909167643393351,forecast_cache_seed2021/long_term_forecast_exchange_cache_Transformer_Exchange_ftMS_sl96_ll48_pl96_dm512_nh8_el2_dl1_df2048_expand2_dc4_fc1_ebtimeF_dtTrue_exchange_0/forecast_full.npz,sensitivity_analysis
exchange_sensitivity_modelTransformer_cpacp_a0.1_cw200_xlag24_seed4_modeonline_ofat_lambda_spectral_0.1-0_M0,exchange,Transformer,acp,online,0.1,4,24,M0,0.9,0.900398154,-0.000398154,1.0009914778489697,0.3174867360789668,0.1610750612975988,0.6805504957884111,0.6909167643393351,forecast_cache_seed2021/long_term_forecast_exchange_cache_Transformer_Exchange_ftMS_sl96_ll48_pl96_dm512_nh8_el2_dl1_df2048_expand2_dc4_fc1_ebtimeF_dtTrue_exchange_0/forecast_full.npz,sensitivity_analysis
exchange_sensitivity_modelTransformer_cpacp_a0.1_cw200_xlag24_seed5_modeonline_ofat_lambda_spectral_0.1-0_M0,exchange,Transformer,acp,online,0.1,5,24,M0,0.9,0.898420567,0.001579433,1.001369801689323,0.3154669220548655,0.1578906196835405,0.6805504957884111,0.6909167643393351,forecast_cache_seed2021/long_term_forecast_exchange_cache_Transformer_Exchange_ftMS_sl96_ll48_pl96_dm512_nh8_el2_dl1_df2048_expand2_dc4_fc1_ebtimeF_dtTrue_exchange_0/forecast_full.npz,sensitivity_analysis
exchange_sensitivity_modelTransformer_cpacp_a0.1_cw200_xlag24_seed1_modeonline_ofat_lambda_spectral_0.3-0_M0,exchange,Transformer,acp,online,0.1,1,24,M0,0.9,0.88853263,0.01146737,0.9994617717582188,0.3061086987924453,0.1431642111433889,0.6805504957884111,0.6909167643393351,forecast_cache_seed2021/long_term_forecast_exchange_cache_Transformer_Exchange_ftMS_sl96_ll48_pl96_dm512_nh8_el2_dl1_df2048_expand2_dc4_fc1_ebtimeF_dtTrue_exchange_0/forecast_full.npz,sensitivity_analysis
exchange_sensitivity_modelTransformer_cpacp_a0.1_cw200_xlag24_seed2_modeonline_ofat_lambda_spectral_0.3-0_M0,exchange,Transformer,acp,online,0.1,2,24,M0,0.9,0.895124588,0.004875412,1.0016597547851802,0.3121913527832938,0.1527489201385089,0.6805504957884111,0.6909167643393351,forecast_cache_seed2021/long_term_forecast_exchange_cache_Transformer_Exchange_ftMS_sl96_ll48_pl96_dm512_nh8_el2_dl1_df2048_expand2_dc4_fc1_ebtimeF_dtTrue_exchange_0/forecast_full.npz,sensitivity_analysis
exchange_sensitivity_modelTransformer_cpacp_a0.1_cw200_xlag24_seed3_modeonline_ofat_lambda_spectral_0.3-0_M0,exchange,Transformer,acp,online,0.1,3,24,M0,0.9,0.89644298,0.00355702,0.9975453596348004,0.3138997142317091,0.1551000130481521,0.6805504957884111,0.6909167643393351,forecast_cache_seed2021/long_term_forecast_exchange_cache_Transformer_Exchange_ftMS_sl96_ll48_pl96_dm512_nh8_el2_dl1_df2048_expand2_dc4_fc1_ebtimeF_dtTrue_exchange_0/forecast_full.npz,sensitivity_analysis
exchange_sensitivity_modelTransformer_cpacp_a0.1_cw200_xlag24_seed4_modeonline_ofat_lambda_spectral_0.3-0_M0,exchange,Transformer,acp,online,0.1,4,24,M0,0.9,0.895124588,0.004875412,1.0003289474713424,0.312325356113049,0.1528521774278522,0.6805504957884111,0.6909167643393351,forecast_cache_seed2021/long_term_forecast_exchange_cache_Transformer_Exchange_ftMS_sl96_ll48_pl96_dm512_nh8_el2_dl1_df2048_expand2_dc4_fc1_ebtimeF_dtTrue_exchange_0/forecast_full.npz,sensitivity_analysis
exchange_sensitivity_modelTransformer_cpacp_a0.1_cw200_xlag24_seed5_modeonline_ofat_lambda_spectral_0.3-0_M0,exchange,Transformer,acp,online,0.1,5,24,M0,0.9,0.893147001,0.006852999,1.0006149443529029,0.3103796631993283,0.1498373176589245,0.6805504957884111,0.6909167643393351,forecast_cache_seed2021/long_term_forecast_exchange_cache_Transformer_Exchange_ftMS_sl96_ll48_pl96_dm512_nh8_el2_dl1_df2048_expand2_dc4_fc1_ebtimeF_dtTrue_exchange_0/forecast_full.npz,sensitivity_analysis
exchange_sensitivity_modelTransformer_cpacp_a0.1_cw200_xlag24_seed1_modeonline_ofat_lambda_spectral_0.5-0_M0,exchange,Transformer,acp,online,0.1,1,24,M0,0.9,0.893147001,0.006852999,1.0034879073222598,0.3100941086400688,0.1496190039075157,0.6805504957884111,0.6909167643393351,forecast_cache_seed2021/long_term_forecast_exchange_cache_Transformer_Exchange_ftMS_sl96_ll48_pl96_dm512_nh8_el2_dl1_df2048_expand2_dc4_fc1_ebtimeF_dtTrue_exchange_0/forecast_full.npz,sensitivity_analysis
exchange_sensitivity_modelTransformer_cpacp_a0.1_cw200_xlag24_seed2_modeonline_ofat_lambda_spectral_0.5-0_M0,exchange,Transformer,acp,online,0.1,2,24,M0,0.9,0.898420567,0.001579433,1.0048748988501537,0.3151071028166317,0.1576101524779119,0.6805504957884111,0.6909167643393351,forecast_cache_seed2021/long_term_forecast_exchange_cache_Transformer_Exchange_ftMS_sl96_ll48_pl96_dm512_nh8_el2_dl1_df2048_expand2_dc4_fc1_ebtimeF_dtTrue_exchange_0/forecast_full.npz,sensitivity_analysis
exchange_sensitivity_modelTransformer_cpacp_a0.1_cw200_xlag24_seed3_modeonline_ofat_lambda_spectral_0.5-0_M0,exchange,Transformer,acp,online,0.1,3,24,M0,0.9,0.892487805,0.007512195,1.0008742383656513,0.309720231487686,0.1488332447188598,0.6805504957884111,0.6909167643393351,forecast_cache_seed2021/long_term_forecast_exchange_cache_Transformer_Exchange_ftMS_sl96_ll48_pl96_dm512_nh8_el2_dl1_df2048_expand2_dc4_fc1_ebtimeF_dtTrue_exchange_0/forecast_full.npz,sensitivity_analysis
exchange_sensitivity_modelTransformer_cpacp_a0.1_cw200_xlag24_seed4_modeonline_ofat_lambda_spectral_0.5-0_M0,exchange,Transformer,acp,online,0.1,4,24,M0,0.9,0.895783784,0.004216216,1.0001335867586294,0.3129894717686444,0.1538783709657529,0.6805504957884111,0.6909167643393351,forecast_cache_seed2021/long_term_forecast_exchange_cache_Transformer_Exchange_ftMS_sl96_ll48_pl96_dm512_nh8_el2_dl1_df2048_expand2_dc4_fc1_ebtimeF_dtTrue_exchange_0/forecast_full.npz,sensitivity_analysis
exchange_sensitivity_modelTransformer_cpacp_a0.1_cw200_xlag24_seed5_modeonline_ofat_lambda_spectral_0.5-0_M0,exchange,Transformer,acp,online,0.1,5,24,M0,0.9,0.895124588,0.004875412,1.004750315758456,0.3118805972713558,0.1525096609733532,0.6805504957884111,0.6909167643393351,forecast_cache_seed2021/long_term_forecast_exchange_cache_Transformer_Exchange_ftMS_sl96_ll48_pl96_dm512_nh8_el2_dl1_df2048_expand2_dc4_fc1_ebtimeF_dtTrue_exchange_0/forecast_full.npz,sensitivity_analysis
exchange_sensitivity_modelTransformer_cpacp_a0.1_cw200_xlag24_seed1_modeonline_ofat_lambda_spectral_0.8-0_M0,exchange,Transformer,acp,online,0.1,1,24,M0,0.9,0.892487805,0.007512195,1.0128889561121672,0.308534573905639,0.1479306787825858,0.6805504957884111,0.6909167643393351,forecast_cache_seed2021/long_term_forecast_exchange_cache_Transformer_Exchange_ftMS_sl96_ll48_pl96_dm512_nh8_el2_dl1_df2048_expand2_dc4_fc1_ebtimeF_dtTrue_exchange_0/forecast_full.npz,sensitivity_analysis
exchange_sensitivity_modelTransformer_cpacp_a0.1_cw200_xlag24_seed2_modeonline_ofat_lambda_spectral_0.8-0_M0,exchange,Transformer,acp,online,0.1,2,24,M0,0.9,0.897761371,0.002238629,1.0126432074908636,0.3136626687599312,0.1559606116768854,0.6805504957884111,0.6909167643393351,forecast_cache_seed2021/long_term_forecast_exchange_cache_Transformer_Exchange_ftMS_sl96_ll48_pl96_dm512_nh8_el2_dl1_df2048_expand2_dc4_fc1_ebtimeF_dtTrue_exchange_0/forecast_full.npz,sensitivity_analysis
exchange_sensitivity_modelTransformer_cpacp_a0.1_cw200_xlag24_seed3_modeonline_ofat_lambda_spectral_0.8-0_M0,exchange,Transformer,acp,online,0.1,3,24,M0,0.9,0.892487805,0.007512195,1.0072905554223064,0.3090859136830693,0.1483498742492292,0.6805504957884111,0.6909167643393351,forecast_cache_seed2021/long_term_forecast_exchange_cache_Transformer_Exchange_ftMS_sl96_ll48_pl96_dm512_nh8_el2_dl1_df2048_expand2_dc4_fc1_ebtimeF_dtTrue_exchange_0/forecast_full.npz,sensitivity_analysis
exchange_sensitivity_modelTransformer_cpacp_a0.1_cw200_xlag24_seed4_modeonline_ofat_lambda_spectral_0.8-0_M0,exchange,Transformer,acp,online,0.1,4,24,M0,0.9,0.902375742,-0.002375742,1.011585409988423,0.3183798473778972,0.1634130932922054,0.6805504957884111,0.6909167643393351,forecast_cache_seed2021/long_term_forecast_exchange_cache_Transformer_Exchange_ftMS_sl96_ll48_pl96_dm512_nh8_el2_dl1_df2048_expand2_dc4_fc1_ebtimeF_dtTrue_exchange_0/forecast_full.npz,sensitivity_analysis
exchange_sensitivity_modelTransformer_cpacp_a0.1_cw200_xlag24_seed5_modeonline_ofat_lambda_spectral_0.8-0_M0,exchange,Transformer,acp,online,0.1,5,24,M0,0.9,0.900398154,-0.000398154,1.017140888638664,0.3158145419703368,0.1597649163130952,0.6805504957884111,0.6909167643393351,forecast_cache_seed2021/long_term_forecast_exchange_cache_Transformer_Exchange_ftMS_sl96_ll48_pl96_dm512_nh8_el2_dl1_df2048_expand2_dc4_fc1_ebtimeF_dtTrue_exchange_0/forecast_full.npz,sensitivity_analysis
exchange_sensitivity_modelTransformer_cpacp_a0.1_cw200_xlag24_seed1_modeonline_ofat_lambda_spectral_1.2-0_M0,exchange,Transformer,acp,online,0.1,1,24,M0,0.9,0.905012525,-0.005012525,1.02841910045285,0.3192931043090535,0.1663647879298121,0.6805504957884111,0.6909167643393351,forecast_cache_seed2021/long_term_forecast_exchange_cache_Transformer_Exchange_ftMS_sl96_ll48_pl96_dm512_nh8_el2_dl1_df2048_expand2_dc4_fc1_ebtimeF_dtTrue_exchange_0/forecast_full.npz,sensitivity_analysis
exchange_sensitivity_modelTransformer_cpacp_a0.1_cw200_xlag24_seed2_modeonline_ofat_lambda_spectral_1.2-0_M0,exchange,Transformer,acp,online,0.1,2,24,M0,0.9,0.912922874,-0.012922874,1.0287130474607091,0.3275339489213343,0.1800328235796855,0.6805504957884111,0.6909167643393351,forecast_cache_seed2021/long_term_forecast_exchange_cache_Transformer_Exchange_ftMS_sl96_ll48_pl96_dm512_nh8_el2_dl1_df2048_expand2_dc4_fc1_ebtimeF_dtTrue_exchange_0/forecast_full.npz,sensitivity_analysis
exchange_sensitivity_modelTransformer_cpacp_a0.1_cw200_xlag24_seed3_modeonline_ofat_lambda_spectral_1.2-0_M0,exchange,Transformer,acp,online,0.1,3,24,M0,0.9,0.905671721,-0.005671721,1.0259515385274718,0.3202276574051711,0.1676722868314184,0.6805504957884111,0.6909167643393351,forecast_cache_seed2021/long_term_forecast_exchange_cache_Transformer_Exchange_ftMS_sl96_ll48_pl96_dm512_nh8_el2_dl1_df2048_expand2_dc4_fc1_ebtimeF_dtTrue_exchange_0/forecast_full.npz,sensitivity_analysis
exchange_sensitivity_modelTransformer_cpacp_a0.1_cw200_xlag24_seed4_modeonline_ofat_lambda_spectral_1.2-0_M0,exchange,Transformer,acp,online,0.1,4,24,M0,0.9,0.905671721,-0.005671721,1.0276084905539309,0.3200522846995889,0.1675330923635382,0.6805504957884111,0.6909167643393351,forecast_cache_seed2021/long_term_forecast_exchange_cache_Transformer_Exchange_ftMS_sl96_ll48_pl96_dm512_nh8_el2_dl1_df2048_expand2_dc4_fc1_ebtimeF_dtTrue_exchange_0/forecast_full.npz,sensitivity_analysis
exchange_sensitivity_modelTransformer_cpacp_a0.1_cw200_xlag24_seed5_modeonline_ofat_lambda_spectral_1.2-0_M0,exchange,Transformer,acp,online,0.1,5,24,M0,0.9,0.909626895,-0.009626895,1.0296721090933385,0.3239318764697615,0.1741120879049853,0.6805504957884111,0.6909167643393351,forecast_cache_seed2021/long_term_forecast_exchange_cache_Transformer_Exchange_ftMS_sl96_ll48_pl96_dm512_nh8_el2_dl1_df2048_expand2_dc4_fc1_ebtimeF_dtTrue_exchange_0/forecast_full.npz,sensitivity_analysis
exchange_sensitivity_modelTransformer_cpacp_a0.1_cw200_xlag24_seed1_modeonline_ofat_lambda_cov_0.5-0_M0,exchange,Transformer,acp,online,0.1,1,24,M0,0.9,0.820635465,0.079364535,0.954487514425145,0.2564536336970466,0.0743022290797028,0.6805504957884111,0.6909167643393351,forecast_cache_seed2021/long_term_forecast_exchange_cache_Transformer_Exchange_ftMS_sl96_ll48_pl96_dm512_nh8_el2_dl1_df2048_expand2_dc4_fc1_ebtimeF_dtTrue_exchange_0/forecast_full.npz,sensitivity_analysis
exchange_sensitivity_modelTransformer_cpacp_a0.1_cw200_xlag24_seed2_modeonline_ofat_lambda_cov_0.5-0_M0,exchange,Transformer,acp,online,0.1,2,24,M0,0.9,0.828545814,0.071454186,0.9559762885789376,0.2616585704885599,0.0803562989122549,0.6805504957884111,0.6909167643393351,forecast_cache_seed2021/long_term_forecast_exchange_cache_Transformer_Exchange_ftMS_sl96_ll48_pl96_dm512_nh8_el2_dl1_df2048_expand2_dc4_fc1_ebtimeF_dtTrue_exchange_0/forecast_full.npz,sensitivity_analysis
exchange_sensitivity_modelTransformer_cpacp_a0.1_cw200_xlag24_seed3_modeonline_ofat_lambda_cov_0.5-0_M0,exchange,Transformer,acp,online,0.1,3,24,M0,0.9,0.822613052,0.077386948,0.9509624235379744,0.2580029866430658,0.0759254390571977,0.6805504957884111,0.6909167643393351,forecast_cache_seed2021/long_term_forecast_exchange_cache_Transformer_Exchange_ftMS_sl96_ll48_pl96_dm512_nh8_el2_dl1_df2048_expand2_dc4_fc1_ebtimeF_dtTrue_exchange_0/forecast_full.npz,sensitivity_analysis
exchange_sensitivity_modelTransformer_cpacp_a0.1_cw200_xlag24_seed4_modeonline_ofat_lambda_cov_0.5-0_M0,exchange,Transformer,acp,online,0.1,4,24,M0,0.9,0.824590639,0.075409361,0.9555941423982208,0.2590048604482557,0.0772554407303554,0.6805504957884111,0.6909167643393351,forecast_cache_seed2021/long_term_forecast_exchange_cache_Transformer_Exchange_ftMS_sl96_ll48_pl96_dm512_nh8_el2_dl1_df2048_expand2_dc4_fc1_ebtimeF_dtTrue_exchange_0/forecast_full.npz,sensitivity_analysis
exchange_sensitivity_modelTransformer_cpacp_a0.1_cw200_xlag24_seed5_modeonline_ofat_lambda_cov_0.5-0_M0,exchange,Transformer,acp,online,0.1,5,24,M0,0.9,0.826568227,0.073431773,0.95552384064436,0.2603432463311521,0.0788013208041441,0.6805504957884111,0.6909167643393351,forecast_cache_seed2021/long_term_forecast_exchange_cache_Transformer_Exchange_ftMS_sl96_ll48_pl96_dm512_nh8_el2_dl1_df2048_expand2_dc4_fc1_ebtimeF_dtTrue_exchange_0/forecast_full.npz,sensitivity_analysis
exchange_sensitivity_modelTransformer_cpacp_a0.1_cw200_xlag24_seed1_modeonline_ofat_lambda_cov_1.0-0_M0,exchange,Transformer,acp,online,0.1,1,24,M0,0.9,0.839752142,0.060247858,0.9651711816182028,0.268874553950111,0.0894577886780725,0.6805504957884111,0.6909167643393351,forecast_cache_seed2021/long_term_forecast_exchange_cache_Transformer_Exchange_ftMS_sl96_ll48_pl96_dm512_nh8_el2_dl1_df2048_expand2_dc4_fc1_ebtimeF_dtTrue_exchange_0/forecast_full.npz,sensitivity_analysis
exchange_sensitivity_modelTransformer_cpacp_a0.1_cw200_xlag24_seed2_modeonline_ofat_lambda_cov_1.0-0_M0,exchange,Transformer,acp,online,0.1,2,24,M0,0.9,0.843707317,0.056292683,0.9649519077883062,0.2717813487190175,0.0930774590528886,0.6805504957884111,0.6909167643393351,forecast_cache_seed2021/long_term_forecast_exchange_cache_Transformer_Exchange_ftMS_sl96_ll48_pl96_dm512_nh8_el2_dl1_df2048_expand2_dc4_fc1_ebtimeF_dtTrue_exchange_0/forecast_full.npz,sensitivity_analysis
exchange_sensitivity_modelTransformer_cpacp_a0.1_cw200_xlag24_seed3_modeonline_ofat_lambda_cov_1.0-0_M0,exchange,Transformer,acp,online,0.1,3,24,M0,0.9,0.837774555,0.062225445,0.9631265074280344,0.2676035725046328,0.0877989075671323,0.6805504957884111,0.6909167643393351,forecast_cache_seed2021/long_term_forecast_exchange_cache_Transformer_Exchange_ftMS_sl96_ll48_pl96_dm512_nh8_el2_dl1_df2048_expand2_dc4_fc1_ebtimeF_dtTrue_exchange_0/forecast_full.npz,sensitivity_analysis
exchange_sensitivity_modelTransformer_cpacp_a0.1_cw200_xlag24_seed4_modeonline_ofat_lambda_cov_1.0-0_M0,exchange,Transformer,acp,online,0.1,4,24,M0,0.9,0.843048121,0.056951879,0.9650079783208038,0.2712910421520659,0.092463232546357,0.6805504957884111,0.6909167643393351,forecast_cache_seed2021/long_term_forecast_exchange_cache_Transformer_Exchange_ftMS_sl96_ll48_pl96_dm512_nh8_el2_dl1_df2048_expand2_dc4_fc1_ebtimeF_dtTrue_exchange_0/forecast_full.npz,sensitivity_analysis
exchange_sensitivity_modelTransformer_cpacp_a0.1_cw200_xlag24_seed5_modeonline_ofat_lambda_cov_1.0-0_M0,exchange,Transformer,acp,online,0.1,5,24,M0,0.9,0.8463441,0.0536559,0.9648264450787029,0.2737527788161827,0.0955705548345775,0.6805504957884111,0.6909167643393351,forecast_cache_seed2021/long_term_forecast_exchange_cache_Transformer_Exchange_ftMS_sl96_ll48_pl96_dm512_nh8_el2_dl1_df2048_expand2_dc4_fc1_ebtimeF_dtTrue_exchange_0/forecast_full.npz,sensitivity_analysis
exchange_sensitivity_modelTransformer_cpacp_a0.1_cw200_xlag24_seed1_modeonline_ofat_lambda_cov_2.5-0_M0,exchange,Transformer,acp,online,0.1,1,24,M0,0.9,0.874030323,0.025969677,0.9884064738385157,0.2940813437435402,0.1245370381090568,0.6805504957884111,0.6909167643393351,forecast_cache_seed2021/long_term_forecast_exchange_cache_Transformer_Exchange_ftMS_sl96_ll48_pl96_dm512_nh8_el2_dl1_df2048_expand2_dc4_fc1_ebtimeF_dtTrue_exchange_0/forecast_full.npz,sensitivity_analysis
exchange_sensitivity_modelTransformer_cpacp_a0.1_cw200_xlag24_seed2_modeonline_ofat_lambda_cov_2.5-0_M0,exchange,Transformer,acp,online,0.1,2,24,M0,0.9,0.881281477,0.018718523,0.9854810202659592,0.3007620939078758,0.1341033647796257,0.6805504957884111,0.6909167643393351,forecast_cache_seed2021/long_term_forecast_exchange_cache_Transformer_Exchange_ftMS_sl96_ll48_pl96_dm512_nh8_el2_dl1_df2048_expand2_dc4_fc1_ebtimeF_dtTrue_exchange_0/forecast_full.npz,sensitivity_analysis
exchange_sensitivity_modelTransformer_cpacp_a0.1_cw200_xlag24_seed3_modeonline_ofat_lambda_cov_2.5-0_M0,exchange,Transformer,acp,online,0.1,3,24,M0,0.9,0.87600791,0.02399209,0.9873771588921062,0.2958946794778508,0.1270912347417299,0.6805504957884111,0.6909167643393351,forecast_cache_seed2021/long_term_forecast_exchange_cache_Transformer_Exchange_ftMS_sl96_ll48_pl96_dm512_nh8_el2_dl1_df2048_expand2_dc4_fc1_ebtimeF_dtTrue_exchange_0/forecast_full.npz,sensitivity_analysis
exchange_sensitivity_modelTransformer_cpacp_a0.1_cw200_xlag24_seed4_modeonline_ofat_lambda_cov_2.5-0_M0,exchange,Transformer,acp,online,0.1,4,24,M0,0.9,0.878644693,0.021355307,0.9839845074650542,0.2985333532331878,0.13071368041837,0.6805504957884111,0.6909167643393351,forecast_cache_seed2021/long_term_forecast_exchange_cache_Transformer_Exchange_ftMS_sl96_ll48_pl96_dm512_nh8_el2_dl1_df2048_expand2_dc4_fc1_ebtimeF_dtTrue_exchange_0/forecast_full.npz,sensitivity_analysis
exchange_sensitivity_modelTransformer_cpacp_a0.1_cw200_xlag24_seed5_modeonline_ofat_lambda_cov_2.5-0_M0,exchange,Transformer,acp,online,0.1,5,24,M0,0.9,0.877326302,0.022673698,0.9881761264809282,0.2969807114101918,0.1287253007229688,0.6805504957884111,0.6909167643393351,forecast_cache_seed2021/long_term_forecast_exchange_cache_Transformer_Exchange_ftMS_sl96_ll48_pl96_dm512_nh8_el2_dl1_df2048_expand2_dc4_fc1_ebtimeF_dtTrue_exchange_0/forecast_full.npz,sensitivity_analysis
exchange_sensitivity_modelTransformer_cpacp_a0.1_cw200_xlag24_seed1_modeonline_ofat_lambda_cov_5.0-0_M0,exchange,Transformer,acp,online,0.1,1,24,M0,0.9,0.893147001,0.006852999,1.0034879073222598,0.3100941086400688,0.1496190039075157,0.6805504957884111,0.6909167643393351,forecast_cache_seed2021/long_term_forecast_exchange_cache_Transformer_Exchange_ftMS_sl96_ll48_pl96_dm512_nh8_el2_dl1_df2048_expand2_dc4_fc1_ebtimeF_dtTrue_exchange_0/forecast_full.npz,sensitivity_analysis
exchange_sensitivity_modelTransformer_cpacp_a0.1_cw200_xlag24_seed2_modeonline_ofat_lambda_cov_5.0-0_M0,exchange,Transformer,acp,online,0.1,2,24,M0,0.9,0.898420567,0.001579433,1.0048748988501537,0.3151071028166317,0.1576101524779119,0.6805504957884111,0.6909167643393351,forecast_cache_seed2021/long_term_forecast_exchange_cache_Transformer_Exchange_ftMS_sl96_ll48_pl96_dm512_nh8_el2_dl1_df2048_expand2_dc4_fc1_ebtimeF_dtTrue_exchange_0/forecast_full.npz,sensitivity_analysis
exchange_sensitivity_modelTransformer_cpacp_a0.1_cw200_xlag24_seed3_modeonline_ofat_lambda_cov_5.0-0_M0,exchange,Transformer,acp,online,0.1,3,24,M0,0.9,0.892487805,0.007512195,1.0008742383656513,0.309720231487686,0.1488332447188598,0.6805504957884111,0.6909167643393351,forecast_cache_seed2021/long_term_forecast_exchange_cache_Transformer_Exchange_ftMS_sl96_ll48_pl96_dm512_nh8_el2_dl1_df2048_expand2_dc4_fc1_ebtimeF_dtTrue_exchange_0/forecast_full.npz,sensitivity_analysis
exchange_sensitivity_modelTransformer_cpacp_a0.1_cw200_xlag24_seed4_modeonline_ofat_lambda_cov_5.0-0_M0,exchange,Transformer,acp,online,0.1,4,24,M0,0.9,0.895783784,0.004216216,1.0001335867586294,0.3129894717686444,0.1538783709657529,0.6805504957884111,0.6909167643393351,forecast_cache_seed2021/long_term_forecast_exchange_cache_Transformer_Exchange_ftMS_sl96_ll48_pl96_dm512_nh8_el2_dl1_df2048_expand2_dc4_fc1_ebtimeF_dtTrue_exchange_0/forecast_full.npz,sensitivity_analysis
exchange_sensitivity_modelTransformer_cpacp_a0.1_cw200_xlag24_seed5_modeonline_ofat_lambda_cov_5.0-0_M0,exchange,Transformer,acp,online,0.1,5,24,M0,0.9,0.895124588,0.004875412,1.004750315758456,0.3118805972713558,0.1525096609733532,0.6805504957884111,0.6909167643393351,forecast_cache_seed2021/long_term_forecast_exchange_cache_Transformer_Exchange_ftMS_sl96_ll48_pl96_dm512_nh8_el2_dl1_df2048_expand2_dc4_fc1_ebtimeF_dtTrue_exchange_0/forecast_full.npz,sensitivity_analysis
exchange_sensitivity_modelTransformer_cpacp_a0.1_cw200_xlag24_seed1_modeonline_ofat_lambda_cov_10.0-0_M0,exchange,Transformer,acp,online,0.1,1,24,M0,0.9,0.908308504,-0.008308504,1.0202431083419825,0.3235706186434654,0.1726464258628104,0.6805504957884111,0.6909167643393351,forecast_cache_seed2021/long_term_forecast_exchange_cache_Transformer_Exchange_ftMS_sl96_ll48_pl96_dm512_nh8_el2_dl1_df2048_expand2_dc4_fc1_ebtimeF_dtTrue_exchange_0/forecast_full.npz,sensitivity_analysis
exchange_sensitivity_modelTransformer_cpacp_a0.1_cw200_xlag24_seed2_modeonline_ofat_lambda_cov_10.0-0_M0,exchange,Transformer,acp,online,0.1,2,24,M0,0.9,0.91358207,-0.01358207,1.0205068836079247,0.3291582680112611,0.1819712574345891,0.6805504957884111,0.6909167643393351,forecast_cache_seed2021/long_term_forecast_exchange_cache_Transformer_Exchange_ftMS_sl96_ll48_pl96_dm512_nh8_el2_dl1_df2048_expand2_dc4_fc1_ebtimeF_dtTrue_exchange_0/forecast_full.npz,sensitivity_analysis
exchange_sensitivity_modelTransformer_cpacp_a0.1_cw200_xlag24_seed3_modeonline_ofat_lambda_cov_10.0-0_M0,exchange,Transformer,acp,online,0.1,3,24,M0,0.9,0.903034937,-0.003034937,1.0175428115537697,0.3184244318182041,0.1640004025554436,0.6805504957884111,0.6909167643393351,forecast_cache_seed2021/long_term_forecast_exchange_cache_Transformer_Exchange_ftMS_sl96_ll48_pl96_dm512_nh8_el2_dl1_df2048_expand2_dc4_fc1_ebtimeF_dtTrue_exchange_0/forecast_full.npz,sensitivity_analysis
exchange_sensitivity_modelTransformer_cpacp_a0.1_cw200_xlag24_seed4_modeonline_ofat_lambda_cov_10.0-0_M0,exchange,Transformer,acp,online,0.1,4,24,M0,0.9,0.907649308,-0.007649308,1.0189570934719132,0.3230204366411336,0.1716230792682584,0.6805504957884111,0.6909167643393351,forecast_cache_seed2021/long_term_forecast_exchange_cache_Transformer_Exchange_ftMS_sl96_ll48_pl96_dm512_nh8_el2_dl1_df2048_expand2_dc4_fc1_ebtimeF_dtTrue_exchange_0/forecast_full.npz,sensitivity_analysis
exchange_sensitivity_modelTransformer_cpacp_a0.1_cw200_xlag24_seed5_modeonline_ofat_lambda_cov_10.0-0_M0,exchange,Transformer,acp,online,0.1,5,24,M0,0.9,0.908308504,-0.008308504,1.019469844701634,0.3236542463671964,0.1727135858225504,0.6805504957884111,0.6909167643393351,forecast_cache_seed2021/long_term_forecast_exchange_cache_Transformer_Exchange_ftMS_sl96_ll48_pl96_dm512_nh8_el2_dl1_df2048_expand2_dc4_fc1_ebtimeF_dtTrue_exchange_0/forecast_full.npz,sensitivity_analysis
exchange_sensitivity_modelTransformer_cpacp_a0.1_cw200_xlag24_seed1_modeonline_ofat_lambda_cov_20.0-0_M0,exchange,Transformer,acp,online,0.1,1,24,M0,0.9,0.920833223,-0.020833223,1.033963236044471,0.3356338822741426,0.1943415469514319,0.6805504957884111,0.6909167643393351,forecast_cache_seed2021/long_term_forecast_exchange_cache_Transformer_Exchange_ftMS_sl96_ll48_pl96_dm512_nh8_el2_dl1_df2048_expand2_dc4_fc1_ebtimeF_dtTrue_exchange_0/forecast_full.npz,sensitivity_analysis
exchange_sensitivity_modelTransformer_cpacp_a0.1_cw200_xlag24_seed2_modeonline_ofat_lambda_cov_20.0-0_M0,exchange,Transformer,acp,online,0.1,2,24,M0,0.9,0.928743573,-0.028743573,1.0341067014028873,0.3447703257355182,0.2103239599651974,0.6805504957884111,0.6909167643393351,forecast_cache_seed2021/long_term_forecast_exchange_cache_Transformer_Exchange_ftMS_sl96_ll48_pl96_dm512_nh8_el2_dl1_df2048_expand2_dc4_fc1_ebtimeF_dtTrue_exchange_0/forecast_full.npz,sensitivity_analysis
exchange_sensitivity_modelTransformer_cpacp_a0.1_cw200_xlag24_seed3_modeonline_ofat_lambda_cov_20.0-0_M0,exchange,Transformer,acp,online,0.1,3,24,M0,0.9,0.920833223,-0.020833223,1.032524123948435,0.33580138242296,0.194481326220032,0.6805504957884111,0.6909167643393351,forecast_cache_seed2021/long_term_forecast_exchange_cache_Transformer_Exchange_ftMS_sl96_ll48_pl96_dm512_nh8_el2_dl1_df2048_expand2_dc4_fc1_ebtimeF_dtTrue_exchange_0/forecast_full.npz,sensitivity_analysis
exchange_sensitivity_modelTransformer_cpacp_a0.1_cw200_xlag24_seed4_modeonline_ofat_lambda_cov_20.0-0_M0,exchange,Transformer,acp,online,0.1,4,24,M0,0.9,0.922151615,-0.022151615,1.0323715618889608,0.337312570619044,0.1970773548597096,0.6805504957884111,0.6909167643393351,forecast_cache_seed2021/long_term_forecast_exchange_cache_Transformer_Exchange_ftMS_sl96_ll48_pl96_dm512_nh8_el2_dl1_df2048_expand2_dc4_fc1_ebtimeF_dtTrue_exchange_0/forecast_full.npz,sensitivity_analysis
exchange_sensitivity_modelTransformer_cpacp_a0.1_cw200_xlag24_seed5_modeonline_ofat_lambda_cov_20.0-0_M0,exchange,Transformer,acp,online,0.1,5,24,M0,0.9,0.92610679,-0.02610679,1.0338578704255286,0.3416943077110877,0.2048761086710708,0.6805504957884111,0.6909167643393351,forecast_cache_seed2021/long_term_forecast_exchange_cache_Transformer_Exchange_ftMS_sl96_ll48_pl96_dm512_nh8_el2_dl1_df2048_expand2_dc4_fc1_ebtimeF_dtTrue_exchange_0/forecast_full.npz,sensitivity_analysis
exchange_sensitivity_modelTransformer_cpacp_a0.1_cw200_xlag24_seed1_modeonline_ofat_cem_lr_0.1-0_M0,exchange,Transformer,acp,online,0.1,1,24,M0,0.9,0.891828609,0.008171391,1.0041250508134214,0.3087687838449905,0.147611688907814,0.6805504957884111,0.6909167643393351,forecast_cache_seed2021/long_term_forecast_exchange_cache_Transformer_Exchange_ftMS_sl96_ll48_pl96_dm512_nh8_el2_dl1_df2048_expand2_dc4_fc1_ebtimeF_dtTrue_exchange_0/forecast_full.npz,sensitivity_analysis
exchange_sensitivity_modelTransformer_cpacp_a0.1_cw200_xlag24_seed2_modeonline_ofat_cem_lr_0.1-0_M0,exchange,Transformer,acp,online,0.1,2,24,M0,0.9,0.899738958,0.000261042,1.0031089103783,0.3166043295124411,0.159844887431789,0.6805504957884111,0.6909167643393351,forecast_cache_seed2021/long_term_forecast_exchange_cache_Transformer_Exchange_ftMS_sl96_ll48_pl96_dm512_nh8_el2_dl1_df2048_expand2_dc4_fc1_ebtimeF_dtTrue_exchange_0/forecast_full.npz,sensitivity_analysis
exchange_sensitivity_modelTransformer_cpacp_a0.1_cw200_xlag24_seed3_modeonline_ofat_cem_lr_0.1-0_M0,exchange,Transformer,acp,online,0.1,3,24,M0,0.9,0.891828609,0.008171391,1.0002323083091158,0.3091525212678889,0.1479035828877549,0.6805504957884111,0.6909167643393351,forecast_cache_seed2021/long_term_forecast_exchange_cache_Transformer_Exchange_ftMS_sl96_ll48_pl96_dm512_nh8_el2_dl1_df2048_expand2_dc4_fc1_ebtimeF_dtTrue_exchange_0/forecast_full.npz,sensitivity_analysis
exchange_sensitivity_modelTransformer_cpacp_a0.1_cw200_xlag24_seed4_modeonline_ofat_cem_lr_0.1-0_M0,exchange,Transformer,acp,online,0.1,4,24,M0,0.9,0.895124588,0.004875412,1.000597544481126,0.3122983009387404,0.1528313257529006,0.6805504957884111,0.6909167643393351,forecast_cache_seed2021/long_term_forecast_exchange_cache_Transformer_Exchange_ftMS_sl96_ll48_pl96_dm512_nh8_el2_dl1_df2048_expand2_dc4_fc1_ebtimeF_dtTrue_exchange_0/forecast_full.npz,sensitivity_analysis
exchange_sensitivity_modelTransformer_cpacp_a0.1_cw200_xlag24_seed5_modeonline_ofat_cem_lr_0.1-0_M0,exchange,Transformer,acp,online,0.1,5,24,M0,0.9,0.893806196,0.006193804,1.0036944505467658,0.3107086858740058,0.1505927698324075,0.6805504957884111,0.6909167643393351,forecast_cache_seed2021/long_term_forecast_exchange_cache_Transformer_Exchange_ftMS_sl96_ll48_pl96_dm512_nh8_el2_dl1_df2048_expand2_dc4_fc1_ebtimeF_dtTrue_exchange_0/forecast_full.npz,sensitivity_analysis
exchange_sensitivity_modelTransformer_cpacp_a0.1_cw200_xlag24_seed1_modeonline_ofat_cem_lr_0.2-0_M0,exchange,Transformer,acp,online,0.1,1,24,M0,0.9,0.893806196,0.006193804,1.0045312741325083,0.3106252800453512,0.1505288935889677,0.6805504957884111,0.6909167643393351,forecast_cache_seed2021/long_term_forecast_exchange_cache_Transformer_Exchange_ftMS_sl96_ll48_pl96_dm512_nh8_el2_dl1_df2048_expand2_dc4_fc1_ebtimeF_dtTrue_exchange_0/forecast_full.npz,sensitivity_analysis
exchange_sensitivity_modelTransformer_cpacp_a0.1_cw200_xlag24_seed2_modeonline_ofat_cem_lr_0.2-0_M0,exchange,Transformer,acp,online,0.1,2,24,M0,0.9,0.899079763,0.000920237,1.0012015721856542,0.3161416792579801,0.1589484415336207,0.6805504957884111,0.6909167643393351,forecast_cache_seed2021/long_term_forecast_exchange_cache_Transformer_Exchange_ftMS_sl96_ll48_pl96_dm512_nh8_el2_dl1_df2048_expand2_dc4_fc1_ebtimeF_dtTrue_exchange_0/forecast_full.npz,sensitivity_analysis
exchange_sensitivity_modelTransformer_cpacp_a0.1_cw200_xlag24_seed3_modeonline_ofat_cem_lr_0.2-0_M0,exchange,Transformer,acp,online,0.1,3,24,M0,0.9,0.892487805,0.007512195,0.9996678043979846,0.3098397905828581,0.1489244829324643,0.6805504957884111,0.6909167643393351,forecast_cache_seed2021/long_term_forecast_exchange_cache_Transformer_Exchange_ftMS_sl96_ll48_pl96_dm512_nh8_el2_dl1_df2048_expand2_dc4_fc1_ebtimeF_dtTrue_exchange_0/forecast_full.npz,sensitivity_analysis
exchange_sensitivity_modelTransformer_cpacp_a0.1_cw200_xlag24_seed4_modeonline_ofat_cem_lr_0.2-0_M0,exchange,Transformer,acp,online,0.1,4,24,M0,0.9,0.895124588,0.004875412,1.000366283239416,0.3123215950843664,0.1528492786437165,0.6805504957884111,0.6909167643393351,forecast_cache_seed2021/long_term_forecast_exchange_cache_Transformer_Exchange_ftMS_sl96_ll48_pl96_dm512_nh8_el2_dl1_df2048_expand2_dc4_fc1_ebtimeF_dtTrue_exchange_0/forecast_full.npz,sensitivity_analysis
exchange_sensitivity_modelTransformer_cpacp_a0.1_cw200_xlag24_seed5_modeonline_ofat_cem_lr_0.2-0_M0,exchange,Transformer,acp,online,0.1,5,24,M0,0.9,0.893806196,0.006193804,1.0036883680671291,0.3107092922759668,0.1505932343174253,0.6805504957884111,0.6909167643393351,forecast_cache_seed2021/long_term_forecast_exchange_cache_Transformer_Exchange_ftMS_sl96_ll48_pl96_dm512_nh8_el2_dl1_df2048_expand2_dc4_fc1_ebtimeF_dtTrue_exchange_0/forecast_full.npz,sensitivity_analysis
exchange_sensitivity_modelTransformer_cpacp_a0.1_cw200_xlag24_seed1_modeonline_ofat_cem_lr_0.3-0_M0,exchange,Transformer,acp,online,0.1,1,24,M0,0.9,0.893147001,0.006852999,1.0034879073222598,0.3100941086400688,0.1496190039075157,0.6805504957884111,0.6909167643393351,forecast_cache_seed2021/long_term_forecast_exchange_cache_Transformer_Exchange_ftMS_sl96_ll48_pl96_dm512_nh8_el2_dl1_df2048_expand2_dc4_fc1_ebtimeF_dtTrue_exchange_0/forecast_full.npz,sensitivity_analysis
exchange_sensitivity_modelTransformer_cpacp_a0.1_cw200_xlag24_seed2_modeonline_ofat_cem_lr_0.3-0_M0,exchange,Transformer,acp,online,0.1,2,24,M0,0.9,0.898420567,0.001579433,1.0048748988501537,0.3151071028166317,0.1576101524779119,0.6805504957884111,0.6909167643393351,forecast_cache_seed2021/long_term_forecast_exchange_cache_Transformer_Exchange_ftMS_sl96_ll48_pl96_dm512_nh8_el2_dl1_df2048_expand2_dc4_fc1_ebtimeF_dtTrue_exchange_0/forecast_full.npz,sensitivity_analysis
exchange_sensitivity_modelTransformer_cpacp_a0.1_cw200_xlag24_seed3_modeonline_ofat_cem_lr_0.3-0_M0,exchange,Transformer,acp,online,0.1,3,24,M0,0.9,0.892487805,0.007512195,1.0008742383656513,0.309720231487686,0.1488332447188598,0.6805504957884111,0.6909167643393351,forecast_cache_seed2021/long_term_forecast_exchange_cache_Transformer_Exchange_ftMS_sl96_ll48_pl96_dm512_nh8_el2_dl1_df2048_expand2_dc4_fc1_ebtimeF_dtTrue_exchange_0/forecast_full.npz,sensitivity_analysis
exchange_sensitivity_modelTransformer_cpacp_a0.1_cw200_xlag24_seed4_modeonline_ofat_cem_lr_0.3-0_M0,exchange,Transformer,acp,online,0.1,4,24,M0,0.9,0.895783784,0.004216216,1.0001335867586294,0.3129894717686444,0.1538783709657529,0.6805504957884111,0.6909167643393351,forecast_cache_seed2021/long_term_forecast_exchange_cache_Transformer_Exchange_ftMS_sl96_ll48_pl96_dm512_nh8_el2_dl1_df2048_expand2_dc4_fc1_ebtimeF_dtTrue_exchange_0/forecast_full.npz,sensitivity_analysis
exchange_sensitivity_modelTransformer_cpacp_a0.1_cw200_xlag24_seed5_modeonline_ofat_cem_lr_0.3-0_M0,exchange,Transformer,acp,online,0.1,5,24,M0,0.9,0.895124588,0.004875412,1.004750315758456,0.3118805972713558,0.1525096609733532,0.6805504957884111,0.6909167643393351,forecast_cache_seed2021/long_term_forecast_exchange_cache_Transformer_Exchange_ftMS_sl96_ll48_pl96_dm512_nh8_el2_dl1_df2048_expand2_dc4_fc1_ebtimeF_dtTrue_exchange_0/forecast_full.npz,sensitivity_analysis
exchange_sensitivity_modelTransformer_cpacp_a0.1_cw200_xlag24_seed1_modeonline_ofat_cem_lr_0.5-0_M0,exchange,Transformer,acp,online,0.1,1,24,M0,0.9,0.891828609,0.008171391,1.0032286038360712,0.3088570690312837,0.147678806063897,0.6805504957884111,0.6909167643393351,forecast_cache_seed2021/long_term_forecast_exchange_cache_Transformer_Exchange_ftMS_sl96_ll48_pl96_dm512_nh8_el2_dl1_df2048_expand2_dc4_fc1_ebtimeF_dtTrue_exchange_0/forecast_full.npz,sensitivity_analysis
exchange_sensitivity_modelTransformer_cpacp_a0.1_cw200_xlag24_seed2_modeonline_ofat_cem_lr_0.5-0_M0,exchange,Transformer,acp,online,0.1,2,24,M0,0.9,0.897761371,0.002238629,1.0028690836270018,0.3146588835074417,0.1567339333104831,0.6805504957884111,0.6909167643393351,forecast_cache_seed2021/long_term_forecast_exchange_cache_Transformer_Exchange_ftMS_sl96_ll48_pl96_dm512_nh8_el2_dl1_df2048_expand2_dc4_fc1_ebtimeF_dtTrue_exchange_0/forecast_full.npz,sensitivity_analysis
exchange_sensitivity_modelTransformer_cpacp_a0.1_cw200_xlag24_seed3_modeonline_ofat_cem_lr_0.5-0_M0,exchange,Transformer,acp,online,0.1,3,24,M0,0.9,0.891169413,0.008830587,1.0003239868386409,0.3085147627268491,0.1469249726987631,0.6805504957884111,0.6909167643393351,forecast_cache_seed2021/long_term_forecast_exchange_cache_Transformer_Exchange_ftMS_sl96_ll48_pl96_dm512_nh8_el2_dl1_df2048_expand2_dc4_fc1_ebtimeF_dtTrue_exchange_0/forecast_full.npz,sensitivity_analysis
exchange_sensitivity_modelTransformer_cpacp_a0.1_cw200_xlag24_seed4_modeonline_ofat_cem_lr_0.5-0_M0,exchange,Transformer,acp,online,0.1,4,24,M0,0.9,0.895124588,0.004875412,1.002311067705502,0.3121258118614282,0.1526984356230288,0.6805504957884111,0.6909167643393351,forecast_cache_seed2021/long_term_forecast_exchange_cache_Transformer_Exchange_ftMS_sl96_ll48_pl96_dm512_nh8_el2_dl1_df2048_expand2_dc4_fc1_ebtimeF_dtTrue_exchange_0/forecast_full.npz,sensitivity_analysis
exchange_sensitivity_modelTransformer_cpacp_a0.1_cw200_xlag24_seed5_modeonline_ofat_cem_lr_0.5-0_M0,exchange,Transformer,acp,online,0.1,5,24,M0,0.9,0.895124588,0.004875412,1.0047043846638837,0.3118852111081902,0.1525132112923718,0.6805504957884111,0.6909167643393351,forecast_cache_seed2021/long_term_forecast_exchange_cache_Transformer_Exchange_ftMS_sl96_ll48_pl96_dm512_nh8_el2_dl1_df2048_expand2_dc4_fc1_ebtimeF_dtTrue_exchange_0/forecast_full.npz,sensitivity_analysis
exchange_sensitivity_modelTransformer_cpacp_a0.1_cw200_xlag24_seed1_modeonline_ofat_cem_lr_0.7-0_M0,exchange,Transformer,acp,online,0.1,1,24,M0,0.9,0.892487805,0.007512195,1.0021548339044308,0.3095934237997059,0.148736520169021,0.6805504957884111,0.6909167643393351,forecast_cache_seed2021/long_term_forecast_exchange_cache_Transformer_Exchange_ftMS_sl96_ll48_pl96_dm512_nh8_el2_dl1_df2048_expand2_dc4_fc1_ebtimeF_dtTrue_exchange_0/forecast_full.npz,sensitivity_analysis
exchange_sensitivity_modelTransformer_cpacp_a0.1_cw200_xlag24_seed2_modeonline_ofat_cem_lr_0.7-0_M0,exchange,Transformer,acp,online,0.1,2,24,M0,0.9,0.893147001,0.006852999,1.0018598636374234,0.3102558614604656,0.1497426392430319,0.6805504957884111,0.6909167643393351,forecast_cache_seed2021/long_term_forecast_exchange_cache_Transformer_Exchange_ftMS_sl96_ll48_pl96_dm512_nh8_el2_dl1_df2048_expand2_dc4_fc1_ebtimeF_dtTrue_exchange_0/forecast_full.npz,sensitivity_analysis
exchange_sensitivity_modelTransformer_cpacp_a0.1_cw200_xlag24_seed3_modeonline_ofat_cem_lr_0.7-0_M0,exchange,Transformer,acp,online,0.1,3,24,M0,0.9,0.889191826,0.010808174,0.9999952107617534,0.3066758118137657,0.1440720053705323,0.6805504957884111,0.6909167643393351,forecast_cache_seed2021/long_term_forecast_exchange_cache_Transformer_Exchange_ftMS_sl96_ll48_pl96_dm512_nh8_el2_dl1_df2048_expand2_dc4_fc1_ebtimeF_dtTrue_exchange_0/forecast_full.npz,sensitivity_analysis
exchange_sensitivity_modelTransformer_cpacp_a0.1_cw200_xlag24_seed4_modeonline_ofat_cem_lr_0.7-0_M0,exchange,Transformer,acp,online,0.1,4,24,M0,0.9,0.893806196,0.006193804,1.0017675036220868,0.3109009142263791,0.1507400634850878,0.6805504957884111,0.6909167643393351,forecast_cache_seed2021/long_term_forecast_exchange_cache_Transformer_Exchange_ftMS_sl96_ll48_pl96_dm512_nh8_el2_dl1_df2048_expand2_dc4_fc1_ebtimeF_dtTrue_exchange_0/forecast_full.npz,sensitivity_analysis
exchange_sensitivity_modelTransformer_cpacp_a0.1_cw200_xlag24_seed5_modeonline_ofat_cem_lr_0.7-0_M0,exchange,Transformer,acp,online,0.1,5,24,M0,0.9,0.892487805,0.007512195,1.0022826884627638,0.3095807690308888,0.1487268700996024,0.6805504957884111,0.6909167643393351,forecast_cache_seed2021/long_term_forecast_exchange_cache_Transformer_Exchange_ftMS_sl96_ll48_pl96_dm512_nh8_el2_dl1_df2048_expand2_dc4_fc1_ebtimeF_dtTrue_exchange_0/forecast_full.npz,sensitivity_analysis
exchange_sensitivity_modelTransformer_cpacp_a0.1_cw200_xlag24_seed1_modeonline_ofat_cem_lr_0.9-0_M0,exchange,Transformer,acp,online,0.1,1,24,M0,0.9,0.872711931,0.027288069,0.9985807860836664,0.292046641204465,0.1222701712059424,0.6805504957884111,0.6909167643393351,forecast_cache_seed2021/long_term_forecast_exchange_cache_Transformer_Exchange_ftMS_sl96_ll48_pl96_dm512_nh8_el2_dl1_df2048_expand2_dc4_fc1_ebtimeF_dtTrue_exchange_0/forecast_full.npz,sensitivity_analysis
exchange_sensitivity_modelTransformer_cpacp_a0.1_cw200_xlag24_seed2_modeonline_ofat_cem_lr_0.9-0_M0,exchange,Transformer,acp,online,0.1,2,24,M0,0.9,0.881940672,0.018059328,0.9981145016269016,0.300179357649146,0.1341230436807942,0.6805504957884111,0.6909167643393351,forecast_cache_seed2021/long_term_forecast_exchange_cache_Transformer_Exchange_ftMS_sl96_ll48_pl96_dm512_nh8_el2_dl1_df2048_expand2_dc4_fc1_ebtimeF_dtTrue_exchange_0/forecast_full.npz,sensitivity_analysis
exchange_sensitivity_modelTransformer_cpacp_a0.1_cw200_xlag24_seed3_modeonline_ofat_cem_lr_0.9-0_M0,exchange,Transformer,acp,online,0.1,3,24,M0,0.9,0.868756757,0.031243243,0.9966887424843268,0.2888747035251653,0.1176417232904498,0.6805504957884111,0.6909167643393351,forecast_cache_seed2021/long_term_forecast_exchange_cache_Transformer_Exchange_ftMS_sl96_ll48_pl96_dm512_nh8_el2_dl1_df2048_expand2_dc4_fc1_ebtimeF_dtTrue_exchange_0/forecast_full.npz,sensitivity_analysis
exchange_sensitivity_modelTransformer_cpacp_a0.1_cw200_xlag24_seed4_modeonline_ofat_cem_lr_0.9-0_M0,exchange,Transformer,acp,online,0.1,4,24,M0,0.9,0.87600791,0.02399209,0.9976689708534948,0.2949670494460295,0.1264259278378622,0.6805504957884111,0.6909167643393351,forecast_cache_seed2021/long_term_forecast_exchange_cache_Transformer_Exchange_ftMS_sl96_ll48_pl96_dm512_nh8_el2_dl1_df2048_expand2_dc4_fc1_ebtimeF_dtTrue_exchange_0/forecast_full.npz,sensitivity_analysis
exchange_sensitivity_modelTransformer_cpacp_a0.1_cw200_xlag24_seed5_modeonline_ofat_cem_lr_0.9-0_M0,exchange,Transformer,acp,online,0.1,5,24,M0,0.9,0.87600791,0.02399209,0.9991329699707724,0.2948355673890857,0.1263318541275045,0.6805504957884111,0.6909167643393351,forecast_cache_seed2021/long_term_forecast_exchange_cache_Transformer_Exchange_ftMS_sl96_ll48_pl96_dm512_nh8_el2_dl1_df2048_expand2_dc4_fc1_ebtimeF_dtTrue_exchange_0/forecast_full.npz,sensitivity_analysis
exchange_sensitivity_modelTransformer_cpacp_a0.1_cw200_xlag24_seed1_modeonline_ofat_cem_pop_8-0_M0,exchange,Transformer,acp,online,0.1,1,24,M0,0.9,0.88853263,0.01146737,1.0019316536263756,0.3058698841949807,0.1429847441361587,0.6805504957884111,0.6909167643393351,forecast_cache_seed2021/long_term_forecast_exchange_cache_Transformer_Exchange_ftMS_sl96_ll48_pl96_dm512_nh8_el2_dl1_df2048_expand2_dc4_fc1_ebtimeF_dtTrue_exchange_0/forecast_full.npz,sensitivity_analysis
exchange_sensitivity_modelTransformer_cpacp_a0.1_cw200_xlag24_seed2_modeonline_ofat_cem_pop_8-0_M0,exchange,Transformer,acp,online,0.1,2,24,M0,0.9,0.899738958,0.000261042,1.0038780227508692,0.3165247343638501,0.159782552181447,0.6805504957884111,0.6909167643393351,forecast_cache_seed2021/long_term_forecast_exchange_cache_Transformer_Exchange_ftMS_sl96_ll48_pl96_dm512_nh8_el2_dl1_df2048_expand2_dc4_fc1_ebtimeF_dtTrue_exchange_0/forecast_full.npz,sensitivity_analysis
exchange_sensitivity_modelTransformer_cpacp_a0.1_cw200_xlag24_seed3_modeonline_ofat_cem_pop_8-0_M0,exchange,Transformer,acp,online,0.1,3,24,M0,0.9,0.895124588,0.004875412,1.0018954657918349,0.3121676302591488,0.1527306458716694,0.6805504957884111,0.6909167643393351,forecast_cache_seed2021/long_term_forecast_exchange_cache_Transformer_Exchange_ftMS_sl96_ll48_pl96_dm512_nh8_el2_dl1_df2048_expand2_dc4_fc1_ebtimeF_dtTrue_exchange_0/forecast_full.npz,sensitivity_analysis
exchange_sensitivity_modelTransformer_cpacp_a0.1_cw200_xlag24_seed4_modeonline_ofat_cem_pop_8-0_M0,exchange,Transformer,acp,online,0.1,4,24,M0,0.9,0.894465392,0.005534608,1.0026749482288035,0.3114484705721879,0.1516671590402319,0.6805504957884111,0.6909167643393351,forecast_cache_seed2021/long_term_forecast_exchange_cache_Transformer_Exchange_ftMS_sl96_ll48_pl96_dm512_nh8_el2_dl1_df2048_expand2_dc4_fc1_ebtimeF_dtTrue_exchange_0/forecast_full.npz,sensitivity_analysis
exchange_sensitivity_modelTransformer_cpacp_a0.1_cw200_xlag24_seed5_modeonline_ofat_cem_pop_8-0_M0,exchange,Transformer,acp,online,0.1,5,24,M0,0.9,0.895783784,0.004216216,1.0000243602241856,0.313000522098529,0.1538869098342438,0.6805504957884111,0.6909167643393351,forecast_cache_seed2021/long_term_forecast_exchange_cache_Transformer_Exchange_ftMS_sl96_ll48_pl96_dm512_nh8_el2_dl1_df2048_expand2_dc4_fc1_ebtimeF_dtTrue_exchange_0/forecast_full.npz,sensitivity_analysis
exchange_sensitivity_modelTransformer_cpacp_a0.1_cw200_xlag24_seed1_modeonline_ofat_cem_pop_16-0_M0,exchange,Transformer,acp,online,0.1,1,24,M0,0.9,0.893147001,0.006852999,1.0034879073222598,0.3100941086400688,0.1496190039075157,0.6805504957884111,0.6909167643393351,forecast_cache_seed2021/long_term_forecast_exchange_cache_Transformer_Exchange_ftMS_sl96_ll48_pl96_dm512_nh8_el2_dl1_df2048_expand2_dc4_fc1_ebtimeF_dtTrue_exchange_0/forecast_full.npz,sensitivity_analysis
exchange_sensitivity_modelTransformer_cpacp_a0.1_cw200_xlag24_seed2_modeonline_ofat_cem_pop_16-0_M0,exchange,Transformer,acp,online,0.1,2,24,M0,0.9,0.898420567,0.001579433,1.0048748988501537,0.3151071028166317,0.1576101524779119,0.6805504957884111,0.6909167643393351,forecast_cache_seed2021/long_term_forecast_exchange_cache_Transformer_Exchange_ftMS_sl96_ll48_pl96_dm512_nh8_el2_dl1_df2048_expand2_dc4_fc1_ebtimeF_dtTrue_exchange_0/forecast_full.npz,sensitivity_analysis
exchange_sensitivity_modelTransformer_cpacp_a0.1_cw200_xlag24_seed3_modeonline_ofat_cem_pop_16-0_M0,exchange,Transformer,acp,online,0.1,3,24,M0,0.9,0.892487805,0.007512195,1.0008742383656513,0.309720231487686,0.1488332447188598,0.6805504957884111,0.6909167643393351,forecast_cache_seed2021/long_term_forecast_exchange_cache_Transformer_Exchange_ftMS_sl96_ll48_pl96_dm512_nh8_el2_dl1_df2048_expand2_dc4_fc1_ebtimeF_dtTrue_exchange_0/forecast_full.npz,sensitivity_analysis
exchange_sensitivity_modelTransformer_cpacp_a0.1_cw200_xlag24_seed4_modeonline_ofat_cem_pop_16-0_M0,exchange,Transformer,acp,online,0.1,4,24,M0,0.9,0.895783784,0.004216216,1.0001335867586294,0.3129894717686444,0.1538783709657529,0.6805504957884111,0.6909167643393351,forecast_cache_seed2021/long_term_forecast_exchange_cache_Transformer_Exchange_ftMS_sl96_ll48_pl96_dm512_nh8_el2_dl1_df2048_expand2_dc4_fc1_ebtimeF_dtTrue_exchange_0/forecast_full.npz,sensitivity_analysis
exchange_sensitivity_modelTransformer_cpacp_a0.1_cw200_xlag24_seed5_modeonline_ofat_cem_pop_16-0_M0,exchange,Transformer,acp,online,0.1,5,24,M0,0.9,0.895124588,0.004875412,1.004750315758456,0.3118805972713558,0.1525096609733532,0.6805504957884111,0.6909167643393351,forecast_cache_seed2021/long_term_forecast_exchange_cache_Transformer_Exchange_ftMS_sl96_ll48_pl96_dm512_nh8_el2_dl1_df2048_expand2_dc4_fc1_ebtimeF_dtTrue_exchange_0/forecast_full.npz,sensitivity_analysis
exchange_sensitivity_modelTransformer_cpacp_a0.1_cw200_xlag24_seed1_modeonline_ofat_cem_pop_24-0_M0,exchange,Transformer,acp,online,0.1,1,24,M0,0.9,0.893806196,0.006193804,1.0042912020097876,0.3106492033445524,0.1505472131805377,0.6805504957884111,0.6909167643393351,forecast_cache_seed2021/long_term_forecast_exchange_cache_Transformer_Exchange_ftMS_sl96_ll48_pl96_dm512_nh8_el2_dl1_df2048_expand2_dc4_fc1_ebtimeF_dtTrue_exchange_0/forecast_full.npz,sensitivity_analysis
exchange_sensitivity_modelTransformer_cpacp_a0.1_cw200_xlag24_seed2_modeonline_ofat_cem_pop_24-0_M0,exchange,Transformer,acp,online,0.1,2,24,M0,0.9,0.891828609,0.008171391,1.0038173221962303,0.3087990843295659,0.1476347217303498,0.6805504957884111,0.6909167643393351,forecast_cache_seed2021/long_term_forecast_exchange_cache_Transformer_Exchange_ftMS_sl96_ll48_pl96_dm512_nh8_el2_dl1_df2048_expand2_dc4_fc1_ebtimeF_dtTrue_exchange_0/forecast_full.npz,sensitivity_analysis
exchange_sensitivity_modelTransformer_cpacp_a0.1_cw200_xlag24_seed3_modeonline_ofat_cem_pop_24-0_M0,exchange,Transformer,acp,online,0.1,3,24,M0,0.9,0.892487805,0.007512195,1.0022159966659012,0.3095873699122266,0.1487319036353801,0.6805504957884111,0.6909167643393351,forecast_cache_seed2021/long_term_forecast_exchange_cache_Transformer_Exchange_ftMS_sl96_ll48_pl96_dm512_nh8_el2_dl1_df2048_expand2_dc4_fc1_ebtimeF_dtTrue_exchange_0/forecast_full.npz,sensitivity_analysis
exchange_sensitivity_modelTransformer_cpacp_a0.1_cw200_xlag24_seed4_modeonline_ofat_cem_pop_24-0_M0,exchange,Transformer,acp,online,0.1,4,24,M0,0.9,0.894465392,0.005534608,1.0046891507725375,0.3112468352635104,0.1515123268442943,0.6805504957884111,0.6909167643393351,forecast_cache_seed2021/long_term_forecast_exchange_cache_Transformer_Exchange_ftMS_sl96_ll48_pl96_dm512_nh8_el2_dl1_df2048_expand2_dc4_fc1_ebtimeF_dtTrue_exchange_0/forecast_full.npz,sensitivity_analysis
exchange_sensitivity_modelTransformer_cpacp_a0.1_cw200_xlag24_seed5_modeonline_ofat_cem_pop_24-0_M0,exchange,Transformer,acp,online,0.1,5,24,M0,0.9,0.90105735,-0.00105735,0.9999160786785464,0.3182650364253701,0.1622289575845134,0.6805504957884111,0.6909167643393351,forecast_cache_seed2021/long_term_forecast_exchange_cache_Transformer_Exchange_ftMS_sl96_ll48_pl96_dm512_nh8_el2_dl1_df2048_expand2_dc4_fc1_ebtimeF_dtTrue_exchange_0/forecast_full.npz,sensitivity_analysis
exchange_sensitivity_modelTransformer_cpacp_a0.1_cw200_xlag24_seed1_modeonline_ofat_cem_pop_32-0_M0,exchange,Transformer,acp,online,0.1,1,24,M0,0.9,0.895124588,0.004875412,1.0036457383576836,0.311991591321126,0.1525950869244254,0.6805504957884111,0.6909167643393351,forecast_cache_seed2021/long_term_forecast_exchange_cache_Transformer_Exchange_ftMS_sl96_ll48_pl96_dm512_nh8_el2_dl1_df2048_expand2_dc4_fc1_ebtimeF_dtTrue_exchange_0/forecast_full.npz,sensitivity_analysis
exchange_sensitivity_modelTransformer_cpacp_a0.1_cw200_xlag24_seed2_modeonline_ofat_cem_pop_32-0_M0,exchange,Transformer,acp,online,0.1,2,24,M0,0.9,0.897102175,0.002897825,1.0016657605768806,0.3141301390030693,0.1557992552673832,0.6805504957884111,0.6909167643393351,forecast_cache_seed2021/long_term_forecast_exchange_cache_Transformer_Exchange_ftMS_sl96_ll48_pl96_dm512_nh8_el2_dl1_df2048_expand2_dc4_fc1_ebtimeF_dtTrue_exchange_0/forecast_full.npz,sensitivity_analysis
exchange_sensitivity_modelTransformer_cpacp_a0.1_cw200_xlag24_seed3_modeonline_ofat_cem_pop_32-0_M0,exchange,Transformer,acp,online,0.1,3,24,M0,0.9,0.894465392,0.005534608,1.0025965241061925,0.3114563266418509,0.151673193920611,0.6805504957884111,0.6909167643393351,forecast_cache_seed2021/long_term_forecast_exchange_cache_Transformer_Exchange_ftMS_sl96_ll48_pl96_dm512_nh8_el2_dl1_df2048_expand2_dc4_fc1_ebtimeF_dtTrue_exchange_0/forecast_full.npz,sensitivity_analysis
exchange_sensitivity_modelTransformer_cpacp_a0.1_cw200_xlag24_seed4_modeonline_ofat_cem_pop_32-0_M0,exchange,Transformer,acp,online,0.1,4,24,M0,0.9,0.89644298,0.00355702,1.003279035725386,0.3133173685716462,0.1546489657662805,0.6805504957884111,0.6909167643393351,forecast_cache_seed2021/long_term_forecast_exchange_cache_Transformer_Exchange_ftMS_sl96_ll48_pl96_dm512_nh8_el2_dl1_df2048_expand2_dc4_fc1_ebtimeF_dtTrue_exchange_0/forecast_full.npz,sensitivity_analysis
exchange_sensitivity_modelTransformer_cpacp_a0.1_cw200_xlag24_seed5_modeonline_ofat_cem_pop_32-0_M0,exchange,Transformer,acp,online,0.1,5,24,M0,0.9,0.897102175,0.002897825,1.0034095208228202,0.3139525432067135,0.15566147072787,0.6805504957884111,0.6909167643393351,forecast_cache_seed2021/long_term_forecast_exchange_cache_Transformer_Exchange_ftMS_sl96_ll48_pl96_dm512_nh8_el2_dl1_df2048_expand2_dc4_fc1_ebtimeF_dtTrue_exchange_0/forecast_full.npz,sensitivity_analysis
exchange_sensitivity_modelTransformer_cpacp_a0.1_cw200_xlag24_seed1_modeonline_ofat_cem_pop_48-0_M0,exchange,Transformer,acp,online,0.1,1,24,M0,0.9,0.893147001,0.006852999,0.9997905495138985,0.3104617000255983,0.1499000803324279,0.6805504957884111,0.6909167643393351,forecast_cache_seed2021/long_term_forecast_exchange_cache_Transformer_Exchange_ftMS_sl96_ll48_pl96_dm512_nh8_el2_dl1_df2048_expand2_dc4_fc1_ebtimeF_dtTrue_exchange_0/forecast_full.npz,sensitivity_analysis
exchange_sensitivity_modelTransformer_cpacp_a0.1_cw200_xlag24_seed2_modeonline_ofat_cem_pop_48-0_M0,exchange,Transformer,acp,online,0.1,2,24,M0,0.9,0.892487805,0.007512195,1.0041156640743238,0.309399458717563,0.1485886602615401,0.6805504957884111,0.6909167643393351,forecast_cache_seed2021/long_term_forecast_exchange_cache_Transformer_Exchange_ftMS_sl96_ll48_pl96_dm512_nh8_el2_dl1_df2048_expand2_dc4_fc1_ebtimeF_dtTrue_exchange_0/forecast_full.npz,sensitivity_analysis
exchange_sensitivity_modelTransformer_cpacp_a0.1_cw200_xlag24_seed3_modeonline_ofat_cem_pop_48-0_M0,exchange,Transformer,acp,online,0.1,3,24,M0,0.9,0.895783784,0.004216216,1.003036823648008,0.3126960401686068,0.1536517550071181,0.6805504957884111,0.6909167643393351,forecast_cache_seed2021/long_term_forecast_exchange_cache_Transformer_Exchange_ftMS_sl96_ll48_pl96_dm512_nh8_el2_dl1_df2048_expand2_dc4_fc1_ebtimeF_dtTrue_exchange_0/forecast_full.npz,sensitivity_analysis
exchange_sensitivity_modelTransformer_cpacp_a0.1_cw200_xlag24_seed4_modeonline_ofat_cem_pop_48-0_M0,exchange,Transformer,acp,online,0.1,4,24,M0,0.9,0.892487805,0.007512195,1.0027650876019365,0.3095330315170175,0.1486904713665682,0.6805504957884111,0.6909167643393351,forecast_cache_seed2021/long_term_forecast_exchange_cache_Transformer_Exchange_ftMS_sl96_ll48_pl96_dm512_nh8_el2_dl1_df2048_expand2_dc4_fc1_ebtimeF_dtTrue_exchange_0/forecast_full.npz,sensitivity_analysis
exchange_sensitivity_modelTransformer_cpacp_a0.1_cw200_xlag24_seed5_modeonline_ofat_cem_pop_48-0_M0,exchange,Transformer,acp,online,0.1,5,24,M0,0.9,0.889191826,0.010808174,1.0031595138947664,0.3063687863341194,0.1438407663658235,0.6805504957884111,0.6909167643393351,forecast_cache_seed2021/long_term_forecast_exchange_cache_Transformer_Exchange_ftMS_sl96_ll48_pl96_dm512_nh8_el2_dl1_df2048_expand2_dc4_fc1_ebtimeF_dtTrue_exchange_0/forecast_full.npz,sensitivity_analysis
,,,,,,,,,,,,,,,,,,
,,,,,,,,,,,,,,,,,,
,,,,,,,,,,,,,,,,,,
,,,,,,,,,,,,,,,,,,
,,,,,,,,,,,,,,,,,,
,,,,,,,,,,,,,,,,,,
,,,,,,,,,,,,,,,,,,
,,,,,,,,,,,,,,,,,,
,,,,,,,,,,,,,,,,,,
,,,,,,,,,,,,,,,,,,
,,,,,,,,,,,,,,,,,,
,,,,,,,,,,,,,,,,,,
,,,,,,,,,,,,,,,,,,
,,,,,,,,,,,,,,,,,,
,,,,,,,,,,,,,,,,,,
,,,,,,,,,,,,,,,,,,
,,,,,,,,,,,,,,,,,,
,,,,,,,,,,,,,,,,,,
,,,,,,,,,,,,,,,,,,
,,,,,,,,,,,,,,,,,,
,,,,,,,,,,,,,,,,,,
,,,,,,,,,,,,,,,,,,
,,,,,,,,,,,,,,,,,,
,,,,,,,,,,,,,,,,,,
,,,,,,,,,,,,,,,,,,
,,,,,,,,,,,,,,,,,,
,,,,,,,,,,,,,,,,,,
,,,,,,,,,,,,,,,,,,
,,,,,,,,,,,,,,,,,,
,,,,,,,,,,,,,,,,,,
,,,,,,,,,,,,,,,,,,
,,,,,,,,,,,,,,,,,,
,,,,,,,,,,,,,,,,,,
,,,,,,,,,,,,,,,,,,
,,,,,,,,,,,,,,,,,,
,,,,,,,,,,,,,,,,,,
,,,,,,,,,,,,,,,,,,
,,,,,,,,,,,,,,,,,,
,,,,,,,,,,,,,,,,,,
,,,,,,,,,,,,,,,,,,
,,,,,,,,,,,,,,,,,,
,,,,,,,,,,,,,,,,,,
,,,,,,,,,,,,,,,,,,
,,,,,,,,,,,,,,,,,,
,,,,,,,,,,,,,,,,,,
,,,,,,,,,,,,,,,,,,
,,,,,,,,,,,,,,,,,,
,,,,,,,,,,,,,,,,,,
,,,,,,,,,,,,,,,,,,
,,,,,,,,,,,,,,,,,,
,,,,,,,,,,,,,,,,,,
,,,,,,,,,,,,,,,,,,
,,,,,,,,,,,,,,,,,,
,,,,,,,,,,,,,,,,,,
,,,,,,,,,,,,,,,,,,
,,,,,,,,,,,,,,,,,,
,,,,,,,,,,,,,,,,,,
,,,,,,,,,,,,,,,,,,
,,,,,,,,,,,,,,,,,,
,,,,,,,,,,,,,,,,,,
,,,,,,,,,,,,,,,,,,
,,,,,,,,,,,,,,,,,,
,,,,,,,,,,,,,,,,,,
,,,,,,,,,,,,,,,,,,
,,,,,,,,,,,,,,,,,,
,,,,,,,,,,,,,,,,,,
,,,,,,,,,,,,,,,,,,
,,,,,,,,,,,,,,,,,,
,,,,,,,,,,,,,,,,,,
,,,,,,,,,,,,,,,,,,
,,,,,,,,,,,,,,,,,,
,,,,,,,,,,,,,,,,,,
,,,,,,,,,,,,,,,,,,
,,,,,,,,,,,,,,,,,,
,,,,,,,,,,,,,,,,,,
,,,,,,,,,,,,,,,,,,
,,,,,,,,,,,,,,,,,,
,,,,,,,,,,,,,,,,,,
,,,,,,,,,,,,,,,,,,
,,,,,,,,,,,,,,,,,,
,,,,,,,,,,,,,,,,,,
,,,,,,,,,,,,,,,,,,
,,,,,,,,,,,,,,,,,,
,,,,,,,,,,,,,,,,,,
,,,,,,,,,,,,,,,,,,
,,,,,,,,,,,,,,,,,,
,,,,,,,,,,,,,,,,,,
,,,,,,,,,,,,,,,,,,
,,,,,,,,,,,,,,,,,,
,,,,,,,,,,,,,,,,,,
,,,,,,,,,,,,,,,,,,
,,,,,,,,,,,,,,,,,,
,,,,,,,,,,,,,,,,,,
,,,,,,,,,,,,,,,,,,
,,,,,,,,,,,,,,,,,,
,,,,,,,,,,,,,,,,,,
,,,,,,,,,,,,,,,,,,
,,,,,,,,,,,,,,,,,,
,,,,,,,,,,,,,,,,,,
,,,,,,,,,,,,,,,,,,
,,,,,,,,,,,,,,,,,,
,,,,,,,,,,,,,,,,,,
,,,,,,,,,,,,,,,,,,
,,,,,,,,,,,,,,,,,,
,,,,,,,,,,,,,,,,,,
,,,,,,,,,,,,,,,,,,
,,,,,,,,,,,,,,,,,,
,,,,,,,,,,,,,,,,,,
,,,,,,,,,,,,,,,,,,
,,,,,,,,,,,,,,,,,,
,,,,,,,,,,,,,,,,,,
,,,,,,,,,,,,,,,,,,
,,,,,,,,,,,,,,,,,,
,,,,,,,,,,,,,,,,,,
,,,,,,,,,,,,,,,,,,
,,,,,,,,,,,,,,,,,,
,,,,,,,,,,,,,,,,,,
,,,,,,,,,,,,,,,,,,
,,,,,,,,,,,,,,,,,,
,,,,,,,,,,,,,,,,,,
,,,,,,,,,,,,,,,,,,
,,,,,,,,,,,,,,,,,,
,,,,,,,,,,,,,,,,,,
,,,,,,,,,,,,,,,,,,
,,,,,,,,,,,,,,,,,,
,,,,,,,,,,,,,,,,,,
,,,,,,,,,,,,,,,,,,
,,,,,,,,,,,,,,,,,,
,,,,,,,,,,,,,,,,,,
,,,,,,,,,,,,,,,,,,
,,,,,,,,,,,,,,,,,,
,,,,,,,,,,,,,,,,,,
,,,,,,,,,,,,,,,,,,
,,,,,,,,,,,,,,,,,,
,,,,,,,,,,,,,,,,,,
,,,,,,,,,,,,,,,,,,
,,,,,,,,,,,,,,,,,,
,,,,,,,,,,,,,,,,,,
,,,,,,,,,,,,,,,,,,
,,,,,,,,,,,,,,,,,,
,,,,,,,,,,,,,,,,,,
,,,,,,,,,,,,,,,,,,
,,,,,,,,,,,,,,,,,,
,,,,,,,,,,,,,,,,,,
,,,,,,,,,,,,,,,,,,
,,,,,,,,,,,,,,,,,,
,,,,,,,,,,,,,,,,,,
,,,,,,,,,,,,,,,,,,
,,,,,,,,,,,,,,,,,,
,,,,,,,,,,,,,,,,,,
,,,,,,,,,,,,,,,,,,
,,,,,,,,,,,,,,,,,,
,,,,,,,,,,,,,,,,,,
,,,,,,,,,,,,,,,,,,
,,,,,,,,,,,,,,,,,,
,,,,,,,,,,,,,,,,,,
,,,,,,,,,,,,,,,,,,
,,,,,,,,,,,,,,,,,,
,,,,,,,,,,,,,,,,,,
,,,,,,,,,,,,,,,,,,
