t,cov_w,gap_w,width_mean_w,width_std_w,width_step_mean_w,ces_w,rcs_w,control_state,control_std_w,control_step_mean_w,covered_t,width_t
1,nan,nan,nan,nan,nan,nan,nan,0.08224592810316417,nan,nan,1.0,0.1603805144150936
2,nan,nan,nan,0.0027327934850778224,0.005465586970155645,nan,nan,0.08564698776622529,0.001700529831530559,0.003401059663061118,1.0,0.15491492744493796
3,nan,nan,nan,0.013712595184076698,0.018449749618929534,nan,nan,0.08667745588897555,0.0018934832657807072,0.0022157638929056894,1.0,0.18634883971264138
4,nan,nan,nan,0.014796104729531972,0.02547211697032255,nan,nan,0.08180869376188572,0.0021049944964781175,0.003100096637633734,1.0,0.1468319880395328
5,nan,nan,nan,0.013635046203830029,0.02087430396080031,nan,nan,0.08553201702406397,0.0019685811566586917,0.0032559032937698636,1.0,0.15391285297176638
6,nan,nan,nan,0.0134300996006788,0.020719167107013537,nan,nan,0.08575074355860084,0.001868032867155772,0.002648467941923263,1.0,0.17401147266363282
7,nan,nan,nan,0.012583052768734181,0.020065814682770838,nan,nan,0.08845448465728499,0.0021910173700799345,0.002657680134716745,1.0,0.15721242010207548
8,nan,nan,nan,0.014672375665677013,0.02165926265414916,nan,nan,0.08237749489985308,0.0022465494799288775,0.003146152937961769,1.0,0.18843237058449458
9,nan,nan,nan,0.014479831704681503,0.023550760795117198,nan,nan,0.08777149805608216,0.0023133133406609717,0.003427134215245183,1.0,0.1516411228026011
10,nan,nan,nan,0.013871986233937976,0.02299425087890282,nan,nan,0.08844439788686631,0.002408036618468348,0.0031211081725272907,1.0,0.17018329435178892
11,nan,nan,nan,0.01383229433597524,0.022682894673521005,nan,nan,0.0865655429434784,0.002317435414461135,0.0029968828496133525,0.0,0.15030260552670427
12,nan,nan,nan,0.013258214508411907,0.02199081412599863,nan,nan,0.08407104887916172,0.0022571461132946994,0.0029512111418591096,1.0,0.16537261417747917
13,nan,nan,nan,0.01280093032347347,0.020727556112327034,nan,nan,0.08563241521889647,0.0021691675875675645,0.002835390741682079,1.0,0.15854089621553968
14,nan,nan,nan,0.012350539094016599,0.01928744229634926,nan,nan,0.09404417671229731,0.00304249642271361,0.003264342337968138,1.0,0.1605469727201556
15,nan,nan,nan,0.011990254385737401,0.018090478274492998,nan,nan,0.09283448752753366,0.003388844941769171,0.0031175813984535314,0.0,0.158017026729794
16,nan,nan,nan,0.013312783062098611,0.01897393110923957,nan,nan,0.09246228826496296,0.0035822942542825206,0.0029345559227280096,1.0,0.18935929752548564
17,nan,nan,nan,0.013055695099938012,0.01987238568725594,nan,nan,0.09299363743312097,0.0037599365596470017,0.002784355500567385,1.0,0.1560100931679842
18,nan,nan,nan,0.01270176970652016,0.019000083415104507,nan,nan,0.09175448734900377,0.00379665484033954,0.0026934610643056097,1.0,0.1610533402286658
19,nan,nan,nan,0.012378126745008758,0.017960604059578025,nan,nan,0.09321592435082288,0.003909327813118337,0.0026250152830563597,1.0,0.16076388521303797
20,nan,nan,nan,0.01253083792634775,0.01796961534766774,nan,nan,0.09297116675109832,0.003973252337852354,0.002499738562881002,1.0,0.17889570374632058
21,nan,nan,nan,0.012569915806357418,0.01849191691657539,nan,nan,0.0942472588775532,0.00409507000236763,0.002438556241059696,1.0,0.15048005702049982
22,nan,nan,nan,0.01244789956668612,0.01869524744768338,nan,nan,0.09337306537663174,0.004135085230032949,0.002364062777243589,1.0,0.17324191509034303
23,nan,nan,nan,0.01222535209866812,0.018517545281253236,nan,nan,0.09783602468581197,0.004462563104657064,0.0024594671650588905,1.0,0.15845611530412285
24,nan,nan,nan,0.012957692816898998,0.01902076915779384,nan,nan,0.09883426158295652,0.0047912794496064995,0.0023959354142800066,1.0,0.18854780974580998
25,nan,nan,nan,0.013319271529208601,0.020077025615229855,nan,nan,0.09601296321894026,0.004870168315902215,0.002413658870519017,1.0,0.14417688560955177
26,nan,nan,nan,0.013109719456153628,0.019827306191976275,nan,nan,0.10012032224003792,0.0051817965501481525,0.0024814068765421624,1.0,0.1580109256434421
27,nan,nan,nan,0.013071867810701207,0.019318861878376947,nan,nan,0.10106671484182883,0.005493060951905485,0.002422367865974807,0.0,0.15140317160504835
28,nan,nan,nan,0.012863529235699543,0.01887426440732569,nan,nan,0.09632864058334274,0.005502483240551467,0.002508134769401151,0.0,0.1587179017650413
29,nan,nan,nan,0.012690514120919205,0.01826684360236363,nan,nan,0.09145560723945342,0.0054086266010074675,0.002592595432775728,0.0,0.1568514198966533
30,nan,nan,nan,0.012486132752413144,0.017753115683319453,nan,nan,0.08659277670315342,0.005368779963978476,0.002670879401862772,0.0,0.16022015384673582
31,nan,nan,nan,0.01239992422577389,0.017397016026931385,nan,nan,0.089270041875634,0.005286474574329979,0.0026710922608833656,0.0,0.15315002785505838
32,nan,nan,nan,0.01247530045697624,0.01761503584455259,nan,nan,0.09307839599571112,0.005222094157084093,0.0027077781273089708,0.0,0.17730565822824707
33,nan,nan,nan,0.01239637203236455,0.01721177926792207,nan,nan,0.09350134551672304,0.005166218073340894,0.0026363772333621877,0.0,0.17259483283587107
34,nan,nan,nan,0.012960402452699105,0.017752740213287866,nan,nan,0.09639414808152576,0.005179927853464133,0.0026441476979512948,0.0,0.13753134237087772
35,nan,nan,nan,0.012818831625579473,0.018152895778901477,nan,nan,0.10309839947898514,0.005497237779531072,0.002763562512642709,0.0,0.1688893718150284
36,nan,nan,nan,0.013639860704116725,0.018347025787435436,nan,nan,0.09426208566890065,0.0054434563682443675,0.0029370696925696167,0.0,0.19383681789261842
37,nan,nan,nan,0.01440637994850739,0.0178770482048191,nan,nan,0.07868249732642049,0.005745909524777424,0.003288250766178243,0.0,0.19526465070586574
38,nan,nan,nan,0.015566154217928377,0.017629515649791733,nan,nan,0.07532883720629355,0.00619716635227978,0.003290018586555235,0.0,0.20398299437467227
39,nan,nan,nan,0.015842584117886624,0.017538228917753782,nan,nan,0.08048906651864873,0.006320354983555675,0.0033392346582868126,1.0,0.18982237454232265
40,nan,nan,nan,0.016525268416784693,0.01735329464091345,nan,nan,0.07929637939418176,0.006472482834200732,0.0032841949779324584,1.0,0.20014816666330337
41,nan,nan,nan,0.01635162878236704,0.017592945331040433,nan,nan,0.07588373302872158,0.0067543859790951235,0.0032874062626206514,1.0,0.17320884441731055
42,nan,nan,nan,0.017868160020682616,0.018234486543614575,nan,nan,0.05840092475245624,0.008201151147893205,0.0036336355800266193,1.0,0.21710497946389085
43,nan,nan,nan,0.018285183798235176,0.018214631125731254,nan,nan,0.06256260746873708,0.009026621393227942,0.003646208130889815,1.0,0.19970442047137582
44,nan,nan,nan,0.019475630018486838,0.018207307490823357,nan,nan,0.06614735379509945,0.009515174901993528,0.0036447787865984786,1.0,0.2176041352960676
45,nan,nan,nan,0.020064205432704662,0.01800577286009576,nan,nan,0.07024788886527364,0.009758386918218304,0.003655136883952472,1.0,0.20826435155725842
46,nan,nan,nan,0.020193452397779844,0.017866346165005074,nan,nan,0.07930148440853904,0.009724023853038301,0.0037751026319372038,1.0,0.19653277997624374
47,nan,nan,nan,0.020164521000565868,0.01760991563468838,nan,nan,0.07874965065652317,0.0096977379798615,0.003705031569330218,1.0,0.19046223820580654
48,nan,nan,nan,0.020045442708184463,0.01734477236779443,nan,nan,0.07489296859302126,0.009752263566974496,0.0037082581755891906,1.0,0.18531405611513363
49,nan,nan,nan,0.020583890291366508,0.017517405228648975,nan,nan,0.08202239873114416,0.009675910701575169,0.0037795325914753096,1.0,0.21094520580394605
50,nan,nan,nan,0.020419342572853924,0.01774377351600955,nan,nan,0.0781549008305556,0.009653233110735456,0.0037813278018653754,1.0,0.1823357544946289
51,nan,nan,nan,0.020572644568315143,0.01775344131826233,nan,nan,0.07467743871325598,0.009698548848654238,0.00377525048817406,0.0,0.20056291812327753
52,nan,nan,nan,0.02037501585612283,0.017901710762604137,nan,nan,0.07183637437144615,0.009808233661266928,0.003756933112755154,0.0,0.17524773514358305
53,nan,nan,nan,0.020738930399730633,0.018202597744177464,nan,nan,0.08446424757227639,0.009717588835836522,0.003927528114448905,1.0,0.2087955689480001
54,nan,nan,nan,0.021431580009243504,0.018062854530575878,nan,nan,0.08939014926954555,0.00963804996570859,0.003946365351860608,1.0,0.21959177637129357
55,nan,nan,nan,0.021238286066338166,0.018505795036961783,nan,nan,0.09568250712587979,0.00963617425713675,0.003989809657499009,1.0,0.17761013449587892
56,nan,nan,nan,0.021166556193400153,0.018519663979846612,nan,nan,0.08707848571278332,0.009550402337161167,0.00407370441669169,0.0,0.15834154760025143
57,nan,nan,nan,0.021127999469226347,0.018824947678630074,nan,nan,0.08832908627302896,0.00947018950361492,0.004023291847826582,1.0,0.19395709871197186
58,nan,nan,nan,0.02102016939317888,0.01906162279388937,nan,nan,0.10552338287454695,0.009716394803598389,0.004254362106663274,0.0,0.16164166946356184
59,nan,nan,nan,0.02092246777756446,0.018747856307845253,nan,nan,0.10862688431831685,0.01004384044766832,0.004234519681440974,0.0,0.16077850286023132
60,nan,nan,nan,0.02112898382667357,0.01872164814411364,nan,nan,0.10918379397705824,0.010357072026200025,0.00417218730817488,1.0,0.1435769282125512
61,nan,nan,nan,0.021190585090654284,0.0185078748887315,nan,nan,0.1045091548981126,0.010500088838589598,0.004180561504354393,1.0,0.14947218103373627
62,nan,nan,nan,0.021520336387197112,0.018405385958505105,nan,nan,0.1040674321204324,0.010618602606318845,0.004119269066212192,1.0,0.13721613088881468
63,nan,nan,nan,0.021875351199657146,0.018142399305667387,nan,nan,0.10591267187369038,0.010771683887810272,0.00408259117406777,0.0,0.13511591740624818
64,nan,nan,nan,0.022224249392536394,0.01787017436233748,nan,nan,0.08833235793427796,0.010687212730594092,0.004296840741771653,0.0,0.13412368953036502
65,nan,nan,nan,0.022181087083511405,0.017881340149964765,nan,nan,0.08904652374459904,0.010605202201423879,0.004240861445967738,0.0,0.15270847430084888
66,nan,nan,nan,0.02244623382706726,0.017865970698627595,nan,nan,0.09172269608779218,0.01053330455456536,0.004216789305925051,0.0,0.13582614848780028
67,nan,nan,nan,0.022818543850263422,0.017675690692161575,nan,nan,0.09004418707510504,0.010456636278777088,0.004178330513603265,1.0,0.1305186582159299
68,nan,nan,nan,0.02279779815332064,0.01768928180592707,nan,nan,0.09084475586680665,0.010384025253599024,0.0041279161595450305,1.0,0.14910495353037967
69,nan,nan,nan,0.022681690596927758,0.017556317234186596,nan,nan,0.0896401213754203,0.01030970056303673,0.00408492672324858,1.0,0.15775264445795445
70,nan,nan,nan,0.022645390140998183,0.017414220502593898,nan,nan,0.09016070459103341,0.010238062613578123,0.004033269570964008,1.0,0.15000100170366393
71,nan,nan,nan,0.022486768728963127,0.01747947865785219,nan,nan,0.08860498648894564,0.010165745343945034,0.0039978759785514895,0.0,0.17198329307433813
72,nan,nan,nan,0.022451488715027973,0.01754369214749799,nan,nan,0.07190631906443817,0.010277221454458925,0.00417676036511425,0.0,0.14994465665163426
73,nan,nan,nan,0.02249563177421306,0.017383382509925174,nan,nan,0.06820426716096045,0.010466473178699153,0.004170167192035966,1.0,0.14394325840937894
74,nan,nan,nan,0.022361096115815986,0.017598176271595267,nan,nan,0.07185004586364191,0.01055883018337874,0.004162983788072206,1.0,0.17700658552122106
75,nan,nan,nan,0.022309030981138345,0.017709353945219726,nan,nan,0.0671303568417708,0.010749172457702464,0.00417050683177219,1.0,0.15118126140141586
76,nan,nan,nan,0.02216530353076263,0.01775848240219612,nan,nan,0.06697669534239463,0.010928448196142323,0.004116948894006911,1.0,0.17257524961986515
77,nan,nan,nan,0.022221224621242076,0.017915865170744873,nan,nan,0.06921257547798941,0.011044796240668,0.004092197989290961,1.0,0.14285567680796385
78,nan,nan,nan,0.02215929153665157,0.017801762144833703,nan,nan,0.06620705971554319,0.011217532175840731,0.004078085233098172,1.0,0.15198560898354874
79,nan,nan,nan,0.022018633279107223,0.01778181676154063,nan,nan,0.06894925116038014,0.011319939605422729,0.004060958389658926,1.0,0.16823163123152263
80,nan,nan,nan,0.021923911545448167,0.017709173508153087,nan,nan,0.07462230343851256,0.011324721745945029,0.004081364641411755,0.0,0.15618863148759776
81,nan,nan,nan,0.02183263207694769,0.01749241741919676,nan,nan,0.07420721947190681,0.011332828008185265,0.00403553613297668,0.0,0.15581994509595098
82,nan,nan,nan,0.021699106822604272,0.017428049567461634,nan,nan,0.0685245889490534,0.011427440916920157,0.004055870631617133,0.0,0.16809856652460264
83,nan,nan,nan,0.021617510200471916,0.017376810356854414,nan,nan,0.0670120597832945,0.011543466589241744,0.004024854272277399,0.0,0.15487213222693308
84,nan,nan,nan,0.021640903955463062,0.01729276101442563,nan,nan,0.057881228649076785,0.011863351917120119,0.004086372065794752,0.0,0.14447141729166768
85,nan,nan,nan,0.02152130486565264,0.017299912018759894,nan,nan,0.06245214606613501,0.012048466511026985,0.004092140462833603,1.0,0.16236486267017125
86,nan,nan,nan,0.021396882534552106,0.017183407896056872,nan,nan,0.058130688285791085,0.012321081069015534,0.004094838313627842,1.0,0.16976192425917458
87,nan,nan,nan,0.02127404910692476,0.01699072037258462,nan,nan,0.058904554129624295,0.012555847552935095,0.004056222354676742,1.0,0.16914964338173166
88,nan,nan,nan,0.021191643198543875,0.016919020870918802,nan,nan,0.06534092732281686,0.012647456423724836,0.004083580410291866,1.0,0.17990250710939026
89,nan,nan,nan,0.021181169587562273,0.017093928362033852,nan,nan,0.058936532065681516,0.012855636022055632,0.004109953306278724,1.0,0.14759162702034723
90,nan,nan,nan,0.021071894612729455,0.017192976359646936,nan,nan,0.060633071549871256,0.01301544269799082,0.004082836297041769,1.0,0.17350082716994564
91,nan,nan,nan,0.020960376328983295,0.017112210625820773,nan,nan,0.05658563224898493,0.01324845482546213,0.0040824429970844865,1.0,0.16357676685465328
92,nan,nan,nan,0.020857222866423792,0.01704186598399828,nan,nan,0.05914879098809088,0.013413804947416891,0.004065747565678129,0.0,0.1742876150746271
93,nan,nan,nan,0.02076180686552698,0.017015677027576517,nan,nan,0.05919873553568583,0.013567760971985936,0.0040220975328728766,1.0,0.15965513308143087
94,nan,nan,nan,0.02079147703430065,0.01717222548209227,nan,nan,0.0597878373681343,0.013701522416796712,0.003985183600610249,0.0,0.19122981637897252
95,nan,nan,nan,0.020709819005166552,0.017124671671566376,nan,nan,0.057408850932416655,0.013869975065604216,0.003968096396728413,0.0,0.17852764908631436
96,nan,nan,nan,0.020667812881328174,0.017005714724876178,nan,nan,0.057753289554412,0.01402182306810222,0.0039299526306785905,1.0,0.18435141082231188
97,nan,nan,nan,0.02060108206025371,0.016863853677778373,nan,nan,0.060941222910150875,0.014112126208297486,0.003922223263231302,1.0,0.18096435661882504
98,nan,nan,nan,0.020934058757566786,0.016997414918044327,nan,nan,0.059264460496069704,0.014222736009976188,0.0038990741823122285,1.0,0.21078365060240078
99,nan,nan,nan,0.020834960877314585,0.017197546597196675,nan,nan,0.06489476284007704,0.014249566371273099,0.003916739775798914,0.0,0.17417333112742628
100,0.66,-0.24,0.16919343179735338,0.020984488186786488,0.017300657607161294,0.2767959906634898,0.07480232951978438,0.0617496769926621,0.014313420500169028,0.003908945291673823,1.0,0.20157886771112032
101,0.66,-0.24,0.1691368923740319,0.021015750591570365,0.017718705169363497,0.27680143825524506,0.07480671521938392,0.06335524400920314,0.014423709564753907,0.003890809002315034,1.0,0.1547265720829465
102,0.66,-0.24,0.16942499464761818,0.02101628656898573,0.0176941058810091,0.2767736817451134,0.07478437281413042,0.05822998849466418,0.014594144556409533,0.00393217049112098,1.0,0.18372515480356455
103,0.66,-0.24,0.16949750419657608,0.02108694116577001,0.017394689599511747,0.2767666968664381,0.07477875178197951,0.055912408147531484,0.014790390099433658,0.00390640097819212,1.0,0.19359979460843513
104,0.66,-0.24,0.16973389453540721,0.020963669251286402,0.01755678967783047,0.27674392772284373,0.07476043236966012,0.05703804135057511,0.014972917849490166,0.0038801616846655083,1.0,0.17047102192264818
105,0.66,-0.24,0.17020415837883146,0.021130285398279162,0.01766153306873631,0.2766986429951597,0.07472401526684261,0.05207559525312883,0.015223192707536968,0.003928078043886815,1.0,0.20093923731419294
106,0.66,-0.24,0.17032919046216757,0.02118935353074959,0.017637548258184737,0.2766866053462158,0.07471433878638455,0.05616650860353374,0.015393725244773804,0.003942089884813288,1.0,0.18651468099724133
107,0.66,-0.24,0.1702775775080991,0.021227492065457744,0.017670311953332078,0.2766915743328431,0.07471833291132457,0.058435475746504734,0.01551106082883095,0.0039036250099197434,1.0,0.1520511246952354
108,0.66,-0.24,0.16996774137697268,0.021186322051731342,0.017353204731056525,0.27672140725499994,0.07474231889870045,0.058959037051660425,0.015639606513976455,0.0038544286275856684,1.0,0.15744875747184905
109,0.66,-0.24,0.17029561154717204,0.021153844212802357,0.017438429082586863,0.27668983810309994,0.07471693727893593,0.06164340815234211,0.015710655963261554,0.0038747465192007953,1.0,0.18442813982254025
110,0.66,-0.24,0.17015367713057158,0.021201683914577853,0.017524869469513253,0.27670350344890254,0.07472792282089903,0.05877026456048504,0.015806383039195054,0.003884789838882302,1.0,0.1559898526917427
111,0.67,-0.22999999999999998,0.17010397288980475,0.02125392543371922,0.01748030040477535,0.2845829349659948,0.08259137955567422,0.06072696615306964,0.01588411967795724,0.0038793575916930886,1.0,0.14533218145002036
112,0.67,-0.22999999999999998,0.17024452185184372,0.021268639314546808,0.017755690414567392,0.2845686213768073,0.08257935590903281,0.057749183695339656,0.016003685770488118,0.0038936648252081924,1.0,0.17942751038137206
113,0.67,-0.22999999999999998,0.17014169646544608,0.021349674725803038,0.01805026694286012,0.28457909303343115,0.08258815204512848,0.054959784115379114,0.016148149007076697,0.0038368732907289975,1.0,0.14825835757577632
114,0.67,-0.22999999999999998,0.17017801139572478,0.02133640799412684,0.01818552110631349,0.28457539466141557,0.08258504529213942,0.057226355931404876,0.016191294763025596,0.003847548872862958,1.0,0.16417846574802164
115,0.68,-0.21999999999999997,0.17008128662646618,0.021413104758096192,0.018028871057307345,0.29292135505702604,0.09127973600141127,0.05332724617944279,0.016290244470076622,0.0038831742313416586,1.0,0.14834454980393819
116,0.68,-0.21999999999999997,0.17015258624828727,0.021488912609190797,0.018178320608278616,0.2929136619295116,0.09127299418687135,0.05727504918280417,0.016331370805132868,0.003917683866040683,1.0,0.19648925970759534
117,0.68,-0.21999999999999997,0.1702138155425809,0.021457228362610364,0.018474411416860133,0.29290705569848424,0.09126720537806061,0.05423353802605492,0.016397494484252588,0.0039358895334410055,1.0,0.16213302259734363
118,0.68,-0.21999999999999997,0.17026957923968886,0.021440588948656934,0.018516908713087345,0.29290103942807993,0.09126193394274403,0.05510648750323905,0.01645545197801076,0.0039299452150103505,1.0,0.16662970993946558
119,0.68,-0.21999999999999997,0.17030067703188523,0.021429031300212648,0.018361597874435937,0.29289768443637937,0.09125899448104197,0.05434835293199901,0.0164995280687912,0.003935130840985255,1.0,0.16387366443267237
120,0.68,-0.21999999999999997,0.17009215863373014,0.0214458259895685,0.018133458013587834,0.29292018195683506,0.09127870792239472,0.05686172600308008,0.01650739096442565,0.00394762862830471,1.0,0.15804386393081393
121,0.68,-0.21999999999999997,0.17006628045310415,0.021471022372813904,0.018006081921699654,0.29292297425320746,0.09128115505358642,0.05304160567881238,0.016538434510033735,0.003977385464904167,1.0,0.1478922389579005
122,0.68,-0.21999999999999997,0.17018799975265153,0.021523118198382617,0.01823573653080024,0.29290984101309087,0.09126964599397618,0.05384157777925082,0.016559413345696584,0.003940385594108796,1.0,0.18541384504507885
123,0.68,-0.21999999999999997,0.17064688598089933,0.021756022086975624,0.018123001163549052,0.29286033880293705,0.09122628249980312,0.05964095866710284,0.016452004931665726,0.003988881998055336,1.0,0.20434473812889853
124,0.68,-0.21999999999999997,0.17045679711881465,0.02168170215561671,0.018026383895420727,0.29288084255012986,0.09124424037754256,0.0564107114469684,0.016350385653731696,0.003993012794581782,1.0,0.1695389235373448
125,0.68,-0.21999999999999997,0.1708278619381577,0.021545865683398672,0.018005276864841106,0.2928408206777112,0.09120919209415684,0.05536997613424802,0.01629029462574965,0.003962036797527466,1.0,0.18128336754385277
126,0.68,-0.21999999999999997,0.17124885185497604,0.021702044711365626,0.018128699044063702,0.29279542728522023,0.0911694608109866,0.05584495279889788,0.016150299211783473,0.003957275020384627,1.0,0.20010991732528338
127,0.69,-0.21000000000000008,0.17148042035052755,0.021612409603323626,0.018312892640074744,0.301600434243432,0.1007337000796123,0.05138009158545347,0.01603174710259073,0.003954515292656933,1.0,0.1745600211601972
128,0.7,-0.20000000000000007,0.17156690698103266,0.021578442672995583,0.0183667004630672,0.31096907449331646,0.11131799641136572,0.05638987281275118,0.015921171369488743,0.003955896584408533,1.0,0.16736656481555623
129,0.71,-0.19000000000000006,0.17171962563082666,0.021527738041143038,0.01838072052478852,0.32092983324504654,0.12300598117864062,0.057979188119626705,0.015854831474045317,0.003922830774010307,1.0,0.17212328487604966
130,0.72,-0.18000000000000005,0.17177056352816467,0.021506484129463262,0.018378086335938393,0.3315638914684838,0.13593547196782707,0.0561473376400851,0.015852512037550608,0.003914291231657387,1.0,0.16531394358053464
131,0.73,-0.17000000000000004,0.17181919573417478,0.021469790129663324,0.018207834464739177,0.342927164240182,0.15022437504379518,0.05345809486263568,0.01584243164273759,0.0039029870766813498,1.0,0.15801324845606857
132,0.74,-0.16000000000000003,0.1716826950354362,0.021477865068915882,0.01821724370217295,0.35512631498947783,0.16604704910802373,0.05147301888784872,0.015796543200139408,0.003918766131769987,1.0,0.1636555883543882
133,0.75,-0.15000000000000002,0.17160770571818695,0.0214876383790593,0.017877615644512023,0.3682149273104504,0.18352460351333738,0.05747475052203643,0.015674160769433027,0.003950169455703169,1.0,0.16509590111094985
134,0.76,-0.14,0.17244462706572986,0.02177207909457819,0.018127813084613715,0.38213771667735913,0.20265062867574996,0.062074611712979705,0.015466010389315039,0.003928912988970683,1.0,0.22122347712516777
135,0.77,-0.13,0.17234066776678397,0.021813587000659385,0.018509455399029234,0.39734148395343394,0.2239876456114727,0.06048527997780216,0.015120905769847853,0.0038557111498302085,1.0,0.15849344192044135
136,0.78,-0.12,0.1719148435446182,0.02180542858032551,0.01856815452459642,0.41387449649959435,0.24765362704144783,0.06583071481633235,0.01491273209262278,0.0037523358619115216,1.0,0.1512543956760426
137,0.79,-0.10999999999999999,0.1717761554255789,0.021700328083771706,0.018784549468607335,0.43177576078819196,0.27373884170695895,0.06796863587401834,0.014880582115844287,0.003740055669361613,1.0,0.18139583880192967
138,0.8,-0.09999999999999998,0.17128594018833035,0.021520187254172575,0.018908526724362437,0.451385647275606,0.30268165396682684,0.06280381705788386,0.014877828493254532,0.0037401020279856463,1.0,0.15496147064982502
139,0.8,-0.09999999999999998,0.1711527242866828,0.021446134033708295,0.019021794619380195,0.4514197830251778,0.3027233800533826,0.06774608602864307,0.014830605278095016,0.0037779765920896084,1.0,0.1765007843775639
140,0.79,-0.10999999999999999,0.17061853311007458,0.021382448576726134,0.019050404853007373,0.4320473306155584,0.2740669437571091,0.06931784085907594,0.014791476461224664,0.003759381728099434,0.0,0.14672904900248018
141,0.78,-0.12,0.17040750232162227,0.02145983927328295,0.018661319817886355,0.4141994451941278,0.2480402225479368,0.06426843487350146,0.014778240373743272,0.0036337918059712432,0.0,0.15210576557207967
142,0.78,-0.12,0.16969573998299073,0.021076139295419332,0.018547950736864417,0.41435306248869386,0.24822319170721063,0.0679422032423696,0.014744568829586432,0.0036288633782196,1.0,0.14592874560073676
143,0.77,-0.13,0.16910046603797857,0.021060807967727264,0.01842524371470168,0.39798584403164683,0.2247402814647614,0.06452501799541126,0.014738052945328218,0.0036271708420640026,0.0,0.1401770259701558
144,0.77,-0.13,0.16851164123855977,0.020512485354198105,0.018518221953542337,0.39810316466248047,0.22487759744271044,0.06609665882424219,0.01473813295303155,0.0036016264557878087,1.0,0.15872165535418992
145,0.77,-0.13,0.1679620672646127,0.020173474395039637,0.018454415181932422,0.39821272717065104,0.22500591147324348,0.06693483507662201,0.01473777286712598,0.0035186424225465405,1.0,0.15330695416255669
146,0.76,-0.14,0.16753884068212332,0.020012952112052326,0.01840221948288506,0.38304073912515624,0.20368326943445555,0.07049894685131589,0.01469872122433074,0.0035490694732806622,0.0,0.15421012172730486
147,0.75,-0.15000000000000002,0.16719940525073884,0.01990885859060331,0.018373536566212104,0.3689680858833721,0.18436524593924938,0.07047989872379191,0.014663066937826817,0.003510305494129369,0.0,0.15651869506735516
148,0.74,-0.16000000000000003,0.16688627280945645,0.019867692904232986,0.01814006922673377,0.355888638699253,0.1668748687344943,0.07681247749315016,0.014673011550895084,0.003502256490404474,0.0,0.15400081198689786
149,0.73,-0.17000000000000004,0.16629778196656592,0.019420465747550367,0.01787032416777108,0.34374565624734,0.1510870428319251,0.08135131753615016,0.014666869267960604,0.003509037724166205,0.0,0.1520961215148866
150,0.72,-0.18000000000000005,0.16608502648007273,0.019360046006218424,0.01777675771021331,0.33235177453362147,0.13673946685089822,0.08349819797997053,0.014712495454863937,0.0034955975052421728,0.0,0.16106020584531566
151,0.72,-0.18000000000000005,0.16565649905730123,0.01906415161292605,0.01755488747808704,0.3324113102323377,0.1368004507430631,0.08758908175521982,0.014824044253985954,0.0035082219439637836,0.0,0.1577101758461219
152,0.72,-0.18000000000000005,0.1654495407834512,0.019071241343342166,0.01724792216781554,0.3324400707695268,0.13682992253293835,0.08955685152408355,0.014968805164993682,0.003400544131519678,0.0,0.1545519077585833
153,0.72,-0.18000000000000005,0.16506377755417195,0.018574233561871763,0.0172971255096155,0.3324936927250183,0.13688489086169317,0.09067870132707269,0.01504716612427896,0.003362119364910788,1.0,0.17021924602007266
154,0.71,-0.19000000000000006,0.16438224596646442,0.017794973739613622,0.017062771838343878,0.32188301161834537,0.12394654049234907,0.09296271407708033,0.015100445508273873,0.0033216310305034494,0.0,0.15143861760054844
155,0.71,-0.19000000000000006,0.16419733937214342,0.017752580014499045,0.016945724066299423,0.32190710546048307,0.12397042902482089,0.08803596638889888,0.014982589485184588,0.003284486851463904,1.0,0.15911947506377477
156,0.72,-0.18000000000000005,0.1642004269155121,0.01775158812356136,0.016590710147258356,0.3326137631045869,0.13700807193747727,0.09371184498969432,0.015078465146267928,0.0033291866296512747,1.0,0.1586503019371197
157,0.72,-0.18000000000000005,0.16384805437939526,0.017505441642834,0.01626499412619531,0.3326627941937709,0.13705841145051478,0.08476121467152518,0.015036147449107624,0.0032459172732538116,1.0,0.15871984510028803
158,0.73,-0.17000000000000004,0.16379512069780522,0.01752003044386303,0.01628023025945188,0.3441179379101343,0.1514813312932719,0.08651704531325727,0.014685107074191505,0.003232304436869591,1.0,0.15634830130455724
159,0.74,-0.16000000000000003,0.16372956212843667,0.017543445833962067,0.01612794824665897,0.3563921417020495,0.16742420741672565,0.0913128363554752,0.014307948987429264,0.0032751214205410713,1.0,0.1542226459233751
160,0.74,-0.16000000000000003,0.1638852696892452,0.017432638824691538,0.016118148100687697,0.3563672725672738,0.1673970260115718,0.0952617011289604,0.013973328062896494,0.0032677903669505624,1.0,0.1591476842934043
161,0.74,-0.16000000000000003,0.16391222483284446,0.017412404028168717,0.016064854552756615,0.35636296772670484,0.16739232142859273,0.09295898370357093,0.01371784142964459,0.0032865882926849995,1.0,0.15216769539366015
162,0.73,-0.17000000000000004,0.16414544142405368,0.017208267717781486,0.01612818668541833,0.34406577766016655,0.15142601525085625,0.09284288002247369,0.013466289329622435,0.003269122271754083,0.0,0.16053779000973645
163,0.73,-0.17000000000000004,0.1643582370612212,0.016978005832939222,0.01616000568552794,0.34403410163112125,0.15139243429552748,0.09033015144691146,0.01311144537005965,0.0031169244397959996,0.0,0.15639548112300172
164,0.73,-0.17000000000000004,0.16452839734229788,0.016757975458136874,0.016025369106886355,0.3440087763513509,0.1513655922757424,0.09132987690542363,0.013161722630698763,0.003119808880686819,0.0,0.1511397176380347
165,0.74,-0.16000000000000003,0.16484848852487768,0.016834672949546926,0.016194011017065614,0.35621350731498175,0.1672290757413476,0.09424694647879744,0.013255460562169268,0.003122242186042179,1.0,0.1847175925588298
166,0.75,-0.15000000000000002,0.16505935946668626,0.01660025499261433,0.016421252023311093,0.3693348249449933,0.1847761256944036,0.094783013255458,0.013313911769570632,0.0031107023654762546,1.0,0.1569132426686568
167,0.74,-0.16000000000000003,0.1653425264208316,0.016246386193657036,0.016252926928839978,0.3561346921170744,0.16714306422075903,0.1006205248608951,0.01352970225940936,0.0031615805757160068,0.0,0.15883535363046608
168,0.73,-0.17000000000000004,0.16549594432439677,0.016164558881394488,0.016222257225091026,0.3438648453306119,0.15121314683518716,0.0956726548328791,0.013619448958870874,0.0031993910356819632,0.0,0.16444674388689462
169,0.73,-0.17000000000000004,0.16553755074854287,0.016149922605123976,0.016169548278222732,0.3438586587143739,0.15120659826709587,0.10029632230160232,0.013828058654937294,0.003240836331167924,1.0,0.16191328687256523
170,0.73,-0.17000000000000004,0.1656603431996742,0.016077847458296077,0.015951211597147585,0.3438404015392815,0.15118727487742575,0.10071326114029325,0.014034310949112366,0.0032293335103255314,1.0,0.16228024681679987
171,0.73,-0.17000000000000004,0.16549267711747578,0.01609844619900477,0.015799948218759716,0.3438653311533671,0.15121366109534795,0.0998315124161271,0.014239996361587154,0.003069566654766527,0.0,0.1552166848544949
172,0.73,-0.17000000000000004,0.16563769808513928,0.0160228733097712,0.015832561050287342,0.3438437683416698,0.15119083808313977,0.07990330981773416,0.014282006546633296,0.0032334671668363788,0.0,0.16444675341798498
173,0.72,-0.18000000000000005,0.1658427334507359,0.015874448808500412,0.015498588468865274,0.3323854339008365,0.1367739409774966,0.04277642265502177,0.014508734342581922,0.003571660181584166,0.0,0.16444679496904246
174,0.72,-0.18000000000000005,0.16578703217547086,0.015844923602020194,0.015308329265894254,0.3323931728903604,0.13678186876756512,0.03769956654663316,0.014817405480824653,0.003575267929932827,1.0,0.17143645799471674
175,0.72,-0.18000000000000005,0.16615242797028545,0.015925003111838802,0.015256717090840796,0.33234241232508815,0.13672987986866772,0.041323651238179784,0.015050714154846042,0.00361032270965172,1.0,0.18772084088287366
176,0.72,-0.18000000000000005,0.1664588835129498,0.016335235770062538,0.015113084668532945,0.33229985165689263,0.13668630751364558,0.041349718457274254,0.01527562915366167,0.0035880013670608088,1.0,0.2032208038862977
177,0.72,-0.18000000000000005,0.16708989733931698,0.016627438003680023,0.015048502076440021,0.33221225052699055,0.1365966763306862,0.041840025879969524,0.015483507195269542,0.00356259522221484,1.0,0.20595705944468312
178,0.72,-0.18000000000000005,0.16740646964188038,0.016638211446299386,0.01510979700529678,0.33216831945413755,0.13655175367334343,0.043976613897906164,0.015652950528507983,0.0035564780158825133,1.0,0.1836428392398901
179,0.72,-0.18000000000000005,0.16779759346967457,0.017106150001356672,0.015227556349005106,0.33211405882988115,0.13649629269559715,0.041394877545450064,0.015854741913554092,0.0035252526024918437,1.0,0.20734401401093927
180,0.73,-0.17000000000000004,0.16831153434533822,0.01751676667766632,0.015226243406089737,0.3434466862155865,0.15077126798319,0.041807517696974744,0.016023405339630172,0.0035252279174910247,1.0,0.20758271905396453
181,0.74,-0.16000000000000003,0.1691168034380046,0.01873276023993628,0.015392763748311663,0.35553372059382765,0.16648887472990037,0.04719242537254975,0.016114330764832836,0.003522220616003364,1.0,0.23634685436258684
182,0.75,-0.15000000000000002,0.16915398775159202,0.018734392596774226,0.015910980133984114,0.36863376541720294,0.183991567751576,0.04355995031333644,0.016265538715113395,0.0035436342108867416,1.0,0.1718169978833448
183,0.76,-0.14,0.16975745050800065,0.019229999810344466,0.01624432048801632,0.38263182507791454,0.20321496389984683,0.04345418946703942,0.016415080637285157,0.0034524718847461283,1.0,0.21521840786779878
184,0.77,-0.13,0.17054052709368275,0.019771160222864407,0.016139948999264537,0.3976992096382755,0.22440515977826683,0.04213837181359362,0.016562109972159258,0.0034195920891540842,1.0,0.22277907585987577
185,0.76,-0.14,0.17095191308419203,0.02002315344369724,0.016259934378555153,0.3824120339139864,0.2029637266812255,0.04934311819869655,0.016636087754607426,0.003448716216474882,0.0,0.20350346172110134
186,0.75,-0.15000000000000002,0.1712857290494774,0.02027718116658468,0.016257385490231462,0.36826983295320903,0.18358574336972286,0.0482161421246035,0.016707310701393644,0.0034522829864775065,0.0,0.2031435207877037
187,0.74,-0.16000000000000003,0.17162628879589634,0.020522944711299018,0.016149397949910906,0.3551352609883515,0.1660567365925316,0.04731184019019212,0.016789913730954967,0.00339640347881305,0.0,0.20320561802362702
188,0.74,-0.16000000000000003,0.17187180627361154,0.02076590418133135,0.015835637917266866,0.35509632533839786,0.16601457846120057,0.04551458025368666,0.01690122291937358,0.0033498667584026475,1.0,0.2044542548809103
189,0.74,-0.16000000000000003,0.17259327044537578,0.021159365826993914,0.01572831053510794,0.35498196056539105,0.16589081867256356,0.05299249367381484,0.016932114946076916,0.0034082644749272775,1.0,0.2197380441967749
190,0.73,-0.17000000000000004,0.17272978140568937,0.02120875842822645,0.015957220238948105,0.34279255368309014,0.15008305019590734,0.04667594330442645,0.017022565526692617,0.003431184788750531,0.0,0.18715192320130614
191,0.73,-0.17000000000000004,0.17320847478971133,0.021534485071222895,0.01609442563122655,0.3427218315068101,0.15000886253953813,0.043138661006614176,0.0171379626679246,0.003441024420656655,1.0,0.21144610525684593
192,0.74,-0.16000000000000003,0.17336450784816154,0.021598173432460215,0.01616435191752957,0.3548597872957268,0.16575872468717334,0.041577316756852015,0.017280924941167446,0.00345629108431491,1.0,0.18989092091965065
193,0.74,-0.16000000000000003,0.17377994935065313,0.021729629119551553,0.01595964160554368,0.35479401121529586,0.16568765692402895,0.045603926301148144,0.017373566124342422,0.003491013384434583,1.0,0.20119928333058934
194,0.75,-0.15000000000000002,0.1740856914189822,0.022183359564550652,0.01603946557108541,0.3677929116343996,0.18305542031859098,0.0436864271762287,0.017487402489218068,0.0034863518964467232,1.0,0.22180402321187875
195,0.76,-0.14,0.1741230281992702,0.022193943945278276,0.016380060867658777,0.3818297452201237,0.20229973434747014,0.044942583949674604,0.01757800088815999,0.0034955611707037995,1.0,0.1822613271151181
196,0.76,-0.14,0.17449738206480375,0.022673843031998174,0.016745095373285696,0.3817611223591657,0.2022216358694914,0.0448091210689882,0.01766987750353381,0.0034647079335820567,1.0,0.22178679737566998
197,0.76,-0.14,0.17520332275288036,0.023928448174206623,0.016744613899217387,0.38163178336139614,0.20207452501559106,0.04395379028955721,0.01777716235294973,0.0034564106443431665,1.0,0.2515584254264829
198,0.76,-0.14,0.17519894426477697,0.023921976379177604,0.016791101820019912,0.3816325852964582,0.2020754367882886,0.04158928985182457,0.017906351584269953,0.0034234227462999873,1.0,0.2103458017920583
199,0.76,-0.14,0.17543203015162234,0.024024183982490933,0.016644216419983576,0.3815898995048328,0.20202691061513747,0.05752963399962229,0.01791511107339259,0.0035526677796371875,0.0,0.1974819198119615
200,0.76,-0.14,0.175527165330621,0.02414606393790805,0.016308440361103262,0.38157247982788595,0.20200711110995817,0.06212263835558472,0.017914825603374915,0.0035828439143788175,1.0,0.2110923856109843
201,0.75,-0.15000000000000002,0.17580447156049858,0.024064685979165563,0.016304769733018993,0.36750076091054257,0.18273139208914368,0.09037147473068276,0.018116059235270234,0.0038164154382228487,0.0,0.182457195070709
202,0.74,-0.16000000000000003,0.17567771170320115,0.02405601380115696,0.016320258482433354,0.35449385187878113,0.16536378849873384,0.10513606020476184,0.01857296318104502,0.003942142762737459,0.0,0.1710491690738165
203,0.74,-0.16000000000000003,0.1757544372815933,0.02412518930451799,0.016391919196454052,0.35448172726890637,0.1653507212881176,0.10758850333932166,0.019052120510251506,0.003955544883257825,1.0,0.20127235244765274
204,0.73,-0.17000000000000004,0.17568636524206505,0.024149592359937133,0.016464043631669062,0.34235621387692705,0.14962600978535084,0.12602078366008085,0.019992715667924685,0.004091603814806439,0.0,0.1636638179698222
205,0.72,-0.18000000000000005,0.17528886686815107,0.024057625625768617,0.016343335164296112,0.3310782048452169,0.13544266518088136,0.12227908098578405,0.020736350150037563,0.004088076434239691,0.0,0.1611893999227927
206,0.71,-0.19000000000000006,0.1750619236036776,0.02405769993627155,0.016021793733236474,0.3204975136082465,0.12258225668942593,0.12284431519518663,0.021469853559643776,0.004070867010668292,0.0,0.1638203545498944
207,0.7,-0.20000000000000007,0.17514870707181032,0.023990094164464917,0.0159984932308604,0.31053411090913285,0.11090709271250813,0.12419483897965357,0.022203509413424926,0.004079220167024972,0.0,0.1607294715085119
208,0.69,-0.21000000000000008,0.1752434172481526,0.02393866995171089,0.015788502536384384,0.30117059760088316,0.10034309347144393,0.11958620480018234,0.022788011741738605,0.004098657167820825,0.0,0.16691977510607758
209,0.69,-0.21000000000000008,0.17499726110685976,0.023969498515095267,0.015573037508930068,0.3011986778753916,0.10036855235033652,0.12348474142532752,0.023439952666080927,0.004109014673207574,1.0,0.15981252569325743
210,0.69,-0.21000000000000008,0.17504170851992065,0.023938311980574556,0.015471667782292217,0.3011936071470793,0.10036395438844385,0.12363964071109924,0.024051189239465913,0.004090814649906434,1.0,0.16043459399783244
211,0.69,-0.21000000000000008,0.1751581228849327,0.023821570627390466,0.015162229874365492,0.30118032696695485,0.1003519136409078,0.121565361845442,0.024593655478700557,0.0040816883509966085,1.0,0.15697361795122644
212,0.69,-0.21000000000000008,0.17495166886945024,0.023873082447843787,0.014865657531701845,0.3012038793869702,0.10037326917886906,0.125526948273917,0.025180171611578175,0.004093528622193724,1.0,0.15878210883312116
213,0.69,-0.21000000000000008,0.17504969030430506,0.023783234518897772,0.014712137325637354,0.3011926965731327,0.10036312873955329,0.1261604786150597,0.025732935799172886,0.004077033253760562,1.0,0.15806050106126057
214,0.68,-0.21999999999999997,0.17504221158137764,0.023786769161278153,0.01460644213826294,0.29238704068813276,0.09081301426687506,0.1204085998460265,0.026155427357624005,0.004095748092316835,0.0,0.1634305934552771
215,0.67,-0.22999999999999998,0.17514749162201862,0.023691480116421977,0.014166172741127454,0.2840701996748556,0.08216209800001911,0.12188490841795058,0.026558043888200412,0.004070783502100297,0.0,0.15887255386803312
216,0.67,-0.22999999999999998,0.17476251812556312,0.02365431154462684,0.013828035435023733,0.2841092717931236,0.0821947078317747,0.11990683022319922,0.026928248232652656,0.0040600417550094095,1.0,0.1579919100620497
217,0.66,-0.24,0.17471610183104996,0.023683584529911934,0.013787670077184329,0.27626491101308404,0.07437640640639297,0.12757671250816058,0.027399180602538188,0.004128697641956654,0.0,0.1574913931460289
218,0.65,-0.25,0.17461997413025415,0.023735661812074975,0.013764623691117108,0.2688466012771054,0.067305226126843,0.10887069560145704,0.02755355976869072,0.004309989382718911,0.0,0.1570169398598904
219,0.64,-0.26,0.17452258335603218,0.023799450326165136,0.013734851492607638,0.26181637768081006,0.060906403357498015,0.07867482029600006,0.02748303462245646,0.0045896106174095775,0.0,0.15413458701046956
220,0.63,-0.27,0.17457071991192813,0.02377092286604643,0.013720420255607907,0.25513254622356235,0.055107657231338536,0.04652133771999842,0.02756893977614347,0.00487580619570992,0.0,0.1628575195204096
221,0.63,-0.27,0.17518807491923305,0.023871493032368424,0.013813840599858452,0.25508202129246876,0.05507259798057873,0.04412212543205862,0.027652547439535526,0.004891960136997813,1.0,0.20962773968839188
222,0.62,-0.28,0.17535754449646926,0.02400327826147824,0.013696022860826804,0.2487239981027694,0.04982304618975002,0.04611231207990957,0.027720672943220098,0.004853483427502853,0.0,0.20236080276870516
223,0.61,-0.29000000000000004,0.17592526005292375,0.025317545757342373,0.013937938784201385,0.24264572951374594,0.045055401806211155,0.04306919886733804,0.027857254928836006,0.004851593185002217,0.0,0.2611162937743423
224,0.61,-0.29000000000000004,0.1770215477507563,0.027312239450255772,0.014001645405815008,0.24256458678078036,0.04500459670494586,0.04165630793351698,0.02798971196701727,0.004855352332690102,1.0,0.2791676933205991
225,0.61,-0.29000000000000004,0.17811430289837196,0.0295548632592635,0.013926540751303838,0.24248375950231357,0.04495406920800512,0.040458219988223326,0.028128096294415168,0.00486265648704004,1.0,0.2905588823054237
226,0.61,-0.29000000000000004,0.17850833344444939,0.030103065911209422,0.01418407624834738,0.24245462765219122,0.04493587759671542,0.039233877940608244,0.02828272832557934,0.004829923970213481,1.0,0.2395129719330269
227,0.6,-0.30000000000000004,0.17910360996675173,0.030603512244609835,0.014166216068528746,0.23667341518492946,0.040634821300582394,0.04098842800703444,0.028383503105458768,0.004797042847376395,0.0,0.23408767339043068
228,0.6,-0.30000000000000004,0.18008481398015314,0.03176248511004633,0.01443533296453653,0.2366043186127816,0.04059393974992282,0.039194165134770684,0.028538963361896444,0.004799113024804558,1.0,0.26548696615569467
229,0.6,-0.30000000000000004,0.18082179213850963,0.03241744990025875,0.01456519684482421,0.23655244699762965,0.04056328784592432,0.042394731325231846,0.028665220614497253,0.004812938436025969,1.0,0.24582110071169927
230,0.59,-0.31000000000000005,0.18196043849963786,0.03382203697904962,0.014828396681765546,0.23100961046712906,0.0366604117654297,0.04222782233039323,0.028781641143429557,0.0047874603170096975,0.0,0.2791785796933577
231,0.58,-0.32000000000000006,0.18262765693181024,0.03400069169013207,0.01532133757188406,0.2257507927078401,0.033149077625154066,0.03670620772683218,0.028944012178727458,0.004823182929421557,0.0,0.22473509167330508
232,0.58,-0.32000000000000006,0.18376402267936076,0.0352245653164477,0.015837668467637324,0.225677987631585,0.03311059860542215,0.03702154755675939,0.029086730654722476,0.00476574462836842,1.0,0.2772921631094398
233,0.58,-0.32000000000000006,0.1848716313937369,0.03634376098898288,0.015285222149926806,0.22560707014878978,0.033073179213608,0.041636268808580006,0.02921276070121831,0.004765894729993445,1.0,0.2758567725485631
234,0.58,-0.32000000000000006,0.1855930619541121,0.03774712400950025,0.014828451699516661,0.22556090267548032,0.033048851895145955,0.03922797606209537,0.0293835818599707,0.004774167063440991,1.0,0.29336653316268524
235,0.58,-0.32000000000000006,0.18682243651038075,0.038830902931057044,0.014875891996193243,0.22548227317969535,0.03300747857903626,0.03831044224909132,0.029556151831294526,0.004729440790455878,1.0,0.28143089754730477
236,0.58,-0.32000000000000006,0.18801061496700672,0.039535828044292814,0.014686166875817233,0.22540633062034965,0.03296758999608672,0.03933347036252978,0.029730514968379324,0.004718179245564488,1.0,0.2700722413386427
237,0.58,-0.32000000000000006,0.18905761517728104,0.04071553867588533,0.014581007788328479,0.2253394538706925,0.032932520758244876,0.03899682043191324,0.029908590281988817,0.0046694098628824905,1.0,0.28609585982936037
238,0.58,-0.32000000000000006,0.19033706411619755,0.041624133707935475,0.014395656086915764,0.22525778340274932,0.032889766821426615,0.03865268286609285,0.030076221112667938,0.004622964091115431,1.0,0.2829063645414802
239,0.58,-0.32000000000000006,0.19163886608364966,0.04317775425433677,0.014335079129402713,0.22517474682255664,0.032846379722581615,0.03996449867300282,0.0302368013327255,0.00462033844441318,1.0,0.306680981122772
240,0.59,-0.31000000000000005,0.19266352956220292,0.043315437812038136,0.014861431328345782,0.23029355593839773,0.03626321038934493,0.037382336848950794,0.03042251337384291,0.0045954167862159835,1.0,0.24919539685780867
241,0.6,-0.30000000000000004,0.19463725683981076,0.04584530030338243,0.015811997757676197,0.23558424887863702,0.039997132013202756,0.04346600362831348,0.03053755824945613,0.004619759194402797,1.0,0.3494784933328625
242,0.6,-0.30000000000000004,0.19625427358578615,0.046937470913299174,0.016176607389029804,0.2354714449932857,0.039931898343047785,0.036789651124062746,0.030721628904686552,0.004652680075789589,1.0,0.30763042019827447
243,0.61,-0.29000000000000004,0.19783001052686056,0.047667724283130486,0.016089082851016078,0.24103465549676478,0.04406154472703067,0.03985548383739346,0.030865787955581557,0.004667772923107768,1.0,0.2977507200775993
244,0.61,-0.29000000000000004,0.1997375789066473,0.04983222963243257,0.01655689165973961,0.24089536769173936,0.04397706643425513,0.0385395765841881,0.031022573441444545,0.0046725984887726725,1.0,0.3494784933328625
245,0.61,-0.29000000000000004,0.2005120570023909,0.04970627648723436,0.017746998346923466,0.2408388623901759,0.043942860397538606,0.04109658398947879,0.031152573205032553,0.00466242571736456,1.0,0.23075476373691273
246,0.62,-0.28,0.20187158402914945,0.05027722662739264,0.018323760845167954,0.24667826245891084,0.04849815270586659,0.0410754116566544,0.03128069799447287,0.0046624471739837555,1.0,0.2901628244031673
247,0.63,-0.27,0.20332109718740907,0.05103261750990809,0.018412541687690027,0.2528006318023122,0.05352094058963248,0.04242855719404601,0.03139383390745144,0.004612149868610355,1.0,0.3014700108933097
248,0.64,-0.26,0.2040294483117032,0.05083434135681889,0.019167384071578752,0.25929729221391323,0.05910785581087151,0.04071506750256459,0.031508704809729775,0.0045836109761707745,1.0,0.22483592441631473
249,0.65,-0.25,0.205268864893323,0.05106344486280657,0.019594028222388007,0.2660893782781641,0.06524335700619202,0.040508835523653516,0.03160522412339305,0.004564008466424216,1.0,0.27603777967686005
250,0.66,-0.24,0.2064212098778304,0.05135221655950185,0.019562784733701228,0.27325503791858646,0.07202210512957563,0.0426526286774191,0.03166853573995443,0.004544340884389026,1.0,0.27629470429606284
251,0.67,-0.22999999999999998,0.20743414268714966,0.05138039890098315,0.01970554210168585,0.2808311397631497,0.0795163215176001,0.04718114092478964,0.03167093225660559,0.004570206970030509,1.0,0.2590034567780466
252,0.68,-0.21999999999999997,0.20807230238427185,0.051115245292162215,0.01995774655669346,0.2888786466049234,0.08782322790812985,0.049125233612418356,0.031643188150681005,0.004578512453713737,1.0,0.218367877470804
253,0.68,-0.21999999999999997,0.20943292763008092,0.051894503157187584,0.02065606236185156,0.2887359282486413,0.08770428415707805,0.04842756860698595,0.03160580872395869,0.004562488739122068,1.0,0.30628177060097994
254,0.69,-0.21000000000000008,0.21066490900782878,0.05196540841160153,0.020898124561471956,0.29718375105490596,0.09680950643573043,0.05076093929834378,0.03153189927222504,0.004536293011881425,1.0,0.2746367553753344
255,0.69,-0.21000000000000008,0.21183256317354263,0.05210573287909997,0.020905992875948395,0.2970541227269676,0.09669725553335864,0.049207774329779505,0.03149870856767769,0.004494649439838686,1.0,0.27588489163515706
256,0.69,-0.21000000000000008,0.21300940614529812,0.052220149720090626,0.02090983291952762,0.29692358866731455,0.09658438436102333,0.05147098845626444,0.03140376977829018,0.004427099781336826,1.0,0.2763345991126691
257,0.68,-0.21999999999999997,0.21418188385724124,0.05230423625932338,0.020889584828844156,0.28823890507797534,0.08729165056339082,0.04531826266853966,0.03140470434362077,0.004471512863619581,0.0,0.27596761629460187
258,0.67,-0.22999999999999998,0.2153178774982267,0.052269433135669126,0.020928921147130172,0.28005141722742705,0.07889595921503877,0.04896999496413225,0.03136864480562993,0.004459956714663768,0.0,0.26994766540310344
259,0.67,-0.22999999999999998,0.2170920626997978,0.05316888854065673,0.021502339958315558,0.2798765420095833,0.07875768251973558,0.04455410860688126,0.03131455121910281,0.004464674104398777,1.0,0.33164116608048566
260,0.67,-0.22999999999999998,0.21863148571621047,0.05369489163961841,0.02161922067797288,0.279724983343788,0.07863809489561195,0.048487024464316145,0.03119431079111751,0.004481140755227518,1.0,0.31308998593466697
261,0.67,-0.22999999999999998,0.21966541371771808,0.05339977101548827,0.022115780231247356,0.2796232835840077,0.07855797950838166,0.04680648864893551,0.031097884151673395,0.00449694310001826,1.0,0.2555604955444175
262,0.68,-0.21999999999999997,0.22155482075094932,0.05460329003922299,0.023022605371668673,0.2874706390097043,0.08665865875871594,0.045818427388245486,0.031000634779062692,0.004481542420070055,1.0,0.3494784933328625
263,0.69,-0.21000000000000008,0.22242223124758584,0.054249121548749384,0.02404367808945896,0.29588364290629465,0.09569099366902659,0.05389836255659011,0.030887349870992113,0.004553059689866343,1.0,0.24313653078665665
264,0.7,-0.20000000000000007,0.22383864419713778,0.054218563028051614,0.024205967047901143,0.3047397875401104,0.10560790890432416,0.051478078757821524,0.0307672126001611,0.004548041651739017,1.0,0.2927810125932273
265,0.7,-0.20000000000000007,0.22470710009358263,0.05428047632113129,0.024139436547898508,0.3046383995262539,0.10551798302393221,0.0490822120382655,0.030620377241716353,0.004566827509748062,1.0,0.27156318220331466
266,0.7,-0.20000000000000007,0.22570093298593868,0.05393886592065755,0.02427422987453729,0.30452245710156156,0.10541526247125314,0.04819347992956506,0.030463849100573853,0.004516839838063854,1.0,0.25629653190426627
267,0.71,-0.19000000000000006,0.22760736438296267,0.05490232748767623,0.025158781098498575,0.3138507847198236,0.11628473163297935,0.05585307687096001,0.030206081318566464,0.004544231019007076,1.0,0.3494784933328625
268,0.72,-0.18000000000000005,0.2289289614370465,0.05495666512956883,0.025667251674491076,0.3238457884515954,0.12834866042251653,0.05872814509303713,0.02999942186926695,0.004526568400354085,1.0,0.296606449295276
269,0.72,-0.18000000000000005,0.23021161392085798,0.05487434684188276,0.025728473433049934,0.32367671175451984,0.12818811304691946,0.05862756900338649,0.02972742800056955,0.004523372817030445,1.0,0.29017853525371384
270,0.72,-0.18000000000000005,0.23135230049687827,0.054635451538696145,0.025796817563075985,0.323526496969251,0.12804567234684913,0.05599526586300971,0.029442999121390718,0.004541055184870957,1.0,0.2763489044188301
271,0.73,-0.17000000000000004,0.23266765975110032,0.05436936654416814,0.02580867248524151,0.33415858613744337,0.14133125986045722,0.06380681430931731,0.029164102250711196,0.004418664738890297,1.0,0.28675261027670707
272,0.74,-0.16000000000000003,0.23314073740121988,0.05397811491837354,0.026566228548834548,0.3456397220376193,0.15612334202679912,0.06659448023314639,0.029098485314359303,0.004071803918295516,1.0,0.21175451842993875
273,0.75,-0.15000000000000002,0.23407784391053227,0.053589443935385804,0.026964342331103876,0.35786312778950635,0.1723858850090323,0.07170014979818537,0.029081324003178203,0.004072094963312187,1.0,0.25815744590027645
274,0.75,-0.15000000000000002,0.23479509727139283,0.05322499223233955,0.026951324845561935,0.35774765188330515,0.17226584107256662,0.07211675892435701,0.02902952639490151,0.004039696220227591,1.0,0.243161794080772
275,0.75,-0.15000000000000002,0.23524156672092428,0.053015087714969995,0.0269037899490097,0.35767580910006724,0.17219120158706847,0.07228519837810263,0.028999610675478595,0.004041134323607906,1.0,0.23236778583601936
276,0.74,-0.16000000000000003,0.23550527121433842,0.05292065715074519,0.02690419678789781,0.3452848500318059,0.1557651796516367,0.07586246385659909,0.02898378793475177,0.004072315718110948,0.0,0.2295912532277109
277,0.73,-0.17000000000000004,0.23581736574783918,0.05283744107464818,0.026755318397617585,0.3337168876943402,0.140899498913712,0.07338944672359812,0.028954918846762445,0.004075713992000487,0.0,0.2371665127947622
278,0.72,-0.18000000000000005,0.2364941860732438,0.05259771961629359,0.0266589263189766,0.3228510992734782,0.12740750082664992,0.06999179558849682,0.028922833024689055,0.004083955555461549,0.0,0.2513248717803529
279,0.71,-0.19000000000000006,0.23681078059659735,0.05251652612563292,0.026780973797673916,0.3127148696632909,0.11524770809789382,0.06716322147185388,0.028864567381048298,0.0041083589288465824,0.0,0.23900346634629344
280,0.71,-0.19000000000000006,0.23745651779545263,0.05255015603778764,0.026825305487417142,0.3126354793269152,0.11517564161944681,0.06434768811349685,0.028802214060671853,0.004082405652915087,1.0,0.27215643893949504
281,0.71,-0.19000000000000006,0.23751655486082388,0.05255228347271251,0.02647455823045294,0.31262810010160197,0.11516894585687897,0.06786716512351867,0.028775354290391904,0.00408126425847881,1.0,0.2423505608997083
282,0.71,-0.19000000000000006,0.23820813339679997,0.05213654665980158,0.026050056204536806,0.3125431224928879,0.11509187217434286,0.06948583794908317,0.028730450456259417,0.00409654619766333,1.0,0.240974851480952
283,0.71,-0.19000000000000006,0.23888063855628555,0.052269227422134204,0.02639281786457046,0.31246053281388975,0.11501702301012103,0.0624277575647437,0.028672366141519613,0.0041545488515107405,1.0,0.2824689238163609
284,0.71,-0.19000000000000006,0.23888047388750241,0.052269278174093076,0.02680120878069191,0.312460553031354,0.11501704132567875,0.06340043203110339,0.028604365300715095,0.004091598630109293,1.0,0.22276260898156264
285,0.72,-0.18000000000000005,0.23931517464551422,0.052153888857720425,0.027042127847432505,0.32248175294686493,0.12706007624393914,0.06500558701109552,0.028577309498221716,0.004096428720067869,1.0,0.2469735375222788
286,0.72,-0.18000000000000005,0.23977284148572586,0.05203513644314858,0.027061062898449322,0.3224219112109932,0.1270038899106654,0.07099561573298853,0.028555782824860508,0.0041477996977192,0.0,0.24891020480886672
287,0.73,-0.17000000000000004,0.2403854670310119,0.051961592451020264,0.027205601594268346,0.3330783517378725,0.14027797146806964,0.06927612158065223,0.02852318856523663,0.004147014184747794,1.0,0.26446817255223354
288,0.73,-0.17000000000000004,0.24077290267726095,0.051836527245414606,0.027266071934981023,0.3330243078034019,0.14022550984273083,0.06722575968465956,0.028474604282178555,0.004092190431978749,1.0,0.2431978195058131
289,0.73,-0.17000000000000004,0.24113896591475267,0.05181593970163974,0.02706971261624026,0.3329732612467328,0.1401759782377544,0.06740771037851771,0.028460790215324015,0.004030224778690563,1.0,0.2563443679459454
290,0.74,-0.16000000000000003,0.24175822281161133,0.05153632060409193,0.026897718404151713,0.3443499017335153,0.15482589922742637,0.06925381616341339,0.028419920010969938,0.004013142187651002,1.0,0.24907761288717145
291,0.74,-0.16000000000000003,0.24236898163217424,0.051535377775149493,0.026916801132321148,0.34425885175055715,0.15473476165382025,0.07158713886456218,0.028359742437242322,0.004020939949786221,1.0,0.27252198731314126
292,0.74,-0.16000000000000003,0.2428384956837813,0.051268320526784636,0.02716297586789534,0.344188890816237,0.15466477356929956,0.0711636518221183,0.028283608708040486,0.003984544772999836,1.0,0.23684232608035782
293,0.74,-0.16000000000000003,0.24312509382512215,0.05111462568453247,0.027025384845010453,0.34414619962845533,0.1546220829444009,0.07079654925471597,0.028232506044565096,0.0039688842017117825,1.0,0.22985909746467237
294,0.74,-0.16000000000000003,0.24364053527988272,0.051156893386886455,0.02706524722002567,0.34406944696179365,0.15454536392239063,0.07251124853288374,0.028170120896345158,0.003973515944183721,1.0,0.2733481686879393
295,0.74,-0.16000000000000003,0.24447250562620598,0.050827371266950805,0.026745695065277613,0.3439456332343488,0.15442169278627393,0.07118686007853599,0.02811031134772257,0.003985545495432825,1.0,0.2654583617474451
296,0.74,-0.16000000000000003,0.24470520875642773,0.05077622005625022,0.026651044795568422,0.3439110183283007,0.15438713723217162,0.0672717385388073,0.02804085783736964,0.00401645247280957,1.0,0.24505711039784162
297,0.74,-0.16000000000000003,0.24453536714381344,0.050781417581859986,0.026340643003632706,0.3439362818114972,0.15441235655858992,0.0780874765240259,0.02799232367541991,0.004101818508642762,1.0,0.2345742641650539
298,0.74,-0.16000000000000003,0.244881842258432,0.05066502896451523,0.026315947721903033,0.34388474850651884,0.15436091813339398,0.07673771693734266,0.0279145265834109,0.003954438866611302,1.0,0.24499331325391394
299,0.75,-0.15000000000000002,0.24560163236208382,0.05049753312124955,0.026425615915076826,0.35601680440600647,0.1704772183159476,0.08241536630449751,0.027953027432746774,0.003965394876825367,1.0,0.26946093017714223
300,0.75,-0.15000000000000002,0.24573813513410378,0.05042245832283615,0.02658807123653026,0.3559950483099518,0.17045486283685754,0.0770670550679552,0.027973041187026922,0.00373407644108238,1.0,0.2247426628129776
301,0.76,-0.14,0.24634835252295395,0.050020577807569036,0.02666209391477125,0.3690315765709902,0.18827138877081673,0.0797995168878167,0.02790033188089089,0.0036125398385145253,1.0,0.24347893395572862
302,0.77,-0.13,0.2468040626742969,0.04953774825416995,0.026628109736728627,0.38308770569568296,0.20798106509407374,0.08595093857924789,0.027694518427446354,0.0036499032582809027,1.0,0.21662018420811213
303,0.77,-0.13,0.24710472883881393,0.049351377152457236,0.026396900142924742,0.38303222484301874,0.20792107013996056,0.08735555426980737,0.027460136535523073,0.0034779066458546434,1.0,0.23133896889935812
304,0.78,-0.12,0.2476061144694434,0.048752165561346664,0.026549043272415265,0.39818794038223626,0.2296778364946956,0.09079196243325721,0.026900765877748565,0.0034748228629167956,1.0,0.21380238103276694
305,0.79,-0.10999999999999999,0.24809519191281992,0.048124060438686556,0.026559894607215445,0.4145950817503045,0.25371427279655534,0.08550516950102688,0.02636218900600979,0.003522515375268591,1.0,0.21009714426044734
306,0.79,-0.10999999999999999,0.248949940095751,0.047372845767031824,0.026924613249045444,0.41441040253420763,0.2535065800670339,0.08724710996249777,0.02580925832365842,0.0035264690790767117,0.0,0.24929517284299996
307,0.79,-0.10999999999999999,0.24941769159487584,0.04672597091794939,0.027284211711918575,0.4143094085107532,0.2533930664078745,0.08090674285397534,0.025156641682864904,0.0035439613308853096,0.0,0.20750462142099413
308,0.8,-0.09999999999999998,0.25018177459118474,0.0459896108646794,0.02757427437760705,0.43203711959566116,0.2798379605530243,0.08418782258784616,0.024614000621628353,0.003537724392589609,1.0,0.24332807473697282
309,0.8,-0.09999999999999998,0.2510472118985069,0.045086313446325806,0.02759857855320221,0.4318340716397624,0.2796064829373219,0.074040321971705,0.023891318797531598,0.0036386597595630373,1.0,0.24635625642546866
310,0.8,-0.09999999999999998,0.25217139998785354,0.0442058875690341,0.027831267143711546,0.431570600664665,0.27930636871383824,0.0762704479639437,0.023143553743802878,0.00364023397296285,1.0,0.2728534029324987
311,0.8,-0.09999999999999998,0.25298120114803235,0.04318448750500962,0.028165521467767095,0.43138101027821724,0.27909058237884493,0.06942510551403613,0.022383977738018507,0.003669362821664189,1.0,0.23795373396910424
312,0.8,-0.09999999999999998,0.2536734463375534,0.04221283407785986,0.028258708320413745,0.4312190740669072,0.27890638514284755,0.07255503205824264,0.021484783854242323,0.0036945789449274596,1.0,0.2280066277852255
313,0.8,-0.09999999999999998,0.2543740244598218,0.0411891350526714,0.028205593099291132,0.4310553122767369,0.27872021800382757,0.07706781099320352,0.020542897725283872,0.0036820627849873354,1.0,0.22811831328810306
314,0.81,-0.08999999999999997,0.25519628571679637,0.040173642733785896,0.0283367079101738,0.4502634639966638,0.30779234677712447,0.07325739105470541,0.01969887729948004,0.0037056396674779828,1.0,0.24565671915273124
315,0.82,-0.08000000000000007,0.25628565734368713,0.03900696364962676,0.028551580168743443,0.47118872589262706,0.33981073006375484,0.07597480826283802,0.01877824052690614,0.0037131077383202177,1.0,0.26780971655711006
316,0.82,-0.08000000000000007,0.2568989464711528,0.03792379822729814,0.029036311247859308,0.4710175580037008,0.3396126472318995,0.07259076516610907,0.017838444003435216,0.0036698164333885766,1.0,0.21932082280861875
317,0.83,-0.07000000000000006,0.25788272748966296,0.03658467750322452,0.02940069729737735,0.4939978617886765,0.37497939012383363,0.06914390070909823,0.016511428388191106,0.0035156835803613774,1.0,0.25586949499704326
318,0.84,-0.06000000000000005,0.2590527536888698,0.03518429435316584,0.029554916609843093,0.5192723720272397,0.41395639000199763,0.06476063429490347,0.01574642359346001,0.0032549501572173155,1.0,0.27401955978057235
319,0.85,-0.050000000000000044,0.2603009503265607,0.033619325590451915,0.02951665154407586,0.5472431466552685,0.45695154836110025,0.07086381860455303,0.015665928295953993,0.0029918158312945667,1.0,0.27895425077955593
320,0.86,-0.040000000000000036,0.26140707875133673,0.03218412100756689,0.02909961789370776,0.5784585599393454,0.5044808824367742,0.08346410224033067,0.015812942867739883,0.0030948569560202014,1.0,0.2734703619980148
321,0.86,-0.040000000000000036,0.26185036146844726,0.031770510382606226,0.029223329142989442,0.5782720893581598,0.5042693237335337,0.08885605802024818,0.01601956370451919,0.003129218260384511,1.0,0.2539560113994421
322,0.87,-0.030000000000000027,0.2624083657521592,0.031205768410240416,0.028672316301927053,0.6135001417610315,0.5570097519407711,0.0879568587212688,0.0162133613765155,0.0031075625642876196,1.0,0.2581612311399031
323,0.88,-0.020000000000000018,0.26205473241906635,0.03141805879437716,0.02881733520221579,0.6537884455882738,0.6157968839170117,0.09239955846473752,0.01644621254652054,0.0031381666936780004,1.0,0.225752960465061
324,0.88,-0.020000000000000018,0.26166232736447026,0.03144691057407058,0.028845446701317817,0.6539994416034032,0.6160255252407071,0.0921796301912281,0.016641429836886247,0.0031282862929529064,1.0,0.23992718786098588
325,0.88,-0.020000000000000018,0.26138275727437976,0.03131275688612143,0.02855886867165112,0.6541498494077599,0.6161885249983566,0.09195259107922342,0.016800637462622624,0.0031182125259265393,1.0,0.2626018732963804
326,0.88,-0.020000000000000018,0.26101164019509643,0.031786102408084986,0.029112154638813705,0.6543496161011775,0.6164050333544718,0.09240261886979016,0.016934892916755886,0.00310503553324109,1.0,0.20240126400468927
327,0.89,-0.010000000000000009,0.2610585206771422,0.03174979479292077,0.029162408828965782,0.7001359778827573,0.6812026810229518,0.09388853373295465,0.01710116947516985,0.0031019209068865517,1.0,0.23877572159500926
328,0.89,-0.010000000000000009,0.26082819099834265,0.031800339445922886,0.02900091803337729,0.7002779907893025,0.6813512580974249,0.08661886015829193,0.017109917903390504,0.0031430230016764667,1.0,0.24245399827574388
329,0.89,-0.010000000000000009,0.2606640678687399,0.03191949739406087,0.028795743604515287,0.7003792183006143,0.6814571673506086,0.09152631576202439,0.01722116602359214,0.0031909073108572126,1.0,0.22940878775142393
330,0.9,0.0,0.26056349450343874,0.03187681862335435,0.028646945295341182,0.7531983872421688,0.7531983872421688,0.08969602512190307,0.017287334882758184,0.003153621210216407,1.0,0.26912124316324015
331,0.91,0.010000000000000009,0.26045220563699156,0.032020810517366764,0.028676823746841402,0.7005099335133276,0.6815939315135021,0.09818217849857207,0.01740580054708341,0.0032361546803855155,1.0,0.2136062050285834
332,0.91,0.010000000000000009,0.25997900806501795,0.032117950284583134,0.028827640012726436,0.7008020642271504,0.6818995947061374,0.11565665695111452,0.017919438655366455,0.0033660512177665445,1.0,0.2299724059120778
333,0.9,0.0,0.259380917266138,0.03237257463596236,0.028791427413104094,0.7540430047000585,0.7540430047000585,0.09953148317862319,0.01808343629702188,0.0035046055715645926,0.0,0.216047692660567
334,0.89,-0.010000000000000009,0.25906054957213737,0.032192681035440124,0.029128260094787684,0.7013697748161944,0.6824936584900096,0.09508004285955536,0.018117397211689555,0.0035403015968783684,0.0,0.2613297637626235
335,0.88,-0.020000000000000018,0.25883340317081044,0.03211407755872099,0.029039925247710405,0.6555245921622922,0.6176788825112614,0.09025922411630508,0.018051109651918584,0.003578663118391619,0.0,0.258716257414612
336,0.87,-0.030000000000000027,0.25837879808548847,0.032273137809261575,0.02922256066303814,0.6154133625189847,0.5591401232078549,0.07618141371602632,0.017860692869672023,0.003717462719095277,0.0,0.2246117328064492
337,0.87,-0.030000000000000027,0.25803654071287346,0.03215866224517559,0.029465680809235364,0.6155764147508059,0.5593218205685716,0.07224075950322612,0.017640295080657748,0.003753791170074871,1.0,0.25187012256785435
338,0.87,-0.030000000000000027,0.25789049239090484,0.03207844831730911,0.029391507003129064,0.6156460188248876,0.5593993905539119,0.0746869356076152,0.017412833035074324,0.0037652493548978924,1.0,0.2683015323446225
339,0.86,-0.040000000000000036,0.2573166053609705,0.03171169618770145,0.029002857204647455,0.5801849436117851,0.5064414887477491,0.06899349280993393,0.017184956474025837,0.0037966764354396025,0.0,0.24929227812933852
340,0.86,-0.040000000000000036,0.25748390394676457,0.03171254065145371,0.02815790650598912,0.5801141331849791,0.5063610019531783,0.06870821838022204,0.01690347810939684,0.00373810681574616,1.0,0.26592525543721734
341,0.86,-0.040000000000000036,0.25641188589024233,0.030368051655631056,0.027974073118332526,0.5805681728685493,0.5068771899881356,0.06682210508566966,0.016716047321920616,0.003689720561102742,1.0,0.24227668768063193
342,0.86,-0.040000000000000036,0.25605232984734344,0.02996974255097713,0.028171228957798018,0.5807206174888783,0.5070505557920435,0.07366109931095412,0.016410863665656087,0.003727833303647729,1.0,0.2716748159083908
343,0.86,-0.040000000000000036,0.2557581138822844,0.02970216397337593,0.02768252106973161,0.5808454187835148,0.507192505060951,0.07093400087200284,0.016145869901811133,0.0037420877600694053,1.0,0.2683291235717018
344,0.86,-0.040000000000000036,0.25505107179816394,0.028269789214667614,0.02658879815814736,0.581145553196307,0.5075339542048763,0.07006507004479447,0.015844606671659555,0.003725036481502917,1.0,0.2787742849208106
345,0.86,-0.040000000000000036,0.2553803996137134,0.028176502734044956,0.02614110804665947,0.5810057172646287,0.5073748559957303,0.06467809214006114,0.01558990812658658,0.0037792365377848263,1.0,0.26368754529185656
346,0.86,-0.040000000000000036,0.25513837839293446,0.027979956922101895,0.026049855223864264,0.5811084753738823,0.5074917666857404,0.07040924641945315,0.015316841471300574,0.003823458848310083,1.0,0.2659607023252726
347,0.86,-0.040000000000000036,0.254645046631577,0.027590913433164284,0.025415408568214864,0.581318048279662,0.5077302422827087,0.06719199348889554,0.01506271533790605,0.0038386483759775187,1.0,0.25213683475756765
348,0.86,-0.040000000000000036,0.2550234649320601,0.02743856246134427,0.025004692047472524,0.5811572784095815,0.5075472956097367,0.06865120655583067,0.014763393110116244,0.0038513047506040237,1.0,0.26267775446462105
349,0.86,-0.040000000000000036,0.25486351930885476,0.0273621105224868,0.025028708335241113,0.5812252199726515,0.5076246053791541,0.057166904457426615,0.01451249859777856,0.003945653325802393,1.0,0.26004321735632807
350,0.86,-0.040000000000000036,0.2546713583510603,0.02727827479356982,0.02488399481323801,0.5813068669479357,0.507717517591699,0.06496543507164251,0.014244491143789288,0.003978683814356386,1.0,0.25707860851661835
351,0.86,-0.040000000000000036,0.2548905312319369,0.027399979399954578,0.024714364076286934,0.5812137447565524,0.5076115475044507,0.059107042497311656,0.014092081393989986,0.004018222197050348,1.0,0.2809207448657036
352,0.86,-0.040000000000000036,0.2547821223009163,0.027565215978814183,0.0245676960698908,0.5812598018226655,0.5076639576928607,0.0539075219149162,0.01402466599764391,0.004063695485706539,1.0,0.20752698436874417
353,0.86,-0.040000000000000036,0.25447540887994285,0.027158113050771916,0.02493576100836804,0.5813901472435892,0.5078122966285904,0.05723693800610817,0.013907532248731695,0.004073756550351329,1.0,0.27561042850363626
354,0.86,-0.040000000000000036,0.25442427182676985,0.027124896416493002,0.024984642242567804,0.5814118848795934,0.5078370369943864,0.05905526173480888,0.013808298496077323,0.004076434921665839,1.0,0.269523050058037
355,0.86,-0.040000000000000036,0.25431569177089264,0.027060428456224788,0.025025515540881896,0.5814580461117141,0.507889576570725,0.05724126407451174,0.013701154490469844,0.004071897381603336,1.0,0.2650268860474294
356,0.86,-0.040000000000000036,0.25424881418013023,0.027014152473998833,0.02506847484563885,0.5814864817950165,0.5079219426228342,0.05409901452681186,0.01366497395400828,0.004041488530693993,1.0,0.2696468400364347
357,0.87,-0.030000000000000027,0.2542010206960634,0.02697989134406668,0.02502323723917402,0.6174095927658014,0.5613661251634985,0.061686181183196465,0.01344501834979581,0.004081240392924216,1.0,0.2711882678879154
358,0.88,-0.020000000000000018,0.2537772938384028,0.02706187142304109,0.0248406088308254,0.6582682718633263,0.6206561249021479,0.0685884813538219,0.013252216840170144,0.004106355683968402,1.0,0.22757497963704743
359,0.88,-0.020000000000000018,0.25287707180646096,0.02593038583053689,0.024795081589445975,0.6587591845837739,0.6211892247212268,0.06764477234604255,0.012970227852797906,0.004076161675386022,1.0,0.2416189628863028
360,0.88,-0.020000000000000018,0.252192834994107,0.025225680287990375,0.024244756856342115,0.6591328054200478,0.6215950338607152,0.07019281553179108,0.012750896592932815,0.004084924376096809,1.0,0.2446663046992703
361,0.88,-0.020000000000000018,0.25206216827494765,0.025241734667793635,0.0233180344652547,0.659204202906631,0.6216725903569471,0.07128983103463112,0.012488637464566714,0.004086024923997314,1.0,0.24249382362847904
362,0.88,-0.020000000000000018,0.2511032050682925,0.023266913393555504,0.02235587675305935,0.6597286628298551,0.6222423703329898,0.05772117029682548,0.012287070049500463,0.004141466596416113,1.0,0.2535821726673455
363,0.88,-0.020000000000000018,0.25137298275964776,0.023329295256068062,0.02202140852526409,0.6595810362394587,0.6220819729904769,0.060449342164701145,0.012203256777937273,0.004144576576912144,1.0,0.2701142999221857
364,0.88,-0.020000000000000018,0.2509670156644595,0.022955425086936845,0.021988198085444652,0.6598032129142838,0.6223233736773822,0.05170296569523146,0.012199333898281426,0.0042087231400425845,1.0,0.2521843030743973
365,0.88,-0.020000000000000018,0.2509560558174503,0.022945848665061063,0.022018665197858254,0.6598092130674258,0.622329893341249,0.05135781572681568,0.012156979045634734,0.004203232411352841,1.0,0.2704671975023918
366,0.88,-0.020000000000000018,0.25108974603261947,0.02301541535675072,0.02108553067919772,0.659736029556273,0.6222503746195686,0.05740471597372349,0.012003371410094022,0.00418694254575196,1.0,0.26966555342118825
367,0.88,-0.020000000000000018,0.24996426164212537,0.020824124031558096,0.020882131235764923,0.6603526396625757,0.6229204461511085,0.04835366442878471,0.01213293365662055,0.004249326215679856,1.0,0.2369300542834485
368,0.88,-0.020000000000000018,0.2496928332928904,0.02038670594311368,0.021145824630176783,0.6605015174772084,0.6230822605321932,0.04587858449086041,0.012348628604853387,0.004273311103036155,1.0,0.2694636143717848
369,0.88,-0.020000000000000018,0.24932521338171598,0.019980750096123504,0.021168223007960965,0.6607032632014429,0.6233015544370103,0.043336688806498255,0.012614811542235572,0.004272397896409745,1.0,0.25341654413626746
370,0.88,-0.020000000000000018,0.24924781897244142,0.019890711620235643,0.021216598901872382,0.6607457520990367,0.623347741689494,0.04417209835216041,0.012823874875373576,0.004201931846908276,1.0,0.26860946349137516
371,0.88,-0.020000000000000018,0.24903167256912373,0.019597259113540152,0.020494108009949833,0.6608644436544312,0.6234767692892089,0.03398145703151552,0.013358636238799149,0.004276709376169042,1.0,0.2651379699449392
372,0.88,-0.020000000000000018,0.24947595502559097,0.019247615352360768,0.020115848195787645,0.6606205229565255,0.6232116148406943,0.03182431509872646,0.013940302864384985,0.004246926268772578,1.0,0.2561827640766583
373,0.88,-0.020000000000000018,0.24964349837772729,0.019394812595832665,0.02015355895556289,0.6605285847726916,0.6231116810019955,0.023131438570534416,0.01475974108024392,0.004330524929399046,1.0,0.2749117811139121
374,0.88,-0.020000000000000018,0.24974501560494058,0.01938718688532376,0.02026269285523009,0.6604728903890476,0.6230511450639326,0.021735723942388575,0.01556406747373522,0.004342921648332382,1.0,0.25331351680210656
375,0.88,-0.020000000000000018,0.25023349018719687,0.01955782399848493,0.02051648270019203,0.6602050347213338,0.6227600262084783,0.02554608676666103,0.01620351000853541,0.004345276166976585,1.0,0.28121524406164666
376,0.89,-0.010000000000000009,0.2505943894146096,0.019506499475728033,0.02059687470550125,0.7066464547543468,0.6880187549857023,0.022781688887501227,0.016871933311229853,0.004348219406836775,1.0,0.26568117596898255
377,0.9,0.0,0.25037491646630383,0.019777924619833864,0.020963577725897273,0.7605379278308051,0.7605379278308051,0.024229098022187624,0.017468234768803857,0.004328519992691168,1.0,0.21521921796418564
378,0.91,0.010000000000000009,0.25043809103267384,0.019790943379628723,0.021267635352352904,0.7067446169395252,0.6881215979149982,0.027531892642007637,0.017957633294768488,0.004333310098783867,1.0,0.2576423284173526
379,0.92,0.020000000000000018,0.251084111904289,0.0204505349840137,0.021397031842224117,0.6597391134131326,0.6222537253797444,0.02902360334894765,0.01839163829886619,0.004319938152809958,1.0,0.3036055535078046
380,0.92,0.020000000000000018,0.2509278114884134,0.02034835881231003,0.021571509398952218,0.659824676404858,0.6223466956225401,0.030018548387857526,0.018783721746635954,0.004294437829869434,1.0,0.25652639735193605
381,0.92,0.020000000000000018,0.25077683515812366,0.020467100951739616,0.021853304955138562,0.6599073459262069,0.622436525386987,0.029728185798322468,0.019170647674536426,0.004281020554758025,1.0,0.2272529278707318
382,0.92,0.020000000000000018,0.2506527896725419,0.02056349547098756,0.021447479730054106,0.6599752845335467,0.6225103509127501,0.0314239725712668,0.019509433336939948,0.004226855972824742,1.0,0.2285703029227797
383,0.92,0.020000000000000018,0.2508641559694563,0.020993569451934816,0.021602317464904878,0.6598595294839162,0.6223845670089672,0.029125030064109294,0.019873656194585303,0.004240252619701487,1.0,0.3036055535078046
384,0.92,0.020000000000000018,0.25165737139279176,0.021411181131043445,0.0213731303300764,0.6594254858279546,0.6219129781645027,0.027887504242413787,0.020251125549920024,0.004236539193860107,1.0,0.3020841513151076
385,0.92,0.020000000000000018,0.252223691552647,0.02202009791431846,0.02136893573316842,0.6591159473724452,0.6215767219482677,0.027814267908996715,0.020618672111654586,0.004176773614178532,1.0,0.3036055535078046
386,0.93,0.030000000000000027,0.2519178389784614,0.022274932614328325,0.02207320480765468,0.6185060276113384,0.5625901555385712,0.028417194057891303,0.02095662706573468,0.004165495149497301,1.0,0.21832494739029862
387,0.93,0.030000000000000027,0.25183095444531006,0.022242731543449384,0.02223668378543636,0.6185478284251112,0.5626368404084072,0.029540656212318273,0.02126505111277681,0.0041561325258451225,1.0,0.25577971923710585
388,0.93,0.030000000000000027,0.251949230977889,0.02222795214273753,0.022111509018095547,0.6184909260695611,0.562573289868464,0.029675222162554093,0.021562414281225926,0.0041556538920711605,1.0,0.2550254727637138
389,0.93,0.030000000000000027,0.25215419177280624,0.022361627888218927,0.022258460731380145,0.6183923450567023,0.5624631974522836,0.02983632772875531,0.021846486117245902,0.004138633687841923,1.0,0.27684044743766356
390,0.93,0.030000000000000027,0.2524274621201579,0.022488973250042607,0.022026050886828234,0.6182609577295153,0.5623164803237743,0.029526642768864478,0.02212216735789813,0.00411819290257669,1.0,0.2764046476223332
391,0.93,0.030000000000000027,0.2527382977821045,0.02297414568565941,0.021940406893421045,0.6181115769982021,0.5621496876344029,0.02761063897483564,0.02241108053121226,0.004133268829360377,1.0,0.3036055535078046
392,0.93,0.030000000000000027,0.25304082868803385,0.022962018519764125,0.02223865849159099,0.6179662566502264,0.5619874462205655,0.029830377305820117,0.022655118166510425,0.004151982321921813,1.0,0.2670954166732944
393,0.93,0.030000000000000027,0.25352155064665055,0.022974869457180375,0.021908828243406918,0.6177354829508673,0.5617298369702401,0.02857439697802356,0.022908977486668123,0.0041473487971705894,1.0,0.27793129332633826
394,0.93,0.030000000000000027,0.2531505418996277,0.022951253357637386,0.022250183722196747,0.6179135729261523,0.561928632305444,0.03170304024888786,0.023101633119592815,0.00416557359329702,1.0,0.23624729398565103
395,0.93,0.030000000000000027,0.25345455236433406,0.023310796997353417,0.022646253044245487,0.6177676355740384,0.5617657258403977,0.024482774228105797,0.023396844247080214,0.004198958891085437,1.0,0.29585940821807943
396,0.93,0.030000000000000027,0.25400402084200036,0.02374983457903501,0.022582229849433425,0.617504043236095,0.5614715282264684,0.031770887485354046,0.023587224377188756,0.0041633263180756355,1.0,0.300003958164474
397,0.93,0.030000000000000027,0.25445154396929665,0.023801082529734247,0.022685849366412537,0.6172895225205567,0.5612321420081696,0.029636380257882504,0.02374767434816841,0.004171253061921983,1.0,0.2793265768946822
398,0.93,0.030000000000000027,0.2547540999287379,0.023871127166527988,0.02247989028331571,0.617144576406784,0.5610704163215972,0.026016847853150688,0.023956631114626332,0.004150464001695487,1.0,0.27524890919803946
399,0.93,0.030000000000000027,0.2550234633216286,0.02418546635264321,0.02224181041365925,0.6170155891908254,0.5609265115159617,0.03112248230377674,0.02404051609792163,0.004148012721029666,1.0,0.2963972694662138
400,0.93,0.030000000000000027,0.254972717099122,0.02425417485519121,0.022827597865792068,0.6170398853786183,0.5609536165542449,0.031636284815757885,0.024150971792057992,0.004125602020950067,1.0,0.21966804056231393
401,0.93,0.030000000000000027,0.25481134685625045,0.024383447300044967,0.022633811192647083,0.6171171586598757,0.5610398265220642,0.031241253834991572,0.024235665743286595,0.004067456660236279,1.0,0.22734190966857692
402,0.93,0.030000000000000027,0.255225270070888,0.024081071299672633,0.022794940599839466,0.6169189874389293,0.5608187465583361,0.027334855675144144,0.024297535191921633,0.004092727190229088,1.0,0.2580125056718694
403,0.93,0.030000000000000027,0.2558515056850941,0.02426532553614104,0.022980934910763823,0.6166194106694429,0.5604845997206621,0.02990021142975845,0.024297440699927262,0.0040839286810489305,1.0,0.2939625303199711
404,0.93,0.030000000000000027,0.2565729367731746,0.024076144843878714,0.023024488483560146,0.6162746550180738,0.5601001517135875,0.04329738815534122,0.02412194714681335,0.004165851749668653,1.0,0.2859454898408149
405,0.93,0.030000000000000027,0.25642404491047543,0.024406867784902822,0.02354508952666851,0.6163457755073757,0.5601794524489513,0.02801984537387583,0.02414128384689525,0.004302575005426172,1.0,0.1952079579905348
406,0.94,0.039999999999999925,0.256097091804156,0.024717195306976435,0.023339042585239375,0.5807016349455577,0.5070289666227009,0.03125028858642845,0.024089226459047916,0.004271161632739608,1.0,0.21659986221105676
407,0.95,0.04999999999999993,0.2561908530514306,0.024549906080435824,0.022980026732930443,0.5487954191118004,0.4587378678165777,0.036683141720164306,0.024047163713981044,0.0042928967175867305,1.0,0.2168807461484512
408,0.95,0.04999999999999993,0.25650989569211036,0.024587951754649957,0.023538849065940576,0.548674610160492,0.4585987065312982,0.06960051203199932,0.023921372087906987,0.004522895401381617,1.0,0.27523233880495024
409,0.95,0.04999999999999993,0.2567268809519188,0.024593132559210217,0.02334370169110837,0.5485924767256474,0.45850410926786767,0.0988850908507653,0.024232997299680512,0.0047961727026596705,1.0,0.26805478240630887
410,0.95,0.04999999999999993,0.255839224695495,0.025577294269357575,0.023839331349217407,0.5489286286402479,0.45889134033749374,0.10650109382236708,0.024663887936780864,0.004803957152373754,1.0,0.18408777729011994
411,0.95,0.04999999999999993,0.25529629289034594,0.026510411261099372,0.02374317092146027,0.5491344378889461,0.4591285113957577,0.10104102652909513,0.02502510822552408,0.0048274939276168405,1.0,0.1836605534541973
412,0.94,0.039999999999999925,0.2548479770803429,0.02733438130541135,0.023746946892838024,0.5812318228338295,0.5076321189758947,0.1033648463455691,0.025401477063531776,0.004805383229450305,0.0,0.18317504678492158
413,0.94,0.039999999999999925,0.2544381131352611,0.028030524596395573,0.023609759682033746,0.5814060009752298,0.5078303402611671,0.09867987764280642,0.025659260838833853,0.004814217055351967,1.0,0.1871319187799254
414,0.94,0.039999999999999925,0.2536204951489436,0.029432148723168395,0.02362070918561529,0.5817537726420795,0.5082262252067026,0.10221850398832927,0.025996364849875303,0.004822512097143787,1.0,0.16389492052097343
415,0.94,0.039999999999999925,0.252723141664117,0.0303398247902624,0.02327414912303944,0.5821359387907026,0.5086614285935557,0.10268465882949049,0.026316768962189416,0.004793038478400679,1.0,0.17807436807445498
416,0.94,0.039999999999999925,0.25240180461661693,0.03085764517354973,0.022997018595723583,0.5822729123810322,0.5088174536831042,0.10236396535439499,0.026645540743966325,0.0047614609937348664,1.0,0.18718711805860955
417,0.94,0.039999999999999925,0.25159372815504033,0.031799932655894814,0.02293616207487206,0.5826176492412076,0.5092102382526734,0.1013745608222512,0.026966736737370604,0.004727179560582839,1.0,0.17506184883938136
418,0.94,0.039999999999999925,0.2505702616579734,0.03269606131685383,0.02292054841594791,0.5830548608950377,0.5097085894943091,0.10376151430298977,0.027331039351289405,0.004689641875442322,1.0,0.17167291007388852
419,0.94,0.039999999999999925,0.24936149580196293,0.033838788488824524,0.023002481305986706,0.5835720759394251,0.5102984253902789,0.10479299836198178,0.02768334357283478,0.004572785314060649,1.0,0.1580776651785063
420,0.94,0.039999999999999925,0.24842917367227862,0.034440708155255205,0.02302920992469885,0.5839716315998008,0.5107542996666693,0.10078938660501173,0.027886646503368338,0.0045587616370611804,1.0,0.18023814902958102
421,0.94,0.039999999999999925,0.24761428577331554,0.03525471682439714,0.023065227175062313,0.5843213080498152,0.5111534201396003,0.11083504934367958,0.028201132054972444,0.004651150156653993,1.0,0.1724672215031373
422,0.93,0.030000000000000027,0.2466733824812642,0.03620348531052956,0.022822682214390867,0.6210393390051925,0.5654220610023288,0.1089244746955676,0.028485992959244165,0.004625573135488774,0.0,0.16407090193476748
423,0.92,0.020000000000000018,0.2462368710741828,0.03671266856242535,0.02286163868334268,0.6624029903411744,0.6251499366071746,0.1106929196140875,0.02875073220725445,0.0046412147177616065,0.0,0.18210181975692152
424,0.92,0.020000000000000018,0.24578885553539656,0.03705866672722534,0.022764155135767353,0.6626502907282845,0.625418986155959,0.10458488003561647,0.02891465148934707,0.004700618762877429,1.0,0.19512563398235838
425,0.92,0.020000000000000018,0.24488657916649248,0.037730636945465724,0.022385880269956145,0.6631488996798472,0.6259615392348098,0.11952430974613451,0.029343009693302474,0.004846976358028452,1.0,0.17237423640597616
426,0.92,0.020000000000000018,0.24455075848278174,0.038253112776744556,0.02205437100916869,0.6633346699589071,0.6261637139901736,0.11423061215640393,0.02965811215794411,0.004885438809811947,1.0,0.16881919563361403
427,0.92,0.020000000000000018,0.24394488919459087,0.03881544993852571,0.02211185909463915,0.6636700899341341,0.6265287971583926,0.11236742033652375,0.02991986473993098,0.004830827882995962,1.0,0.1781887927759236
428,0.92,0.020000000000000018,0.2430321477735843,0.03989783631955932,0.022252906832785753,0.664176040693239,0.6270795990297436,0.12284135951008127,0.030442235394403806,0.004887054989761872,1.0,0.1511798561750899
429,0.92,0.020000000000000018,0.2418778325232902,0.04189511395686973,0.022227554691788408,0.6648170064092438,0.6277775691605239,0.11585567589999982,0.030777512353418333,0.004939129666226116,1.0,0.11397726272201036
430,0.91,0.010000000000000009,0.24090845559680676,0.04237229964312995,0.02225473903177051,0.7127816050564355,0.6944506306580845,0.11812371542015973,0.031164288495543514,0.004876320435352287,0.0,0.17218355051489453
431,0.91,0.010000000000000009,0.24046033651019216,0.04289243939302762,0.02212365876171273,0.7130680267647678,0.6947511127262634,0.1304033317083115,0.03169957421296864,0.0048238470801564215,1.0,0.16879429636712007
432,0.91,0.010000000000000009,0.23972681850763253,0.0436854019809707,0.022105971665343973,0.7135373623686819,0.6952435279517241,0.1316468677987004,0.03200747294553743,0.004673527507609932,1.0,0.15662060565611657
433,0.92,0.020000000000000018,0.23881772570684565,0.04509197172708017,0.021966578957992266,0.666522218407047,0.6296354398510527,0.13305650493666932,0.03256538574827082,0.004642802222952367,1.0,0.12513841258187863
434,0.93,0.030000000000000027,0.23760661227351612,0.046086542828949334,0.022092503215565776,0.6254683021547961,0.5703857828461325,0.13135870889821447,0.033121070985626916,0.004611256539065544,1.0,0.14021842042966703
435,0.94,0.039999999999999925,0.2360578857436904,0.04791701292389308,0.022115435451822926,0.5893257394694429,0.5168814812806581,0.13378925925879312,0.03375521075810538,0.004493607447755443,1.0,0.1038436044320461
436,0.95,0.04999999999999993,0.23508252531983242,0.04911771416093975,0.022074765716744098,0.5569082609235917,0.4681364680440691,0.12955439677497277,0.03436744657463719,0.0044965792484728175,1.0,0.12707569042064715
437,0.95,0.04999999999999993,0.23364174558915507,0.05069205225390916,0.022103575122236572,0.5574707685198589,0.46879204333893415,0.1277065889346546,0.034937796454060206,0.004490535124593313,1.0,0.10779214950012439
438,0.95,0.04999999999999993,0.2320368579607073,0.05209054426160864,0.02191177073622078,0.5580986862859153,0.4695244551873297,0.1305751297868756,0.035536274734734204,0.004462000761507855,1.0,0.1078127694998452
439,0.96,0.05999999999999994,0.2318324599459158,0.052062529044539375,0.022966384168972957,0.528669548032875,0.42492784744091394,0.12793474600135069,0.036079345853036286,0.004485789744899906,1.0,0.22885247665019026
440,0.95,0.04999999999999993,0.23046597207373437,0.05293575132890178,0.023733328014170225,0.5587146721648308,0.4702435696174907,0.125794377753158,0.03656966539147597,0.004488357976754859,0.0,0.1292764682190759
441,0.94,0.039999999999999925,0.22917830863675856,0.05418419466060011,0.023595631004152753,0.5923458130020473,0.520352791594529,0.127819459830685,0.037077846417070605,0.004439732601524985,0.0,0.11351034398304649
442,0.94,0.039999999999999925,0.22818559634757776,0.054305760580311856,0.02415671737456259,0.5927841623399746,0.5208575494481619,0.12280480061589635,0.03748699994881733,0.004462839276028394,1.0,0.17240358699030933
443,0.94,0.039999999999999925,0.22665827950193343,0.05529402173302359,0.02462501016884472,0.5934598439729284,0.5216360493046286,0.12493579280986074,0.03791992394294629,0.00447558737064209,1.0,0.11559743900726915
444,0.94,0.039999999999999925,0.22533879694711886,0.05560808310391547,0.024788059166856106,0.5940448215872258,0.5223104885462105,0.12341839507443796,0.03831876984947451,0.004436500702265217,1.0,0.1468260294393502
445,0.94,0.039999999999999925,0.22378416270718224,0.05667710495781724,0.02515501624875246,0.5947355325850072,0.5231073643575411,0.12530698180510358,0.03873073786934493,0.004397686888641717,1.0,0.10822412129819514
446,0.93,0.030000000000000027,0.22259975383819286,0.057019867623054554,0.025412307426130584,0.6329393623901858,0.5787958069460898,0.12412795940012031,0.03911553769010013,0.004377098701514703,0.0,0.14751981542633397
447,0.93,0.030000000000000027,0.221416475157626,0.05761925722036891,0.0254443269111649,0.6335360479365066,0.5794694911709093,0.12217729501521951,0.039461975416810124,0.00438206285624163,1.0,0.13380896670088305
448,0.93,0.030000000000000027,0.2205548508088944,0.05764002612872394,0.025849092727147586,0.6339712429342451,0.579961033292978,0.12557560367522147,0.03984416902435963,0.004300386154843629,1.0,0.1765153195914615
449,0.93,0.030000000000000027,0.21940198171383204,0.05799055427559346,0.026139945281709757,0.6345544778438227,0.5806200314705066,0.11817804520030466,0.04009743859260774,0.004296335931214345,1.0,0.1447563078500964
450,0.93,0.030000000000000027,0.2183170039264519,0.058289692758955326,0.025937747156249347,0.6351043476688418,0.5812415912894131,0.11831947077869077,0.040362562130395525,0.004238588789841166,1.0,0.14858082977860088
451,0.92,0.020000000000000018,0.21686716200226627,0.05851717136355566,0.025324116013163454,0.6790151632739927,0.6432915376762941,0.11725044224879858,0.04059195742824957,0.004196866647896688,0.0,0.1359365524471452
452,0.92,0.020000000000000018,0.2164745079377769,0.058709946397821657,0.024962919865060097,0.6792429034865468,0.6435412145051647,0.11937444351566859,0.04081413955916111,0.004184690740580306,1.0,0.16826157791980578
453,0.92,0.020000000000000018,0.21493529084485605,0.05915540130206851,0.025371864110137456,0.680137127878888,0.6445218278782505,0.11800543871849246,0.04102446956398621,0.0041801521655144,1.0,0.12168871921154789
454,0.91,0.010000000000000009,0.21398819755186582,0.059031887034089535,0.025863064489297666,0.7304064515930581,0.7129752608083348,0.12179768349474204,0.04127377635391088,0.00420013445961493,0.0,0.17481372075901658
455,0.91,0.010000000000000009,0.21297137415130485,0.059019726144552365,0.025932248537567166,0.7310892705738099,0.7136943565975542,0.11096396532823381,0.041396523941041784,0.004277826061825115,1.0,0.1633445459913312
456,0.91,0.010000000000000009,0.211900335243158,0.05895328765990057,0.02592477549633587,0.731809878388562,0.7144533637805721,0.10716701177123743,0.04146621390385765,0.0042395410810232145,1.0,0.1625429492217496
457,0.91,0.010000000000000009,0.21099258094769627,0.05873184947784573,0.025664741161680597,0.7324217394960246,0.7150979220788906,0.1013231862914209,0.041522086044851046,0.00422884941747969,1.0,0.18041283834174604
458,0.91,0.010000000000000009,0.21052398099548886,0.058784590891043646,0.02552593472557253,0.732737994364348,0.7154311106282439,0.09734517202220466,0.0415703239743163,0.004259498965575013,1.0,0.1807149844163023
459,0.91,0.010000000000000009,0.20970281339419877,0.05891788395348167,0.025709424016946626,0.7332928538463892,0.716015734687369,0.09917496749008527,0.04162422276436314,0.004252243938121801,1.0,0.15950220275729898
460,0.91,0.010000000000000009,0.2084326594206177,0.05951650893052198,0.026110220121445073,0.7341527485912414,0.716921895489163,0.09138785407904695,0.04164574421748843,0.004319820684669258,1.0,0.11765090734116201
461,0.91,0.010000000000000009,0.20785061000325455,0.05946514646929019,0.026671327449850474,0.7345474704681862,0.7173379114348165,0.08620935825586815,0.04165293115720421,0.004235071544117472,1.0,0.18428888189216375
462,0.91,0.010000000000000009,0.20663838535422407,0.05975541114397877,0.02702887337786086,0.7353709152257157,0.7182058926947189,0.08761355390872777,0.04162206070036673,0.004221698046996098,1.0,0.1323597077642953
463,0.91,0.010000000000000009,0.20523186110119582,0.059899925469914184,0.026877033340458267,0.7363286613907181,0.7192156332466284,0.09107294548018513,0.04161095827216589,0.004168294159137388,1.0,0.12946187461936365
464,0.91,0.010000000000000009,0.2041764669483942,0.05999305152118655,0.02686592342881056,0.7370489520189736,0.71997516477896,0.08923753475807022,0.04154649876353691,0.004183347298063642,1.0,0.146644887794235
465,0.91,0.010000000000000009,0.20275854598998122,0.06008507038364914,0.027039339005092745,0.7380188830873339,0.7209981236251128,0.08861502339744592,0.041474711616032646,0.004128555491131484,1.0,0.1286751016610952
466,0.91,0.010000000000000009,0.2015529955977536,0.05993978618561254,0.026915095706098756,0.7388455518885017,0.7218701569483821,0.09228049517288033,0.04144524688546697,0.004074155695479925,1.0,0.1491105141984299
467,0.9,0.0,0.20067056355538918,0.06006190316922185,0.026590753322897703,0.7984968204559538,0.7984968204559538,0.09395436595539697,0.04136161165569019,0.004066062673708131,0.0,0.148686850046998
468,0.89,-0.010000000000000009,0.19945940132477627,0.059883366667978305,0.026432090580483413,0.7402855784920839,0.7233895787284472,0.09016082009894154,0.041241771054413415,0.004078705604739375,0.0,0.14834739131049512
469,0.89,-0.010000000000000009,0.19832397601729534,0.05992594483872925,0.026364216424596645,0.7410689025953043,0.7242162895013156,0.0889137714295717,0.041092073887152525,0.004082863575685918,1.0,0.13987401338817707
470,0.89,-0.010000000000000009,0.19700711845622404,0.059813745772737674,0.02635895190396534,0.7419794746641603,0.7251774720670563,0.08943946030490685,0.04094535447946363,0.0039852377934100625,1.0,0.13692370738424042
471,0.89,-0.010000000000000009,0.1956239940099567,0.059821464216783915,0.02637049711808405,0.7429382810711828,0.7261897742670675,0.09694482829035588,0.040711276672991334,0.004039260278790466,1.0,0.12682552531820712
472,0.89,-0.010000000000000009,0.19442504194393997,0.05979719538297864,0.02627689121020048,0.7437714231833531,0.7270695711293769,0.09744736482534236,0.04044202034709703,0.0039565295717883895,1.0,0.13628755747498755
473,0.88,-0.020000000000000018,0.1930456726539026,0.05951492256005233,0.026065669294275062,0.6931138281866458,0.6587980084473518,0.09558117494532344,0.04003476594818245,0.003961281847059835,0.0,0.13697485211017657
474,0.87,-0.030000000000000027,0.19229650349101063,0.05922236550204319,0.02620223516440836,0.6485831541101417,0.5965573282638843,0.09854637637524083,0.039599169683259425,0.003952744863278471,0.0,0.1783966005129134
475,0.86,-0.040000000000000036,0.19123228279408033,0.05856751873711921,0.026081723629576434,0.6095761850303991,0.5403697482757025,0.09811766195336247,0.039200643077792634,0.003929152101083708,0.0,0.1747931743686102
476,0.85,-0.050000000000000044,0.19006412329490815,0.05823498048791374,0.025833905349900214,0.5750381624295285,0.4895264796887216,0.11153625631710205,0.03881118381732951,0.004050073164003438,0.0,0.14886522605175934
477,0.84,-0.06000000000000005,0.18923941257569638,0.058456447285671634,0.025568187870663648,0.5440761819989225,0.44331294994451453,0.08393707685892846,0.03833233157872379,0.004295491192673676,0.0,0.13274814604301266
478,0.83,-0.07000000000000006,0.18816933863016141,0.0581732295804807,0.025284587494202978,0.5163602998222818,0.40156263997580444,0.08435403101009493,0.03789015984434937,0.004284635065847681,0.0,0.15063493386385884
479,0.82,-0.08000000000000007,0.1866587589932721,0.05710758865347846,0.024828360219446854,0.4914650692792481,0.36390791237064907,0.08028692888091175,0.037461762073414784,0.004315666955648422,0.0,0.15254758981887107
480,0.81,-0.08999999999999997,0.18550834813617384,0.05684667775017712,0.02464440879212923,0.4687604214583722,0.3296637527724263,0.08133521373315523,0.03703500432342551,0.00432332273607982,0.0,0.14148531164211176
481,0.8,-0.09999999999999998,0.1847111793533384,0.05681462970365061,0.02469222053852347,0.4479717890292017,0.2985347635020626,0.08197940106991268,0.0365904935284004,0.004312700519552679,0.0,0.1475360495871898
482,0.79,-0.10999999999999999,0.18411453841028613,0.05666399131498598,0.024150148906658203,0.42890233518365223,0.2702899971747607,0.08725796852626651,0.036154991442568916,0.004342797741261732,0.0,0.168906208617553
483,0.78,-0.12,0.18255898067847898,0.0554852574361286,0.024345452200575046,0.411594293496536,0.2449575984737348,0.08444628544351178,0.03567003424804756,0.00435869831965627,0.0,0.14804978032708815
484,0.77,-0.13,0.18102201463126216,0.054268459836633524,0.024333496282126978,0.39562531463719347,0.2219957630580995,0.09147751953742611,0.03514599640009626,0.004428981125317859,0.0,0.14838754659342657
485,0.76,-0.14,0.17954777145302805,0.05290364583886107,0.023550800150545743,0.38083773997793113,0.20117387690559757,0.09215268794618502,0.03460141942070771,0.004429710845114468,0.0,0.1561812356843899
486,0.75,-0.15000000000000002,0.17890810867373336,0.052817561373348726,0.023190878881624053,0.3669743923020842,0.18214918418867693,0.0961286016720221,0.034051290438518796,0.004458523487249924,0.0,0.1543586694608301
487,0.74,-0.16000000000000003,0.17791523130562162,0.052293798542588754,0.023204808846186784,0.35414060663347946,0.16498356045350135,0.10406012752076316,0.03352033693199307,0.004537280657941896,0.0,0.15649198242593232
488,0.74,-0.16000000000000003,0.17694866923709054,0.051750050029304454,0.023003418026093056,0.35429311484535164,0.16514759634736792,0.09933563801958042,0.032952591163824485,0.0045833754451639315,1.0,0.15836926591060418
489,0.73,-0.17000000000000004,0.17575137007273184,0.05080143695322252,0.0230117305017848,0.342346632786289,0.14961599235332426,0.09768328192836963,0.03236002628274999,0.004596937779823728,0.0,0.15711053100179173
490,0.72,-0.18000000000000005,0.17455471609352124,0.04981624032543705,0.022740724192845917,0.3311794336837894,0.13554520204018977,0.09214165299356633,0.03173283959664401,0.004633560255993168,0.0,0.15673924970126984
491,0.71,-0.19000000000000006,0.1731919573985129,0.04810178285068152,0.02247890901578726,0.3207392464006054,0.12281896382863841,0.09589036104071531,0.031040229538225408,0.004649004394540285,0.0,0.16732968400697312
492,0.7,-0.20000000000000007,0.17218485881258658,0.04717045621924149,0.022378992341779834,0.3108939452299237,0.1112468878518889,0.099442912602643,0.030368211231568704,0.0046722020837739325,0.0,0.16638555808066458
493,0.69,-0.21000000000000008,0.17098071905691306,0.04597749744018332,0.02204752002845652,0.3016576060292703,0.10078579891998446,0.08612505753134118,0.029647799040968113,0.004775123415091483,0.0,0.1575173177589857
494,0.68,-0.21999999999999997,0.17046983086455036,0.045531111271881294,0.021724581066415775,0.2928794365863522,0.09124300884127863,0.09194073926092147,0.02895540274837728,0.0047609356949783336,0.0,0.1851584747493804
495,0.67,-0.22999999999999998,0.16911140910644146,0.04376189999343804,0.02193666886839345,0.28468405925245244,0.08267639092375373,0.08854618693374335,0.02806537269153467,0.004721606796694797,0.0,0.160017232407196
496,0.66,-0.24,0.1679342134035043,0.041762719990666504,0.02195272719358307,0.27691736757722235,0.07490012764697002,0.09653557957427397,0.02730237122089393,0.004780747053392363,0.0,0.18228438787075985
497,0.65,-0.25,0.16692812420713082,0.04025161867204517,0.021947566212944546,0.2695475654287361,0.06784330736336279,0.1015701725223993,0.026449957566905106,0.004795040594234722,0.0,0.17871765725733035
498,0.64,-0.26,0.16597130925848946,0.03877551937514715,0.02174252981706977,0.2625555981117963,0.061448272165424,0.10197208988842596,0.025449013271459986,0.00474752830045089,0.0,0.17956741433390144
499,0.63,-0.27,0.1647433324635908,0.036503500811698016,0.02102776815498547,0.2559395328856709,0.05567182153199595,0.10505506607000285,0.02453637185808942,0.004773479549638726,0.0,0.17359958997634628
500,0.62,-0.28,0.16423174820539543,0.03608626423282369,0.02100166821687749,0.24959256942841798,0.05040080751417603,0.1043090963018116,0.023578761322406272,0.004777024385875342,0.0,0.16850961474277382
501,0.62,-0.28,0.1639486895168056,0.03569905891053273,0.021000211954892982,0.24961474646038678,0.0504156815635526,0.0712340332125383,0.022732483660695843,0.005071657364960451,1.0,0.1990360408095997
502,0.62,-0.28,0.16363209656931688,0.03499693992088602,0.020913011404037358,0.24963955549797762,0.0504323281613857,0.0473038350374253,0.022170209003106223,0.005287463854056397,1.0,0.22635321092299443
503,0.62,-0.28,0.163031520036084,0.0332257058424261,0.020908310652466983,0.24968663177306694,0.05046393696778432,0.042244904952522776,0.021807396034487853,0.005203239140514173,1.0,0.23390487699668383
504,0.62,-0.28,0.16256793513586515,0.03180033950894163,0.020049165106729286,0.2497229820837342,0.05048836290806786,0.0477886302050242,0.021693332266618397,0.00510491775133272,1.0,0.23958699981893194
505,0.62,-0.28,0.16275317818150398,0.0320429625812032,0.020094244228385807,0.2497084556597513,0.05047859975513843,0.04764287186928167,0.0211151036225147,0.005073759318233626,1.0,0.21373226255441446
506,0.62,-0.28,0.16293388830841157,0.03239514920533911,0.020302908151719205,0.24969428632743187,0.05046907914542513,0.047864363531538855,0.020625310173492718,0.005021119303370206,1.0,0.23467087490181537
507,0.61,-0.29000000000000004,0.16272837918104657,0.0321162531254847,0.02010078137225823,0.24362678602924534,0.04567610831136472,0.05339381463025422,0.020164735514258642,0.004744473654752837,0.0,0.19632983341195298
508,0.6,-0.30000000000000004,0.16217573288921217,0.030616013735927282,0.020267047228934187,0.23787186566871069,0.04135330945063033,0.051372061913627254,0.020529861461660626,0.004469091572913047,0.0,0.2199677096215138
509,0.59,-0.31000000000000005,0.16222677987780137,0.030796231653449226,0.019956186284767745,0.2323415656500952,0.03741602673377017,0.04919263531259071,0.02117013356689044,0.004414176660079055,0.0,0.2731594812652254
510,0.59,-0.31000000000000005,0.1632527660589674,0.033128207970043,0.02008850638886446,0.23227193664242687,0.03737597423313227,0.049791927830306705,0.021757336666332516,0.00436507792497243,1.0,0.2866863954067229
511,0.58,-0.32000000000000006,0.1637161866751614,0.033729127623020175,0.020656165718802293,0.22696935248470387,0.03380283599938779,0.05306306304178863,0.022254342785285777,0.004374646767346248,0.0,0.2300026150736021
512,0.58,-0.32000000000000006,0.16425712278327062,0.03446265552383605,0.02068959168372385,0.22693431455776159,0.03378377811401795,0.053275107739210785,0.02272292276810935,0.004329465716787251,0.0,0.23726865759584026
513,0.58,-0.32000000000000006,0.1647801478513063,0.03519495384536066,0.020476750973912716,0.22690044706331797,0.033765371680806656,0.055204837172317986,0.023139027084225154,0.0043132142328234585,1.0,0.23943442558348993
514,0.58,-0.32000000000000006,0.1656407073268733,0.03620050957004065,0.02043975092280875,0.22684474516352057,0.033735130259332786,0.05551684725331811,0.02353072036193491,0.004311657215044053,1.0,0.24995086807767875
515,0.58,-0.32000000000000006,0.16624834849688142,0.03690719242662984,0.02045994923612452,0.22680543051427804,0.0337138093956341,0.055274640428900956,0.023910247606479387,0.004310864420592757,1.0,0.23883848507526317
516,0.58,-0.32000000000000006,0.1667887856718288,0.0375990451131456,0.02036163692560792,0.22677047544103968,0.03369486921131176,0.059534870025051145,0.024205197928195553,0.004343903057602921,1.0,0.2412308355533479
517,0.58,-0.32000000000000006,0.1674052705909327,0.03822975206129789,0.02037306678457846,0.22673061480951026,0.03367328982130214,0.0573746220196297,0.024524988002991698,0.0043416131033067904,1.0,0.23671034074977126
518,0.58,-0.32000000000000006,0.16802413338616595,0.03879062043897106,0.020267570888186273,0.22669061452117661,0.033651654978980254,0.05575618175677896,0.02485289625709233,0.004347541953850817,1.0,0.23355918959721533
519,0.58,-0.32000000000000006,0.16885115559093758,0.03944582285740894,0.020116663940786053,0.22663718184665013,0.033622786448057856,0.056249252526086146,0.025156126585664365,0.0043120819438744245,1.0,0.240779885655668
520,0.58,-0.32000000000000006,0.16934623530301773,0.03989377354894159,0.020149621899287356,0.22660520753388647,0.03360552858785197,0.05777843423398056,0.025434958143214472,0.004226056882957521,1.0,0.229746120237595
521,0.58,-0.32000000000000006,0.17015465828450105,0.040758564080379596,0.02030282472600958,0.2265530155955638,0.033577386024696905,0.0562790191525569,0.02568336367300574,0.004221903756021275,1.0,0.25330951965146475
522,0.59,-0.31000000000000005,0.17069286414021154,0.04102912146365206,0.02047845214341856,0.2317682569996373,0.03708807309059173,0.04712815493123218,0.026079397791034686,0.004296473647968799,1.0,0.21789148750582132
523,0.6,-0.30000000000000004,0.17125233798330236,0.04155890902920047,0.020550511762961455,0.2372277600770325,0.04096493161817786,0.05847299973719928,0.026268134092891835,0.0043493706704687595,1.0,0.23804920406600472
524,0.6,-0.30000000000000004,0.17165022052023918,0.0419739585416766,0.020352369528755215,0.23719960482692473,0.040948073500762884,0.057739027781472343,0.02648809363792897,0.004205881198198142,1.0,0.23491388767604038
525,0.6,-0.30000000000000004,0.17233476728579422,0.042534647809438005,0.020376207756160076,0.2371511800737414,0.040919101987608064,0.05648672661994095,0.02660664386254378,0.004165059012054716,1.0,0.2408289129614838
526,0.6,-0.30000000000000004,0.17292486639453727,0.04288963361619419,0.02041287653708186,0.2371094524015331,0.04089416058697815,0.05718522357150504,0.026749689597270757,0.004153294417425261,1.0,0.22782910650791766
527,0.6,-0.30000000000000004,0.1736132806677088,0.0435164992017768,0.02033400963793365,0.23706079112418035,0.04086510215065028,0.05602943637048704,0.026909955314428885,0.004059171670227892,1.0,0.2470302200930783
528,0.6,-0.30000000000000004,0.17449635624679136,0.043946186518147586,0.02003441582537461,0.23699839924609842,0.04082788733612448,0.05704362080361594,0.026941175640060107,0.00399885349672332,1.0,0.23948741408334362
529,0.6,-0.30000000000000004,0.1758248970230635,0.044104423602785894,0.01952065459782911,0.23690459579236642,0.04077202712301682,0.06071765179826599,0.02698879367192856,0.004013055430809079,1.0,0.2468313403492235
530,0.6,-0.30000000000000004,0.17638074381768765,0.04440427592039889,0.01967897637787091,0.23686537149190626,0.040748701155422465,0.060690534789867835,0.02700252495357783,0.003889292811821669,0.0,0.22776822997731117
531,0.59,-0.31000000000000005,0.1770757036796431,0.044821971384937334,0.019662293164480482,0.2313378892770417,0.03684459498196585,0.060629414136509796,0.026844443114146292,0.0038773492215486293,0.0,0.2382902825626625
532,0.58,-0.32000000000000006,0.17785838318639496,0.04514017811869549,0.019378652085259497,0.22605686518415644,0.033311552404425814,0.048586105293823074,0.02679910178669075,0.00398476004684881,0.0,0.2348885563313019
533,0.58,-0.32000000000000006,0.17913182630408786,0.04543025416119644,0.0194040476425532,0.22597505962774644,0.03326801438312334,0.05125577034237056,0.02666666469850153,0.003994576905536615,1.0,0.2524827243511667
534,0.57,-0.33000000000000007,0.18021212596153682,0.04577520510840825,0.01907939635143177,0.22091510952510574,0.030068805076127723,0.0460691439999349,0.02661155280949388,0.004022416056868503,0.0,0.24824838617456724
535,0.56,-0.33999999999999997,0.18204055387128362,0.04633651307369342,0.0192329915357101,0.21603288101170168,0.027156474504219704,0.05334285079794312,0.02638683767146214,0.004053111453981512,0.0,0.2866863954067229
536,0.56,-0.33999999999999997,0.18325790411201673,0.04647538793355315,0.019420790929571108,0.21596145824054452,0.02712268763606309,0.05262365575056105,0.026219775195183505,0.004041711324759935,1.0,0.24881071449396042
537,0.56,-0.33999999999999997,0.1847378362380862,0.04640498900891271,0.019491033632736687,0.21587469318995547,0.027081726014532577,0.054913066201799185,0.026033618718461344,0.004035861522729806,1.0,0.2557853621070736
538,0.56,-0.33999999999999997,0.1860851436644982,0.04610691998339505,0.018402166388450672,0.21579576422736804,0.02704454262596117,0.05453020789235456,0.02577916676922327,0.004013058235092631,1.0,0.24254351214104397
539,0.56,-0.33999999999999997,0.18645171656964138,0.0465886891330342,0.01762833049544409,0.2157742993686569,0.027034443501674922,0.0533200068472047,0.02556126925068491,0.004003662606779067,1.0,0.2655097671645066
540,0.57,-0.33000000000000007,0.18758477501308068,0.04656220013620987,0.017700667165802403,0.22046355434512074,0.029843234496938147,0.05100020883551159,0.02538470175223823,0.004006639535407007,1.0,0.242582312563004
541,0.58,-0.32000000000000006,0.18899482281407604,0.046432496698592354,0.0172263193729975,0.2253434635909317,0.03293462188313774,0.05336429371008164,0.025120693698513483,0.003979866057222981,1.0,0.25451512408258137
542,0.58,-0.32000000000000006,0.18972274531659733,0.04673627849606009,0.01674665410892779,0.22529698953880062,0.032910280973680636,0.04827896959564053,0.024982385173083665,0.004009707793793454,1.0,0.24519583724244232
543,0.58,-0.32000000000000006,0.19111157474242152,0.04657618259034883,0.016524997077767823,0.22520837318564946,0.0328639397487445,0.052307710491888246,0.02473507426480924,0.004035074896428049,1.0,0.25448038158968633
544,0.58,-0.32000000000000006,0.19220434212068999,0.046805695166028935,0.016151466547821902,0.2251386965063835,0.032827568898565807,0.052694614580899496,0.024487472500880396,0.004019906384896186,1.0,0.2561027672661955
545,0.58,-0.32000000000000006,0.1935667744087543,0.046321747844581686,0.01587206981078581,0.2250518859033429,0.032782335322750634,0.05201004116987832,0.024188161636588112,0.004014911950613741,1.0,0.24446735010462994
546,0.59,-0.31000000000000005,0.1946434654168573,0.046489942129124495,0.015841875037114633,0.2301615812089342,0.036190674659546465,0.05471473133661112,0.023858339539726672,0.004022528372652449,1.0,0.2551889162366341
547,0.59,-0.31000000000000005,0.1958851066298736,0.046506677960220434,0.015438620682319626,0.23007889543847168,0.03614533450640823,0.05014442227688454,0.023589274675035975,0.004034366760528455,1.0,0.25797308800250707
548,0.59,-0.31000000000000005,0.19660355628949566,0.046756170528754325,0.015214921598556697,0.23003107817878143,0.03611915122559523,0.053687004525876415,0.02318811383146076,0.003995427606731233,1.0,0.24836028555367196
549,0.59,-0.31000000000000005,0.19754234931883544,0.04664808371739401,0.015274519102002107,0.22996862565364135,0.036084994834660995,0.05331803394351385,0.022910881167535167,0.003997726041114835,1.0,0.23863561078407192
550,0.59,-0.31000000000000005,0.19857472265261322,0.04669544148549294,0.015279956223626883,0.22989998690514662,0.036047508186460804,0.05032781612808544,0.02263945502628382,0.004017131993493987,1.0,0.2518181631563805
551,0.6,-0.30000000000000004,0.199756713993197,0.046590792602955705,0.01497685014157114,0.23522748303712218,0.03979132995844064,0.04917292452739489,0.02237752048587981,0.004007343006966921,1.0,0.25413568650552243
552,0.6,-0.30000000000000004,0.20046716597779082,0.0466467560687103,0.014656204196299184,0.23517805826956523,0.03976293703380184,0.053911111841156795,0.022001097640691438,0.004041375153599101,1.0,0.23930677637918807
553,0.6,-0.30000000000000004,0.2020495007915366,0.046631391323528754,0.014529844829223138,0.23506805291237926,0.03969984505654437,0.05153129218532123,0.021649484633987054,0.004027108233190879,1.0,0.27992220058612816
554,0.61,-0.29000000000000004,0.2028460090958094,0.046839168750398986,0.014671142552780157,0.24066873931304616,0.04384009880539782,0.04976978507401244,0.021203996710627344,0.003935469737683814,1.0,0.25446455118629796
555,0.61,-0.29000000000000004,0.20375357706875094,0.04694413154546419,0.014666714382388618,0.24060265105653025,0.043800269154066616,0.05278859887036962,0.020927952925757273,0.003927609740101599,1.0,0.2541013432854786
556,0.61,-0.29000000000000004,0.20467436824180488,0.04702974063181535,0.014491470282607553,0.24053563698164654,0.04375993308098562,0.05316761623955274,0.020698399156634645,0.00387240965817601,1.0,0.25462206652714947
557,0.61,-0.29000000000000004,0.2054118054363207,0.0472213017903698,0.014493120410478923,0.24048199410317334,0.043727682526314406,0.05031558695510475,0.02057419712858251,0.00386103607247128,1.0,0.2541565577933276
558,0.61,-0.29000000000000004,0.20614071596928188,0.04739670392309999,0.014284410697568823,0.24042899498138126,0.04369585155186802,0.05124075754450649,0.020484725333132357,0.0038518984474361392,1.0,0.25360603771242407
559,0.61,-0.29000000000000004,0.20697454790606032,0.04730224596522185,0.013969959645661223,0.24036839565832643,0.043659495519198156,0.05343368750009904,0.020340086801198927,0.0037953915438457787,1.0,0.24288539643513962
560,0.61,-0.29000000000000004,0.20818091977015782,0.0465410076618026,0.013343286192461444,0.24028077578282156,0.04360700326846095,0.0547215894325271,0.020274779011554687,0.003756092615656377,1.0,0.23828809375091597
561,0.61,-0.29000000000000004,0.20888144457913227,0.046703043042459876,0.01298090331277275,0.24022992534529955,0.04357657957472105,0.05378255508815721,0.020260319732104858,0.0037513940165807232,1.0,0.25434136278960384
562,0.61,-0.29000000000000004,0.2099855497614821,0.046183156173890925,0.01306851244050402,0.24014982306720814,0.0435287145300973,0.0552116344323067,0.020217982196715268,0.003730885812264482,1.0,0.24277022599927656
563,0.61,-0.29000000000000004,0.21114617533453564,0.04559963115345742,0.012922766912732022,0.2400656778333417,0.04347851245213611,0.05534417960539793,0.020133313612528604,0.003713685150153132,1.0,0.24552443192472007
564,0.61,-0.29000000000000004,0.21215895911335544,0.04527937734935358,0.012765484565442612,0.23999229927774457,0.04343479968733389,0.04986404256567826,0.020103979545301555,0.0037627520762046,1.0,0.24792326567620826
565,0.61,-0.29000000000000004,0.21337399329053602,0.044648684529002544,0.012581846597418485,0.2399043263749096,0.04338247343080626,0.05053901561548134,0.02006772766141346,0.0037325450183699404,1.0,0.2501785193791546
566,0.61,-0.29000000000000004,0.21440410942444113,0.04434140415668992,0.012597199567704914,0.23982979271572746,0.043338209446605575,0.04802133505565763,0.020003712004879784,0.00374106834945385,1.0,0.2521221275889429
567,0.62,-0.28,0.21546229147647997,0.044021967812588644,0.012617840667961842,0.24564263932892327,0.047845980463665026,0.051972173912879775,0.019874401320864217,0.003742657167643413,1.0,0.25450505525088163
568,0.63,-0.27,0.21651524730707222,0.04366186529834077,0.012540958879667321,0.2517446780055981,0.052822952561184314,0.05012660219444352,0.019799082338494412,0.0037487028550077205,1.0,0.25364297436972105
569,0.63,-0.27,0.21749894720282004,0.04302758901801245,0.012666702974645321,0.2516663038208888,0.05277164208451847,0.054825019818647194,0.019698478670568037,0.003790851630248816,1.0,0.23824400296296244
570,0.63,-0.27,0.21868027731646847,0.042416506753651544,0.01273452654757547,0.2515722483377638,0.052710154658002266,0.05546536287733312,0.01958168636826002,0.003721507944119896,1.0,0.2550567187490804
571,0.63,-0.27,0.21990648638737628,0.04150601239389472,0.012695620024174539,0.25147469399983685,0.052646482683291494,0.05214553716308566,0.01936917836020995,0.003749965410577078,1.0,0.24944643240899222
572,0.62,-0.28,0.22097222219120335,0.040705788035060426,0.012755195780902924,0.24522525117143232,0.04758654736473543,0.0530694107349394,0.01912947428182632,0.0037404470640299546,0.0,0.24286113785769303
573,0.62,-0.28,0.22215322421115008,0.03995798873096795,0.012460167173270753,0.24513597245932303,0.047531306028524324,0.06098398478738318,0.018877939102335272,0.0037904407268837567,0.0,0.255075054104845
574,0.63,-0.27,0.2229112604211236,0.03983955225291489,0.012432605622263431,0.2512359607279676,0.052491105572416916,0.06266461719364225,0.01856182970381049,0.0038030863630896224,1.0,0.2542002215102668
575,0.64,-0.26,0.22386916417523411,0.03982267336309637,0.012336195318753742,0.25763059805602456,0.05795711346333627,0.06328501343546546,0.018241146010763466,0.0036738116345854162,1.0,0.2705835497796585
576,0.65,-0.25,0.22487424256795024,0.03918014437959359,0.012387643848526886,0.2643551130830953,0.06398940523851676,0.06314860401798325,0.017593036152199357,0.003396409917002675,1.0,0.24937306532337056
577,0.66,-0.24,0.22603559777387397,0.03813957676119064,0.012211912645164611,0.27142559535847066,0.07063880720141734,0.06734815543496141,0.01747360121474761,0.003434617970192692,1.0,0.24888366663538952
578,0.66,-0.24,0.22702950225456725,0.03745052690771391,0.012204125365798778,0.2713335453190367,0.07057012555550903,0.060054653714973594,0.01734253476427674,0.0034672078650493047,0.0,0.25002538193318413
579,0.66,-0.24,0.22804009699199324,0.036784626935603505,0.012128563784501093,0.2712400135128609,0.07050042737023604,0.06215988895665418,0.017252191796867496,0.0034778841316092752,0.0,0.25360706356147267
580,0.66,-0.24,0.22914588886062617,0.035815365601176395,0.012083026684612056,0.271137744945783,0.07042432124524126,0.06035641697305958,0.017149269170970472,0.0034895940775369234,0.0,0.25206449850540924
581,0.67,-0.22999999999999998,0.23024949255780416,0.03497408674106398,0.011926074783291043,0.27858644435668467,0.07774714879190317,0.06491526399046363,0.017037155565075943,0.003482324174113188,1.0,0.2578964193049922
582,0.68,-0.21999999999999997,0.2311112207809548,0.03451056711724993,0.011743862258865912,0.286480927612693,0.08585174280535583,0.06808444852245499,0.016860276026244913,0.003485935299863053,1.0,0.2550790309326154
583,0.68,-0.21999999999999997,0.2320762253433344,0.033509133851810265,0.011846801936656128,0.2863813653225049,0.0857710950398007,0.06873189483784863,0.016722443729277697,0.00342145259502951,0.0,0.2445502365650456
584,0.69,-0.21000000000000008,0.23314430444113765,0.03251197160223749,0.01187560527723936,0.29470788873637127,0.09469326516953229,0.0651518565573524,0.016458022151830214,0.0034507947149460504,1.0,0.2551954563737491
585,0.69,-0.21000000000000008,0.23412057168017125,0.031640352821331,0.011871210636455937,0.29460129782524186,0.09460345236729382,0.0653465295392541,0.01617272793421609,0.0034126003639972074,0.0,0.25380795958774827
586,0.69,-0.21000000000000008,0.23515978639478882,0.030696077873867616,0.011894835569483597,0.2944879188655229,0.09450803565173982,0.07716788083515211,0.015871052613200966,0.0034518915301301064,0.0,0.2582801409225888
587,0.69,-0.21000000000000008,0.23615034896299889,0.02972437785591528,0.01190346807646314,0.29437992909116134,0.09441726498638196,0.06951162765378302,0.015296939124205685,0.003481505304677443,0.0,0.25554823924694214
588,0.68,-0.21999999999999997,0.23739473213981102,0.02903894206155835,0.012166100495009212,0.28583387906948765,0.08532931930643382,0.051882205747210586,0.014820155338147472,0.003642889807862914,0.0,0.2828075835918158
589,0.68,-0.21999999999999997,0.2386458447021557,0.028237103119360285,0.012168267313746943,0.2857053937321158,0.08522605744097198,0.025523641948927346,0.014736046053996532,0.0038531618771909942,0.0,0.28222178723625846
590,0.69,-0.21000000000000008,0.23982344646879716,0.027234447613033046,0.012139296875010933,0.29398018343609694,0.09408219558409543,0.018006520228286277,0.014939665629724165,0.0038912266617717223,1.0,0.27449942636542035
591,0.69,-0.21000000000000008,0.24116658057587986,0.026936487534418064,0.012403938717672675,0.29383428019569446,0.09396026448014147,0.02163249584577581,0.01492206256398483,0.0038919683188986093,0.0,0.3016430947152413
592,0.7,-0.20000000000000007,0.2427580283779468,0.027171530642988433,0.012555645821212403,0.3025462103782901,0.10368293551659388,0.025356630197082217,0.014685144026728924,0.0037950620489996655,1.0,0.32553033828735334
593,0.71,-0.19000000000000006,0.24417192461092607,0.026365890681091728,0.012545365419596643,0.3118122349305101,0.11443148719696482,0.023884144102517678,0.014768805305813098,0.0037511913860197085,1.0,0.29890694105691873
594,0.72,-0.18000000000000005,0.2450743480658937,0.02587029937777185,0.012528849040491546,0.32173033363361364,0.12635664369705568,0.01987537101178225,0.01478853213686135,0.0037573956361566514,1.0,0.2754008202461391
595,0.73,-0.17000000000000004,0.2464784569556585,0.02501187999900495,0.012556729299824643,0.33223045814455193,0.13945745494083475,0.02457620807473132,0.0147483018888195,0.0037241779030497664,1.0,0.3004281213836797
596,0.74,-0.16000000000000003,0.24785821440740563,0.025237253865435162,0.012721025067989895,0.34344269029087315,0.15392044734178245,0.026644283442283218,0.014430844551947227,0.00369421307900357,1.0,0.3202601330454691
597,0.74,-0.16000000000000003,0.2488300566588677,0.024413824199072925,0.013160504800973348,0.3432985958843027,0.15377716912494624,0.026082444033711117,0.013920150739674264,0.003695828453170696,0.0,0.2759018824035362
598,0.74,-0.16000000000000003,0.24999203021452915,0.023848273864813425,0.013300858974094172,0.3431264694646982,0.15360620968285169,0.025172813386991157,0.013351431702241501,0.0036738754679701206,0.0,0.29576476990005296
599,0.74,-0.16000000000000003,0.251227549458985,0.02304551537239639,0.01326345260326895,0.34294363775174774,0.15342484605425563,0.017708283914456245,0.01276769906864314,0.0037417397074079356,0.0,0.29715151442192855
600,0.74,-0.16000000000000003,0.2528313413726039,0.02281257922458285,0.013275683569086177,0.3427065995851565,0.1531900609621759,0.026833129483681523,0.011904701997041935,0.003499818318316541,0.0,0.32888880610465976
601,0.73,-0.17000000000000004,0.2538440477041405,0.02264923674615162,0.0132884609633085,0.3312112166229787,0.13847828816906116,0.025351639275050394,0.012016727908260777,0.003273063692392482,0.0,0.30030667396325517
602,0.72,-0.18000000000000005,0.25457958519458374,0.02293703048730941,0.013216219023129092,0.32049778224424147,0.12521254369876042,0.029185919170172735,0.012205939375819713,0.003260693488455309,0.0,0.29990695996732697
603,0.72,-0.18000000000000005,0.25536254529720487,0.0235461684776638,0.013283004926858551,0.3203966760636711,0.12511922543991363,0.03545028762127448,0.012272119919620527,0.0032679727126835945,1.0,0.3122008872587916
604,0.72,-0.18000000000000005,0.2560832428445758,0.024147553636613726,0.013027342254517571,0.32030366641632096,0.12503345089583154,0.03504455551505266,0.012367848522082895,0.0032705987103652037,1.0,0.31165675455603115
605,0.72,-0.18000000000000005,0.2572531308551706,0.02488991153564736,0.013008409898057564,0.3201528013985359,0.12489446561422596,0.03505199096065145,0.012461123140186077,0.003268436526358553,1.0,0.3307210636138913
606,0.72,-0.18000000000000005,0.25821363274229125,0.025835265064948716,0.012621126650685217,0.32002904434375934,0.1247805866393758,0.032085638024724625,0.012592466072421338,0.003242546645926346,1.0,0.3307210636138913
607,0.73,-0.17000000000000004,0.2592496032813335,0.025406526639709694,0.012693412510161513,0.33046717241685303,0.13776838803010644,0.036889387816941274,0.012659124760057469,0.003270647626487858,1.0,0.2999268873161771
608,0.74,-0.16000000000000003,0.2600554407332879,0.025425773923383226,0.012162430650131846,0.3416429375272999,0.15214134527455297,0.03198132386602538,0.012786914530322708,0.003298209619920983,1.0,0.30055145481695167
609,0.75,-0.15000000000000002,0.26042985654789946,0.025887472503989536,0.012127306344757331,0.35366889385719574,0.16808255261699265,0.0343878999484548,0.012880357890529015,0.0033164650094635426,1.0,0.3106010627263722
610,0.75,-0.15000000000000002,0.2606670189244272,0.026233255845325484,0.01155674724711851,0.3536315930047498,0.16804479885197326,0.032001622992442795,0.013001755810641311,0.00330752704728708,1.0,0.31040263305949467
611,0.76,-0.14,0.2615334804744084,0.02663399077510962,0.011546445171259863,0.3664491927304384,0.1855659458359716,0.03401981716692052,0.013089368742673227,0.003325770981398752,1.0,0.31664877007172665
612,0.77,-0.13,0.2622743037408721,0.0269768542647165,0.011578081715117145,0.3802537449039162,0.2049384142455795,0.03639428575817372,0.013147648181786483,0.0033302632961274984,1.0,0.311350984242206
613,0.77,-0.13,0.2628823271094541,0.027139931023616917,0.011584119889928524,0.38014321849487526,0.20482064680298337,0.03330746048328176,0.013229232574654252,0.0033582917324294363,1.0,0.3002367624416906
614,0.77,-0.13,0.26362276381076094,0.027779532152020097,0.011711851129971565,0.38000870874160037,0.20467741499885858,0.03412233134838814,0.013295916913360404,0.0033640762176889234,1.0,0.3239945382083673
615,0.77,-0.13,0.2643590835515629,0.028086982901424577,0.011804090812545572,0.3798750412507482,0.20453517810848054,0.03388230779308035,0.013362696860778976,0.0033234680758622327,1.0,0.3124704591554559
616,0.77,-0.13,0.26506158035471583,0.0283767553118382,0.01176842867601262,0.37974760141772845,0.2043996590421588,0.031509527420948175,0.013424845088453539,0.0033256148674451693,1.0,0.31148051586864156
617,0.77,-0.13,0.26567817448168546,0.028423871477798984,0.011869030810046446,0.3796358156167649,0.204280859410155,0.03360598737007801,0.013473323854157821,0.0033304433491247562,1.0,0.2983697534467369
618,0.77,-0.13,0.266436485327243,0.02856803491884905,0.011907412877195739,0.37949842740597417,0.20413494433381246,0.032616457011776595,0.013538643770765775,0.00333545809244793,1.0,0.3093902741529695
619,0.77,-0.13,0.2671426567213065,0.028796976080000765,0.011816230912458151,0.37937057503501037,0.20399924931259353,0.03582808451210119,0.013564899696207887,0.0033524524943916692,1.0,0.31139702506202127
620,0.77,-0.13,0.26785053287671673,0.028738987019327516,0.011687946971746415,0.37924250044640895,0.20386340764622712,0.03337744119625621,0.013600452013767356,0.003362060860395925,1.0,0.3005337357786133
621,0.77,-0.13,0.26835234218803217,0.028918250105074754,0.011360054879410586,0.3791517614781687,0.2037672198038109,0.033454460688719045,0.013641574549577823,0.0032704058631346936,1.0,0.3034904507830096
622,0.77,-0.13,0.26928841159719547,0.028784402585801765,0.01123733024384449,0.37898261402638117,0.20358803445746457,0.03287510180219711,0.01371590765868643,0.0031616635811200964,1.0,0.3114984284221496
623,0.77,-0.13,0.27002433733801445,0.028916767475558783,0.011207108358347467,0.37884973840323394,0.20344738235838677,0.03446163588726746,0.013724251765836887,0.0031702753198003335,1.0,0.3116417781479086
624,0.77,-0.13,0.2707833758413113,0.02898131950777511,0.011155684265991365,0.3787127872134877,0.20330251633611646,0.036217818056525644,0.013720142905535061,0.003175365026949088,1.0,0.3108177380057193
625,0.77,-0.13,0.2714795089236491,0.029089307671845973,0.011028166188788248,0.3785872728886201,0.2031698373547692,0.03372871381766087,0.01374313553987361,0.0031934519692450544,1.0,0.31044222119526177
626,0.77,-0.13,0.27231509552244254,0.02902348582941929,0.010843766508049272,0.3784367246104016,0.2030108078425927,0.03517383470657978,0.013744603585555105,0.0031963745317491045,1.0,0.31138776638726373
627,0.77,-0.13,0.2729382455530749,0.02914264003141871,0.010788208298162561,0.37832452911056286,0.20289237139663455,0.03642861756856671,0.013742237605742006,0.0031988048189092863,1.0,0.3093452231563134
628,0.77,-0.13,0.27385058204838036,0.029506949511776244,0.01092994480514941,0.378160386769439,0.2027192209711996,0.03392170737462438,0.013748408712721247,0.0031870157199122384,1.0,0.3307210636138913
629,0.77,-0.13,0.27449779969812904,0.029616812576608344,0.010931003875027073,0.37804402942236315,0.20259656597912762,0.031902312569987074,0.013733306778836605,0.0032071397380560684,1.0,0.3115531053240903
630,0.78,-0.12,0.27531355127522794,0.02944139534265525,0.010847040895749659,0.3927389818125609,0.2237332134534827,0.031412873331845226,0.013717258548159684,0.0032114661884074195,1.0,0.30934338768720293
631,0.79,-0.10999999999999999,0.2760350182073412,0.029409259943289367,0.010823726369036816,0.4086423506719702,0.24709691086087793,0.03424990685206615,0.013670668008692894,0.003118473508382513,1.0,0.310436975773992
632,0.8,-0.09999999999999998,0.2769933432801671,0.029613535855072537,0.010850897276309892,0.4258340210077066,0.2728402368162709,0.03445351017757492,0.01370472734027891,0.0030935637940083843,1.0,0.3307210636138913
633,0.8,-0.09999999999999998,0.2777757266727944,0.029986803047113403,0.010808126183616968,0.4256556831863553,0.27264128899329404,0.03431170644486039,0.01372794393991407,0.003042605989869787,1.0,0.3307210636138913
634,0.81,-0.08999999999999997,0.278387270127002,0.03000197339550691,0.010635200151156416,0.4444275098936619,0.3011435861976832,0.03556633963875147,0.013756284628768442,0.002981807266595877,1.0,0.30940273159533027
635,0.82,-0.08000000000000007,0.278643195305831,0.030180301355123795,0.010281669856020385,0.46502812423420725,0.332735814808151,0.033775911814180985,0.013767888988109002,0.0029926277996987906,1.0,0.31227891328962576
636,0.82,-0.08000000000000007,0.27927926099298045,0.030215114286572843,0.010212616545981672,0.46485521271188635,0.33253884279383783,0.03470143006300875,0.013774728800238157,0.0029788511107855537,1.0,0.31241728320890627
637,0.82,-0.08000000000000007,0.2798353551333703,0.030289244311216306,0.010089188839888876,0.4647041464044835,0.3323668267330075,0.03636438905786494,0.013752722048294468,0.0029917814207392063,1.0,0.31139477614606337
638,0.82,-0.08000000000000007,0.2804823129744633,0.030176525824656762,0.009899181010315774,0.4645285199422522,0.3321669277113867,0.03413055614840497,0.013745015998000343,0.003002121136540318,1.0,0.30723929625033786
639,0.82,-0.08000000000000007,0.2809305606890392,0.03028351973125669,0.00969885563425775,0.46440691417124175,0.33202856771152445,0.038022202161045085,0.013722308449235358,0.0030179983890751363,1.0,0.3103345386220959
640,0.82,-0.08000000000000007,0.28150887751473425,0.030097296851981595,0.009678529694560874,0.4642501157926357,0.3318502296548765,0.03244819674998151,0.01374579992382084,0.003050421828837698,1.0,0.3004139951325091
641,0.82,-0.08000000000000007,0.28196896464802274,0.03003272643935703,0.009585505002023325,0.46412544849874304,0.3317084873724396,0.03576854915416387,0.013729355330341347,0.003032593831764377,1.0,0.30052383741143074
642,0.82,-0.08000000000000007,0.28264607444470835,0.02995922324992888,0.009616802326794361,0.463942097490392,0.33150010547915837,0.036402906117705025,0.013736223895268677,0.002998307125373401,1.0,0.3129068169110074
643,0.82,-0.08000000000000007,0.2829600981077836,0.029826634823399964,0.009873384986766945,0.46385711383249717,0.33140355291015006,0.034567484528343954,0.013730404488021949,0.003012938615275925,1.0,0.2858827478972126
644,0.82,-0.08000000000000007,0.2835300846130213,0.029852555830193025,0.01003079158001126,0.46370293892897385,0.3312284432986174,0.0355850748272241,0.013713858739337476,0.0030163024222239947,1.0,0.31310141778996536
645,0.82,-0.08000000000000007,0.2842139803509106,0.029732962162617105,0.00992496256753051,0.46351808806961253,0.3310185828856489,0.03195384016976672,0.013723289629659593,0.0030256614574838397,1.0,0.31285692389355546
646,0.82,-0.08000000000000007,0.28476355333269443,0.029699280675943848,0.009924220524224089,0.46336965020879534,0.3308501333996032,0.03448527904321532,0.013691199155519413,0.003005066809137597,1.0,0.3101462144150182
647,0.82,-0.08000000000000007,0.2852574009262428,0.029660261599006178,0.0098552868334043,0.4632363446699741,0.33069891046996874,0.036752727738405766,0.013679543861593571,0.0029921866722305126,1.0,0.3073578473573422
648,0.82,-0.08000000000000007,0.28584789814311873,0.02950721673753152,0.009757584662841958,0.46307705090331563,0.33051827346580515,0.03621119411475217,0.01364313799115476,0.0029939297332536538,1.0,0.30741000724127043
649,0.82,-0.08000000000000007,0.2865585195116615,0.029215903362705523,0.009647536057031508,0.46288549738309864,0.33030115115485126,0.03321574587938042,0.013623208002539019,0.0029939825657783344,1.0,0.30969774763834446
650,0.82,-0.08000000000000007,0.28713384924476876,0.029092337741697682,0.009627627853214301,0.4627305288264246,0.3301255745269941,0.03610291519807313,0.013607831865522026,0.0030114803205056285,1.0,0.309351136467106
651,0.82,-0.08000000000000007,0.28773739779191065,0.02902748599077625,0.009529754061560472,0.4625680708438603,0.32994158671072843,0.030651854683863562,0.013630508671478303,0.003018681059904089,1.0,0.3144905412197112
652,0.82,-0.08000000000000007,0.2884379632404628,0.028693652708224233,0.009171287352251136,0.4623796416837987,0.3297282809430393,0.034610520051788204,0.013589808689619086,0.003034628996389838,1.0,0.30936332123439536
653,0.82,-0.08000000000000007,0.2887836466467986,0.028797020588605452,0.008965929479377254,0.46228672072183724,0.32962313003253824,0.03428596913164576,0.013568211392106889,0.003020114287388158,1.0,0.3144905412197112
654,0.82,-0.08000000000000007,0.28933671223263063,0.028663378136383966,0.009009931737451876,0.4621381323237275,0.3294550364655592,0.0355746883237626,0.013551237808047826,0.003002638584315023,1.0,0.30977110976950417
655,0.82,-0.08000000000000007,0.28991688433003204,0.028531166414597978,0.009028383454769518,0.4619823640231786,0.3292788885518448,0.036572123473679545,0.01350590879424531,0.0030088852285648587,1.0,0.3121185530256214
656,0.82,-0.08000000000000007,0.29051556907695764,0.02841215299908144,0.009047640823055052,0.4618217353762418,0.3290973173157732,0.037274801230782736,0.013453052997332828,0.002987174607076528,1.0,0.3144905412197112
657,0.82,-0.08000000000000007,0.29108481206083076,0.028247759801263175,0.009076521277177984,0.4616691095900847,0.32892486090004625,0.034619400520595776,0.013431016376227133,0.0030046516790036516,1.0,0.3110808561806373
658,0.82,-0.08000000000000007,0.29153369006826824,0.028004228141103607,0.009095373564523276,0.46154882725842056,0.3287889973586183,0.03287049098652069,0.013408489061194117,0.0030001666242408485,1.0,0.29849383845616906
659,0.82,-0.08000000000000007,0.2922028010301123,0.027630740473896787,0.009163104387545026,0.4613696471240307,0.32858668332597873,0.03620734973869176,0.013349408493749331,0.0030208631577736066,1.0,0.309796492619546
660,0.82,-0.08000000000000007,0.2929133746413713,0.027144495822871408,0.009005506091626316,0.46117951603073487,0.3283721049678104,0.03092719080756918,0.013299451397889411,0.0030647129010741387,1.0,0.3093454548768104
661,0.82,-0.08000000000000007,0.2935148664256723,0.02694883302304326,0.00894059649114726,0.4610186948346922,0.32819068593986483,0.0326613234518812,0.013245031897848498,0.0030677942475404274,1.0,0.3144905412197112
662,0.82,-0.08000000000000007,0.2940773408503207,0.02646650424230945,0.009069067873270033,0.46086840718356203,0.32802121642200177,0.03438206641925435,0.013162932957217715,0.0030838366495028703,1.0,0.29901766846411326
663,0.82,-0.08000000000000007,0.29472166555697,0.02605779053641232,0.009155334543714939,0.46069637030460703,0.32782730094852686,0.036760902134648235,0.013068611501612848,0.003052510373499579,1.0,0.30995690258964714
664,0.82,-0.08000000000000007,0.2953233102576901,0.025661880042257484,0.009151434676426849,0.4605358450502817,0.3276464372984611,0.036983664945064984,0.0130272922202898,0.0030479425933037582,1.0,0.3080877357482217
665,0.82,-0.08000000000000007,0.29583302623539626,0.02526323954436946,0.00920187922580728,0.46039993487232483,0.32749336492007464,0.03510321183770158,0.01298308598435564,0.0030415059523698157,1.0,0.3011501171497706
666,0.82,-0.08000000000000007,0.29641575418198624,0.024917980696004503,0.009271191119102578,0.46024465509642776,0.3273185415101811,0.03341921810983742,0.012963119770716543,0.0030186085268207453,1.0,0.3103949222479436
667,0.82,-0.08000000000000007,0.2968183912023369,0.024560246426595867,0.009420323281535303,0.46013742540477626,0.3271978559286832,0.02687917025313894,0.012949993782355949,0.0030660274777122827,1.0,0.2947687572859432
668,0.82,-0.08000000000000007,0.2972817645964593,0.024175396604606693,0.009317420100618716,0.46001408231574636,0.3270590754519037,0.029356922464357085,0.012930361523499636,0.003043596513944752,1.0,0.29998031378195966
669,0.82,-0.08000000000000007,0.29804422997902674,0.023494154474510653,0.009294162642554409,0.4598112692591874,0.3268309728866278,0.03293265506709339,0.012835649205853724,0.0030732469133796046,1.0,0.3144905412197112
670,0.82,-0.08000000000000007,0.29858724460363073,0.023118849956185926,0.009289335103868993,0.45966693831684274,0.32666871608688286,0.03582755604603803,0.012719632411739857,0.003068954744336142,1.0,0.3093581812094792
671,0.82,-0.08000000000000007,0.2991548659674491,0.022596275818730666,0.009254631243943195,0.45951616383820193,0.32649927874407086,0.03488069474708891,0.012643393254519941,0.003069186943599731,1.0,0.306208568790834
672,0.83,-0.07000000000000006,0.299830254751709,0.0219022881607754,0.009173596206020882,0.4814517473901663,0.3606149510670138,0.03684665786376236,0.01255051049767121,0.0030090999644505362,1.0,0.3104000162836771
673,0.83,-0.07000000000000006,0.3003726160331814,0.02145424598841136,0.00917575783669781,0.4812937038796785,0.3604364288530905,0.03699055133468637,0.012329815233120506,0.002993577348942101,0.0,0.3093111822520831
674,0.82,-0.08000000000000007,0.30095415508009427,0.02097768216385052,0.009041006479930946,0.45903888051674935,0.32596334319010695,0.05797522350492154,0.012242338250310989,0.0031992771057947483,0.0,0.31235412620155545
675,0.81,-0.08999999999999997,0.3012513366002427,0.020754646525570238,0.008948500822867925,0.43882005336303576,0.29486388823708976,0.06461215129087806,0.01227110152826997,0.0032649389074965083,0.0,0.30030170179450666
676,0.8,-0.09999999999999998,0.30182604270098545,0.020095379009230332,0.009009637943222982,0.4202455569817679,0.2666641067076263,0.06456530723921948,0.012301610437299921,0.0032229923684528768,0.0,0.30684367539763824
677,0.79,-0.10999999999999999,0.30234006902816407,0.01937923607164743,0.009064341587127862,0.40319206164176086,0.2411746558964518,0.06353793985091616,0.012214399789152024,0.003159698082274245,0.0,0.30028629935326046
678,0.79,-0.10999999999999999,0.30286095872013213,0.018652498740830446,0.009046628154283818,0.4030856032098902,0.24106024905294718,0.06429673573371855,0.012300185579091152,0.0031460976847098184,0.0,0.30211435112998863
679,0.79,-0.10999999999999999,0.30330327288915493,0.017992022077796557,0.009074237301861328,0.402995248019441,0.2409631855142759,0.06669691391944776,0.012399363464007345,0.0031521250200849163,0.0,0.2978384804637517
680,0.79,-0.10999999999999999,0.3037149149994148,0.01727148683483828,0.009061892353707586,0.4029111948494219,0.2408729229958661,0.029017780759641967,0.012211185338096585,0.0034866733649576613,0.0,0.29322870953138924
681,0.78,-0.12,0.3041738712430473,0.016646330846878547,0.009140134230116432,0.38721963649740804,0.21785984544402773,0.010741486320644011,0.012168621571283232,0.0036392704347254054,0.0,0.30379204366824175
682,0.78,-0.12,0.30543147441127555,0.01761225949083955,0.00981203836869861,0.3869826533104705,0.21761091391483536,0.010020020130657387,0.012037033309221306,0.0036400181102263438,1.0,0.38083934775544726
683,0.79,-0.10999999999999999,0.30726668183680855,0.020497876182887877,0.01018159808136726,0.402187413647339,0.24009691181834375,0.01000054054352775,0.011858062031986395,0.003604052870899408,1.0,0.428070979118347
684,0.79,-0.10999999999999999,0.30888925517731847,0.022623568326171323,0.010274837393565267,0.4018576292754396,0.23974406374970433,0.010000014594675248,0.011744973506766563,0.0036020917897574977,1.0,0.41745279042474337
685,0.8,-0.09999999999999998,0.3106318853726245,0.02490968538116548,0.010336918275977018,0.4182989161278836,0.26454063053039845,0.01000000039405623,0.011599415534252549,0.0034826843443506385,1.0,0.428070979118347
686,0.81,-0.08999999999999997,0.31202890476772266,0.025834749406537214,0.010613251579111268,0.4362256144519356,0.29199372916806227,0.010000000010639517,0.01102994382818741,0.003405348457502635,1.0,0.39798208043240946
687,0.82,-0.08000000000000007,0.3136432227231067,0.02725940196667076,0.010529803195354213,0.45570089759658794,0.3222331670223402,0.010000000000287265,0.010679151396622838,0.0032272734888539457,1.0,0.4169800347853345
688,0.83,-0.07000000000000006,0.3150958566783719,0.02936653874910485,0.010635915801187093,0.4770426574491493,0.35565679771668113,0.010000000000007754,0.010753778990366405,0.0029610253696821915,1.0,0.428070979118347
689,0.84,-0.06000000000000005,0.31655434859719284,0.031258489053564875,0.010557912156027112,0.5004797800170865,0.39254589758518005,0.010000000000000208,0.010965368538470705,0.0028850948472515492,1.0,0.428070979118347
690,0.84,-0.06000000000000005,0.31809006412472207,0.032884770635037926,0.010283733687847102,0.49999651058390143,0.3920044032785283,0.010000000000000005,0.011099213462412562,0.002848468830913274,1.0,0.428070979118347
691,0.85,-0.050000000000000044,0.3193543429687531,0.0346130427342696,0.01004244839923991,0.5258718841834339,0.4327404347232372,0.01,0.011271139637132997,0.002810851312213209,1.0,0.428070979118347
692,0.85,-0.050000000000000044,0.3203797493770631,0.036260486891342876,0.009773525194892085,0.5255155261344995,0.4323426721747422,0.01,0.011467458298819944,0.002795977715298416,1.0,0.428070979118347
693,0.85,-0.050000000000000044,0.3210481696301361,0.036473949162262,0.01016560491149153,0.5252834908956618,0.43208378058044705,0.01,0.011649138100586433,0.002755485057816239,1.0,0.3657489663642224
694,0.85,-0.050000000000000044,0.32257487121885814,0.03770570463736115,0.010542319170244905,0.5247542798011574,0.43149362191936963,0.01,0.011792456913305317,0.002708001855160188,1.0,0.428070979118347
695,0.85,-0.050000000000000044,0.32385129979620486,0.03907019829516657,0.01034199582012582,0.5243126403332643,0.4310014442474131,0.01,0.011970799937778021,0.002687112204982896,1.0,0.428070979118347
696,0.85,-0.050000000000000044,0.32492940825693367,0.04042037268215532,0.009893932682328518,0.5239401975670173,0.43058661059190906,0.01,0.012154964892109373,0.0026814370594417645,1.0,0.428070979118347
697,0.86,-0.040000000000000036,0.3264510992240817,0.04139850042995968,0.009693297455090975,0.5523249540810773,0.475226205498235,0.01,0.012331830205128607,0.0026722488710910573,1.0,0.428070979118347
698,0.87,-0.030000000000000027,0.3277741613162647,0.04249629203087043,0.00967928993466799,0.5840465848370909,0.5245873946650628,0.01,0.012500021546916332,0.002596849583489694,1.0,0.428070979118347
699,0.88,-0.020000000000000018,0.32870747569310105,0.042837019271203085,0.009738388271335153,0.619822207908759,0.5792772886660772,0.01,0.01260674771013348,0.0025046794262247925,1.0,0.3904829521055666
700,0.89,-0.010000000000000009,0.32969929742323795,0.04396313499989803,0.009829356906399555,0.6602345988302043,0.6396359480600073,0.01,0.012775143933460954,0.002489714878662862,1.0,0.428070979118347
701,0.9,0.0,0.3306767945377378,0.044383435987500275,0.010128497105482132,0.7062933030098668,0.7062933030098668,0.01,0.01293369112317775,0.002450984778712132,1.0,0.39805638541324373
702,0.9,0.0,0.33134038201393695,0.044414489998687426,0.010325433979568475,0.7058772606962077,0.7058772606962077,0.012925695689753365,0.013055538366009412,0.0024172608114257847,0.0,0.3662657075872311
703,0.9,0.0,0.3325148252463943,0.0454339388055677,0.010960134688806253,0.7051421327583206,0.7051421327583206,0.011150247575143452,0.01319053447461082,0.002431096326662028,1.0,0.42964521050453164
704,0.9,0.0,0.3328888692082305,0.045414646362673915,0.011581546312109474,0.7049083260351103,0.7049083260351103,0.01065243859492819,0.01332847947834,0.002436049594688457,1.0,0.3490611507396528
705,0.9,0.0,0.3336745206239896,0.04604553606745722,0.012189880195444276,0.7044177369716901,0.7044177369716901,0.011300005897921253,0.01345141628464018,0.0024126275175881157,1.0,0.4092862051897983
706,0.9,0.0,0.33466376209289606,0.04702370994651599,0.012084474427939418,0.7038009893104776,0.7038009893104776,0.012978059991515902,0.013555565187726546,0.002381054833763651,1.0,0.42964521050453164
707,0.9,0.0,0.33596094532477955,0.047829853266847626,0.012078165665305332,0.7029938884870565,0.7029938884870565,0.01146549289445334,0.013658181824398773,0.0023467568857449303,1.0,0.42964521050453164
708,0.9,0.0,0.3366452098457793,0.047807839555254986,0.012589455520640622,0.7025688879022323,0.7025688879022323,0.010902940644791338,0.013781012199332103,0.0023281303823836433,1.0,0.36897790691691745
709,0.9,0.0,0.3378356513235608,0.04861974287532264,0.013200252226910689,0.7018307213191407,0.7018307213191407,0.011213413368376508,0.013888470330779099,0.0023071626628641804,1.0,0.42964521050453164
710,0.9,0.0,0.3390280770980112,0.04938847805606272,0.01313715993385784,0.7010928776988272,0.7010928776988272,0.01342964462129314,0.01397234632424699,0.0023091630373938666,1.0,0.42964521050453164
711,0.9,0.0,0.3400154593019358,0.049915381835186026,0.013227669370330859,0.7004830831413382,0.7004830831413382,0.014307233434510421,0.014037825040188228,0.0022940430396359277,1.0,0.41538699046418204
712,0.9,0.0,0.34119840156455905,0.0506188146152951,0.013259426928308983,0.699753908470736,0.699753908470736,0.015265556815526368,0.01407962683412307,0.002272543020505867,1.0,0.42964521050453164
713,0.89,-0.010000000000000009,0.3417668971034076,0.05047461644666994,0.013752367518322182,0.6536850293319314,0.63284693058786,0.01558347451642178,0.01412953464186735,0.0022675232915744434,0.0,0.3570863163265483
714,0.89,-0.010000000000000009,0.3428234038263692,0.051192168456103734,0.014368880802413816,0.6531178017155935,0.6322594131828574,0.01484782930292283,0.014180556569003855,0.0022725295709501115,1.0,0.42964521050453164
715,0.89,-0.010000000000000009,0.3438897281720274,0.05165727109432194,0.01446536942359003,0.6525463004193475,0.6316675413400002,0.01398940729753535,0.014237961943039525,0.0022572330217910746,1.0,0.4191028937212722
716,0.89,-0.010000000000000009,0.3448957027175135,0.05199475421145652,0.014403896301187168,0.6520080599731535,0.6311101820687374,0.016270312734118664,0.01428039772724767,0.0022590961075229276,1.0,0.4120779704172509
717,0.89,-0.010000000000000009,0.3461244327900223,0.05233150849139929,0.014385151549410759,0.6513518389533811,0.6304307382614872,0.015680868555688787,0.014318647748641822,0.0022550548329787713,1.0,0.421242760697619
718,0.89,-0.010000000000000009,0.34731242607252755,0.05283018445429916,0.014435051456449358,0.6507186287413781,0.6297752100052411,0.016544087675091038,0.01435166119717274,0.0022313335362017773,1.0,0.42818960240349235
719,0.89,-0.010000000000000009,0.34846496513889424,0.05328927535281607,0.014340863389998747,0.650105491393029,0.6291405467105191,0.0170701752149723,0.014363439193862047,0.0022118935788688105,1.0,0.42665093169869484
720,0.89,-0.010000000000000009,0.3497560798861534,0.05367502384940348,0.014341242822336533,0.6494200041449198,0.6284310920091278,0.01609627475740469,0.014392688680138958,0.0022209529825567374,1.0,0.42964521050453164
721,0.89,-0.010000000000000009,0.35083333359852154,0.05381649955489014,0.014446509598554447,0.6488491666986834,0.6278403751115098,0.011779057663266382,0.014458184668481786,0.0022587091260680143,1.0,0.4112158220198182
722,0.89,-0.010000000000000009,0.3520148014193454,0.05423523328881317,0.01463121706076611,0.6482242588629653,0.6271937875047086,0.013192379082060817,0.01450894386477525,0.002256959503176338,1.0,0.42964521050453164
723,0.89,-0.010000000000000009,0.3528740196524438,0.0542694149193496,0.014946950080004432,0.6477705523566925,0.626724394814604,0.016508911667095373,0.01452249169880273,0.002272720618487211,1.0,0.3975636014577484
724,0.89,-0.010000000000000009,0.3536355536268334,0.05420819390542709,0.015050151587101464,0.6473689581888912,0.6263089541601696,0.013729171572301972,0.014544232175048025,0.0022756563342036613,1.0,0.38697113544468453
725,0.89,-0.010000000000000009,0.3547804762656195,0.05449216618220482,0.01542406880363866,0.6467661206088354,0.6256853984313355,0.014612660333407348,0.014570492223893866,0.0022699832824075654,1.0,0.424934485073869
726,0.89,-0.010000000000000009,0.35596305070679213,0.05481984772453194,0.01545102013898929,0.646144635773891,0.6250426387256893,0.013038442723746643,0.014598692466689362,0.0022732098960204315,1.0,0.42964521050453164
727,0.89,-0.010000000000000009,0.35716007586702736,0.05509504817806579,0.015241137622495522,0.6455167717565478,0.6243933681890627,0.014382904911504625,0.014603788712038766,0.0022614679969680646,1.0,0.42904773917983663
728,0.89,-0.010000000000000009,0.35802782494357793,0.055354542129204064,0.01516420640654699,0.6450623820876906,0.6239235408291344,0.016328985581041216,0.014608844496777048,0.0022607274501488654,1.0,0.41749597126894034
729,0.89,-0.010000000000000009,0.35920874599538233,0.05560955190713189,0.015264605614614707,0.6444450291761594,0.6232852867460795,0.015210077158785263,0.014629596520114077,0.002267085724735876,1.0,0.42964521050453164
730,0.89,-0.010000000000000009,0.3603919002992486,0.05579436345446242,0.015273623840310818,0.6438276926685349,0.622647133847412,0.01437935442308033,0.014656455229599439,0.002246819959235715,1.0,0.42765881807382766
731,0.89,-0.010000000000000009,0.36158398264655406,0.055987455718817455,0.015088798634157328,0.6432068927641837,0.6220054856846248,0.01100777113187583,0.014694066924858569,0.0022788197568690046,1.0,0.42964521050453164
732,0.89,-0.010000000000000009,0.36202946061334723,0.05591729882869452,0.015638054696897868,0.6429752086863614,0.6217660428013272,0.012898598710628303,0.014710247308313225,0.002296486664404742,1.0,0.37526886029321815
733,0.89,-0.010000000000000009,0.36297132632653495,0.056174653431119506,0.015924119773876463,0.6424859124593149,0.6212603996270889,0.014186014809894856,0.014714657822576667,0.00229681780486308,1.0,0.42490763493265993
734,0.89,-0.010000000000000009,0.3640926983551539,0.056213353289487435,0.015929084610049528,0.6419043335108818,0.6206594594239557,0.012903779928550352,0.014716540990171579,0.002291684542810292,1.0,0.42153993445723104
735,0.88,-0.020000000000000018,0.3647270596474631,0.05598252208868736,0.01639056463042735,0.6028954844918767,0.5612887666240839,0.011709162556506761,0.014737385957724846,0.0022944027157720684,0.0,0.3757150425205462
736,0.88,-0.020000000000000018,0.3658727219048912,0.05607250453735308,0.016898099573541728,0.6023722593043682,0.5607349263895831,0.015360319460320482,0.014722887216925737,0.002314485522933255,1.0,0.42698350895171266
737,0.88,-0.020000000000000018,0.3665965664778967,0.05583126167247637,0.017292531852424353,0.6020421466114405,0.5603855658826852,0.015867289607356616,0.014689598786404188,0.002297042464726954,1.0,0.38377923344660725
738,0.88,-0.020000000000000018,0.36780230304534633,0.0558383164481546,0.017706051823908543,0.6014930674067747,0.5598045877795105,0.015099650239128206,0.01467553186157403,0.0022654868420561285,1.0,0.4278129529953001
739,0.88,-0.020000000000000018,0.3689279979921447,0.055803108891401824,0.017655429361320377,0.6009813415363416,0.5592632636317445,0.018592120736161573,0.014609586720085993,0.0022444612368639045,1.0,0.4229040333019416
740,0.88,-0.020000000000000018,0.3701736929769024,0.055649938957377104,0.017675324492910403,0.600416079184947,0.5586654528232665,0.014270711763208616,0.014606973962720992,0.0022545729193767386,1.0,0.4249834936082757
741,0.88,-0.020000000000000018,0.37135448537309157,0.055411771888940344,0.01761469254420679,0.5998812486546411,0.5580999675499729,0.015149296517369678,0.014571592672108289,0.0022570398667567377,1.0,0.4186030770303568
742,0.88,-0.020000000000000018,0.37238681111725014,0.05527471705903392,0.01736660786430471,0.599414444953154,0.5576065205225762,0.014039200074208405,0.01453347386618849,0.002249713350128457,1.0,0.41613939132686784
743,0.88,-0.020000000000000018,0.37376012161554895,0.05481252284263267,0.01716313045528929,0.5987945774836627,0.5569514352296644,0.03222447622106098,0.014516086252589225,0.0024231243182897943,1.0,0.4232137977270942
744,0.88,-0.020000000000000018,0.3749072369676024,0.0547313355313653,0.01720711693379228,0.5982777889457479,0.5564054263388689,0.05466064885593429,0.01480780428811784,0.0026130731867485416,1.0,0.4278129529953001
745,0.87,-0.030000000000000027,0.3755775530244535,0.054376607881199385,0.017663821114985215,0.5642362319154205,0.5031682001541276,0.06909071598631261,0.015483101548359612,0.0027332613509599524,0.0,0.37988852957866226
746,0.86,-0.040000000000000036,0.3762467426588321,0.053977561999899844,0.017664174495471113,0.5338604025043809,0.45502533243209725,0.07043848911980445,0.016145022241316802,0.0027239716988215826,0.0,0.3770651778528824
747,0.86,-0.040000000000000036,0.3773204484547597,0.05366354401842237,0.018044084487524554,0.5334758525050294,0.4546086536308192,0.07563291792990665,0.016908922256539137,0.002770970640098841,1.0,0.4147284269501015
748,0.85,-0.050000000000000044,0.3780677083593206,0.05320314611459197,0.018350192455763654,0.5062166425541899,0.41108493093791276,0.05170137819692368,0.017090824324834542,0.0029824463117918837,0.0,0.3821359976973565
749,0.85,-0.050000000000000044,0.3785410093665845,0.05280182747257124,0.018600309002848196,0.5060641655061033,0.4109191640955904,0.03309521883879066,0.017090183597513128,0.003141223988957948,1.0,0.35702784836474866
750,0.85,-0.050000000000000044,0.3797256275318665,0.052564574795357345,0.01926339688040321,0.505682935291165,0.4105048541453063,0.02491075619041398,0.0170476066575476,0.0031688341115252926,1.0,0.4278129529953001
751,0.85,-0.050000000000000044,0.38055026106956835,0.05218013482236054,0.019523314436161728,0.5054178931406987,0.41021693856804053,0.02605614744483941,0.01703568860477215,0.0031404172012879272,1.0,0.3969538949898904
752,0.85,-0.050000000000000044,0.3815714287502115,0.05177465041272233,0.019618253570742566,0.5050900685367321,0.40986096357526397,0.01806089557981854,0.01701131797073933,0.003217899029013971,1.0,0.41148008929870905
753,0.85,-0.050000000000000044,0.382616937546083,0.05146419031759685,0.019646959631934035,0.5047548700265277,0.40949714287420674,0.03249558524494123,0.01700115483014246,0.003350686609549384,1.0,0.4190414208068717
754,0.85,-0.050000000000000044,0.38361626554059186,0.051008196622753854,0.01971756638274581,0.5044348930477432,0.40914999559706416,0.02106867097180766,0.016961296062137976,0.003456034883521269,1.0,0.409703909220389
755,0.85,-0.050000000000000044,0.3847227170257941,0.05064403100391524,0.019825524000234327,0.5040810888813453,0.40876632164403987,0.01834353443255437,0.016918621022604937,0.003476463760108644,1.0,0.4227637015458422
756,0.85,-0.050000000000000044,0.38585594114355,0.05032669051903749,0.019842085277106895,0.5037192378681885,0.408374109172999,0.027350720765534728,0.016865972871616477,0.0035406232108439314,1.0,0.4278129529953001
757,0.85,-0.050000000000000044,0.38702326211169663,0.0499309915331097,0.019714943683930446,0.5033470421377035,0.40797088186461666,0.020624144306303868,0.01682950451664058,0.0035909026747343933,1.0,0.4278129529953001
758,0.85,-0.050000000000000044,0.38831645325708797,0.04929193618064678,0.01960077546005795,0.502935354855245,0.40752510395923947,0.02092701951012698,0.016802537973426804,0.0035602563762662316,1.0,0.4278129529953001
759,0.85,-0.050000000000000044,0.38910470479192505,0.04865614782528827,0.019992091310051044,0.5026847452345046,0.40725386211644865,0.02371112595645658,0.01675055039994642,0.0035350437249046865,1.0,0.38862164610324845
760,0.85,-0.050000000000000044,0.3901095731442117,0.048032196589891336,0.02015436967024635,0.5023656283128134,0.406908604286715,0.021477684475505104,0.01673174066935102,0.0035400872485071046,1.0,0.4098322901054845
761,0.85,-0.050000000000000044,0.39071337698498304,0.047453841932577095,0.02035122312532755,0.5021740725964121,0.4067014276758634,0.04469928584846602,0.016845014117545375,0.003757267636442335,1.0,0.37487092529684785
762,0.85,-0.050000000000000044,0.39156320684220774,0.046556572900483345,0.020332945294662876,0.5019047129167139,0.40641019201247935,0.046301734682937495,0.016967263701253774,0.003749425344715846,1.0,0.38400065418657947
763,0.85,-0.050000000000000044,0.3927417673462643,0.04596379039418225,0.020756613294332527,0.5015316375858104,0.40600699039329735,0.06878236228353538,0.017516055175343985,0.003974252261788383,1.0,0.4278129529953001
764,0.85,-0.050000000000000044,0.3939068033726295,0.04527464654255098,0.02071907790051533,0.5011633881686866,0.40560920123024385,0.0721674949013992,0.018128380793869373,0.0039894510447227305,1.0,0.42459133838475105
765,0.85,-0.050000000000000044,0.3950058638924475,0.04433383205403722,0.020762414912182173,0.5008164879254556,0.40523465255571295,0.07913618584627821,0.01891680134118856,0.0040428318246925775,1.0,0.41105616913156084
766,0.85,-0.050000000000000044,0.39618004419992103,0.04362663064798206,0.02077383530512903,0.500446407573363,0.4048352673345874,0.07769580682538707,0.01963262019485915,0.003991320018270281,1.0,0.4278129529953001
767,0.85,-0.050000000000000044,0.39679093906246843,0.042618372729503674,0.021448008567337112,0.5002540808065455,0.40462778897735757,0.0786873250247393,0.020355728233917514,0.003976307553503959,1.0,0.3558582435406836
768,0.85,-0.050000000000000044,0.3978792221035497,0.041507380169138665,0.02183629287957604,0.49991182489897157,0.4042587015709245,0.07570074109764734,0.020964995831522008,0.003970356556780278,1.0,0.4088086178900894
769,0.85,-0.050000000000000044,0.39851177248257336,0.040706011881846006,0.0220982189276344,0.4997131082231487,0.4040444835703036,0.07695316478331536,0.021567844740174456,0.003953765877050212,1.0,0.37774557912208007
770,0.85,-0.050000000000000044,0.39952404916708845,0.03972315325181499,0.02239812456521281,0.49939542843823226,0.40370214033517127,0.07748124584520258,0.02214730507023628,0.003949535773645546,1.0,0.4105858496609879
771,0.85,-0.050000000000000044,0.4007156367984359,0.03867958100914283,0.02250509461341233,0.4990219932165099,0.40329989831807345,0.03806814918364686,0.0221616963730085,0.004327789647836276,1.0,0.4253673319255832
772,0.85,-0.050000000000000044,0.40164883520936584,0.037600003565051006,0.022712757648940887,0.49872992510215536,0.40298543952689675,0.029275374333961886,0.022139098350358023,0.004415152086005579,1.0,0.40371985737666183
773,0.86,-0.040000000000000036,0.402817840249344,0.03651252675841742,0.022909211032009123,0.5245039544088309,0.44493320506747724,0.031133856978517234,0.02211877345069711,0.004221958252412853,1.0,0.42621168624988925
774,0.87,-0.030000000000000027,0.4036044725165743,0.03538504626785328,0.023142967687749066,0.5532342621586089,0.49140457614378485,0.03587759908695862,0.021911161475715247,0.004202835164761185,1.0,0.3910173529245857
775,0.88,-0.020000000000000018,0.40478310109041743,0.033854359703154924,0.023351101350891582,0.5851256160684637,0.5425526239574887,0.046342744588943656,0.02166433201875224,0.004308070532946301,1.0,0.4181645591788262
776,0.89,-0.010000000000000009,0.40558545720903166,0.0324451357642553,0.023598857874885304,0.6211011409745387,0.599212723354803,0.0720747333717349,0.02181057495899419,0.004557612163193653,1.0,0.38707928725907026
777,0.9,0.0,0.40636677179225755,0.03079899502923602,0.02366788290323375,0.6618018603184087,0.6618018603184087,0.08155788814714127,0.022190889936584118,0.004645737000492684,1.0,0.37841775767584585
778,0.91,0.010000000000000009,0.4067522846109459,0.02971380485440471,0.024006026883140665,0.6205356044045398,0.5986310202877435,0.08293532463867094,0.02258482580642947,0.00463540627630885,1.0,0.34066563299882446
779,0.92,0.020000000000000018,0.40723479459496376,0.028299381189557635,0.024014249862275495,0.5840719410758917,0.5414463888314465,0.08058402273417954,0.02287308766071718,0.004278559495952139,1.0,0.3460894788655351
780,0.92,0.020000000000000018,0.4077154795745571,0.026723167800213044,0.023955956299022543,0.5838657997934577,0.5412300264097707,0.08198725479069885,0.023528503746938184,0.004108124522391748,0.0,0.34129720749072456
781,0.92,0.020000000000000018,0.40847158558274954,0.024770372665417355,0.023562604106189773,0.5835418387661784,0.540890043178934,0.09353961890092971,0.02438108901211012,0.004217527531687144,0.0,0.37940264448748584
782,0.92,0.020000000000000018,0.40808374827857646,0.025493064682661784,0.023462759619184075,0.583707966538492,0.5410643809339498,0.08597383424406543,0.024988151683911147,0.004293752835421839,1.0,0.34205561733815015
783,0.92,0.020000000000000018,0.4073146573960886,0.026032881720458097,0.02344748774885881,0.5840376819094312,0.5414104295871626,0.10261164694633598,0.025976527605582674,0.004461806236971515,1.0,0.35116189086955263
784,0.92,0.020000000000000018,0.4065052923382154,0.02694721019538248,0.023488168734096353,0.5843850656362464,0.5417750777501054,0.10598404736748368,0.026989128760151682,0.004495870744249582,1.0,0.3365162846374319
785,0.92,0.020000000000000018,0.4056804147654938,0.027530635891157975,0.023275825688872293,0.5847395328755923,0.542147220611766,0.10633204773395447,0.027941424775045184,0.0044993858955935636,1.0,0.34558322184618717
786,0.92,0.020000000000000018,0.4049207459879654,0.028753518907061997,0.023321987959717794,0.5850663591044025,0.542490397084394,0.11496918549887548,0.029063323748071763,0.004586629711296278,1.0,0.3220152026795575
787,0.92,0.020000000000000018,0.40400814823034514,0.029785985324695088,0.023247383030533406,0.5854594621384238,0.5429032333288,0.10551239179068547,0.02986505397211087,0.004682152880063051,1.0,0.3257202590233157
788,0.91,0.010000000000000009,0.40290940912419143,0.03088434732798936,0.023323374853971183,0.6224020661175175,0.6005511032321026,0.11138415505156876,0.03075755782082724,0.004741463620071898,0.0,0.3181970685029758
789,0.9,0.0,0.40164779227932534,0.03237175339770497,0.023487897822367577,0.664411244897406,0.664411244897406,0.12544747330646214,0.0319588948487,0.004883517339818293,0.0,0.30190929463173277
790,0.89,-0.010000000000000009,0.39978240760908795,0.03596995884808392,0.024097764312641493,0.6239291378113621,0.6021226144645973,0.1212481825996222,0.032966352898476416,0.00492593441766516,0.0,0.24153251209461524
791,0.88,-0.020000000000000018,0.39849998269658704,0.03720347771125538,0.02468661255277925,0.5878433755840466,0.5454083915794107,0.11580702591134101,0.0337777586974263,0.004980895596334668,0.0,0.2998284878682531
792,0.87,-0.030000000000000027,0.39676220197748086,0.039752877127334094,0.0245170526326419,0.5558804198969557,0.494225412532575,0.11375407473210451,0.03449258545436974,0.005001632476933015,0.0,0.2542929072077258
793,0.86,-0.040000000000000036,0.39567725722444885,0.04200142784481575,0.02391745234071432,0.5269859816544673,0.4476010613687575,0.10730786862005057,0.03503253836566498,0.005066745669984066,0.0,0.25725449106101994
794,0.85,-0.050000000000000044,0.39397837091735766,0.04404303229386576,0.02392682463716089,0.5011407844317115,0.40558479066364883,0.1107975238862102,0.035604577519297326,0.005101994713076588,0.0,0.2581823484092304
795,0.85,-0.050000000000000044,0.3932533174742451,0.044072614113057074,0.024910494196735286,0.5013698780797289,0.40583223100051746,0.09701921993828329,0.0359018888222731,0.005241169500429384,1.0,0.35556563480709547
796,0.85,-0.050000000000000044,0.3914812308106117,0.046150669661890055,0.025968103510392672,0.5019306832158037,0.40643826692132917,0.09478173894917805,0.036142843394266926,0.005263770318501154,1.0,0.25086231275501447
797,0.84,-0.06000000000000005,0.3897416716647826,0.04798087935603338,0.026000959588982752,0.47844156854991526,0.3683004458041832,0.09037737260486119,0.03630282632988778,0.005308258867433648,0.0,0.2541150645354322
798,0.83,-0.07000000000000006,0.3891676026740023,0.04786212924113658,0.026798545331327073,0.456746668058411,0.33341355374423554,0.08844646283446098,0.036420409036087245,0.0053277630065286,0.0,0.37066408004030094
799,0.82,-0.08000000000000007,0.3880466016064091,0.04911458128928856,0.027351001974572228,0.43706527578939103,0.30197087443391174,0.07779644735618949,0.03640912640426748,0.005435338920450534,0.0,0.2783828453462499
800,0.82,-0.08000000000000007,0.3863817190186844,0.05053099925663283,0.02721752249270628,0.43746558801433144,0.30239636100310446,0.0828007615841289,0.03643297604791178,0.0054858875490155804,1.0,0.2615827203458756
801,0.82,-0.08000000000000007,0.3857676405565224,0.050758011258456574,0.02765464512932407,0.4376134251162094,0.30255360112792257,0.07937289094580473,0.036409516465981825,0.005490960023243567,1.0,0.33664853919704896
802,0.83,-0.07000000000000006,0.3848566973613617,0.051904315294120554,0.02763542945466339,0.4578804277000503,0.33463156082398515,0.0869850259711621,0.036476987153206464,0.0055499164566854605,1.0,0.27517138807115593
803,0.83,-0.07000000000000006,0.38334860560015466,0.05276483020040396,0.02685846568241884,0.45827838297073176,0.3350597622622175,0.08177049204864387,0.03645959213021515,0.00559756014297135,1.0,0.27883603438382465
804,0.83,-0.07000000000000006,0.3826872176677294,0.053598394468050016,0.026291407790127543,0.4584531283179365,0.33524789994374415,0.08055396638640894,0.03641243499444769,0.005603307197105107,1.0,0.2829223574971317
805,0.83,-0.07000000000000006,0.3810271991941774,0.05529275486123597,0.02648614510677202,0.4588923094592053,0.33572103891877825,0.08341355856038818,0.03638440952754072,0.005615241925189799,1.0,0.2432843578345949
806,0.83,-0.07000000000000006,0.3791546306132602,0.05676576798727738,0.02649519566658793,0.45938873474515346,0.3362563644825115,0.0827064227087915,0.03635299898900866,0.005607106256043678,1.0,0.24238835241282009
807,0.83,-0.07000000000000006,0.37764492735754807,0.05740681159589511,0.02624892525176852,0.4597897457175801,0.33668919957979354,0.08505350460572891,0.03631375517785084,0.0056251318080363585,1.0,0.2786748849333126
808,0.83,-0.07000000000000006,0.3765555103748812,0.05858260939025344,0.025824393662833633,0.46007955440389825,0.3370022305309287,0.08562852864572598,0.03625870996495817,0.0056278040435556705,1.0,0.2600362086502521
809,0.83,-0.07000000000000006,0.3747224432577928,0.05974898765973272,0.025962754368435433,0.46056801565500516,0.33753025619371163,0.08197581851828689,0.036159598923814394,0.00564231393117711,1.0,0.2463384987956736
810,0.83,-0.07000000000000006,0.37299239490085756,0.060631815941070775,0.02592279129747565,0.4610299776249059,0.3380301267297397,0.08527525860115515,0.03609941082592582,0.005666777075314998,1.0,0.25664037481100443
811,0.83,-0.07000000000000006,0.37152078467732,0.06136642805440453,0.025895795067769435,0.4614236608085214,0.3384564924036595,0.08275014788592477,0.036013004907642046,0.005682603210004033,1.0,0.26822596811043875
812,0.83,-0.07000000000000006,0.36993800493763956,0.06188583152650222,0.025194606928861003,0.46184783505489435,0.3389162690708017,0.08483953393811995,0.035941101638632844,0.005700496829714134,1.0,0.2713672365364872
813,0.84,-0.06000000000000005,0.3687947672753872,0.06315562885049075,0.02475062503246905,0.4845483291954303,0.37492828605923667,0.08981655648269408,0.03590411758180533,0.005743339024977517,1.0,0.24276255010130698
814,0.84,-0.06000000000000005,0.36668851963261484,0.064587095339631,0.024883956215203906,0.4851710113486859,0.3756079498687112,0.12007186251959723,0.03625620894574946,0.006040277247518081,1.0,0.21902044622729722
815,0.84,-0.06000000000000005,0.36454318060864144,0.0663494171290302,0.024958971685904354,0.48580689768847146,0.37630276593141126,0.11376091934897295,0.036461005369932166,0.00608098469937708,1.0,0.20456899132393147
816,0.84,-0.06000000000000005,0.3623844803976001,0.06825215824640714,0.024950853016514965,0.48644842899961205,0.3770045088191549,0.1203915983031108,0.03677094366249201,0.0061420072728690794,1.0,0.19620794931311258
817,0.84,-0.06000000000000005,0.3605269742677084,0.06914680358211947,0.02527749298307517,0.48700180800210613,0.37761043891306306,0.11215918475111664,0.03691459145401583,0.006216443580268998,1.0,0.23549214770844573
818,0.84,-0.06000000000000005,0.3582778036650806,0.07055302211101888,0.025587401416034144,0.487673557300862,0.3783467445455038,0.111393441197316,0.03703202445597156,0.006218864348086365,1.0,0.2032725421407099
819,0.84,-0.06000000000000005,0.35616734607020833,0.07162458271449913,0.025681728196487924,0.48830556526945357,0.3790402560974831,0.09905384754172472,0.03698299371817798,0.006333669329884584,1.0,0.21560517221147157
820,0.84,-0.06000000000000005,0.35376715598851205,0.07312789820954918,0.025757986594385402,0.4890263317759731,0.37983207221462173,0.11657491299746398,0.03712259611770804,0.0064670415355573205,1.0,0.18962620233490846
821,0.84,-0.06000000000000005,0.3519404111324608,0.07394703554821284,0.02596491331756794,0.4895763227792619,0.3804369309071561,0.12542192013456321,0.03731624712065499,0.006542129270085652,1.0,0.22854133641469387
822,0.84,-0.06000000000000005,0.3497078116391929,0.07493104980046757,0.0258646554002968,0.4902501895479181,0.3811787943220056,0.14291783660336363,0.0378197099323696,0.006685355369921672,1.0,0.20638526117775358
823,0.83,-0.07000000000000006,0.3471891423681507,0.07747013750134724,0.02637067682263192,0.4680316843298937,0.3456652627416978,0.14107570539196224,0.03827954182145748,0.006675884573119731,0.0,0.14569667435351308
824,0.83,-0.07000000000000006,0.34524979544728374,0.0788648566497647,0.026465388129453028,0.4685665282498028,0.3462530715050958,0.14194534174653262,0.038673650027525,0.006675744649821398,1.0,0.1930364433579872
825,0.83,-0.07000000000000006,0.3428189387680705,0.08010779518661697,0.026530811369602277,0.46923865230110734,0.34699268442078307,0.140576529347003,0.03900811781476494,0.006673669849719065,1.0,0.18184881715254875
826,0.83,-0.07000000000000006,0.3404480969749873,0.08100632279084999,0.026632980487975532,0.469896042435584,0.3477170871955471,0.1396079065025294,0.039259718002182906,0.006669873492716191,1.0,0.19256103119619683
827,0.83,-0.07000000000000006,0.3377862703499742,0.0824123615491122,0.02681625510016511,0.47063631563986047,0.3485340121122817,0.13666620210455888,0.03943798405273955,0.006679930298053908,1.0,0.1628650766785329
828,0.83,-0.07000000000000006,0.3352046563192612,0.08390498400513977,0.02672919721375402,0.4713565126301366,0.3493299946398896,0.13907170844665728,0.03964555666467656,0.006692926236638174,1.0,0.1593345681976397
829,0.82,-0.08000000000000007,0.33246524875196054,0.08523822517785677,0.026745800466203284,0.45083803671402467,0.3168547136371662,0.12462285155989099,0.03958320092126825,0.0068304831472549565,0.0,0.1557044537744583
830,0.82,-0.08000000000000007,0.3297967513077564,0.08638561466444251,0.02677729771315534,0.45152114645401203,0.3176062961971676,0.1278820230029958,0.039521272227022654,0.006829347674041829,1.0,0.160809073653415
831,0.82,-0.08000000000000007,0.32743950773365754,0.08684378661020259,0.026562504069013115,0.4521263024908556,0.3182731862552052,0.11732661660556098,0.039245357022301995,0.006916868672210337,1.0,0.1939208530946489
832,0.81,-0.08999999999999997,0.32527733579600976,0.08830535921621793,0.026413316310697536,0.4330781061595493,0.28854121157415696,0.10959820902164358,0.03889502966035867,0.006981929192257315,0.0,0.15905166652844982
833,0.8,-0.09999999999999998,0.3226979077691545,0.08912098260285346,0.02645923010103343,0.41566067282442654,0.2616853066773834,0.10255726080044267,0.03848488447603837,0.007040098013872026,0.0,0.166964832247132
834,0.79,-0.10999999999999999,0.32013196455318105,0.08992844866116537,0.026016748560130015,0.39958734641164867,0.23732740290574994,0.10087235139450777,0.038017529600539626,0.007045050458658809,0.0,0.1649456128598853
835,0.79,-0.10999999999999999,0.31807810419413884,0.09097484274640134,0.02555326297755705,0.4000001731906819,0.23776524361785525,0.1035242555202196,0.037519364756858034,0.007034956996253738,0.0,0.17032900661632833
836,0.79,-0.10999999999999999,0.31521179712513003,0.09200796299714385,0.025419646099379186,0.40057773003810976,0.23837898870634866,0.10270108353280089,0.03705147641038208,0.007038150954237398,1.0,0.14035280205083134
837,0.78,-0.12,0.3131381546774374,0.09277281858927669,0.025339125564811694,0.38553671546697066,0.2160977821650044,0.1133056090101319,0.03664578707729602,0.007137513440187931,0.0,0.17641498867734207
838,0.77,-0.13,0.31064699535429946,0.09300446809500207,0.025312591345729,0.371656863167337,0.19597384143335878,0.12046650785450769,0.03626544069058033,0.007174568271979268,0.0,0.1786970206815145
839,0.77,-0.13,0.3080440607416984,0.09346757308083097,0.025454076076368883,0.37210955355998904,0.1964362126435271,0.11507117963429109,0.035860934150513266,0.007185415941143548,1.0,0.16261057204183238
840,0.77,-0.13,0.30564071060181336,0.09351966376403527,0.025612232551116526,0.37252851343225835,0.19686507224539126,0.11488486185450505,0.03534207258868309,0.00717842334544279,1.0,0.18464847961976805
841,0.77,-0.13,0.3029616188126947,0.0940809766234372,0.02593032240765982,0.3729966548774723,0.19734534840179466,0.10780104547907243,0.034749120955168356,0.007238763950819269,1.0,0.15069389811849243
842,0.77,-0.13,0.3000634037638677,0.09500930750136345,0.0261050860972972,0.3735044123489771,0.19786755210901041,0.10703573937665503,0.03409274897903315,0.007062804657441136,1.0,0.12631788644416597
843,0.77,-0.13,0.29729169795438476,0.0954182799229293,0.02625787574443282,0.3739913007302112,0.19836955312531804,0.10106990845258136,0.03370701271750173,0.00689643756945326,1.0,0.1460432167787985
844,0.77,-0.13,0.29480754000490944,0.0952213754781768,0.026110699157082615,0.37442875730151,0.19882164400917662,0.1018674335860134,0.03359538584764736,0.006758735125039662,1.0,0.17939715804776568
845,0.78,-0.12,0.2922155291880668,0.09639077831814895,0.026675207828068332,0.3894876575757891,0.2202556625731931,0.09957046699997558,0.033574701511891625,0.006768322937691641,1.0,0.12068744789439922
846,0.79,-0.10999999999999999,0.2899032987187557,0.09709836673935424,0.026548858675847657,0.40575067035307855,0.24393885443505628,0.09947631114659128,0.033557832736746125,0.006716805029037926,1.0,0.14584213092177145
847,0.78,-0.12,0.28741689717690166,0.0970535888618402,0.02642414870201113,0.39040525427483347,0.22123193442157177,0.09677498424493888,0.03355181996395751,0.006502358434782061,0.0,0.16608827276469984
848,0.78,-0.12,0.2850237535708649,0.09763725102129467,0.026405547553914308,0.3908644900074535,0.22172205607999176,0.09188698624844714,0.033363601266160586,0.006363791148300836,0.0,0.14282163709367757
849,0.78,-0.12,0.2829721062376098,0.09825627303173011,0.025781874557096227,0.3912590548362589,0.22214397068361286,0.09345637804740492,0.0329138474328442,0.006296972250831957,1.0,0.15186311503923955
850,0.78,-0.12,0.2802616930755663,0.09796134812551138,0.025519747928271018,0.39178153391285153,0.222703826413096,0.08685976794898752,0.03229263459273321,0.006352035067437936,1.0,0.15677163679095274
851,0.78,-0.12,0.277975541617279,0.09787898646770896,0.02548985821171934,0.3922233152949434,0.22317824638019268,0.08569327100226312,0.03167145633867894,0.006283057745030902,1.0,0.16833874916115543
852,0.78,-0.12,0.27515678997573895,0.09805230434282282,0.025804731873419213,0.3927693910508679,0.22376598083945917,0.08825075880156893,0.030847840956919816,0.006163086009012548,1.0,0.12960492514470556
853,0.78,-0.12,0.27249926275887243,0.09771735967484349,0.02594964361472261,0.3932856272725564,0.22432294069345232,0.08951816034977808,0.03029827396393467,0.0060604646683567465,1.0,0.1532886991202249
854,0.78,-0.12,0.2699623721014387,0.09741499687862737,0.025845263332210825,0.3937796969339303,0.22485721055679947,0.08825768655960174,0.029479336027125897,0.006045670095133747,1.0,0.15601484347701167
855,0.78,-0.12,0.2676287336598978,0.09651764850767366,0.02613148315509257,0.3942352798382026,0.22535092764531137,0.0761660865816991,0.0285939027443951,0.0060768257885168014,1.0,0.18939985739176213
856,0.78,-0.12,0.26507318261439783,0.09562160764455874,0.02630463476061246,0.39473539631165755,0.22589408691189075,0.07570014240340478,0.027896806117555496,0.006013587078608352,1.0,0.17225784844529313
857,0.78,-0.12,0.26254755871385205,0.09462003896562855,0.026334864199960173,0.39523090433198194,0.22643346409683843,0.060304359530797574,0.027143796220160967,0.006166040691424353,1.0,0.17525056294071684
858,0.78,-0.12,0.26020479551606024,0.09339144397302485,0.026123700193731454,0.3956916499534418,0.22693609710487084,0.05494509786927572,0.02644395740033586,0.006192052360264678,1.0,0.1935366332161257
859,0.78,-0.12,0.25789283489396175,0.09304484635765134,0.026274209338382887,0.3961473920664205,0.22743431396862157,0.04720056174046359,0.025924640781354064,0.006247719982970341,1.0,0.157425583893398
860,0.78,-0.12,0.25526726160511976,0.09242270802071728,0.026023595781448285,0.3966662293972382,0.22800277236090763,0.047800377229503935,0.02531895851828569,0.006019217095253971,1.0,0.14727496122128747
861,0.77,-0.13,0.25303714864575505,0.09220013326699168,0.025977686076896357,0.38194081390885154,0.20674435347686798,0.045846686870242265,0.025296988461494235,0.006022764989443771,0.0,0.15185962936037845
862,0.77,-0.13,0.2511258734694428,0.09144339389657492,0.025949415454535368,0.38229175907627044,0.20712200477832537,0.04691833107106595,0.02528549808648402,0.005806512631870295,1.0,0.19287313655536076
863,0.77,-0.13,0.24940474519152972,0.08970483822988963,0.02655148993976849,0.382608342121975,0.2074632672741196,0.04524801624822863,0.02562398654271719,0.00578919124000134,1.0,0.2557001252039893
864,0.77,-0.13,0.2468387601433848,0.08831618929604688,0.027300703297147677,0.3830813022753747,0.20797413979074236,0.03785002347045566,0.026132262388358207,0.005793527622151785,1.0,0.16799283357025996
865,0.77,-0.13,0.24465477474326175,0.08691755792122717,0.027380582203059316,0.3834847746959536,0.2084109446467925,0.042679436672686324,0.026575971319430264,0.005827760290650162,1.0,0.19265762911925222
866,0.77,-0.13,0.24234825383531178,0.08506720502621087,0.026699254158881903,0.3839118082823783,0.20887425360458592,0.03933163627721263,0.027063681996564278,0.0058515611209140166,1.0,0.19716086220030393
867,0.77,-0.13,0.24098118469486596,0.08432731638262592,0.02638652782500708,0.38416535920385186,0.20914982921205827,0.04499121877359276,0.0274396860796931,0.005878561106462381,1.0,0.2191513294961024
868,0.77,-0.13,0.23849393181657075,0.08299815670802729,0.02666940621558817,0.3846275311204075,0.20965308244874972,0.04101449774108314,0.02786054853217007,0.0059060792614809825,1.0,0.16008333006056452
869,0.77,-0.13,0.23624298668558807,0.0822399357140417,0.02641275968526333,0.38504675284777096,0.21011061502704012,0.04061368862195455,0.028284724990814133,0.0059047936863016025,1.0,0.15265106602381606
870,0.77,-0.13,0.23419294749022335,0.08040305361574895,0.026798106976537103,0.38542935328144684,0.21052905200970762,0.04732822215610567,0.02859025086267178,0.005574505169863173,1.0,0.20558193012451442
871,0.77,-0.13,0.2317106493663268,0.07826599512373936,0.026866762896129687,0.3858936454884987,0.21103795430612643,0.046879260682234115,0.02843995842354283,0.005490224226673139,1.0,0.17713751953592705
872,0.77,-0.13,0.22903505297314372,0.07690145869538458,0.027053484841628082,0.3863953467099993,0.21158924750222338,0.04809997245445618,0.028089886886437824,0.00548378209664957,1.0,0.13616021805835854
873,0.77,-0.13,0.22693394043203244,0.0743122229019244,0.027505463435113908,0.3867902418177036,0.212024194361325,0.04719015139530678,0.027789544222689703,0.005445055621404196,1.0,0.21610043213875896
874,0.77,-0.13,0.2256666772581161,0.07256323021796307,0.027718023002184126,0.38702880897676684,0.21228739340635244,0.04565586684891673,0.02761026111549595,0.005354844904681015,1.0,0.2642910355329512
875,0.77,-0.13,0.22346939545138156,0.06998181820007926,0.028069228912364217,0.3874431539615563,0.21274530096135338,0.04367525690747105,0.02765522708586871,0.005114931987091667,1.0,0.19843637850536633
876,0.77,-0.13,0.2211182077758479,0.06837675058990617,0.028451191833742364,0.38788750491835583,0.2132374749668808,0.046024479790262036,0.027958725002789727,0.005042872068984439,1.0,0.15196051970570534
877,0.77,-0.13,0.21920819065728497,0.06660074120502635,0.028427993868457777,0.3882492300592275,0.21363897829680106,0.045704552967069524,0.028309246843716038,0.00503219015314265,1.0,0.18741604581955318
878,0.77,-0.13,0.21757648473675917,0.06559631872624017,0.028473419717009254,0.388558782522312,0.2139831775171179,0.0484875125717639,0.028612725927843433,0.00503655033193258,1.0,0.1774950409462468
879,0.77,-0.13,0.21650832187390143,0.06435283702561771,0.029049034669117364,0.3887616921761626,0.21420910179110708,0.04619406343700405,0.028936038028596647,0.005045542423631979,1.0,0.23927319257975999
880,0.78,-0.12,0.2147534558191359,0.06331025198678661,0.029406177634459057,0.4048479617560696,0.23714901930125962,0.0481113928286854,0.02922783327831121,0.004948218840616327,1.0,0.16581060201417086
881,0.79,-0.10999999999999999,0.21269875447731057,0.061233456146632635,0.02911097441366555,0.4223901975676494,0.26262449755871076,0.049505419733942804,0.029500570103855484,0.004885877853226359,1.0,0.17393251030494938
882,0.79,-0.10999999999999999,0.21072154341548102,0.06020823453678596,0.029317961541123594,0.422834278464994,0.26314070620424146,0.04429499858770372,0.029839772207258725,0.004770449655690688,1.0,0.1443345111552008
883,0.79,-0.10999999999999999,0.20892544389284193,0.05865077322611177,0.02944494963423791,0.4232384919380495,0.26361139252897925,0.04743308954832244,0.030093411635646983,0.004768082893463122,1.0,0.17155193860563878
884,0.79,-0.10999999999999999,0.20808816538693592,0.057407817911480634,0.030173935070929223,0.42342718628138193,0.26383138587660576,0.04143293999974957,0.030402636501513855,0.0048251753094439515,1.0,0.2527884340468338
885,0.79,-0.10999999999999999,0.20610435222924267,0.056033423087774044,0.031002404856821576,0.42387494318581204,0.26435409760369744,0.04561704695399942,0.03063336848014834,0.004780195200245253,1.0,0.1472019060768608
886,0.78,-0.12,0.20438677469289832,0.05507839815909269,0.03099584411565497,0.40699602421838493,0.239608490243588,0.037234332738427876,0.030905662839142808,0.004769345912441026,0.0,0.1502574490451245
887,0.78,-0.12,0.20303955519961292,0.05372512735360355,0.03133137613716318,0.4072768540866209,0.23993186559362958,0.04223443612186125,0.031156510745375933,0.004760541267214259,1.0,0.19099830969477727
888,0.79,-0.10999999999999999,0.2025004948699127,0.052829950149985705,0.031907183732788745,0.42469077983729786,0.2653089903154123,0.046096187351604846,0.031298508803746065,0.004657495135647089,1.0,0.2642910355329511
889,0.79,-0.10999999999999999,0.20126031837968392,0.05192976463495416,0.03217003835285922,0.4249722562108712,0.2656391899438375,0.037779087091577665,0.03138672750011294,0.00469908917153787,0.0,0.17789164560885617
890,0.8,-0.09999999999999998,0.2007636690551936,0.05177950882379399,0.0317223611635975,0.4439570340228689,0.29372310338187274,0.04755302242811092,0.03137638993278952,0.004742854612429305,1.0,0.1918675796455841
891,0.81,-0.08999999999999997,0.19947525729763504,0.05089386466205478,0.03147331759665466,0.46493247225474843,0.32503470863639927,0.052953515358814006,0.03135429444686931,0.004776668165474422,1.0,0.17098731211239848
892,0.82,-0.08000000000000007,0.19857216444894793,0.05071406804477342,0.031514146949382864,0.4878728710903756,0.3595453492476458,0.055661356675463014,0.03131657147216878,0.004738906904914776,1.0,0.16398362233901176
893,0.83,-0.07000000000000006,0.19735291281027048,0.05075421690034142,0.03179421197764067,0.5132993210745626,0.39784718072037334,0.053625395984502625,0.03134479854616481,0.004724223121326906,1.0,0.13532932719327873
894,0.84,-0.06000000000000005,0.19622147842410034,0.05064657674672143,0.030908619009974735,0.5414894069606572,0.4401909192502249,0.05607926781277402,0.031312200914187245,0.004609834918098062,1.0,0.14503890979221623
895,0.84,-0.06000000000000005,0.19442815121229537,0.04808273639431827,0.030166100644139417,0.5421514636529767,0.4409886011037757,0.05929095541532401,0.03134778235279489,0.004619675388940938,1.0,0.1762329136266001
896,0.84,-0.06000000000000005,0.19362729867298933,0.04780223603762581,0.03018835421001591,0.5424476438792338,0.4413457592907165,0.05372339210646271,0.031432322816519594,0.004631424853229265,1.0,0.17077705882440863
897,0.85,-0.050000000000000044,0.19355445960722964,0.047715482528282616,0.029779314650724847,0.5735904214245401,0.48779843032029824,0.057222640181783316,0.031501281627572444,0.004647266654289067,1.0,0.24683115795946264
898,0.86,-0.040000000000000036,0.19131157049894085,0.04450075728881269,0.029861887923997465,0.609539137396524,0.5403263176756159,0.05724303973980781,0.03157230553768827,0.0045398967965087945,1.0,0.14637516921142235
899,0.87,-0.030000000000000027,0.1905977010501441,0.04366295572585381,0.030304520310409366,0.6494830689565962,0.59758536444663,0.05763348403923768,0.031649174477959015,0.004493292049756173,1.0,0.20699590046657412
900,0.87,-0.030000000000000027,0.18963100754530746,0.04314773835819365,0.029971355782663783,0.6499962759254025,0.5981719457015097,0.05663445127562509,0.03173023331191287,0.004468758333849996,1.0,0.16491336986221317
901,0.87,-0.030000000000000027,0.18808034733476195,0.040544161281564704,0.029518749693314215,0.6508212005067986,0.599115281830195,0.05820662236231257,0.03180025254423369,0.004407748597095754,1.0,0.1815825181424986
902,0.87,-0.030000000000000027,0.18711777200092036,0.039596643984829615,0.02950868926041356,0.6513343281718564,0.5997023577520496,0.057968949256920935,0.03186014381627898,0.004357477275710637,1.0,0.17891385468699494
903,0.87,-0.030000000000000027,0.18572089546641016,0.038792153575919766,0.029869084721432588,0.6520804129627654,0.6005563637834802,0.058023519748415825,0.03192630806236673,0.004345740354794071,1.0,0.13914838093280368
904,0.87,-0.030000000000000027,0.18493781613269772,0.037593967306707894,0.030129974050023944,0.6524994110917725,0.6010361784697923,0.053994958257047435,0.032019817735070503,0.0043575481256767894,1.0,0.2046144241258847
905,0.87,-0.030000000000000027,0.1846037728896192,0.03722059572023512,0.030174111463954125,0.65267830973111,0.6012410895040753,0.05601237723560461,0.032092891778790086,0.0043707833087774,1.0,0.209880033526748
906,0.86,-0.040000000000000036,0.1837069319803874,0.03689652604408111,0.030385113883313893,0.6131130652717492,0.5445238537798245,0.05203359772540865,0.032194055772653336,0.00438726510285072,0.0,0.15270426148963923
907,0.85,-0.050000000000000044,0.1824199558924053,0.03578945518758621,0.03022438973252071,0.5782345241199613,0.4933541759635363,0.05659166478049556,0.03225458600275724,0.004427497860578899,0.0,0.1499772761351037
908,0.85,-0.050000000000000044,0.18164873794193354,0.03492921332437489,0.030418727385181237,0.5785589786387986,0.49374367803233304,0.053349899218214834,0.03233337716887787,0.00442334690537528,1.0,0.18291441360307403
909,0.85,-0.050000000000000044,0.18092620001321422,0.03432568100725507,0.030403856997948897,0.5788632838105326,0.4941091527836016,0.050931956157755115,0.032435005130425965,0.004414442895047921,1.0,0.17408470592374414
910,0.85,-0.050000000000000044,0.1799031618972164,0.03357006843639978,0.03048630699202055,0.5792946960008951,0.4946275531518304,0.05067176088464159,0.03252826069266483,0.004391564961289164,1.0,0.1543365632112168
911,0.85,-0.050000000000000044,0.17880911789092008,0.03243744314514394,0.03049988008134929,0.5797567632730207,0.49518313906738776,0.04899178107172309,0.03263719902498702,0.004387429544730815,1.0,0.15882156748081055
912,0.85,-0.050000000000000044,0.17767378378195775,0.03113885530705025,0.03022092104503994,0.580237049361115,0.4957610144430686,0.04909329127731344,0.03273640464934343,0.004338181945347139,1.0,0.15783382564025628
913,0.85,-0.050000000000000044,0.17665293578307614,0.030657915277870557,0.03015439550517227,0.5806695837652536,0.49628177017514047,0.050276578493369806,0.032804152908221064,0.004044525189581011,1.0,0.14067775021314588
914,0.85,-0.050000000000000044,0.17640884383282351,0.03041583699028131,0.030553204051490614,0.5807731013357028,0.4964064486489393,0.05397071608230171,0.032563725219796384,0.0040180928099679564,1.0,0.1946112512020286
915,0.85,-0.050000000000000044,0.17588629058377125,0.030376403911592915,0.030895997412829015,0.5809948363920154,0.49667357165986253,0.0536465274361531,0.032393414435294005,0.003954390887665035,1.0,0.15231366641870803
916,0.84,-0.06000000000000005,0.17545566783482916,0.030390494184017357,0.030507591449241735,0.549256147945993,0.44960820894792297,0.0532479762138314,0.03212378977658053,0.0038752609651430897,0.0,0.1531456744188998
917,0.84,-0.06000000000000005,0.17541895587779635,0.030320083318171872,0.03097684066155016,0.5492700760962903,0.4496252146339886,0.04935890150402746,0.03197599069835815,0.003906809764698678,1.0,0.2318209520051696
918,0.84,-0.06000000000000005,0.1753210224145901,0.03024568335231234,0.031239559107149366,0.5493072345311498,0.449670585595359,0.050182862379469485,0.03181878688057675,0.003790490241666868,1.0,0.19347919582008666
919,0.84,-0.06000000000000005,0.17528733030622665,0.030202636080749676,0.031166607548346083,0.549320019332259,0.4496861967115687,0.048340251005266316,0.03179230955942714,0.0036321220186210494,1.0,0.2122359613751248
920,0.84,-0.06000000000000005,0.1749936760403597,0.030204551549503945,0.03129852726094333,0.5494314745275778,0.44982230625900027,0.046530308736759715,0.03156856114343638,0.003561040555301932,1.0,0.16026077574821168
921,0.84,-0.06000000000000005,0.17466453272041574,0.029795812156514043,0.03143196315422761,0.549556453207692,0.4499749630448615,0.04711981843973364,0.03117972545684832,0.0033902687697885334,1.0,0.195627004420296
922,0.84,-0.06000000000000005,0.17474607706213555,0.029893511208874558,0.031009984407815477,0.5495254847894969,0.44993713309646594,0.05276207232563461,0.030359574941098436,0.0034286538473087312,1.0,0.2145396953497355
923,0.85,-0.050000000000000044,0.17527881206838056,0.0298457299630841,0.03068907280546439,0.5812528207119968,0.4969844690485336,0.04517759986094148,0.029585018269292152,0.0034964804746837087,1.0,0.19897017497801955
924,0.85,-0.050000000000000044,0.1749810547366455,0.029815599115890275,0.030936768144738176,0.5813793561538348,0.4971369984793905,0.042261655382494434,0.02875934944443972,0.0035121080714404494,1.0,0.16326071018447663
925,0.85,-0.050000000000000044,0.17509378390173252,0.029862625863899813,0.03113019046224448,0.5813314441038224,0.4970792407268852,0.04224861652912876,0.02791046371273871,0.003502455707893906,1.0,0.19312173366124907
926,0.85,-0.050000000000000044,0.17496706896004355,0.029815085309466503,0.03096388987756049,0.5813853009269289,0.4971441651476567,0.04237754179002218,0.027024799292714546,0.0034740437974183796,1.0,0.17988953702729937
927,0.85,-0.050000000000000044,0.1749665426979665,0.02981529937914728,0.031100723999536044,0.5813855246214664,0.4971444348217871,0.04297174380189344,0.026150823337652444,0.0034557477940827513,1.0,0.16281245047082704
928,0.85,-0.050000000000000044,0.1750857927626289,0.029776361200498067,0.031149380663878172,0.5813348402306349,0.49708333461343,0.04629670371802725,0.025115752050757844,0.003343385198419797,1.0,0.17125957466387898
929,0.86,-0.040000000000000036,0.17602096327415107,0.030609832041810923,0.031885313091997824,0.6167680544543769,0.54883307342074,0.044275660297801465,0.02442717537734745,0.003330878854754352,1.0,0.24922150492668144
930,0.85,-0.050000000000000044,0.1762587518243168,0.030583086622116572,0.03220371508003273,0.580836772561124,0.4964831444831513,0.04092856588282934,0.02363026862603162,0.0032580676226082643,0.0,0.18458792866999146
931,0.85,-0.050000000000000044,0.17667242826039686,0.031094688754404562,0.032363628024138384,0.5806613187425054,0.49627181641307755,0.04146089938999103,0.023050912208141996,0.0031853800056713373,1.0,0.23528849670264973
932,0.86,-0.040000000000000036,0.17707607530364133,0.03112530633751487,0.032646041762836045,0.6162637275998522,0.5482374792949216,0.04661294068057804,0.022575193953621325,0.0031663001376853388,1.0,0.19941637085289865
933,0.87,-0.030000000000000027,0.1769184926252754,0.031215858243537526,0.03311261334925136,0.6568214655734977,0.6059943357533412,0.04412036474402721,0.02223427880708974,0.0031744583854693377,1.0,0.15120656441053498
934,0.88,-0.020000000000000018,0.17739279838547733,0.03139018674147517,0.03367611062918168,0.7027010842220824,0.6694007086189769,0.043550230613726176,0.02190907181073237,0.0031534304057177147,1.0,0.21237618888007959
935,0.89,-0.010000000000000009,0.17768420491723616,0.031458445804776754,0.03350368966476115,0.7556027991881038,0.7395806032848322,0.043639004117461896,0.021509686907680726,0.0031460122392158655,1.0,0.19946965979221581
936,0.89,-0.010000000000000009,0.17782052566050374,0.03132563605802115,0.033598867410095656,0.755504936339838,0.7394769873353153,0.04469182581456066,0.021096254281981485,0.0030495303828498833,1.0,0.1539848763775885
937,0.9,0.0,0.1780487184830613,0.0313975975513926,0.03403288117324051,0.8170568442674411,0.8170568442674411,0.0478186035271456,0.02038052154884535,0.0030087816845489656,1.0,0.19923427093310134
938,0.91,0.010000000000000009,0.1781025119965803,0.031403269915296135,0.03402350188293753,0.755302582531445,0.7392627446326797,0.050643660529214124,0.01938547437588792,0.0029828193490121164,1.0,0.18407637203341415
939,0.91,0.010000000000000009,0.17817948834061553,0.03137462264267168,0.03393996913556506,0.755247363026389,0.7392042824446808,0.06405591614461069,0.01849809812498023,0.00311641468068495,1.0,0.1703082064453529
940,0.91,0.010000000000000009,0.17784513346879488,0.031481877220408155,0.03378987451441728,0.7554872734225316,0.7394582862949365,0.06028475557628375,0.017543788431730205,0.0030829535109162054,1.0,0.15121299243770783
941,0.91,0.010000000000000009,0.17781510220459354,0.03150918359734786,0.03357923016153878,0.755508829282491,0.7394811090920013,0.06714773213669373,0.01678921260965736,0.003144546141805019,1.0,0.14769077169835387
942,0.91,0.010000000000000009,0.17813419349016243,0.031145531477485226,0.033486411100610194,0.755279854618348,0.7392386819722684,0.06657863456058782,0.016009608234670757,0.003090033683744739,1.0,0.15822701500105693
943,0.91,0.010000000000000009,0.1783606267662731,0.030993340121045734,0.033255154414952005,0.7551174539913016,0.7390667474497667,0.0702372263858014,0.015404932772960693,0.0031189333472980874,1.0,0.1686865443898636
944,0.91,0.010000000000000009,0.17803481523723894,0.03115157887279714,0.03288304157749897,0.7553511519368441,0.7393141667811596,0.06753833385267005,0.014717040578154712,0.0031229932053495374,1.0,0.1468160051443478
945,0.91,0.010000000000000009,0.17838601746692706,0.030697732445909676,0.03271977877640292,0.7550992478347164,0.7390474728586299,0.058457733245002017,0.014005125932376149,0.0032137653745847273,1.0,0.1558076708632115
946,0.91,0.010000000000000009,0.17841929944829224,0.03066421674537991,0.03258231614975638,0.755075384641089,0.7390222093602521,0.06275053280844378,0.013268377989377128,0.003229840856016943,1.0,0.14917032905829064
947,0.92,0.020000000000000018,0.1785785970902187,0.03064111257436307,0.03267909465711025,0.7019655169197084,0.6685855576134885,0.05020140125600579,0.012541247061122422,0.003307226043450743,1.0,0.18201803695734642
948,0.93,0.030000000000000027,0.17910465194725841,0.03047382766219847,0.032723211908572296,0.6556375574184491,0.6046345930054878,0.06326210790499225,0.011966357319761818,0.00342329993082477,1.0,0.19542712279765023
949,0.93,0.030000000000000027,0.17913269861512784,0.030450024279987505,0.03308534139564054,0.655622396555632,0.604617188241516,0.06817492080870462,0.011356720070352282,0.003406291878353002,1.0,0.1546677818261814
950,0.93,0.030000000000000027,0.17955719047412294,0.030431216566925004,0.03341853259255044,0.6553930194861376,0.6043538859975792,0.07419405447256985,0.011039783027254245,0.0034553084108493747,1.0,0.19922082269046462
951,0.93,0.030000000000000027,0.17933402995085096,0.03059405546026946,0.033564636651540934,0.6555135857828478,0.604492278586657,0.0758205553714048,0.010783141890757336,0.00344590450276381,1.0,0.1460226968339549
952,0.93,0.030000000000000027,0.179755282062368,0.030193826016314342,0.03358507771706553,0.655286034262331,0.6042310929412362,0.06093082500239051,0.010200267860688342,0.003583503783782044,1.0,0.17173013629640813
953,0.93,0.030000000000000027,0.18017254084534845,0.03011339710880754,0.033792737280349074,0.6550607955430079,0.6039726056568494,0.07319067887590314,0.009718847380549251,0.003694608633108673,1.0,0.19501457741826586
954,0.93,0.030000000000000027,0.18000983199650517,0.030286943894547162,0.034013803996620066,0.6551486083066392,0.6040733757115909,0.076851158213965,0.00935154054070437,0.0036094457983628066,1.0,0.13974395859268673
955,0.93,0.030000000000000027,0.17974463535326002,0.03031964974634585,0.03407435172922707,0.6552917834444321,0.6042376913566965,0.07233348447511599,0.009258966369861751,0.00365037235958053,1.0,0.16288019306724957
956,0.93,0.030000000000000027,0.17972825601429782,0.030324131940977887,0.034122301294746284,0.6553006284216626,0.6042478429141755,0.07514863466671855,0.00924485498134947,0.003523295261792604,1.0,0.17061991454907555
957,0.93,0.030000000000000027,0.17959036108305385,0.030375489568483953,0.03403010709734578,0.6553751022822412,0.6043333207145974,0.07553684535098605,0.009506359207565668,0.0034730826256587225,1.0,0.16146106981631678
958,0.93,0.030000000000000027,0.17927319185703472,0.03039379451999872,0.03366897165770102,0.6555464623008945,0.6045300182145084,0.07506757268368416,0.009777757696250318,0.003399595115946498,1.0,0.1618197106142126
959,0.93,0.030000000000000027,0.17917489025516634,0.030480070740265666,0.03371011978129235,0.6555995908295411,0.6045910074985921,0.07111040781234415,0.009945860881828146,0.0034335077359697276,1.0,0.14759542370656015
960,0.93,0.030000000000000027,0.17926014294258216,0.030402551488732426,0.0337466868329814,0.6555535142805986,0.604538113447029,0.07214082906452807,0.0101279231792815,0.0034241817853931833,1.0,0.15580022996286663
961,0.94,0.039999999999999925,0.17955437263271817,0.0302780710701409,0.033589806643245325,0.615082378262228,0.5468435906131688,0.07472597702087222,0.01034116395740038,0.0034394697021156127,1.0,0.18128259837397823
962,0.94,0.039999999999999925,0.17922871504432933,0.030308185499505168,0.03316706151202182,0.6152373534690172,0.5470263481972838,0.0751051236335591,0.010556890248325266,0.0034264275989827806,1.0,0.16030737771647682
963,0.94,0.039999999999999925,0.17812876407512213,0.029498064786697805,0.03242862775242056,0.6157613802841106,0.547644539895444,0.07721178605421372,0.010793863953073793,0.0033729798175977464,1.0,0.14570502828327211
964,0.94,0.039999999999999925,0.17815303995535337,0.029490711273348826,0.03242913884091673,0.615749805397153,0.5476308813480749,0.07748073522159551,0.010939453696375218,0.0033269145243164447,1.0,0.1704204215933847
965,0.93,0.030000000000000027,0.17756678346135335,0.029777864316077297,0.032751211657008464,0.6564699398536115,0.6055904757261455,0.07118624362760172,0.011015251625017587,0.0033566790818772537,0.0,0.13403197971925046
966,0.93,0.030000000000000027,0.17701362865892759,0.0299221678530954,0.032608008979661755,0.6567698559569818,0.6059350359767637,0.0717254742904894,0.011050778970247943,0.003304958356286421,1.0,0.14184538195772434
967,0.93,0.030000000000000027,0.17627549650509272,0.02978370047276855,0.03204664264349363,0.6571704923824909,0.6063954298066921,0.07101063991661304,0.011130319227199866,0.0032720100061992166,1.0,0.14533811411261746
968,0.93,0.030000000000000027,0.1762540238382722,0.029796137976397914,0.032098821282171904,0.6571821544310121,0.6064088333866761,0.07259693007395747,0.011184302782227274,0.0032839845621407907,1.0,0.15793606337851557
969,0.93,0.030000000000000027,0.17627664814055208,0.02977906162810152,0.0315946970703135,0.6571698669279256,0.6063947109542721,0.06949897231001745,0.01118056728365171,0.003247453493754819,1.0,0.15491349625179904
970,0.92,0.020000000000000018,0.17596380203089293,0.029633525282566908,0.031503175982618745,0.7035895611894837,0.6703856853233455,0.07062219676037398,0.01125352795895657,0.0032542642308910318,0.0,0.17429731915860536
971,0.92,0.020000000000000018,0.17574356410935416,0.029705736751194322,0.03128303750079037,0.7037266937401793,0.6705377484801607,0.07387271091162682,0.011364820428258402,0.003274767285224675,1.0,0.15511372738204623
972,0.92,0.020000000000000018,0.1760869233070271,0.029443502549335573,0.03063093847415608,0.7035129222270402,0.6703007063547292,0.06590802330543963,0.011381522965409075,0.003346028563477582,1.0,0.17049613782565196
973,0.92,0.020000000000000018,0.17552487842008713,0.02920983768042075,0.030251237373011632,0.7038629126853745,0.6706888081715854,0.07727285208340541,0.011540447895714187,0.003445326990059155,1.0,0.1598959434447595
974,0.92,0.020000000000000018,0.17436149256399835,0.02794045869902995,0.02970668016587119,0.7045884711890711,0.6714935760606653,0.08273723494502283,0.01178476119439949,0.0034805166155154363,1.0,0.14795244992407885
975,0.92,0.020000000000000018,0.17399971391850555,0.027860494756999588,0.02938173274397567,0.7048144034631671,0.6717442289256137,0.08065385121500718,0.011949342653967911,0.0034778313715480087,1.0,0.1622585139560836
976,0.92,0.020000000000000018,0.1740609914021637,0.027818660885253248,0.029065719812366754,0.7047761252268817,0.6717017605850245,0.082210946271322,0.012155579282209852,0.003490328020367426,1.0,0.1580882680715188
977,0.91,0.010000000000000009,0.17392085057176956,0.027786309981692552,0.029120191426864873,0.758314508153862,0.7424525993905925,0.07945492220070294,0.012293110626108368,0.003490055944265654,0.0,0.17340196278013914
978,0.9,0.0,0.1736244784807742,0.027904412680876917,0.02875419121777312,0.8207880311952777,0.8207880311952777,0.0539886970397221,0.012263735003162276,0.0037241243889749574,0.0,0.14785783184670973
979,0.9,0.0,0.17270463036950673,0.027233224009561095,0.028017896872602494,0.821568069140138,0.821568069140138,0.06457950184483727,0.012225788095377166,0.0038117352517369153,1.0,0.14728838145301287
980,0.9,0.0,0.17339899666774072,0.027925021738811538,0.02882433063112548,0.8209791043519225,0.8209791043519225,0.06437599403422492,0.012201236865600587,0.0037997098063364603,1.0,0.23524723183756738
981,0.9,0.0,0.17377513413367626,0.02818181413576746,0.02876476473000743,0.8206604152404398,0.8206604152404398,0.07003222695010519,0.012226405128707917,0.0038042129555247556,1.0,0.2115462568985058
982,0.9,0.0,0.17380377587369483,0.028153319541789918,0.02913981669254285,0.8206361581574331,0.8206361581574331,0.06527057840316801,0.012162831571763908,0.0038206125271037293,1.0,0.14719868515706178
983,0.9,0.0,0.17363757912200087,0.028215109639478778,0.02839736298383561,0.8207769324533719,0.8207769324533719,0.06157663272297395,0.012114482886900075,0.0037973175385342464,1.0,0.15493226343624072
984,0.9,0.0,0.17263211903326095,0.027147935644345443,0.027358002481749,0.8216296223337295,0.8216296223337295,0.07447009323052697,0.012088855033755177,0.0038852908067494294,1.0,0.15224242517284178
985,0.9,0.0,0.17276453366014047,0.027055712430780636,0.0274099762254228,0.8215172255806128,0.8215172255806128,0.06818291246261159,0.012046438779256747,0.003864123802227651,1.0,0.16044336876481194
986,0.91,0.010000000000000009,0.17328020168684918,0.027113182129353843,0.02741644109715547,0.7587780716749081,0.7429437325081797,0.07698492562822179,0.011967970337889195,0.0039025269313405476,1.0,0.20182425171599788
987,0.9,0.0,0.17293142347478851,0.027107346660913204,0.027137764707146513,0.821375609245647,0.821375609245647,0.07771912462757295,0.011971549392270705,0.003870935494669918,0.0,0.15612048848871005
988,0.9,0.0,0.17210639865581745,0.025523445641913674,0.02652431698212666,0.822076170181725,0.822076170181725,0.07773049855969788,0.012016958382259229,0.003787039269135551,1.0,0.18178855363583954
989,0.91,0.010000000000000009,0.1718689995566323,0.02557887658796587,0.026662305708477822,0.7598011974136453,0.7440278811922977,0.08117187931846621,0.011977487177715658,0.00372307407138035,1.0,0.1541517356903464
990,0.91,0.010000000000000009,0.17147359252547253,0.025572291536942668,0.02646982683602888,0.7600883637232795,0.7443322182977988,0.07967908111081917,0.012048933872041022,0.0036836024075110963,1.0,0.15232687652960705
991,0.91,0.010000000000000009,0.17121497952501405,0.02570631827081381,0.026471818499560897,0.7602763001353363,0.7445314024038036,0.0764983326422837,0.012117196400455171,0.003688379247429142,1.0,0.14512601206655013
992,0.91,0.010000000000000009,0.17108909052996146,0.025772164276343948,0.026245701485636368,0.7603678184447007,0.744628400871393,0.07687381811063253,0.012201302560438994,0.003671606770433066,1.0,0.15139472283375488
993,0.91,0.010000000000000009,0.17108186624655664,0.025782286470624135,0.02631719887333356,0.7603730709956289,0.7446339680057799,0.07687546539238828,0.012269361589287807,0.003646836825518765,1.0,0.13460689885279464
994,0.91,0.010000000000000009,0.17163871824449917,0.025815121181182073,0.026669958538982973,0.7599684139614826,0.7442050939704707,0.07723219902562312,0.012351237236040483,0.0036179989066367955,1.0,0.20072410958647013
995,0.91,0.010000000000000009,0.1714382854182055,0.02585644958104082,0.027064692112589477,0.7601140162414324,0.7443594056006615,0.07367450781255114,0.012402536039882686,0.0035976971682954886,1.0,0.15618963099723515
996,0.91,0.010000000000000009,0.1712908526883743,0.025901792648254127,0.026298043082497568,0.7602211527869682,0.7444729537347783,0.07363043229350258,0.012425578525943929,0.003562796435403852,1.0,0.15603378584128053
997,0.91,0.010000000000000009,0.1704117695316136,0.024791054330260666,0.025312518513750836,0.7608605931431113,0.7451507161738246,0.07109180981491364,0.012445078100507448,0.0035882330305610686,1.0,0.15892284228339484
998,0.91,0.010000000000000009,0.17061311976001953,0.024676516658763314,0.0247768277916647,0.7607140371137706,0.7449953686580262,0.07170147320303105,0.012467384692204724,0.0035904473647902354,1.0,0.1665101920520196
999,0.91,0.010000000000000009,0.16996589319113922,0.024562287977286677,0.02459656938630225,0.7611853325345669,0.7454949533329815,0.07077396896707788,0.012483344866074051,0.003589724854409837,1.0,0.14227324357854138
1000,0.91,0.010000000000000009,0.17006654307698488,0.024561999683232985,0.024758548846786615,0.7611120032731417,0.745417219173814,0.06878270566595626,0.01248230978774711,0.0035939581091010905,1.0,0.17497835844677867
1001,0.9,0.0,0.1695410445476174,0.024870208970758263,0.02519569056179187,0.8242621683300351,0.8242621683300351,0.06731526972545962,0.012481140163642074,0.0036063799559203336,0.0,0.12903266520575501
1002,0.89,-0.010000000000000009,0.1691304834331333,0.025050320435869886,0.024883161312081136,0.7617945226422844,0.7461407852759003,0.062030058033109306,0.012471415441823045,0.0036592147155249345,0.0,0.13785774323858369
1003,0.89,-0.010000000000000009,0.16934300170843547,0.024884659978178503,0.0244495898174483,0.761639459490739,0.7459763872366844,0.06236720596216343,0.01246154189183326,0.0036219277098449914,1.0,0.1604002084630144
1004,0.89,-0.010000000000000009,0.1692508938006939,0.024770721652504678,0.024749971792073073,0.7617066579239105,0.7460476303751845,0.06223277956650609,0.012428589901462268,0.003602907582744994,1.0,0.19540363335173008
1005,0.89,-0.010000000000000009,0.16867707104986207,0.024485889490288924,0.024605831417033222,0.7621255644114558,0.7464917744114432,0.06054972201350728,0.012410780452136455,0.0035797184720662346,1.0,0.15249775844356703
1006,0.9,0.0,0.169106076673322,0.024577926490127824,0.025013711013371936,0.8246339678384821,0.8246339678384821,0.06228520783739745,0.01236053558418579,0.003551207550538995,1.0,0.19560482383563513
1007,0.91,0.010000000000000009,0.16918019515160698,0.02453126039797005,0.025067029825534225,0.7617582450189249,0.7461023232249673,0.05844143216133982,0.012351892037234587,0.0035572884607791657,1.0,0.15738912396359758
1008,0.91,0.010000000000000009,0.1692156418916222,0.024553630972239743,0.025271476855450115,0.7617323795162967,0.7460749004366098,0.07003872840080118,0.012329054528154563,0.0036500091999610005,1.0,0.18645908760460056
1009,0.91,0.010000000000000009,0.16901007126562387,0.024598020037876506,0.025404641517754806,0.7618824089477118,0.7462339648360541,0.07036990473703114,0.012283046743600336,0.0036507261803965206,1.0,0.1535276433239091
1010,0.91,0.010000000000000009,0.16885781803817693,0.02473511049467561,0.02550495867520726,0.7619935644074045,0.7463518175544388,0.06470734496520514,0.012213817005753861,0.0036909542607895256,1.0,0.13911124046652257
1011,0.91,0.010000000000000009,0.16852621372539656,0.025087207890216588,0.025630841123926395,0.762235770933878,0.7466086271571616,0.07274117376106973,0.01215429817286094,0.0037710786909943158,1.0,0.12566113620277353
1012,0.91,0.010000000000000009,0.16847136763657578,0.0251165019919699,0.02572712400401017,0.7622758458100328,0.7466511195196092,0.06629971932100415,0.012062952752652503,0.0038241914912368327,1.0,0.15234921675817711
1013,0.91,0.010000000000000009,0.16861778105534736,0.024996443892063562,0.025212339906467207,0.7621688740132263,0.746537695552251,0.07131335087536102,0.01200139276845502,0.0038375197131098123,1.0,0.15531909209030678
1014,0.91,0.010000000000000009,0.16831568729005064,0.024862664385976185,0.024876836853929055,0.7623896211037438,0.7467717602302139,0.07208079742502851,0.01197894925526443,0.0038419970656706093,1.0,0.16440187467234998
1015,0.91,0.010000000000000009,0.16842184621988565,0.024816733622051824,0.024883304604130532,0.7623120336812554,0.7466894907132959,0.06591519993294966,0.01192883641904373,0.003900250058294419,1.0,0.1629295594022116
1016,0.92,0.020000000000000018,0.16839467059196536,0.024834928221161224,0.0242148820807878,0.7083333810068277,0.6756516453251978,0.08145181444732594,0.0119874218643885,0.004017901975512321,1.0,0.15042811162687283
1017,0.92,0.020000000000000018,0.1678519553213325,0.02402266187203774,0.02410154427401939,0.7086759771769209,0.6760324009519053,0.0859200685973271,0.012061906130819212,0.004054713018689686,1.0,0.1775494249418833
1018,0.92,0.020000000000000018,0.16756787066918363,0.023885505581462487,0.024038129413227957,0.7088554415317279,0.6762318788857786,0.0850388900531429,0.01212140494373451,0.004045001575962223,1.0,0.16507073060519692
1019,0.91,0.010000000000000009,0.16725982766520175,0.02350302427207198,0.023678389461155486,0.7631621683229184,0.7475910030160795,0.08907163224450236,0.012214502319080327,0.004067454100435484,0.0,0.18143166097693547
1020,0.9,0.0,0.16722530417739376,0.02351581188371953,0.023569874363553844,0.8262454726993398,0.8262454726993398,0.06615783788989382,0.012054654052180286,0.004292951925199469,0.0,0.15680842696741323
1021,0.9,0.0,0.1670662832480753,0.023376568545382195,0.023610316723064916,0.826382015648546,0.826382015648546,0.06631092036029286,0.011899141817698444,0.004237505749285308,1.0,0.1797249114884485
1022,0.9,0.0,0.16665370311998204,0.022894165149940398,0.0235181319612096,0.8267364871383419,0.8267364871383419,0.06270736507716917,0.011825096718384167,0.004197294464622991,1.0,0.173281682540409
1023,0.9,0.0,0.1662375391140102,0.02268018846140606,0.023318318257836108,0.8270943459491111,0.8270943459491111,0.06928776958366127,0.01162970670284112,0.004234309212381021,1.0,0.15735377438084208
1024,0.9,0.0,0.1663935501900405,0.022712809562107375,0.02323394472177441,0.8269601559619815,0.8269601559619815,0.07184700502327035,0.011373747568666232,0.004260028369817823,1.0,0.17886181778750668
1025,0.9,0.0,0.1659699214035874,0.022605148437269997,0.023384154480740275,0.827324633732922,0.827324633732922,0.07952980806397479,0.011160317668249282,0.004336330165573491,1.0,0.15075885501593658
1026,0.9,0.0,0.16575424646731296,0.022574179134164627,0.02328805449919934,0.8275103175662526,0.8275103175662526,0.06929753481263612,0.010871395438471381,0.004433684420517605,1.0,0.15832204339985673
1027,0.9,0.0,0.16591083284880398,0.022607513870237513,0.023406255721694504,0.8273754973241846,0.8273754973241846,0.06873248190692076,0.01058147919462243,0.004405806571927521,1.0,0.17847108861992972
1028,0.9,0.0,0.1659608653259643,0.02262482544964024,0.02264106719621185,0.8273324288237791,0.8273324288237791,0.0629431167152134,0.010366670244279919,0.004443870428205112,1.0,0.17626282237990995
1029,0.89,-0.010000000000000009,0.16514734989650562,0.02102222692071161,0.022072979157246257,0.7647125271524176,0.7492354847022387,0.07531497492556895,0.010106538911373066,0.00453502965846151,0.0,0.16786996198081364
1030,0.89,-0.010000000000000009,0.1649174799368474,0.020933886266674865,0.02162417573546832,0.7648816100514425,0.7494148660783871,0.0777950549411221,0.009759436296222451,0.00455470386561698,0.0,0.1616009327041706
1031,0.89,-0.010000000000000009,0.16402008999762507,0.01979021654524915,0.021423966685710786,0.7655424095614063,0.7501159764724962,0.08615979264920824,0.009513064230919327,0.004587155344581618,1.0,0.14554950278041595
1032,0.89,-0.010000000000000009,0.1636402116355034,0.01946911805772591,0.02109739320508407,0.7658224798015885,0.75041316217048,0.08710255554166628,0.0093978806042243,0.00457150066736856,1.0,0.1614285346407347
1033,0.89,-0.010000000000000009,0.1639223758521112,0.01949132999967684,0.020661280346104614,0.7656144310089665,0.7501923975228981,0.08039722072186682,0.009096887718221645,0.004633472391504906,1.0,0.17942298607131332
1034,0.89,-0.010000000000000009,0.16318588869403378,0.019032594229731768,0.020941977153287574,0.7661577044877933,0.7507688965773459,0.08019600043197671,0.008751003495282758,0.004634608217627678,1.0,0.13872747307233657
1035,0.88,-0.020000000000000018,0.16270616851275044,0.0187139130701362,0.02061152649850896,0.7119408665115214,0.6796639967413068,0.07498143219891333,0.008335497163151092,0.004676646061425301,0.0,0.1514976416638814
1036,0.87,-0.030000000000000027,0.16287821947306444,0.018712030375779634,0.02035337433880792,0.6645280376711332,0.6148749770303636,0.0770338100872705,0.007934284075717614,0.0046657935379482525,0.0,0.17118997240899056
1037,0.86,-0.040000000000000036,0.16240222481427952,0.01838368920453975,0.020397791191885672,0.6233524737665478,0.5566384377868018,0.07460127115735929,0.007587809104867909,0.004661828708936562,0.0,0.1516348050546055
1038,0.86,-0.040000000000000036,0.16215485293554818,0.018256367971927978,0.02033654082337673,0.6234733739522179,0.5567822685386778,0.07539416175026648,0.00730566948106935,0.004534360375376064,1.0,0.15933918416028173
1039,0.86,-0.040000000000000036,0.1618864755239238,0.018331645773807324,0.020303949963474937,0.6236045934038705,0.5569383967380537,0.07670084988536892,0.007282850749041101,0.0045094667144344016,1.0,0.1434704652829143
1040,0.86,-0.040000000000000036,0.16198143501773796,0.018300679028801763,0.020442498001827014,0.6235581579490497,0.5568831441712171,0.0692000017168122,0.007195905974732578,0.00451590986199144,1.0,0.1607089418191237
1041,0.86,-0.040000000000000036,0.16216923413444345,0.018249353066163557,0.020394270711393388,0.623466344021254,0.5567739047664757,0.07343752779071433,0.007182030714135897,0.004552964695302512,1.0,0.16647068336889792
1042,0.86,-0.040000000000000036,0.162432504446111,0.018380015322551402,0.02047127912967731,0.6233376781625688,0.5566208372433522,0.07616333678496627,0.007174194028473828,0.004543542646504921,1.0,0.18455404616781312
1043,0.86,-0.040000000000000036,0.16246347897285257,0.018393133985853686,0.020379354986831574,0.6233225437372502,0.556602833932197,0.0730253790679334,0.007172684222737163,0.004547977648362512,1.0,0.17178399706402525
1044,0.85,-0.050000000000000044,0.16266646067830834,0.018331231046392404,0.020335699993450116,0.5866612804759128,0.5035283454128129,0.07538783941908478,0.007166007137845928,0.004480117645771435,0.0,0.16711417568992576
1045,0.85,-0.050000000000000044,0.1626561050983482,0.018335394779893224,0.020393323438074446,0.5866657625356221,0.5035337891763405,0.07316345182377634,0.007033963560615022,0.00445922459558827,1.0,0.15477211286719672
1046,0.84,-0.06000000000000005,0.1628922043799376,0.018312216738314464,0.020243428856771137,0.5540642031084079,0.4555039374929085,0.07456122030664203,0.0069721968895719525,0.004346584564582489,0.0,0.17278025721722512
1047,0.83,-0.07000000000000006,0.16263737993772132,0.01822137307594618,0.02027207106526808,0.5250654335626268,0.4122666578488346,0.057166827200668624,0.006782518027750196,0.004390359175259124,0.0,0.15653559273572387
1048,0.82,-0.08000000000000007,0.16244680951226428,0.017975436514776448,0.020060708909154495,0.4989310696330377,0.373108531753831,0.07263460017077351,0.006719411819025787,0.004496974933505513,0.0,0.17637008025194756
1049,0.81,-0.08999999999999997,0.16253651879375763,0.01795876787787255,0.019739277893115567,0.4751953501928339,0.3375709378711663,0.06455137753857548,0.006752545944940149,0.004517824317024026,0.0,0.16363870997551805
1050,0.8,-0.09999999999999998,0.1623397881325973,0.017661117782369038,0.019362620526877185,0.45368956973291247,0.3055095713568166,0.060863949388671984,0.006848765149896716,0.004538641764004517,0.0,0.17954775657442792
1051,0.8,-0.09999999999999998,0.16298165414205545,0.01821415697205727,0.019412661958623567,0.45352348565618167,0.30530491628108886,0.05759274187151841,0.006995527409001089,0.004421282947319055,1.0,0.2102092977797732
1052,0.8,-0.09999999999999998,0.16339909898642227,0.01887620966603819,0.019210448643789787,0.4534155362338893,0.30517196361356785,0.05408078357091152,0.00713752826014428,0.0043329203657745535,1.0,0.21347462073308662
1053,0.79,-0.10999999999999999,0.16308955987264903,0.01860710801920091,0.019151290420219756,0.43382194352756803,0.2762202055091475,0.05691943246878095,0.007295003633504532,0.004324619048196852,0.0,0.16406066604094094
1054,0.79,-0.10999999999999999,0.16418622769181845,0.020349080564168016,0.019779713046423036,0.43356254744292666,0.2759044592344182,0.0534918767146047,0.007505525967241833,0.00431360775542238,1.0,0.24941074050962905
1055,0.79,-0.10999999999999999,0.16460747697456835,0.020749756441289215,0.020150075649307493,0.4334629913144849,0.2757833673783024,0.061285223663896125,0.007576721153705815,0.00436389257115661,1.0,0.205005121342242
1056,0.78,-0.12,0.16479100066631486,0.02088285553871294,0.020219509920880833,0.41541474198284906,0.24949140498056083,0.053390992163688755,0.007781712210283249,0.00443971096323681,0.0,0.18897228372372243
1057,0.78,-0.12,0.165225295551868,0.021257325896972604,0.020376677939567878,0.41532051505208517,0.24937858711372093,0.05383175194333373,0.00796376276886836,0.0044394229542705785,1.0,0.20489055837163578
1058,0.78,-0.12,0.165470720917665,0.021358028884694135,0.0204201529321949,0.41526728515930617,0.24931487746327718,0.04252019852821122,0.008448529011056988,0.004513709707238079,1.0,0.18636224719390815
1059,0.78,-0.12,0.1657479307690092,0.021304052800834104,0.020448850226100122,0.41520717799033613,0.2492429560573275,0.06316350801512997,0.008483043724984655,0.004711819689407118,1.0,0.17531640884098454
1060,0.78,-0.12,0.1658127698559219,0.021283535248600067,0.020323091658178322,0.41519312149881454,0.2492261397051295,0.061542688783756606,0.008531371489120565,0.004702078995215494,1.0,0.16228413865413177
1061,0.78,-0.12,0.16571287734082635,0.021234078870144328,0.020202222845580247,0.4152147776333881,0.24925204829013398,0.06520765570136006,0.00853866123287971,0.004735269099305561,1.0,0.17129334686442432
1062,0.78,-0.12,0.1660175466426082,0.0213724551896178,0.0202515017506008,0.41514873410630276,0.24917304468453247,0.0638843007185811,0.008552081974807195,0.004727356902963382,1.0,0.19077430789466285
1063,0.78,-0.12,0.16653824979080745,0.02150512267816705,0.02007256884048384,0.4150359092894601,0.24903813735612798,0.06498864235862209,0.008542062043823384,0.0047357952107680195,1.0,0.1977753431031975
1064,0.78,-0.12,0.1664840917081367,0.02150209701713071,0.02003602629404706,0.4150476412865531,0.24905216219488582,0.05226915124177701,0.008698168518859992,0.004800694195847326,1.0,0.16500461332630517
1065,0.79,-0.10999999999999999,0.16698571809019916,0.021323549863249483,0.020150941469407865,0.4329017852887751,0.27510170988240407,0.06532258993415267,0.008710311826387119,0.004927100337559326,1.0,0.1841946179254991
1066,0.79,-0.10999999999999999,0.1673706662019116,0.02121340728758227,0.020154594930434526,0.4328110836808349,0.27499169181084593,0.06475688870778226,0.00872431464542472,0.004925593942129974,1.0,0.1803401931289669
1067,0.79,-0.10999999999999999,0.16780126080369545,0.021198825725967974,0.020108730606153136,0.43270967185561743,0.27486873220422603,0.06456794826516174,0.008740077974528835,0.004911479298546903,1.0,0.18839757429100754
1068,0.79,-0.10999999999999999,0.16805291980259254,0.021229573091914474,0.020131690645507315,0.43265042419009847,0.2747969199372959,0.06860006101553157,0.008736762382054595,0.004920915207500739,1.0,0.18310196326822728
1069,0.79,-0.10999999999999999,0.16839621147506567,0.02129179495390934,0.01999792172958889,0.43256962975123764,0.2746990202709831,0.06441216104079142,0.008753471662003479,0.004951871525928857,1.0,0.18924266349910984
1070,0.8,-0.09999999999999998,0.16825171815640835,0.021300285084663667,0.02010106399655533,0.45216443041505294,0.30363489925401843,0.06628355794733914,0.008760052278861136,0.004937941048709613,1.0,0.15984798729287358
1071,0.8,-0.09999999999999998,0.1684610762206449,0.021272994738917594,0.020109338098264633,0.4521106089110762,0.30356893354573594,0.0671524787679751,0.008754014048396,0.004866266636734349,1.0,0.17604953380569996
1072,0.8,-0.09999999999999998,0.1683169925445489,0.021307489699956904,0.020203899403403575,0.4521476483838844,0.30361432915961634,0.06863181437053992,0.008746431639591223,0.004766413170316157,1.0,0.15608777021605183
1073,0.8,-0.09999999999999998,0.1686022833887548,0.02138368342014997,0.020409897020864348,0.45207431478730437,0.3035244573857821,0.06548409474516975,0.008723244832350137,0.004743012531566185,1.0,0.18842502786534887
1074,0.8,-0.09999999999999998,0.16899644706787487,0.02136268296674602,0.020276060111745705,0.45197303471503897,0.30340037620059834,0.06689929914497254,0.008626555716846101,0.004736263245402417,1.0,0.18736881783608922
1075,0.8,-0.09999999999999998,0.16921161199915777,0.021402055707933017,0.02027023753464626,0.4519177673865468,0.3033326859162411,0.06357763839237943,0.008571787544878586,0.0047540871413244215,1.0,0.18377500708436956
1076,0.79,-0.10999999999999999,0.16941830428113883,0.021393438669128517,0.020166235677132393,0.43232925656276117,0.27440795317803895,0.05944308057635727,0.008527355147407536,0.004768011724611321,0.0,0.1787574962696226
1077,0.8,-0.09999999999999998,0.1695541347210014,0.0214613131749448,0.019991320319186382,0.4518298147769542,0.3032249915181162,0.06402737357860394,0.008477027223057999,0.00455708311694734,1.0,0.18698500676639723
1078,0.81,-0.08999999999999997,0.16991116543984364,0.021394277095889654,0.020020155194355734,0.4731103749036006,0.33499147019051123,0.06340563166620332,0.008362495981880748,0.004456385511970425,1.0,0.18356090373093448
1079,0.81,-0.08999999999999997,0.17026508364221232,0.021309678873135073,0.019140577938360815,0.4730107744201431,0.33486866937802173,0.06461175104461711,0.008362326717781813,0.004466512901544177,1.0,0.18268020168987698
1080,0.81,-0.08999999999999997,0.16967674029692842,0.020295502607036022,0.018964480255953098,0.47317637046867667,0.33507285948159915,0.06688712840915557,0.008352213089485501,0.004432362845470017,1.0,0.17641289730917942
1081,0.81,-0.08999999999999997,0.1691248419406555,0.01989589352257194,0.018517095450867466,0.4733318140833658,0.3352646274922954,0.06742263363268117,0.008353055208688499,0.004389674529071921,1.0,0.15635642127121294
1082,0.81,-0.08999999999999997,0.16929280213900672,0.019780646803666528,0.018516132879572468,0.4732844968443812,0.3352062431639875,0.0641369095430717,0.008358854521455884,0.004385551078661975,1.0,0.16399470499218696
1083,0.81,-0.08999999999999997,0.1694753304649959,0.01973144495927803,0.018581795028861085,0.4732330862420405,0.3351428178885455,0.06253592163768897,0.00835090786172898,0.004271485698842074,1.0,0.17318509603515903
1084,0.81,-0.08999999999999997,0.16986483423660406,0.01977182243973728,0.018680853238017932,0.47312341664355284,0.33500755263280285,0.061998329840800226,0.008361140898473934,0.004213409042569077,1.0,0.19119280233365699
1085,0.81,-0.08999999999999997,0.1699813095159819,0.01975027365690045,0.01845581306306717,0.473090631461926,0.3349671247851911,0.06630705383149146,0.008364736748287591,0.004168022283226462,1.0,0.17209089670259647
1086,0.81,-0.08999999999999997,0.16947883336810649,0.01957213369293894,0.01820137363424747,0.47323209972983427,0.335141600928115,0.06267546048145656,0.008346531669829137,0.004197288892829327,1.0,0.15157663692845869
1087,0.82,-0.08000000000000007,0.16983992110127832,0.01965526390321661,0.018352732823442505,0.496627382407996,0.3702501625339146,0.05907976471354406,0.008351063066212628,0.004233494163897889,1.0,0.1922292618058967
1088,0.82,-0.08000000000000007,0.16955757438635588,0.01968436770365041,0.018464233446844648,0.49671497062625863,0.3703585205300129,0.059994342976725935,0.0083416729044241,0.004207970906366713,1.0,0.15355388214359178
1089,0.82,-0.08000000000000007,0.16982078337108636,0.01965255809208974,0.018717707112087742,0.4966333182452211,0.3702575051392098,0.06215714226601759,0.008263168800718739,0.004214738594060093,1.0,0.1804726341633976
1090,0.82,-0.08000000000000007,0.1702185626119537,0.01969695960595389,0.018762467738248165,0.49650997056596696,0.37010494836250823,0.059774375406112926,0.008222490544851982,0.004206678173770892,1.0,0.19210480061633656
1091,0.81,-0.08999999999999997,0.17066952388335138,0.019633438860454617,0.01871816420938767,0.4728970072379779,0.33472844885663366,0.06442994281057723,0.008184508678852261,0.004249911324640746,0.0,0.19022213920632108
1092,0.81,-0.08999999999999997,0.17103728773224047,0.01961337671214438,0.018569307719515978,0.47279360445286017,0.3346010460396256,0.06812694087438259,0.00813388608809035,0.0042872381002170045,1.0,0.1881711077226582
1093,0.81,-0.08999999999999997,0.17151585745804365,0.01929998582594522,0.017959105957454046,0.472659114483772,0.33443540237272434,0.06595974217383638,0.008083570626530614,0.004305525626149442,1.0,0.1824638714331144
1094,0.81,-0.08999999999999997,0.17182627495246028,0.02000406210820265,0.018007262614078142,0.47257192036742224,0.3343280476088136,0.06619515631733972,0.008026797071672172,0.004271967271911375,1.0,0.23176585902813499
1095,0.81,-0.08999999999999997,0.17219464219988379,0.020051837679171344,0.01839699653460942,0.4724684902986279,0.3342007408958298,0.06441683576320019,0.008008588366421352,0.004289484898528455,1.0,0.19302635573958343
1096,0.81,-0.08999999999999997,0.17217271082719637,0.020070691850681673,0.018763629370214776,0.4724746469167458,0.3342083176038811,0.06462017700256656,0.00798889838046373,0.004265896199142369,1.0,0.15384064857253912
1097,0.81,-0.08999999999999997,0.17243544457857563,0.020067490361694418,0.01900371239122649,0.4724009023316887,0.33411757264374925,0.0646892684022163,0.007984166517599664,0.004260435876026533,1.0,0.18519621742132336
1098,0.81,-0.08999999999999997,0.17268407178191325,0.02014640277133642,0.01882128558810502,0.4723311383944773,0.3340317452784856,0.06478870404974492,0.007975405094128921,0.004252071546850529,1.0,0.19137291238577625
1099,0.81,-0.08999999999999997,0.17293520154489714,0.01992101819925319,0.018733220715787927,0.47226069316208524,0.3339450987676512,0.06511545905253144,0.007969912700824804,0.004235258331715831,1.0,0.16738621987693109
1100,0.81,-0.08999999999999997,0.17300873990547483,0.01994198706423412,0.01842009224494546,0.47224006865304385,0.3339197345670328,0.06345699173358238,0.00797656602710258,0.004237187941599188,1.0,0.18233219450455052
1101,0.82,-0.08000000000000007,0.17355861553758944,0.019474446389866278,0.018348000890196312,0.4954766630969094,0.36882890973156585,0.06364335479090945,0.007983889548540079,0.004185684420033297,1.0,0.18402022841721305
1102,0.83,-0.07000000000000006,0.174054739961304,0.019188478776017603,0.01815514727371549,0.5211366708397293,0.4074103396585166,0.06349120681207747,0.007976017503406839,0.004183815733667416,1.0,0.18747018561004278
1103,0.82,-0.08000000000000007,0.17447622429449808,0.019346178713122816,0.017953884963449445,0.4951935364388163,0.3684798844259648,0.06118267009833424,0.007983864496034096,0.0042057764439511125,0.0,0.2025486417824201
1104,0.82,-0.08000000000000007,0.17408881777841706,0.019311087452410815,0.017983983803152772,0.49531303059969195,0.36862715930084794,0.06828425118523813,0.007970003782922551,0.004260509004899648,1.0,0.15666298174362775
1105,0.82,-0.08000000000000007,0.17423201575131034,0.01920324365883416,0.017651130354639617,0.49526885497662465,0.36857270803246894,0.06922435618648318,0.007945234440341507,0.0042524748551759604,1.0,0.1668175557328933
1106,0.81,-0.08999999999999997,0.17423717479801049,0.0192090532981487,0.01756110482838425,0.4718958089901472,0.3334966027140152,0.06396155084165257,0.007936605410663712,0.004266808488193869,0.0,0.19612072850564977
1107,0.8,-0.09999999999999998,0.17415251945586416,0.019301548378182702,0.01774420760733054,0.4506523528460763,0.30178655826873524,0.025688573410552293,0.00890842200388817,0.004536259813361939,0.0,0.14892358974896358
1108,0.8,-0.09999999999999998,0.17413660341358192,0.019292047708760984,0.017774636388610595,0.4506564177223307,0.3017915134725591,0.01516706623346876,0.010281750486521173,0.004639192448118035,1.0,0.18486748337638015
1109,0.8,-0.09999999999999998,0.17429234974474409,0.019187626221042014,0.01778826067223553,0.4506166440532694,0.30174303135048225,0.01501533770384701,0.011471323102232424,0.004583527486075569,1.0,0.16910227644012488
1110,0.8,-0.09999999999999998,0.17459052492213167,0.018867608968906716,0.017654153742650627,0.4505405172470045,0.3016502561380482,0.015552775720071743,0.01251300497513398,0.004507806367089307,1.0,0.16892875820528142
1111,0.8,-0.09999999999999998,0.17482222212793083,0.018401840637024186,0.01758758627666262,0.4504813806217773,0.3015782044815765,0.01691210114704167,0.01338363148856681,0.004456471730593391,1.0,0.14883085678269087
1112,0.79,-0.10999999999999999,0.17493339158324034,0.01829903334686771,0.017705418904685907,0.43103682832583207,0.2728479740370836,0.019128546263444096,0.014130766500874933,0.004428217322129206,0.0,0.1634661622891258
1113,0.79,-0.10999999999999999,0.17504760025985544,0.01821169112448756,0.017646742287318724,0.4310101458568707,0.2728158567825487,0.018705690013430674,0.01482109019544574,0.0044247366120316895,1.0,0.16673995975181813
1114,0.79,-0.10999999999999999,0.17504012949961315,0.018216209329997284,0.017663033659374924,0.43101189114279537,0.27281795744529197,0.020719442805281863,0.015401783111554846,0.0043827987867768635,1.0,0.16365479864811613
1115,0.79,-0.10999999999999999,0.1750949673960724,0.018187901425675026,0.017584822574775765,0.4309990804851638,0.2728025386259602,0.027944452371204735,0.015793925570090756,0.004298843181236931,1.0,0.16841334904813848
1116,0.79,-0.10999999999999999,0.1758364609996356,0.018672187616150086,0.017878184288109573,0.4308259352144041,0.2725942231974524,0.026516691685319126,0.016089922940253798,0.004268131126043845,1.0,0.2245774719831959
1117,0.79,-0.10999999999999999,0.17629592356546875,0.019264582919951218,0.017763064046910675,0.4307187164596944,0.27246530122075063,0.021832107168618338,0.016409491373666832,0.004306549368190476,1.0,0.22349568152520002
1118,0.79,-0.10999999999999999,0.17724305580934568,0.02094443983348785,0.01796435034080918,0.43049786493106035,0.27219992695819395,0.021738853441920267,0.016713466314440744,0.0042667565554161185,1.0,0.2597839549928902
1119,0.8,-0.09999999999999998,0.17759570022728396,0.021305754782827722,0.018150861635886018,0.44977470248879253,0.3007183910900761,0.021001639944988278,0.01694195136620881,0.004042750688166861,1.0,0.21669610277076104
1120,0.81,-0.08999999999999997,0.17862545550753872,0.0227178954977597,0.018354612824785954,0.4706701146339278,0.3319937865893844,0.018105508686690586,0.017444265180431767,0.0040704582516809884,1.0,0.2597839549928902
1121,0.81,-0.08999999999999997,0.17841602943040816,0.02280316502675579,0.019309748403265325,0.4707284649058114,0.3320651990754614,0.028904279031455305,0.017701186828816957,0.004143137191697565,1.0,0.15878230377539296
1122,0.81,-0.08999999999999997,0.17867476114322206,0.022890058242165827,0.01955666397787987,0.4706563792065459,0.33197697825956873,0.025308862078028103,0.018021437953136387,0.004112985802272667,1.0,0.1991548538217995
1123,0.81,-0.08999999999999997,0.17969906294934254,0.02416912784202063,0.019951826177520535,0.47037121325846015,0.33162817751299745,0.01650990067506662,0.01848274772938321,0.0041760133372560244,1.0,0.2597839549928902
1124,0.81,-0.08999999999999997,0.18028517375279018,0.024842994289997568,0.019893322077409906,0.4702081952070731,0.33142892141111224,0.02072710729676729,0.01881295992034972,0.004141007312821643,1.0,0.23747289813227238
1125,0.81,-0.08999999999999997,0.1804131131571262,0.02472326205533966,0.020563593939014062,0.4701726257774943,0.3313854585561353,0.022305078842792984,0.019020889703100972,0.004053590123879088,1.0,0.16355279544954082
1126,0.81,-0.08999999999999997,0.18142773227305656,0.025852028671142228,0.02133210014429968,0.4698907340678942,0.33104118109938935,0.016846476489883994,0.019407718915447264,0.004103019916274983,1.0,0.2597839549928902
1127,0.81,-0.08999999999999997,0.18122978328245012,0.02594951082684082,0.022331084984638958,0.46994570370856453,0.3311082923678377,0.02541906731113516,0.019622742131137436,0.004131133306472396,1.0,0.1586761895592819
1128,0.81,-0.08999999999999997,0.18069641535136632,0.026586447696411122,0.022607421347150627,0.47009388187772744,0.3312892572841513,0.032617880664563614,0.019755432940910405,0.004078880328119597,1.0,0.12292602927153107
1129,0.82,-0.08000000000000007,0.18049951340136594,0.026753104042110447,0.022799186078793075,0.4933430634738775,0.3662051402760798,0.05076263418158513,0.0196692726612256,0.004237109353386954,1.0,0.14817976698077634
1130,0.83,-0.07000000000000006,0.1803549382350219,0.02689353830713857,0.022647518614017856,0.5189938144065035,0.40477924977695845,0.08440640437217166,0.019753356928714133,0.004492453115836452,1.0,0.147143416069768
1131,0.83,-0.07000000000000006,0.18070978284034397,0.026665087949645245,0.02282945311283134,0.5188736469014,0.40463207007192664,0.08263817028226003,0.019702746255034386,0.004500791208740023,1.0,0.18103396331262148
1132,0.83,-0.07000000000000006,0.18035576438375356,0.0271493338502604,0.02320332001081462,0.5189935345680373,0.4047789069890184,0.08021249346833557,0.019605771362042217,0.004457562339993812,1.0,0.12602668898169772
1133,0.83,-0.07000000000000006,0.17989439529734877,0.027550323421398588,0.022865581378998034,0.5191498594904894,0.4049704299543892,0.08216727384574452,0.019628611125617045,0.004475275068150568,1.0,0.13328607743083232
1134,0.83,-0.07000000000000006,0.17976365855489182,0.027775465733773312,0.0228136835003379,0.519194173929173,0.4050247341890735,0.0824881098141119,0.019658193830190903,0.004425843429113234,1.0,0.12565379882664068
1135,0.84,-0.06000000000000005,0.1800115594346517,0.02763233948820156,0.023126224915167404,0.5475331539176175,0.44750777066077,0.0833006619575754,0.019755702810086238,0.004413319936740571,1.0,0.17628772963987002
1136,0.85,-0.050000000000000044,0.17960904992641002,0.02804794301585617,0.02338676573032561,0.579418841194043,0.4947767888104961,0.08700866945077769,0.019885979752332476,0.004426203457581895,1.0,0.13093902158482235
1137,0.85,-0.050000000000000044,0.17950933381282955,0.028164702384475847,0.023417268689982732,0.5794609436245765,0.4948274063102345,0.084269883596122,0.0199984760254269,0.004445858965276324,0.0,0.1416631936965541
1138,0.85,-0.050000000000000044,0.179875219917632,0.028137944078305648,0.023805105882574683,0.5793064880738519,0.4946417273502792,0.08136706225874767,0.020064283775291798,0.00446198152287503,1.0,0.1959277946405247
1139,0.84,-0.06000000000000005,0.17966204428676702,0.02849147330580162,0.02437618079073523,0.5476649542230666,0.44766821506490817,0.07557195470897451,0.020053139533092762,0.004444751819654994,0.0,0.12215290219642032
1140,0.84,-0.06000000000000005,0.17973030257829511,0.028454136757067157,0.02477638409604574,0.54763920939823,0.44763687215910797,0.06921199404661636,0.020053216539548665,0.0044661905528717225,1.0,0.16753477097193492
1141,0.84,-0.06000000000000005,0.18033609909777024,0.028808064654440985,0.025194891182364527,0.5474108285221704,0.4473588941542988,0.055772808956996225,0.01997940111560802,0.004574406473026956,1.0,0.22705033531640934
1142,0.84,-0.06000000000000005,0.1809669104153514,0.02957398207128012,0.025273828490503258,0.547173219604569,0.4470698044520164,0.016327122658625563,0.02026511476598701,0.004941151206171782,1.0,0.24763517792593195
1143,0.84,-0.06000000000000005,0.18174981848775285,0.030346716815890733,0.025251301268322816,0.5468786068253606,0.4467115306908794,0.013544957370662577,0.020613503511630004,0.0049453906499779595,1.0,0.2500748043041675
1144,0.85,-0.050000000000000044,0.18257942477389527,0.03106084337845538,0.025126633967083124,0.5781674803127282,0.49327371318754243,0.014388695147303867,0.02090050581482541,0.004931444692213646,1.0,0.2500748043041675
1145,0.85,-0.050000000000000044,0.18351504985360909,0.03161337674516011,0.02496231112986657,0.5777744383849496,0.49280215563102314,0.01410727676066828,0.021192854523215492,0.004920168428615363,1.0,0.24833462083857788
1146,0.86,-0.040000000000000036,0.18428227138648903,0.0322677535672863,0.024810019465070065,0.6128412100402356,0.5442040043374757,0.013063159866535673,0.021470747092481056,0.004755014123445252,1.0,0.24950241050522431
1147,0.87,-0.030000000000000027,0.18468195930417533,0.03216897866853628,0.025145004702288743,0.652636427787211,0.6011931153488568,0.010264437062940052,0.021886015709030756,0.004627043919743138,1.0,0.19650438450435115
1148,0.88,-0.020000000000000018,0.18541900654469753,0.032808098365801744,0.025557520354040127,0.6977521999414905,0.6639217574963323,0.014536110245546035,0.022118362086045302,0.004588543420252309,1.0,0.25007480430416745
1149,0.89,-0.010000000000000009,0.18614735602387436,0.03312344768397557,0.025534208230929552,0.7495749034407554,0.7332024346709903,0.018168964235810017,0.022337501369919584,0.004587992166114537,1.0,0.23647365789320401
1150,0.9,0.0,0.18685262650117176,0.03372086919600804,0.025361881010784286,0.8097320715799365,0.8097320715799365,0.051671720145466574,0.022318218960393325,0.004893361341796386,1.0,0.25007480430416745
1151,0.9,0.0,0.18647510819606442,0.03366855156410222,0.026112911456055127,0.8100434673589253,0.8100434673589253,0.08698551576130877,0.02258794052481911,0.005214592021748258,1.0,0.17245746726904063
1152,0.9,0.0,0.18594876635572968,0.033653765847920576,0.02573112434370446,0.8104780201081535,0.8104780201081535,0.0881848334800292,0.0228749509950977,0.005198033120948771,1.0,0.16084043669961173
1153,0.9,0.0,0.18544477256870123,0.03434801090139929,0.025345559443631982,0.8108945592831254,0.8108945592831254,0.08729058065071296,0.02313608015191463,0.005172444202515843,0.0,0.11366128733809866
1154,0.9,0.0,0.18423454772573492,0.03420466662244213,0.025045775097243154,0.8118965326520291,0.8118965326520291,0.09203081180162168,0.023468372778316902,0.005141604648996826,1.0,0.12838825621299207
1155,0.9,0.0,0.18333852321543123,0.03481695657332683,0.025014994776865397,0.812639969011012,0.812639969011012,0.08920464825820586,0.023731514925883664,0.005090412043372668,1.0,0.1154026703118707
1156,0.91,0.010000000000000009,0.1826620185783945,0.035354011493500676,0.02491399351484795,0.7520456552276947,0.7358157529249165,0.09350315489391835,0.02406894158524587,0.005129379183332947,1.0,0.12132182002005715
1157,0.91,0.010000000000000009,0.18172328106170668,0.03599186275522379,0.02483092990009526,0.752713911996042,0.736522809144816,0.0935519792059296,0.024395960065535183,0.00501561424289748,1.0,0.11101680670284587
1158,0.91,0.010000000000000009,0.18121327178090557,0.03628268444055919,0.024965259941085477,0.7530774691695787,0.7369075176227979,0.0943144862135939,0.024695985630836626,0.0048147980562383424,1.0,0.13536131911380092
1159,0.91,0.010000000000000009,0.18074222305939117,0.03665999744430962,0.024905840872776478,0.7534135656474682,0.7372631946866741,0.0962174671481145,0.025029249034332183,0.004817648174451952,1.0,0.12821153668953944
1160,0.91,0.010000000000000009,0.18051177398783377,0.0368472560732575,0.024926229626297286,0.7535781019411213,0.7374373260990706,0.08942187366243948,0.02525716198276833,0.004849270665038534,1.0,0.13923923149839257
1161,0.91,0.010000000000000009,0.18016829804465093,0.037090868049439764,0.024752618696216623,0.7538234707144988,0.7376970153401574,0.09364534230997894,0.025528374173365544,0.004878564742460357,1.0,0.13694575254613964
1162,0.91,0.010000000000000009,0.17935796658725742,0.03772997211550091,0.024956695011189262,0.7544029805235607,0.738310401824355,0.09187614424574786,0.02577269840801587,0.004885280463916823,1.0,0.10974116215531401
1163,0.91,0.010000000000000009,0.17862199793236846,0.03807971780924013,0.02477150900797814,0.7549300823084015,0.738868383425021,0.09694656747020527,0.026083016258771782,0.004808017151872502,1.0,0.12417847761430481
1164,0.91,0.010000000000000009,0.17838881310966656,0.03823347727128322,0.024754515561943954,0.7550972432997537,0.7390453506914838,0.0956780006923578,0.026377682883803506,0.0046889780416247435,1.0,0.14168613105611438
1165,0.91,0.010000000000000009,0.17785228036315137,0.038523598571094345,0.024828155592101556,0.7554821437013403,0.739452855092098,0.08941060428750881,0.02656750316345721,0.004746570922215435,1.0,0.13054134327397937
1166,0.91,0.010000000000000009,0.1775979568107012,0.038590226012618835,0.024992894111777582,0.7556647286520802,0.739646174553656,0.09047136959623808,0.026768640832034635,0.004755377233994312,1.0,0.15490783788394652
1167,0.9,0.0,0.1770992725799104,0.038769243687166506,0.025104844370860763,0.8178546987551067,0.8178546987551067,0.08787787189164133,0.026935515864538427,0.004740845768885493,0.0,0.13852915121193068
1168,0.89,-0.010000000000000009,0.17672990594244606,0.03888607216341908,0.025119949907012072,0.7562885883299,0.7403067697359548,0.08402464748232893,0.027044779474775748,0.004737465207618546,0.0,0.14616529952179255
1169,0.89,-0.010000000000000009,0.1761989704540231,0.03907361041678548,0.02492420757023165,0.7566706744372872,0.7407113987250284,0.09155799583411232,0.02725055523045599,0.0047946566363583,1.0,0.13614911465681767
1170,0.89,-0.010000000000000009,0.17590833718750154,0.03930157264235045,0.024814741989456685,0.7568799913363338,0.7409330793951913,0.09578250351582424,0.02750209168438876,0.004828551453136844,1.0,0.1307846606407131
1171,0.89,-0.010000000000000009,0.1755330715025321,0.039477199099833625,0.024691272707420275,0.7571504326860211,0.7412195098351276,0.09214623061774926,0.027698485764871147,0.004850338698546039,1.0,0.13852296530875674
1172,0.89,-0.010000000000000009,0.17575215170023853,0.03942943957295082,0.02476334914205303,0.7569925254862123,0.7410522647765094,0.09171433636819185,0.027880978928945036,0.004822906118992374,1.0,0.17799578998669624
1173,0.89,-0.010000000000000009,0.17496519267708424,0.03995054170409142,0.02544224262091682,0.7575600515577897,0.7416533782015784,0.09965310441042621,0.02817454329798951,0.0048888007012391575,1.0,0.10972912554992202
1174,0.89,-0.010000000000000009,0.17420270802440987,0.04043126929146114,0.025419994300381547,0.7581107398743334,0.7422367279521973,0.09270307735749073,0.028366337904420297,0.004925450865889081,1.0,0.1111203525686498
1175,0.89,-0.010000000000000009,0.1736870364777866,0.040634234448951485,0.025582317421984028,0.758483626726026,0.7426317702732069,0.0867733378198493,0.02849802997220853,0.0049435840145923065,1.0,0.13220785242204242
1176,0.9,0.0,0.17306143863669632,0.04103099761245209,0.025660929843849448,0.8212653171654745,0.8212653171654745,0.09804178262380467,0.0287595919783768,0.005011100699458051,1.0,0.1161977121605912
1177,0.9,0.0,0.1727257954121611,0.04105300285616553,0.026002332562201184,0.821550104364537,0.821550104364537,0.09041853507890224,0.028920242974241936,0.00508182297857423,1.0,0.15342068431287595
1178,0.9,0.0,0.17221479035565734,0.04123259564762427,0.02620515664494116,0.8219840623571257,0.8219840623571257,0.09465457392889275,0.029125619733326245,0.005112428225761872,1.0,0.1324603980805608
1179,0.9,0.0,0.1715256468156161,0.04162594822547661,0.026330684382457448,0.8225700264563649,0.8225700264563649,0.09241872587966661,0.02929947703405475,0.005112028939748618,1.0,0.11376584768575046
1180,0.9,0.0,0.17113248315200522,0.04176337840769113,0.026363757182703656,0.8229046995806014,0.8229046995806014,0.09291264034983306,0.029471118961014627,0.005111608831128827,1.0,0.13709653094809168
1181,0.9,0.0,0.17072903102834086,0.042097710520968265,0.02649958585262628,0.8232484137949576,0.8232484137949576,0.09464291721472728,0.029657532952815906,0.005095897243000392,1.0,0.11601120890477809
1182,0.9,0.0,0.17014394388168663,0.04259093725508191,0.026513068959040834,0.823747379329061,0.823747379329061,0.09121790575305584,0.02980890604206731,0.005114321723366944,1.0,0.10548599032676581
1183,0.9,0.0,0.16954172831366088,0.04296776435154732,0.026406703732852112,0.8242615841280909,0.8242615841280909,0.09487231013338267,0.029996520406066964,0.005145804678755208,1.0,0.11296353923258101
1184,0.9,0.0,0.16884596800324508,0.0431743559992915,0.026301161575563635,0.824856462436797,0.824856462436797,0.09286828418437072,0.03015829974827021,0.005122524900556427,1.0,0.12161677129208243
1185,0.9,0.0,0.16824306419816007,0.04354420814590427,0.026193100922269202,0.8253726428464293,0.8253726428464293,0.08880746667829405,0.030274610365158862,0.005126860498092203,1.0,0.11180051619409369
1186,0.89,-0.010000000000000009,0.1678246170982377,0.04390194527507745,0.025803363188738253,0.7627487307605373,0.7471525587377398,0.08552464511664601,0.030364559413788846,0.00512370015257438,0.0,0.10973192693622029
1187,0.89,-0.010000000000000009,0.16690094932912822,0.04434817114708691,0.025512394121859173,0.7634251076558174,0.7478698666187072,0.08887135217115745,0.030477650082238513,0.005148267110062558,1.0,0.09986248489494431
1188,0.89,-0.010000000000000009,0.16699652275832041,0.04432959877876789,0.02587936369911234,0.7633550661874894,0.7477955817109223,0.08851290291972391,0.030585390780287595,0.005130041352104394,1.0,0.16311122506281428
1189,0.89,-0.010000000000000009,0.1666104373905903,0.044378650252549286,0.025976484519511237,0.7636380897278096,0.7480957590615471,0.08925471029828144,0.03069777948639648,0.005113466003807959,1.0,0.14186409739038464
1190,0.89,-0.010000000000000009,0.1656975507047897,0.04478192176252247,0.026372093650259644,0.7643081254760477,0.7488064784267155,0.09213832657487843,0.030830981828941246,0.0050955675075668744,1.0,0.10081613203627678
1191,0.9,0.0,0.16487153203845228,0.045082739023359145,0.026420104852811592,0.8282711538599374,0.8282711538599374,0.09135603225263818,0.030955636315986138,0.005066126055631874,1.0,0.10762027257258229
1192,0.9,0.0,0.164375829322597,0.04509634607178901,0.02667539098690255,0.8286990276715372,0.8286990276715372,0.09500808748013245,0.03110902462584432,0.005081124606409127,1.0,0.13860083613713048
1193,0.9,0.0,0.1643868082961292,0.04510088179343995,0.02663154194704579,0.8286895462060286,0.8286895462060286,0.0914500463036099,0.031228287824415803,0.005114686495631543,1.0,0.18356176878633246
1194,0.9,0.0,0.16336249399336336,0.04472055061263115,0.0267879847424623,0.8295750814230713,0.8295750814230713,0.09050823273013926,0.031336948170215866,0.005106236930170242,1.0,0.12933442875154635
1195,0.9,0.0,0.1626982817853928,0.044768270647263284,0.026419738142886225,0.8301503151357504,0.8301503151357504,0.09019582714614988,0.03144112713918568,0.005107338590216939,1.0,0.12660513494253312
1196,0.89,-0.010000000000000009,0.16264792535392808,0.04478103589238482,0.026327256341217038,0.7665550233932706,0.7511905577029397,0.0856293723657532,0.03150967432066503,0.005152766503153776,0.0,0.14880500542606734
1197,0.88,-0.020000000000000018,0.16237377132036376,0.044726039933492556,0.026355530216715724,0.712152799956494,0.6798999253157363,0.04907377495069808,0.03154929894934649,0.0055210105614116175,0.0,0.15778081406489064
1198,0.88,-0.020000000000000018,0.16221265155598508,0.04465024050159142,0.026289807281101304,0.7122555738719839,0.6800143437033167,0.05174482055024961,0.03157604628840409,0.005544690264409246,1.0,0.17526093594790776
1199,0.88,-0.020000000000000018,0.1626647346034332,0.044928334834629595,0.026515944796719645,0.7119672775154313,0.6796933967301217,0.036769699651577975,0.031697803050807924,0.005679201916729675,1.0,0.21259452462174322
1200,0.88,-0.020000000000000018,0.1631269934754579,0.04536400368004725,0.026660142000483406,0.711672733191901,0.6793655387511555,0.046350843846068926,0.03174849504227334,0.0057740986958929475,1.0,0.22855808170701813
1201,0.88,-0.020000000000000018,0.16340475952171482,0.04557562875132702,0.026794599490092306,0.7114958620807045,0.6791686847431059,0.0502786457826863,0.03177875294812566,0.005812236614658456,1.0,0.21179683304290742
1202,0.88,-0.020000000000000018,0.1636962246181762,0.045821137457447446,0.026690977328889243,0.7113103624238264,0.6789622447808661,0.038968724289226486,0.03187685682330552,0.005903159693241451,1.0,0.21661669525618127
1203,0.88,-0.020000000000000018,0.1633743476571007,0.045659852332096004,0.02669471560709648,0.7115152229416266,0.6791902322025156,0.05991164539251553,0.03187816732978688,0.006042971208558473,0.0,0.17036094567487295
1204,0.88,-0.020000000000000018,0.1633098089858686,0.045673852027539624,0.026795698001694353,0.711556313168006,0.679235963767311,0.049233652011286384,0.03190787466983592,0.006141333717447202,1.0,0.1502091146204176
1205,0.88,-0.020000000000000018,0.16332930002661666,0.04567576062277912,0.02668715630891176,0.7115439031889299,0.6792221519291262,0.05783364590160325,0.031908057140568255,0.006175042692654132,1.0,0.1687666598076979
1206,0.89,-0.010000000000000009,0.16294611994649344,0.04555964150969627,0.02632116439535302,0.7663347375175873,0.7509567712662133,0.06712765721342993,0.03191004716530897,0.0058823258631665225,1.0,0.15780272049332744
1207,0.9,0.0,0.16310239916518232,0.04553807166087102,0.026026264370071255,0.8298002387127508,0.8298002387127508,0.06569645613452145,0.03168277741246903,0.005790504589447582,1.0,0.1645515116178496
1208,0.89,-0.010000000000000009,0.16280995564476203,0.04549123710060692,0.025957205514992907,0.7664353107300808,0.7510635068799505,0.05930100030815329,0.03130523380120006,0.005853572541939971,0.0,0.1556231313343509
1209,0.89,-0.010000000000000009,0.16268740778328858,0.045490627736777846,0.025967820067756425,0.7665258491870947,0.7511595948695107,0.06977658566903912,0.03091314492237966,0.005953957868653718,1.0,0.15684749029278286
1210,0.88,-0.020000000000000018,0.16263408075117738,0.04548640544119072,0.02583297828269364,0.7119868183041282,0.679715149221152,0.06873687859691689,0.030513747049002154,0.005950729400422933,0.0,0.163596054994158
1211,0.87,-0.030000000000000027,0.16255833278217072,0.045515626438061396,0.02591080343022594,0.6647057280624675,0.6150803428793401,0.07002757165431585,0.030123572224902626,0.005941378369523908,0.0,0.14125605988202533
1212,0.88,-0.020000000000000018,0.1625119557053706,0.04551704051872905,0.026055233705623893,0.7120646795195271,0.6798018250400393,0.06819910896146761,0.029753337943979906,0.005955576414401028,1.0,0.1588284546091146
1213,0.88,-0.020000000000000018,0.16255342882225293,0.045522763058920175,0.02614587669276768,0.7120382362910574,0.6797723878426659,0.06723107889062728,0.029363078937484195,0.005945013558633241,1.0,0.17088727144005147
1214,0.88,-0.020000000000000018,0.16254377901194556,0.04552263084734722,0.026180613090976284,0.7120443888276053,0.6797792369524818,0.06560176359967543,0.028993189632729323,0.005888491394239595,1.0,0.16268981761737739
1215,0.88,-0.020000000000000018,0.16256063428035147,0.045525112976552345,0.02568813769033283,0.7120336422965845,0.6797672737415896,0.07444264092775324,0.028727826335629716,0.005963371360322345,1.0,0.17009887588873288
1216,0.88,-0.020000000000000018,0.161814259283214,0.04511220195690771,0.025880835803073134,0.7125098248673966,0.6802974253708961,0.06806807527836738,0.02842521185001644,0.005980441876814114,1.0,0.14993997226944678
1217,0.88,-0.020000000000000018,0.16098605004925975,0.04473083546568118,0.025607875607840596,0.7130389632060036,0.6808866727608279,0.06907823875511902,0.028038748105323547,0.0059897035914611195,1.0,0.14067475812977748
1218,0.88,-0.020000000000000018,0.15988781556854245,0.04362621790028784,0.02526644021965119,0.7137418324343473,0.6816696114971955,0.06473357904150846,0.02764086893056437,0.0060261424421346405,1.0,0.14996050692115548
1219,0.88,-0.020000000000000018,0.15934516371918137,0.04325211296568806,0.02495717313572565,0.7140896409522359,0.6820571366685159,0.0643599096251221,0.027218017592464307,0.006000663029590082,1.0,0.16243091783465563
1220,0.88,-0.020000000000000018,0.15795859950769844,0.04222024490799581,0.024354160335448485,0.7149798901440028,0.6830493310250583,0.06199404128892885,0.02673288805470818,0.005915482201220673,1.0,0.12112753384459761
1221,0.88,-0.020000000000000018,0.1580542410912569,0.042232833492323124,0.024423315671208434,0.7149184118073546,0.6829807993635284,0.06162381824577054,0.026425297227854288,0.0058829044849553315,1.0,0.16834646213123888
1222,0.87,-0.030000000000000027,0.1577813443727585,0.04205416233125046,0.02384644313251782,0.667370596166302,0.6181635508186542,0.06283900793761235,0.02604581354036123,0.005806300730297554,0.0,0.17186518197195957
1223,0.86,-0.040000000000000036,0.1569071439400119,0.040815064987785823,0.02362611659600926,0.6260492275814006,0.5598510820421908,0.05467198400544444,0.025522025035781524,0.005846197874847729,0.0,0.172363911718229
1224,0.86,-0.040000000000000036,0.156415868080673,0.04013232306677438,0.023040877179821617,0.6262914617711285,0.5601401084009879,0.05958744898483674,0.02504233571442466,0.005879909929730222,1.0,0.18834531219838435
1225,0.86,-0.040000000000000036,0.15645724035235872,0.04014179058479757,0.02227748455393195,0.6262710550494742,0.5601157568479529,0.059851125951106886,0.02457820820359045,0.005827435935925788,1.0,0.16769002261811256
1226,0.86,-0.040000000000000036,0.15570457849319688,0.03888324426560041,0.021426171230951998,0.6266425108498733,0.5605591019780979,0.0542639467348621,0.024015065683829436,0.005797280263147945,1.0,0.18451776907670597
1227,0.86,-0.040000000000000036,0.15559760451545868,0.03888963633496316,0.02143413907947215,0.6266953407155377,0.5606221705005773,0.06588081392315143,0.023558139372725787,0.005841907069560682,1.0,0.14797879178545992
1228,0.86,-0.040000000000000036,0.156541219069672,0.03922875859255035,0.021879138626928297,0.6262296369434068,0.560066333822289,0.05503771733211786,0.02328053258696093,0.0057681529591971665,1.0,0.21728748469286355
1229,0.85,-0.050000000000000044,0.15675386255369161,0.039240489191441096,0.022351936792575952,0.5892315390326734,0.5066557751764977,0.03889436435783688,0.023423094940209926,0.005591381068123374,0.0,0.1694441153827371
1230,0.85,-0.050000000000000044,0.1573322361358413,0.03951982058813039,0.02236856418307239,0.5889791215830574,0.5063481350772475,0.03928791590384793,0.02362919615173638,0.0055774953858617506,1.0,0.2049807742847377
1231,0.85,-0.050000000000000044,0.15812348662797782,0.040759120239445334,0.02237029109126039,0.5886341491524096,0.5059278692344523,0.04025295838471515,0.0238205482062397,0.005562741503709659,1.0,0.26015901252627355
1232,0.85,-0.050000000000000044,0.15857098337640074,0.04064977906675048,0.023199818972605316,0.5884392266421757,0.5056904939162636,0.04362935729428543,0.023971202064041564,0.0055771012868628045,1.0,0.1707763638239915
1233,0.85,-0.050000000000000044,0.15904562359113014,0.040628870545600805,0.023223470048116313,0.5882326218953473,0.5054389636083931,0.04193044343653404,0.02412727875608309,0.00559102126554345,1.0,0.18075009890377144
1234,0.85,-0.050000000000000044,0.15990681252958835,0.04082419348807174,0.023025375734535117,0.5878581276767169,0.5049832243988107,0.03704006736444615,0.024337054914789335,0.005632211406236625,1.0,0.21177269267246285
1235,0.85,-0.050000000000000044,0.15999638999654217,0.040869840765652095,0.022835259656577168,0.5878192016465441,0.5049358673933699,0.03348536552859189,0.024583069478088304,0.00563066286424321,1.0,0.18524547633525196
1236,0.85,-0.050000000000000044,0.16047991546763044,0.04080918793541418,0.022787075166979927,0.5876091738700635,0.5046803948127838,0.04340436245871495,0.02466804656592679,0.005703190248843891,1.0,0.179291568693647
1237,0.86,-0.040000000000000036,0.16123970977845004,0.041157594630015816,0.022626332289615258,0.6239210476988114,0.5573150118536814,0.051811891042295735,0.024688885197712597,0.005758793352340925,1.0,0.2176426247785152
1238,0.86,-0.040000000000000036,0.16096996728817906,0.041017523511745,0.022372940236291883,0.624053124214354,0.5574722348905269,0.0656389732646992,0.024662633274161964,0.005839924409640222,1.0,0.16895354561342527
1239,0.87,-0.030000000000000027,0.16125401378682988,0.04084572304548307,0.022100355638073756,0.6654312348247028,0.6159191319207247,0.0673544580146015,0.024655306619270675,0.005793010511534607,1.0,0.15055755206150487
1240,0.87,-0.030000000000000027,0.16130177267828466,0.04085582975989114,0.021718916685663975,0.6654046417662534,0.6158883785072079,0.06591693364887252,0.02465750178299346,0.005671781615333687,1.0,0.17231066011741067
1241,0.87,-0.030000000000000027,0.16053392772087155,0.04033110986317346,0.021733663937510327,0.6658324502194928,0.6163831899316404,0.06871592173677293,0.024620672722876477,0.005301612946541059,1.0,0.1502658395750992
1242,0.87,-0.030000000000000027,0.16001656354296362,0.039534430474547515,0.022169959838336615,0.6661210124508615,0.6167170361591624,0.07323636560613332,0.024040061546578544,0.005319171316050124,1.0,0.19589876013513707
1243,0.86,-0.040000000000000036,0.1589875602338662,0.03850268394073976,0.022662124350869037,0.6250255068145296,0.5586304347393601,0.06602712180499738,0.023367747593096625,0.0053834693567015824,0.0,0.14717447339442696
1244,0.86,-0.040000000000000036,0.15821099377531944,0.037425774067305934,0.022899533457833462,0.6254072438693854,0.5590854482000607,0.07013799430989627,0.022679358694772035,0.005422150711431516,1.0,0.17241815844949432
1245,0.85,-0.050000000000000044,0.157328530928582,0.036314217414881174,0.02301228126205581,0.5889807379447154,0.5063501047084149,0.07046876624327975,0.021947730041633008,0.005414945206777484,0.0,0.16008833616483525
1246,0.84,-0.06000000000000005,0.15641020202214023,0.035112960291711084,0.022501380154004467,0.5565779428426387,0.45860666339816103,0.06925105466274034,0.021148278800269996,0.005398975396443582,0.0,0.15766951986104522
1247,0.84,-0.06000000000000005,0.15594722214761314,0.03488574303859692,0.022035649881374002,0.5567583608548381,0.4588298951210468,0.07455826139935143,0.020215448086403298,0.005409435331332524,1.0,0.15020639705164435
1248,0.84,-0.06000000000000005,0.15502755525386133,0.033579993411394345,0.021978079896185887,0.5571170917859507,0.4592739696073876,0.0680128798263194,0.019357815960415387,0.005438854801865536,1.0,0.15810811492898447
1249,0.84,-0.06000000000000005,0.15423129043945458,0.032568087965312124,0.021853431331190897,0.5574280613445951,0.45965915250852435,0.07360631668623144,0.018548651235474924,0.005156942488231752,1.0,0.1568471764525255
1250,0.84,-0.06000000000000005,0.1533981700223801,0.031139955853081942,0.021169575261585562,0.5577537961618474,0.46006285608037056,0.0708862840251685,0.018417184525245163,0.004827712559395597,1.0,0.16676276259672435
1251,0.84,-0.06000000000000005,0.15370436789188957,0.03147460308484225,0.021419044565159612,0.5576340341691493,0.4599143999711058,0.06856479889813646,0.01837867579228124,0.004839047583721977,1.0,0.20307725421998432
1252,0.84,-0.06000000000000005,0.1540386155652955,0.03172509255071454,0.021031498108778465,0.5575033598650033,0.4597524536125271,0.06997060090810969,0.01832575823337997,0.004844214747162957,1.0,0.19426520404020525
1253,0.85,-0.050000000000000044,0.1545125842934356,0.031471356893380736,0.021218165533154264,0.5902117389199723,0.5078514628899301,0.06574025998804786,0.018290818139995942,0.004839064340790765,1.0,0.16105816015210714
1254,0.85,-0.050000000000000044,0.15494578890302135,0.03140686076576032,0.021194579382834484,0.5900220271921434,0.5076199150617566,0.0649838045461723,0.01821371418147707,0.004818158198350965,1.0,0.1717087171715697
1255,0.85,-0.050000000000000044,0.15545125910265742,0.03117225816671201,0.02119296198069214,0.5898008225698936,0.5073500080524642,0.06294005431841845,0.01816989830513537,0.004795382881098857,1.0,0.16594969027547507
1256,0.85,-0.050000000000000044,0.15589992316058074,0.031000209970185703,0.021091280386951784,0.589604616440243,0.5071106742798879,0.06529026762139949,0.018066634345960057,0.004818629234542997,1.0,0.16618822581239112
1257,0.85,-0.050000000000000044,0.1564280178000843,0.030679267635709308,0.020869234354105672,0.5893738415608302,0.5068292584830507,0.0698410051235337,0.01794560471139403,0.004856894189032591,1.0,0.16382627065320116
1258,0.84,-0.06000000000000005,0.15695691452273525,0.030767299027682618,0.021043728680382758,0.5563650456795671,0.45834333844268477,0.06087763194215387,0.017845150535084096,0.004928211282435211,0.0,0.1882509913788944
1259,0.84,-0.06000000000000005,0.1573261490542955,0.030641413104027532,0.02116583278871079,0.556221352932889,0.458165667049853,0.058270682212460276,0.01773035215638626,0.004885901749546509,1.0,0.1651349898455663
1260,0.84,-0.06000000000000005,0.15762946660550592,0.030610981527517605,0.021187474382868516,0.5561033682130625,0.45801981716752443,0.05815538275658612,0.017690243923014083,0.00484440509104484,1.0,0.16957098661943473
1261,0.84,-0.06000000000000005,0.157926883748901,0.030553003887321666,0.02094180700249441,0.5559877272311712,0.45787689462720654,0.05650016194657745,0.017608204492718018,0.004843253805648654,1.0,0.16668746688564623
1262,0.84,-0.06000000000000005,0.1585413916919395,0.030193532592457193,0.02084147542789369,0.5557489480837332,0.4575818778076293,0.05393613198882712,0.017562750044650133,0.0048179367019445425,1.0,0.17119195645916596
1263,0.83,-0.07000000000000006,0.15851783322772398,0.030221241379159776,0.021163310496829124,0.526497569598009,0.414047432311463,0.055165508497770244,0.01742769223674588,0.004817540840642478,0.0,0.12182263119274861
1264,0.83,-0.07000000000000006,0.1586542517020758,0.030175710600576618,0.02138917473436866,0.5264500194638161,0.4139882158513438,0.054122165469480156,0.01731007275161787,0.00476477262471764,1.0,0.15532797849129748
1265,0.83,-0.07000000000000006,0.15901179956483538,0.030052059772054558,0.02125383793081994,0.5263254330368647,0.4138330920064536,0.054202007802049375,0.017265141926329396,0.004754864311827134,1.0,0.16629612954994144
1266,0.83,-0.07000000000000006,0.1592877938717583,0.030139709177620794,0.021252145530358077,0.5262293040088867,0.4137134300392874,0.05245321234169817,0.017216005622448276,0.0047463319659256644,1.0,0.18250726857623303
1267,0.84,-0.06000000000000005,0.1594957795898559,0.030067417826365014,0.021409149542930588,0.5553785082467173,0.45712444225643595,0.05564869227418731,0.017161997070189915,0.004739688082321389,1.0,0.15932772302169257
1268,0.85,-0.050000000000000044,0.15966619937032317,0.030039662232249617,0.02134716337810083,0.5879627120332828,0.50511047357608,0.05832507916863696,0.017123293274034772,0.004690627865580645,1.0,0.16320727756852077
1269,0.85,-0.050000000000000044,0.15980259911046127,0.029963440098928113,0.021428514235492645,0.5879034202713693,0.5050383301870659,0.05756204297882263,0.016998448564448727,0.004655663507076628,1.0,0.14978908867062624
1270,0.85,-0.050000000000000044,0.16037826655853368,0.029953401901184774,0.0217398678931622,0.5876533143978152,0.5047340799501374,0.0579674348891297,0.016798405295374165,0.004623028345584023,1.0,0.18835140544795573
1271,0.85,-0.050000000000000044,0.16124965021616622,0.030566144983799157,0.021718020427971416,0.5872751355309489,0.5042742353377981,0.0526288051664925,0.016684192543921735,0.004672591330160587,1.0,0.2256613310720081
1272,0.85,-0.050000000000000044,0.16119929879771056,0.030542655854675353,0.02156078829154818,0.5872969747009481,0.5043007838638892,0.05839206665372182,0.016526294245396277,0.004650616516473667,1.0,0.17296064814113482
1273,0.85,-0.050000000000000044,0.1618319832155105,0.030122313011231625,0.02154710841447799,0.5870226753238511,0.503967394681377,0.05405293750343039,0.016246262262717175,0.004624243810386354,1.0,0.172997567329914
1274,0.85,-0.050000000000000044,0.16262954671579222,0.02982342864293758,0.021514700691382223,0.5866772577390501,0.5035477510333084,0.05819151282296009,0.01605269861925146,0.0046061512425266396,1.0,0.1908767025968262
1275,0.85,-0.050000000000000044,0.16348994752970952,0.03017243545782441,0.021629459185882136,0.5863050813946291,0.5030958280050545,0.051267452109489714,0.01598663053054287,0.004562268574945984,1.0,0.2182479338137687
1276,0.85,-0.050000000000000044,0.16420004373672603,0.029885300956179108,0.021567010991935046,0.5859982765369434,0.5027234625824055,0.052576750024492476,0.01570908107555164,0.004498491305957097,1.0,0.18720733286224606
1277,0.85,-0.050000000000000044,0.16403492391484395,0.0299898345453889,0.021863357906129706,0.586069589713025,0.5028100001244142,0.04811727709786817,0.01559904313274371,0.004500748215822086,1.0,0.13690870212465983
1278,0.85,-0.050000000000000044,0.16431069415891023,0.029824560687331695,0.02190814750176327,0.5859504977209427,0.5026654885402916,0.06301247082278622,0.015312271774057726,0.004628620394364427,1.0,0.16003742248719283
1279,0.85,-0.050000000000000044,0.16468094248303178,0.02942188690622956,0.021765885472742563,0.5857906812525648,0.5024715982897359,0.060031451995053234,0.015062358915058452,0.0046537426606024735,1.0,0.150790680097901
1280,0.85,-0.050000000000000044,0.16482148295882532,0.02932318856106958,0.02155653775947222,0.5857300402436632,0.5023980397401699,0.061528545271411425,0.014788298496749681,0.004651387270819281,1.0,0.15115057852745056
1281,0.85,-0.050000000000000044,0.16518046481972848,0.028940686084388247,0.02145788723310487,0.5855752021835615,0.5022102472185976,0.06133837349913318,0.014466648485616412,0.004618712122441572,1.0,0.15190939499509545
1282,0.85,-0.050000000000000044,0.16541823303628012,0.028544233258473748,0.021611109799845797,0.5854726917283328,0.5020859418989977,0.057734020643812556,0.014211033178268101,0.004618206551481914,1.0,0.12926281198192852
1283,0.85,-0.050000000000000044,0.16558736724025006,0.028281823103691612,0.021529906926998844,0.5853997937148506,0.501997555917132,0.05814093105612558,0.013862264071275474,0.004602074071313238,1.0,0.1298769596295816
1284,0.85,-0.050000000000000044,0.1658792616541323,0.02797547154098623,0.021642159431571873,0.5852740278901645,0.501845091200929,0.06323070954895442,0.013533327151464315,0.004612467616633966,1.0,0.15080621268029984
1285,0.85,-0.050000000000000044,0.1668472413592153,0.02776138033335162,0.022205024934240772,0.5848573499600457,0.5013401501241358,0.06009197798616511,0.013278543153780884,0.004611012162100039,1.0,0.20859848670239445
1286,0.86,-0.040000000000000036,0.1672481580029917,0.027217824289425437,0.022699019412495938,0.6209934994887698,0.5538357518346663,0.06732749009028925,0.013083809606230314,0.004650293021187036,1.0,0.14982359131385742
1287,0.86,-0.040000000000000036,0.1679073747918539,0.026362635218503648,0.022221361152894255,0.6206739751894939,0.5534566676158484,0.062233521471759826,0.012806921017848753,0.0046981265501476015,1.0,0.16578416378116115
1288,0.85,-0.050000000000000044,0.16793795276528722,0.026358827531196543,0.022010631162516066,0.5843885510992173,0.5007724029103425,0.05392457017550176,0.012549695410666509,0.004774562347296092,0.0,0.16616902240615006
1289,0.84,-0.06000000000000005,0.16807896892500163,0.026256480896805063,0.021699068977568778,0.5520690553148502,0.4530512751843559,0.06326681826488728,0.012239943745110015,0.004839801052475773,0.0,0.15596571336182355
1290,0.84,-0.06000000000000005,0.16839898457544472,0.02562208148697968,0.02186415863155799,0.5519464281769981,0.452900814370086,0.06184227127322649,0.011842807986327432,0.004846288453176991,1.0,0.13281769708058577
1291,0.84,-0.06000000000000005,0.16896238811592465,0.024888352859562396,0.021865798691916034,0.5517306693030674,0.45263616330065404,0.04735874949600491,0.011521819752279337,0.004955697206204539,1.0,0.16396062662058025
1292,0.84,-0.06000000000000005,0.16961518594666053,0.024939497855741947,0.021814880105460833,0.5514808871896055,0.45232990703282516,0.046900640833103587,0.011071238565598865,0.004924384756572002,1.0,0.20388061921071732
1293,0.84,-0.06000000000000005,0.17007437833581338,0.025605893658711163,0.021525718978754906,0.5513053203981324,0.4521147277924337,0.05007200267147583,0.010658613927196263,0.004946905446116462,1.0,0.22948100770161645
1294,0.83,-0.07000000000000006,0.17031018216738983,0.025336796539666362,0.022271546271516656,0.5224186941544646,0.40899041170695843,0.041812685479471416,0.010348722616785657,0.005027177280540857,0.0,0.15291481190919037
1295,0.83,-0.07000000000000006,0.170694021976861,0.024959722591150035,0.022169267821990676,0.5222869889390138,0.408827881223591,0.037632600021787976,0.010094461717554515,0.0050232745601094106,1.0,0.16498911588965282
1296,0.84,-0.06000000000000005,0.17086102991145719,0.024868408600265846,0.02208382210842713,0.5510048130923091,0.4517465753624946,0.046993017332017294,0.009791470221158628,0.004748575771171775,1.0,0.16550579888568517
1297,0.85,-0.050000000000000044,0.17075320832142118,0.024948132789518965,0.02209419606743098,0.5831819918035671,0.4993129056446951,0.060960719627935554,0.009750560110059741,0.004862683414569419,1.0,0.1469986550612863
1298,0.85,-0.050000000000000044,0.17063259046113582,0.0249552043252529,0.021880730473332527,0.5832335839136226,0.4993752624301699,0.07122807226557726,0.009809320111694397,0.004815130199811541,1.0,0.16319914991937373
1299,0.85,-0.050000000000000044,0.17057725856820943,0.024868085101959713,0.022162534799842183,0.5832572541852866,0.4994038730154154,0.06707313990938663,0.009594918420058721,0.00476031997922265,1.0,0.20706133532910487
1300,0.85,-0.050000000000000044,0.17060693422710094,0.024938926976236942,0.02224034352310435,0.5832445590814537,0.4993885281486865,0.0650862088649092,0.009530018073903504,0.004740715222736387,1.0,0.23152564759617056
1301,0.85,-0.050000000000000044,0.17021574804564682,0.024594183793919845,0.02278607655831046,0.5834119510297642,0.4995908807780044,0.0585233005870122,0.009488705806517155,0.0046927655942963584,1.0,0.17267821489749186
1302,0.85,-0.050000000000000044,0.16989835392900446,0.024194880960427094,0.022442069680665512,0.5835478373377917,0.4997551828212047,0.05750038986613312,0.009270080375665199,0.00449155336821141,1.0,0.18487728359194988
1303,0.86,-0.040000000000000036,0.17017816840710864,0.024359853499121103,0.02237452704267445,0.619575827612155,0.5521548055300803,0.06223898490119527,0.009274275178851519,0.004431559445522854,1.0,0.1983423934852902
1304,0.86,-0.040000000000000036,0.17031863115204623,0.024284684366285215,0.022531390266753555,0.6195080279394631,0.5520744783515363,0.05811310706478315,0.00921870470391728,0.0043863663540692705,1.0,0.16425538911417864
1305,0.86,-0.040000000000000036,0.1706837327805504,0.024531801013259788,0.022835001319577452,0.619331867178632,0.5518657950242828,0.06413540737017151,0.0092286010507997,0.004353318768145651,1.0,0.20527682265811498
1306,0.86,-0.040000000000000036,0.17085706567106507,0.024501392604741015,0.023071284369969407,0.6192482694938963,0.5517667773233127,0.0628188915907245,0.00920322662505773,0.004352160330777354,1.0,0.17513600954478958
1307,0.86,-0.040000000000000036,0.17074327125742908,0.024556776680029275,0.023202956683171815,0.6193031494903202,0.5518317792203788,0.061859350212060876,0.009185395443986239,0.004297252104032863,1.0,0.1531720702542525
1308,0.87,-0.030000000000000027,0.17136345589906943,0.024947123958008955,0.02384179674666371,0.6598491035558833,0.6094771177503047,0.06621043854170618,0.009209698264092342,0.004235388497656696,1.0,0.21764159549838258
1309,0.87,-0.030000000000000027,0.1714516164438746,0.024911221944902494,0.024298660241852663,0.659800835834237,0.6094215320794505,0.07117873213056362,0.00922630174138482,0.004275071189744932,1.0,0.1656635447733017
1310,0.88,-0.020000000000000018,0.17138611887117464,0.024940383366608965,0.024160046625054783,0.7064509188966032,0.6735605927814469,0.0705167422430692,0.009245666579015412,0.004268720652675189,1.0,0.157046297724159
1311,0.89,-0.010000000000000009,0.17172092458659402,0.024757719652728844,0.024161237927809543,0.7599087121743238,0.7441418224653134,0.05069890843215308,0.009227400342208062,0.0044504314720496116,1.0,0.17473663142396972
1312,0.88,-0.020000000000000018,0.1718349380888105,0.02472431515501468,0.024084955198135517,0.7061693482725596,0.6732479797254943,0.045006936609922735,0.009294383942706985,0.004498148055396985,0.0,0.17022980483076167
1313,0.88,-0.020000000000000018,0.17165790723399443,0.024793748098874503,0.02417433060267735,0.7062803833027762,0.6733712511839403,0.06092649320136925,0.009260756223378023,0.004642493927119153,1.0,0.1531841859584459
1314,0.88,-0.020000000000000018,0.17168350619112047,0.024785795784304256,0.024221365644093298,0.7062643252926056,0.6733534231334968,0.05912977161159266,0.009237669314551321,0.004571340838853485,1.0,0.16524971332998006
1315,0.88,-0.020000000000000018,0.1715329672702997,0.024840618036473704,0.024120818431002736,0.7063587675697721,0.6734582774959789,0.06543417940994205,0.009130267497666312,0.0045706321736915,1.0,0.1550449838066592
1316,0.88,-0.020000000000000018,0.1717314078495507,0.024746412654127668,0.02417610966583322,0.7062342789472594,0.6733200652016581,0.06793191450418895,0.009128916756064646,0.0045856581496257955,1.0,0.16978403019454624
1317,0.88,-0.020000000000000018,0.1714376925219742,0.025281795189657782,0.02467302942372257,0.7064185523020233,0.673524655767957,0.07023798664200033,0.009142512399591247,0.004565066355930854,1.0,0.11130322537212256
1318,0.88,-0.020000000000000018,0.17171132435832764,0.025195794259067164,0.025213939062822387,0.7062468760185108,0.6733340506142478,0.06751492160651112,0.00916425708894518,0.00458879762481068,1.0,0.17732369055650476
1319,0.88,-0.020000000000000018,0.17207974412431987,0.025326418167974638,0.025018442294007376,0.7060158616662471,0.6730775888838162,0.06098463649099127,0.009150593123361531,0.004630862440763475,1.0,0.1992728944338768
1320,0.88,-0.020000000000000018,0.17252471983673023,0.02481299659778698,0.02488136008250844,0.7057370450053633,0.6727680959316013,0.04891936746774668,0.009199416991650949,0.004748994218340104,1.0,0.16562510508563066
1321,0.88,-0.020000000000000018,0.17325435926224508,0.02573504522034708,0.02561031543358289,0.7052803376294027,0.6722612269873769,0.0576361574493475,0.009195807936385936,0.0048247679586407004,1.0,0.24131040468272225
1322,0.89,-0.010000000000000009,0.173248409009579,0.025735434512559364,0.026312755011674818,0.7588010911205969,0.7429681222776391,0.06501446076974843,0.009207955456945848,0.004816801083774367,1.0,0.17127015670535206
1323,0.89,-0.010000000000000009,0.17271229359408924,0.026300485336772445,0.026681809416280285,0.759189475238808,0.7433796448206156,0.06947234270226268,0.009259228330567084,0.0048121790327958006,0.0,0.11875237016925533
1324,0.89,-0.010000000000000009,0.1722794273772032,0.026395671249594764,0.02673889053507073,0.7595033515990697,0.743712245996523,0.07647633790873443,0.009421960259669963,0.0048802630554241,1.0,0.1450586905097807
1325,0.89,-0.010000000000000009,0.17196504091303308,0.026634605313818387,0.026657876068910003,0.759731479654065,0.743953997589117,0.07221406464647837,0.009511475971654023,0.004866880166999972,1.0,0.13625137620109862
1326,0.88,-0.020000000000000018,0.17136370030324705,0.027020449888461216,0.02640867092559433,0.706464989267551,0.6735762154500032,0.07758545429934355,0.009671183108633139,0.004803794535329021,0.0,0.12438370809810506
1327,0.88,-0.020000000000000018,0.17129364429416402,0.02708998145991164,0.02587615365157055,0.7065089615241748,0.6736250395556607,0.0768864386533551,0.009805168265515578,0.004701329071237656,1.0,0.14097319087715499
1328,0.88,-0.020000000000000018,0.17073126018021942,0.02671040992589594,0.025595673986026333,0.7068621532252425,0.6740172383088052,0.07579356779992273,0.009925694234826747,0.004549303999309891,1.0,0.16104907329840412
1329,0.88,-0.020000000000000018,0.17047357459253593,0.026845542275849538,0.02541220790301639,0.7070241044067371,0.674197097215728,0.07784776216260794,0.009862132619352312,0.004566078169175287,0.0,0.14367555661438824
1330,0.87,-0.030000000000000027,0.16986258769300291,0.026748335281473322,0.02485693809973873,0.6606719107367303,0.6104249809176675,0.07840646002108739,0.009801310181229294,0.004561973678040057,0.0,0.14388208433143634
1331,0.86,-0.040000000000000036,0.16885340293066736,0.025180326106474044,0.024109218940738728,0.6202160066947261,0.5529135576750988,0.054178287004336176,0.009608673524149514,0.004772597658920673,0.0,0.15924053629271817
1332,0.86,-0.040000000000000036,0.16866074658243566,0.025238510494168653,0.024086553003487388,0.6203092160641536,0.5530240742546597,0.05710511440732145,0.009461539456688298,0.004785000826044248,1.0,0.15151072900082158
1333,0.86,-0.040000000000000036,0.16832848576443504,0.025295811978431504,0.023813463287612874,0.6204700335309715,0.5532147782426285,0.05484582242364332,0.00928903808513077,0.0047584242190906135,1.0,0.14752401710370655
1334,0.86,-0.040000000000000036,0.16827488952603337,0.025209236295993604,0.024140350513788423,0.6204959824420284,0.5532455525898347,0.05853652121265883,0.008976126144179059,0.004759797925688202,1.0,0.20641306883229693
1335,0.85,-0.050000000000000044,0.16804628409902478,0.02515790614943037,0.024524938670922817,0.5843420302155073,0.5007160834737294,0.059995161358609425,0.008534611926171037,0.004674339776353126,0.0,0.1623849336343871
1336,0.84,-0.06000000000000005,0.16800350317660684,0.025142379860564057,0.02426511530458547,0.5520979810555547,0.45308677126102187,0.06277540655399169,0.0083403468472092,0.004617498530007687,0.0,0.17501347645185805
1337,0.84,-0.06000000000000005,0.1674933285739647,0.024642596477812674,0.023858036847741716,0.5522936086223045,0.4533268830161878,0.05721771657935412,0.008293805286596652,0.004533969315383789,1.0,0.16662516451429998
1338,0.84,-0.06000000000000005,0.16754493971081316,0.024651003941552604,0.02374787019352002,0.5522738119162445,0.453302580859182,0.05470773561957761,0.008313215501694601,0.004541994529624943,1.0,0.17411465929827297
1339,0.84,-0.06000000000000005,0.16776378911509535,0.024596305558059545,0.023545032403142697,0.5521898826732821,0.45319956009403856,0.04958573851441735,0.008377817282024944,0.004579211425982835,1.0,0.17244249248972282
1340,0.84,-0.06000000000000005,0.16796428568897784,0.024713987941221812,0.023523547599846054,0.5521130141696401,0.45310521979866875,0.04675871135841351,0.00849097637050703,0.00457949464889297,1.0,0.1923603175056668
1341,0.84,-0.06000000000000005,0.1684142755472817,0.0247971682622421,0.023091947471965024,0.5519405701768899,0.4528936275606229,0.04684600995182976,0.008576407385516896,0.004534715403681413,1.0,0.1952648254054829
1342,0.84,-0.06000000000000005,0.16857648368543543,0.025028399958854967,0.022770032944735858,0.551878435588789,0.4528174032175391,0.04986920208061463,0.008558284320913913,0.004492432053455645,1.0,0.2121195739505058
1343,0.85,-0.050000000000000044,0.16884734249738464,0.024941732967938696,0.022897462584191338,0.583998260275573,0.5003000210224433,0.04908127271853828,0.008620087424502633,0.004458866971204912,1.0,0.1742603545893464
1344,0.84,-0.06000000000000005,0.16901236727029162,0.025019286041347497,0.02292100257273867,0.5517115376217665,0.4526127012147519,0.04679220219341207,0.008674627914903567,0.004478647765060899,0.0,0.18892063574019125
1345,0.85,-0.050000000000000044,0.16924874301325615,0.025045504601575223,0.022949042057335757,0.5838261534606239,0.5000917971776928,0.04742212269537853,0.008709306435055764,0.00447271048143895,1.0,0.1837259104612899
1346,0.86,-0.040000000000000036,0.16927995689650682,0.025032996066243523,0.02310532366810117,0.6200097345877825,0.5526690237147305,0.04961149591152077,0.008723020235820566,0.004441217213555427,1.0,0.16079090818611252
1347,0.86,-0.040000000000000036,0.1695253596695418,0.02496500576162001,0.02316647567104751,0.6198911253718848,0.5525284377195402,0.047136735208601475,0.008690173948006861,0.004400099831029036,1.0,0.17474667435514057
1348,0.86,-0.040000000000000036,0.17006566913106738,0.02529457094060234,0.023531439794784368,0.6196301403592919,0.5522191579507573,0.04590550021664655,0.0087560103789292,0.0043560371858981555,1.0,0.2121390610815479
1349,0.86,-0.040000000000000036,0.17018604220553527,0.025259997939245722,0.02386819728001708,0.6195720266320075,0.5521503020805769,0.04826712795170456,0.00870908991459541,0.0043524169341203275,1.0,0.16888448389931066
1350,0.86,-0.040000000000000036,0.17056087275892584,0.02548353375695933,0.02385856942560502,0.6193911356930716,0.5519360012493336,0.04753460474569936,0.008705491433498105,0.004336366813705915,1.0,0.20424581793577729
1351,0.86,-0.040000000000000036,0.1702896441455241,0.025279530805398506,0.02405533078799068,0.6195220184027086,0.5520910533914569,0.047588926695102715,0.008724211544012013,0.004322715499962785,1.0,0.1759543928798183
1352,0.86,-0.040000000000000036,0.17000612246327917,0.02516778825162991,0.02382133395138471,0.6196588923372279,0.5522532262167323,0.05063498123519032,0.008687571559043051,0.004310753011276177,1.0,0.16591303581571132
1353,0.86,-0.040000000000000036,0.17049700083027514,0.025465428305285902,0.024160550153571842,0.6194219524299655,0.5519725068109373,0.05241352766164403,0.008678560231731504,0.004321077162635552,1.0,0.21014599685169993
1354,0.86,-0.040000000000000036,0.17088000707236276,0.025767012108172324,0.02410375852301902,0.619237206648883,0.55175367454003,0.05096315957037159,0.008684689717656414,0.004315083403681194,1.0,0.21000934138033428
1355,0.86,-0.040000000000000036,0.17110577771703994,0.025821675727866755,0.024318344897768795,0.6191283561928057,0.5516247607745766,0.053307189554983536,0.008685922283406472,0.00431502094591989,1.0,0.18852675474319014
1356,0.86,-0.040000000000000036,0.1713062785539402,0.025860526847388703,0.0243176023733403,0.6190317211082531,0.5515103264198725,0.052475339630289226,0.00867469798135105,0.004277456424935649,1.0,0.18623830950242137
1357,0.86,-0.040000000000000036,0.1712773129831593,0.025870508994719633,0.024326530405679902,0.6190456797362721,0.551526855368822,0.05334772949014545,0.008605626179564905,0.0041957293206778355,1.0,0.16092971357510755
1358,0.87,-0.030000000000000027,0.17126137854990875,0.02586053828645457,0.024352912556643617,0.6599049995230133,0.6095414907056116,0.059568550409024035,0.008602071743468366,0.004232233070063543,1.0,0.18665754805384305
1359,0.87,-0.030000000000000027,0.17121070956225196,0.025877450484488838,0.02457668488189704,0.6599327485889082,0.6095734490983112,0.05985213488828126,0.008604228136675053,0.004233932918784583,1.0,0.16006809107988518
1360,0.87,-0.030000000000000027,0.171371129902275,0.025916482933008637,0.024805588011271418,0.659844901773899,0.6094722788494396,0.05985984886513544,0.008606412588707908,0.004217291435621408,1.0,0.18561302062173646
1361,0.87,-0.030000000000000027,0.1716747399549005,0.026037392354237073,0.024875597727967817,0.6596787077048424,0.6092808968655754,0.057067780754910785,0.008605665874035068,0.004219594851302966,1.0,0.19704847214820043
1362,0.87,-0.030000000000000027,0.1719371332749514,0.02616311559172921,0.024380784506246953,0.6595351428207229,0.6091155928361704,0.05735661605086451,0.008596560289374021,0.0042100944350101435,1.0,0.19743128846425184
1363,0.88,-0.020000000000000018,0.17240970704834893,0.025675908745813627,0.024328723219713588,0.7058090895890629,0.6728480632376431,0.06607012109251403,0.00862960595509503,0.004287570818983471,1.0,0.16908000853250627
1364,0.88,-0.020000000000000018,0.17230979321563158,0.025761482614270328,0.024457766272787323,0.7058716880521846,0.67291754781455,0.07013823020485094,0.008703304705442349,0.004327856342011428,1.0,0.14533659521956255
1365,0.88,-0.020000000000000018,0.17208904547851578,0.025906238989055103,0.02430528243798843,0.7060100312903655,0.6730711166200886,0.08058917256344424,0.008973237610231426,0.004415756815731045,1.0,0.14422135583836115
1366,0.88,-0.020000000000000018,0.17167819559172146,0.02606306835957466,0.02409941910856442,0.7062676565268463,0.6733571215516333,0.07428100489319013,0.009088570935449425,0.0044471981060114985,1.0,0.14142227989679823
1367,0.88,-0.020000000000000018,0.1718604108772987,0.026039771142670205,0.024425150594784516,0.7061533744287772,0.6732302460357652,0.06802091145731413,0.009130245711212914,0.0044833971619855015,1.0,0.1775492515794166
1368,0.88,-0.020000000000000018,0.17182943228391828,0.026051886929945263,0.02446577326600715,0.7061728010271255,0.6732518128890109,0.06732767039861583,0.009169141416921354,0.004482692160661097,1.0,0.1601094182304812
1369,0.88,-0.020000000000000018,0.17191321061953235,0.025994281450819008,0.02409587608642248,0.7061202663058315,0.6731934907953516,0.06845522545811344,0.009216964342469033,0.004489986737925648,1.0,0.15816692223203443
1370,0.88,-0.020000000000000018,0.1712619981206789,0.026387058313315434,0.024071904783850465,0.706528826763763,0.673647097031261,0.07095932222283291,0.009292366699320143,0.004461355091886076,1.0,0.1232301555626123
1371,0.88,-0.020000000000000018,0.17046331105233734,0.025933240468586097,0.023767478377227865,0.707030556410817,0.6742042629301878,0.06712069837403954,0.00930242315060334,0.00444191430765945,1.0,0.14579262423784844
1372,0.88,-0.020000000000000018,0.17016231278224248,0.0260767898487482,0.02379671962891897,0.7072198263542143,0.674414479196254,0.06866033345130815,0.009348370478014737,0.004413636589750128,1.0,0.14286082113164955
1373,0.88,-0.020000000000000018,0.17026393856524902,0.026107425972700448,0.024023186186817997,0.7071559119786305,0.6743434894052563,0.06701900812036861,0.009363150023237902,0.004388411842390631,1.0,0.18316014563056537
1374,0.88,-0.020000000000000018,0.16995316468477115,0.026045101913086035,0.023982677094541046,0.7073513999079226,0.6745606247911322,0.07034087823713765,0.009423565677726968,0.004352026078787588,1.0,0.15979931454904062
1375,0.88,-0.020000000000000018,0.16938653935761816,0.025600832346308524,0.023687176949065393,0.7077081059058435,0.6749568817825756,0.0680459411302479,0.009422086620802324,0.00436198203022079,1.0,0.16158540109847297
1376,0.88,-0.020000000000000018,0.1692807515378509,0.025548778566877563,0.023331060979868007,0.7077747420622015,0.6750309137509836,0.06721917440192428,0.00942210366803563,0.004325288028217753,1.0,0.17662855088551854
1377,0.88,-0.020000000000000018,0.16969722958735572,0.025356410094281842,0.023116911846808322,0.7075124734490731,0.6747395497552796,0.07087074071702282,0.009407848924521338,0.0042117160341791715,1.0,0.1785565070751428
1378,0.88,-0.020000000000000018,0.16969547487435288,0.025357084573554588,0.02321234430639361,0.7075135780362977,0.6747407768078127,0.06177210788583254,0.009404946762637652,0.004273510115022175,1.0,0.15986195118690794
1379,0.88,-0.020000000000000018,0.17033211385554278,0.025671702116200092,0.023760149645791928,0.7071130417241516,0.6742958745349711,0.06146548706052342,0.009405794633464108,0.004261485140769155,1.0,0.2144545782168914
1380,0.88,-0.020000000000000018,0.17048740107535706,0.025602075949037843,0.024235063395694634,0.7070154128041204,0.6741874441959717,0.06739964431893669,0.00943219365536543,0.004319505196184659,1.0,0.1666793005088788
1381,0.88,-0.020000000000000018,0.1702155965568569,0.02593991821163692,0.024430051015397997,0.7071863137406371,0.6743772564234367,0.06632891558779802,0.00945096020355967,0.004293913033314135,1.0,0.12472894314507899
1382,0.88,-0.020000000000000018,0.17064866620593697,0.025612026930945157,0.024907088248703076,0.7069140541087867,0.674074876646509,0.06778215584444129,0.009476438963914216,0.004304482021640703,1.0,0.1725697768899349
1383,0.88,-0.020000000000000018,0.1710048320955752,0.02528816919381521,0.02476715870573151,0.7066902989218333,0.6738263960830467,0.0601767260734704,0.009473731763569953,0.0043298926406118345,1.0,0.16549354859340204
1384,0.88,-0.020000000000000018,0.1710799884793728,0.02523914797511277,0.024255839751299628,0.7066431012941085,0.6737739863348808,0.06007768104771349,0.00946960073794307,0.004299188736197366,1.0,0.15832185106006358
1385,0.88,-0.020000000000000018,0.17084457224420643,0.02499672624329694,0.023932204566826452,0.7067909619276528,0.6739381793386446,0.06679595662444829,0.009490907032601914,0.004293964124809596,1.0,0.18505686318575665
1386,0.87,-0.030000000000000027,0.17093990026755207,0.024934478168432573,0.02403058736551365,0.6600810979173922,0.6097443131707971,0.06168360665781724,0.009466677791873504,0.0042941497949924405,0.0,0.1593563936484208
1387,0.87,-0.030000000000000027,0.17098138779454264,0.024929316161769327,0.02413353346861276,0.6600583667245329,0.6097181308703309,0.058483935549704005,0.009466798987126563,0.004242540904203098,1.0,0.16993291648022202
1388,0.88,-0.020000000000000018,0.1705866074027416,0.02531204779344803,0.0244672569454799,0.7069530559967027,0.674118190968606,0.06533726968991088,0.0094571892176659,0.0042174003592619,1.0,0.12669098322604888
1389,0.88,-0.020000000000000018,0.17051340969784928,0.025364751679614057,0.024455205868361772,0.7069990638448059,0.6741692869108667,0.06431816857355363,0.009460859909443146,0.004213304946380045,0.0,0.1486459428725917
1390,0.88,-0.020000000000000018,0.17077775120601174,0.025106957433753206,0.0242477611762834,0.7068329422752228,0.6739847988072608,0.06312660590106256,0.009463551221769334,0.004079042733200949,1.0,0.15925184789682822
1391,0.88,-0.020000000000000018,0.17104872169048987,0.025178044161915027,0.024165799909429124,0.7066627358298556,0.673795789008385,0.06701554733712915,0.009392262335750303,0.004113697609697569,1.0,0.19105767506839166
1392,0.88,-0.020000000000000018,0.170852149508684,0.02499703290404522,0.023976243197786334,0.7067862018225964,0.6739328932663479,0.06620317424370022,0.009304524238492509,0.004089869440556727,1.0,0.1842234010301288
1393,0.88,-0.020000000000000018,0.16987410844168177,0.02459407775264578,0.023733620008254103,0.7074011463689547,0.6746158831088651,0.0657504426178652,0.009252736757614535,0.004011015040898449,1.0,0.13167690100139384
1394,0.89,-0.010000000000000009,0.16982843838777234,0.024629742469331285,0.023780050326803498,0.7612854991342931,0.7456011389467043,0.0715275194103423,0.009106000364485124,0.004027146266502427,1.0,0.14834780651824664
1395,0.89,-0.010000000000000009,0.1694559713833541,0.024979263905944182,0.02398296656997909,0.7615570572912526,0.7458890266246941,0.06954877605938184,0.008824024744109695,0.003952583903277489,1.0,0.1277424154478306
1396,0.89,-0.010000000000000009,0.16943004061839723,0.02498469642250055,0.024151281348946466,0.7615759701008287,0.7459090773426925,0.06792211068897108,0.008721011773195191,0.0038279269646359997,1.0,0.16291272238999888
1397,0.89,-0.010000000000000009,0.16969419827667603,0.02488558535251657,0.024093717749361362,0.7613833485590387,0.7457048703696136,0.061223815207224905,0.008720773717215077,0.0037918758822532155,1.0,0.1734144208891617
1398,0.89,-0.010000000000000009,0.16928328066937806,0.025324823642360883,0.02416891821693562,0.761683028342259,0.7460225783997417,0.06459992983861879,0.008674558832979596,0.0037840090365481973,1.0,0.1221073891895792
1399,0.89,-0.010000000000000009,0.16896268757113872,0.02504594056665227,0.024456093207324746,0.7619169988687535,0.7462706385401477,0.0642819915943894,0.008662081140763006,0.003767150523414379,1.0,0.17500202550516797
1400,0.88,-0.020000000000000018,0.16838229513697825,0.02424924089408355,0.02387698400153044,0.7083411894853847,0.6756603228600802,0.06351561931657118,0.008657510205384232,0.003708599654726714,0.0,0.17348640418012562
1401,0.88,-0.020000000000000018,0.1685524957390963,0.024338362238454894,0.023917517357436614,0.7082338139633443,0.6755409995866766,0.05913719303209712,0.008655421270260229,0.0037424937513286845,1.0,0.18969827510929527
1402,0.88,-0.020000000000000018,0.16851739321097603,0.024317314415072358,0.023865660129517734,0.7082559566508717,0.6755656056182505,0.06135546705135295,0.00864485781675617,0.0037170359632902363,1.0,0.1813670307799239
1403,0.88,-0.020000000000000018,0.16842897465360396,0.024224606903997834,0.023603503590093944,0.7083117372456492,0.6756275928542407,0.06111401129428931,0.00864503393671677,0.003677799376630151,1.0,0.18950053774807962
1404,0.88,-0.020000000000000018,0.16861320713903802,0.024262192374953525,0.023258053757230848,0.7081955204580441,0.6754984465799213,0.05581214491259148,0.008657885456420008,0.003670522266289843,1.0,0.1826786376575894
1405,0.88,-0.020000000000000018,0.16805297592435461,0.02405505804403796,0.023291226720407492,0.7085490416355873,0.6758913198347286,0.061018067363747215,0.008654971666659166,0.003709809202367708,1.0,0.14925370118977566
1406,0.88,-0.020000000000000018,0.1684653369579356,0.02452185703022598,0.023747332502453745,0.7082887963034993,0.6756020991053505,0.0539969895771968,0.008688542841253012,0.0037710368428514143,1.0,0.21637211290289138
1407,0.88,-0.020000000000000018,0.1686631790381595,0.024477442190652125,0.02353466896085899,0.708164003962561,0.6754634249797749,0.05665463426510622,0.008702792888098826,0.0037539313515207486,1.0,0.17295627827664173
1408,0.88,-0.020000000000000018,0.16821863577118537,0.023982564053345378,0.02301197138307362,0.7084444690066433,0.6757751000014239,0.06172318689218392,0.008690525683407498,0.0037549440690785286,1.0,0.17318726880097024
1409,0.88,-0.020000000000000018,0.16777142883075047,0.024438659908799197,0.023452649878245507,0.7087268388222381,0.6760889329126908,0.06030963713458909,0.00863743915611951,0.0037625355829179266,1.0,0.12094285072981037
1410,0.88,-0.020000000000000018,0.16773247409106992,0.02445882084690832,0.023599292699725147,0.7087514457948305,0.6761162836770119,0.058270309095104965,0.008594848025935884,0.003582954716539826,1.0,0.15315082375610567
1411,0.88,-0.020000000000000018,0.167588481650099,0.024459547712113568,0.023626360750003524,0.708842417930833,0.6762174023521726,0.060763139973512716,0.008528372715490003,0.0035506401615517185,1.0,0.16033738732687353
1412,0.88,-0.020000000000000018,0.16710122082162487,0.024883736375797154,0.023846442027490502,0.7091504348786142,0.6765598056772251,0.05479593372671557,0.00839435810738357,0.003450111370191624,0.0,0.12150372198334725
1413,0.87,-0.030000000000000027,0.16707641762370426,0.024898827575301832,0.024019518964980453,0.6622048001734749,0.6121924069437844,0.05309403369311825,0.008436100706970755,0.0034491535766948637,0.0,0.15070386616638598
1414,0.87,-0.030000000000000027,0.1671599999863148,0.024906582849237,0.024147795267014067,0.6621587115108083,0.6121392370018404,0.05550111276006078,0.008453813804452606,0.003409786619811966,1.0,0.17360794959103443
1415,0.87,-0.030000000000000027,0.1667679624442227,0.025397885769555942,0.024582418232728158,0.662374942876708,0.6123887070640432,0.05617490356058877,0.00846004167268514,0.0033913629400774315,1.0,0.1158412295974518
1416,0.87,-0.030000000000000027,0.1669718079555502,0.02550286202694294,0.024742484363106165,0.662262492672341,0.6122589661759692,0.057159649561975556,0.008443822247381475,0.003378016211426678,1.0,0.1901685813272982
1417,0.86,-0.040000000000000036,0.16775973946711997,0.02498264760482784,0.024076340318801327,0.6207455058845931,0.553541520565633,0.06170110375094583,0.008395225300905558,0.003396383778633557,0.0,0.1900963765290951
1418,0.86,-0.040000000000000036,0.1677322952542758,0.024973632023103865,0.024011369645868322,0.6207588046796366,0.5535572969106644,0.058318748140729015,0.008375168111975476,0.0033645865109032244,1.0,0.17457926927209044
1419,0.86,-0.040000000000000036,0.1673184915118209,0.0247897394229048,0.02384004600683258,0.6209593929552811,0.5537952816340342,0.05766755911077168,0.008381895788749656,0.0032492927735972917,1.0,0.15789252018838312
1420,0.86,-0.040000000000000036,0.16713669505829418,0.024868028250143937,0.023181073894290458,0.6210475584214566,0.5538999002040336,0.0612012954163051,0.008293365362941998,0.0031969386960612575,1.0,0.14744545973296153
1421,0.86,-0.040000000000000036,0.16655467041431682,0.023782630029291985,0.02283382371827685,0.6213299902195624,0.554235104460916,0.05633515453982905,0.00829985656885123,0.0031715633178397945,1.0,0.183107940284984
1422,0.86,-0.040000000000000036,0.16613260731128235,0.024067999804489836,0.022849240964205927,0.6215349602227674,0.554478436285794,0.051991320084538904,0.008339782196881824,0.0031704113231203587,1.0,0.1290638464019076
1423,0.87,-0.030000000000000027,0.16661221691038736,0.02359222526372534,0.022963818371653618,0.6624608847426771,0.6124878709767269,0.06335825165470861,0.008299675918668124,0.0032144813874001358,1.0,0.1667133300797538
1424,0.87,-0.030000000000000027,0.16649766405092567,0.023724043552041885,0.0232092992929411,0.6625241103346372,0.6125608278200404,0.06125654358478955,0.008151368457888249,0.003192657496568449,1.0,0.13360340456361086
1425,0.87,-0.030000000000000027,0.1664977582117001,0.023723923522663073,0.023116266157708096,0.6625240583591697,0.6125607678434453,0.05833556029134314,0.008073199824171264,0.003167905917180381,1.0,0.13626079227853694
1426,0.88,-0.020000000000000018,0.16679209217617547,0.023379691452857187,0.023126032112132912,0.7093459862121584,0.676777213471495,0.056439359840965986,0.00790159746006293,0.003179998692982287,1.0,0.15381710454564362
1427,0.88,-0.020000000000000018,0.16729766996022344,0.023362541113858784,0.02330419354965876,0.7090262193649418,0.6764217170849034,0.05785133951399707,0.007730161285834666,0.003183222014392375,1.0,0.1915309692819518
1428,0.88,-0.020000000000000018,0.1670621743994506,0.02354233885156285,0.02367447572518213,0.7091751292603583,0.6765872590174273,0.057470470082630135,0.007574784915200139,0.0031663197423588575,1.0,0.13749951722112186
1429,0.89,-0.010000000000000009,0.1673056977152577,0.023424824484157166,0.023980756970201564,0.7631285737747593,0.747555375041094,0.056451886922804215,0.007368445213573968,0.0031709650484330644,1.0,0.16802788819509346
1430,0.9,0.0,0.16781774376676334,0.023466814640052857,0.024098942316925075,0.8257371727775324,0.8257371727775324,0.057226672261544015,0.007132260549600122,0.0029340621425945645,1.0,0.19508668948200347
1431,0.91,0.010000000000000009,0.16794243056835975,0.023454031492862924,0.0242569995465993,0.7626625453207584,0.7470611653265954,0.06304040890964872,0.00711907173156151,0.002963222842040216,1.0,0.17170921645235965
1432,0.91,0.010000000000000009,0.16794008916399533,0.02345568337352379,0.024423119910143353,0.7626642579654693,0.7470629814455505,0.07273738817227368,0.007230818246465951,0.0030383509963730114,1.0,0.15127658856438297
1433,0.91,0.010000000000000009,0.16781480945624755,0.02359742204380189,0.02399273092536424,0.7627559063357184,0.7471601679919548,0.0700792482968216,0.007283629365548543,0.0030279211083572197,1.0,0.1349960463289252
1434,0.91,0.010000000000000009,0.1670544055633876,0.02356652260488073,0.02359470296157345,0.7633126527311955,0.7477505991969072,0.07923709798405745,0.007528493764348028,0.003105690901703535,1.0,0.13037267954630327
1435,0.92,0.020000000000000018,0.16680438124230462,0.023746676709305005,0.023537948205637274,0.7093382102275279,0.6767685679991202,0.0856561955550155,0.007942093254484963,0.003142446986305311,1.0,0.13738250152609222
1436,0.93,0.030000000000000027,0.16635232353583018,0.024014869270084328,0.023529730870123382,0.6626043460454761,0.612653417836883,0.08998636426646842,0.008464803037479698,0.0031300477816266783,1.0,0.1298077058044091
1437,0.93,0.030000000000000027,0.16594210819886684,0.024354660428688196,0.023496544811562423,0.6628309116448668,0.6129148989464004,0.0890189966949295,0.00891139404476783,0.003114465828210136,1.0,0.12560363081797055
1438,0.93,0.030000000000000027,0.165368546865354,0.024826253315995143,0.02356899873138498,0.6631479545916605,0.6132808751538528,0.09292293477810433,0.0094341526731951,0.003102162201725435,1.0,0.1167585259469871
1439,0.92,0.020000000000000018,0.16487291741251286,0.025172404513858576,0.023429637077270634,0.7105624521036479,0.6781300870146326,0.08457485015646464,0.009634040149520316,0.0031579304589540802,0.0,0.12287954720561073
1440,0.91,0.010000000000000009,0.16405164246499904,0.025598345342496318,0.023528043305063653,0.7655191563100646,0.7500913029950974,0.09164168978585141,0.009962352248408343,0.0032284308734588326,0.0,0.1102328227542857
1441,0.91,0.010000000000000009,0.1634669983494688,0.02554637238920717,0.02362615282580255,0.7659502515730948,0.750548748229845,0.08819193834188303,0.010169976363728855,0.003232739553410181,1.0,0.1368004138524599
1442,0.91,0.010000000000000009,0.16271617190509272,0.025206510193983327,0.02324612551569424,0.7665045963100665,0.7511370391333401,0.08690926242827798,0.010369542473269293,0.0032377369933246115,1.0,0.13703692951289637
1443,0.91,0.010000000000000009,0.16214251421375994,0.025587156335183818,0.02330149988848192,0.7669286761260349,0.7515871358312607,0.07906196488206074,0.010394967685596725,0.00329388070060836,1.0,0.11689458545607134
1444,0.92,0.020000000000000018,0.16156542857882655,0.025627442048884487,0.02339364899466248,0.7126687188917973,0.6804743541564872,0.07912732926160253,0.010378064282676493,0.0032881781135131617,1.0,0.13121207224684794
1445,0.92,0.020000000000000018,0.1609627891432333,0.025807178846680844,0.023240266197386783,0.7130538358181056,0.6809032369734824,0.08538600382936094,0.010470924269404595,0.003329282167569891,1.0,0.12346196690196509
1446,0.92,0.020000000000000018,0.16054772042990656,0.026138268620578033,0.023141500175967562,0.7133193277652585,0.6811989451291098,0.08440407988812276,0.010563215896720324,0.0033142030083609907,1.0,0.11928403685343936
1447,0.91,0.010000000000000009,0.1600895250023962,0.026286529951343892,0.022861204297424692,0.7684502127864721,0.753202357625775,0.08299475921102985,0.010579988566967248,0.003316001853665415,0.0,0.12892713160410219
1448,0.9,0.0,0.15927554655209897,0.025919891710564396,0.02244261346172251,0.8331272299932955,0.8331272299932955,0.08418597678940618,0.01058374314826185,0.0033041795288504478,0.0,0.1307412160518232
1449,0.89,-0.010000000000000009,0.15889982340556458,0.026049871522501242,0.02209119547341525,0.7693347052682795,0.7541415554496477,0.08446420464337615,0.010619638361543324,0.0032995906869106983,0.0,0.13131216924587097
1450,0.89,-0.010000000000000009,0.1581285383020448,0.02583678804627574,0.02184779584317397,0.7699092116078434,0.7547516910986903,0.08236806249055707,0.010596055905634708,0.003320215133409846,1.0,0.12711730758379874
1451,0.89,-0.010000000000000009,0.15779068569438937,0.025822371845128006,0.021898406625662576,0.7701611378643795,0.7550192650877963,0.08324106883327573,0.010575615340597536,0.003298265151618241,1.0,0.14216913211427773
1452,0.89,-0.010000000000000009,0.1574867077761563,0.02590375865484652,0.021518820030570453,0.7703879457539352,0.7552601730441414,0.07791170485832287,0.010522266009901743,0.003334131995542475,1.0,0.13551524399240905
1453,0.89,-0.010000000000000009,0.15704052464465015,0.02537168103891682,0.021820595628927106,0.7707210996653198,0.7556140597525062,0.07336871431185547,0.01044858905884578,0.0033653706062010103,1.0,0.16552768370108373
1454,0.89,-0.010000000000000009,0.15688955078784655,0.025099500056237973,0.021900410632581108,0.7708338933651283,0.755733878606529,0.07196451357432146,0.010341031289171432,0.003355877381483051,1.0,0.19491195569997444
1455,0.89,-0.010000000000000009,0.1563578416644215,0.02498659776178163,0.02247887192610155,0.7712314002541776,0.7561561668514124,0.0741029096293747,0.010274627497537124,0.003369074817143242,1.0,0.13535584240068255
1456,0.89,-0.010000000000000009,0.15581221064662265,0.024923809000680443,0.02226040767105944,0.7716397416255883,0.7565900029020136,0.07050220174997837,0.010174096862298984,0.0033966335850173844,1.0,0.13167520772253755
1457,0.89,-0.010000000000000009,0.15566805379632206,0.024935479691528303,0.022150417634127888,0.7717476984886333,0.7567047064385999,0.0728701348007968,0.010091841295075545,0.0033577155257440497,1.0,0.14651402854504947
1458,0.89,-0.010000000000000009,0.1551992761043911,0.024788692587207648,0.021949859984737433,0.772098967867792,0.7570779466761332,0.0716114297250586,0.010068590114864927,0.003367565228738807,1.0,0.13977977886074683
1459,0.89,-0.010000000000000009,0.15492433974668,0.024885446786223765,0.02176461143938514,0.7723051348486178,0.7572970220237909,0.07592566494546793,0.010071976173459564,0.003411065443320172,1.0,0.13257445530877243
1460,0.89,-0.010000000000000009,0.15460128201592416,0.024693912083465292,0.021858523971818634,0.772547527421878,0.7575546036133307,0.07380822086046646,0.010058217329038405,0.003404251059227008,1.0,0.15330724754615233
1461,0.89,-0.010000000000000009,0.153955336475729,0.024418424726326948,0.022065296831428865,0.7730326416197759,0.7580701571090696,0.06976507479307503,0.010000694468390782,0.0034421733902516316,1.0,0.13245391812868829
1462,0.89,-0.010000000000000009,0.15331580947717124,0.02410688406560497,0.021789270473328258,0.7735135359712548,0.7585812794857584,0.08322882307257708,0.010055898970720723,0.003490155645179435,1.0,0.13347858860847422
1463,0.89,-0.010000000000000009,0.1529631246741144,0.024131650232310602,0.021552801042069726,0.773778994475092,0.7588634469866244,0.07421460256371354,0.010070623356680668,0.0035401163663564715,1.0,0.13381152822682285
1464,0.89,-0.010000000000000009,0.15306897207709155,0.024121177621761622,0.021764867384587418,0.7736993062063008,0.7587787411208518,0.0780636687578368,0.010115363066983026,0.003473430748533541,1.0,0.15592133551727583
1465,0.89,-0.010000000000000009,0.15290583128253263,0.0242353646787692,0.022019564184519173,0.773822135221825,0.7589093047145843,0.07570307893061345,0.010068265758992752,0.0034335562248665645,1.0,0.12790727638246907
1466,0.89,-0.010000000000000009,0.152863585693665,0.024259015729872376,0.021748488153660088,0.7738539483636355,0.758943121705833,0.07895667311037184,0.010106280629397465,0.0034031875455118417,1.0,0.13719772101003797
1467,0.89,-0.010000000000000009,0.15239680889933904,0.024228591151833245,0.021636228714410448,0.7742056299476455,0.7593169705848926,0.07890641887706629,0.01015965381589136,0.0033966927290937335,1.0,0.130871572146817
1468,0.89,-0.010000000000000009,0.15251304184664272,0.024293106996357314,0.02202934633881031,0.7741180271857855,0.7592238433549081,0.07456624717650594,0.010176461703656135,0.0034291434022357802,1.0,0.17173271296085024
1469,0.89,-0.010000000000000009,0.15230847474263876,0.024330737226126775,0.02202011133335361,0.7742722191344644,0.7593877602498194,0.07420221890082777,0.010191573190821281,0.003407526548811121,1.0,0.13771021183164117
1470,0.89,-0.010000000000000009,0.15251560142156761,0.02416994470943061,0.021855163282329577,0.7741160983015267,0.7592217928498673,0.07729459988507496,0.010225182641213275,0.0033999887420985333,1.0,0.14394282345549775
1471,0.89,-0.010000000000000009,0.15237697807631753,0.024247733444270888,0.021946887834213044,0.7742205780759195,0.7593328615593773,0.0780088961178799,0.010265221008673154,0.0033916519860938497,1.0,0.1319302897128355
1472,0.89,-0.010000000000000009,0.1522662899189492,0.024316088581210125,0.021541220761678744,0.7743040234807348,0.7594215711902287,0.0815706754878387,0.010342891966043651,0.0034110505117405086,1.0,0.13179200539481578
1473,0.89,-0.010000000000000009,0.15194949160695762,0.024117082681911286,0.0215041245794067,0.774542950311318,0.7596755798037103,0.07286141435772127,0.010348144221877102,0.0034654686027844324,1.0,0.1514803144314084
1474,0.89,-0.010000000000000009,0.15172871772745983,0.024145247458631242,0.021625056915595738,0.7747095434622606,0.7598526966025628,0.07736706463854982,0.010380545140370321,0.0034877990388848244,1.0,0.13772192659926152
1475,0.89,-0.010000000000000009,0.15151166091059817,0.024153225596527546,0.021494901794646224,0.7748734016439031,0.7600269119050913,0.07573142474912843,0.010400816184108212,0.003495969474855509,1.0,0.13987971941230543
1476,0.89,-0.010000000000000009,0.15128609162952011,0.02402258057835743,0.021618780048947055,0.7750437594248814,0.7602080441946596,0.07100484755420139,0.010400476196411752,0.0035068281706113515,1.0,0.15407162277771175
1477,0.89,-0.010000000000000009,0.15105045057118377,0.023869006319051755,0.021439246943649733,0.7752218037801365,0.7603973563559919,0.07558625369116753,0.01041850824218761,0.003461199618144441,1.0,0.1549924012415121
1478,0.89,-0.010000000000000009,0.1508460022561446,0.023880213189792575,0.021045132342927906,0.7753763459852246,0.760561684922592,0.07850195854665018,0.010431056009210614,0.0034875540022876084,1.0,0.13941711968298987
1479,0.89,-0.010000000000000009,0.14994343828251191,0.023153628544159345,0.02071628043506281,0.776059329952239,0.7612879846863377,0.0722239409021999,0.010403710294852295,0.0034910273395203054,1.0,0.12419818085362155
1480,0.89,-0.010000000000000009,0.14931605103799878,0.023538450299257305,0.020497161722257302,0.7765347927813622,0.7617936655363164,0.07890734191384446,0.010442898804392475,0.0035477209989193547,1.0,0.10394057605756635
1481,0.89,-0.010000000000000009,0.14948677832340734,0.023421120701403453,0.020396356286737274,0.7764053501253995,0.7616559909929723,0.07733734151672944,0.010465187507491156,0.003548900394277655,1.0,0.1418016716859386
1482,0.88,-0.020000000000000018,0.14899852438025638,0.023443740404577994,0.020507276092945014,0.720786695671325,0.6895312200943836,0.0806861098528764,0.01051927747908503,0.003505903814127918,0.0,0.123744382574839
1483,0.87,-0.030000000000000027,0.14891853475590347,0.023400930285709737,0.020775745851025155,0.672371782192312,0.6239665095332629,0.08784132089311322,0.010623174249778235,0.003577178218314584,0.0,0.15749458615811096
1484,0.86,-0.040000000000000036,0.1486987055924714,0.023414812687096505,0.020719388672394472,0.6301213258000644,0.5647197354917454,0.08619366557573215,0.010692468335799331,0.0035259598318564656,0.0,0.13633893471685476
1485,0.86,-0.040000000000000036,0.14820702292385726,0.02316103482325503,0.02046433684264877,0.6303669253338833,0.565014055611704,0.08965652249213808,0.010855289536754976,0.003509298285894596,1.0,0.1358885963243434
1486,0.87,-0.030000000000000027,0.14804005400233078,0.02314023164809915,0.02042589626022077,0.6728715853097658,0.624547638452586,0.09264421583082108,0.011034691816077349,0.0035071570963043914,1.0,0.1426595014957721
1487,0.87,-0.030000000000000027,0.14764557977577206,0.023099856327863492,0.020112078830091962,0.6730962594255118,0.6248089417116436,0.09319754370141321,0.011181276968154873,0.0034435206693385866,1.0,0.13048549382435082
1488,0.87,-0.030000000000000027,0.1475157243398203,0.023253276756161203,0.020059807057838788,0.6731702518519271,0.6248950069571068,0.0956266237857876,0.011422658797456351,0.0034577628811367387,1.0,0.11370543963087193
1489,0.88,-0.020000000000000018,0.1474551573548147,0.023258141362722123,0.020244432307504705,0.7217964500906784,0.6906601617450865,0.10086307707525936,0.011762531245780819,0.0034986203621163426,1.0,0.1425892443720343
1490,0.88,-0.020000000000000018,0.14701703262568505,0.023443712813905834,0.020197402430904798,0.7220836108138267,0.6909813150641549,0.10417766932231645,0.012155730178595116,0.00349281885515665,1.0,0.11543937498386192
1491,0.88,-0.020000000000000018,0.14607993528144925,0.02353728795300555,0.020311111120811742,0.7226985815345158,0.6916692278848318,0.11349364577587884,0.012811725057529586,0.0035787138385923413,1.0,0.09734794064481173
1492,0.88,-0.020000000000000018,0.1453832255765838,0.02342880952004602,0.019954121119499013,0.7231564770441524,0.6921815631851578,0.11633874813634022,0.013503422903392475,0.003602879199548163,1.0,0.11455243054358677
1493,0.88,-0.020000000000000018,0.145022787032189,0.023909231885793168,0.019976833023184093,0.7233935943261309,0.6924469147647662,0.10640262984513202,0.013874767499258762,0.0036448897197373666,1.0,0.09563304656191118
1494,0.88,-0.020000000000000018,0.1446939404146681,0.024086726557045985,0.019969001782111674,0.7236100643067681,0.6926891861986485,0.1050548474646277,0.014217256189980255,0.0036385163766014454,1.0,0.1154631447661579
1495,0.88,-0.020000000000000018,0.14457072450073336,0.024204355506806812,0.01961417363837062,0.723691207059909,0.6927800068253557,0.10710888613402167,0.014583213664219814,0.0036428332786113773,1.0,0.11542082405435444
1496,0.88,-0.020000000000000018,0.14408566440577583,0.024317687581273728,0.019518339422824625,0.724010816015092,0.6931377689784313,0.10770542229731264,0.014937074800160693,0.0035811993461017286,1.0,0.11440671289424481
1497,0.88,-0.020000000000000018,0.14348895725428956,0.024322797019742902,0.019006783619330964,0.7244043773317387,0.6935783850106845,0.10817469417856077,0.015235238782807112,0.003551837298120458,1.0,0.11374370574053438
1498,0.88,-0.020000000000000018,0.14346295303524056,0.024347020814550802,0.01853070912669017,0.7244215382798289,0.6935975995902237,0.10480975552198576,0.015474855775119629,0.003582615080063343,1.0,0.11950696728468435
1499,0.88,-0.020000000000000018,0.14289529519394714,0.024266683457123454,0.01852823543561764,0.7247963550706765,0.6940173087649506,0.10225959869306915,0.015653598313057803,0.003600633105832014,1.0,0.11823624137582245
