t,cov_w,gap_w,width_mean_w,width_std_w,width_step_mean_w,ces_w,rcs_w,control_state,control_std_w,control_step_mean_w,covered_t,width_t
1,nan,nan,nan,nan,nan,nan,nan,0.1,nan,nan,1.0,0.2199979676565147
2,nan,nan,nan,0.0,0.0,nan,nan,0.1,0.0,0.0,0.0,0.2199979676565147
3,nan,nan,nan,0.0004563070060868479,0.0004839866674604121,nan,nan,0.1,1.3877787807814457e-17,0.0,1.0,0.21902999432159387
4,nan,nan,nan,0.002310150580800868,0.0018596956011589505,nan,nan,0.1,0.0,0.0,1.0,0.21441888085303784
5,nan,nan,nan,0.0036179387082998396,0.0022653511819940575,nan,nan,0.1,0.0,0.0,1.0,0.21093656292853846
6,nan,nan,nan,0.00484282702553581,0.0025251229267935216,nan,nan,0.1,1.3877787807814457e-17,0.0,1.0,0.20737235302254708
7,nan,nan,nan,0.005565704906401448,0.00235491855787077,nan,nan,0.1,1.3877787807814457e-17,0.0,1.0,0.20586845630929007
8,nan,nan,nan,0.005769825749152147,0.002098089148715898,nan,nan,0.1,0.0,0.0,1.0,0.20642556900307674
9,nan,nan,nan,0.005819674305003985,0.0018358280051264109,nan,nan,0.1,0.0,0.0,1.0,0.20642556900307674
10,nan,nan,nan,0.005793183713129908,0.0016318471156679208,nan,nan,0.1,0.0,0.0,1.0,0.20642556900307674
11,nan,nan,nan,0.005787165624585344,0.0015428451528956666,nan,nan,0.1,0.0,0.0,1.0,0.20568374151513136
12,nan,nan,nan,0.005742624164512363,0.0014025865026324241,nan,nan,0.1,1.3877787807814457e-17,0.0,1.0,0.20568374151513136
13,nan,nan,nan,0.00567624620677202,0.001285704294079722,nan,nan,0.1,1.3877787807814457e-17,0.0,1.0,0.20568374151513136
14,nan,nan,nan,0.005611543858359037,0.0012057885016241337,nan,nan,0.1,1.3877787807814457e-17,0.0,1.0,0.2054369425229743
15,nan,nan,nan,0.005471005576593998,0.0012316967049198174,nan,nan,0.1,2.7755575615628914e-17,0.0,0.0,0.207005445870738
16,nan,nan,nan,0.005319624757781181,0.0011990387571215362,nan,nan,0.1,0.0,0.0,1.0,0.2077472733586836
17,nan,nan,nan,0.005160942720479292,0.001252407692266505,nan,nan,0.1,0.0,0.0,1.0,0.20980021507812463
18,nan,nan,nan,0.005022199896839106,0.0012359431345517822,nan,nan,0.1,1.3877787807814457e-17,0.0,1.0,0.21077272528924085
19,nan,nan,nan,0.004898978950148031,0.0011886520220610011,nan,nan,0.1,1.3877787807814457e-17,0.0,1.0,0.21115742839895857
20,nan,nan,nan,0.004777377460534946,0.001161554898127672,nan,nan,0.1,1.3877787807814457e-17,0.0,1.0,0.21048362173163082
21,nan,nan,nan,0.004662519903054963,0.0011248436302339292,nan,nan,0.1,1.3877787807814457e-17,0.0,1.0,0.210056292191378
22,nan,nan,nan,0.004555567125552218,0.0010712796478418375,nan,nan,0.1,2.7755575615628914e-17,0.0,1.0,0.210056292191378
23,nan,nan,nan,0.004575268109501251,0.001264316299734992,nan,nan,0.1,2.7755575615628914e-17,0.0,1.0,0.20473820620188676
24,nan,nan,nan,0.004583835571982738,0.0012093460258334706,nan,nan,0.1,1.3877787807814457e-17,0.0,1.0,0.20473820620188676
25,nan,nan,nan,0.0045837461576962715,0.0011589566080904095,nan,nan,0.1,1.3877787807814457e-17,0.0,1.0,0.20473820620188676
26,nan,nan,nan,0.004890821558374057,0.0013340787133346676,nan,nan,0.1,1.3877787807814457e-17,0.0,1.0,0.1992011969626899
27,nan,nan,nan,0.005497669413911373,0.0014580836510184132,nan,nan,0.1,1.3877787807814457e-17,0.0,1.0,0.19464298986957784
28,nan,nan,nan,0.005777240961056386,0.0014999309247595992,nan,nan,0.1,1.3877787807814457e-17,0.0,1.0,0.19723094991160828
29,nan,nan,nan,0.00600245764031051,0.0014463619631610422,nan,nan,0.1,2.7755575615628914e-17,0.0,1.0,0.19723094991160828
30,nan,nan,nan,0.006185505358278963,0.001396487412707213,nan,nan,0.1,2.7755575615628914e-17,0.0,1.0,0.19723094991160828
31,nan,nan,nan,0.006335080647233869,0.0013499378322836394,nan,nan,0.1,2.7755575615628914e-17,0.0,1.0,0.19723094991160828
32,nan,nan,nan,0.0064576196120633336,0.0013063914505970704,nan,nan,0.1,0.0,0.0,1.0,0.19723094991160828
33,nan,nan,nan,0.006558019139867048,0.001265566717765912,nan,nan,0.1,0.0,0.0,1.0,0.19723094991160828
34,nan,nan,nan,0.006582663103819891,0.0012759782930925375,nan,nan,0.1,0.0,0.0,1.0,0.19884009861515284
35,nan,nan,nan,0.006599135862009316,0.0012384495197662864,nan,nan,0.1,1.3877787807814457e-17,0.0,1.0,0.19884009861515284
36,nan,nan,nan,0.006608711943085583,0.001203065247772964,nan,nan,0.1,1.3877787807814457e-17,0.0,1.0,0.19884009861515284
37,nan,nan,nan,0.006612446087858505,0.0011696467686681594,nan,nan,0.1,1.3877787807814457e-17,0.0,1.0,0.19884009861515284
38,nan,nan,nan,0.00661121719186765,0.0011380346938392903,nan,nan,0.1,1.3877787807814457e-17,0.0,1.0,0.19884009861515284
39,nan,nan,nan,0.006568675552050391,0.0011539832437341456,nan,nan,0.1,1.3877787807814457e-17,0.0,1.0,0.20058417820499663
40,nan,nan,nan,0.006612807415708169,0.0012177351091753558,nan,nan,0.1,0.0,0.0,1.0,0.1969438722090553
41,nan,nan,nan,0.006638400566335285,0.0011963191901344038,nan,nan,0.1,1.3877787807814457e-17,0.0,1.0,0.19730497055659257
42,nan,nan,nan,0.006716194608162216,0.001215431629612966,nan,nan,0.1,2.7755575615628914e-17,0.0,1.0,0.19532504134783713
43,nan,nan,nan,0.0069181365644757405,0.001274237508972307,nan,nan,0.1,2.7755575615628914e-17,0.0,1.0,0.19163976278513184
44,nan,nan,nan,0.0070936520229710675,0.0012446040785310906,nan,nan,0.1,4.163336342344337e-17,0.0,1.0,0.19163976278513184
45,nan,nan,nan,0.00724677449270098,0.0012163176222008383,nan,nan,0.1,4.163336342344337e-17,0.0,1.0,0.19163976278513184
46,nan,nan,nan,0.0073807285179147385,0.0011892883417074865,nan,nan,0.1,5.551115123125783e-17,0.0,1.0,0.19163976278513184
47,nan,nan,nan,0.007498135419721472,0.001163434247322541,nan,nan,0.1,5.551115123125783e-17,0.0,1.0,0.19163976278513184
48,nan,nan,nan,0.007532408164853642,0.0011912192851683864,nan,nan,0.1,1.3877787807814457e-17,0.0,1.0,0.1941090938112091
49,nan,nan,nan,0.007560678249422022,0.0011664022167273784,nan,nan,0.1,1.3877787807814457e-17,0.0,1.0,0.1941090938112091
50,nan,nan,nan,0.007535724358996538,0.0011929534611231022,nan,nan,0.1,2.7755575615628914e-17,0.0,1.0,0.19657650700332696
51,nan,nan,nan,0.007509708973935127,0.0011690943919006403,nan,nan,0.1,2.7755575615628914e-17,0.0,1.0,0.19657650700332696
52,nan,nan,nan,0.007452912714720682,0.001194816543618002,nan,nan,0.1,4.163336342344337e-17,0.0,1.0,0.19905743113281305
53,nan,nan,nan,0.007397260692600134,0.0011718393023945788,nan,nan,0.1,4.163336342344337e-17,0.0,1.0,0.19905743113281305
54,nan,nan,nan,0.007342722747809332,0.0011497291268777,nan,nan,0.1,4.163336342344337e-17,0.0,1.0,0.19905743113281305
55,nan,nan,nan,0.007295550137530826,0.0011413488750825155,nan,nan,0.1,5.551115123125783e-17,0.0,1.0,0.1983602356028753
56,nan,nan,nan,0.007249830402954556,0.0011220265051075378,nan,nan,0.1,1.3877787807814457e-17,0.0,1.0,0.19828161707641656
57,nan,nan,nan,0.007209577279296804,0.0011105557178442851,nan,nan,0.1,1.3877787807814457e-17,0.0,1.0,0.19780195465805117
58,nan,nan,nan,0.007187265077834685,0.0011167070916507167,nan,nan,0.1,2.7755575615628914e-17,0.0,1.0,0.1963407706332403
59,nan,nan,nan,0.007175802485662019,0.0011113718222598395,nan,nan,0.1,2.7755575615628914e-17,0.0,1.0,0.19553350916626044
60,nan,nan,nan,0.00716307821518493,0.0010925350117130628,nan,nan,0.1,4.163336342344337e-17,0.0,1.0,0.19553350916626044
61,nan,nan,nan,0.00713845591948191,0.0010877804526341758,nan,nan,0.1,4.163336342344337e-17,0.0,1.0,0.1963407706332403
62,nan,nan,nan,0.007113455953364901,0.00106994798619755,nan,nan,0.1,4.163336342344337e-17,0.0,1.0,0.1963407706332403
63,nan,nan,nan,0.007215416754726135,0.001160915879009092,nan,nan,0.1,5.551115123125783e-17,0.0,1.0,0.18963081329272713
64,nan,nan,nan,0.007308072013585042,0.0011424886428343444,nan,nan,0.1,1.3877787807814457e-17,0.0,1.0,0.18963081329272713
65,nan,nan,nan,0.007392345730381729,0.001124637257790058,nan,nan,0.1,1.3877787807814457e-17,0.0,1.0,0.18963081329272713
66,nan,nan,nan,0.007480812365677321,0.001115064713700454,nan,nan,0.1,2.7755575615628914e-17,0.0,1.0,0.18912839140076132
67,nan,nan,nan,0.007561482475723489,0.0010981697937959018,nan,nan,0.1,2.7755575615628914e-17,0.0,1.0,0.18912839140076132
68,nan,nan,nan,0.007624516516375768,0.0010890708131919024,nan,nan,0.1,2.7755575615628914e-17,0.0,1.0,0.18961692949408926
69,nan,nan,nan,0.007698947175342015,0.0010849265581005518,nan,nan,0.1,4.163336342344337e-17,0.0,1.0,0.1888096680271092
70,nan,nan,nan,0.007875584417144638,0.0011325637587935042,nan,nan,0.1,4.163336342344337e-17,0.0,1.0,0.18443777462119493
71,nan,nan,nan,0.008086273007610579,0.0011408272898524878,nan,nan,0.1,4.163336342344337e-17,0.0,1.0,0.18272676368827256
72,nan,nan,nan,0.008278969031127377,0.0011247592998545656,nan,nan,0.1,1.3877787807814457e-17,0.0,1.0,0.18272676368827256
73,nan,nan,nan,0.008455689977157628,0.001109137642912141,nan,nan,0.1,1.3877787807814457e-17,0.0,1.0,0.18272676368827256
74,nan,nan,nan,0.00861813477318795,0.0010939439765708788,nan,nan,0.1,2.7755575615628914e-17,0.0,1.0,0.18272676368827256
75,nan,nan,nan,0.008824677046596582,0.0011083798789933528,nan,nan,0.1,2.7755575615628914e-17,0.0,1.0,0.1805645629324386
76,nan,nan,nan,0.009014628016744578,0.0010936014806067747,nan,nan,0.1,2.7755575615628914e-17,0.0,1.0,0.1805645629324386
77,nan,nan,nan,0.009189720053412218,0.001079211987440896,nan,nan,0.1,4.163336342344337e-17,0.0,1.0,0.1805645629324386
78,nan,nan,nan,0.009311745715475545,0.0010874171685510451,nan,nan,0.1,4.163336342344337e-17,0.0,1.0,0.18227557386536097
79,nan,nan,nan,0.009414210293111056,0.0010799172291076446,nan,nan,0.1,4.163336342344337e-17,0.0,1.0,0.18277799575732678
80,nan,nan,nan,0.009434197661752863,0.0011215878136241841,nan,nan,0.1,1.3877787807814457e-17,0.0,1.0,0.18714988916324105
81,nan,nan,nan,0.009415694043546566,0.0011449020128756538,nan,nan,0.1,1.3877787807814457e-17,0.0,1.0,0.1901366129169828
82,nan,nan,nan,0.009396645147547518,0.0011307674201241024,nan,nan,0.1,1.3877787807814457e-17,0.0,1.0,0.1901366129169828
83,nan,nan,nan,0.00936885895817075,0.0011279681436602322,nan,nan,0.1,1.3877787807814457e-17,0.0,1.0,0.19103783966706955
84,nan,nan,nan,0.0093587326826666,0.0011367639470956092,nan,nan,0.1,2.7755575615628914e-17,0.0,1.0,0.18917981983827303
85,nan,nan,nan,0.009347770361258763,0.0011232310429635187,nan,nan,0.1,2.7755575615628914e-17,0.0,1.0,0.18917981983827303
86,nan,nan,nan,0.00933603459180306,0.0011100165601051243,nan,nan,0.1,2.7755575615628914e-17,0.0,1.0,0.18917981983827303
87,nan,nan,nan,0.009323583395297826,0.0010971093908015764,nan,nan,0.1,2.7755575615628914e-17,0.0,0.0,0.18917981983827303
88,nan,nan,nan,0.009299375788359479,0.0010985363348542782,nan,nan,0.1,1.3877787807814457e-17,0.0,1.0,0.19040107336165968
89,nan,nan,nan,0.009275007889523425,0.0010860529674127524,nan,nan,0.1,2.7755575615628914e-17,0.0,1.0,0.19040107336165968
90,nan,nan,nan,0.009261186256947789,0.0010875720747832455,nan,nan,0.1,2.7755575615628914e-17,0.0,1.0,0.18917981983827303
91,nan,nan,nan,0.009246826127956949,0.0010754879406189874,nan,nan,0.1,2.7755575615628914e-17,0.0,1.0,0.18917981983827303
92,nan,nan,nan,0.009231968469555306,0.0010636693918209764,nan,nan,0.1,2.7755575615628914e-17,0.0,1.0,0.18917981983827303
93,nan,nan,nan,0.009243538009637989,0.0010802418082073934,nan,nan,0.1,4.163336342344337e-17,0.0,1.0,0.1865914881389017
94,nan,nan,nan,0.009286522734291465,0.0010958572526150625,nan,nan,0.1,4.163336342344337e-17,0.0,1.0,0.18405901000078106
95,nan,nan,nan,0.009303168292882415,0.0011031732574440824,nan,nan,0.1,4.163336342344337e-17,0.0,1.0,0.185842571707324
96,nan,nan,nan,0.009318091805757527,0.0010915609073657237,nan,nan,0.1,1.3877787807814457e-17,0.0,1.0,0.185842571707324
97,nan,nan,nan,0.009331394963220926,0.0010801904812473308,nan,nan,0.1,1.3877787807814457e-17,0.0,1.0,0.185842571707324
98,nan,nan,nan,0.009343172527759704,0.0010690544969045748,nan,nan,0.1,1.3877787807814457e-17,0.0,1.0,0.185842571707324
99,nan,nan,nan,0.009353512901874597,0.0010581457775484056,nan,nan,0.1,1.3877787807814457e-17,0.0,1.0,0.185842571707324
100,0.96,0.05999999999999994,0.19600440534394664,0.009362498640334805,0.001047457436361048,0.5415694595052082,0.4402873210091704,0.1,2.7755575615628914e-17,0.0,0.0,0.185842571707324
101,0.96,0.05999999999999994,0.1956635745080052,0.00909952137224736,0.0010481878641897496,0.5416951993945351,0.4404387685862382,0.1,2.7755575615628914e-17,0.0,1.0,0.18591488406236545
102,0.97,0.06999999999999995,0.19533023283637949,0.008807866084241054,0.001045975168196387,0.5139703805270287,0.39865959370955706,0.1,2.7755575615628914e-17,0.0,1.0,0.18666380049394338
103,0.97,0.06999999999999995,0.19499461797096646,0.008533558278133206,0.0010114719282478552,0.5140818963856973,0.39879471506156605,0.1,2.7755575615628914e-17,0.0,1.0,0.185468507780292
104,0.97,0.06999999999999995,0.19470866448398502,0.008355113150336092,0.0009798831045114821,0.5141769492814621,0.39890991461638026,0.1,2.7755575615628914e-17,0.0,1.0,0.18582353215489045
105,0.97,0.06999999999999995,0.19445398393250257,0.008243992458235046,0.0009474670890428666,0.5142616364385612,0.39901257156955156,0.1,2.7755575615628914e-17,0.0,1.0,0.185468507780292
106,0.96,0.05999999999999994,0.19421711224720042,0.008209636488328774,0.0009502895796964707,0.5422294810491047,0.44108266256707573,0.1,2.7755575615628914e-17,0.0,0.0,0.18368518449232818
107,0.96,0.05999999999999994,0.1940166630056564,0.008167308923702588,0.0009662616500881435,0.5423036044055256,0.441172041284353,0.1,2.7755575615628914e-17,0.0,1.0,0.18582353215489045
108,0.96,0.05999999999999994,0.1938106426371745,0.008111347305707733,0.0009662616500881435,0.5423798090087597,0.4412639418771227,0.1,2.7755575615628914e-17,0.0,1.0,0.18582353215489045
109,0.96,0.05999999999999994,0.19361286308767003,0.008042174113787211,0.0009745857096612307,0.5424529855777235,0.44135220247250995,0.1,2.7755575615628914e-17,0.0,1.0,0.1866476140526261
110,0.96,0.05999999999999994,0.19343097634187426,0.007955553893363247,0.0009831458397918421,0.5425202993906285,0.4414334019573456,0.1,2.7755575615628914e-17,0.0,1.0,0.188236894423502
111,0.96,0.05999999999999994,0.19325650787095794,0.007875841594947239,0.0009831458397918421,0.542584883500676,0.4415113177904196,0.1,2.7755575615628914e-17,0.0,1.0,0.188236894423502
112,0.96,0.05999999999999994,0.19308913105436012,0.007787316873638184,0.0009903091269822827,0.5426468569012728,0.44158609241864377,0.1,2.7755575615628914e-17,0.0,1.0,0.18894605985535562
113,0.96,0.05999999999999994,0.19294534051095574,0.0076855207138546355,0.0010116407262467154,0.5427001084897365,0.4416503502437439,0.1,2.7755575615628914e-17,0.0,1.0,0.1913046871746915
114,0.96,0.05999999999999994,0.19280401795747296,0.007583783541504668,0.000995797258087486,0.542752456264326,0.4417135233863396,0.1,2.7755575615628914e-17,0.0,1.0,0.1913046871746915
115,0.97,0.06999999999999995,0.19263985530974437,0.007451112192476863,0.0009955313852477597,0.5148656840784372,0.39974534421400104,0.1,2.7755575615628914e-17,0.0,1.0,0.1905891810978788
116,0.97,0.06999999999999995,0.19243614758991925,0.007312473194139427,0.0010072459105231995,0.5149336009555111,0.3998277950498999,0.1,2.7755575615628914e-17,0.0,1.0,0.18737650137616924
117,0.97,0.06999999999999995,0.19219601764919086,0.0071303278800137525,0.001013475912136934,0.5150136841439514,0.3999250314926468,0.1,2.7755575615628914e-17,0.0,1.0,0.18578722100529332
118,0.97,0.06999999999999995,0.19192257633315804,0.006934301845554429,0.0010334145405169154,0.51510490699325,0.4000358144047316,0.1,2.7755575615628914e-17,0.0,1.0,0.18342859368595743
119,0.97,0.06999999999999995,0.19163450920127617,0.006724430780840844,0.001037496073929658,0.5152010441274854,0.40015258927508834,0.1,2.7755575615628914e-17,0.0,1.0,0.18235071521076818
120,0.97,0.06999999999999995,0.19135318013606753,0.006515199241784617,0.0010331796139271042,0.5152949671976293,0.40026669853084934,0.1,2.7755575615628914e-17,0.0,1.0,0.18235071521076818
121,0.97,0.06999999999999995,0.19107612436626142,0.006299479423122633,0.0010331796139271042,0.5153874970821742,0.40037913812712606,0.1,2.7755575615628914e-17,0.0,1.0,0.18235071521076818
122,0.97,0.06999999999999995,0.19079906859645532,0.006063459494824252,0.0009794615736292128,0.5154800602032837,0.4004916409123482,0.1,2.7755575615628914e-17,0.0,1.0,0.18235071521076818
123,0.97,0.06999999999999995,0.19055765745807846,0.005983733727886359,0.0009971749357157245,0.5155607417204385,0.40058972120217085,0.1,2.7755575615628914e-17,0.0,1.0,0.18059709236420352
124,0.97,0.06999999999999995,0.1903009486684108,0.005920183036285666,0.0010126271087368287,0.5156465635460304,0.40069406932343465,0.1,2.7755575615628914e-17,0.0,1.0,0.1790673272351142
125,0.97,0.06999999999999995,0.19004423987874305,0.0058446784543393845,0.0009566977224823149,0.5157324139487091,0.4007984718213682,0.1,2.7755575615628914e-17,0.0,1.0,0.1790673272351142
126,0.97,0.06999999999999995,0.18984290118146727,0.005872491502342467,0.0009106552265922941,0.5157997670915454,0.4008803935874891,0.1,2.7755575615628914e-17,0.0,1.0,0.1790673272351142
127,0.97,0.06999999999999995,0.18968714455512267,0.005949169500277345,0.0008845142160667341,0.5158518838908736,0.40094379165504307,0.1,2.7755575615628914e-17,0.0,1.0,0.1790673272351142
128,0.97,0.06999999999999995,0.18950343659011462,0.005996833873507663,0.0008866068809587557,0.5159133668595923,0.40101859261426354,0.1,2.7755575615628914e-17,0.0,1.0,0.17886015341080408
129,0.97,0.06999999999999995,0.18933502627639748,0.006013906547649463,0.0009020590539798598,0.515969742922323,0.4010871893047711,0.1,2.7755575615628914e-17,0.0,1.0,0.1803899185398934
130,0.97,0.06999999999999995,0.18917766095200278,0.006011123312844526,0.0009132156088510042,0.5160224327647636,0.4011513083762165,0.1,2.7755575615628914e-17,0.0,1.0,0.18149441747213668
131,0.97,0.06999999999999995,0.18902029562760808,0.00600421579475131,0.0009132156088510042,0.5160751333694749,0.4012154479514964,0.1,2.7755575615628914e-17,0.0,1.0,0.18149441747213668
132,0.97,0.06999999999999995,0.1888629303032134,0.00599316973287221,0.0009132156088510042,0.5161278447397546,0.40127960804044716,0.1,2.7755575615628914e-17,0.0,1.0,0.18149441747213668
133,0.97,0.06999999999999995,0.18870556497881863,0.005977962185682199,0.0008969615815424733,0.516180566878902,0.40134378865291204,0.1,2.7755575615628914e-17,0.0,1.0,0.18149441747213668
134,0.97,0.06999999999999995,0.18853210816738852,0.005932863001231879,0.0008969615815424733,0.5162386926333685,0.4014145558835516,0.1,2.7755575615628914e-17,0.0,1.0,0.18149441747213668
135,0.97,0.06999999999999995,0.18835865135595836,0.005882305700867895,0.0008969615815424733,0.5162968314800901,0.40148534807475766,0.1,2.7755575615628914e-17,0.0,1.0,0.18149441747213668
136,0.97,0.06999999999999995,0.1881851945445282,0.005826148195392621,0.0008969615815424733,0.5163549834234906,0.40155616523973814,0.1,2.7755575615628914e-17,0.0,1.0,0.18149441747213668
137,0.97,0.06999999999999995,0.188011737733098,0.005764226808517116,0.0008969615815424733,0.516413148467996,0.4016270073917109,0.1,2.7755575615628914e-17,0.0,1.0,0.18149441747213668
138,0.97,0.06999999999999995,0.18783828092166785,0.005696353577027598,0.0008793446159884956,0.5164713266180341,0.4016978745439025,0.1,2.7755575615628914e-17,0.0,1.0,0.18149441747213668
139,0.97,0.06999999999999995,0.18764738331433925,0.005584789095133551,0.0008425738483527244,0.5165353696386505,0.4017758961842021,0.1,2.7755575615628914e-17,0.0,1.0,0.18149441747213668
140,0.97,0.06999999999999995,0.18751207435630568,0.005521468616589432,0.0008583057734640983,0.5165807731974246,0.4018312165801176,0.1,2.7755575615628914e-17,0.0,1.0,0.18341297640569998
141,0.97,0.06999999999999995,0.18737315441479674,0.005447598995339491,0.0008383064885271746,0.5166273967438041,0.40188802916029326,0.1,2.7755575615628914e-17,0.0,1.0,0.18341297640569998
142,0.97,0.06999999999999995,0.18723873611408448,0.005415471930783506,0.0008165336255613567,0.5166725174862502,0.40194301604777655,0.1,2.7755575615628914e-17,0.0,1.0,0.18188321127661067
143,0.97,0.06999999999999995,0.18713811659247445,0.0054262309535634485,0.0008196184806368838,0.5167062980121572,0.401984186618113,0.1,2.7755575615628914e-17,0.0,1.0,0.18157781062413347
144,0.97,0.06999999999999995,0.18703749707086448,0.005435106246749744,0.0008196184806368838,0.516740082955557,0.4020253656234237,0.1,2.7755575615628914e-17,0.0,1.0,0.18157781062413347
145,0.97,0.06999999999999995,0.18693687754925453,0.0054421070266256295,0.0008196184806368838,0.5167738723173161,0.4020665530663012,0.1,2.7755575615628914e-17,0.0,1.0,0.18157781062413347
146,0.97,0.06999999999999995,0.18683625802764453,0.005447240520555335,0.0008196184806368838,0.5168076660983013,0.40210774894933893,0.1,2.7755575615628914e-17,0.0,1.0,0.18157781062413347
147,0.97,0.06999999999999995,0.18673563850603458,0.005450512004578453,0.0007946757429997398,0.5168414642993796,0.4021489532751316,0.1,2.7755575615628914e-17,0.0,1.0,0.18157781062413347
148,0.97,0.06999999999999995,0.1866103256741638,0.005423534941294419,0.0007946757429997398,0.5168835631904717,0.40220028147536463,0.1,2.7755575615628914e-17,0.0,1.0,0.18157781062413347
149,0.97,0.06999999999999995,0.18648501284229305,0.005393512287477071,0.0007697523774227918,0.5169256689403828,0.4022516227797991,0.1,2.7755575615628914e-17,0.0,1.0,0.18157781062413347
150,0.97,0.06999999999999995,0.18639352564232203,0.005298312049570851,0.0008288430479490146,0.5169564134382111,0.40228911382950905,0.1,2.7755575615628914e-17,0.0,1.0,0.18742778700622953
151,0.97,0.06999999999999995,0.18633122206882483,0.005214166291087901,0.0008332616188368173,0.5169773528001944,0.4023146495586678,0.1,2.7755575615628914e-17,0.0,1.0,0.19034614965360808
152,0.97,0.06999999999999995,0.18624410925403279,0.005071644105447814,0.0008332616188368173,0.5170066330462603,0.40235035903374383,0.1,2.7755575615628914e-17,0.0,1.0,0.19034614965360808
153,0.96,0.05999999999999994,0.18614169878794987,0.004912783310277331,0.0008487137918579213,0.5452317811321609,0.44471232007224476,0.1,2.7755575615628914e-17,0.0,0.0,0.18881638452451877
154,0.96,0.05999999999999994,0.18607090906631618,0.004775242919807577,0.0008736115586760261,0.5452582465436939,0.4447444020835124,0.1,2.7755575615628914e-17,0.0,1.0,0.19197845896944887
155,0.96,0.05999999999999994,0.18600709129998194,0.004651622107096703,0.0008728174321461397,0.5452821076255919,0.4447733283615966,0.1,2.7755575615628914e-17,0.0,1.0,0.19197845896944887
156,0.96,0.05999999999999994,0.18591087745553797,0.004493560156744536,0.000901489794965004,0.5453180853556259,0.4448169457199163,0.1,2.7755575615628914e-17,0.0,1.0,0.18866023263201592
157,0.96,0.05999999999999994,0.18581946023527762,0.004341121760861452,0.0008867303603709547,0.5453522738584597,0.4448583965143296,0.1,2.7755575615628914e-17,0.0,1.0,0.18866023263201592
158,0.96,0.05999999999999994,0.18573655455829122,0.004216781615918849,0.0008847381202743712,0.5453832828942222,0.4448959946481179,0.1,2.7755575615628914e-17,0.0,1.0,0.18805020293459784
159,0.96,0.05999999999999994,0.1856033060531186,0.004114383226169213,0.0009437436181087362,0.5454331289411734,0.4449564368206515,0.1,2.7755575615628914e-17,0.0,1.0,0.1822086586489957
160,0.96,0.05999999999999994,0.18547005754794593,0.0040049395924223975,0.0009355894618766165,0.5454829841004518,0.44501689541838413,0.1,2.7755575615628914e-17,0.0,1.0,0.1822086586489957
161,0.96,0.05999999999999994,0.18532873642810346,0.0038657745249809626,0.0009355894618766165,0.5455358696024238,0.44508103474407806,0.1,2.7755575615628914e-17,0.0,1.0,0.1822086586489957
162,0.96,0.05999999999999994,0.18518741530826105,0.0037160383339255336,0.0008678121150027462,0.5455887653600687,0.44514519256096263,0.1,2.7755575615628914e-17,0.0,1.0,0.1822086586489957
163,0.96,0.05999999999999994,0.1851099943563078,0.0037032854429287733,0.0008710438377460763,0.545617747967636,0.44518034843587384,0.1,2.7755575615628914e-17,0.0,1.0,0.18188871809740603
164,0.96,0.05999999999999994,0.18504557270054295,0.0036800422025610974,0.0008841744399565372,0.5456418666234168,0.4452096057277871,0.1,2.7755575615628914e-17,0.0,1.0,0.18318864771624166
165,0.96,0.05999999999999994,0.1849811510447781,0.003655516085861247,0.0008790994713508219,0.5456659874115891,0.4452388668655368,0.1,2.7755575615628914e-17,0.0,1.0,0.18318864771624166
166,0.96,0.05999999999999994,0.18492175360793295,0.0036358498944004474,0.0008790994713508219,0.5456882289188957,0.445265849347253,0.1,2.7755575615628914e-17,0.0,1.0,0.18318864771624166
167,0.96,0.05999999999999994,0.18486235617108776,0.003615100959064018,0.0008741647431353882,0.5457104722394169,0.445292835099566,0.1,2.7755575615628914e-17,0.0,1.0,0.18318864771624166
168,0.96,0.05999999999999994,0.18479799217178303,0.003587065367728455,0.0008660925884448682,0.5457345774995573,0.4453220809792873,0.1,2.7755575615628914e-17,0.0,1.0,0.18318052956362307
169,0.96,0.05999999999999994,0.18474170078714816,0.003567785819465436,0.0008219320489911888,0.5457556611930514,0.4453476619528501,0.1,2.7755575615628914e-17,0.0,1.0,0.18318052956362307
170,0.96,0.05999999999999994,0.18478714170755617,0.003592477854023558,0.000863248474904813,0.5457386413670426,0.44532701161956023,0.1,2.7755575615628914e-17,0.0,1.0,0.18898186666199424
171,0.96,0.05999999999999994,0.18484969273729335,0.0036104695122572217,0.000863248474904813,0.5457152147125176,0.44529858883967405,0.1,2.7755575615628914e-17,0.0,1.0,0.18898186666199424
172,0.96,0.05999999999999994,0.18489799241567403,0.0036140516809516844,0.0008776437793053226,0.5456971268599227,0.4452766442631366,0.1,2.7755575615628914e-17,0.0,1.0,0.18755673152634378
173,0.96,0.05999999999999994,0.1849462920940548,0.00361698538680724,0.0008776437793053226,0.5456790402063398,0.4452547018493759,0.1,2.7755575615628914e-17,0.0,1.0,0.18755673152634378
174,0.96,0.05999999999999994,0.18498911780106864,0.0036158052517924026,0.0008613326316371845,0.5456630043792077,0.445235248054796,0.1,2.7755575615628914e-17,0.0,1.0,0.1870093343896555
175,0.96,0.05999999999999994,0.18505356551564084,0.003593736217889229,0.0008613326316371845,0.5456388740983413,0.4452059755574138,0.1,2.7755575615628914e-17,0.0,1.0,0.1870093343896555
176,0.96,0.05999999999999994,0.18512348720157987,0.003573681284118052,0.0008668618956441368,0.5456126966865201,0.44517422110597377,0.1,2.7755575615628914e-17,0.0,1.0,0.18755673152634378
177,0.96,0.05999999999999994,0.18520766023887542,0.0035644278413142147,0.0008639742613282589,0.5455811871587246,0.44513600050985186,0.1,2.7755575615628914e-17,0.0,1.0,0.18898186666199424
178,0.95,0.04999999999999993,0.18527472316684176,0.003571711555522662,0.0008588992927225437,0.5770366720600911,0.49191771356425235,0.1,2.7755575615628914e-17,0.0,0.0,0.18898186666199424
179,0.95,0.04999999999999993,0.18535966997965983,0.0036121081799709823,0.0008378782520278426,0.5770011046543027,0.4918750981544122,0.1,2.7755575615628914e-17,0.0,1.0,0.1912726770391331
180,0.95,0.04999999999999993,0.1854616479810034,0.003800263571842841,0.0008690730854089053,0.5769584120456671,0.49182394843128374,0.1,2.7755575615628914e-17,0.0,1.0,0.19734768929760005
181,0.95,0.04999999999999993,0.18550218891053974,0.0038708876492845362,0.0009009618068936033,0.5769414415319537,0.4918036170270376,0.1,2.7755575615628914e-17,0.0,1.0,0.19419070587061493
182,0.95,0.04999999999999993,0.18558463715056192,0.004052276510194163,0.0009341891230400405,0.5769069316142454,0.4917622741591904,0.1,2.7755575615628914e-17,0.0,1.0,0.19838143691919896
183,0.95,0.04999999999999993,0.1856865576589476,0.00430823890628488,0.0009441935044303757,0.5768642769993012,0.49171117671798575,0.1,2.7755575615628914e-17,0.0,1.0,0.20122989050563866
184,0.95,0.04999999999999993,0.18580705836562117,0.004565120502967374,0.0009441935044303757,0.5768138545469256,0.49165077786554284,0.1,2.7755575615628914e-17,0.0,1.0,0.20122989050563866
185,0.94,0.039999999999999925,0.1859133545701891,0.004761925883607841,0.0009585414863553378,0.6120718112623373,0.5432992726497954,0.1,2.7755575615628914e-17,0.0,0.0,0.19980944029506742
186,0.94,0.039999999999999925,0.1860153244430628,0.0049367487134400565,0.0009629115183698,0.6120237751787548,0.5432428117461751,0.1,2.7755575615628914e-17,0.0,1.0,0.19937680712563566
187,0.95,0.04999999999999993,0.18613112600074522,0.00514120461829192,0.0009645470229909366,0.5766782950368154,0.49148841826968925,0.1,2.7755575615628914e-17,0.0,1.0,0.20075997560651482
188,0.95,0.04999999999999993,0.18624496344581642,0.005356032314091347,0.0009748989650340483,0.5766306912456074,0.49143141055614786,0.1,2.7755575615628914e-17,0.0,1.0,0.20178481786878288
189,0.95,0.04999999999999993,0.1863588008908877,0.005560239333359181,0.0009625630708584256,0.5765830953129711,0.4913744160657157,0.1,2.7755575615628914e-17,0.0,1.0,0.20178481786878288
190,0.95,0.04999999999999993,0.18648485087119282,0.005761979813025005,0.0009625630708584256,0.5765304024321011,0.49131132260076604,0.1,2.7755575615628914e-17,0.0,1.0,0.20178481786878288
191,0.95,0.04999999999999993,0.18661693951726943,0.005969895694371876,0.000968662733253864,0.5764751955309967,0.4912452239057536,0.1,2.7755575615628914e-17,0.0,1.0,0.20238868444593128
192,0.95,0.04999999999999993,0.18674580641308658,0.006159890946375217,0.0009457722618050616,0.576421345359705,0.4911807545496048,0.1,2.7755575615628914e-17,0.0,1.0,0.20206650941999138
193,0.95,0.04999999999999993,0.1869005566258975,0.006345652851191177,0.0009201916745513178,0.5763566925070399,0.49110335868005345,0.1,2.7755575615628914e-17,0.0,1.0,0.20206650941999138
194,0.95,0.04999999999999993,0.1870806316200896,0.006515688795023683,0.0009021758997377529,0.5762814775082783,0.49101332772089373,0.1,2.7755575615628914e-17,0.0,1.0,0.20206650941999138
195,0.95,0.04999999999999993,0.1872428709972163,0.006682687802745737,0.0009021758997377529,0.5762137290253236,0.4909322421854176,0.1,2.7755575615628914e-17,0.0,1.0,0.20206650941999138
196,0.95,0.04999999999999993,0.18740511037434296,0.006841767961086903,0.0009021758997377529,0.5761459964697156,0.49085118342631634,0.1,2.7755575615628914e-17,0.0,1.0,0.20206650941999138
197,0.95,0.04999999999999993,0.18756327935027792,0.006985143063788748,0.0009062874160930169,0.5760799785743843,0.4907721841036196,0.1,2.7755575615628914e-17,0.0,1.0,0.20165946930082024
198,0.95,0.04999999999999993,0.18772144832621288,0.007122122124756096,0.0009062874160930169,0.576013975806688,0.4906932102056908,0.1,2.7755575615628914e-17,0.0,1.0,0.20165946930082024
199,0.94,0.039999999999999925,0.18787961730214783,0.007253067533698265,0.0009062874160930169,0.6111468691364573,0.5422126140463837,0.1,2.7755575615628914e-17,0.0,0.0,0.20165946930082024
200,0.95,0.04999999999999993,0.18811416251497243,0.007556293025834777,0.0009827047022942382,0.5758501643959659,0.49049723754463675,0.1,2.7755575615628914e-17,0.0,1.0,0.2092970929897826
201,0.94,0.039999999999999925,0.18834798460424657,0.007841025997963033,0.0009751398898540572,0.6109269583706045,0.5419544107545116,0.1,2.7755575615628914e-17,0.0,0.0,0.2092970929897826
202,0.94,0.039999999999999925,0.18858170671701774,0.008130338439293023,0.0009705300521533415,0.6108172788738836,0.54182565550097,0.1,2.7755575615628914e-17,0.0,1.0,0.21003601177106312
203,0.94,0.039999999999999925,0.18880388887308963,0.008343029112412364,0.0009906741330521457,0.6107130512747795,0.5417033142071099,0.1,2.7755575615628914e-17,0.0,1.0,0.20768672338748306
204,0.93,0.030000000000000027,0.1890225207854156,0.008546058974098849,0.000987088028258222,0.6503197310036625,0.5985417611226732,0.1,2.7755575615628914e-17,0.0,0.0,0.20768672338748306
205,0.93,0.030000000000000027,0.18931582889563747,0.00891443870453853,0.0010409190598444458,0.6501637761793962,0.5983634423906491,0.1,2.7755575615628914e-17,0.0,1.0,0.21479931880248304
206,0.94,0.039999999999999925,0.18972863079202112,0.009575420157988583,0.001122007016063109,0.610279628566934,0.5411947117940166,0.1,2.7755575615628914e-17,0.0,1.0,0.22496537413069295
207,0.94,0.039999999999999925,0.19012041935662324,0.010189458026736016,0.0011223808997439725,0.6100961843692102,0.5409795183889281,0.1,2.7755575615628914e-17,0.0,1.0,0.22500238861509847
208,0.94,0.039999999999999925,0.1905122079212253,0.010754275521694154,0.0011140568401708853,0.6099128504214759,0.5407644960490572,0.1,2.7755575615628914e-17,0.0,1.0,0.22500238861509847
209,0.94,0.039999999999999925,0.19089575566685002,0.011280678521640634,0.0010980035030913307,0.609733479391464,0.5405541619649198,0.1,2.7755575615628914e-17,0.0,1.0,0.22500238861509847
210,0.94,0.039999999999999925,0.1912674810099577,0.0117879925785873,0.0011021150194465948,0.6095597379067422,0.5403504672539647,0.1,2.7755575615628914e-17,0.0,1.0,0.2254094287342696
211,0.94,0.039999999999999925,0.19164242810332477,0.012272004592928942,0.0010982060254474662,0.6093845908776613,0.5401451625745357,0.1,2.7755575615628914e-17,0.0,1.0,0.2257316037602095
212,0.94,0.039999999999999925,0.1920070617921139,0.01272000543634651,0.0010776358002616481,0.609214358003632,0.5399456546425261,0.1,2.7755575615628914e-17,0.0,1.0,0.2254094287342696
213,0.94,0.039999999999999925,0.19234810920770967,0.01314665253337717,0.0010776358002616481,0.6090552226745348,0.5397591851927093,0.1,2.7755575615628914e-17,0.0,1.0,0.2254094287342696
214,0.94,0.039999999999999925,0.19268915662330546,0.013551301807820932,0.0010704084661524288,0.6088961704604836,0.5395728444923377,0.1,2.7755575615628914e-17,0.0,1.0,0.2254094287342696
215,0.94,0.039999999999999925,0.19303328869847772,0.013925397820061334,0.0010420686721873942,0.6087357638523448,0.5393849487687171,0.1,2.7755575615628914e-17,0.0,1.0,0.22500238861509847
216,0.94,0.039999999999999925,0.19340671313158933,0.014265240066892216,0.0010288784050852642,0.6085617990944074,0.5391812074393751,0.1,2.7755575615628914e-17,0.0,1.0,0.22471894468733344
217,0.93,0.030000000000000027,0.1937635473234818,0.014514303873933605,0.0010378650432009734,0.6478080141744044,0.5956723835746471,0.1,2.7755575615628914e-17,0.0,0.0,0.22147064019454232
218,0.93,0.030000000000000027,0.19418922821794996,0.014825837261182731,0.0010726949872721168,0.6475834444250902,0.5954160971617853,0.1,2.7755575615628914e-17,0.0,1.0,0.22599668313277477
219,0.93,0.030000000000000027,0.19462568789717005,0.015110611881153702,0.0010726949872721168,0.6473533498878242,0.5951535501281799,0.1,2.7755575615628914e-17,0.0,1.0,0.22599668313277477
220,0.93,0.030000000000000027,0.19506214757639007,0.015377735146876565,0.0010726949872721168,0.6471234188034436,0.5948912345312578,0.1,2.7755575615628914e-17,0.0,1.0,0.22599668313277477
221,0.93,0.030000000000000027,0.19549860725561014,0.015628112201060383,0.0010726949872721168,0.6468936509978416,0.5946291500651347,0.1,2.7755575615628914e-17,0.0,1.0,0.22599668313277477
222,0.93,0.030000000000000027,0.1959350669348302,0.01586253603895708,0.001054981625185605,0.6466640462971585,0.5943672964244651,0.1,2.7755575615628914e-17,0.0,1.0,0.22599668313277477
223,0.93,0.030000000000000027,0.19644684064244466,0.01618178685477399,0.0010978908662338926,0.6463950292907724,0.5940605517889253,0.1,2.7755575615628914e-17,0.0,1.0,0.23177446312564454
224,0.93,0.030000000000000027,0.19697391200134995,0.016463060342365186,0.0010978908662338926,0.6461182048412548,0.5937449688904765,0.1,2.7755575615628914e-17,0.0,1.0,0.23177446312564454
225,0.93,0.030000000000000027,0.19750098336025526,0.016723004437738498,0.0010978908662338926,0.6458416173953285,0.5934297211083286,0.1,2.7755575615628914e-17,0.0,1.0,0.23177446312564454
226,0.93,0.030000000000000027,0.19802805471916063,0.016962599758826157,0.0010978908662338926,0.6455652666487572,0.5931148079089765,0.1,2.7755575615628914e-17,0.0,1.0,0.23177446312564454
227,0.93,0.030000000000000027,0.19855796051734356,0.017188199645537236,0.0010986612713192933,0.6452876680721874,0.5927985379452878,0.1,2.7755575615628914e-17,0.0,1.0,0.23205790705340934
228,0.93,0.030000000000000027,0.19908710361449194,0.017386993387149916,0.0010860721682756113,0.6450107071693245,0.5924830595793773,0.1,2.7755575615628914e-17,0.0,1.0,0.23177446312564454
229,0.93,0.030000000000000027,0.19960094906034948,0.017585001828932002,0.001074915613404467,0.64474198071205,0.5921770229656114,0.1,2.7755575615628914e-17,0.0,1.0,0.23177446312564454
230,0.93,0.030000000000000027,0.20010658395616218,0.01778293280186824,0.0010777786833818892,0.6444777666249869,0.5918761848614597,0.1,2.7755575615628914e-17,0.0,1.0,0.23205790705340934
231,0.93,0.030000000000000027,0.2006197758864674,0.017977839178312627,0.0010854120515561242,0.6442098250263903,0.5915711629303338,0.1,2.7755575615628914e-17,0.0,1.0,0.23281361050265859
232,0.93,0.030000000000000027,0.20113296781677265,0.018156155212272297,0.0010854120515561242,0.6439421061286177,0.5912664552218729,0.1,2.7755575615628914e-17,0.0,1.0,0.23281361050265859
233,0.93,0.030000000000000027,0.20164615974707786,0.018318365395097676,0.0010854120515561242,0.6436746096541364,0.5909620612507757,0.1,2.7755575615628914e-17,0.0,1.0,0.23281361050265859
234,0.93,0.030000000000000027,0.2021634220785748,0.018471694778811387,0.001089523567911388,0.6434052163166658,0.5906555699558801,0.1,2.7755575615628914e-17,0.0,1.0,0.23322065062182973
235,0.93,0.030000000000000027,0.20268068441007173,0.018609389689499555,0.001089523567911388,0.6431360483800683,0.5903493964080164,0.1,2.7755575615628914e-17,0.0,1.0,0.23322065062182973
236,0.93,0.030000000000000027,0.20319794674156866,0.01873179491107474,0.001089523567911388,0.6428671055615737,0.5900435401133167,0.1,2.7755575615628914e-17,0.0,1.0,0.23322065062182973
237,0.93,0.030000000000000027,0.20371520907306562,0.018839208473986045,0.001089523567911388,0.6425983875788841,0.5897380005789356,0.1,2.7755575615628914e-17,0.0,1.0,0.23322065062182973
238,0.93,0.030000000000000027,0.20423247140456255,0.01893188555381841,0.001089523567911388,0.6423298941501738,0.5894327773130479,0.1,2.7755575615628914e-17,0.0,1.0,0.23322065062182973
239,0.93,0.030000000000000027,0.20474973373605945,0.01901004168012994,0.001070144184744082,0.642061624994088,0.5891278698248467,0.1,2.7755575615628914e-17,0.0,1.0,0.23322065062182973
240,0.93,0.030000000000000027,0.20524025344372826,0.01908585427800492,0.0010777775529183168,0.6418074323619196,0.5888390174151861,0.1,2.7755575615628914e-17,0.0,1.0,0.23246494717258048
241,0.93,0.030000000000000027,0.205730773151397,0.019148805790309146,0.0010623253798972127,0.6415534409201701,0.5885504481183433,0.1,2.7755575615628914e-17,0.0,1.0,0.23246494717258048
242,0.93,0.030000000000000027,0.2061932001170996,0.019125670785698805,0.001103069204879405,0.6413141799417341,0.588278664466198,0.1,2.7755575615628914e-17,0.0,1.0,0.22812590784686626
243,0.93,0.030000000000000027,0.20674138123866484,0.019197751197077995,0.0011866047092612005,0.6410307805960462,0.5879568052267549,0.1,2.7755575615628914e-17,0.0,1.0,0.23639592278066401
244,0.93,0.030000000000000027,0.20728956236023016,0.019253960994112498,0.0011866047092612005,0.6407476316103712,0.587635297986217,0.1,2.7755575615628914e-17,0.0,1.0,0.23639592278066401
245,0.93,0.030000000000000027,0.2078377434817954,0.01929443888317616,0.0011866047092612005,0.640464732653097,0.5873141421674588,0.1,2.7755575615628914e-17,0.0,1.0,0.23639592278066401
246,0.93,0.030000000000000027,0.20838592460336072,0.01931928374931001,0.0011866047092612005,0.6401820833931966,0.5869933371946152,0.1,2.7755575615628914e-17,0.0,1.0,0.23639592278066401
247,0.93,0.030000000000000027,0.20893410572492604,0.01932855587652647,0.0011866047092612005,0.6398996835002274,0.586672882493079,0.1,2.7755575615628914e-17,0.0,1.0,0.23639592278066401
248,0.93,0.030000000000000027,0.2094803961871591,0.019319653198863754,0.0011885144661624887,0.6396185053460955,0.5863538809212054,0.1,2.7755575615628914e-17,0.0,1.0,0.23620685684743647
249,0.93,0.030000000000000027,0.21002668664939209,0.019295285969336492,0.001129423795636266,0.6393375741882708,0.5860352260730453,0.1,2.7755575615628914e-17,0.0,1.0,0.23620685684743647
250,0.92,0.020000000000000018,0.21055568799920188,0.019393369077845446,0.001141572305660425,0.6826944333979681,0.6473284308411655,0.1,2.7755575615628914e-17,0.0,0.0,0.24032792198720676
251,0.92,0.020000000000000018,0.21105955550052255,0.019515923458583186,0.0011456629904933748,0.682399240240708,0.6470042912134207,0.1,2.7755575615628914e-17,0.0,1.0,0.2407328997856688
252,0.92,0.020000000000000018,0.21155937322385848,0.019618801483141508,0.0011343015023052207,0.6821066717671204,0.6466830773746368,0.1,2.7755575615628914e-17,0.0,1.0,0.24032792198720676
253,0.93,0.030000000000000027,0.21207448859848538,0.019691010294432508,0.0011023613563968357,0.6382866799662422,0.5848438058844805,0.1,2.7755575615628914e-17,0.0,1.0,0.24032792198720676
254,0.93,0.030000000000000027,0.21255798322866293,0.01978499886964956,0.0011023613563968357,0.6380390633712865,0.5845632131524819,0.1,2.7755575615628914e-17,0.0,1.0,0.24032792198720676
255,0.93,0.030000000000000027,0.21304888337832606,0.01987708504613618,0.0010763242413575865,0.6377878505984755,0.5842785980043443,0.1,2.7755575615628914e-17,0.0,1.0,0.24106847393575404
256,0.93,0.030000000000000027,0.21357296579136342,0.019918000884965332,0.0010763242413575865,0.6375198754015066,0.5839750500967563,0.1,2.7755575615628914e-17,0.0,1.0,0.24106847393575404
257,0.93,0.030000000000000027,0.21409704820440084,0.01994506665379483,0.0010701623252220504,0.6372521252967733,0.5836718174274382,0.1,2.7755575615628914e-17,0.0,1.0,0.24106847393575404
258,0.93,0.030000000000000027,0.21463417485552874,0.01995962858311051,0.0010181709093233754,0.6369779442494717,0.5833613639888473,0.1,2.7755575615628914e-17,0.0,1.0,0.24176286804738734
259,0.93,0.030000000000000027,0.21522971694951265,0.019871527916101316,0.0010181709093233754,0.6366742202113197,0.583017532911694,0.1,2.7755575615628914e-17,0.0,1.0,0.24176286804738734
260,0.93,0.030000000000000027,0.2158252590434966,0.01976509877267636,0.0010181709093233754,0.6363707856787221,0.5826741069013815,0.1,2.7755575615628914e-17,0.0,1.0,0.24176286804738734
261,0.93,0.030000000000000027,0.2164138571963642,0.019631202776911678,0.0010251849912590641,0.6360711732090606,0.5823350825020267,0.1,2.7755575615628914e-17,0.0,1.0,0.24106847393575415
262,0.93,0.030000000000000027,0.21700245534923174,0.01947860928997958,0.001021953268515734,0.6357718427303075,0.5819964523906808,0.1,2.7755575615628914e-17,0.0,1.0,0.24106847393575415
263,0.93,0.030000000000000027,0.21761925222044462,0.019332964929831824,0.0010340744974460993,0.6354584739918919,0.5816420214226278,0.1,2.7755575615628914e-17,0.0,1.0,0.24356840521869594
264,0.93,0.030000000000000027,0.21822304979546914,0.019190567516739043,0.0010340744974460993,0.6351520087273571,0.5812954781514209,0.1,2.7755575615628914e-17,0.0,1.0,0.24356840521869594
265,0.93,0.030000000000000027,0.21882873802982594,0.019030422928218944,0.0010359842543473875,0.6348448806811058,0.5809482643920305,0.1,2.7755575615628914e-17,0.0,1.0,0.24375747115192348
266,0.93,0.030000000000000027,0.21943442626418275,0.018849466718312384,0.0010359842543473875,0.6345380495151143,0.5806014651737196,0.1,2.7755575615628914e-17,0.0,1.0,0.24375747115192348
267,0.93,0.030000000000000027,0.22004011449853958,0.018647093012804285,0.0010359022528057856,0.6342315147991289,0.5802550797545456,0.1,2.7755575615628914e-17,0.0,1.0,0.24375747115192348
268,0.93,0.030000000000000027,0.22064588391442258,0.01842243092790553,0.0010359022528057856,0.6339252350778036,0.5799090610506656,0.1,2.7755575615628914e-17,0.0,1.0,0.24375747115192348
269,0.93,0.030000000000000027,0.22125165333030558,0.0181748158611934,0.000977302888175774,0.6336192510276536,0.5795634547777774,0.1,2.7755575615628914e-17,0.0,1.0,0.24375747115192348
270,0.93,0.030000000000000027,0.22180673240186194,0.01802782654493492,0.000984699884799112,0.6333391307291417,0.5792471300646096,0.1,2.7755575615628914e-17,0.0,1.0,0.24448977381763393
271,0.93,0.030000000000000027,0.22236181147341838,0.0178623879346764,0.0009703045803986022,0.6330592580010965,0.5789311504620239,0.1,2.7755575615628914e-17,0.0,1.0,0.24448977381763393
272,0.93,0.030000000000000027,0.22293114189633126,0.017650022574270733,0.0009703045803986022,0.6327724565366419,0.5786074161797977,0.1,2.7755575615628914e-17,0.0,1.0,0.24448977381763393
273,0.93,0.030000000000000027,0.22350047231924416,0.017416469698384673,0.0009647753163916499,0.6324859148198523,0.5782840437551517,0.1,2.7755575615628914e-17,0.0,1.0,0.24448977381763393
274,0.93,0.030000000000000027,0.22407527671352398,0.017149125136956947,0.0009647753163916499,0.632196881222072,0.5779579286604848,0.1,2.7755575615628914e-17,0.0,1.0,0.24448977381763393
275,0.93,0.030000000000000027,0.22465008110780374,0.01685795862457548,0.0009592460523846976,0.631908111668944,0.5776321811744862,0.1,2.7755575615628914e-17,0.0,1.0,0.24448977381763393
276,0.92,0.020000000000000018,0.22521941153071665,0.016554262293860325,0.0009448507479841879,0.6742067578700756,0.6380261095528482,0.1,2.7755575615628914e-17,0.0,0.0,0.24448977381763393
277,0.92,0.020000000000000018,0.2258140027368019,0.016308000509223722,0.0009847619949830797,0.673867045904995,0.6376545517931803,0.1,2.7755575615628914e-17,0.0,1.0,0.24844098727052422
278,0.93,0.030000000000000027,0.22641451268411344,0.016044169031355957,0.0009676010227152088,0.6310233440509537,0.5766345494564528,0.1,2.7755575615628914e-17,0.0,1.0,0.24903286139314385
279,0.93,0.030000000000000027,0.22701219163699038,0.015835816423105165,0.000926517170949738,0.6307242016838353,0.5762973951855866,0.1,2.7755575615628914e-17,0.0,1.0,0.2510405723268292
280,0.93,0.030000000000000027,0.2275830499700035,0.01578501407907877,0.0009289006744356277,0.6304387479156351,0.5759757385031914,0.1,2.7755575615628914e-17,0.0,1.0,0.2544335225989174
281,0.93,0.030000000000000027,0.22818358747795425,0.015644930290789647,0.000888479814684552,0.6301387320293672,0.5756377460695898,0.1,2.7755575615628914e-17,0.0,1.0,0.25424445666568984
282,0.93,0.030000000000000027,0.2287381678974346,0.015561389726258744,0.0008637982410686161,0.6298619288288805,0.5753259711602737,0.1,2.7755575615628914e-17,0.0,1.0,0.2538394788672278
283,0.93,0.030000000000000027,0.22925779992635134,0.015501619700161756,0.0008703273872293312,0.6296027897227203,0.5750341499092382,0.1,2.7755575615628914e-17,0.0,1.0,0.253193093397317
284,0.93,0.030000000000000027,0.22978556310169915,0.01543667319522037,0.0008641926845275709,0.6293398138065015,0.574738065138904,0.1,2.7755575615628914e-17,0.0,1.0,0.25400620804041396
285,0.94,0.039999999999999925,0.23032753077915263,0.015325725672865251,0.0008598226525131086,0.5918391629989082,0.519769674670898,0.1,2.7755575615628914e-17,0.0,1.0,0.25400620804041396
286,0.94,0.039999999999999925,0.23087382478830043,0.015185741828345306,0.0008458512537163495,0.5915986257519412,0.5194929423650638,0.1,2.7755575615628914e-17,0.0,1.0,0.25400620804041396
287,0.94,0.039999999999999925,0.23140628711263944,0.01505343386653388,0.0008354993116732376,0.5913643667794151,0.519223500106373,0.1,2.7755575615628914e-17,0.0,1.0,0.25400620804041396
288,0.94,0.039999999999999925,0.23190222415270934,0.014885378894710291,0.0008620415961645378,0.5911463440623259,0.5189727920381189,0.1,2.7755575615628914e-17,0.0,1.0,0.25137852187577525
289,0.94,0.039999999999999925,0.23239816119277926,0.014698681281279534,0.0008620415961645378,0.5909284820461163,0.5187223259627665,0.1,2.7755575615628914e-17,0.0,1.0,0.25137852187577525
290,0.94,0.039999999999999925,0.23289814801083378,0.014497840879803008,0.0008600326186020471,0.590709003482322,0.5184700592132481,0.1,2.7755575615628914e-17,0.0,1.0,0.2517834996742371
291,0.94,0.039999999999999925,0.23339209616311682,0.014289915913092921,0.000856778325410735,0.5904923357377715,0.5182210800766367,0.1,2.7755575615628914e-17,0.0,1.0,0.2517834996742371
292,0.94,0.039999999999999925,0.23389115672499153,0.014056743931599534,0.0008586880823120245,0.5902735868224297,0.517969766719201,0.1,2.7755575615628914e-17,0.0,1.0,0.2519725656074647
293,0.93,0.030000000000000027,0.23438832662753398,0.01379920829786346,0.0008605978392133139,0.6270556093775752,0.5721686983509552,0.1,2.7755575615628914e-17,0.0,0.0,0.2517834996742371
294,0.93,0.030000000000000027,0.23488738718940871,0.013520878082893146,0.0008625075961146033,0.6268089375618396,0.5718914912392613,0.1,2.7755575615628914e-17,0.0,1.0,0.2519725656074647
295,0.93,0.030000000000000027,0.2353845570919512,0.013215508019592571,0.0008644173530158915,0.6265633931416631,0.5716156012611818,0.1,2.7755575615628914e-17,0.0,1.0,0.2517834996742372
296,0.93,0.030000000000000027,0.23588172699449367,0.012883741866219715,0.0008603058366606275,0.6263180410239547,0.5713399773425897,0.1,2.7755575615628914e-17,0.0,1.0,0.2517834996742372
297,0.93,0.030000000000000027,0.2363829672982278,0.012512257876193074,0.0008603058366606275,0.6260708746146236,0.5710623657968269,0.1,2.7755575615628914e-17,0.0,1.0,0.2517834996742372
298,0.93,0.030000000000000027,0.23688420760196194,0.012108670701656459,0.0008603058366606275,0.6258239032088873,0.5707850239004656,0.1,2.7755575615628914e-17,0.0,1.0,0.2517834996742372
299,0.94,0.039999999999999925,0.23738544790569613,0.011669650015222235,0.0007831581226307046,0.5887464926600613,0.5162169415878287,0.1,2.7755575615628914e-17,0.0,1.0,0.2517834996742372
300,0.94,0.039999999999999925,0.23781220263187297,0.01141213805958775,0.0007850678795319928,0.5885605312419937,0.5160036831472918,0.1,2.7755575615628914e-17,0.0,1.0,0.2519725656074647
301,0.95,0.04999999999999993,0.23822628588740768,0.011117403722764948,0.0007904035187534942,0.555684809617022,0.46671235809675493,0.1,2.7755575615628914e-17,0.0,1.0,0.25070541854325556
302,0.95,0.04999999999999993,0.2386329799551296,0.010818578346580652,0.0007666733330607664,0.5555269298339234,0.4665287601402824,0.1,2.7755575615628914e-17,0.0,1.0,0.25070541854325556
303,0.95,0.04999999999999993,0.23913030010318373,0.010523623391285602,0.0008344846426530498,0.5553339906357965,0.4663044461735712,0.1,2.7755575615628914e-17,0.0,1.0,0.2574187381928916
304,0.96,0.05999999999999994,0.2396019087146261,0.010154190254793305,0.000788611493624517,0.525952818952385,0.4217374171093353,0.1,2.7755575615628914e-17,0.0,1.0,0.2548475845317164
305,0.96,0.05999999999999994,0.24000933865089485,0.009966486874518978,0.0006929415195783957,0.5258111239494012,0.4215714324412434,0.1,2.7755575615628914e-17,0.0,1.0,0.2555423124293603
306,0.96,0.05999999999999994,0.24031510803388156,0.00996929735555927,0.0006925676358975318,0.5257048343478017,0.42144694950719647,0.1,2.7755575615628914e-17,0.0,1.0,0.2555423124293603
307,0.96,0.05999999999999994,0.24060471253192753,0.009940866696879463,0.0007085219188234506,0.5256042034968129,0.4213291152902833,0.1,2.7755575615628914e-17,0.0,1.0,0.25396283841969436
308,0.96,0.05999999999999994,0.2409013307085242,0.009913385741987062,0.000715606442612057,0.5255011754837615,0.42120849563432955,0.1,2.7755575615628914e-17,0.0,1.0,0.2546642062747664
309,0.96,0.05999999999999994,0.24119093520657017,0.009867604184609984,0.0007185794500453992,0.5254006225793074,0.42109079470182104,0.1,2.7755575615628914e-17,0.0,1.0,0.25396283841969436
310,0.96,0.05999999999999994,0.24141200900119675,0.0097586036883875,0.0007804365732457101,0.5253238899566695,0.42100099025093746,0.1,2.7755575615628914e-17,0.0,1.0,0.24751680819692368
311,0.96,0.05999999999999994,0.2416298610455639,0.00964866939431344,0.000777182280054398,0.5252482974953239,0.4209125320006983,0.1,2.7755575615628914e-17,0.0,1.0,0.24751680819692368
312,0.96,0.05999999999999994,0.24183647447673362,0.009519470815912446,0.0007917887077884976,0.5251766248171492,0.42082867149858555,0.1,2.7755575615628914e-17,0.0,1.0,0.24607077185124782
313,0.96,0.05999999999999994,0.2420386156521966,0.009382132186790765,0.0007963061377953528,0.5251065224586939,0.4207466585333328,0.1,2.7755575615628914e-17,0.0,1.0,0.24562354628056915
314,0.96,0.05999999999999994,0.24224075682765955,0.009238331127221335,0.0007921946214400888,0.5250364388127423,0.4206646775279553,0.1,2.7755575615628914e-17,0.0,1.0,0.24562354628056915
315,0.96,0.05999999999999994,0.24244349957643738,0.009078888219406896,0.0007928354180050213,0.5249661653860392,0.4205824846305341,0.1,2.7755575615628914e-17,0.0,1.0,0.2452766634928758
316,0.96,0.05999999999999994,0.2426490767644928,0.008906324664969385,0.0007600242615121817,0.5248949287088727,0.42049917542686976,0.1,2.7755575615628914e-17,0.0,1.0,0.2452766634928758
317,0.97,0.06999999999999995,0.24288713699747613,0.008651573656161723,0.0007143066560754903,0.4986430514901501,0.38039613327902727,0.1,2.7755575615628914e-17,0.0,1.0,0.2452766634928758
318,0.97,0.06999999999999995,0.24307993680107717,0.008486270029576543,0.0007143066560754903,0.4985827735129696,0.38032549675801947,0.1,2.7755575615628914e-17,0.0,1.0,0.2452766634928758
319,0.97,0.06999999999999995,0.24327273660467819,0.008313211640109341,0.0007143066560754903,0.4985225101073162,0.3802548864654157,0.1,2.7755575615628914e-17,0.0,1.0,0.2452766634928758
320,0.97,0.06999999999999995,0.2434655364082792,0.008131903405911349,0.0007143066560754903,0.4984622612679066,0.38018430238661044,0.1,2.7755575615628914e-17,0.0,1.0,0.2452766634928758
321,0.97,0.06999999999999995,0.24365833621188024,0.007941780323350592,0.0007143066560754903,0.4984020269894607,0.38011374450700847,0.1,2.7755575615628914e-17,0.0,1.0,0.2452766634928758
322,0.97,0.06999999999999995,0.2438511360154812,0.007742193027631606,0.0006559452420060988,0.49834180726669985,0.3800432128120259,0.1,2.7755575615628914e-17,0.0,1.0,0.2452766634928758
323,0.97,0.06999999999999995,0.24403973735283316,0.007675133584647268,0.0007100657810764385,0.49828291298526817,0.3799742423578741,0.1,2.7755575615628914e-17,0.0,1.0,0.25063459686083944
324,0.97,0.06999999999999995,0.24422833869018507,0.007602805881932772,0.0007100657810764385,0.4982240326225021,0.37990529693277303,0.1,2.7755575615628914e-17,0.0,1.0,0.25063459686083944
325,0.97,0.06999999999999995,0.244416940027537,0.007525058012109991,0.0007100657810764385,0.4981651661734681,0.37983637652310065,0.1,2.7755575615628914e-17,0.0,1.0,0.25063459686083944
326,0.97,0.06999999999999995,0.2446055413648889,0.007441720094439732,0.0007072027110990164,0.49810631363323526,0.379767481115245,0.1,2.7755575615628914e-17,0.0,1.0,0.25063459686083944
327,0.97,0.06999999999999995,0.2447913082629632,0.007357564301938124,0.0007043396411215941,0.4980483591641879,0.3796996455459197,0.1,2.7755575615628914e-17,0.0,1.0,0.25063459686083944
328,0.97,0.06999999999999995,0.24497990960031515,0.007262591798786065,0.0007043396411215941,0.4979895342179253,0.3796307997256644,0.1,2.7755575615628914e-17,0.0,1.0,0.25063459686083944
329,0.97,0.06999999999999995,0.24516156365869068,0.007156424752747048,0.0007084940246557287,0.4979328892708212,0.3795645134946198,0.1,2.7755575615628914e-17,0.0,1.0,0.2499398689631953
330,0.97,0.06999999999999995,0.24533911622216611,0.007048560559877786,0.0007021405106455661,0.49787753573937993,0.3794997462802805,0.1,2.7755575615628914e-17,0.0,1.0,0.24981316340095217
331,0.97,0.06999999999999995,0.24550911175114906,0.0069487117894381206,0.0007021405106455661,0.49782454970926404,0.37943775641222216,0.1,2.7755575615628914e-17,0.0,1.0,0.24981316340095217
332,0.97,0.06999999999999995,0.24567910728013198,0.006843185525713857,0.0007021405106455661,0.4977715749558999,0.37937578679248385,0.1,2.7755575615628914e-17,0.0,1.0,0.24981316340095217
333,0.97,0.06999999999999995,0.2458491028091149,0.006731714773091219,0.000698028994290302,0.49771861147568774,0.3793138374111462,0.1,2.7755575615628914e-17,0.0,1.0,0.24981316340095217
334,0.97,0.06999999999999995,0.2460219752158826,0.006626338655144681,0.0007050464478018567,0.4976647632381865,0.37925086038942035,0.1,2.7755575615628914e-17,0.0,1.0,0.2505078912985961
335,0.97,0.06999999999999995,0.24619931987835703,0.0065177858660328625,0.0007095638778087119,0.49760953403868213,0.3791862758619813,0.1,2.7755575615628914e-17,0.0,1.0,0.25095511686927474
336,0.97,0.06999999999999995,0.24637666454083149,0.006402483811743259,0.0007095638778087119,0.4975543170961275,0.37912171332764194,0.1,2.7755575615628914e-17,0.0,1.0,0.25095511686927474
337,0.97,0.06999999999999995,0.24655400920330595,0.006280060753304454,0.0007095638778087119,0.49749911240644296,0.37905717277517,0.1,2.7755575615628914e-17,0.0,1.0,0.25095511686927474
338,0.97,0.06999999999999995,0.24673135386578038,0.00615009145559145,0.0007095638778087119,0.4974439199655503,0.37899265419334116,0.1,2.7755575615628914e-17,0.0,1.0,0.25095511686927474
339,0.97,0.06999999999999995,0.24690869852825487,0.006012086534678842,0.000701930509634477,0.4973887397693734,0.3789281575709384,0.1,2.7755575615628914e-17,0.0,1.0,0.25095511686927474
340,0.97,0.06999999999999995,0.24709360022522175,0.00584709426506751,0.000701930509634477,0.497331221261385,0.37886093598069487,0.1,2.7755575615628914e-17,0.0,1.0,0.25095511686927474
341,0.97,0.06999999999999995,0.24728283184200378,0.0056742537731229396,0.0006624754859556087,0.4972723695909015,0.37879216492450535,0.1,2.7755575615628914e-17,0.0,1.0,0.251388108850781
342,0.97,0.06999999999999995,0.24751672090766536,0.005352725584412424,0.0005802198357378876,0.49719964854732185,0.378707198831972,0.1,2.7755575615628914e-17,0.0,1.0,0.25151481441302437
343,0.97,0.06999999999999995,0.24770663996134076,0.005291353675306507,0.0006193411865982817,0.4971406143534633,0.3786382339903249,0.1,2.7755575615628914e-17,0.0,1.0,0.2553878281482034
344,0.97,0.06999999999999995,0.24789655901501617,0.005222359405329944,0.0006193411865982817,0.4970815941765989,0.37856929426192326,0.1,2.7755575615628914e-17,0.0,1.0,0.2553878281482034
345,0.97,0.06999999999999995,0.24808647806869163,0.0051454361628338816,0.0006193411865982817,0.49702258801173704,0.3785003796330523,0.1,2.7755575615628914e-17,0.0,1.0,0.2553878281482034
346,0.97,0.06999999999999995,0.24827639712236704,0.005060222362630053,0.0006193411865982817,0.4969635958538884,0.37843149009000704,0.1,2.7755575615628914e-17,0.0,1.0,0.2553878281482034
347,0.97,0.06999999999999995,0.24846631617604242,0.004966291263994287,0.0006174314296969934,0.4969046176980663,0.3783626256190928,0.1,2.7755575615628914e-17,0.0,1.0,0.2553878281482034
348,0.97,0.06999999999999995,0.24865812588905012,0.004858331792120847,0.0006174314296969934,0.49684506661672817,0.37829310103070596,0.1,2.7755575615628914e-17,0.0,1.0,0.2553878281482034
349,0.97,0.06999999999999995,0.2488499356020578,0.004740162945915485,0.0005758045090932532,0.49678552980737,0.3782236019880789,0.1,2.7755575615628914e-17,0.0,1.0,0.2553878281482034
350,0.98,0.07999999999999996,0.24898543492077072,0.004687999269184718,0.0005869660898128263,0.47323580024140305,0.3421864575693272,0.1,2.7755575615628914e-17,0.0,1.0,0.2538778538585036
351,0.98,0.07999999999999996,0.24907005734668983,0.004614062483703652,0.0006301755209487947,0.4732119691558592,0.34215872842043016,0.1,2.7755575615628914e-17,0.0,1.0,0.24919514237758067
352,0.98,0.07999999999999996,0.24915872955059354,0.004529637623473943,0.0006301755209487947,0.47318700016040577,0.3421296770582405,0.1,2.7755575615628914e-17,0.0,1.0,0.24919514237758067
353,0.98,0.07999999999999996,0.24924740175449725,0.004441839244836481,0.0006301755209487947,0.47316203379978783,0.34210063062890755,0.1,2.7755575615628914e-17,0.0,1.0,0.24919514237758067
354,0.97,0.06999999999999995,0.2493317440385859,0.004350816676407051,0.0006270688546150493,0.49663604171036174,0.37804913934027873,0.1,2.7755575615628914e-17,0.0,0.0,0.2487621503960742
355,0.97,0.06999999999999995,0.24941315305889591,0.004270867796436732,0.0006315862846219046,0.49661079225833077,0.37801967705923234,0.1,2.7755575615628914e-17,0.0,1.0,0.24920937596675286
356,0.97,0.06999999999999995,0.2494945620792059,0.004187811225497555,0.0006315862846219046,0.4965855453735817,0.3779902193699613,0.1,2.7755575615628914e-17,0.0,1.0,0.24920937596675286
357,0.97,0.06999999999999995,0.2496227982143251,0.004123676882795764,0.0006718723186551353,0.49654578148641193,0.377943826694596,0.1,2.7755575615628914e-17,0.0,1.0,0.253892087447676
358,0.97,0.06999999999999995,0.249744090408328,0.004068720010109669,0.0006718723186551353,0.4965081766593894,0.3778999566446193,0.1,2.7755575615628914e-17,0.0,1.0,0.253892087447676
359,0.97,0.06999999999999995,0.24986538260233085,0.0040093428906714116,0.0006718723186551353,0.49647057752777696,0.37785609677794385,0.1,2.7755575615628914e-17,0.0,1.0,0.253892087447676
360,0.97,0.06999999999999995,0.24998667479633377,0.003945345956520909,0.0006648582367194464,0.4964329840902809,0.37781224709102434,0.1,2.7755575615628914e-17,0.0,1.0,0.253892087447676
361,0.97,0.06999999999999995,0.25011491093145294,0.0038608923352201592,0.0006648582367194464,0.49639324463094675,0.37776589808959427,0.1,2.7755575615628914e-17,0.0,1.0,0.253892087447676
362,0.97,0.06999999999999995,0.2502501607451229,0.003777617037994866,0.0006466909293672265,0.49635133857607433,0.37771702642099864,0.1,2.7755575615628914e-17,0.0,1.0,0.254593455302748
363,0.97,0.06999999999999995,0.25035241926050117,0.003733507905176109,0.0006547636419553692,0.49631965930351335,0.3776800843440298,0.1,2.7755575615628914e-17,0.0,1.0,0.2537942567565219
364,0.97,0.06999999999999995,0.25045467777587943,0.0036860356024245285,0.0006528538850540809,0.49628798407450847,0.37764314949248895,0.1,2.7755575615628914e-17,0.0,1.0,0.2537942567565219
365,0.97,0.06999999999999995,0.25055504563192543,0.003638651792608599,0.0006528538850540809,0.4962568984206783,0.3776069045542391,0.1,2.7755575615628914e-17,0.0,1.0,0.2537942567565219
366,0.97,0.06999999999999995,0.2506607936416274,0.00359293869106732,0.0006582883836965101,0.49622415065320546,0.37756872425563187,0.1,2.7755575615628914e-17,0.0,1.0,0.2543322721221224
367,0.97,0.06999999999999995,0.25076654165132944,0.0035434820056790845,0.0006582883836965101,0.49619140720746796,0.3775305516771581,0.1,2.7755575615628914e-17,0.0,1.0,0.2543322721221224
368,0.97,0.06999999999999995,0.2508673855100686,0.0034855989721418908,0.0006632420715377526,0.4961601862909313,0.37749415657266727,0.1,2.7755575615628914e-17,0.0,1.0,0.2538418570258394
369,0.97,0.06999999999999995,0.2509682293688078,0.0034237693697051117,0.0006558450749144148,0.49612896930305717,0.37745776848469975,0.1,2.7755575615628914e-17,0.0,1.0,0.2538418570258394
370,0.97,0.06999999999999995,0.25102388531960357,0.0033626965951736765,0.0006940924297490414,0.49611174225992627,0.37743768882178647,0.1,2.7755575615628914e-17,0.0,1.0,0.25005536889721136
371,0.97,0.06999999999999995,0.25107954127039933,0.0032995552602943894,0.0006940924297490414,0.4960945164131003,0.37741761129511975,0.1,2.7755575615628914e-17,0.0,1.0,0.25005536889721136
372,0.97,0.06999999999999995,0.2511351972211951,0.003234224214639756,0.0006940924297490414,0.4960772917624544,0.3773975359043586,0.1,2.7755575615628914e-17,0.0,1.0,0.25005536889721136
373,0.97,0.06999999999999995,0.25119085317199086,0.0031665679300577074,0.0006940924297490414,0.496060068307864,0.3773774626491623,0.1,2.7755575615628914e-17,0.0,1.0,0.25005536889721136
374,0.97,0.06999999999999995,0.2512348293706075,0.0031031005721433042,0.0007058901592229213,0.49604646014962217,0.37736160340325137,0.1,2.7755575615628914e-17,0.0,1.0,0.24888739367929724
375,0.97,0.06999999999999995,0.2512788055692241,0.0030376711563157572,0.0007058901592229213,0.4960328527379708,0.37734574549025046,0.1,2.7755575615628914e-17,0.0,1.0,0.24888739367929724
376,0.98,0.07999999999999996,0.25132278176784073,0.002970150018921566,0.0006659789122240295,0.47257844564112966,0.3414222024291123,0.1,2.7755575615628914e-17,0.0,1.0,0.24888739367929724
377,0.98,0.07999999999999996,0.25130849134965916,0.002987368845822069,0.000678944307217051,0.4725824591246769,0.341426864673283,0.1,2.7755575615628914e-17,0.0,1.0,0.2470119454523685
378,0.98,0.07999999999999996,0.2512882821902514,0.0030094488466079084,0.0006586643987959869,0.4725881350111873,0.3414334581221664,0.1,2.7755575615628914e-17,0.0,1.0,0.2470119454523685
379,0.98,0.07999999999999996,0.25116474647243925,0.0032601887485060356,0.0007084825264189047,0.47262283386255827,0.3414737684745407,0.1,2.7755575615628914e-17,0.0,1.0,0.23868700054561143
380,0.97,0.06999999999999995,0.2509240059666433,0.003846117543939352,0.0007906892192780815,0.49614265851186873,0.3774737250136487,0.1,2.7755575615628914e-17,0.0,0.0,0.23035947201932538
381,0.97,0.06999999999999995,0.25069444538485863,0.004299446357788437,0.0007959816300804402,0.4962137303757571,0.37755657591958114,0.1,2.7755575615628914e-17,0.0,1.0,0.23128839848722094
382,0.97,0.06999999999999995,0.25046348969675836,0.004723687616278686,0.0007949523670512723,0.4962852547148814,0.3776399670443863,0.1,2.7755575615628914e-17,0.0,1.0,0.23074391005719774
383,0.97,0.06999999999999995,0.2502797942635094,0.004964982420401469,0.0008279475728303454,0.4963421578163357,0.3777063202244634,0.1,2.7755575615628914e-17,0.0,1.0,0.23482355007242295
384,0.96,0.05999999999999994,0.25010078542426983,0.00514677575900667,0.0008408947853963753,0.522325747599341,0.4175015261880548,0.1,2.7755575615628914e-17,0.0,0.0,0.2361053241164599
385,0.96,0.05999999999999994,0.24992499940817328,0.005308053783621844,0.0008441501623085019,0.5223860649674632,0.4175717485172056,0.1,2.7755575615628914e-17,0.0,1.0,0.23642760643076044
386,0.96,0.05999999999999994,0.24972914910607685,0.005511279327436814,0.0008644171178639824,0.522453283392698,0.4176500138768099,0.1,2.7755575615628914e-17,0.0,1.0,0.23442117783076788
387,0.96,0.05999999999999994,0.24949810392599253,0.005803672782848835,0.0008734252151785709,0.5225326034119808,0.41774238148168896,0.1,2.7755575615628914e-17,0.0,1.0,0.2309016900319849
388,0.96,0.05999999999999994,0.24926415019324039,0.006182350421256266,0.0009029054316576315,0.5226129465107666,0.41783595351246466,0.1,2.7755575615628914e-17,0.0,1.0,0.2279831486005579
389,0.96,0.05999999999999994,0.24904102400183956,0.006496665126152341,0.0009097516572805596,0.5226895942964201,0.4179252340270389,0.1,2.7755575615628914e-17,0.0,1.0,0.2290659027356896
390,0.96,0.05999999999999994,0.2488138480324541,0.006787480519908312,0.0009097516572805596,0.5227676563542847,0.41801617420534115,0.1,2.7755575615628914e-17,0.0,1.0,0.2290659027356896
391,0.96,0.05999999999999994,0.24855407115076533,0.007155970718180668,0.0009407721148270165,0.5228569492969961,0.41812021327972315,0.1,2.7755575615628914e-17,0.0,1.0,0.22580581150536272
392,0.96,0.05999999999999994,0.24829702225445874,0.007482767926333412,0.0009435276556169957,0.5229453345811994,0.4182232108001513,0.1,2.7755575615628914e-17,0.0,1.0,0.2262676759767983
393,0.97,0.06999999999999995,0.24804186401748435,0.0077883294639924305,0.0009416178987157063,0.49703644794268625,0.37851656617405116,0.1,2.7755575615628914e-17,0.0,1.0,0.2262676759767983
394,0.97,0.06999999999999995,0.24778481512117767,0.00807332956115486,0.0009397081418144181,0.4971163185601638,0.378609853732558,0.1,2.7755575615628914e-17,0.0,1.0,0.2262676759767983
395,0.97,0.06999999999999995,0.24752965688420328,0.00834167384073233,0.0009397081418144181,0.49719562710009063,0.37870250062514177,0.1,2.7755575615628914e-17,0.0,1.0,0.2262676759767983
396,0.97,0.06999999999999995,0.24727449864722892,0.00859407838430087,0.0009397081418144181,0.4972749609493782,0.3787951928707322,0.1,2.7755575615628914e-17,0.0,1.0,0.2262676759767983
397,0.97,0.06999999999999995,0.24701934041025453,0.00883190990862481,0.0009397081418144181,0.4973543201201438,0.3788879305026397,0.1,2.7755575615628914e-17,0.0,1.0,0.2262676759767983
398,0.97,0.06999999999999995,0.24676418217328014,0.009056316610014858,0.0009397081418144181,0.4974337046245124,0.3789807135542071,0.1,2.7755575615628914e-17,0.0,1.0,0.2262676759767983
399,0.97,0.06999999999999995,0.24650902393630575,0.009268273679375525,0.0009377983849131298,0.49751311447461666,0.3790735420588101,0.1,2.7755575615628914e-17,0.0,1.0,0.2262676759767983
400,0.97,0.06999999999999995,0.24616238152085596,0.009695826003332478,0.0010154974238030245,0.497621036480528,0.3791997260818759,0.1,2.7755575615628914e-17,0.0,1.0,0.21730832406248957
401,0.97,0.06999999999999995,0.24581914116492343,0.01012689068025628,0.0010248604653433177,0.4977279454497627,0.379324754496177,0.1,2.7755575615628914e-17,0.0,1.0,0.21638138295000053
402,0.97,0.06999999999999995,0.2454622300075728,0.010567741143275747,0.0009708580460723225,0.4978391611877448,0.37945485009287905,0.1,2.7755575615628914e-17,0.0,1.0,0.215014302808193
403,0.97,0.06999999999999995,0.24502876017482295,0.010950492918543473,0.000954407482729985,0.4979742999404021,0.37961297169637914,0.1,2.7755575615628914e-17,0.0,1.0,0.2140717549179092
404,0.97,0.06999999999999995,0.24462100187868485,0.011329885125554095,0.0009473900292184304,0.4981014898381382,0.3797618345520562,0.1,2.7755575615628914e-17,0.0,1.0,0.2140717549179092
405,0.97,0.06999999999999995,0.24418354208010304,0.011736982780634328,0.0009703740933268441,0.4982380166325431,0.3799216705919034,0.1,2.7755575615628914e-17,0.0,1.0,0.21179633257117625
406,0.97,0.06999999999999995,0.24372685103283367,0.012166756835445568,0.0009738453141257098,0.4983806251787087,0.380088676822997,0.1,2.7755575615628914e-17,0.0,1.0,0.20987320770242257
407,0.97,0.06999999999999995,0.24328595472566092,0.012579686785797572,0.0009667607903371036,0.49851837905484103,0.3802500464696558,0.1,2.7755575615628914e-17,0.0,1.0,0.20987320770242257
408,0.97,0.06999999999999995,0.24283804473993748,0.012958293360882878,0.0009596762665484973,0.49865840228820746,0.38041412351704246,0.1,2.7755575615628914e-17,0.0,1.0,0.20987320770242257
409,0.97,0.06999999999999995,0.24239714843276475,0.013317363543057247,0.0008945648501568742,0.49879630978520456,0.3805757696826941,0.1,2.7755575615628914e-17,0.0,1.0,0.20987320770242257
410,0.97,0.06999999999999995,0.24201321802221593,0.013711813849450366,0.0009021349568274159,0.49891646112559945,0.3807166423340317,0.1,2.7755575615628914e-17,0.0,1.0,0.20912376714203895
411,0.97,0.06999999999999995,0.2416246689669527,0.014095498429723883,0.0008921938267845826,0.49903811682249727,0.38085931588850586,0.1,2.7755575615628914e-17,0.0,1.0,0.20866190267060358
412,0.97,0.06999999999999995,0.24125058027514626,0.014464124409846279,0.0008876763967777274,0.49915530101408345,0.3809967807340687,0.1,2.7755575615628914e-17,0.0,1.0,0.20866190267060358
413,0.97,0.06999999999999995,0.24088558248376096,0.0148056666334159,0.0008923416944689938,0.4992696905157201,0.3811310006606415,0.1,2.7755575615628914e-17,0.0,1.0,0.20912376714203895
414,0.97,0.06999999999999995,0.24052058469237564,0.015130703460207878,0.0008888378279266367,0.4993841324577791,0.3812653151882098,0.1,2.7755575615628914e-17,0.0,1.0,0.20912376714203895
415,0.97,0.06999999999999995,0.2401463811587837,0.015467433671591698,0.0009016404239706946,0.49950151526052183,0.3814031156261619,0.1,2.7755575615628914e-17,0.0,1.0,0.20785631013367722
416,0.97,0.06999999999999995,0.2397721776251917,0.015788121009174115,0.0009016404239706946,0.4996189532590988,0.38154101571034765,0.1,2.7755575615628914e-17,0.0,1.0,0.20785631013367722
417,0.97,0.06999999999999995,0.23940546849720357,0.01607920263712213,0.0009092105306412339,0.4997340928405138,0.3816762507611581,0.1,2.7755575615628914e-17,0.0,1.0,0.20860575069406062
418,0.97,0.06999999999999995,0.23901464142259063,0.01640345536584143,0.0009335720928884616,0.49985686342468133,0.3818204856035068,0.1,2.7755575615628914e-17,0.0,1.0,0.20619395603158508
419,0.97,0.06999999999999995,0.23862381434797772,0.016712284309099334,0.0009335720928884616,0.4999796943462178,0.3819648294992974,0.1,2.7755575615628914e-17,0.0,1.0,0.20619395603158508
420,0.97,0.06999999999999995,0.23823298727336478,0.017006529749266384,0.0009335720928884616,0.5001025856496146,0.3821092825722566,0.1,2.7755575615628914e-17,0.0,1.0,0.20619395603158508
421,0.97,0.06999999999999995,0.23784216019875185,0.0172869363911798,0.0009335720928884616,0.5002255373794071,0.38225384494629877,0.1,2.7755575615628914e-17,0.0,1.0,0.20619395603158508
422,0.97,0.06999999999999995,0.2374513331241389,0.017554167421675385,0.0008794515538181217,0.500348549580174,0.3823985167455253,0.1,2.7755575615628914e-17,0.0,1.0,0.20619395603158508
423,0.97,0.06999999999999995,0.2369829542456631,0.017819028253733236,0.0009036661701649118,0.5004960508110231,0.3825720400891159,0.1,2.7755575615628914e-17,0.0,1.0,0.20379670901325286
424,0.97,0.06999999999999995,0.23651457536718726,0.018067871606774078,0.0009036661701649118,0.5006436390333457,0.3827457209857254,0.1,2.7755575615628914e-17,0.0,1.0,0.20379670901325286
425,0.97,0.06999999999999995,0.23604619648871142,0.018301350861146773,0.0009036661701649118,0.5007913143241215,0.3829195596500297,0.1,2.7755575615628914e-17,0.0,1.0,0.20379670901325286
426,0.97,0.06999999999999995,0.23557781761023563,0.018520047104127944,0.0009036661701649118,0.5009390767604214,0.3830935562970955,0.1,2.7755575615628914e-17,0.0,1.0,0.20379670901325286
427,0.97,0.06999999999999995,0.2351271972204148,0.018695592424550593,0.0009216040374932864,0.5010813191383112,0.3832611052094182,0.1,2.7755575615628914e-17,0.0,1.0,0.20557255787876194
428,0.97,0.06999999999999995,0.23469188571148597,0.018835715858486157,0.0009300501000341784,0.5012188058613292,0.3834231012320325,0.1,2.7755575615628914e-17,0.0,1.0,0.20710344596795438
429,0.97,0.06999999999999995,0.23426352148153357,0.018970685441767908,0.0009287702458701062,0.5013541720592943,0.38358264564610794,0.1,2.7755575615628914e-17,0.0,1.0,0.20710344596795438
430,0.97,0.06999999999999995,0.2338364243072036,0.019096158710981536,0.0009287702458701062,0.5014892106718215,0.3837418503857754,0.1,2.7755575615628914e-17,0.0,1.0,0.20710344596795438
431,0.97,0.06999999999999995,0.23338520918624886,0.01924581249108858,0.0009531318081173361,0.5016319538867682,0.383910188953634,0.1,2.7755575615628914e-17,0.0,1.0,0.20469165130547862
432,0.97,0.06999999999999995,0.23293399406529405,0.01938381100812042,0.0009531318081173361,0.5017747783853249,0.3840786752786893,0.1,2.7755575615628914e-17,0.0,1.0,0.20469165130547862
433,0.97,0.06999999999999995,0.2324827789443393,0.019510401579264407,0.0009461143546057814,0.5019176842369408,0.3842473095555649,0.1,2.7755575615628914e-17,0.0,1.0,0.20469165130547862
434,0.97,0.06999999999999995,0.2320487344910329,0.01958722629333064,0.0009659584868461562,0.502055228741911,0.38440966637132895,0.1,2.7755575615628914e-17,0.0,1.0,0.20710344596795438
435,0.97,0.06999999999999995,0.23161021778201973,0.019649816747510214,0.0009659584868461562,0.5021942670367708,0.3845738354492163,0.1,2.7755575615628914e-17,0.0,1.0,0.20710344596795438
436,0.97,0.06999999999999995,0.23117170107300652,0.01970245083097925,0.0009659584868461562,0.5023333823630068,0.38473814480974233,0.1,2.7755575615628914e-17,0.0,1.0,0.20710344596795438
437,0.97,0.06999999999999995,0.23073318436399337,0.019745208164904455,0.0009659584868461562,0.5024725747846531,0.38490259463279136,0.1,2.7755575615628914e-17,0.0,1.0,0.20710344596795438
438,0.97,0.06999999999999995,0.23029466765498013,0.0197781528054441,0.0009659584868461562,0.5026118443658153,0.38506718509855553,0.1,2.7755575615628914e-17,0.0,1.0,0.20710344596795438
439,0.97,0.06999999999999995,0.22985615094596695,0.01980133373051967,0.0009659584868461562,0.5027511911706696,0.38523191638753507,0.1,2.7755575615628914e-17,0.0,1.0,0.20710344596795438
440,0.97,0.06999999999999995,0.22943030880703738,0.019800908341613337,0.000974387426511363,0.5028865843649865,0.38539202135040856,0.1,2.7755575615628914e-17,0.0,1.0,0.2083709029763161
441,0.97,0.06999999999999995,0.22900347246263292,0.019783021361128143,0.0009764769807717421,0.5030223668585492,0.38555263371072934,0.1,2.7755575615628914e-17,0.0,1.0,0.20870447441033702
442,0.97,0.06999999999999995,0.2285818149658447,0.019748050318898105,0.000943866643283789,0.5031565739040367,0.3857114288435759,0.1,2.7755575615628914e-17,0.0,1.0,0.20934906473420867
443,0.97,0.06999999999999995,0.2281027143196963,0.019672929126337824,0.0009627686756155422,0.5033091511517235,0.38589201574077797,0.1,2.7755575615628914e-17,0.0,1.0,0.2074777635333651
444,0.97,0.06999999999999995,0.22762361367354791,0.01958580390394562,0.0009627686756155422,0.5034618209625575,0.3860727718157677,0.1,2.7755575615628914e-17,0.0,1.0,0.2074777635333651
445,0.97,0.06999999999999995,0.22715087248536922,0.019480197071736177,0.0009691923705343953,0.5036125550843732,0.3862512946377601,0.1,2.7755575615628914e-17,0.0,1.0,0.20811370933033158
446,0.97,0.06999999999999995,0.2266781312971905,0.019362475897507135,0.0009691923705343953,0.5037633794914064,0.3864299826366009,0.1,2.7755575615628914e-17,0.0,1.0,0.20811370933033158
447,0.97,0.06999999999999995,0.22620539010901175,0.01923241792774402,0.0009691923705343953,0.5039142942647986,0.38660883604163937,0.1,2.7755575615628914e-17,0.0,1.0,0.20811370933033158
448,0.97,0.06999999999999995,0.2257343198465014,0.01908823600759682,0.0009708801742398476,0.5040647655914514,0.3867872220395819,0.1,2.7755575615628914e-17,0.0,1.0,0.20828080189717135
449,0.97,0.06999999999999995,0.22526324958399113,0.01893123857626804,0.0009556279086873244,0.504215326807926,0.3869657727324354,0.1,2.7755575615628914e-17,0.0,1.0,0.20828080189717135
450,0.97,0.06999999999999995,0.2248039433500376,0.018788063264187034,0.0009116972011428597,0.5043622146896127,0.38714002327705044,0.1,2.7755575615628914e-17,0.0,1.0,0.20794723046315045
451,0.97,0.06999999999999995,0.22438510477292364,0.018706323012385444,0.0009181208960617129,0.5044962354847797,0.38729905815040955,0.1,2.7755575615628914e-17,0.0,1.0,0.20731128466618398
452,0.97,0.06999999999999995,0.22397262565377932,0.018609219195838533,0.000924544590980566,0.5046282909971831,0.3874558060613478,0.1,2.7755575615628914e-17,0.0,1.0,0.20794723046315045
453,0.97,0.06999999999999995,0.22356798272818892,0.01849596353231777,0.000928086281625801,0.5047579049387215,0.3876096994421553,0.1,2.7755575615628914e-17,0.0,1.0,0.20873084981853518
454,0.98,0.07999999999999996,0.22319064006155404,0.018362553185333044,0.0009467712143871814,0.4806136673527601,0.35085371309683827,0.1,2.7755575615628914e-17,0.0,1.0,0.21102788373259052
455,0.98,0.07999999999999996,0.22279615056912883,0.018222560128762555,0.0009595738104312416,0.4807282862631244,0.3509896747651962,0.1,2.7755575615628914e-17,0.0,1.0,0.20976042672422857
456,0.98,0.07999999999999996,0.22242322550158694,0.018059059427602046,0.00093405594181921,0.48083668991045525,0.35111830113468684,0.1,2.7755575615628914e-17,0.0,1.0,0.2119168692125606
457,0.98,0.07999999999999996,0.22200347331923573,0.017808828653731647,0.00093405594181921,0.4809587639865974,0.3512631915641369,0.1,2.7755575615628914e-17,0.0,1.0,0.2119168692125606
458,0.98,0.07999999999999996,0.22155960319025983,0.017559915145984553,0.0009584175040664377,0.4810879195908766,0.3514165371872875,0.1,2.7755575615628914e-17,0.0,1.0,0.20950507455008505
459,0.98,0.07999999999999996,0.22111573306128393,0.01729603481921761,0.0009584175040664377,0.4812171445801097,0.35157001675644045,0.1,2.7755575615628914e-17,0.0,1.0,0.20950507455008505
460,0.98,0.07999999999999996,0.22066085889712606,0.01702406317166663,0.0009695326911188762,0.48134964524582047,0.3517274404070009,0.1,2.7755575615628914e-17,0.0,1.0,0.20840467103189364
461,0.98,0.07999999999999996,0.2202059847329682,0.016735316318126994,0.0009624481673302698,0.4814822188983812,0.3518850051009173,0.1,2.7755575615628914e-17,0.0,1.0,0.20840467103189364
462,0.98,0.07999999999999996,0.21974409689025973,0.016414176818146036,0.0009543754547421272,0.4816169114420978,0.3520451437930531,0.1,2.7755575615628914e-17,0.0,1.0,0.20840467103189364
463,0.98,0.07999999999999996,0.2192265900913545,0.01614609356942294,0.00101862893116527,0.4817679127473059,0.3522247390658307,0.1,2.7755575615628914e-17,0.0,1.0,0.2020435768660025
464,0.98,0.07999999999999996,0.21870908329244934,0.015856602659899525,0.00101862893116527,0.4819190087690604,0.352404517672624,0.1,2.7755575615628914e-17,0.0,1.0,0.2020435768660025
465,0.98,0.07999999999999996,0.21818521703557447,0.015551241769684847,0.0010196181274416962,0.482072058117145,0.3525866925296047,0.1,2.7755575615628914e-17,0.0,1.0,0.2014076310690358
466,0.98,0.07999999999999996,0.21765597062504363,0.015208872305679919,0.0010196181274416962,0.4822267780419755,0.35277092970011215,0.1,2.7755575615628914e-17,0.0,1.0,0.2014076310690358
467,0.98,0.07999999999999996,0.21714007541652386,0.014826199079485292,0.0010281505022379357,0.4823776904931372,0.3529507045622828,0.1,2.7755575615628914e-17,0.0,1.0,0.20274275127014652
468,0.98,0.07999999999999996,0.21662908435896694,0.014427670947745065,0.0010281505022379357,0.48252726149770764,0.3531289511829955,0.1,2.7755575615628914e-17,0.0,1.0,0.20274275127014652
469,0.98,0.07999999999999996,0.21610474209939887,0.014012557799283126,0.0010033892100407911,0.4826808369542528,0.35331204229119056,0.1,2.7755575615628914e-17,0.0,1.0,0.2014076310690358
470,0.98,0.07999999999999996,0.21562691449116464,0.013656876860118532,0.001012126351502923,0.48282087381798694,0.3534790567205448,0.1,2.7755575615628914e-17,0.0,1.0,0.20227260807378689
471,0.98,0.07999999999999996,0.2151490868829304,0.013274492706700693,0.001012126351502923,0.4829609919611617,0.35364622912363447,0.1,2.7755575615628914e-17,0.0,1.0,0.20227260807378689
472,0.98,0.07999999999999996,0.21467125927469616,0.012863024108726423,0.001012126351502923,0.48310119145456176,0.35381355972469947,0.1,2.7755575615628914e-17,0.0,1.0,0.20227260807378689
473,0.98,0.07999999999999996,0.21419343166646193,0.01241958064415714,0.001000328622029043,0.4832414723690531,0.3539810487484038,0.1,2.7755575615628914e-17,0.0,1.0,0.20227260807378689
474,0.98,0.07999999999999996,0.21372728381040684,0.011975518356330721,0.001000328622029043,0.48337840286283545,0.3541445966401172,0.1,2.7755575615628914e-17,0.0,1.0,0.20227260807378689
475,0.98,0.07999999999999996,0.2132880804868363,0.011472803583426122,0.001027545321508411,0.48350748944667615,0.3542988293831466,0.1,2.7755575615628914e-17,0.0,1.0,0.2049670613222443
476,0.98,0.07999999999999996,0.212829638333653,0.010944931340762092,0.001028034561249263,0.48364230409171743,0.3544599614858011,0.1,2.7755575615628914e-17,0.0,1.0,0.2030431783609712
477,0.98,0.07999999999999996,0.21234461094478388,0.01048440350934364,0.0010738322561534622,0.48378501855942885,0.35463059733581975,0.1,2.7755575615628914e-17,0.0,1.0,0.19850920656545545
478,0.98,0.07999999999999996,0.21185039251969037,0.009991855650487009,0.000999025778534063,0.48393052405815873,0.35480463572253185,0.1,2.7755575615628914e-17,0.0,1.0,0.19759010294301893
479,0.98,0.07999999999999996,0.2114154928116266,0.009758040336035783,0.0009390817853775036,0.48405863763257934,0.3549579264579286,0.1,2.7755575615628914e-17,0.0,1.0,0.19519702973923225
480,0.99,0.08999999999999997,0.21105724075523744,0.009713496859514476,0.0009363932691242521,0.46180526445065173,0.3212935615948673,0.1,2.7755575615628914e-17,0.0,1.0,0.1945342663804086
481,0.99,0.08999999999999997,0.21065423871616035,0.009701766813759635,0.0009667122930724796,0.4619133709236741,0.32142229027998215,0.1,2.7755575615628914e-17,0.0,1.0,0.19098819457951088
482,0.99,0.08999999999999997,0.21025949072829175,0.009679376842010052,0.0009283413504017848,0.4620193123047092,0.3215484824638072,0.1,2.7755575615628914e-17,0.0,1.0,0.1912691112703373
483,0.99,0.08999999999999997,0.20984880620050833,0.009497983690235079,0.0009405051077725726,0.46212958228133694,0.32167987441796797,0.1,2.7755575615628914e-17,0.0,1.0,0.19375509729408225
484,1.0,0.09999999999999998,0.20937759625539706,0.009351410154238767,0.0009854393034740942,0.44183220227943704,0.2912045165089948,0.1,2.7755575615628914e-17,0.0,1.0,0.18898432960533107
485,1.0,0.09999999999999998,0.20890534877025765,0.009164007002998449,0.0009673797046003887,0.4419481663356026,0.29134147520077874,0.1,2.7755575615628914e-17,0.0,1.0,0.18920285791682678
486,1.0,0.09999999999999998,0.20841088096323104,0.009107736001738297,0.0009745410479331529,0.44206965201909487,0.2914850162429315,0.1,2.7755575615628914e-17,0.0,1.0,0.18497439712810015
487,1.0,0.09999999999999998,0.20793410560709105,0.009165636221895094,0.0009627400507481701,0.44218685411278463,0.2916235552778814,0.1,2.7755575615628914e-17,0.0,1.0,0.18322415441798645
488,1.0,0.09999999999999998,0.2074865156652653,0.009267940775826758,0.0009518031402922943,0.44229693834574263,0.2917537336586174,0.1,2.7755575615628914e-17,0.0,1.0,0.18322415441798645
489,1.0,0.09999999999999998,0.20704560060918945,0.009279632292527528,0.0009694823595863721,0.44240543450317976,0.2918820843801194,0.1,2.7755575615628914e-17,0.0,1.0,0.18497439712810015
490,1.0,0.09999999999999998,0.2066188629479874,0.009238300122046177,0.0009508727460213529,0.4425104927237799,0.29200641563835883,0.1,2.7755575615628914e-17,0.0,1.0,0.18639213661549014
491,1.0,0.09999999999999998,0.2062247261990887,0.009252062472769499,0.0009462074483300843,0.44260756928451545,0.2921213426555321,0.1,2.7755575615628914e-17,0.0,1.0,0.18639213661549014
492,1.0,0.09999999999999998,0.2058049449561263,0.009285405977217793,0.0009674456799960471,0.44271100897909355,0.2922438469227979,0.1,2.7755575615628914e-17,0.0,1.0,0.18428955168055983
493,1.0,0.09999999999999998,0.20538297843004893,0.009304682062268662,0.0009696530366778243,0.4428150358949987,0.2923670925130445,0.1,2.7755575615628914e-17,0.0,1.0,0.1840710233690639
494,1.0,0.09999999999999998,0.20495999051877878,0.009307100387837131,0.0009706847388928464,0.4429193636888809,0.29249074079623355,0.1,2.7755575615628914e-17,0.0,1.0,0.1839688848497767
495,1.0,0.09999999999999998,0.20453700260750854,0.009290279297873152,0.0009706847388928464,0.4430237406538738,0.29261449371066917,0.1,2.7755575615628914e-17,0.0,1.0,0.1839688848497767
496,1.0,0.09999999999999998,0.20409971893744505,0.009286271373757028,0.000985124899290125,0.44313169698504273,0.2927425392495931,0.1,2.7755575615628914e-17,0.0,1.0,0.18253930897044612
497,1.0,0.09999999999999998,0.20366520094700732,0.009255369590391724,0.0009879185150738063,0.44323902265515186,0.29286988599195213,0.1,2.7755575615628914e-17,0.0,1.0,0.18281587693303059
498,1.0,0.09999999999999998,0.20323068295656965,0.009203873353887943,0.0009879185150738063,0.4433464003260095,0.29299734357744717,0.1,2.7755575615628914e-17,0.0,1.0,0.18281587693303059
499,1.0,0.09999999999999998,0.20279616496613198,0.009131434246931922,0.0008974200108888696,0.4434538300354174,0.2931249121508587,0.1,2.7755575615628914e-17,0.0,1.0,0.18281587693303059
500,1.0,0.09999999999999998,0.20245021910964453,0.009229865861233368,0.0008890886715635985,0.44353939850970936,0.29322655660486424,0.1,2.7755575615628914e-17,0.0,1.0,0.1827137384137434
501,0.99,0.08999999999999997,0.20211354266428191,0.009329072099122591,0.0008752797812423103,0.4642163994686898,0.32417486215510116,0.1,2.7755575615628914e-17,0.0,0.0,0.1827137384137434
502,0.99,0.08999999999999997,0.20184937327007416,0.009334043907188817,0.0009251896507714661,0.4642879998738477,0.3242607528857932,0.1,2.7755575615628914e-17,0.0,1.0,0.18859736338741362
503,0.99,0.08999999999999997,0.2015589684098622,0.009400779802451081,0.0009612108072431552,0.4643667366237684,0.3243552262199294,0.1,2.7755575615628914e-17,0.0,1.0,0.1850312688967164
504,0.99,0.08999999999999997,0.2012561020065671,0.009480312936324186,0.0009508141603904901,0.4644488804948229,0.32445381215428337,0.1,2.7755575615628914e-17,0.0,1.0,0.1837851145883973
505,0.99,0.08999999999999997,0.20097598982673925,0.009578061387747267,0.0009313886566657054,0.4645248788046996,0.32454504472923007,0.1,2.7755575615628914e-17,0.0,1.0,0.1837851145883973
506,0.99,0.08999999999999997,0.20071510889559904,0.009686839429997339,0.0009313886566657054,0.46459568178280636,0.3246300598401538,0.1,2.7755575615628914e-17,0.0,1.0,0.1837851145883973
507,0.99,0.08999999999999997,0.20044727125179004,0.009799543574618454,0.000938415639159373,0.4646683952680165,0.32471738833370906,0.1,2.7755575615628914e-17,0.0,1.0,0.18308944332152421
508,0.99,0.08999999999999997,0.20020620375563147,0.009861020266957694,0.0009654561923416077,0.46473386056614424,0.3247960286023363,0.1,2.7755575615628914e-17,0.0,1.0,0.18576645808656544
509,0.99,0.08999999999999997,0.1999651362594729,0.009916257361749272,0.0009578860856710661,0.46479934431316666,0.3248747069704935,0.1,2.7755575615628914e-17,0.0,1.0,0.18576645808656544
510,0.99,0.08999999999999997,0.1997315631689182,0.009972703901047219,0.0009532207879797996,0.46486280987934453,0.32495097572054055,0.1,2.7755575615628914e-17,0.0,1.0,0.18576645808656544
511,0.99,0.08999999999999997,0.1995026087230778,0.010027718330864218,0.0009532207879797996,0.4649250373087079,0.32502577110507225,0.1,2.7755575615628914e-17,0.0,1.0,0.18576645808656544
512,0.99,0.08999999999999997,0.19925615185013634,0.010102165662154949,0.0009662347095826089,0.46499204033659153,0.32510632271457307,0.1,2.7755575615628914e-17,0.0,1.0,0.18401621537645196
513,0.99,0.08999999999999997,0.19899423818150233,0.01018214626854248,0.0009771823368332022,0.46506326669852777,0.32519196997346017,0.1,2.7755575615628914e-17,0.0,1.0,0.18293240027864321
514,0.99,0.08999999999999997,0.19873996525637255,0.010243319288247342,0.0009720976635206375,0.4651324360693047,0.32527516184781263,0.1,2.7755575615628914e-17,0.0,1.0,0.18369647462906102
515,0.99,0.08999999999999997,0.198503544938917,0.010302842997212056,0.000977328004521177,0.4651967674914745,0.3253525509822989,0.1,2.7755575615628914e-17,0.0,1.0,0.18421427838811444
516,0.99,0.08999999999999997,0.19826712462146137,0.010356629204350773,0.0009697578978506376,0.4652611167111747,0.3254299769502364,0.1,2.7755575615628914e-17,0.0,1.0,0.18421427838811444
517,0.99,0.08999999999999997,0.19802320989840191,0.01039741444139728,0.00094539633560341,0.46532752442945197,0.3255098959137811,0.1,2.7755575615628914e-17,0.0,1.0,0.18421427838811444
518,0.99,0.08999999999999997,0.19780341312196717,0.010454528751410772,0.00094539633560341,0.4653873820855633,0.32558194623235354,0.1,2.7755575615628914e-17,0.0,1.0,0.18421427838811444
519,0.99,0.08999999999999997,0.19757994863332085,0.010511464980841581,0.0009491010954131151,0.465448254365725,0.3256552315488656,0.1,2.7755575615628914e-17,0.0,1.0,0.18384750716695364
520,0.99,0.08999999999999997,0.1973564841446745,0.010563368208931822,0.0009491010954131151,0.46550914257205656,0.32572854986442357,0.1,2.7755575615628914e-17,0.0,1.0,0.18384750716695364
521,0.99,0.08999999999999997,0.19713301965602817,0.01061031229682294,0.0009491010954131151,0.46557004671080887,0.32580190120132074,0.1,2.7755575615628914e-17,0.0,1.0,0.18384750716695364
522,0.99,0.08999999999999997,0.19694051310462246,0.010618802487515245,0.0009561571227436998,0.46562252619647926,0.3258651172107395,0.1,2.7755575615628914e-17,0.0,1.0,0.18694330089101374
523,0.99,0.08999999999999997,0.19663335744430807,0.010857589183257643,0.0010961789198063257,0.4657062848421535,0.3259660329297274,0.1,2.7755575615628914e-17,0.0,1.0,0.17308114298181376
524,0.99,0.08999999999999997,0.1963262017839937,0.011082726662541148,0.0010961789198063257,0.4657900736271467,0.3260670111723585,0.1,2.7755575615628914e-17,0.0,1.0,0.17308114298181376
525,0.99,0.08999999999999997,0.19601904612367935,0.011295031141235565,0.0010961789198063257,0.46587389256772965,0.3261680519967566,0.1,2.7755575615628914e-17,0.0,1.0,0.17308114298181376
526,0.99,0.08999999999999997,0.19571189046336496,0.011495213677310899,0.0010782410524779512,0.4659577416801848,0.326269155461118,0.1,2.7755575615628914e-17,0.0,1.0,0.17308114298181376
527,0.99,0.08999999999999997,0.19538697631439547,0.011669770690969108,0.0010627775364255023,0.46604647146364475,0.32637617255748297,0.1,2.7755575615628914e-17,0.0,1.0,0.17308114298181376
528,0.99,0.08999999999999997,0.19504675328453408,0.011818229210204674,0.0010627775364255023,0.4661394181269431,0.3264883072149273,0.1,2.7755575615628914e-17,0.0,1.0,0.17308114298181376
529,0.99,0.08999999999999997,0.19471064204633254,0.011947797601740088,0.001066930861334481,0.46623127788787677,0.326599162348095,0.1,2.7755575615628914e-17,0.0,1.0,0.17349232214780264
530,0.99,0.08999999999999997,0.19438699235121418,0.012045670446273481,0.0010551567163429993,0.4663197661109361,0.32670597862249806,0.1,2.7755575615628914e-17,0.0,1.0,0.17473847645612173
531,0.99,0.08999999999999997,0.1940874606027206,0.012157600052602108,0.0010551567163429993,0.4664016902419869,0.3268048973623812,0.1,2.7755575615628914e-17,0.0,1.0,0.17473847645612173
532,0.99,0.08999999999999997,0.19378792885422702,0.012261193377527489,0.0010551567163429993,0.46648364316333596,0.32690387602085347,0.1,2.7755575615628914e-17,0.0,1.0,0.17473847645612173
533,0.99,0.08999999999999997,0.19348839710573343,0.012356660087034274,0.0010307951540957695,0.4665656248901624,0.3270029146523734,0.1,2.7755575615628914e-17,0.0,1.0,0.17473847645612173
534,0.99,0.08999999999999997,0.19315235024054828,0.012438499973549793,0.001043317548102672,0.4666576350964199,0.32711409827231475,0.1,2.7755575615628914e-17,0.0,1.0,0.17349875944943838
535,0.98,0.07999999999999996,0.1927852810651062,0.01256238374505683,0.0010746532150288925,0.48961118326025704,0.36165130416074404,0.1,2.7755575615628914e-17,0.0,0.0,0.17039652842374253
536,0.98,0.07999999999999996,0.19244923419992105,0.012624189421936447,0.0011059888819551133,0.489712508447831,0.3617743560512914,0.1,2.7755575615628914e-17,0.0,1.0,0.17349875944943838
537,0.98,0.07999999999999996,0.1921131873347359,0.012676788898320995,0.0011059888819551133,0.4898138755826445,0.36189749170717467,0.1,2.7755575615628914e-17,0.0,1.0,0.17349875944943838
538,0.98,0.07999999999999996,0.19177714046955072,0.012720296379921942,0.0011059888819551133,0.48991528469075135,0.3620207112139558,0.1,2.7755575615628914e-17,0.0,1.0,0.17349875944943838
539,0.98,0.07999999999999996,0.19143889931897276,0.012757909942453783,0.0010954027358027348,0.49001739838165115,0.3621448200678903,0.1,2.7755575615628914e-17,0.0,1.0,0.17327933091016212
540,0.98,0.07999999999999996,0.1910831926491775,0.012776729201586777,0.001096872669937652,0.49012483077626506,0.36227542927512213,0.1,2.7755575615628914e-17,0.0,1.0,0.1728002359967844
541,0.98,0.07999999999999996,0.19071817108470593,0.012789501433917237,0.0010964012326621806,0.490235125489201,0.3624095567259735,0.1,2.7755575615628914e-17,0.0,1.0,0.17220231796318441
542,0.98,0.07999999999999996,0.1903278321688919,0.012810569999936544,0.0010965612691221705,0.49035312501610845,0.3625530969896417,0.1,2.7755575615628914e-17,0.0,1.0,0.17031517315280187
543,0.98,0.07999999999999996,0.18992200549937252,0.012903322748448926,0.0011311074971158462,0.49047586673940924,0.3627024532130661,0.1,2.7755575615628914e-17,0.0,1.0,0.16689509658142798
544,0.98,0.07999999999999996,0.1895216000010868,0.012973396841481296,0.0011301597327360382,0.49059702907363545,0.3628499349359571,0.1,2.7755575615628914e-17,0.0,1.0,0.16743721370479347
545,0.98,0.07999999999999996,0.18911483504483143,0.013021678223817874,0.0011301597327360382,0.4907201770845424,0.3629998819048167,0.1,2.7755575615628914e-17,0.0,1.0,0.16743721370479347
546,0.98,0.07999999999999996,0.18870807008857607,0.013057115549135401,0.0011301597327360382,0.4908433869353685,0.36314995285544754,0.1,2.7755575615628914e-17,0.0,1.0,0.16743721370479347
547,0.98,0.07999999999999996,0.18829350455324967,0.01309248035122535,0.0011363513018296208,0.4909690232742981,0.36330302946451276,0.1,2.7755575615628914e-17,0.0,1.0,0.16665715579768903
548,0.98,0.07999999999999996,0.18787726809225483,0.01311206254863587,0.0011363513018296208,0.4910952307181194,0.3634568529432964,0.1,2.7755575615628914e-17,0.0,1.0,0.16665715579768903
549,0.98,0.07999999999999996,0.18746103163126004,0.013118415347462286,0.0011329818934051673,0.49122150306385376,0.3636108067358035,0.1,2.7755575615628914e-17,0.0,1.0,0.16665715579768903
550,0.98,0.07999999999999996,0.18705593146367644,0.013105014479216843,0.001134437571285349,0.49134445939543747,0.36376076682468317,0.1,2.7755575615628914e-17,0.0,1.0,0.16743721370479347
551,0.98,0.07999999999999996,0.18665719075406254,0.013089253526401858,0.0011280138763664958,0.4914655456258625,0.3639084936121644,0.1,2.7755575615628914e-17,0.0,1.0,0.16743721370479347
552,0.98,0.07999999999999996,0.18625209058647893,0.013050895333357251,0.0011200985293424075,0.49158862417437227,0.3640586993958578,0.1,2.7755575615628914e-17,0.0,1.0,0.16743721370479347
553,0.98,0.07999999999999996,0.18583915422534156,0.012986238959702651,0.0010968961665741718,0.4917141469968177,0.3642119384082326,0.1,2.7755575615628914e-17,0.0,1.0,0.16743721370479347
554,0.98,0.07999999999999996,0.18539782635382993,0.012872128195702201,0.0010895695010691572,0.49184837104665896,0.3643758560709022,0.1,2.7755575615628914e-17,0.0,1.0,0.16689509658142798
555,0.98,0.07999999999999996,0.18493815074214492,0.012814552780390332,0.0010991229206384887,0.49198825325356926,0.3645467453854278,0.1,2.7755575615628914e-17,0.0,1.0,0.16379286555573214
556,0.98,0.07999999999999996,0.1844569107055766,0.01269542789124105,0.0010991229206384887,0.4921347829290009,0.3647258233366475,0.1,2.7755575615628914e-17,0.0,1.0,0.16379286555573214
557,0.98,0.07999999999999996,0.18397145651968974,0.012563586137390252,0.0010790180748746884,0.4922826842023363,0.3649066477922292,0.1,2.7755575615628914e-17,0.0,1.0,0.16337145062387282
558,0.98,0.07999999999999996,0.1835282796699235,0.012436078406179328,0.0010973608925472628,0.4924177826615783,0.3650718811971988,0.1,2.7755575615628914e-17,0.0,1.0,0.1651873895734577
559,0.98,0.07999999999999996,0.18308510282015722,0.012291280819235946,0.0010862457054948245,0.49255295529204146,0.3652372643086566,0.1,2.7755575615628914e-17,0.0,1.0,0.1651873895734577
560,0.98,0.07999999999999996,0.18265293000557287,0.012152418972615077,0.0010862457054948245,0.49268484309006405,0.36539868534587144,0.1,2.7755575615628914e-17,0.0,1.0,0.1651873895734577
561,0.98,0.07999999999999996,0.18222075719098846,0.011996392912509186,0.0010862457054948245,0.4928168015365313,0.36556024913014407,0.1,2.7755575615628914e-17,0.0,1.0,0.1651873895734577
562,0.98,0.07999999999999996,0.18178216805560335,0.01183170170281723,0.0010284733611936833,0.4929507914124754,0.3657243577326259,0.1,2.7755575615628914e-17,0.0,1.0,0.16454575749337952
563,0.98,0.07999999999999996,0.18143035188167098,0.011746755719599366,0.0010518693407834394,0.4930583246464324,0.36585610469801116,0.1,2.7755575615628914e-17,0.0,1.0,0.1668619594727654
564,0.98,0.07999999999999996,0.1810714326222207,0.011659450393953077,0.001052620479721032,0.49316807730714457,0.36599060945337325,0.1,2.7755575615628914e-17,0.0,1.0,0.16615165092097706
565,0.98,0.07999999999999996,0.18072330691901295,0.011566401157554067,0.001057099366865311,0.49327457613324005,0.36612116384756216,0.1,2.7755575615628914e-17,0.0,1.0,0.1665950607482607
566,0.98,0.07999999999999996,0.18037518121580523,0.011462028833300662,0.0010436133042278292,0.4933811209657593,0.3662518114164478,0.1,2.7755575615628914e-17,0.0,1.0,0.1665950607482607
567,0.98,0.07999999999999996,0.1800137043105864,0.011320038636067056,0.0010436133042278292,0.49349180068936377,0.36638756824802704,0.1,2.7755575615628914e-17,0.0,1.0,0.1665950607482607
568,0.98,0.07999999999999996,0.17964779330709468,0.011169818859070164,0.0010346061287346265,0.49360388866487265,0.36652509289500024,0.1,2.7755575615628914e-17,0.0,1.0,0.16615165092097706
569,0.98,0.07999999999999996,0.1792952335056141,0.011033000866927505,0.0010258689872724943,0.4937119349982085,0.3666576972964141,0.1,2.7755575615628914e-17,0.0,1.0,0.16615165092097706
570,0.98,0.07999999999999996,0.178934023934086,0.010864832073538468,0.0010258689872724943,0.4938226812281979,0.3667936545859562,0.1,2.7755575615628914e-17,0.0,1.0,0.16615165092097706
571,0.98,0.07999999999999996,0.1785728143625579,0.010681811603545076,0.0010258689872724943,0.4939334771530735,0.3669297127392811,0.1,2.7755575615628914e-17,0.0,1.0,0.16615165092097706
572,0.97,0.06999999999999995,0.1782116047910298,0.010483161620996944,0.0010258689872724943,0.5197208356352666,0.4056705266073398,0.1,2.7755575615628914e-17,0.0,0.0,0.16615165092097706
573,0.97,0.06999999999999995,0.1778619324032924,0.010255464286384897,0.0010375227082732212,0.5198396382230863,0.40581630577531674,0.1,2.7755575615628914e-17,0.0,1.0,0.16730536930004902
574,0.97,0.06999999999999995,0.177512260015555,0.010010388420495833,0.0010103060087938535,0.5199584951373095,0.40596218975349807,0.1,2.7755575615628914e-17,0.0,1.0,0.16730536930004902
575,0.97,0.06999999999999995,0.17713564309533308,0.009673168098274969,0.0009908728475688726,0.5200865715598283,0.40611943240689946,0.1,2.7755575615628914e-17,0.0,1.0,0.16730536930004902
576,0.97,0.06999999999999995,0.17677826500472388,0.009364657011943191,0.0009450751526646733,0.5202081637748573,0.40626875526619627,0.1,2.7755575615628914e-17,0.0,1.0,0.16730536930004902
577,0.97,0.06999999999999995,0.17646622663206984,0.009152838484562335,0.000935791277690567,0.5203143763736565,0.40639922370832454,0.1,2.7755575615628914e-17,0.0,1.0,0.16730536930004902
578,0.97,0.06999999999999995,0.1761633792956401,0.008947612384422805,0.0009116188210866612,0.5204175019810814,0.4065259293809057,0.1,2.7755575615628914e-17,0.0,1.0,0.16730536930004902
579,0.97,0.06999999999999995,0.17588446269124827,0.00878315534579699,0.0009049242417046041,0.5205125148607086,0.4066426927916251,0.1,2.7755575615628914e-17,0.0,1.0,0.16730536930004902
580,0.97,0.06999999999999995,0.1756121737204447,0.008621341728668918,0.0008691053346248292,0.5206053035107068,0.40675674638348425,0.1,2.7755575615628914e-17,0.0,1.0,0.16730536930004902
581,0.97,0.06999999999999995,0.17536824238213222,0.008527420113587928,0.000873442626149697,0.5206884567511635,0.406858976167762,0.1,2.7755575615628914e-17,0.0,1.0,0.1665950607482607
582,0.97,0.06999999999999995,0.17511457724769997,0.008427345711884448,0.0008553262311739141,0.5207749563038392,0.40696533983016003,0.1,2.7755575615628914e-17,0.0,1.0,0.16590259782711825
583,0.97,0.06999999999999995,0.17479389404298373,0.008321399305191117,0.0008497207091123748,0.520884350090912,0.407099884282798,0.1,2.7755575615628914e-17,0.0,1.0,0.16168677682245947
584,0.97,0.06999999999999995,0.1744895763663742,0.008353274879771359,0.0008791720885728464,0.5209882036586505,0.40722764477909396,0.1,2.7755575615628914e-17,0.0,1.0,0.15855256194437706
585,0.97,0.06999999999999995,0.17415168679280385,0.008434277644709123,0.000868164013783512,0.5211035627336402,0.4073695936139968,0.1,2.7755575615628914e-17,0.0,1.0,0.15541390055979454
586,0.97,0.06999999999999995,0.17385608182712078,0.008566760929979654,0.0008504847944894342,0.5212045273010621,0.40749385968956586,0.1,2.7755575615628914e-17,0.0,1.0,0.15541390055979454
587,0.97,0.06999999999999995,0.17357797928853885,0.008708362903999355,0.0008504847944894342,0.5212995495979873,0.40761083734797027,0.1,2.7755575615628914e-17,0.0,1.0,0.15541390055979454
588,0.97,0.06999999999999995,0.17329987674995695,0.008838953221968477,0.0008328055751953565,0.521394606548807,0.4077278821862917,0.1,2.7755575615628914e-17,0.0,1.0,0.15541390055979454
589,0.97,0.06999999999999995,0.17299253992125208,0.008961150072528009,0.0008303353410013655,0.5214996962704462,0.4078573090554602,0.1,2.7755575615628914e-17,0.0,1.0,0.15424071425760966
590,0.97,0.06999999999999995,0.17265286630817744,0.009089646305281545,0.0008486781586739399,0.5216158924174454,0.40800044934155355,0.1,2.7755575615628914e-17,0.0,1.0,0.15242477530802478
591,0.97,0.06999999999999995,0.1723131926951028,0.009203823822793968,0.0008274399270079771,0.5217321403556676,0.4081436901350272,0.1,2.7755575615628914e-17,0.0,1.0,0.15242477530802478
592,0.97,0.06999999999999995,0.17197806973072433,0.009370256124238086,0.0008418741871474917,0.5218468816950074,0.40828511051412236,0.1,2.7755575615628914e-17,0.0,1.0,0.1507772552427169
593,0.97,0.06999999999999995,0.17164552126987234,0.009524020841920645,0.0008412356368632986,0.5219607914604568,0.40842554137457127,0.1,2.7755575615628914e-17,0.0,1.0,0.15081617728386898
594,0.97,0.06999999999999995,0.171307409669105,0.00967942429209687,0.0008478866723262634,0.5220766577957245,0.4085684205516216,0.1,2.7755575615628914e-17,0.0,1.0,0.15015772477303546
595,0.97,0.06999999999999995,0.17096929806833752,0.00982073812635202,0.0008334465119289849,0.5221925755830884,0.40871139973026965,0.1,2.7755575615628914e-17,0.0,1.0,0.15015772477303546
596,0.97,0.06999999999999995,0.17064548222636347,0.009966674719001267,0.0008306528961453034,0.5223036404957462,0.40884842742573474,0.1,2.7755575615628914e-17,0.0,1.0,0.15015772477303546
597,0.97,0.06999999999999995,0.17031890070476352,0.010096744348830062,0.0008306528961453057,0.5224157018649802,0.40898671855528285,0.1,2.7755575615628914e-17,0.0,1.0,0.15015772477303524
598,0.97,0.06999999999999995,0.16998916646669543,0.010220891677527292,0.000833837458234336,0.5225288938349678,0.4091264396485714,0.1,2.7755575615628914e-17,0.0,1.0,0.14984245312622124
599,0.97,0.06999999999999995,0.16967328222966704,0.010307357452536492,0.000846795656059423,0.5226373773560108,0.4092603815269596,0.1,2.7755575615628914e-17,0.0,1.0,0.15122745323019204
600,0.97,0.06999999999999995,0.16935841937783153,0.010384817289619696,0.000846795656059423,0.5227455549407911,0.4093939776202382,0.1,2.7755575615628914e-17,0.0,1.0,0.15122745323019204
601,0.98,0.07999999999999996,0.169043556525996,0.010452222988067025,0.0007873651007698246,0.4968745060812022,0.3705559513594734,0.1,2.7755575615628914e-17,0.0,1.0,0.15122745323019204
602,0.98,0.07999999999999996,0.16866985742442378,0.010414410022295657,0.0007513439442981355,0.4969905552262733,0.37069961888553693,0.1,2.7755575615628914e-17,0.0,1.0,0.15122745323019204
603,0.98,0.07999999999999996,0.1681999397398357,0.010721209974613895,0.0008719681714088855,0.49713656121531347,0.37088043556123423,0.1,2.7755575615628914e-17,0.0,1.0,0.1380395004379087
604,0.98,0.07999999999999996,0.1677424835983308,0.011018285775773372,0.0008719681714088855,0.49727877776355445,0.37105662675833967,0.1,2.7755575615628914e-17,0.0,1.0,0.1380395004379087
605,0.98,0.07999999999999996,0.1672668345695197,0.011337515406776534,0.0008903448252535464,0.49742673653149766,0.3712400026340799,0.1,2.7755575615628914e-17,0.0,1.0,0.13622021170728726
606,0.98,0.07999999999999996,0.1667911855407086,0.01162855991789021,0.0008833178427598789,0.4975747833720212,0.37142355984784725,0.1,2.7755575615628914e-17,0.0,1.0,0.13622021170728726
607,0.98,0.07999999999999996,0.16632249322456624,0.011903497201288785,0.0008562772895776465,0.4977207511463069,0.37160461004506284,0.1,2.7755575615628914e-17,0.0,1.0,0.1362202117072875
608,0.98,0.07999999999999996,0.16582703076077343,0.012113156417629996,0.0008562772895776465,0.4978751492625195,0.3717961932425199,0.1,2.7755575615628914e-17,0.0,1.0,0.1362202117072875
609,0.98,0.07999999999999996,0.16530010991914257,0.012377498555961921,0.000888053428808087,0.49803945571468294,0.37200015749907656,0.1,2.7755575615628914e-17,0.0,1.0,0.13307437392347388
610,0.98,0.07999999999999996,0.16477318907751165,0.012614320887824998,0.000888053428808087,0.4982038706499572,0.37220434566461036,0.1,2.7755575615628914e-17,0.0,1.0,0.13307437392347388
611,0.98,0.07999999999999996,0.1642462682358808,0.01282514800197279,0.0008703742095140114,0.4983683941758162,0.37240875810802965,0.1,2.7755575615628914e-17,0.0,1.0,0.13307437392347388
612,0.98,0.07999999999999996,0.1637953991139247,0.01291441510111627,0.0009185672818328722,0.4985092579289797,0.37258384556203966,0.1,2.7755575615628914e-17,0.0,1.0,0.13892930318084984
613,0.98,0.07999999999999996,0.16334835219941957,0.0130175683670143,0.0009179361707450356,0.4986490061633273,0.3727576113484104,0.1,2.7755575615628914e-17,0.0,1.0,0.13822770882812785
614,0.97,0.06999999999999995,0.16289366454141024,0.013092759514071309,0.0009127058297444961,0.524976595121587,0.41215637856582427,0.1,2.7755575615628914e-17,0.0,0.0,0.13822770882812785
615,0.97,0.06999999999999995,0.16245979231218763,0.013097930111088008,0.0009389618563881895,0.5251270101374526,0.4123431084373086,0.1,2.7755575615628914e-17,0.0,1.0,0.1408270554658535
616,0.97,0.06999999999999995,0.16203095199191772,0.013080667783082046,0.0009440445927040589,0.5252757654123213,0.4125278390170391,0.1,2.7755575615628914e-17,0.0,1.0,0.14133024636112457
617,0.97,0.06999999999999995,0.16160211167164784,0.013049297225030817,0.0009440445927040589,0.5254246049883269,0.41271273519033225,0.1,2.7755575615628914e-17,0.0,1.0,0.14133024636112457
618,0.97,0.06999999999999995,0.16116823944242525,0.0130114888357679,0.0009454225692102232,0.5255752768759695,0.4128999696378534,0.1,2.7755575615628914e-17,0.0,1.0,0.1408270554658535
619,0.97,0.06999999999999995,0.160712041459037,0.013008071060949502,0.0009716785958539167,0.5257337951101685,0.41309702191381426,0.1,2.7755575615628914e-17,0.0,1.0,0.13822770882812785
620,0.97,0.06999999999999995,0.16027961011249714,0.012950428627132967,0.0009956852997412377,0.5258841432921493,0.413283982036595,0.1,2.7755575615628914e-17,0.0,1.0,0.14060437251297264
621,0.97,0.06999999999999995,0.15984717876595733,0.012878016026829508,0.000964414656063863,0.5260345774912066,0.4134711114654341,0.1,2.7755575615628914e-17,0.0,1.0,0.14060437251297264
622,0.97,0.06999999999999995,0.15938378948217694,0.012727506619196648,0.000824392859001237,0.5261958768946139,0.4136718257491784,0.1,2.7755575615628914e-17,0.0,1.0,0.14060437251297264
623,0.97,0.06999999999999995,0.15894969786244764,0.012990486130471482,0.0009348210560122402,0.526347067947812,0.41386002678332684,0.1,2.7755575615628914e-17,0.0,1.0,0.12967198100888333
624,0.97,0.06999999999999995,0.15851560624271832,0.01323401541489245,0.0009348210560122402,0.5264983459089675,0.4140483991404837,0.1,2.7755575615628914e-17,0.0,1.0,0.12967198100888333
625,0.97,0.06999999999999995,0.15805869045478377,0.013509150539507147,0.0009578757713710885,0.5266576719014715,0.41424686128510085,0.1,2.7755575615628914e-17,0.0,1.0,0.12738956418835734
626,0.96,0.05999999999999994,0.1576017746668492,0.013763632824294384,0.0009578757713710885,0.556114137770685,0.4580331289512177,0.1,2.7755575615628914e-17,0.0,0.0,0.12738956418835734
627,0.96,0.05999999999999994,0.15714910620179393,0.013989621507316311,0.0009621659965016929,0.5562902423546576,0.45825084083379736,0.1,2.7755575615628914e-17,0.0,1.0,0.12781429647628717
628,0.96,0.05999999999999994,0.15669219041385937,0.014206292385052445,0.0009623028967233187,0.5564681124473899,0.45847080546351765,0.1,2.7755575615628914e-17,0.0,1.0,0.12738956418835734
629,0.96,0.05999999999999994,0.15623541015714423,0.01439190669948192,0.0009540057045981746,0.5566460435112615,0.45869091602440776,0.1,2.7755575615628914e-17,0.0,1.0,0.12781429647628717
630,0.96,0.05999999999999994,0.15576616835734589,0.014545128152885865,0.0009540057045981746,0.5568289472844052,0.45891725166474995,0.1,2.7755575615628914e-17,0.0,1.0,0.12781429647628717
631,0.96,0.05999999999999994,0.15529692655754754,0.014681762557261217,0.0009540057045981746,0.5570119712947682,0.45914381078068567,0.1,2.7755575615628914e-17,0.0,1.0,0.12781429647628717
632,0.96,0.05999999999999994,0.15482768475774922,0.014802269246921768,0.0009540057045981746,0.5571951156609514,0.4593705937033558,0.1,2.7755575615628914e-17,0.0,1.0,0.12781429647628717
633,0.96,0.05999999999999994,0.15435844295795087,0.014907039350440398,0.0009414833105912721,0.5573783805017123,0.45959760076455597,0.1,2.7755575615628914e-17,0.0,1.0,0.12781429647628717
634,0.96,0.05999999999999994,0.1538960997997388,0.015022762457100778,0.0009157017128373037,0.5575590689884597,0.45982148998465827,0.1,2.7755575615628914e-17,0.0,1.0,0.1272644436282342
635,0.97,0.06999999999999995,0.1534760695514331,0.015142263672185153,0.0008957706920215708,0.528260976056571,0.41624790417482554,0.1,2.7755575615628914e-17,0.0,1.0,0.12839350359317248
636,0.97,0.06999999999999995,0.15301032054164346,0.01523523367077836,0.0009106155922508355,0.5284244725467974,0.4164523604795646,0.1,2.7755575615628914e-17,0.0,1.0,0.12692385847047527
637,0.97,0.06999999999999995,0.1525445715318538,0.015313480878239905,0.0009106155922508355,0.5285880702725092,0.4166570177362992,0.1,2.7755575615628914e-17,0.0,1.0,0.12692385847047527
638,0.97,0.06999999999999995,0.1520788225220642,0.015377230047475378,0.0009083991423591561,0.5287517693277615,0.41686187624143667,0.1,2.7755575615628914e-17,0.0,1.0,0.12692385847047527
639,0.97,0.06999999999999995,0.15161526779766732,0.015429757857973608,0.0009035597997997853,0.5289147978548565,0.41706596971863646,0.1,2.7755575615628914e-17,0.0,1.0,0.12692385847047527
640,0.97,0.06999999999999995,0.1511439581983533,0.015495135072371373,0.000910192773249184,0.529080656811432,0.417273682496698,0.1,2.7755575615628914e-17,0.0,1.0,0.1256692760653848
641,0.97,0.06999999999999995,0.15067862777937532,0.0155543475481974,0.0008911307044574411,0.5292445137114109,0.41747896324096306,0.1,2.7755575615628914e-17,0.0,1.0,0.1256692760653848
642,0.97,0.06999999999999995,0.15023197938494007,0.015625186359222422,0.0008567758133941639,0.5294018875975095,0.417676192468516,0.1,2.7755575615628914e-17,0.0,1.0,0.12565033370927536
643,0.97,0.06999999999999995,0.14977195980622066,0.015803984045878506,0.0008993523576004518,0.5295640706070103,0.41787952099085507,0.1,2.7755575615628914e-17,0.0,1.0,0.12089313870948737
644,0.97,0.06999999999999995,0.14930651905626757,0.01596147010012005,0.0008993523576004518,0.5297282660518474,0.41808544724607555,0.1,2.7755575615628914e-17,0.0,1.0,0.12089313870948737
645,0.97,0.06999999999999995,0.14882684006797986,0.016129284003754712,0.0009137344165243469,0.5298975909524832,0.4182978854369743,0.1,2.7755575615628914e-17,0.0,1.0,0.11946931487602175
646,0.97,0.06999999999999995,0.14834716107969215,0.016281243605048092,0.0009058550437253121,0.5300670241353885,0.41851053962643703,0.1,2.7755575615628914e-17,0.0,1.0,0.11946931487602175
647,0.97,0.06999999999999995,0.14785329773566866,0.01646632388058705,0.0009280620485806883,0.5302415807873123,0.41872970813179294,0.1,2.7755575615628914e-17,0.0,1.0,0.11727082139533951
648,0.97,0.06999999999999995,0.147381419326452,0.016596319078545932,0.0009502690534360644,0.5304084742725415,0.4189393346393276,0.1,2.7755575615628914e-17,0.0,1.0,0.11946931487602175
649,0.97,0.06999999999999995,0.14690954091723532,0.016711985319143096,0.0009423896806370296,0.5305754728502644,0.4191491711404783,0.1,2.7755575615628914e-17,0.0,1.0,0.11946931487602175
650,0.97,0.06999999999999995,0.14643062952828365,0.016802822276697424,0.0009431650335017144,0.5307450679672494,0.419362350127081,0.1,2.7755575615628914e-17,0.0,1.0,0.11954607480962554
651,0.97,0.06999999999999995,0.14595171813933194,0.01687958848373884,0.0009431650335017144,0.5309147715389289,0.4195757460694056,0.1,2.7755575615628914e-17,0.0,1.0,0.11954607480962554
652,0.97,0.06999999999999995,0.14545082181557345,0.016977494263964686,0.0009653720383570927,0.5310923816830101,0.419799170662262,0.1,2.7755575615628914e-17,0.0,1.0,0.11734758132894307
653,0.97,0.06999999999999995,0.14494992549181496,0.017060138373742147,0.0009598961078180474,0.5312701107008602,0.4200228333296259,0.1,2.7755575615628914e-17,0.0,1.0,0.11734758132894307
654,0.97,0.06999999999999995,0.14446944675406603,0.017111839966731743,0.0009437083346048779,0.5314407069255879,0.42023760310555663,0.1,2.7755575615628914e-17,0.0,1.0,0.11884722280653515
655,0.97,0.06999999999999995,0.14401999032657403,0.017188487264013445,0.0009437083346048779,0.531600387741663,0.42043870509881937,0.1,2.7755575615628914e-17,0.0,1.0,0.11884722280653515
656,0.97,0.06999999999999995,0.1435705338990821,0.01725308956804083,0.0009394516181214504,0.5317601645444636,0.42063999965635485,0.1,2.7755575615628914e-17,0.0,1.0,0.11884722280653515
657,0.97,0.06999999999999995,0.1431252916209087,0.017310763040343825,0.0009211088004488759,0.5319185379897271,0.4208395969920485,0.1,2.7755575615628914e-17,0.0,1.0,0.11884722280653515
658,0.97,0.06999999999999995,0.14266188995323947,0.017334204929162777,0.0009211088004488759,0.532083470978277,0.42104753625392277,0.1,2.7755575615628914e-17,0.0,1.0,0.11884722280653515
659,0.97,0.06999999999999995,0.14219848828557022,0.017345239168206683,0.0009211088004488759,0.5322485062807201,0.4212556811053472,0.1,2.7755575615628914e-17,0.0,1.0,0.11884722280653515
660,0.97,0.06999999999999995,0.14173843461079805,0.017339502696237397,0.0009244906114559807,0.5324124505348133,0.4214625258159379,0.1,2.7755575615628914e-17,0.0,1.0,0.11918202209623852
661,0.96,0.05999999999999994,0.14127503294312885,0.017325852173486107,0.0009213912903410838,0.5625371643641196,0.46601861601462036,0.1,2.7755575615628914e-17,0.0,0.0,0.11884722280653515
662,0.96,0.05999999999999994,0.1408249175946471,0.01730011305811961,0.000904934703061135,0.5627163443975763,0.4662427155099325,0.1,2.7755575615628914e-17,0.0,1.0,0.11953422264520608
663,0.96,0.05999999999999994,0.1402810891299216,0.017327831177273816,0.0009690236029924582,0.5629329816810439,0.46651375975066944,0.1,2.7755575615628914e-17,0.0,1.0,0.11247911300021673
664,0.96,0.05999999999999994,0.13974436375071397,0.017349417807774863,0.0009645447158481791,0.5631469530209509,0.46678157297819073,0.1,2.7755575615628914e-17,0.0,1.0,0.11247911300021673
665,0.96,0.05999999999999994,0.13920320427323357,0.017347443165521625,0.0009645447158481791,0.5633628568075871,0.46705191020574666,0.1,2.7755575615628914e-17,0.0,1.0,0.11247911300021673
666,0.96,0.05999999999999994,0.1386620447957531,0.017328576494713484,0.0009645447158481791,0.5635789262075614,0.4673225607471567,0.1,2.7755575615628914e-17,0.0,1.0,0.11247911300021673
667,0.96,0.05999999999999994,0.13810535270547208,0.017316468679005895,0.0009757553365832911,0.5638013703453043,0.46760130713355186,0.1,2.7755575615628914e-17,0.0,1.0,0.11092585172015701
668,0.95,0.04999999999999993,0.13755141481615554,0.01729641998722685,0.0009774522025513225,0.5977366007174879,0.5170862691746309,0.1,2.7755575615628914e-17,0.0,0.0,0.11075786198932192
669,0.95,0.04999999999999993,0.13701250332157694,0.01723636524054144,0.0009926303790543036,0.5979788364193455,0.5173851972695329,0.1,2.7755575615628914e-17,0.0,1.0,0.11226050146311706
670,0.95,0.04999999999999993,0.13647799589499152,0.01715302381014122,0.0009970789325827525,0.5982192865458709,0.5176820240698243,0.1,2.7755575615628914e-17,0.0,1.0,0.11270090826243351
671,0.95,0.04999999999999993,0.13595867442059265,0.01703248889202292,0.0010124182782257677,0.5984530904979203,0.5179707440769457,0.1,2.7755575615628914e-17,0.0,1.0,0.114219503481092
672,0.96,0.05999999999999994,0.1354393529461938,0.01689513954647765,0.0010007645572250408,0.5648690945519119,0.46894084691826093,0.1,2.7755575615628914e-17,0.0,1.0,0.114219503481092
673,0.95,0.04999999999999993,0.13490849428800422,0.016718621938142875,0.0010007645572250408,0.598926451469816,0.5185555834815735,0.1,2.7755575615628914e-17,0.0,0.0,0.114219503481092
674,0.94,0.039999999999999925,0.1344145849067388,0.01648213516931546,0.0010380870591686084,0.6373352348022719,0.5733970383654131,0.1,2.7755575615628914e-17,0.0,0.0,0.1179144311735052
675,0.93,0.030000000000000027,0.13394897885836024,0.016201684902413322,0.001066676284306872,0.6809913407939574,0.6340192866099604,0.1,2.7755575615628914e-17,0.0,0.0,0.12074476446219329
676,0.93,0.030000000000000027,0.1335078795102623,0.015884896108378545,0.0010914305270145553,0.6812486816387031,0.6343204214225321,0.1,2.7755575615628914e-17,0.0,1.0,0.12319543449025394
677,0.93,0.030000000000000027,0.13308242459327854,0.015539996290238087,0.001107232982685461,0.6814970797349444,0.6346111470544923,0.1,2.7755575615628914e-17,0.0,1.0,0.12475987760167362
678,0.92,0.020000000000000018,0.1326569696762948,0.0151753425415862,0.001107232982685461,0.7316237935717516,0.7016753801816501,0.1,2.7755575615628914e-17,0.0,0.0,0.12475987760167362
679,0.92,0.020000000000000018,0.1323038037432739,0.014770431406742099,0.0011802521584055288,0.7318615983774184,0.7019425580958286,0.1,2.7755575615628914e-17,0.0,1.0,0.13198877599796033
680,0.92,0.020000000000000018,0.1319535610604514,0.01434544817160788,0.0011760301025272259,0.7320975875340866,0.7022077255300219,0.1,2.7755575615628914e-17,0.0,1.0,0.13228110101779667
681,0.92,0.020000000000000018,0.13161042146314675,0.013916712121729078,0.0011690355275661912,0.7323289383580938,0.7024677096037057,0.1,2.7755575615628914e-17,0.0,1.0,0.13228110101779667
682,0.92,0.020000000000000018,0.13127357468581888,0.01348352948881622,0.0011270896681601621,0.7325561887161086,0.7027231131592003,0.1,2.7755575615628914e-17,0.0,1.0,0.13221792009433475
683,0.92,0.020000000000000018,0.13108382647622502,0.013184396083638153,0.0012014312933183238,0.7326842625863527,0.7028670656079491,0.1,2.7755575615628914e-17,0.0,1.0,0.14271195586307517
684,0.92,0.020000000000000018,0.13093051005602938,0.012951160961749947,0.0011748686940976627,0.7327877788989198,0.7029834221714031,0.1,2.7755575615628914e-17,0.0,1.0,0.14322091992481223
685,0.92,0.020000000000000018,0.13080858024967956,0.012776301539229084,0.0011748686940976627,0.7328701244540392,0.7030759859703584,0.1,2.7755575615628914e-17,0.0,1.0,0.14322091992481223
686,0.92,0.020000000000000018,0.13068665044332975,0.012597835450191676,0.0011748686940976627,0.7329524885180715,0.7031685741487941,0.1,2.7755575615628914e-17,0.0,1.0,0.14322091992481223
687,0.92,0.020000000000000018,0.13056045687832057,0.0124113325275366,0.0011791755210263134,0.7330377522655921,0.7032644257230789,0.1,2.7755575615628914e-17,0.0,1.0,0.14279454405887582
688,0.92,0.020000000000000018,0.13043531605054742,0.012221750141827512,0.0011683885252830545,0.7331223243143511,0.7033595034895365,0.1,2.7755575615628914e-17,0.0,1.0,0.14289981778247807
689,0.92,0.020000000000000018,0.13032085434856008,0.012050668461943904,0.0011511090785559573,0.733199696339094,0.7034464901312628,0.1,2.7755575615628914e-17,0.0,1.0,0.14279454405887582
690,0.92,0.020000000000000018,0.1302245520360686,0.011911315308410234,0.0011511090785559573,0.733264805916275,0.7035196929796056,0.1,2.7755575615628914e-17,0.0,1.0,0.14279454405887582
691,0.92,0.020000000000000018,0.13012930246081314,0.011770662019570336,0.0011355308326801428,0.7333292151181542,0.7035921105926131,0.1,2.7755575615628914e-17,0.0,1.0,0.14289981778247807
692,0.92,0.020000000000000018,0.13005052808621076,0.011658034141819672,0.0011351376807493137,0.7333824920898102,0.7036520134857334,0.1,2.7755575615628914e-17,0.0,1.0,0.14289981778247807
693,0.92,0.020000000000000018,0.12997136449119684,0.011543067779756019,0.0011284866452863488,0.7334360400997005,0.7037122226328851,0.1,2.7755575615628914e-17,0.0,1.0,0.14289981778247807
694,0.92,0.020000000000000018,0.12989878542129124,0.011438256146695603,0.0011284866452863488,0.7334851410624256,0.7037674328680171,0.1,2.7755575615628914e-17,0.0,1.0,0.14289981778247807
695,0.92,0.020000000000000018,0.12982620635138567,0.011332010331093996,0.0011284866452863488,0.7335342485998642,0.7038226517669443,0.1,2.7755575615628914e-17,0.0,1.0,0.14289981778247807
696,0.92,0.020000000000000018,0.1296648158361474,0.011154840770679186,0.0012181951759254502,0.7336434701917851,0.7039454703846156,0.1,2.7755575615628914e-17,0.0,1.0,0.1340186732492068
697,0.92,0.020000000000000018,0.12946710822764498,0.010963439521080124,0.0012516945464264603,0.7337773138387345,0.7040959848386316,0.1,2.7755575615628914e-17,0.0,1.0,0.1303869639227928
698,0.92,0.020000000000000018,0.12927255333561066,0.010771075576468983,0.0012377046463863512,0.7339090708495392,0.7042441619816362,0.1,2.7755575615628914e-17,0.0,1.0,0.1303869639227928
699,0.92,0.020000000000000018,0.12906414844253666,0.010543475674098503,0.0012377046463863512,0.7340502598960965,0.7044029567811803,0.1,2.7755575615628914e-17,0.0,1.0,0.1303869639227928
700,0.92,0.020000000000000018,0.1288557435494627,0.010306639816530539,0.0012377046463863512,0.7341915032768578,0.7045618232078011,0.1,2.7755575615628914e-17,0.0,1.0,0.1303869639227928
701,0.92,0.020000000000000018,0.1286473386563887,0.010059915711682882,0.0012377046463863512,0.7343328010231934,0.7047207613099729,0.1,2.7755575615628914e-17,0.0,1.0,0.1303869639227928
702,0.91,0.010000000000000009,0.12843788102607867,0.009802353132552547,0.0011055563729653322,0.792696427687338,0.7790135116993652,0.1,2.7755575615628914e-17,0.0,0.0,0.13028169019919034
703,0.91,0.010000000000000009,0.12841649836059962,0.009783699459984339,0.0011623194405492939,0.792713324700519,0.7790315467085078,0.1,2.7755575615628914e-17,0.0,1.0,0.13590123389000253
704,0.91,0.010000000000000009,0.12839511569512055,0.009764963331962232,0.0011439427867046329,0.7927302224340645,0.77904958255273,0.1,2.7755575615628914e-17,0.0,1.0,0.13590123389000253
705,0.91,0.010000000000000009,0.12839009235886512,0.00976106504713359,0.001145794865575926,0.7927341922493392,0.7790538197560191,0.1,2.7755575615628914e-17,0.0,1.0,0.13571787808174451
706,0.91,0.010000000000000009,0.1283850690226097,0.009757162618628685,0.0011457948655759238,0.7927381621043739,0.7790580570054001,0.1,2.7755575615628914e-17,0.0,1.0,0.13571787808174451
707,0.91,0.010000000000000009,0.12837531374841887,0.009749809013925232,0.0011505746008642003,0.7927458716410164,0.7790662858375665,0.1,2.7755575615628914e-17,0.0,1.0,0.13524468428820513
708,0.91,0.010000000000000009,0.12836399075286117,0.009741345550341157,0.001120382018570004,0.7927548203268066,0.7790758373022162,0.1,2.7755575615628914e-17,0.0,1.0,0.13508791215151694
709,0.9,0.0,0.1283841261351416,0.009753134972466288,0.001120382018570004,0.8609931870848029,0.8609931870848029,0.1,2.7755575615628914e-17,0.0,0.0,0.13508791215151694
710,0.89,-0.010000000000000009,0.12841034452904926,0.009769218818971822,0.0011265264747590909,0.7927181877157161,0.7790367372549006,0.1,2.7755575615628914e-17,0.0,0.0,0.13569621331423654
711,0.89,-0.010000000000000009,0.12844244077539677,0.009789740483777622,0.001073322999876386,0.7926928245747169,0.7790096659294835,0.1,2.7755575615628914e-17,0.0,1.0,0.1362839985582247
712,0.89,-0.010000000000000009,0.12843558692846554,0.009782633520010917,0.0010860333592378243,0.7926982404950085,0.7790154465945446,0.1,2.7755575615628914e-17,0.0,1.0,0.1382439184877291
713,0.88,-0.020000000000000018,0.12844429370851798,0.0097917281050877,0.0010946643526281471,0.73447051706267,0.7048756806789247,0.1,2.7755575615628914e-17,0.0,0.0,0.13909838683337106
714,0.89,-0.010000000000000009,0.12845609528093643,0.009804215781084966,0.001071534378879432,0.7926820349842085,0.7789981497151123,0.1,2.7755575615628914e-17,0.0,1.0,0.1394078660699739
715,0.89,-0.010000000000000009,0.12843574335155028,0.009780598507646402,0.0010726739005709896,0.7926981168884233,0.7790153146633785,0.1,2.7755575615628914e-17,0.0,1.0,0.13879186252723863
716,0.89,-0.010000000000000009,0.12841742206757087,0.009758117171881572,0.0010798077938633493,0.7927125947537682,0.7790307675992475,0.1,2.7755575615628914e-17,0.0,1.0,0.13949811796318223
717,0.89,-0.010000000000000009,0.12841182518315805,0.009750867077165031,0.0010875779864026824,0.7927170176354307,0.7790354883674934,0.1,2.7755575615628914e-17,0.0,1.0,0.14077055791984727
718,0.89,-0.010000000000000009,0.12842766066412656,0.009772278983203209,0.0010778880773635617,0.7927045039334532,0.7790221318638537,0.1,2.7755575615628914e-17,0.0,1.0,0.14241060356269997
719,0.89,-0.010000000000000009,0.12846948961147228,0.00982295802422057,0.0010538813734762404,0.7926714512655575,0.7789868532632402,0.1,2.7755575615628914e-17,0.0,1.0,0.14241060356269997
720,0.89,-0.010000000000000009,0.12848755192196956,0.009846886353067078,0.0010538813734762404,0.7926571795244102,0.7789716204696354,0.1,2.7755575615628914e-17,0.0,1.0,0.14241060356269997
721,0.89,-0.010000000000000009,0.1285056142324668,0.009870723623965827,0.0010538813734762404,0.7926429082971679,0.7789563882717621,0.1,2.7755575615628914e-17,0.0,1.0,0.14241060356269997
722,0.88,-0.020000000000000018,0.12850840833636773,0.009874186960493333,0.0009588756073706665,0.7344270254827667,0.7048267551000943,0.1,2.7755575615628914e-17,0.0,0.0,0.14088378290306247
723,0.88,-0.020000000000000018,0.1286640619476759,0.010013010203349673,0.001002850953195317,0.734321460686613,0.7047080047973406,0.1,2.7755575615628914e-17,0.0,1.0,0.14523734213970285
724,0.88,-0.020000000000000018,0.1288197155589841,0.010147547607208665,0.0009797962378364684,0.7342159262333638,0.704589294502316,0.1,2.7755575615628914e-17,0.0,1.0,0.14523734213970285
725,0.88,-0.020000000000000018,0.12898132331667747,0.010251637186105923,0.0009968366639173474,0.7341063869110815,0.7044660855476168,0.1,2.7755575615628914e-17,0.0,1.0,0.14355033995769584
726,0.89,-0.010000000000000009,0.12914293107437086,0.010352157911075344,0.000992546438786743,0.7921396861023806,0.7784193111779466,0.1,2.7755575615628914e-17,0.0,1.0,0.14355033995769584
727,0.89,-0.010000000000000009,0.12930029150918496,0.010449903957346011,0.0009882562136561386,0.7920155334334756,0.7782868150119091,0.1,2.7755575615628914e-17,0.0,1.0,0.14355033995769584
728,0.89,-0.010000000000000009,0.12946189926687832,0.010543647645350858,0.0009839659885255345,0.791888070254424,0.7781507895748284,0.1,2.7755575615628914e-17,0.0,1.0,0.14355033995769584
729,0.89,-0.010000000000000009,0.1296192597016924,0.010634916032780838,0.0009839659885255345,0.7917639964387108,0.7780183847963507,0.1,2.7755575615628914e-17,0.0,1.0,0.14355033995769584
730,0.89,-0.010000000000000009,0.1297771243918013,0.010723747660298624,0.0009844753373081604,0.7916395640943215,0.7778856009992476,0.1,2.7755575615628914e-17,0.0,1.0,0.14360076548717582
731,0.89,-0.010000000000000009,0.12992728744654947,0.010800075035313498,0.0009922547669654507,0.79152123863474,0.7777593372878653,0.1,2.7755575615628914e-17,0.0,1.0,0.14283060195110409
732,0.89,-0.010000000000000009,0.13006809221444005,0.010863211065130211,0.0010017075819731334,0.7914103194460379,0.7776409796678969,0.1,2.7755575615628914e-17,0.0,1.0,0.1418947732653435
733,0.89,-0.010000000000000009,0.13020889698233062,0.01092416754528287,0.000996153512800881,0.7912994313401219,0.7775226580652264,0.1,2.7755575615628914e-17,0.0,1.0,0.1418947732653435
734,0.89,-0.010000000000000009,0.13035520027870173,0.010981572332428396,0.0009847488666903934,0.7911842458862848,0.7773997540548834,0.1,2.7755575615628914e-17,0.0,1.0,0.1418947732653435
735,0.89,-0.010000000000000009,0.1304830593451668,0.011032304184775382,0.000977129855609261,0.791083609139717,0.7772923761746529,0.1,2.7755575615628914e-17,0.0,1.0,0.1411794102396784
736,0.89,-0.010000000000000009,0.13062510428947166,0.011076917554059734,0.0009776455863033488,0.7909718368290258,0.7771731195673708,0.1,2.7755575615628914e-17,0.0,1.0,0.1411283529009637
737,0.89,-0.010000000000000009,0.13076714923377655,0.011119537573166244,0.0009776455863033488,0.7908600960985227,0.7770538995485261,0.1,2.7755575615628914e-17,0.0,1.0,0.1411283529009637
738,0.89,-0.010000000000000009,0.13093661470940862,0.011188594274633198,0.0010053430926944512,0.7907268260939088,0.7769117129914747,0.1,2.7755575615628914e-17,0.0,1.0,0.14387040603368284
739,0.89,-0.010000000000000009,0.1311060801850407,0.0112546759504124,0.000992670543148083,0.7905936009971155,0.7767695784599479,0.1,2.7755575615628914e-17,0.0,1.0,0.14387040603368284
740,0.89,-0.010000000000000009,0.13128809148472367,0.011312307208917509,0.000992670543148083,0.7904505630064687,0.7766169793745428,0.1,2.7755575615628914e-17,0.0,1.0,0.14387040603368284
741,0.89,-0.010000000000000009,0.13147010278440663,0.011366732239418604,0.0009924792062176845,0.7903075767646991,0.776464440234603,0.1,2.7755575615628914e-17,0.0,1.0,0.14387040603368284
742,0.89,-0.010000000000000009,0.13169232253984864,0.011467556271176101,0.0009848499963187305,0.7901330732841629,0.7762782846094847,0.1,2.7755575615628914e-17,0.0,1.0,0.1478723092534744
743,0.89,-0.010000000000000009,0.1319485421241353,0.01150956650404869,0.0009985592096048294,0.7899319662349944,0.7760637577613557,0.1,2.7755575615628914e-17,0.0,1.0,0.14651509713815059
744,0.89,-0.010000000000000009,0.13216556143392771,0.011503664189097656,0.00102377338754375,0.7897617075866592,0.775882145139522,0.1,2.7755575615628914e-17,0.0,1.0,0.1425950696887318
745,0.88,-0.020000000000000018,0.1323968189820548,0.011478528188741836,0.0010237733875437514,0.7317989514335023,0.7018721702554942,0.1,2.7755575615628914e-17,0.0,0.0,0.1425950696887317
746,0.88,-0.020000000000000018,0.13263904330798343,0.011458729738796532,0.001012643936023238,0.7316358605953451,0.7016889369795353,0.1,2.7755575615628914e-17,0.0,1.0,0.14369174746888314
747,0.88,-0.020000000000000018,0.13290325256871888,0.011405809087409917,0.000990436931167862,0.7314580500616111,0.7014891820151128,0.1,2.7755575615628914e-17,0.0,1.0,0.14369174746888314
748,0.88,-0.020000000000000018,0.1331454768946475,0.01137510517389475,0.000990436931167862,0.7312951111196844,0.7013061486271002,0.1,2.7755575615628914e-17,0.0,1.0,0.14369174746888314
749,0.88,-0.020000000000000018,0.13340535897738154,0.01135653863527271,0.0010074976962884503,0.731120374899293,0.701109878587679,0.1,2.7755575615628914e-17,0.0,1.0,0.14545752314942517
750,0.88,-0.020000000000000018,0.1336644734607795,0.011332942181746448,0.0010074976962884503,0.7309462379014339,0.7009142976011336,0.1,2.7755575615628914e-17,0.0,1.0,0.14545752314942517
751,0.87,-0.030000000000000027,0.1339235879441775,0.01130335819940963,0.0009852906914330718,0.6810061487802002,0.6340366130177062,0.1,2.7755575615628914e-17,0.0,0.0,0.14545752314942517
752,0.87,-0.030000000000000027,0.13420805657453289,0.01124039663672669,0.000988693936029612,0.6808402834183233,0.6338425496805226,0.1,2.7755575615628914e-17,0.0,1.0,0.14579444436448263
753,0.87,-0.030000000000000027,0.1344925252048883,0.011169838034385276,0.0009735460423165607,0.6806744988328661,0.633648605103217,0.1,2.7755575615628914e-17,0.0,1.0,0.14579444436448263
754,0.87,-0.030000000000000027,0.1347619974204678,0.01111405620531818,0.0009735460423165607,0.6805175284089208,0.6334649941931942,0.1,2.7755575615628914e-17,0.0,1.0,0.14579444436448263
755,0.87,-0.030000000000000027,0.13503146963604729,0.011051424270455123,0.0009735460423165607,0.6803606303662185,0.6332814896613753,0.1,2.7755575615628914e-17,0.0,1.0,0.14579444436448263
756,0.87,-0.030000000000000027,0.13529757263947617,0.010978656341348111,0.0009769492869131007,0.6802057650008623,0.6331003837885556,0.1,2.7755575615628914e-17,0.0,1.0,0.14545752314942517
757,0.87,-0.030000000000000027,0.13556704485505564,0.01090201737525238,0.0009803525315096406,0.6800490106671112,0.632917090408819,0.1,2.7755575615628914e-17,0.0,1.0,0.14579444436448263
758,0.87,-0.030000000000000027,0.1358188593138297,0.010803288324095156,0.000998188649494914,0.6799025932924014,0.6327459036321567,0.1,2.7755575615628914e-17,0.0,1.0,0.1440286686839406
759,0.87,-0.030000000000000027,0.1360759926526849,0.010701809628878092,0.0010001794446304105,0.6797531483037637,0.6325711965418757,0.1,2.7755575615628914e-17,0.0,1.0,0.14456055669205814
760,0.87,-0.030000000000000027,0.13632445911856192,0.010594592106213562,0.0010021702397659071,0.6796088028706817,0.6324024697149156,0.1,2.7755575615628914e-17,0.0,1.0,0.1440286686839406
761,0.88,-0.020000000000000018,0.1365729043651854,0.010472434690260733,0.0009986340920526398,0.7289973127732318,0.6987264614274912,0.1,2.7755575615628914e-17,0.0,1.0,0.14369174746888314
762,0.88,-0.020000000000000018,0.1368144796134222,0.01035457108068793,0.0009273703582648687,0.7288359017609553,0.6985453532036364,0.1,2.7755575615628914e-17,0.0,1.0,0.14369174746888314
763,0.88,-0.020000000000000018,0.137106255212204,0.010071959935342115,0.0009479266672596904,0.7286410441383654,0.6983267350690155,0.1,2.7755575615628914e-17,0.0,1.0,0.14165667287839578
764,0.88,-0.020000000000000018,0.13739803081098578,0.009772478990162412,0.0009479266672596904,0.7284462906800859,0.6981082537299101,0.1,2.7755575615628914e-17,0.0,1.0,0.14165667287839578
765,0.88,-0.020000000000000018,0.13766013680129754,0.009446682265121518,0.000977895968744539,0.7282714297446005,0.6979121055019726,0.1,2.7755575615628914e-17,0.0,1.0,0.1386897120313958
766,0.88,-0.020000000000000018,0.1379495820968872,0.009108063866608136,0.0009898219207417765,0.7280784272274461,0.6976956258081299,0.1,2.7755575615628914e-17,0.0,1.0,0.14142364255918205
767,0.88,-0.020000000000000018,0.13825456000527747,0.008699522216755433,0.0009881250547737453,0.7278751781906744,0.6974676743345151,0.1,2.7755575615628914e-17,0.0,1.0,0.14142364255918205
768,0.89,-0.010000000000000009,0.13856121781097608,0.008253932069901809,0.000972946878270764,0.7847768538249058,0.7705678428894545,0.1,2.7755575615628914e-17,0.0,1.0,0.14142364255918205
769,0.89,-0.010000000000000009,0.13885284922193672,0.007823490505201673,0.000968498324742315,0.7845510523701161,0.7703272543510182,0.1,2.7755575615628914e-17,0.0,1.0,0.14142364255918205
770,0.88,-0.020000000000000018,0.13914240686809634,0.007373095290717664,0.0009555128207075195,0.7272841283212766,0.6968049128061888,0.1,2.7755575615628914e-17,0.0,0.0,0.14165667287839578
771,0.87,-0.030000000000000027,0.13942014777421993,0.006939393036039212,0.0009589160653040606,0.6778155034376544,0.6303077935235106,0.1,2.7755575615628914e-17,0.0,0.0,0.14199359409345336
772,0.87,-0.030000000000000027,0.1397492124354122,0.0065030734525800835,0.001010758242141067,0.6776254361028634,0.6300859498214004,0.1,2.7755575615628914e-17,0.0,1.0,0.14712596960031699
773,0.88,-0.020000000000000018,0.14007594679341231,0.006014638553436907,0.0009757895818057189,0.7266636944334502,0.6961093993502707,0.1,2.7755575615628914e-17,0.0,1.0,0.14689293928110325
774,0.88,-0.020000000000000018,0.14040054876010788,0.005676249735487061,0.0009823689280003562,0.7264482107902429,0.695867886981228,0.1,2.7755575615628914e-17,0.0,0.0,0.15037462784306044
775,0.89,-0.010000000000000009,0.14069917769710868,0.005413777246749187,0.0009599685269008946,0.7831245055404487,0.7688075595898642,0.1,2.7755575615628914e-17,0.0,1.0,0.1506076581622744
776,0.88,-0.020000000000000018,0.14097329993382887,0.005210739934551071,0.0009441660712299887,0.7260683074005916,0.6954421535719424,0.1,2.7755575615628914e-17,0.0,0.0,0.1506076581622744
777,0.88,-0.020000000000000018,0.14123514695158546,0.005044676432142425,0.0009475693158265288,0.7258947577217988,0.6952476927406503,0.1,2.7755575615628914e-17,0.0,1.0,0.15094457937733186
778,0.89,-0.010000000000000009,0.1415419812202863,0.00496578145272455,0.000919991807726934,0.7824750451127526,0.7681158477601917,0.1,2.7755575615628914e-17,0.0,1.0,0.1554433044717587
779,0.89,-0.010000000000000009,0.14180208941185948,0.00513684946528838,0.0009428601477641442,0.7822748244378044,0.7679026211536681,0.1,2.7755575615628914e-17,0.0,1.0,0.15799959515527884
780,0.89,-0.010000000000000009,0.1420592743532343,0.0052951088806601305,0.0009428601477641442,0.7820769546806687,0.7676919072762423,0.1,2.7755575615628914e-17,0.0,1.0,0.15799959515527884
781,0.89,-0.010000000000000009,0.1423251014912644,0.005462171093641837,0.0009509514481890472,0.781872541070969,0.7674742342715064,0.1,2.7755575615628914e-17,0.0,1.0,0.15886381482080614
782,0.89,-0.010000000000000009,0.1425915604385291,0.005610530448513959,0.0008449510868886389,0.7816677488271673,0.7672561677528695,0.1,2.7755575615628914e-17,0.0,1.0,0.15886381482080614
783,0.89,-0.010000000000000009,0.14274763790788003,0.00582471384769504,0.0008453061167967644,0.7815478422464901,0.7671284935346718,0.1,2.7755575615628914e-17,0.0,1.0,0.15831970279816465
784,0.89,-0.010000000000000009,0.14289862573661355,0.006027200525443096,0.0008453061167967644,0.7814318807862344,0.7670050231639496,0.1,2.7755575615628914e-17,0.0,1.0,0.15831970279816465
785,0.89,-0.010000000000000009,0.14304961356534707,0.0062194377793673115,0.0008453061167967644,0.781315953732229,0.7668815925322782,0.1,2.7755575615628914e-17,0.0,1.0,0.15831970279816465
786,0.89,-0.010000000000000009,0.14319781082382152,0.0063958158878754225,0.0008438180477055832,0.7812022026956579,0.7667604817819474,0.1,2.7755575615628914e-17,0.0,1.0,0.15804064577225518
787,0.89,-0.010000000000000009,0.1433502718409553,0.0065638927293246935,0.0008427546767601059,0.7810852135066977,0.7666359264877234,0.1,2.7755575615628914e-17,0.0,1.0,0.15804064577225518
788,0.89,-0.010000000000000009,0.14350168012085304,0.006724418567332504,0.0008416913058146286,0.7809690667956833,0.7665122712846177,0.1,2.7755575615628914e-17,0.0,1.0,0.15804064577225518
789,0.88,-0.020000000000000018,0.14365873856344769,0.006887506789552159,0.0008463351699164642,0.7242923536385927,0.6934529593572512,0.1,2.7755575615628914e-17,0.0,0.0,0.1585003883183369
790,0.88,-0.020000000000000018,0.14383436753632978,0.0070843420770850055,0.0008640299103724936,0.7241765080405029,0.6933232614773712,0.1,2.7755575615628914e-17,0.0,1.0,0.16035744134708607
791,0.88,-0.020000000000000018,0.14400894377197587,0.007271781876007935,0.0008640299103724936,0.7240613935513135,0.6931943890902937,0.1,2.7755575615628914e-17,0.0,1.0,0.16035744134708607
792,0.88,-0.020000000000000018,0.14418903117228715,0.00746257650704113,0.000869596743367667,0.7239426833761967,0.6930614985463652,0.1,2.7755575615628914e-17,0.0,1.0,0.16090855781360824
793,0.88,-0.020000000000000018,0.14436805023099353,0.0076420674626074105,0.000870675876301946,0.7238247160046531,0.6929294468458357,0.1,2.7755575615628914e-17,0.0,1.0,0.16080172365311463
794,0.88,-0.020000000000000018,0.14455263755561482,0.007825109357991685,0.0008763003873271147,0.7237031195897965,0.6927933404495078,0.1,2.7755575615628914e-17,0.0,1.0,0.16135855024460632
795,0.88,-0.020000000000000018,0.14477775532342763,0.008093534530586465,0.0008275316982956158,0.7235548791356624,0.6926274210766163,0.1,2.7755575615628914e-17,0.0,1.0,0.1654115945637592
796,0.88,-0.020000000000000018,0.14509168453657315,0.008276878904157629,0.0007908477657055756,0.7233482575503286,0.6923961773218853,0.1,2.7755575615628914e-17,0.0,1.0,0.1654115945637592
797,0.87,-0.030000000000000027,0.1454419308429828,0.008387535470611851,0.0007908477657055756,0.6743541203959622,0.6262726903497715,0.1,2.7755575615628914e-17,0.0,0.0,0.1654115945637592
798,0.86,-0.040000000000000036,0.1458009905305875,0.008503114129497733,0.0007997501709531195,0.631571524257449,0.5664587361937983,0.1,2.7755575615628914e-17,0.0,0.0,0.16629293268326606
799,0.86,-0.040000000000000036,0.14617639351376646,0.008641864343688624,0.0008162585503209853,0.6313832727884081,0.5662328426134952,0.1,2.7755575615628914e-17,0.0,1.0,0.16792726224068477
800,0.86,-0.040000000000000036,0.14659476500852678,0.008876855348101115,0.0008596610872719162,0.631173606295758,0.565981305505377,0.1,2.7755575615628914e-17,0.0,1.0,0.17222411339882693
801,0.86,-0.040000000000000036,0.1470274756522854,0.00912735429402459,0.0008730817052135683,0.63095690019202,0.5657213822766729,0.1,2.7755575615628914e-17,0.0,1.0,0.17365802829865296
802,0.87,-0.030000000000000027,0.14746123903328004,0.009349229688913193,0.0008163186376296068,0.6732013027598914,0.6249311256475348,0.1,2.7755575615628914e-17,0.0,1.0,0.17365802829865296
803,0.86,-0.040000000000000036,0.14787689004597987,0.0097417683588915,0.000854786383703669,0.6305319368773364,0.5652118446043021,0.1,2.7755575615628914e-17,0.0,0.0,0.1774663351599851
804,0.86,-0.040000000000000036,0.14830480936350454,0.010138106372923594,0.0008653265319281633,0.6303180649529974,0.5649554964355027,0.1,2.7755575615628914e-17,0.0,1.0,0.17869316564246807
805,0.86,-0.040000000000000036,0.14873602159923444,0.010504017255451222,0.0008668006330621844,0.6301026939612052,0.5646974107337589,0.1,2.7755575615628914e-17,0.0,1.0,0.17883910165473615
806,0.86,-0.040000000000000036,0.14916723383496433,0.01084046439007267,0.0008620208977739077,0.6298874700977379,0.5644395607242615,0.1,2.7755575615628914e-17,0.0,1.0,0.17883910165473615
807,0.86,-0.040000000000000036,0.14960317800862966,0.011144121518100982,0.0008604373408376635,0.6296700338652047,0.5641791204362374,0.1,2.7755575615628914e-17,0.0,1.0,0.17883910165473615
808,0.86,-0.040000000000000036,0.15004068990366184,0.011421054707744367,0.0008604373408376635,0.6294519665748081,0.5639179850931683,0.1,2.7755575615628914e-17,0.0,1.0,0.17883910165473615
809,0.87,-0.030000000000000027,0.15047820179869403,0.01167504619039209,0.0008542928846485767,0.6714862516576222,0.6229374251557642,0.1,2.7755575615628914e-17,0.0,1.0,0.17883910165473615
810,0.88,-0.020000000000000018,0.15090817132197634,0.01191207789465573,0.0008498297610958485,0.7195412047840573,0.6881394502873258,0.1,2.7755575615628914e-17,0.0,1.0,0.17869316564246807
811,0.87,-0.030000000000000027,0.15131999468799395,0.012109611788070343,0.0008424248171865411,0.6710092762981974,0.6223834107329298,0.1,2.7755575615628914e-17,0.0,0.0,0.1774663351599851
812,0.87,-0.030000000000000027,0.15172448715954132,0.012339455040288895,0.0008461860508920057,0.6707803243602208,0.6221175499431625,0.1,2.7755575615628914e-17,0.0,1.0,0.17869316564246807
813,0.88,-0.020000000000000018,0.15212043494763228,0.012561221602101701,0.0008430599979970274,0.7187527853410522,0.687258852051662,0.1,2.7755575615628914e-17,0.0,1.0,0.17869316564246807
814,0.88,-0.020000000000000018,0.15250101963853244,0.0127454892385978,0.0008492299670853879,0.7185056208560711,0.6869828568732995,0.1,2.7755575615628914e-17,0.0,1.0,0.1774663351599851
815,0.88,-0.020000000000000018,0.1528734252158616,0.01288280514027593,0.0008565800626801598,0.718263932655988,0.686713007577987,0.1,2.7755575615628914e-17,0.0,1.0,0.17603242026015908
816,0.88,-0.020000000000000018,0.15325126101474842,0.013038119407379967,0.0008563460993977386,0.7180188863994023,0.6864394400512407,0.1,2.7755575615628914e-17,0.0,1.0,0.17728169785186443
817,0.88,-0.020000000000000018,0.1536163724140686,0.013193793646846993,0.0008397799817931659,0.7177822513791347,0.68617529247189,0.1,2.7755575615628914e-17,0.0,1.0,0.17728169785186443
818,0.88,-0.020000000000000018,0.15396508335696024,0.013352878910525346,0.0008397799817931659,0.717556391354886,0.6859231998804702,0.1,2.7755575615628914e-17,0.0,1.0,0.17728169785186443
819,0.88,-0.020000000000000018,0.15431793813396597,0.013508197928984856,0.0008439656728174845,0.7173279920074401,0.685668300075419,0.1,2.7755575615628914e-17,0.0,1.0,0.17769608126327197
820,0.88,-0.020000000000000018,0.15467079291097172,0.013652634705096211,0.0008439656728174845,0.7170997380134835,0.6854135896495122,0.1,2.7755575615628914e-17,0.0,1.0,0.17769608126327197
821,0.88,-0.020000000000000018,0.15502364768797747,0.013786531271703288,0.0008285432419120552,0.7168716292343056,0.6851590683917772,0.1,2.7755575615628914e-17,0.0,1.0,0.17769608126327197
822,0.89,-0.010000000000000009,0.15539177067157955,0.013895105780651736,0.0007845678960874049,0.7719546871484009,0.7569246381867532,0.1,2.7755575615628914e-17,0.0,1.0,0.17769608126327197
823,0.89,-0.010000000000000009,0.1558220010191397,0.01423591216138346,0.0008912779529808178,0.7716324108604393,0.7565822141041544,0.1,2.7755575615628914e-17,0.0,1.0,0.18826037689571984
824,0.89,-0.010000000000000009,0.15626657051569814,0.014588232374685739,0.0008887215157870716,0.7712996759933436,0.7562287026942862,0.1,2.7755575615628914e-17,0.0,1.0,0.18969429179554598
825,0.89,-0.010000000000000009,0.1567400334830207,0.014932104549349188,0.0009008664137103966,0.770945631406849,0.7558525789404499,0.1,2.7755575615628914e-17,0.0,1.0,0.19089663668995516
826,0.89,-0.010000000000000009,0.15721349645034327,0.015253544976978579,0.0009008664137103966,0.7705919117007145,0.7554768291442552,0.1,2.7755575615628914e-17,0.0,1.0,0.19089663668995516
827,0.89,-0.010000000000000009,0.15768695941766586,0.015553944454506398,0.0009008664137103966,0.7702385164279669,0.7551014527482729,0.1,2.7755575615628914e-17,0.0,1.0,0.19089663668995516
828,0.89,-0.010000000000000009,0.15816042238498848,0.01583450054343933,0.0009008664137103966,0.7698854451424535,0.7547264491961817,0.1,2.7755575615628914e-17,0.0,1.0,0.19089663668995516
829,0.89,-0.010000000000000009,0.15857591816871114,0.015990046592998387,0.000958909775634759,0.7695758677678023,0.7543976649374233,0.1,2.7755575615628914e-17,0.0,1.0,0.1850999183299633
830,0.89,-0.010000000000000009,0.15899090969713903,0.01613387882515487,0.0009511303459774687,0.7692669145179023,0.7540695655122114,0.1,2.7755575615628914e-17,0.0,1.0,0.1850999183299633
831,0.89,-0.010000000000000009,0.15942071929788593,0.016269579837868184,0.0009488658511296983,0.7689471908968465,0.7537300513880438,0.1,2.7755575615628914e-17,0.0,1.0,0.18581156202579463
832,0.89,-0.010000000000000009,0.1598598871854905,0.016382903821447536,0.0009488658511296983,0.7686207802960019,0.7533834606288866,0.1,2.7755575615628914e-17,0.0,1.0,0.18581156202579463
833,0.89,-0.010000000000000009,0.16033298430187762,0.016539628705393435,0.0009831377993950046,0.7682694617835603,0.753010449425896,0.1,2.7755575615628914e-17,0.0,1.0,0.18920448490405994
834,0.89,-0.010000000000000009,0.16080965000795214,0.016687582248088473,0.0009795165462946987,0.7679158179143939,0.7526349979552096,0.1,2.7755575615628914e-17,0.0,1.0,0.18956134387279477
835,0.89,-0.010000000000000009,0.16123537410637703,0.01672435735154811,0.0010376828740917899,0.7676002433484735,0.7522999876330233,0.1,2.7755575615628914e-17,0.0,1.0,0.18375182008216806
836,0.89,-0.010000000000000009,0.16160748260150914,0.01668676572917618,0.0010923557798290912,0.7673246245303589,0.7520074126077942,0.1,2.7755575615628914e-17,0.0,1.0,0.17833920241417522
837,0.89,-0.010000000000000009,0.16197959109664126,0.016640770496411432,0.0010646582734379888,0.7670492035716551,0.7517150650632756,0.1,2.7755575615628914e-17,0.0,1.0,0.17833920241417522
838,0.89,-0.010000000000000009,0.16233932953127522,0.016634237744305624,0.0010798607692248676,0.7667831263769543,0.7514326520873941,0.1,2.7755575615628914e-17,0.0,1.0,0.17984424949707623
839,0.88,-0.020000000000000018,0.16269906796590916,0.01661991770350325,0.0010798607692248676,0.7119453924374824,0.6796690348494367,0.1,2.7755575615628914e-17,0.0,0.0,0.17984424949707623
840,0.88,-0.020000000000000018,0.16308794830346668,0.016629763541080363,0.0011092970348042454,0.7116976027582043,0.679393219383036,0.1,2.7755575615628914e-17,0.0,1.0,0.18275843978943462
841,0.88,-0.020000000000000018,0.16347682864102417,0.016630512636698635,0.0010688737699578663,0.7114499855032814,0.6791176276823464,0.1,2.7755575615628914e-17,0.0,1.0,0.18275843978943462
842,0.88,-0.020000000000000018,0.16382679716226517,0.016666645974221028,0.0010562829565519162,0.7112272923766346,0.678869803081522,0.1,2.7755575615628914e-17,0.0,1.0,0.18286916137756937
843,0.88,-0.020000000000000018,0.16425055395649807,0.016759552478074546,0.0010775111154858084,0.7109578325827755,0.6785699684875146,0.1,2.7755575615628914e-17,0.0,1.0,0.18889077656144349
844,0.88,-0.020000000000000018,0.1647135110252252,0.01679434654070673,0.0010775111154858073,0.7106636792830098,0.6782426998255167,0.1,2.7755575615628914e-17,0.0,1.0,0.18889077656144349
845,0.89,-0.010000000000000009,0.16518008389051833,0.01682146486644765,0.0010700858819145897,0.7646884554515007,0.7492099473797109,0.1,2.7755575615628914e-17,0.0,1.0,0.18925235621804437
846,0.89,-0.010000000000000009,0.16563568997800993,0.01685026291410865,0.0010700858819145897,0.7643535722265584,0.7488546883737497,0.1,2.7755575615628914e-17,0.0,1.0,0.18925235621804437
847,0.88,-0.020000000000000018,0.16609129606550155,0.01686670941476491,0.0010700858819145897,0.7097897016450934,0.6772705957767595,0.1,2.7755575615628914e-17,0.0,0.0,0.18925235621804437
848,0.88,-0.020000000000000018,0.16660550513679706,0.01695955395199903,0.0011114446970646,0.7094640712948287,0.6769085063323105,0.1,2.7755575615628914e-17,0.0,1.0,0.1951126545984374
849,0.88,-0.020000000000000018,0.16710205645128717,0.01705972190059806,0.0011114446970646,0.7091499064147293,0.676559218174623,0.1,2.7755575615628914e-17,0.0,1.0,0.1951126545984374
850,0.87,-0.030000000000000027,0.16754000478197334,0.01706059237437001,0.001170639630199883,0.661949251601156,0.6118976178006679,0.1,2.7755575615628914e-17,0.0,0.0,0.18925235621804437
851,0.88,-0.020000000000000018,0.1679860179787255,0.017060466145745735,0.0011753827149629174,0.7085913175396552,0.6759383059983384,0.1,2.7755575615628914e-17,0.0,1.0,0.19005884282464225
852,0.88,-0.020000000000000018,0.16842866196332712,0.017053181755468796,0.0011753827149629174,0.7083119345280829,0.6756278120909185,0.1,2.7755575615628914e-17,0.0,1.0,0.19005884282464225
853,0.88,-0.020000000000000018,0.16886324108186274,0.01702455089968037,0.001183529044322491,0.7080378560498526,0.6753232526858801,0.1,2.7755575615628914e-17,0.0,1.0,0.18925235621804448
854,0.88,-0.020000000000000018,0.16926192593843678,0.016946297099540153,0.0012197858745867376,0.707786601695272,0.675044089901672,0.1,2.7755575615628914e-17,0.0,1.0,0.18566293002188405
855,0.88,-0.020000000000000018,0.16966061079501077,0.01685825430482751,0.0012163826299901976,0.7075355255977047,0.6747651578207838,0.1,2.7755575615628914e-17,0.0,1.0,0.18566293002188405
856,0.88,-0.020000000000000018,0.17006266486373536,0.016755355514659957,0.0012129793853936576,0.7072825080327888,0.6744841018820439,0.1,2.7755575615628914e-17,0.0,1.0,0.18566293002188405
857,0.88,-0.020000000000000018,0.1704613497203094,0.016647138080637957,0.0011951432674083846,0.7070317893830224,0.6742056322942593,0.1,2.7755575615628914e-17,0.0,1.0,0.18566293002188405
858,0.88,-0.020000000000000018,0.17087769233368882,0.016500844804829204,0.0011897706612657832,0.7067701560647024,0.6739150746207024,0.1,2.7755575615628914e-17,0.0,1.0,0.18566293002188405
859,0.88,-0.020000000000000018,0.1712887160669871,0.016351423638781087,0.0011843980551231815,0.7065120550447763,0.6736284744494778,0.1,2.7755575615628914e-17,0.0,1.0,0.18566293002188405
860,0.88,-0.020000000000000018,0.17174095294232813,0.01621605249945183,0.0012172516407908873,0.7062282920872796,0.6733134185499978,0.1,2.7755575615628914e-17,0.0,1.0,0.18925235621804437
861,0.88,-0.020000000000000018,0.17225516201362367,0.01613352821927311,0.0012764465739261704,0.705905920533938,0.6729555468808223,0.1,2.7755575615628914e-17,0.0,1.0,0.1951126545984374
862,0.88,-0.020000000000000018,0.1727190866445494,0.015971711553730426,0.0013066826289412341,0.705615326092779,0.6726329977208138,0.1,2.7755575615628914e-17,0.0,1.0,0.19008421056145874
863,0.88,-0.020000000000000018,0.1732368616384141,0.015794615894160476,0.0013405206259453303,0.7052912830992838,0.6722733733708556,0.1,2.7755575615628914e-17,0.0,1.0,0.19343417226486426
864,0.88,-0.020000000000000018,0.1737546366322788,0.015598334226577673,0.001310551324460482,0.7049675375927009,0.6719141333629208,0.1,2.7755575615628914e-17,0.0,1.0,0.19343417226486426
865,0.88,-0.020000000000000018,0.17430208123461352,0.015316190352234624,0.001282935864583853,0.7046255638714062,0.6715347254643425,0.1,2.7755575615628914e-17,0.0,1.0,0.19343417226486426
866,0.88,-0.020000000000000018,0.17482861519063256,0.015080086896836589,0.0012894294594952165,0.704296965324768,0.6711702137651138,0.1,2.7755575615628914e-17,0.0,1.0,0.19407703816108923
867,0.88,-0.020000000000000018,0.17536432188425002,0.014833397130652851,0.0012986948510087717,0.7039629566560176,0.6707997578081349,0.1,2.7755575615628914e-17,0.0,1.0,0.1949943119209312
868,0.88,-0.020000000000000018,0.1759000285778675,0.014562841643443243,0.0012986948510087717,0.7036292646403662,0.6704297105758167,0.1,2.7755575615628914e-17,0.0,1.0,0.1949943119209312
869,0.88,-0.020000000000000018,0.1764019231434504,0.014226990282760955,0.0013304946740819645,0.7033169211240379,0.6700833898075291,0.1,2.7755575615628914e-17,0.0,1.0,0.19161309911747137
870,0.89,-0.010000000000000009,0.17690148740584113,0.013870802523243925,0.0013270914294854232,0.7561651927398318,0.7401761010159905,0.1,2.7755575615628914e-17,0.0,1.0,0.19161309911747137
871,0.9,0.0,0.17739768245608137,0.013495616256673665,0.001275249252648417,0.8176037660487017,0.8176037660487017,0.1,2.7755575615628914e-17,0.0,1.0,0.19161309911747137
872,0.9,0.0,0.17785897244670273,0.013238944027302055,0.0012894799518986106,0.8172161703867679,0.8172161703867679,0.1,2.7755575615628914e-17,0.0,1.0,0.19325496866245429
873,0.9,0.0,0.17833087450788454,0.012964961750136879,0.0012626768021498681,0.816820038091041,0.816820038091041,0.1,2.7755575615628914e-17,0.0,1.0,0.19408314539928595
874,0.91,0.010000000000000009,0.17881733974745742,0.012818695067039587,0.0013102018130776263,0.754790106433408,0.7387202009762277,0.1,2.7755575615628914e-17,0.0,1.0,0.19902115180034796
875,0.91,0.010000000000000009,0.17930856353412813,0.012668590689345328,0.0013173622679159675,0.7544383400123488,0.7383478308282905,0.1,2.7755575615628914e-17,0.0,1.0,0.19973003682934376
876,0.92,0.020000000000000018,0.17978571203244403,0.012475712425038468,0.0013281764863041,0.7012183068912125,0.6677577898331543,0.1,2.7755575615628914e-17,0.0,1.0,0.1983225079938612
877,0.92,0.020000000000000018,0.1802594913186093,0.012269350122036386,0.0012827348186836268,0.7009254697231647,0.6674334599649648,0.1,2.7755575615628914e-17,0.0,1.0,0.1983225079938612
878,0.92,0.020000000000000018,0.1806882833538303,0.012143203211079503,0.0012569137006682718,0.7006606493944999,0.667140198005161,0.1,2.7755575615628914e-17,0.0,1.0,0.1983225079938612
879,0.92,0.020000000000000018,0.18105699207232345,0.01200770651356066,0.0012917828015699844,0.7004330962533145,0.6668882345760158,0.1,2.7755575615628914e-17,0.0,1.0,0.19487046700459165
880,0.92,0.020000000000000018,0.18143460006230477,0.011869620580430914,0.0012920424731183852,0.7002002039646743,0.6666303868681848,0.1,2.7755575615628914e-17,0.0,1.0,0.19576039415341062
881,0.92,0.020000000000000018,0.1818035658556308,0.01173497495804629,0.0012920424731183852,0.699972791356867,0.6663786329651413,0.1,2.7755575615628914e-17,0.0,1.0,0.19576039415341062
882,0.92,0.020000000000000018,0.18216206626152256,0.011575212685446633,0.0012971174905000253,0.6997519705550157,0.6661342019081778,0.1,2.7755575615628914e-17,0.0,1.0,0.19471385540998676
883,0.92,0.020000000000000018,0.18259342024402744,0.011482034288961414,0.0013652108807895367,0.6994864596909421,0.6658403357444839,0.1,2.7755575615628914e-17,0.0,1.0,0.2014551010486484
884,0.92,0.020000000000000018,0.18302477422653227,0.011371743120384014,0.0013652108807895367,0.6992211502390356,0.665546728745511,0.1,2.7755575615628914e-17,0.0,1.0,0.2014551010486484
885,0.92,0.020000000000000018,0.18345612820903712,0.011243835611688343,0.0013623921229520674,0.6989560419702011,0.6652533805685689,0.1,2.7755575615628914e-17,0.0,1.0,0.2014551010486484
886,0.92,0.020000000000000018,0.1839131692304404,0.011129769368106158,0.001385519869052445,0.6986753658156052,0.6649428455889044,0.1,2.7755575615628914e-17,0.0,1.0,0.2037447479125858
887,0.92,0.020000000000000018,0.18437021025184375,0.010995540919905055,0.001385519869052445,0.6983949149898621,0.6646326003844856,0.1,2.7755575615628914e-17,0.0,1.0,0.2037447479125858
888,0.92,0.020000000000000018,0.18482725127324706,0.010840401333202021,0.0013808760049506094,0.6981146892217371,0.6643226445498969,0.1,2.7755575615628914e-17,0.0,1.0,0.2037447479125858
889,0.93,0.030000000000000027,0.18528331066575557,0.010681390433514421,0.0013657702133127482,0.6523144827963898,0.6008243897941435,0.1,2.7755575615628914e-17,0.0,1.0,0.20410632756918667
890,0.93,0.030000000000000027,0.1857272281869388,0.010557994844966796,0.0013722638082241114,0.6520770267408247,0.6005524866705437,0.1,2.7755575615628914e-17,0.0,1.0,0.20474919346541165
891,0.93,0.030000000000000027,0.18617114570812202,0.010414234641503456,0.0013666969752289381,0.6518397435002493,0.6002808295351807,0.1,2.7755575615628914e-17,0.0,1.0,0.20474919346541165
892,0.93,0.030000000000000027,0.18660955206464003,0.010263212857010038,0.0013656178422946591,0.6516055755187394,0.6000127860796985,0.1,2.7755575615628914e-17,0.0,1.0,0.20474919346541165
893,0.93,0.030000000000000027,0.18704902676276303,0.010088132927668247,0.0013599933312694905,0.6513710056995523,0.5997443295829107,0.1,2.7755575615628914e-17,0.0,1.0,0.20474919346541165
894,0.93,0.030000000000000027,0.18748293319497109,0.009905306878139047,0.0013190534896618856,0.6511395735741635,0.5994795100783176,0.1,2.7755575615628914e-17,0.0,1.0,0.20474919346541165
895,0.93,0.030000000000000027,0.18785341271534822,0.009764701678834435,0.0013421812357622632,0.6509421014944654,0.599253585969714,0.1,2.7755575615628914e-17,0.0,1.0,0.20245954660147425
896,0.93,0.030000000000000027,0.1882238922357254,0.00960776681925189,0.0013421812357622632,0.6507447491537642,0.5990278320836896,0.1,2.7755575615628914e-17,0.0,1.0,0.20245954660147425
897,0.94,0.039999999999999925,0.18859437175610258,0.009433687374487531,0.0013332788305147193,0.6108113366367482,0.5418186802006932,0.1,2.7755575615628914e-17,0.0,1.0,0.20245954660147425
898,0.95,0.04999999999999993,0.18895603789528465,0.009263506030173856,0.0013167704511468535,0.5754993098133334,0.4900776509971447,0.1,2.7755575615628914e-17,0.0,1.0,0.20245954660147425
899,0.95,0.04999999999999993,0.18930136073889256,0.009115626666511547,0.0012733679141959226,0.5753555189005098,0.489905751333424,0.1,2.7755575615628914e-17,0.0,1.0,0.20245954660147425
900,0.95,0.04999999999999993,0.18960371507091903,0.009045346105369653,0.001258883925308791,0.5752296788726373,0.4897553401264578,0.1,2.7755575615628914e-17,0.0,1.0,0.20245954660147425
901,0.95,0.04999999999999993,0.1899146267225866,0.009026229888628558,0.001282011671409169,0.5751003346767113,0.4896007682243098,0.1,2.7755575615628914e-17,0.0,1.0,0.20474919346541165
902,0.95,0.04999999999999993,0.19025096315271564,0.009040826879851195,0.0012692255197406176,0.574960478849611,0.48943366604152383,0.1,2.7755575615628914e-17,0.0,1.0,0.20729167131155724
903,0.96,0.05999999999999994,0.19053357814698074,0.009078411083505116,0.0012726296232010198,0.5435948442449229,0.44273092466313374,0.1,2.7755575615628914e-17,0.0,1.0,0.20572783458649446
904,0.96,0.05999999999999994,0.190803924836421,0.009124207421652802,0.0012711555220669987,0.5434944019789635,0.44260953452371027,0.1,2.7755575615628914e-17,0.0,1.0,0.20572783458649446
905,0.96,0.05999999999999994,0.19107281216573857,0.009163761321753753,0.0012711555220669987,0.5433945387225045,0.44248886567179957,0.1,2.7755575615628914e-17,0.0,1.0,0.20572783458649446
906,0.96,0.05999999999999994,0.1913416994950561,0.00919528581714897,0.0012711555220669987,0.5432947121576394,0.44236826259797096,0.1,2.7755575615628914e-17,0.0,1.0,0.20572783458649446
907,0.96,0.05999999999999994,0.19161701548333596,0.009228924181342187,0.0012776491169783622,0.5431925368986975,0.44224484420038473,0.1,2.7755575615628914e-17,0.0,1.0,0.20637070048271944
908,0.96,0.05999999999999994,0.1918923314716158,0.009254253294786088,0.0012776491169783622,0.5430904000639123,0.44212149464974654,0.1,2.7755575615628914e-17,0.0,1.0,0.20637070048271944
909,0.96,0.05999999999999994,0.19216764745989565,0.00927134125983672,0.001276175015844341,0.542988301631613,0.44199821388846455,0.1,2.7755575615628914e-17,0.0,1.0,0.20637070048271944
910,0.96,0.05999999999999994,0.1924379941493359,0.00926864885355257,0.001270276383659917,0.542888083366711,0.44187722515813527,0.1,2.7755575615628914e-17,0.0,1.0,0.20572783458649446
911,0.97,0.06999999999999995,0.19277284627835123,0.009326399984871664,0.0013106489391401333,0.5148213540826074,0.39969153437503313,0.1,2.7755575615628914e-17,0.0,1.0,0.21095154806151883
912,0.97,0.06999999999999995,0.19309543010254177,0.009391483070916624,0.0013106489391401333,0.5147138586424692,0.39956107301974036,0.1,2.7755575615628914e-17,0.0,1.0,0.21095154806151883
913,0.97,0.06999999999999995,0.19341801392673233,0.009445107263422379,0.0012982567120443458,0.5146064080833652,0.3994306968031614,0.1,2.7755575615628914e-17,0.0,1.0,0.21095154806151883
914,0.97,0.06999999999999995,0.1937437931559292,0.009451120489282545,0.0012929372684283465,0.514497938677267,0.39929911544747027,0.1,2.7755575615628914e-17,0.0,1.0,0.21004425807967675
915,0.97,0.06999999999999995,0.19409298443394282,0.009435352931643512,0.0012894828481266973,0.5143817249048902,0.39915817425479017,0.1,2.7755575615628914e-17,0.0,1.0,0.21095154806151883
916,0.97,0.06999999999999995,0.19442968293603935,0.009430187547114976,0.0012894828481266973,0.5142697185382744,0.39902236960674803,0.1,2.7755575615628914e-17,0.0,1.0,0.21095154806151883
917,0.97,0.06999999999999995,0.19476999723470192,0.00941926730189312,0.0012931351678903426,0.5141565588944816,0.39888520042668646,0.1,2.7755575615628914e-17,0.0,1.0,0.21131312771811972
918,0.97,0.06999999999999995,0.19511667206421773,0.009407191419065626,0.001295374255505693,0.5140413354706572,0.39874556446570436,0.1,2.7755575615628914e-17,0.0,1.0,0.21194918080344693
919,0.97,0.06999999999999995,0.1954592030596195,0.009390233574206413,0.001295374255505693,0.5139275400324183,0.3986076935697946,0.1,2.7755575615628914e-17,0.0,1.0,0.21194918080344693
920,0.97,0.06999999999999995,0.19580173405502127,0.009360719405886652,0.001295374255505693,0.513813794965754,0.3984699179818482,0.1,2.7755575615628914e-17,0.0,1.0,0.21194918080344693
921,0.97,0.06999999999999995,0.19614426505042298,0.009318529607599619,0.001295374255505693,0.5137001002372261,0.3983322376030722,0.1,2.7755575615628914e-17,0.0,1.0,0.21194918080344693
922,0.97,0.06999999999999995,0.19648679604582472,0.009263490990660952,0.0011886641986122801,0.5135864558134263,0.3981946523348097,0.1,2.7755575615628914e-17,0.0,1.0,0.21194918080344693
923,0.97,0.06999999999999995,0.19669996736710446,0.009316853077310875,0.001198136490328745,0.513515755530132,0.3981090752560729,0.1,2.7755575615628914e-17,0.0,1.0,0.20957750902369077
924,0.97,0.06999999999999995,0.19689879953938594,0.009377192166128132,0.00118599159240542,0.5134498285040807,0.3980292877402173,0.1,2.7755575615628914e-17,0.0,1.0,0.20957750902369077
925,0.97,0.06999999999999995,0.19708560826272328,0.009441613875526951,0.00118599159240542,0.5133879035292112,0.39795435413604646,0.1,2.7755575615628914e-17,0.0,1.0,0.20957750902369077
926,0.97,0.06999999999999995,0.19727241698606066,0.009501927027206713,0.00118599159240542,0.5133259934895499,0.39787944874079556,0.1,2.7755575615628914e-17,0.0,1.0,0.20957750902369077
927,0.97,0.06999999999999995,0.197459225709398,0.009558209397578078,0.00118599159240542,0.5132640983796943,0.3978045715385384,0.1,2.7755575615628914e-17,0.0,1.0,0.20957750902369077
928,0.97,0.06999999999999995,0.1976714592111968,0.009645362992667368,0.0011531204761039426,0.5131937974177034,0.3977195376940242,0.1,2.7755575615628914e-17,0.0,1.0,0.21211998686983635
929,0.97,0.06999999999999995,0.19794165989659554,0.009667842673713031,0.0011531204761039426,0.5131043230659366,0.39761133120544456,0.1,2.7755575615628914e-17,0.0,1.0,0.21211998686983635
930,0.96,0.05999999999999994,0.19821186058199428,0.009682733077299839,0.0011459321559440304,0.5407564926202009,0.4393089583348238,0.1,2.7755575615628914e-17,0.0,0.0,0.21211998686983635
931,0.96,0.05999999999999994,0.19849769595910544,0.009734213693773763,0.001168913093995322,0.5406514029333479,0.43918259156425077,0.1,2.7755575615628914e-17,0.0,1.0,0.21439509973691423
932,0.96,0.05999999999999994,0.19878353133621665,0.009777070568439825,0.0011346411457300158,0.5405463540844564,0.4390562974713155,0.1,2.7755575615628914e-17,0.0,1.0,0.21439509973691423
933,0.96,0.05999999999999994,0.19904403911415622,0.009865031304204968,0.0011397250244407934,0.5404506490637607,0.4389412574271958,0.1,2.7755575615628914e-17,0.0,1.0,0.21525526269801604
934,0.96,0.05999999999999994,0.1993009783024084,0.009948952080341819,0.0010810429659496145,0.5403562882576963,0.4388278523061505,0.1,2.7755575615628914e-17,0.0,1.0,0.21525526269801604
935,0.96,0.05999999999999994,0.19961601272856686,0.009950378359612837,0.001026370060212313,0.5402406369586313,0.43868888566462205,0.1,2.7755575615628914e-17,0.0,1.0,0.21525526269801604
936,0.96,0.05999999999999994,0.19998517333140525,0.00983832225398653,0.001026370060212313,0.5401051785471175,0.4385261550704406,0.1,2.7755575615628914e-17,0.0,1.0,0.21525526269801604
937,0.96,0.05999999999999994,0.2003564527005515,0.009714225061490075,0.0010133077324131423,0.5399690111809885,0.4383626122226642,0.1,2.7755575615628914e-17,0.0,1.0,0.21546713932879913
938,0.96,0.05999999999999994,0.2007040799692577,0.00959523805189876,0.0010219962471717465,0.5398415804874346,0.43820959829632533,0.1,2.7755575615628914e-17,0.0,1.0,0.21460697636769732
939,0.97,0.06999999999999995,0.20105170723796395,0.009461993900020952,0.0009925599815923689,0.5120767026279964,0.3963700853772947,0.1,2.7755575615628914e-17,0.0,1.0,0.2146069763676973
940,0.97,0.06999999999999995,0.20137019260374658,0.009376508545731552,0.0009925599815923689,0.5119717011294097,0.39624341251436346,0.1,2.7755575615628914e-17,0.0,1.0,0.2146069763676973
941,0.97,0.06999999999999995,0.2016802948981094,0.00926800938025274,0.0009999093306211108,0.5118695048148532,0.39612015166656755,0.1,2.7755575615628914e-17,0.0,1.0,0.2137686692257171
942,0.97,0.06999999999999995,0.20194410316062406,0.009102791775615455,0.0009847281832757267,0.5117825971249567,0.3960153523303345,0.1,2.7755575615628914e-17,0.0,1.0,0.20924998762903602
943,0.97,0.06999999999999995,0.2022501845990483,0.009173055924535337,0.0010882527567588817,0.5116818001451909,0.3958938292056637,0.1,2.7755575615628914e-17,0.0,1.0,0.21949892040386837
944,0.97,0.06999999999999995,0.20255626603747257,0.009232644268312173,0.0010846004369952365,0.5115810428620875,0.3957723806404228,0.1,2.7755575615628914e-17,0.0,1.0,0.21949892040386837
945,0.97,0.06999999999999995,0.2028587316793308,0.009287132492090854,0.0010846004369952365,0.5114815148164543,0.39565243994585,0.1,2.7755575615628914e-17,0.0,1.0,0.21949892040386837
946,0.97,0.06999999999999995,0.20316119732118904,0.009331504098326929,0.0010846004369952365,0.5113820254896329,0.3955325719264438,0.1,2.7755575615628914e-17,0.0,1.0,0.21949892040386837
947,0.98,0.07999999999999996,0.20346366296304727,0.009365902872629278,0.0010254055038599532,0.4864131196338717,0.3577842757613217,0.1,2.7755575615628914e-17,0.0,1.0,0.21949892040386837
948,0.98,0.07999999999999996,0.2037075256211016,0.009462270817748152,0.0010254055038599532,0.4863405731901869,0.3576969298876768,0.1,2.7755575615628914e-17,0.0,1.0,0.21949892040386837
949,0.98,0.07999999999999996,0.2039513882791559,0.009551443003300842,0.00096621057072467,0.4862680483832609,0.3576096266511184,0.1,2.7755575615628914e-17,0.0,1.0,0.21949892040386837
950,0.99,0.08999999999999997,0.2042624629774869,0.009574186589115538,0.000966760258004265,0.46363477611574855,0.32347785974059984,0.1,2.7755575615628914e-17,0.0,1.0,0.22035982605114615
951,0.99,0.08999999999999997,0.204565472809752,0.009599325841408848,0.000966760258004265,0.4635528811790654,0.3233798195217896,0.1,2.7755575615628914e-17,0.0,1.0,0.22035982605114615
952,0.99,0.08999999999999997,0.20484536027177394,0.009580290760713064,0.000981969858183149,0.4634772612609741,0.32328931343601913,0.1,2.7755575615628914e-17,0.0,1.0,0.21804758902683888
953,0.99,0.08999999999999997,0.2051643871982935,0.009586909541008182,0.0009771015111831318,0.4633910967358009,0.3231862127417639,0.1,2.7755575615628914e-17,0.0,1.0,0.22115504886999762
954,0.99,0.08999999999999997,0.20551930838677465,0.009515083277848736,0.0009771015111831318,0.46329527533277026,0.3230715892600656,0.1,2.7755575615628914e-17,0.0,1.0,0.22115504886999762
955,0.99,0.08999999999999997,0.20587422957525578,0.009429360896755085,0.0009771015111831318,0.46319949355002205,0.3229570470558716,0.1,2.7755575615628914e-17,0.0,1.0,0.22115504886999762
956,0.99,0.08999999999999997,0.20622915076373693,0.009329359354106012,0.0009771015111831318,0.4631037513629878,0.32284258604276383,0.1,2.7755575615628914e-17,0.0,1.0,0.22115504886999762
957,0.99,0.08999999999999997,0.20658407195221806,0.009214613768073577,0.0009771015111831318,0.4630080487471198,0.3227282061344469,0.1,2.7755575615628914e-17,0.0,1.0,0.22115504886999762
958,0.99,0.08999999999999997,0.2069389931406992,0.009084565467397502,0.0009771015111831318,0.4629123856778903,0.32261390724474726,0.1,2.7755575615628914e-17,0.0,1.0,0.22115504886999762
959,0.99,0.08999999999999997,0.20729391432918032,0.008938546552321888,0.0009408446809188863,0.462816762130792,0.3224996892876138,0.1,2.7755575615628914e-17,0.0,1.0,0.22115504886999762
960,0.99,0.08999999999999997,0.2076129412556999,0.008857887366917266,0.000881649747783603,0.46273084299313333,0.3223970915388921,0.1,2.7755575615628914e-17,0.0,1.0,0.22115504886999762
961,0.99,0.08999999999999997,0.20787336519841546,0.008869366555526266,0.0008308573837737176,0.4626607302371688,0.3223133886501468,0.1,2.7755575615628914e-17,0.0,1.0,0.22115504886999762
962,0.99,0.08999999999999997,0.20818407358150087,0.008784566829475003,0.0007970193867696215,0.4625771074212719,0.32221358067756983,0.1,2.7755575615628914e-17,0.0,1.0,0.22115504886999762
963,0.99,0.08999999999999997,0.20852959696803397,0.008876654624750091,0.0008660240539229808,0.4624841501259335,0.3221026617458815,0.1,2.7755575615628914e-17,0.0,1.0,0.2279865109181802
964,0.99,0.08999999999999997,0.20893005432071568,0.009087413974227875,0.0009215129086185314,0.46237646049625214,0.3219742035734949,0.1,2.7755575615628914e-17,0.0,1.0,0.2334799075330397
965,0.99,0.08999999999999997,0.20937321069747872,0.00939623673063108,0.0009581496410619461,0.46225734683247216,0.32183216784381086,0.1,2.7755575615628914e-17,0.0,1.0,0.23774980994116274
966,0.99,0.08999999999999997,0.2097737867965715,0.00958751074846777,0.0009854010361220026,0.46214973089294653,0.321703887277697,0.1,2.7755575615628914e-17,0.0,1.0,0.23413464807037518
967,0.99,0.08999999999999997,0.21016519015806595,0.009773297939007799,0.0009854010361220026,0.46204462762432863,0.32157864293046395,0.1,2.7755575615628914e-17,0.0,1.0,0.23413464807037518
968,0.99,0.08999999999999997,0.21055659351956038,0.009940218794094265,0.0009512473714405903,0.46193957215054704,0.32145349606444046,0.1,2.7755575615628914e-17,0.0,1.0,0.23413464807037518
969,0.99,0.08999999999999997,0.2109818090090894,0.010029846869435328,0.0009512473714405903,0.4618254953871652,0.32131764849098116,0.1,2.7755575615628914e-17,0.0,1.0,0.23413464807037518
970,0.99,0.08999999999999997,0.21140233212295848,0.010090340780882416,0.0009559871448344715,0.4617127328939559,0.32118341291341057,0.1,2.7755575615628914e-17,0.0,1.0,0.23366541050438094
971,0.99,0.08999999999999997,0.21180234873562978,0.010090800211915352,0.0009601162415496088,0.46160552027249663,0.321055827281475,0.1,2.7755575615628914e-17,0.0,1.0,0.23161476038459944
972,0.99,0.08999999999999997,0.21216666175258228,0.010072230060543978,0.0009712305172068413,0.46150792025775805,0.3209397175054253,0.1,2.7755575615628914e-17,0.0,1.0,0.22968627035770176
973,0.99,0.08999999999999997,0.21242230536479387,0.009933476707499314,0.001022753318582589,0.4614394575811702,0.32085829175795233,0.1,2.7755575615628914e-17,0.0,1.0,0.21964750662044072
974,0.99,0.08999999999999997,0.212625249848424,0.009864686462235706,0.001018945454219802,0.46138512246406393,0.3207936807675665,0.1,2.7755575615628914e-17,0.0,1.0,0.21931560016336082
975,0.99,0.08999999999999997,0.212812206210276,0.009795441297765268,0.001013717154354513,0.461335079231499,0.3207341829033043,0.1,2.7755575615628914e-17,0.0,1.0,0.21842567301454188
976,0.99,0.08999999999999997,0.21301071318349718,0.009700471883863896,0.0010162673331278434,0.46128195608935413,0.3206710332715537,0.1,2.7755575615628914e-17,0.0,1.0,0.21817320531598217
977,0.99,0.08999999999999997,0.21320449371700398,0.009598130907383769,0.0010210415146575725,0.4612301096057411,0.3206094112104168,0.1,2.7755575615628914e-17,0.0,1.0,0.217700561344539
978,0.99,0.08999999999999997,0.2133802283084852,0.009484246916332787,0.0010044006380240903,0.461183101436861,0.320553548219179,0.1,2.7755575615628914e-17,0.0,1.0,0.2158959671419842
979,0.99,0.08999999999999997,0.21359048330985914,0.00930289789194087,0.0009954114749047066,0.4611268718110034,0.32048673735932454,0.1,2.7755575615628914e-17,0.0,1.0,0.2158959671419842
980,0.99,0.08999999999999997,0.21379563893270684,0.009132076282218205,0.000999249750623877,0.4610720191545703,0.3204215737230315,0.1,2.7755575615628914e-17,0.0,1.0,0.21627595643818207
981,0.99,0.08999999999999997,0.2140188404975801,0.008959682049417559,0.0010069068764736848,0.46101235635747745,0.3203507082405635,0.1,2.7755575615628914e-17,0.0,1.0,0.2180805506407369
982,0.99,0.08999999999999997,0.21425250744988755,0.008755538394787769,0.0009388134861841734,0.4609499126560081,0.3202765536220983,0.1,2.7755575615628914e-17,0.0,1.0,0.2180805506407369
983,0.99,0.08999999999999997,0.21444982235522528,0.008686978676865725,0.0009701876371102529,0.46089719662085893,0.32021396211915915,0.1,2.7755575615628914e-17,0.0,1.0,0.22118659158241877
984,0.99,0.08999999999999997,0.21464713726056295,0.008613354639064848,0.0009701876371102529,0.46084449264195493,0.3201513950758985,0.1,2.7755575615628914e-17,0.0,1.0,0.22118659158241877
985,0.99,0.08999999999999997,0.2148444521659007,0.008534535218776897,0.0009470598910098751,0.4607918007151607,0.3200888524779815,0.1,2.7755575615628914e-17,0.0,1.0,0.22118659158241877
986,0.99,0.08999999999999997,0.21501887060259903,0.008483988601368926,0.0009470598910098751,0.46074523320425836,0.32003358768152684,0.1,2.7755575615628914e-17,0.0,1.0,0.22118659158241877
987,0.99,0.08999999999999997,0.2151932890392974,0.008429530840660822,0.0009470598910098751,0.4606986751046083,0.3199783419652149,0.1,2.7755575615628914e-17,0.0,1.0,0.22118659158241877
988,0.99,0.08999999999999997,0.21536770747599568,0.008371085605644316,0.0009434075712462298,0.4606521264133579,0.3199231153191663,0.1,2.7755575615628914e-17,0.0,1.0,0.22118659158241877
989,0.99,0.08999999999999997,0.21553851011612807,0.008313621835489891,0.0009369139763348664,0.46060655181891275,0.3198690520257579,0.1,2.7755575615628914e-17,0.0,1.0,0.22118659158241877
990,0.99,0.08999999999999997,0.21568036165507948,0.008249085387631989,0.0009596639179698447,0.4605687089865788,0.3198241663645448,0.1,2.7755575615628914e-17,0.0,1.0,0.21893434736055592
991,0.99,0.08999999999999997,0.2158222131940309,0.008181581003885932,0.0009596639179698447,0.4605308723719691,0.31977929329873533,0.1,2.7755575615628914e-17,0.0,1.0,0.21893434736055592
992,0.99,0.08999999999999997,0.21595381973637967,0.00810792278949248,0.0009700123993866569,0.4604957740042942,0.3197376723761973,0.1,2.7755575615628914e-17,0.0,1.0,0.2179098477002915
993,0.99,0.08999999999999997,0.21609015271844292,0.008032644225493147,0.0009747865809163859,0.46045942077564744,0.31969456812785313,0.1,2.7755575615628914e-17,0.0,1.0,0.21838249167173468
994,0.99,0.08999999999999997,0.21624053059007078,0.007959349945016066,0.0009658455919519908,0.46041932912972516,0.3196470367997469,0.1,2.7755575615628914e-17,0.0,1.0,0.21978698062819696
995,0.99,0.08999999999999997,0.21641380493033802,0.007845243490932702,0.0009658455919519908,0.46037314180342703,0.31959228589497973,0.1,2.7755575615628914e-17,0.0,1.0,0.21978698062819696
996,0.99,0.08999999999999997,0.21658707927060522,0.007725567378699543,0.0009658455919519908,0.4603269637428353,0.3195375537430735,0.1,2.7755575615628914e-17,0.0,1.0,0.21978698062819696
997,0.99,0.08999999999999997,0.21676035361087245,0.007600058501067018,0.0009658455919519908,0.4602807949451618,0.3194828403343952,0.1,2.7755575615628914e-17,0.0,1.0,0.21978698062819696
998,0.99,0.08999999999999997,0.21691578316861307,0.0074637141823998485,0.0009838706248071437,0.4602393887531424,0.31943377756473884,0.1,2.7755575615628914e-17,0.0,1.0,0.2180025023755368
999,0.99,0.08999999999999997,0.2170482585177257,0.007322176009801493,0.0010070566941283651,0.46020410340672824,0.31939197239587697,0.1,2.7755575615628914e-17,0.0,1.0,0.2157070815127359
1000,0.99,0.08999999999999997,0.21715655858353994,0.007184393232447962,0.0010083484261071659,0.46017526126433167,0.3193578043354718,0.1,2.7755575615628914e-17,0.0,1.0,0.21328955318289722
1001,0.99,0.08999999999999997,0.21723913061514813,0.007088123822917695,0.0009855269989406722,0.4601532733621965,0.31933175823619125,0.1,2.7755575615628914e-17,0.0,1.0,0.21300639662623452
1002,0.99,0.08999999999999997,0.21729627786829492,0.007030496029777287,0.0009697306683844824,0.46013805699176774,0.3193137344865109,0.1,2.7755575615628914e-17,0.0,1.0,0.21300639662623452
1003,0.99,0.08999999999999997,0.2173756647371635,0.006943704678699204,0.0009763985961331654,0.4601169206377815,0.31928869993034836,0.1,2.7755575615628914e-17,0.0,1.0,0.21366652147335413
1004,0.98,0.07999999999999996,0.21744382634559742,0.006862005499187963,0.0009877372430369227,0.4822888241991454,0.35284483379549103,0.1,2.7755575615628914e-17,0.0,0.0,0.21254399542988217
1005,0.98,0.07999999999999996,0.21752474435963848,0.006770470786746523,0.0010006225012260297,0.4822651561021353,0.3528166409658728,0.1,2.7755575615628914e-17,0.0,1.0,0.21381963599060377
1006,0.98,0.07999999999999996,0.21760566237367956,0.006676700864011929,0.0009941289063146663,0.48224149032801256,0.35278845264119296,0.1,2.7755575615628914e-17,0.0,1.0,0.21381963599060377
1007,0.98,0.07999999999999996,0.21770885731467726,0.006581323754192921,0.00102312444764681,0.48221131267807416,0.35275251053613893,0.1,2.7755575615628914e-17,0.0,1.0,0.216690194582486
1008,0.98,0.07999999999999996,0.21781418919313741,0.006482566567348665,0.001025282970336166,0.4821805140109813,0.3527158317019489,0.1,2.7755575615628914e-17,0.0,1.0,0.21690388832873225
1009,0.98,0.07999999999999996,0.21791952107159754,0.00638054281652192,0.0010187893754248026,0.4821497192778374,0.35267916049461895,0.1,2.7755575615628914e-17,0.0,1.0,0.21690388832873225
1010,0.98,0.07999999999999996,0.2180312816090199,0.006262809203617646,0.0009660245928487989,0.48211704936833016,0.35264025949156935,0.1,2.7755575615628914e-17,0.0,1.0,0.21690388832873225
1011,0.97,0.06999999999999995,0.21809080501169206,0.006223400997083546,0.0009660245928487989,0.5065189102562404,0.3897048656269206,0.1,2.7755575615628914e-17,0.0,0.0,0.21690388832873225
1012,0.97,0.06999999999999995,0.21816399272502504,0.006181908757434802,0.0009798269268496847,0.5064952981731871,0.3896767200829453,0.1,2.7755575615628914e-17,0.0,1.0,0.21827031939481994
1013,0.97,0.06999999999999995,0.21823718043835805,0.006139263711328247,0.0009706623815785525,0.5064716882914512,0.38964857860417174,0.1,2.7755575615628914e-17,0.0,1.0,0.21827031939481994
1014,0.97,0.06999999999999995,0.2183194410515094,0.006083795141431572,0.0009614978363074203,0.5064451541782546,0.38961695334714586,0.1,2.7755575615628914e-17,0.0,1.0,0.21827031939481994
1015,0.97,0.06999999999999995,0.21841150274299553,0.00604111099791265,0.0009805624607045111,0.5064154619104413,0.3895815661329827,0.1,2.7755575615628914e-17,0.0,1.0,0.22015771721013194
1016,0.97,0.06999999999999995,0.21851296419127092,0.006000031216595954,0.0009864048447683483,0.5063827420116033,0.38954257323043867,0.1,2.7755575615628914e-17,0.0,1.0,0.2210976928890527
1017,0.97,0.06999999999999995,0.21861080984298023,0.0059614790614894945,0.0009799800661286794,0.5063511921611509,0.3895049773162301,0.1,2.7755575615628914e-17,0.0,1.0,0.2210976928890527
1018,0.97,0.06999999999999995,0.21870229496383634,0.005928653804320548,0.0009799800661286794,0.5063216967888147,0.38946983191706885,0.1,2.7755575615628914e-17,0.0,1.0,0.2210976928890527
1019,0.97,0.06999999999999995,0.21879378008469239,0.005894226005822584,0.0009799800661286794,0.5062922048525377,0.38943469285974,0.1,2.7755575615628914e-17,0.0,1.0,0.2210976928890527
1020,0.97,0.06999999999999995,0.21889585961823285,0.005863114879441614,0.00099068149308266,0.5062593016648183,0.3893954920161,0.1,2.7755575615628914e-17,0.0,1.0,0.22215713415749677
1021,0.97,0.06999999999999995,0.21899793915177335,0.0058300507295398684,0.0009906814930826602,0.5062264027534807,0.38935629906364955,0.1,2.7755575615628914e-17,0.0,1.0,0.22215713415749674
1022,0.97,0.06999999999999995,0.2191150439620046,0.005804846648522687,0.0009819022596414073,0.5061886666559036,0.3893113469433936,0.1,2.7755575615628914e-17,0.0,1.0,0.22365966182656888
1023,0.97,0.06999999999999995,0.2193511768254643,0.005891698221528838,0.0010781763358342876,0.5061125918180849,0.389220736001631,0.1,2.7755575615628914e-17,0.0,1.0,0.23319079536966403
1024,0.97,0.06999999999999995,0.21958730968892406,0.005967952228013868,0.0010781763358342876,0.5060365398433276,0.3891301672288539,0.1,2.7755575615628914e-17,0.0,1.0,0.23319079536966403
1025,0.97,0.06999999999999995,0.21982344255238384,0.006034010457376911,0.0010781763358342876,0.5059605107213268,0.3890396405956319,0.1,2.7755575615628914e-17,0.0,1.0,0.23319079536966403
1026,0.97,0.06999999999999995,0.2200595754158436,0.006090204688284357,0.0010781763358342876,0.5058845044417832,0.38894915607256214,0.1,2.7755575615628914e-17,0.0,1.0,0.23319079536966403
1027,0.97,0.06999999999999995,0.2202957082793033,0.006136805898206022,0.0010524947414287768,0.5058085209944043,0.3888587136302689,0.1,2.7755575615628914e-17,0.0,1.0,0.23319079536966403
1028,0.97,0.06999999999999995,0.22052824817755867,0.006261903017980618,0.0010745470780521291,0.5057337160044093,0.38876968844441867,0.1,2.7755575615628914e-17,0.0,1.0,0.2353739766953759
1029,0.97,0.06999999999999995,0.22076078807581404,0.00637607422889446,0.0010745470780521291,0.5056589331372486,0.3886807040120317,0.1,2.7755575615628914e-17,0.0,1.0,0.2353739766953759
1030,0.98,0.07999999999999996,0.2209933279740694,0.006479897077082945,0.0010515661400008374,0.481252792883408,0.35161236506454296,0.1,2.7755575615628914e-17,0.0,1.0,0.2353739766953759
1031,0.98,0.07999999999999996,0.221203116743654,0.006601342228630816,0.0010515661400008374,0.48119169886841123,0.3515397909922904,0.1,2.7755575615628914e-17,0.0,1.0,0.2353739766953759
1032,0.98,0.07999999999999996,0.22141290551323864,0.006714041231161246,0.0010428776252422332,0.481130620362955,0.35146724687296077,0.1,2.7755575615628914e-17,0.0,1.0,0.2353739766953759
1033,0.98,0.07999999999999996,0.22159906737652146,0.006798285138817214,0.0010580546724045779,0.4810764336459794,0.35140289791142926,0.1,2.7755575615628914e-17,0.0,1.0,0.2338714490263038
1034,0.98,0.07999999999999996,0.22176523507033075,0.006844119270291684,0.0010782508031860407,0.4810280770030213,0.35134548006103844,0.1,2.7755575615628914e-17,0.0,1.0,0.23187203207893897
1035,0.98,0.07999999999999996,0.22193140276414,0.006885639617229556,0.0010782508031860407,0.4809797300804725,0.3512880809712837,0.1,2.7755575615628914e-17,0.0,1.0,0.23187203207893897
1036,0.98,0.07999999999999996,0.22216818746156416,0.007056985874140303,0.0011474409418801021,0.4809108537459018,0.35120632113787176,0.1,2.7755575615628914e-17,0.0,1.0,0.23893373244043414
1037,0.98,0.07999999999999996,0.2224028533926805,0.007218571607471789,0.001138752427121498,0.4808426131811237,0.35112533043736144,0.1,2.7755575615628914e-17,0.0,1.0,0.23893373244043414
1038,0.98,0.07999999999999996,0.2226423210604459,0.007351951217199098,0.0011425907028406687,0.48077299623927827,0.35104272100366435,0.1,2.7755575615628914e-17,0.0,1.0,0.23855374314423622
1039,0.98,0.07999999999999996,0.22288178872821132,0.007475286470774397,0.0011425907028406687,0.4807033994529549,0.3509601504319505,0.1,2.7755575615628914e-17,0.0,1.0,0.23855374314423622
1040,0.98,0.07999999999999996,0.22311696232835548,0.007580450421428499,0.001138460395973425,0.4806350702650098,0.35087909828917924,0.1,2.7755575615628914e-17,0.0,1.0,0.23812433638211314
1041,0.98,0.07999999999999996,0.22336051899991952,0.0076669560883076545,0.001092817147522101,0.48056432586671727,0.3507951963895734,0.1,2.7755575615628914e-17,0.0,1.0,0.23812433638211314
1042,0.98,0.07999999999999996,0.2236386680747658,0.007654533104192848,0.0009999940009929264,0.4804835590954729,0.35069942695108475,0.1,2.7755575615628914e-17,0.0,1.0,0.23706489511366907
1043,0.98,0.07999999999999996,0.22366546268309548,0.007644678434103813,0.0011503628280316327,0.4804757801184738,0.35069020406740076,0.1,2.7755575615628914e-17,0.0,1.0,0.22217838123683714
1044,0.98,0.07999999999999996,0.22369225729142514,0.007634717006965522,0.0011503628280316327,0.4804680013933522,0.35068098166880074,0.1,2.7755575615628914e-17,0.0,1.0,0.22217838123683714
1045,0.98,0.07999999999999996,0.2236982174836038,0.007631673109757726,0.0011714076928306697,0.48046627112812484,0.35067893030457575,0.1,2.7755575615628914e-17,0.0,1.0,0.2200949396217325
1046,0.98,0.07999999999999996,0.22370417767578238,0.007628623341348564,0.0011714076928306697,0.4804645408753594,0.3506768789643501,0.1,2.7755575615628914e-17,0.0,1.0,0.2200949396217325
1047,0.98,0.07999999999999996,0.22371013786796104,0.007625567694693652,0.0011714076928306697,0.48046281063505597,0.3506748276481235,0.1,2.7755575615628914e-17,0.0,1.0,0.2200949396217325
1048,0.98,0.07999999999999996,0.22361896757643657,0.0077291686938320055,0.0012695192925307702,0.4804892786800592,0.35070620830404564,0.1,2.7755575615628914e-17,0.0,1.0,0.21038189125142254
1049,0.98,0.07999999999999996,0.2235680087761989,0.007772839709670548,0.0013014409438580198,0.48050407402218376,0.35072375068155476,0.1,2.7755575615628914e-17,0.0,1.0,0.21440304038009803
1050,0.97,0.06999999999999995,0.22351903533217288,0.007808246287753102,0.0013121423708120003,0.5047735881280777,0.3876283233541389,0.1,2.7755575615628914e-17,0.0,0.0,0.2154624816485421
1051,0.97,0.06999999999999995,0.2234700618881469,0.007843187249565658,0.001288786441273543,0.5047892806388367,0.3876469589682881,0.1,2.7755575615628914e-17,0.0,1.0,0.2154624816485421
1052,0.97,0.06999999999999995,0.2234254745386759,0.007886440816884976,0.0012763234890073093,0.5048035685663517,0.3876639271226983,0.1,2.7755575615628914e-17,0.0,1.0,0.2135888540797405
1053,0.97,0.06999999999999995,0.22335410665839453,0.007938782258766043,0.0012806609310489568,0.5048264399452537,0.38769108996348095,0.1,2.7755575615628914e-17,0.0,1.0,0.2140182608418636
1054,0.97,0.06999999999999995,0.22331403542138545,0.007959865977720859,0.001312273702031022,0.5048392825472867,0.3877063428716205,0.1,2.7755575615628914e-17,0.0,1.0,0.21714792516908804
1055,0.96,0.05999999999999994,0.22333088317679267,0.007957060956656761,0.0013697676337647035,0.5316746190960927,0.4284746872608248,0.1,2.7755575615628914e-17,0.0,0.0,0.22283982441072253
1056,0.95,0.04999999999999993,0.2233486320054173,0.007954166777125982,0.0013706778087317659,0.5615226918403441,0.4735295117880815,0.1,2.7755575615628914e-17,0.0,0.0,0.2229299317324617
1057,0.95,0.04999999999999993,0.22337309791988022,0.007951144106334507,0.001377462743921986,0.5615129909048996,0.47351813767856826,0.1,2.7755575615628914e-17,0.0,1.0,0.22360164031629348
1058,0.95,0.04999999999999993,0.2233975638343432,0.007948044974653842,0.001377462743921986,0.5615032903046384,0.4735067641154507,0.1,2.7755575615628914e-17,0.0,1.0,0.22360164031629348
1059,0.95,0.04999999999999993,0.22345153409267343,0.007950957601753957,0.0014072651114647153,0.5614818925797601,0.473481676687177,0.1,2.7755575615628914e-17,0.0,1.0,0.2265520747030237
1060,0.95,0.04999999999999993,0.22344858535858736,0.0079518633691504,0.0014647590431983964,0.5614830616297066,0.47348304730225066,0.1,2.7755575615628914e-17,0.0,1.0,0.22086017546138925
1061,0.95,0.04999999999999993,0.2234269003488133,0.007961039849744628,0.0014836845741963923,0.5614916589802064,0.47349312705823166,0.1,2.7755575615628914e-17,0.0,1.0,0.21898654789258765
1062,0.95,0.04999999999999993,0.22337571099517187,0.007991880839292956,0.001444482274585763,0.5615119548189588,0.4735169229022136,0.1,2.7755575615628914e-17,0.0,1.0,0.21603611350585739
1063,0.95,0.04999999999999993,0.22330478597074677,0.007982112671781904,0.0014380630660498995,0.5615400779908197,0.47354989700808914,0.1,2.7755575615628914e-17,0.0,1.0,0.22089400847566643
1064,0.95,0.04999999999999993,0.22317892698017305,0.007919663484817171,0.0013949327386951216,0.5615899904999457,0.4736084220441888,0.1,2.7755575615628914e-17,0.0,1.0,0.22089400847566643
1065,0.95,0.04999999999999993,0.22301036896551807,0.0077859976966048365,0.0013584159521215099,0.5616568502683413,0.47368682499573456,0.1,2.7755575615628914e-17,0.0,1.0,0.22089400847566643
1066,0.95,0.04999999999999993,0.22286166814980554,0.007713783942014932,0.0013748749619856234,0.561715846752216,0.47375601313875776,0.1,2.7755575615628914e-17,0.0,1.0,0.21926456649911918
1067,0.95,0.04999999999999993,0.22270625024825463,0.007641317597460045,0.001381659897175843,0.5617775214622652,0.47382834824090253,0.1,2.7755575615628914e-17,0.0,1.0,0.21859285791528743
1068,0.95,0.04999999999999993,0.22255349580016026,0.007563617893657739,0.0013843502542026326,0.5618381524288987,0.47389946523745424,0.1,2.7755575615628914e-17,0.0,1.0,0.21885920326093958
1069,0.95,0.04999999999999993,0.2224206408442621,0.0074751911135705704,0.0013997109779766384,0.5618908955740507,0.47396133510341754,0.1,2.7755575615628914e-17,0.0,1.0,0.2208491524805604
1070,0.95,0.04999999999999993,0.22235137304707195,0.007402410828973239,0.0014384870202496047,0.5619183986751964,0.47399359916594347,0.1,2.7755575615628914e-17,0.0,1.0,0.22673863078536557
1071,0.95,0.04999999999999993,0.22230261175107963,0.007357151981023971,0.001419007323008214,0.561937761189468,0.47401631419458173,0.1,2.7755575615628914e-17,0.0,1.0,0.22673863078536557
1072,0.95,0.04999999999999993,0.22223486010605384,0.007319946276649605,0.0013562675370786957,0.5619646667542908,0.4740478793276372,0.1,2.7755575615628914e-17,0.0,1.0,0.22291110585512686
1073,0.95,0.04999999999999993,0.22226749609840069,0.007315611901104116,0.0013529149466031411,0.5619517060121918,0.4740326738666597,0.1,2.7755575615628914e-17,0.0,1.0,0.22291110585512686
1074,0.95,0.04999999999999993,0.2222999787675277,0.007309641839736986,0.0013474332458985863,0.5619388067530062,0.47401754080918485,0.1,2.7755575615628914e-17,0.0,1.0,0.22256386707605885
1075,0.95,0.04999999999999993,0.2223372149368778,0.007299287767546096,0.0013490707148677103,0.5619240205501252,0.4740001943750186,0.1,2.7755575615628914e-17,0.0,1.0,0.22214928994955585
1076,0.95,0.04999999999999993,0.22237697578321355,0.007287316679363277,0.0013442965333379817,0.5619082326760322,0.4739816732240236,0.1,2.7755575615628914e-17,0.0,1.0,0.22214928994955588
1077,0.95,0.04999999999999993,0.22246548938633864,0.007283732761287981,0.0013705393364181302,0.5618730896876117,0.47394044756310993,0.1,2.7755575615628914e-17,0.0,1.0,0.22655192165704538
1078,0.95,0.04999999999999993,0.2226160033339163,0.007301913713376206,0.001414937722708083,0.5618133404912762,0.4738703613895749,0.1,2.7755575615628914e-17,0.0,1.0,0.2309473618997507
1079,0.95,0.04999999999999993,0.222766517281494,0.007316954005629139,0.0014110994469889125,0.5617536040009661,0.47380029594162015,0.1,2.7755575615628914e-17,0.0,1.0,0.2309473618997507
1080,0.95,0.04999999999999993,0.22290067096852545,0.007319704539603836,0.0014055584627047514,0.5617003713329701,0.47373786378733446,0.1,2.7755575615628914e-17,0.0,1.0,0.22969132514132784
1081,0.95,0.04999999999999993,0.22301677871353134,0.007334397574433025,0.0014055584627047514,0.5616543075037662,0.4736838430954507,0.1,2.7755575615628914e-17,0.0,1.0,0.22969132514132784
1082,0.95,0.04999999999999993,0.22313288645853727,0.007347226619323807,0.0013741843117786718,0.5616082512291324,0.47362983472220416,0.1,2.7755575615628914e-17,0.0,1.0,0.22969132514132784
1083,0.95,0.04999999999999993,0.22314116976060208,0.007345494414618037,0.0014517237395809816,0.5616049657935235,0.47362598215385726,0.1,2.7755575615628914e-17,0.0,1.0,0.22201492178889917
1084,0.95,0.04999999999999993,0.22314945306266692,0.007343752458279285,0.0014517237395809816,0.5616016803963543,0.4736221296481845,0.1,2.7755575615628914e-17,0.0,1.0,0.22201492178889917
1085,0.95,0.04999999999999993,0.2231674051117789,0.007341125985008073,0.0014614901507397726,0.5615945602263926,0.4736137804911967,0.1,2.7755575615628914e-17,0.0,1.0,0.2229817964936195
1086,0.95,0.04999999999999993,0.2231810630932697,0.007338698140958055,0.0014658275927814204,0.5615891432972159,0.47360742862064603,0.1,2.7755575615628914e-17,0.0,1.0,0.22255238973149638
1087,0.95,0.04999999999999993,0.22318412666207604,0.0073379288060473145,0.0014765290197354007,0.5615879282612102,0.47360600388061574,0.1,2.7755575615628914e-17,0.0,1.0,0.2214929484630523
1088,0.95,0.04999999999999993,0.22318719023088235,0.007337158111300931,0.0014765290197354007,0.561586713230462,0.4736045791491575,0.1,2.7755575615628914e-17,0.0,1.0,0.2214929484630523
1089,0.95,0.04999999999999993,0.22314622748261376,0.007359613163455097,0.0014982501054488012,0.561602959750124,0.47362362983538486,0.1,2.7755575615628914e-17,0.0,1.0,0.2170903167555628
1090,0.95,0.04999999999999993,0.22309155625481852,0.0074108264453173625,0.0015348469961006196,0.5616246447494987,0.47364905835926535,0.1,2.7755575615628914e-17,0.0,1.0,0.2134672245810328
1091,0.94,0.039999999999999925,0.22303688502702332,0.007461287650481754,0.0015244985146838075,0.5950681137256878,0.5234912705554662,0.1,2.7755575615628914e-17,0.0,0.0,0.2134672245810328
1092,0.94,0.039999999999999925,0.22300444244377327,0.007490506102621796,0.0015318290280455361,0.5950825609485572,0.5235079503611898,0.1,2.7755575615628914e-17,0.0,1.0,0.2146655893752871
1093,0.94,0.039999999999999925,0.22296727342080877,0.0075225022800084786,0.0015176422709095535,0.5950991137960572,0.523527061492523,0.1,2.7755575615628914e-17,0.0,1.0,0.2146655893752871
1094,0.94,0.039999999999999925,0.22291605950827967,0.0075613130238964136,0.0015176422709095535,0.5951219229013328,0.5235533963460285,0.1,2.7755575615628914e-17,0.0,1.0,0.2146655893752871
1095,0.94,0.039999999999999925,0.22288435137246088,0.007580990986897028,0.001537345075667399,0.5951360456085453,0.523569702405906,0.1,2.7755575615628914e-17,0.0,1.0,0.2166161670463138
1096,0.94,0.039999999999999925,0.222852643236642,0.007600485723276388,0.001537345075667399,0.5951501689860593,0.5235860094815188,0.1,2.7755575615628914e-17,0.0,1.0,0.2166161670463138
1097,0.94,0.039999999999999925,0.22282093510082324,0.007619798639353157,0.0015193200428122462,0.5951642930339227,0.523602317572962,0.1,2.7755575615628914e-17,0.0,1.0,0.2166161670463138
1098,0.94,0.039999999999999925,0.22281121751879598,0.0076265540739861234,0.001500321621233479,0.5951686217604669,0.5236073157118002,0.1,2.7755575615628914e-17,0.0,1.0,0.21703074417281676
1099,0.94,0.039999999999999925,0.22285743087705476,0.007597311817503205,0.001509211973111858,0.595148036441412,0.5235835471961565,0.1,2.7755575615628914e-17,0.0,1.0,0.22032841733861497
1100,0.94,0.039999999999999925,0.2229278195186119,0.007540736605304957,0.0015063518058728406,0.5951166851989077,0.5235473489628996,0.1,2.7755575615628914e-17,0.0,1.0,0.22032841733861497
1101,0.94,0.039999999999999925,0.22296806299407776,0.007498299651755357,0.0015396616358303984,0.5950987621580346,0.5235266555045148,0.1,2.7755575615628914e-17,0.0,1.0,0.21703074417281676
1102,0.94,0.039999999999999925,0.22300416069827858,0.007458841228792576,0.0015371813558241695,0.5950826864175928,0.5235080952205283,0.1,2.7755575615628914e-17,0.0,1.0,0.2166161670463138
1103,0.93,0.030000000000000027,0.22303243994417665,0.007428685048105405,0.0015270722138006863,0.6327214546495312,0.5785498537329742,0.1,2.7755575615628914e-17,0.0,0.0,0.21649444606316667
1104,0.94,0.039999999999999925,0.22310492118216754,0.007361048166814567,0.001547496785569137,0.595037818370199,0.5234562943680152,0.1,2.7755575615628914e-17,0.0,1.0,0.21979211922896488
1105,0.94,0.039999999999999925,0.22316464601455116,0.007309517385948647,0.001547496785569137,0.5950112264493109,0.5234255947369912,0.1,2.7755575615628914e-17,0.0,1.0,0.21979211922896488
1106,0.93,0.030000000000000027,0.22322743854898977,0.007255742417128043,0.001521599933181415,0.6326232992286457,0.5784390783388048,0.1,2.7755575615628914e-17,0.0,0.0,0.22009888943446262
1107,0.93,0.030000000000000027,0.22324923313679687,0.007239328031670685,0.0015318579364644706,0.6326123304938279,0.5784266998393128,0.1,2.7755575615628914e-17,0.0,1.0,0.21886965336319386
1108,0.93,0.030000000000000027,0.22328047612704527,0.0072185879213137625,0.0015435603000036947,0.6325966072501141,0.5784089559295564,0.1,2.7755575615628914e-17,0.0,1.0,0.22002818735357704
1109,0.93,0.030000000000000027,0.22332979563575467,0.007191650728645056,0.0015618194095602148,0.6325717884682917,0.5783809479928854,0.1,2.7755575615628914e-17,0.0,1.0,0.22183583919967254
1110,0.93,0.030000000000000027,0.22337911514446407,0.00716427274746197,0.0015618194095602148,0.6325469716338327,0.5783529427685048,0.1,2.7755575615628914e-17,0.0,1.0,0.22183583919967254
1111,0.94,0.039999999999999925,0.22342469332000192,0.007137380863423731,0.0015517961999750587,0.5948954705263528,0.5232919677375821,0.1,2.7755575615628914e-17,0.0,1.0,0.2214617058825153
1112,0.93,0.030000000000000027,0.22345660718487884,0.007121379401912754,0.0015517961999750587,0.6325079827385497,0.5783089457403141,0.1,2.7755575615628914e-17,0.0,0.0,0.2214617058825153
1113,0.93,0.030000000000000027,0.22353071370257738,0.007105565069067666,0.0015944150412089387,0.6324707017112449,0.5782668771441638,0.1,2.7755575615628914e-17,0.0,1.0,0.2256809711646694
1114,0.93,0.030000000000000027,0.2236085615534474,0.007090134178434301,0.0015791295412275774,0.6324315432511897,0.5782226912689656,0.1,2.7755575615628914e-17,0.0,1.0,0.22605510448182664
1115,0.93,0.030000000000000027,0.22365603423311778,0.007082758847242412,0.0015812522041138018,0.6324076662688951,0.5781957494347969,0.1,2.7755575615628914e-17,0.0,1.0,0.22490498517716967
1116,0.93,0.030000000000000027,0.22369410715599894,0.00707913631886072,0.0015812522041138018,0.632388518315437,0.578174143992258,0.1,2.7755575615628914e-17,0.0,1.0,0.22490498517716967
1117,0.93,0.030000000000000027,0.22373998817931226,0.0070770276596686275,0.001589139174247294,0.6323654449872133,0.5781481097909761,0.1,2.7755575615628914e-17,0.0,1.0,0.2256857952203854
1118,0.93,0.030000000000000027,0.22377976797060356,0.0070732426321372934,0.0015953020348756241,0.6323454412995742,0.5781255395003094,0.1,2.7755575615628914e-17,0.0,1.0,0.2250756720181807
1119,0.93,0.030000000000000027,0.2238085702850596,0.007068124868151514,0.001595688968361291,0.632330958541819,0.5781091987193256,0.1,2.7755575615628914e-17,0.0,1.0,0.22397792433465563
1120,0.93,0.030000000000000027,0.22383067897946055,0.007066382214463867,0.001599629162936423,0.6323198420079965,0.5780966561410461,0.1,2.7755575615628914e-17,0.0,1.0,0.22436800359759373
1121,0.93,0.030000000000000027,0.2238813905757077,0.007072384058835096,0.001613343935820715,0.6322943450463531,0.5780678887835726,0.1,2.7755575615628914e-17,0.0,1.0,0.22722829378221077
1122,0.93,0.030000000000000027,0.2239170768952641,0.00708017434365965,0.0015170698596278346,0.6322764037808101,0.5780476465874095,0.1,2.7755575615628914e-17,0.0,1.0,0.22722829378221077
1123,0.93,0.030000000000000027,0.2238940362314873,0.0070536571949944655,0.001554023750635591,0.6322879873376389,0.5780607156809537,0.1,2.7755575615628914e-17,0.0,1.0,0.23088672899197865
1124,0.93,0.030000000000000027,0.2238967306106997,0.007057258428163239,0.0015800187435540296,0.6322866327325828,0.5780591873483786,0.1,2.7755575615628914e-17,0.0,1.0,0.23346023329090407
1125,0.93,0.030000000000000027,0.22389942498991214,0.0070608567964451936,0.0015800187435540296,0.6322852781333309,0.578057659023885,0.1,2.7755575615628914e-17,0.0,1.0,0.23346023329090407
1126,0.93,0.030000000000000027,0.22390211936912455,0.007064452304218125,0.0015800187435540296,0.632283923539883,0.5780561307074727,0.1,2.7755575615628914e-17,0.0,1.0,0.23346023329090407
1127,0.93,0.030000000000000027,0.22390481374833693,0.007068044955847454,0.0015579664069306773,0.6322825689522394,0.578054602399142,0.1,2.7755575615628914e-17,0.0,1.0,0.23346023329090407
1128,0.93,0.030000000000000027,0.2238656144115903,0.0070149992550884695,0.0015782309551143686,0.632302276823446,0.5780768378805811,0.1,2.7755575615628914e-17,0.0,1.0,0.23145404302071862
1129,0.93,0.030000000000000027,0.22382641507484377,0.006961328639268525,0.0015782309551143686,0.6323219859232562,0.5780990750727086,0.1,2.7755575615628914e-17,0.0,1.0,0.23145404302071862
1130,0.93,0.030000000000000027,0.22378721573809712,0.006907018540796443,0.0015782309551143686,0.6323416962517848,0.5781213139757221,0.1,2.7755575615628914e-17,0.0,1.0,0.23145404302071862
1131,0.93,0.030000000000000027,0.2237286055061991,0.006832918878387947,0.0015978379199138297,0.6323711691173344,0.5781545684256848,0.1,2.7755575615628914e-17,0.0,1.0,0.22951295350557196
1132,0.93,0.030000000000000027,0.2236699952743011,0.0067574984539982424,0.0015826608727514853,0.6324006447304186,0.5781878267015645,0.1,2.7755575615628914e-17,0.0,1.0,0.22951295350557196
1133,0.93,0.030000000000000027,0.2236169300055388,0.006697751558373087,0.0015720408162679654,0.6324273341018856,0.5782179417982439,0.1,2.7755575615628914e-17,0.0,1.0,0.22856492215007562
1134,0.93,0.030000000000000027,0.22358016005276554,0.0066623304799598585,0.0015757770319090093,0.63244582900578,0.5782388109722305,0.1,2.7755575615628914e-17,0.0,1.0,0.22819503680161227
1135,0.93,0.030000000000000027,0.22354339009999222,0.006626516041771972,0.0015044467252272398,0.6324643249914477,0.5782596816527015,0.1,2.7755575615628914e-17,0.0,1.0,0.22819503680161227
1136,0.93,0.030000000000000027,0.223436003143604,0.006461186786517311,0.0015044467252272398,0.6325183488671574,0.5783206432766467,0.1,2.7755575615628914e-17,0.0,1.0,0.22819503680161227
1137,0.93,0.030000000000000027,0.22331906298013127,0.006283004526250216,0.0015102581536338634,0.6325771892370502,0.5783870427038539,0.1,2.7755575615628914e-17,0.0,1.0,0.2272397160931586
1138,0.93,0.030000000000000027,0.22321547591670504,0.00611409944368125,0.001519907857759658,0.6326293199190263,0.5784458728855675,0.1,2.7755575615628914e-17,0.0,1.0,0.22819503680161227
1139,0.93,0.030000000000000027,0.2231023356461943,0.005931166155231059,0.0015252201198438055,0.6326862681160783,0.5785101422941198,0.1,2.7755575615628914e-17,0.0,1.0,0.2272397160931586
1140,0.93,0.030000000000000027,0.22299348944330472,0.005751648335356107,0.0015252201198438055,0.632741064607844,0.5785719859348454,0.1,2.7755575615628914e-17,0.0,1.0,0.2272397160931586
1141,0.93,0.030000000000000027,0.2228846432404152,0.005564215146315248,0.001514518692889825,0.6327958705921992,0.5786338427993486,0.1,2.7755575615628914e-17,0.0,1.0,0.2272397160931586
1142,0.93,0.030000000000000027,0.2227863914502101,0.005397194451179551,0.001364149865851119,0.6328453502564508,0.5786896902604918,0.1,2.7755575615628914e-17,0.0,1.0,0.22723971609315863
1143,0.93,0.030000000000000027,0.22279587534173223,0.005396950973806351,0.001405694771953233,0.6328405738252253,0.5786842990360961,0.1,2.7755575615628914e-17,0.0,1.0,0.22312677038904932
1144,0.93,0.030000000000000027,0.22280535923325437,0.005396690818927698,0.0013846499071541961,0.6328357974660999,0.5786789079121515,0.1,2.7755575615628914e-17,0.0,1.0,0.22312677038904932
1145,0.93,0.030000000000000027,0.22283567754092753,0.005389890713356237,0.0013846499071541961,0.6328205287825291,0.5786616741254034,0.1,2.7755575615628914e-17,0.0,1.0,0.22312677038904932
1146,0.93,0.030000000000000027,0.22284029500098246,0.00538773813199906,0.001410610359293875,0.6328182034358397,0.5786590495201003,0.1,2.7755575615628914e-17,0.0,1.0,0.22055668562722114
1147,0.93,0.030000000000000027,0.22284491246103733,0.005385580731378455,0.0013124987595937742,0.6328158781062397,0.5786564249386056,0.1,2.7755575615628914e-17,0.0,1.0,0.22055668562722114
1148,0.93,0.030000000000000027,0.22297236125241363,0.005237915814708593,0.0012978415437670339,0.6327517022823355,0.5785839919673162,0.1,2.7755575615628914e-17,0.0,1.0,0.22312677038904932
1149,0.93,0.030000000000000027,0.22305959855250307,0.005166629225630114,0.0012871401168130534,0.6327077821382341,0.578534422845972,0.1,2.7755575615628914e-17,0.0,1.0,0.22312677038904932
1150,0.94,0.039999999999999925,0.2231105405922899,0.005116341108869554,0.001313100568952732,0.5950353162793038,0.5234534057373308,0.1,2.7755575615628914e-17,0.0,1.0,0.22055668562722114
1151,0.94,0.039999999999999925,0.2231614826320767,0.005065041455570384,0.001294175037954736,0.5950126348560482,0.5234272206817944,0.1,2.7755575615628914e-17,0.0,1.0,0.22055668562722114
1152,0.94,0.039999999999999925,0.2232311609475515,0.004980089093515716,0.0012898375959130885,0.5949816140971703,0.5233914091109427,0.1,2.7755575615628914e-17,0.0,1.0,0.22055668562722114
1153,0.94,0.039999999999999925,0.22325516666007472,0.00494125632462128,0.0013000213252646552,0.5949709275124437,0.5233790723718909,0.1,2.7755575615628914e-17,0.0,1.0,0.21641883209419158
1154,0.94,0.039999999999999925,0.2232892542646561,0.004910670637843483,0.0012843238938646054,0.5949557534474856,0.5233615554622939,0.1,2.7755575615628914e-17,0.0,1.0,0.22055668562722114
1155,0.95,0.04999999999999993,0.2232864847795229,0.0049110014077292045,0.001303678267081235,0.5615473352315505,0.47355840625133133,0.1,2.7755575615628914e-17,0.0,1.0,0.22256287589740661
1156,0.96,0.05999999999999994,0.22328281422117233,0.0049114036843970294,0.0012968933318910148,0.5316917072656089,0.4284949098730942,0.1,2.7755575615628914e-17,0.0,1.0,0.22256287589740661
1157,0.96,0.05999999999999994,0.22323104804165317,0.004934994562329007,0.0013386898322246467,0.5317101110002046,0.42851669004253146,0.1,2.7755575615628914e-17,0.0,1.0,0.21842502236437705
1158,0.96,0.05999999999999994,0.223179281862134,0.004957932738010974,0.0013088874646819174,0.5317285160088813,0.4285384724262302,0.1,2.7755575615628914e-17,0.0,1.0,0.21842502236437705
1159,0.96,0.05999999999999994,0.22309801133874757,0.0049685777295835915,0.0012513935329482363,0.531757413597455,0.42857267423558176,0.1,2.7755575615628914e-17,0.0,1.0,0.21842502236437705
1160,0.96,0.05999999999999994,0.22304609373990303,0.005018563445403867,0.0012603125149547169,0.5317758757283234,0.42859452604611936,0.1,2.7755575615628914e-17,0.0,1.0,0.21566841557693386
1161,0.96,0.05999999999999994,0.22301291241674648,0.005056123048466727,0.001230510147411987,0.5317876758270759,0.42860849303616616,0.1,2.7755575615628914e-17,0.0,1.0,0.21566841557693386
1162,0.96,0.05999999999999994,0.22300923543745724,0.005061326493018418,0.0011814405012522996,0.5317889834840371,0.42861004084039184,0.1,2.7755575615628914e-17,0.0,1.0,0.21566841557693386
1163,0.96,0.05999999999999994,0.22289282313431508,0.0052393829180042584,0.001246244919590532,0.5318303869222728,0.4286590497398626,0.1,2.7755575615628914e-17,0.0,1.0,0.20925277816144885
1164,0.96,0.05999999999999994,0.2227726917503211,0.005418495870319248,0.001250001566915569,0.5318731198562954,0.4287096361025645,0.1,2.7755575615628914e-17,0.0,1.0,0.2088808700762702
1165,0.96,0.05999999999999994,0.22264412815217877,0.005610658547599183,0.0012420599450800839,0.5319188598912095,0.4287637864306669,0.1,2.7755575615628914e-17,0.0,1.0,0.20803764866143598
1166,0.96,0.05999999999999994,0.22251642911195835,0.005827265253883595,0.0012508607289237895,0.5319643001244633,0.4288175861548887,0.1,2.7755575615628914e-17,0.0,1.0,0.20649466247707737
1167,0.95,0.04999999999999993,0.22239916623842798,0.006019842720081139,0.0012519270192220373,0.5618994218782534,0.4739713372330098,0.1,2.7755575615628914e-17,0.0,0.0,0.20686657056225605
1168,0.94,0.039999999999999925,0.22228746823737805,0.006185829600925279,0.0012401379623944381,0.5954020206646126,0.5238768420316263,0.1,2.7755575615628914e-17,0.0,0.0,0.20768940315594453
1169,0.94,0.039999999999999925,0.22216436940197673,0.006333938493964786,0.0011892327854215218,0.5954569038898843,0.5239402301304356,0.1,2.7755575615628914e-17,0.0,1.0,0.208539268940431
1170,0.94,0.039999999999999925,0.22199373345921905,0.006437410652529501,0.0012007051851100252,0.5955329981193188,0.5240281222001644,0.1,2.7755575615628914e-17,0.0,1.0,0.20967503650959285
1171,0.94,0.039999999999999925,0.22182309751646134,0.006534791635802174,0.001162043317127816,0.5956091117996046,0.524116043762998,0.1,2.7755575615628914e-17,0.0,1.0,0.20967503650959285
1172,0.94,0.039999999999999925,0.22167528536492476,0.006674193194577166,0.0011776508505432273,0.5956750604528411,0.5241922290320645,0.1,2.7755575615628914e-17,0.0,1.0,0.20812989070146712
1173,0.94,0.039999999999999925,0.22152747321338814,0.006807533401272924,0.001174143388128399,0.5957410237119874,0.524268436452863,0.1,2.7755575615628914e-17,0.0,1.0,0.20812989070146712
1174,0.94,0.039999999999999925,0.22136301774629785,0.006977044087636846,0.0011902746326529596,0.595814431456942,0.5243532507029981,0.1,2.7755575615628914e-17,0.0,1.0,0.20611832036703262
1175,0.94,0.039999999999999925,0.2212090031773403,0.007126379004063661,0.0011966333466607029,0.5958831951198345,0.5244327051797242,0.1,2.7755575615628914e-17,0.0,1.0,0.20674783305379923
1176,0.94,0.039999999999999925,0.2210720020905964,0.0072378033663124085,0.0011693476548816526,0.595944376027732,0.52450340282103,0.1,2.7755575615628914e-17,0.0,1.0,0.20844918127516276
1177,0.94,0.039999999999999925,0.2208909746867776,0.007324348948357648,0.0011249492685917,0.5960252371453799,0.5245968489134332,0.1,2.7755575615628914e-17,0.0,1.0,0.20844918127516276
1178,0.94,0.039999999999999925,0.22066427786863702,0.00736032192496482,0.0011266816038388746,0.5961265287765081,0.5247139164607162,0.1,2.7755575615628914e-17,0.0,1.0,0.20827768008569247
1179,0.94,0.039999999999999925,0.22042056756828277,0.007419044964340937,0.0011311796994241338,0.5962354607013611,0.5248398281604956,0.1,2.7755575615628914e-17,0.0,1.0,0.20657633186432894
1180,0.94,0.039999999999999925,0.22018630115450666,0.0074921137493628425,0.0011343276600364015,0.5963402089972073,0.5249609176980883,0.1,2.7755575615628914e-17,0.0,1.0,0.20626468376371443
1181,0.94,0.039999999999999925,0.21994885609486897,0.007563039199743855,0.001137538413431877,0.5964464161353117,0.5250837072706673,0.1,2.7755575615628914e-17,0.0,1.0,0.20594681917756236
1182,0.94,0.039999999999999925,0.2197114110352313,0.007625916018921262,0.0010599989856295673,0.5965526611107624,0.5252065542982152,0.1,2.7755575615628914e-17,0.0,1.0,0.20594681917756236
1183,0.94,0.039999999999999925,0.21948499115992604,0.007885861013599737,0.001126401863601182,0.5966540081203143,0.5253237507747874,0.1,2.7755575615628914e-17,0.0,1.0,0.1993729342583725
1184,0.94,0.039999999999999925,0.2192585712846208,0.008131204142322226,0.001116635452442391,0.596755389570955,0.5254409995663186,0.1,2.7755575615628914e-17,0.0,1.0,0.1993729342583725
1185,0.94,0.039999999999999925,0.21901936618126217,0.008366596735114824,0.0011154459710130116,0.596862533150253,0.5255649259016624,0.1,2.7755575615628914e-17,0.0,1.0,0.19906128615775795
1186,0.94,0.039999999999999925,0.2187676642041672,0.008630958089614343,0.0011217050908849027,0.5969753158173154,0.525695389695729,0.1,2.7755575615628914e-17,0.0,1.0,0.19738219202199667
1187,0.94,0.039999999999999925,0.21852827165165134,0.00888043820204573,0.001123437426132077,0.5970826224292519,0.5258195333010145,0.1,2.7755575615628914e-17,0.0,1.0,0.19755369321146693
1188,0.94,0.039999999999999925,0.2182940255673557,0.00910524609028127,0.0010841648515314262,0.5971876595087798,0.5259410648326202,0.1,2.7755575615628914e-17,0.0,1.0,0.198068340033492
1189,0.94,0.039999999999999925,0.218103805800135,0.009324463373773979,0.0010475679608796078,0.5972729821679413,0.5260397959750782,0.1,2.7755575615628914e-17,0.0,1.0,0.198068340033492
1190,0.94,0.039999999999999925,0.21794981695465954,0.009524763759546558,0.0010475679608796078,0.5973420713861022,0.5261197490742049,0.1,2.7755575615628914e-17,0.0,1.0,0.198068340033492
1191,0.95,0.04999999999999993,0.21779582810918413,0.009718498187087801,0.00103546326598815,0.5637331293793097,0.4761252018805349,0.1,2.7755575615628914e-17,0.0,1.0,0.198068340033492
1192,0.95,0.04999999999999993,0.21762459317383304,0.009920888991026897,0.0010407788639004278,0.5638015705225528,0.47620569901400617,0.1,2.7755575615628914e-17,0.0,1.0,0.1975420958401765
1193,0.95,0.04999999999999993,0.21745335823848194,0.010116334658657706,0.0010407788639004278,0.5638700282862802,0.4762862233709227,0.1,2.7755575615628914e-17,0.0,1.0,0.1975420958401765
1194,0.95,0.04999999999999993,0.21728212330313088,0.010305230355187125,0.001021076059142582,0.5639385026765471,0.4763667749650971,0.1,2.7755575615628914e-17,0.0,1.0,0.1975420958401765
1195,0.95,0.04999999999999993,0.2170913825910695,0.010490645476769029,0.001021076059142582,0.5640147967294212,0.4764565344668434,0.1,2.7755575615628914e-17,0.0,1.0,0.1975420958401765
1196,0.95,0.04999999999999993,0.21690064187900815,0.01066943055305968,0.001021076059142582,0.5640911114284123,0.4765463278008676,0.1,2.7755575615628914e-17,0.0,1.0,0.1975420958401765
1197,0.95,0.04999999999999993,0.21671786573329677,0.010828113574310943,0.0010249334279152627,0.5641642589106836,0.47663240348618724,0.1,2.7755575615628914e-17,0.0,1.0,0.19833855247517485
1198,0.95,0.04999999999999993,0.21654058312417684,0.01096579185431331,0.0010013602725602903,0.564235225991632,0.4767159217848547,0.1,2.7755575615628914e-17,0.0,1.0,0.19930248326083078
1199,0.95,0.04999999999999993,0.21633109127120545,0.011090822646906804,0.0010021355127687796,0.5643191096056736,0.47681465167870946,0.1,2.7755575615628914e-17,0.0,1.0,0.19937923204147123
1200,0.95,0.04999999999999993,0.21612159941823403,0.011210545450834887,0.000968825682811222,0.5644030181650096,0.4769134224757969,0.1,2.7755575615628914e-17,0.0,1.0,0.19937923204147123
1201,0.95,0.04999999999999993,0.21594508429692055,0.011333136147118304,0.0009646380350687681,0.5644737378025266,0.476996677240483,0.1,2.7755575615628914e-17,0.0,1.0,0.19937923204147123
1202,0.95,0.04999999999999993,0.21577271494687217,0.011452075568437881,0.0009634085301884939,0.5645428135686447,0.4770780046753986,0.1,2.7755575615628914e-17,0.0,1.0,0.19937923204147123
1203,0.95,0.04999999999999993,0.21557213551974566,0.011612212732704031,0.0009598232324628039,0.5646232156039832,0.4771726771287507,0.1,2.7755575615628914e-17,0.0,0.0,0.19643650335051632
1204,0.95,0.04999999999999993,0.21534384180289431,0.011750590500555278,0.0009651388303750816,0.5647147547521784,0.4772804763141791,0.1,2.7755575615628914e-17,0.0,1.0,0.1969627475438318
1205,0.95,0.04999999999999993,0.21510954484792094,0.011892289630176332,0.0009681040183216171,0.5648087318920578,0.4773911608556142,0.1,2.7755575615628914e-17,0.0,1.0,0.19636242373162704
1206,0.96,0.05999999999999994,0.21486691510400327,0.012034678056351169,0.0009610057619343236,0.5347005262522918,0.43206514776351146,0.1,2.7755575615628914e-17,0.0,1.0,0.19583591504270034
1207,0.96,0.05999999999999994,0.21461459313595121,0.012211326279741846,0.0009715100497558609,0.5347912612889147,0.4321731079856278,0.1,2.7755575615628914e-17,0.0,1.0,0.19363745655798498
1208,0.95,0.04999999999999993,0.21433386594253817,0.012404796299954474,0.0009702407234893149,0.5651200821040003,0.4777579669774714,0.1,2.7755575615628914e-17,0.0,0.0,0.19195546801227753
1209,0.95,0.04999999999999993,0.21403506223066426,0.012579142200360003,0.0009702407234893149,0.565240110704797,0.47789941689857746,0.1,2.7755575615628914e-17,0.0,1.0,0.19195546801227753
1210,0.94,0.039999999999999925,0.21373625851879027,0.012744100534519189,0.0009664615990735852,0.5992387644966369,0.5283169562553595,0.1,2.7755575615628914e-17,0.0,0.0,0.19195546801227753
1211,0.94,0.039999999999999925,0.213481478311764,0.012841413423446624,0.0010071506613726511,0.5993538376245845,0.5284504027909551,0.1,2.7755575615628914e-17,0.0,1.0,0.19598368517988507
1212,0.95,0.04999999999999993,0.21322645271614044,0.012933303581099537,0.0009647796874087209,0.565565182677925,0.4782826228389247,0.1,2.7755575615628914e-17,0.0,1.0,0.19595914632016007
1213,0.95,0.04999999999999993,0.21291802994652362,0.013000198585006215,0.0009723182611462728,0.5656892713343747,0.47842894859191226,0.1,2.7755575615628914e-17,0.0,1.0,0.1948386942029852
1214,0.95,0.04999999999999993,0.2126058658437352,0.013055669778235917,0.000960700894432566,0.5658149207114236,0.4785771405523013,0.1,2.7755575615628914e-17,0.0,1.0,0.1948386942029852
1215,0.95,0.04999999999999993,0.21231640745516508,0.013100579244629387,0.0009720185925858475,0.5659314806823483,0.47871463560714284,0.1,2.7755575615628914e-17,0.0,1.0,0.19595914632016007
1216,0.95,0.04999999999999993,0.21201574454542324,0.013153127387589027,0.0009754493206056369,0.5660526033822383,0.47885753657531355,0.1,2.7755575615628914e-17,0.0,1.0,0.1948386942029852
1217,0.95,0.04999999999999993,0.211718478056421,0.013176715574063805,0.0009806041581305882,0.5661724088085427,0.4789989071703981,0.1,2.7755575615628914e-17,0.0,1.0,0.19595914632016007
1218,0.95,0.04999999999999993,0.2114273127994408,0.013200017999052798,0.000969515797690941,0.5662898044673991,0.47913745715472894,0.1,2.7755575615628914e-17,0.0,1.0,0.19595914632016007
1219,0.95,0.04999999999999993,0.21114712501929586,0.01322797918150781,0.0009655756031158087,0.5664028200639757,0.4792708592407109,0.1,2.7755575615628914e-17,0.0,1.0,0.19595914632016007
1220,0.95,0.04999999999999993,0.2108630364465215,0.013246039316529911,0.000936683783069172,0.5665174551363106,0.4794061944231386,0.1,2.7755575615628914e-17,0.0,1.0,0.19595914632016007
1221,0.95,0.04999999999999993,0.21055034497190095,0.013225083158495037,0.000936683783069172,0.5666436856738496,0.47955524395248805,0.1,2.7755575615628914e-17,0.0,1.0,0.19595914632016007
1222,0.95,0.04999999999999993,0.21022644897610873,0.013209274615461264,0.0009110475902146971,0.566774498695021,0.4797097320537245,0.1,2.7755575615628914e-17,0.0,1.0,0.1948386942029852
1223,0.95,0.04999999999999993,0.20988991080236435,0.01310692665546833,0.0009092366115846742,0.5669104815527121,0.4798703555472563,0.1,2.7755575615628914e-17,0.0,1.0,0.19723291161753834
1224,0.95,0.04999999999999993,0.20953519861549702,0.012943199677721805,0.000916874015490066,0.5670538785190402,0.480039769639491,0.1,2.7755575615628914e-17,0.0,1.0,0.19798901460417212
1225,0.95,0.04999999999999993,0.20918048642862966,0.012767523956190765,0.000916874015490066,0.5671973480467097,0.48020930339434126,0.1,2.7755575615628914e-17,0.0,1.0,0.19798901460417212
1226,0.95,0.04999999999999993,0.20882577424176232,0.01257939889563122,0.0009168740154900662,0.5673408901908106,0.48037895693863386,0.1,2.7755575615628914e-17,0.0,1.0,0.19798901460417215
1227,0.95,0.04999999999999993,0.20847106205489502,0.012378256892950898,0.0008966094673063748,0.5674845050064883,0.4805487303993756,0.1,2.7755575615628914e-17,0.0,1.0,0.19798901460417215
1228,0.95,0.04999999999999993,0.20811927680102715,0.012218945524861436,0.0009139175175108664,0.5676270066031737,0.48071722152380686,0.1,2.7755575615628914e-17,0.0,1.0,0.19627551763392748
1229,0.95,0.04999999999999993,0.20776749154715926,0.01204726151627408,0.0009139175175108664,0.5677695797852694,0.4808858308431876,0.1,2.7755575615628914e-17,0.0,1.0,0.19627551763392748
1230,0.95,0.04999999999999993,0.20741570629329137,0.011862667685381216,0.0008943105527114052,0.5679122246067303,0.48105455848193013,0.1,2.7755575615628914e-17,0.0,1.0,0.19627551763392748
1231,0.95,0.04999999999999993,0.20710046690427736,0.011688851550080205,0.0009116186029158969,0.5680401114124829,0.4812058581586368,0.1,2.7755575615628914e-17,0.0,1.0,0.19798901460417215
1232,0.95,0.04999999999999993,0.20679028805520946,0.01150001621237262,0.0009071541851291851,0.5681660014805414,0.48135482194250845,0.1,2.7755575615628914e-17,0.0,1.0,0.19849506859878402
1233,0.95,0.04999999999999993,0.206477570094066,0.011327541406951521,0.0009155588034584132,0.568292978579457,0.48150509853036316,0.1,2.7755575615628914e-17,0.0,1.0,0.19729312603572707
1234,0.95,0.04999999999999993,0.20616855098640713,0.01115099807380383,0.0009155588034584132,0.5684185095474312,0.48165368983596546,0.1,2.7755575615628914e-17,0.0,1.0,0.19729312603572707
1235,0.95,0.04999999999999993,0.20584278593424085,0.010977249359142448,0.0009324738989204537,0.568550903180141,0.48181043273166635,0.1,2.7755575615628914e-17,0.0,1.0,0.19561853158498507
1236,0.95,0.04999999999999993,0.2055289387767807,0.010780590266029386,0.0009348624722755978,0.5686785116241854,0.48196153781106593,0.1,2.7755575615628914e-17,0.0,1.0,0.196810321055598
1237,0.95,0.04999999999999993,0.20522464482640504,0.01059127452711146,0.0009252127681498032,0.5688022904945199,0.4821081339193929,0.1,2.7755575615628914e-17,0.0,1.0,0.196810321055598
1238,0.95,0.04999999999999993,0.2049107976689449,0.010368616852823104,0.0009155630640240086,0.5689300118214705,0.4822594258155097,0.1,2.7755575615628914e-17,0.0,1.0,0.196810321055598
1239,0.95,0.04999999999999993,0.20460650371856928,0.010153127196390973,0.0009155630640240086,0.5690539002112764,0.4824062032219846,0.1,2.7755575615628914e-17,0.0,1.0,0.196810321055598
1240,0.95,0.04999999999999993,0.204295012313622,0.009929327885827916,0.0009228332201570629,0.5691807748259317,0.4825565449177151,0.1,2.7755575615628914e-17,0.0,1.0,0.19609057559842563
1241,0.95,0.04999999999999993,0.20398352090867466,0.009690359068257154,0.0009228332201570626,0.5693077060283992,0.4827069803505145,0.1,2.7755575615628914e-17,0.0,1.0,0.19609057559842563
1242,0.95,0.04999999999999993,0.20367202950372731,0.009435068186744347,0.0008812883140549484,0.5694346938565458,0.48285750960807694,0.1,2.7755575615628914e-17,0.0,1.0,0.19609057559842563
1243,0.95,0.04999999999999993,0.20354299798526687,0.009254632694818543,0.0010240463235961265,0.5694873136122641,0.4829198920219842,0.1,2.7755575615628914e-17,0.0,1.0,0.21022361854300226
1244,0.95,0.04999999999999993,0.20345912984492587,0.009113707796650742,0.0010696658974541757,0.5695215207115714,0.4829604481006412,0.1,2.7755575615628914e-17,0.0,1.0,0.21473995635494914
1245,0.95,0.04999999999999993,0.20337526170458486,0.00896978514567279,0.001043705445314497,0.5695557319205258,0.4830010109917477,0.1,2.7755575615628914e-17,0.0,1.0,0.21473995635494914
1246,0.95,0.04999999999999993,0.2033242918664339,0.008886099891525197,0.001050975601447551,0.5695765253730511,0.4830256659223842,0.1,2.7755575615628914e-17,0.0,1.0,0.21545970181212148
1247,0.95,0.04999999999999993,0.20329095095440702,0.008827442090347935,0.0010428221453928574,0.5695901278203769,0.4830417948196511,0.1,2.7755575615628914e-17,0.0,1.0,0.21722259442453498
1248,0.95,0.04999999999999993,0.20324392862039242,0.008733680764394295,0.0010549629793631294,0.5696093131276292,0.48306454403053256,0.1,2.7755575615628914e-17,0.0,1.0,0.21842453698759193
1249,0.95,0.04999999999999993,0.2031522701206546,0.008571116822043515,0.001074089563307496,0.569646713890796,0.48310889419376574,0.1,2.7755575615628914e-17,0.0,1.0,0.21396092041527145
1250,0.95,0.04999999999999993,0.2030863124685351,0.00846160892418843,0.001074089563307496,0.5696736305987871,0.4831408137048087,0.1,2.7755575615628914e-17,0.0,1.0,0.21396092041527145
1251,0.95,0.04999999999999993,0.20300790970931323,0.008334742163861947,0.0010866603785624396,0.5697056293490345,0.4831787613815534,0.1,2.7755575615628914e-17,0.0,1.0,0.21271640970503206
1252,0.94,0.039999999999999925,0.20292950695009132,0.008205165099186234,0.0010448638782288076,0.6041588340204402,0.5340370605680081,0.1,2.7755575615628914e-17,0.0,0.0,0.21271640970503206
1253,0.94,0.039999999999999925,0.20291350390105428,0.008180363518918871,0.00102430088784929,0.604166179756481,0.5340456229643595,0.1,2.7755575615628914e-17,0.0,1.0,0.21481852719048938
1254,0.94,0.039999999999999925,0.20285612231668693,0.008075861058514362,0.0010040363396655984,0.6041925205790236,0.5340763271128897,0.1,2.7755575615628914e-17,0.0,1.0,0.21481852719048938
1255,0.94,0.039999999999999925,0.20277010276186563,0.00790959774664984,0.0010126990343647696,0.6042320118678445,0.5341223616853604,0.1,2.7755575615628914e-17,0.0,1.0,0.21396092041527143
1256,0.94,0.039999999999999925,0.20267163809994188,0.007721644433557359,0.000983473349286081,0.6042772230008642,0.5341750661737343,0.1,2.7755575615628914e-17,0.0,1.0,0.21271640970503203
1257,0.94,0.039999999999999925,0.2026069909434821,0.007615820112939541,0.0009911107531914726,0.604306910133571,0.5342096750599701,0.1,2.7755575615628914e-17,0.0,1.0,0.21196030671839827
1258,0.94,0.039999999999999925,0.2025535483081941,0.007522815751807145,0.0010024284513447542,0.6043314541518907,0.5342382889866479,0.1,2.7755575615628914e-17,0.0,1.0,0.21308075883557315
1259,0.94,0.039999999999999925,0.20250892712925547,0.007441334757908293,0.000983494500309398,0.604351948363114,0.5342621821316995,0.1,2.7755575615628914e-17,0.0,1.0,0.21396290447051608
1260,0.94,0.039999999999999925,0.20250702426524608,0.007437993009784769,0.0009987998003646904,0.6043528223668219,0.5342632010990818,0.1,2.7755575615628914e-17,0.0,1.0,0.21547812917599002
1261,0.94,0.039999999999999925,0.20250512140123664,0.007434649272573466,0.0009987998003646904,0.6043536963730576,0.5342642200703508,0.1,2.7755575615628914e-17,0.0,1.0,0.21547812917599002
1262,0.94,0.039999999999999925,0.2025032185372272,0.007431303543589403,0.000933995382026458,0.6043545703818212,0.5342652390455067,0.1,2.7755575615628914e-17,0.0,1.0,0.21547812917599002
1263,0.94,0.039999999999999925,0.20252909636107805,0.007459215555403601,0.0009669818521707033,0.6043426845967043,0.5342513819197064,0.1,2.7755575615628914e-17,0.0,1.0,0.21184056054653108
1264,0.94,0.039999999999999925,0.20255869326578066,0.007490167159996281,0.0009584644641420747,0.6043290911964039,0.5342355341717964,0.1,2.7755575615628914e-17,0.0,1.0,0.21184056054653108
1265,0.94,0.039999999999999925,0.20259672238463153,0.007527449697653583,0.0009428787451081494,0.6043116259082699,0.5342151727506217,0.1,2.7755575615628914e-17,0.0,1.0,0.21184056054653108
1266,0.94,0.039999999999999925,0.20265774239519238,0.00758332541627448,0.0009467595016885044,0.6042836039113914,0.5341825048675856,0.1,2.7755575615628914e-17,0.0,1.0,0.2125966635331649
1267,0.95,0.04999999999999993,0.20271504332490153,0.0076363748049083245,0.0009384480613482166,0.5698251895735629,0.48332056421812747,0.1,2.7755575615628914e-17,0.0,1.0,0.2125966635331649
1268,0.96,0.05999999999999994,0.20276411592867377,0.0076838033331621865,0.0009298635584746158,0.5390876599634665,0.4373050268227244,0.1,2.7755575615628914e-17,0.0,1.0,0.2125966635331649
1269,0.96,0.05999999999999994,0.20279008661539472,0.007707631038282107,0.0009331419256612181,0.5390781687965669,0.43729364680858124,0.1,2.7755575615628914e-17,0.0,1.0,0.21113633761252942
1270,0.96,0.05999999999999994,0.20280469962642406,0.0077220422421024025,0.0009331419256612181,0.5390728285176479,0.43728724383928175,0.1,2.7755575615628914e-17,0.0,1.0,0.21113633761252942
1271,0.96,0.05999999999999994,0.20281931263745345,0.007736398999221498,0.0009175343922458067,0.539067488344533,0.4372808410574876,0.1,2.7755575615628914e-17,0.0,1.0,0.21113633761252942
1272,0.96,0.05999999999999994,0.2028418160766977,0.007755063899787727,0.0009251717961511987,0.5390592649032895,0.4372709814021164,0.1,2.7755575615628914e-17,0.0,1.0,0.2103802346258956
1273,0.96,0.05999999999999994,0.20287892277514832,0.0077890805536137055,0.0009196036707592893,0.5390457055348412,0.4372547244467346,0.1,2.7755575615628914e-17,0.0,1.0,0.21184056054653108
1274,0.96,0.05999999999999994,0.20296412619571286,0.007870228335073311,0.0009415086120743118,0.5390145734525326,0.43721740022941974,0.1,2.7755575615628914e-17,0.0,1.0,0.21463866242348492
1275,0.96,0.05999999999999994,0.20304303448940975,0.007946952316003475,0.0009243232765049832,0.5389857447245304,0.4371828393386692,0.1,2.7755575615628914e-17,0.0,1.0,0.21463866242348492
1276,0.96,0.05999999999999994,0.2030937247797212,0.007997281441875094,0.0009356409746582647,0.5389672269216372,0.4371606404788171,0.1,2.7755575615628914e-17,0.0,1.0,0.21351821030631005
1277,0.96,0.05999999999999994,0.20313239564440216,0.008032356993384995,0.0009460494733813623,0.5389531008222481,0.437143706816378,0.1,2.7755575615628914e-17,0.0,1.0,0.2123162677432531
1278,0.96,0.05999999999999994,0.20314480050220818,0.008041246550264114,0.0009571277931347998,0.5389485696024334,0.43713827510623504,0.1,2.7755575615628914e-17,0.0,1.0,0.20951816586629926
1279,0.96,0.05999999999999994,0.2031520030688764,0.008044638809085737,0.0009764200076250476,0.5389459386993138,0.4371351213831788,0.1,2.7755575615628914e-17,0.0,1.0,0.2072965885311502
1280,0.96,0.05999999999999994,0.20316232211655078,0.008049285382030147,0.0009732092542295721,0.538942169474595,0.4371306031539254,0.1,2.7755575615628914e-17,0.0,1.0,0.2072965885311502
1281,0.96,0.05999999999999994,0.20317581981008664,0.008055072955763617,0.0009732092542295721,0.5389372392697435,0.4371246932850244,0.1,2.7755575615628914e-17,0.0,1.0,0.2072965885311502
1282,0.96,0.05999999999999994,0.20318931750362254,0.008060833772540103,0.0009068063762579573,0.5389323091550935,0.43711878357592027,0.1,2.7755575615628914e-17,0.0,1.0,0.2072965885311502
1283,0.96,0.05999999999999994,0.20328154142828694,0.008069395107595866,0.000919924943870691,0.538898626219194,0.4370784093550992,0.1,2.7755575615628914e-17,0.0,1.0,0.20859532672481085
1284,0.96,0.05999999999999994,0.20337376535295132,0.008076894402671118,0.0009167769832584229,0.5388649474933568,0.43703804259187196,0.1,2.7755575615628914e-17,0.0,1.0,0.20859532672481085
1285,0.96,0.05999999999999994,0.2034543051604695,0.008073645403545885,0.0009147665355763235,0.5388355390663674,0.4370027961098297,0.1,2.7755575615628914e-17,0.0,1.0,0.2071152669095774
1286,0.96,0.05999999999999994,0.20355919693921165,0.008062204837765107,0.0009206716042345412,0.5387972435359399,0.4369569010437326,0.1,2.7755575615628914e-17,0.0,1.0,0.20787136989621122
1287,0.96,0.05999999999999994,0.2036748188131615,0.008058156427613296,0.0009280439667417567,0.5387550368012501,0.4369063222267861,0.1,2.7755575615628914e-17,0.0,1.0,0.20911588060645062
1288,0.96,0.05999999999999994,0.20378529421889108,0.00805626499613372,0.0009280439667417567,0.5387147149160476,0.436858005671459,0.1,2.7755575615628914e-17,0.0,1.0,0.20911588060645062
1289,0.96,0.05999999999999994,0.20396043567162037,0.00812019905442248,0.0009933632061354411,0.5386508032498731,0.4367814292367149,0.1,2.7755575615628914e-17,0.0,1.0,0.21558248530642538
1290,0.96,0.05999999999999994,0.20412344530671084,0.008163782085269371,0.0010056175673868288,0.5385913322844392,0.43671018126780975,0.1,2.7755575615628914e-17,0.0,1.0,0.214369303542538
1291,0.96,0.05999999999999994,0.20428645494180123,0.008203895349516708,0.0010003019694745515,0.5385318744496097,0.43663895653911045,0.1,2.7755575615628914e-17,0.0,1.0,0.21436930354253803
1292,0.96,0.05999999999999994,0.20440486156997748,0.008191137777803873,0.0010506711097244645,0.5384886938112557,0.43658723502154095,0.1,2.7755575615628914e-17,0.0,1.0,0.20938275865779662
1293,0.96,0.05999999999999994,0.2045232681981537,0.008176645829734683,0.0010506711097244645,0.5384455200969787,0.4365355257557346,0.1,2.7755575615628914e-17,0.0,1.0,0.20938275865779662
1294,0.96,0.05999999999999994,0.20469154027517728,0.008204346285848894,0.0011010402499743777,0.5383841762296246,0.4364620608580387,0.1,2.7755575615628914e-17,0.0,1.0,0.21436930354253803
1295,0.96,0.05999999999999994,0.20485063636125397,0.008218408946964531,0.0011103089276985642,0.5383261903387541,0.4363926247887503,0.1,2.7755575615628914e-17,0.0,1.0,0.21345170444784356
1296,0.96,0.05999999999999994,0.20500973244733067,0.008229372402058429,0.0011022639111834295,0.5382682169371118,0.43632321080889996,0.1,2.7755575615628914e-17,0.0,1.0,0.21345170444784356
1297,0.96,0.05999999999999994,0.20516086396705738,0.008244231430877685,0.0010925272365808444,0.5382131573261291,0.43625729223602333,0.1,2.7755575615628914e-17,0.0,1.0,0.21345170444784356
1298,0.96,0.05999999999999994,0.20531448799656643,0.008276702827014546,0.001104006357623743,0.5381572011973945,0.4361903069226939,0.1,2.7755575615628914e-17,0.0,1.0,0.21466488621173097
1299,0.96,0.05999999999999994,0.2054895603116205,0.00833426618965688,0.0011264465327262586,0.5380934469129706,0.4361139945004063,0.1,2.7755575615628914e-17,0.0,1.0,0.21688646354688002
1300,0.96,0.05999999999999994,0.20567665205230518,0.008404697355612107,0.0011385873666965307,0.5380253323326686,0.4360324724295802,0.1,2.7755575615628914e-17,0.0,1.0,0.21808840610993696
1301,0.96,0.05999999999999994,0.2058637437929898,0.008470411779833587,0.0011385873666965307,0.5379572349947577,0.4359509808306309,0.1,2.7755575615628914e-17,0.0,1.0,0.21808840610993696
1302,0.96,0.05999999999999994,0.2060508355336745,0.008531518455796088,0.001108862834464663,0.5378891548926915,0.4358695196864766,0.1,2.7755575615628914e-17,0.0,1.0,0.21808840610993696
1303,0.97,0.06999999999999995,0.20630158759766226,0.008613359567893686,0.0011381260611923404,0.5103513465788603,0.39429230444445496,0.1,2.7755575615628914e-17,0.0,1.0,0.22151170974929252
1304,0.97,0.06999999999999995,0.2064959465076845,0.008619718829692528,0.0011837093681724125,0.5102876943146126,0.3942157997717997,0.1,2.7755575615628914e-17,0.0,1.0,0.21639863854606062
1305,0.97,0.06999999999999995,0.2066963086558288,0.008614705913151496,0.0011783910985872943,0.5102220926172916,0.39413696314190877,0.1,2.7755575615628914e-17,0.0,1.0,0.21639863854606062
1306,0.97,0.06999999999999995,0.20690193589086242,0.008598415317310966,0.0011561844472265331,0.5101547845839166,0.3940560876338107,0.1,2.7755575615628914e-17,0.0,1.0,0.21639863854606062
1307,0.97,0.06999999999999995,0.2071083885484177,0.008524987931463664,0.0011605675551743858,0.5100872242278386,0.39397492086171076,0.1,2.7755575615628914e-17,0.0,1.0,0.21428272231351575
1308,0.98,0.07999999999999996,0.20731610468147513,0.008405466097505483,0.0011762811005835024,0.4852695846086197,0.3564093884937744,0.1,2.7755575615628914e-17,0.0,1.0,0.2127270813180132
1309,0.98,0.07999999999999996,0.20752292362589173,0.00827845109271802,0.0011771873517357084,0.4852083458056319,0.35633587625824653,0.1,2.7755575615628914e-17,0.0,1.0,0.21263736245394482
1310,0.99,0.08999999999999997,0.2077409470914802,0.00815171762091569,0.0011478159875899238,0.46269637790771323,0.32235594373677023,0.1,2.7755575615628914e-17,0.0,1.0,0.2137578145711197
1311,0.99,0.08999999999999997,0.20791868838539254,0.008086940278602453,0.0011475681203199743,0.4626485302518497,0.32229882575960206,0.1,2.7755575615628914e-17,0.0,1.0,0.2137578145711197
1312,0.98,0.07999999999999996,0.20809667506790214,0.008017329436449507,0.0011362504221666928,0.4850385396843562,0.35613209929454,0.1,2.7755575615628914e-17,0.0,0.0,0.2137578145711197
1313,0.98,0.07999999999999996,0.20825972863737277,0.007911138304299695,0.0011626520728846073,0.4849903044207083,0.3560742307442851,0.1,2.7755575615628914e-17,0.0,1.0,0.21114405115004614
1314,0.98,0.07999999999999996,0.20842278220684335,0.007800094506730142,0.0011513343747313258,0.4849420787497384,0.3560163809973061,0.1,2.7755575615628914e-17,0.0,1.0,0.21114405115004614
1315,0.98,0.07999999999999996,0.20858334531036526,0.007706578015351698,0.0011488187525609283,0.48489459904468474,0.35595943320806017,0.1,2.7755575615628914e-17,0.0,1.0,0.21201545667235167
1316,0.98,0.07999999999999996,0.20875511293505888,0.0075888391821927505,0.0011375010544076468,0.48484381637133467,0.35589853161681145,0.1,2.7755575615628914e-17,0.0,1.0,0.21201545667235167
1317,0.98,0.07999999999999996,0.20891567603858083,0.00748556146322561,0.0011375010544076468,0.4847963559047342,0.35584162152029447,0.1,2.7755575615628914e-17,0.0,1.0,0.21201545667235167
1318,0.98,0.07999999999999996,0.2090762391421027,0.007377345029605674,0.0011375010544076468,0.4847489047288595,0.35578472962133106,0.1,2.7755575615628914e-17,0.0,1.0,0.21201545667235167
1319,0.98,0.07999999999999996,0.2092368022456246,0.00726396915821795,0.0011375010544076468,0.48470146284098237,0.3557278559111942,0.1,2.7755575615628914e-17,0.0,1.0,0.21201545667235167
1320,0.98,0.07999999999999996,0.20938865129392348,0.007142520865433732,0.0011463031303905308,0.48465660425479806,0.3556740855690331,0.1,2.7755575615628914e-17,0.0,1.0,0.21114405115004614
1321,0.98,0.07999999999999996,0.20951428652492393,0.007014542273701144,0.0011614640355689795,0.4846194959170223,0.35562960992895604,0.1,2.7755575615628914e-17,0.0,1.0,0.20852266942020486
1322,0.98,0.07999999999999996,0.20965112627709614,0.006858657385858555,0.0011372800212805637,0.48457908461274646,0.3555811804733555,0.1,2.7755575615628914e-17,0.0,1.0,0.20852266942020486
1323,0.98,0.07999999999999996,0.20978915716589921,0.00674530850466401,0.001155029799977566,0.48453832837113114,0.35553234281933094,0.1,2.7755575615628914e-17,0.0,1.0,0.21103600049784188
1324,0.98,0.07999999999999996,0.20996630784780435,0.006665225747577017,0.0012021821464103764,0.4844860313120666,0.35546968357715697,0.1,2.7755575615628914e-17,0.0,1.0,0.2157040827946901
1325,0.98,0.07999999999999996,0.21015209700215245,0.006587258555529845,0.0012109078761506973,0.4844311961965517,0.3554039925798546,0.1,2.7755575615628914e-17,0.0,1.0,0.2165679300389819
1326,0.98,0.07999999999999996,0.21033788615650054,0.006503051673552338,0.0012109078761506973,0.4843763734923322,0.35533832585753267,0.1,2.7755575615628914e-17,0.0,1.0,0.2165679300389819
1327,0.98,0.07999999999999996,0.2105620618457481,0.006459742000332422,0.0012323741036224418,0.48431024019773966,0.3552591238055936,0.1,2.7755575615628914e-17,0.0,1.0,0.22040658352892928
1328,0.98,0.07999999999999996,0.21080337250469813,0.00637166606887704,0.0012323741036224418,0.4842390721540257,0.3551739073579006,0.1,2.7755575615628914e-17,0.0,1.0,0.22040658352892928
1329,0.98,0.07999999999999996,0.2110446831636482,0.0062730796748848554,0.0012323741036224418,0.484167925023131,0.35508873178235406,0.1,2.7755575615628914e-17,0.0,1.0,0.22040658352892928
1330,0.98,0.07999999999999996,0.21129103378274416,0.006171135761694613,0.0012201569222522431,0.4840953134922411,0.35500181937988895,0.1,2.7755575615628914e-17,0.0,1.0,0.22091057954352428
1331,0.98,0.07999999999999996,0.21152432746272393,0.0061044680971675805,0.0012191644885553986,0.48402657055310416,0.3549195526744374,0.1,2.7755575615628914e-17,0.0,1.0,0.22131838260214853
1332,0.98,0.07999999999999996,0.21175256060275757,0.006039375768937754,0.0012070236545851263,0.4839593376563091,0.35483910736321017,0.1,2.7755575615628914e-17,0.0,1.0,0.22131838260214853
1333,0.98,0.07999999999999996,0.21199281316842178,0.0059363823502518965,0.0012070236545851263,0.48388858425438114,0.35475446495527146,0.1,2.7755575615628914e-17,0.0,1.0,0.22131838260214853
1334,0.98,0.07999999999999996,0.21223306573408598,0.005821663726780815,0.001190108559123086,0.4838178515372991,0.3546698629184673,0.1,2.7755575615628914e-17,0.0,1.0,0.22131838260214853
1335,0.98,0.07999999999999996,0.21250484622596427,0.0056721561122528245,0.0011930015762952985,0.4837378616120058,0.3545742073327266,0.1,2.7755575615628914e-17,0.0,1.0,0.2227965807728105
1336,0.98,0.07999999999999996,0.2127647088231364,0.005540924398415208,0.0011930015762952985,0.4836614040704865,0.35448279459759474,0.1,2.7755575615628914e-17,0.0,1.0,0.2227965807728105
1337,0.98,0.07999999999999996,0.21304915729319707,0.005443861045834771,0.0012178357913342531,0.48357774050324875,0.35438278722675925,0.1,2.7755575615628914e-17,0.0,1.0,0.225255168061667
1338,0.98,0.07999999999999996,0.21330901989036924,0.0052802669571094425,0.0012426700063732077,0.4835013335654728,0.35429147315226667,0.1,2.7755575615628914e-17,0.0,1.0,0.2227965807728105
1339,0.98,0.07999999999999996,0.21356888248754133,0.005098211259991907,0.0012353998502401533,0.4834249507689978,0.3542002061235817,0.1,2.7755575615628914e-17,0.0,1.0,0.2227965807728105
1340,0.98,0.07999999999999996,0.21383594253928517,0.00487001324634845,0.0012353998502401533,0.48334647752788656,0.35410646023806197,0.1,2.7755575615628914e-17,0.0,1.0,0.2227965807728105
1341,0.98,0.07999999999999996,0.21410300259102905,0.004615155235226179,0.0012353998502401533,0.4832680297593958,0.3540127639627092,0.1,2.7755575615628914e-17,0.0,1.0,0.2227965807728105
1342,0.98,0.07999999999999996,0.21437006264277286,0.004328931106911612,0.0010926418406989754,0.4831896074511247,0.3539191172581534,0.1,2.7755575615628914e-17,0.0,1.0,0.2227965807728105
1343,0.98,0.07999999999999996,0.2144803543926778,0.004362255164098668,0.0010626160773390767,0.4831572276531595,0.3538804570439225,0.1,2.7755575615628914e-17,0.0,1.0,0.22125279353349359
1344,0.97,0.06999999999999995,0.21454548276446325,0.0044139567056402425,0.0010626160773390767,0.5076653571712028,0.391073163771543,0.1,2.7755575615628914e-17,0.0,0.0,0.22125279353349359
1345,0.97,0.06999999999999995,0.21468372448045805,0.004629119674092818,0.001129197784043768,0.5076205568747854,0.3910196301196443,0.1,2.7755575615628914e-17,0.0,1.0,0.22856412795443037
1346,0.97,0.06999999999999995,0.21481476874188116,0.004830342736952665,0.0011113907879587832,0.5075780963729132,0.39096889718831024,0.1,2.7755575615628914e-17,0.0,1.0,0.22856412795443037
1347,0.97,0.06999999999999995,0.2149281840771801,0.005015159066323525,0.001099249953988511,0.507541353667639,0.39092499980691336,0.1,2.7755575615628914e-17,0.0,1.0,0.22856412795443037
1348,0.97,0.06999999999999995,0.21501479800514187,0.005147832695215462,0.0010690942125576172,0.50751329728761,0.39089148254249717,0.1,2.7755575615628914e-17,0.0,1.0,0.2270859297837684
1349,0.97,0.06999999999999995,0.21514604809882684,0.005284786704802982,0.0010690942125576172,0.50747078806751,0.39084070323257764,0.1,2.7755575615628914e-17,0.0,1.0,0.2270859297837684
1350,0.97,0.06999999999999995,0.21529208017421841,0.005449224581724398,0.0010714546919558248,0.5074234996344928,0.3907842204294792,0.1,2.7755575615628914e-17,0.0,1.0,0.22856412795443037
1351,0.97,0.06999999999999995,0.2154505573567124,0.0056003629582235225,0.0010714546919558248,0.5073721911697795,0.390722942532455,0.1,2.7755575615628914e-17,0.0,1.0,0.22856412795443037
1352,0.98,0.07999999999999996,0.21560903453920638,0.005743156967284835,0.0010502211820017104,0.4828261154699314,0.35348530934049166,0.1,2.7755575615628914e-17,0.0,1.0,0.22856412795443037
1353,0.98,0.07999999999999996,0.21574649054684578,0.005885325244378957,0.0010502211820017104,0.48278582205947296,0.3534372466544803,0.1,2.7755575615628914e-17,0.0,1.0,0.22856412795443037
1354,0.98,0.07999999999999996,0.21586916457277858,0.0059915959457941485,0.0010564897819556904,0.48274986747027804,0.35339436365255894,0.1,2.7755575615628914e-17,0.0,1.0,0.2270859297837684
1355,0.98,0.07999999999999996,0.21595034813969488,0.006020122276610159,0.0010944912159620165,0.4827260762842232,0.35336599013872655,0.1,2.7755575615628914e-17,0.0,1.0,0.22207927710690273
1356,0.98,0.07999999999999996,0.2160439768137136,0.006041867262825152,0.0010868538120566249,0.48269864091872733,0.3533332727386539,0.1,2.7755575615628914e-17,0.0,1.0,0.22207927710690273
1357,0.98,0.07999999999999996,0.2162079498631787,0.006150346760846934,0.0011389536346913252,0.4826506005378194,0.35327598894684126,0.1,2.7755575615628914e-17,0.0,1.0,0.22835761166491292
1358,0.98,0.07999999999999996,0.21636071839147214,0.00625953485789138,0.0011300430727222046,0.48260585143104995,0.353222636152502,0.1,2.7755575615628914e-17,0.0,1.0,0.22835761166491292
1359,0.98,0.07999999999999996,0.21650466546341604,0.006367324025348797,0.0011147377726669122,0.48256369390620524,0.3531723789025344,0.1,2.7755575615628914e-17,0.0,1.0,0.22835761166491292
1360,0.98,0.07999999999999996,0.21663346028830524,0.006474612938695836,0.0011147377726669122,0.48252598023584653,0.3531274239837575,0.1,2.7755575615628914e-17,0.0,1.0,0.22835761166491292
1361,0.98,0.07999999999999996,0.21676225511319452,0.006577631333104231,0.0011147377726669122,0.4824882724598798,0.35308248050804697,0.1,2.7755575615628914e-17,0.0,1.0,0.22835761166491292
1362,0.98,0.07999999999999996,0.21689104993808372,0.006676576891544428,0.00107799465519763,0.48245057057692325,0.35303754847103447,0.1,2.7755575615628914e-17,0.0,1.0,0.22835761166491292
1363,0.98,0.07999999999999996,0.21713608372777507,0.006931501433949736,0.001158664633488025,0.4823788585317267,0.3529520962670537,0.1,2.7755575615628914e-17,0.0,1.0,0.23634393951566202
1364,0.98,0.07999999999999996,0.21738111751746636,0.007169007054872274,0.001158664633488025,0.4823071678020946,0.3528666854202157,0.1,2.7755575615628914e-17,0.0,1.0,0.23634393951566202
1365,0.98,0.07999999999999996,0.21762615130715773,0.007390773238341755,0.001151027229582633,0.4822354983785248,0.3527813159005036,0.1,2.7755575615628914e-17,0.0,1.0,0.23634393951566202
1366,0.98,0.07999999999999996,0.21786362406698273,0.00760379735595489,0.001151027229582633,0.4821660607859292,0.35269862004143077,0.1,2.7755575615628914e-17,0.0,1.0,0.23634393951566202
1367,0.98,0.07999999999999996,0.21810109682680767,0.007803790923451673,0.001151027229582633,0.4820966431872374,0.3526159629429278,0.1,2.7755575615628914e-17,0.0,1.0,0.23634393951566202
1368,0.98,0.07999999999999996,0.21827039220976602,0.007865928694980984,0.00120514249994654,0.48204716727635316,0.35255705998201103,0.1,2.7755575615628914e-17,0.0,1.0,0.22952620182899974
1369,0.98,0.07999999999999996,0.2183777237095341,0.007841039580899465,0.0012824830478218787,0.4820158053266598,0.3525197263136379,0.1,2.7755575615628914e-17,0.0,1.0,0.22186948758934122
1370,0.98,0.07999999999999996,0.21847636861013517,0.007811312368019266,0.0012912573904148982,0.4819869851743431,0.35248542112195347,0.1,2.7755575615628914e-17,0.0,1.0,0.2210008276726323
1371,0.98,0.07999999999999996,0.21857501351073616,0.007780220978833458,0.0012836199865095062,0.481958168468185,0.35245112260638706,0.1,2.7755575615628914e-17,0.0,1.0,0.2210008276726323
1372,0.98,0.07999999999999996,0.2186708324507229,0.007737593558975298,0.001279361129210802,0.48193018059652093,0.3524178130583883,0.1,2.7755575615628914e-17,0.0,1.0,0.21996212862456854
1373,0.98,0.07999999999999996,0.21875204813150326,0.0077080416716780505,0.0012510974738880359,0.4819064607538408,0.3523895849723529,0.1,2.7755575615628914e-17,0.0,1.0,0.21996212862456854
1374,0.98,0.07999999999999996,0.21880528279351413,0.007697825407948249,0.0012510974738880363,0.4818909143111675,0.35237108468577416,0.1,2.7755575615628914e-17,0.0,1.0,0.2199621286245686
1375,0.98,0.07999999999999996,0.2188413167695046,0.0076866626379493205,0.001257154206058311,0.4818803916588878,0.35235856314114244,0.1,2.7755575615628914e-17,0.0,1.0,0.21824206002253654
1376,0.98,0.07999999999999996,0.2188661415780755,0.007673428383237904,0.001267653461574284,0.48187314257832853,0.3523499372183941,0.1,2.7755575615628914e-17,0.0,1.0,0.21600069116339826
1377,0.98,0.07999999999999996,0.21890298581227696,0.007650702271253011,0.001239389806251518,0.48186238411305166,0.3523371356618312,0.1,2.7755575615628914e-17,0.0,1.0,0.21600069116339826
1378,0.98,0.07999999999999996,0.21902867287628974,0.007598557157823736,0.001278426207958934,0.48182568727900477,0.3522934725962011,0.1,2.7755575615628914e-17,0.0,1.0,0.2220868722675815
1379,0.98,0.07999999999999996,0.2191765757136541,0.007512210289639675,0.001278426207958934,0.4817825112667828,0.35224210573861797,0.1,2.7755575615628914e-17,0.0,1.0,0.2220868722675815
1380,0.98,0.07999999999999996,0.2193244785510184,0.007421912522539002,0.001278426207958934,0.481739342991803,0.35219075385814697,0.1,2.7755575615628914e-17,0.0,1.0,0.2220868722675815
1381,0.98,0.07999999999999996,0.21946693838162878,0.0073257756362706174,0.0012839241945790565,0.48169777067599073,0.3521413059445586,0.1,2.7755575615628914e-17,0.0,1.0,0.22154257159218937
1382,0.98,0.07999999999999996,0.21960939821223918,0.007225552037530143,0.001270805626966323,0.4816562055346324,0.3520918719140885,0.1,2.7755575615628914e-17,0.0,1.0,0.22154257159218937
1383,0.98,0.07999999999999996,0.2198246859057689,0.00721489739780168,0.0013574876924773646,0.481593405202873,0.3520171927054845,0.1,2.7755575615628914e-17,0.0,1.0,0.2301240960777825
1384,0.98,0.07999999999999996,0.22008259685097517,0.007269641166524273,0.0013855913829058741,0.48151819304539567,0.3519277699983742,0.1,2.7755575615628914e-17,0.0,1.0,0.2343864212454384
1385,0.98,0.07999999999999996,0.22037977698100064,0.007340552025045657,0.0014026697231084052,0.48143155830744583,0.3518247882245178,0.1,2.7755575615628914e-17,0.0,1.0,0.23683327991212277
1386,0.98,0.07999999999999996,0.22068817373459695,0.007455491061119036,0.0014090662345576613,0.48134168662536075,0.35171798326143233,0.1,2.7755575615628914e-17,0.0,1.0,0.23871104525583853
1387,0.98,0.07999999999999996,0.2209415021294142,0.00748829208590714,0.0014521200241299442,0.48126788782991753,0.35163029825020353,0.1,2.7755575615628914e-17,0.0,1.0,0.23444872008818252
1388,0.98,0.07999999999999996,0.22117605287079434,0.0074815434738288635,0.0014057681114404582,0.4811995794514958,0.3515491517524183,0.1,2.7755575615628914e-17,0.0,1.0,0.23257095474446687
1389,0.98,0.07999999999999996,0.22134593756517482,0.00754520972853248,0.0013935137501890705,0.4811501159189817,0.3514904008686425,0.1,2.7755575615628914e-17,0.0,1.0,0.23257095474446687
1390,0.98,0.07999999999999996,0.221533397083948,0.007602202508559625,0.0013990117368091928,0.48109554711042224,0.35142559490349673,0.1,2.7755575615628914e-17,0.0,1.0,0.233115255419859
1391,0.98,0.07999999999999996,0.2217208566027212,0.007654181469785123,0.0013486425965592796,0.48104099067811334,0.35136081283111675,0.1,2.7755575615628914e-17,0.0,1.0,0.233115255419859
1392,0.98,0.07999999999999996,0.22195818157034178,0.007635850146984303,0.0013486425965592796,0.4809719396264582,0.3512788325578676,0.1,2.7755575615628914e-17,0.0,1.0,0.233115255419859
1393,0.98,0.07999999999999996,0.2221955065379624,0.007610077179732555,0.0012982734563093666,0.4809029083958306,0.3511968905313279,0.1,2.7755575615628914e-17,0.0,1.0,0.233115255419859
1394,0.98,0.07999999999999996,0.2223829660567356,0.007645786305769237,0.00128900477858518,0.48084839564291765,0.35113219274283936,0.1,2.7755575615628914e-17,0.0,1.0,0.233115255419859
1395,0.98,0.07999999999999996,0.22257960156645573,0.007666389549212779,0.00128900477858518,0.48079122781432326,0.35106435366143585,0.1,2.7755575615628914e-17,0.0,1.0,0.233115255419859
1396,0.98,0.07999999999999996,0.22277623707617594,0.007681905893702655,0.00128900477858518,0.4807340735774229,0.3509965407881221,0.1,2.7755575615628914e-17,0.0,1.0,0.233115255419859
1397,0.98,0.07999999999999996,0.22297287258589604,0.007692366121796497,0.001276750417333792,0.48067693292737007,0.35092875410771357,0.1,2.7755575615628914e-17,0.0,1.0,0.233115255419859
1398,0.98,0.07999999999999996,0.2231272894626202,0.007679018332191785,0.0012847009648143154,0.4806320701834086,0.35087553991968057,0.1,2.7755575615628914e-17,0.0,1.0,0.23010657388413813
1399,0.98,0.07999999999999996,0.2232350219793259,0.007666268062239069,0.0012972758749519662,0.48060077560823805,0.3508384233632052,0.1,2.7755575615628914e-17,0.0,1.0,0.22765971521745376
1400,0.98,0.07999999999999996,0.22333073507040108,0.0076611622851724325,0.0012972758749519662,0.4805729759026404,0.350805454387284,0.1,2.7755575615628914e-17,0.0,1.0,0.22765971521745376
1401,0.98,0.07999999999999996,0.22338508372445903,0.007643036331006229,0.0013390581345653259,0.4805571918594113,0.3507867364097464,0.1,2.7755575615628914e-17,0.0,1.0,0.22352327151573115
1402,0.98,0.07999999999999996,0.22343943237851696,0.007624479890590442,0.0013044793099253708,0.48054140885297714,0.3507680204295779,0.1,2.7755575615628914e-17,0.0,1.0,0.22352327151573115
1403,0.98,0.07999999999999996,0.2234846060234254,0.007626306723977591,0.0012781432646846618,0.4805282910847061,0.35075246555601186,0.1,2.7755575615628914e-17,0.0,1.0,0.22602907424013285
1404,0.98,0.07999999999999996,0.2235374189466754,0.007595276441083404,0.0013220740057864238,0.48051295588936827,0.35073428195958056,0.1,2.7755575615628914e-17,0.0,1.0,0.22167993087105842
1405,0.98,0.07999999999999996,0.22359023186992538,0.007563750113207268,0.0013220740057864238,0.4804976216727894,0.3507161002483879,0.1,2.7755575615628914e-17,0.0,1.0,0.22167993087105842
1406,0.98,0.07999999999999996,0.22364304479317534,0.007531721511307021,0.0013007011145485968,0.480482288434876,0.35069792042214065,0.1,2.7755575615628914e-17,0.0,1.0,0.22167993087105842
1407,0.98,0.07999999999999996,0.22375030055909875,0.007473808128608248,0.0013186074482788267,0.48045115175421627,0.3506610055013991,0.1,2.7755575615628914e-17,0.0,1.0,0.22500829890585372
1408,0.98,0.07999999999999996,0.22396757223802108,0.007466005123470201,0.0014131148365649586,0.4803880894794983,0.3505862494937375,0.1,2.7755575615628914e-17,0.0,1.0,0.23445424921024915
1409,0.98,0.07999999999999996,0.22418206612160585,0.007445499720655584,0.0014055092434402338,0.4803258496856898,0.35051248049232847,0.1,2.7755575615628914e-17,0.0,1.0,0.23408675081242203
1410,0.98,0.07999999999999996,0.22438535548401892,0.007435624863438099,0.0014055092434402338,0.4802668759974392,0.35044259361220104,0.1,2.7755575615628914e-17,0.0,1.0,0.23408675081242203
1411,0.98,0.07999999999999996,0.22444159121811713,0.007376062994657401,0.0015540482619400288,0.48025056472170935,0.35042326579476596,0.1,2.7755575615628914e-17,0.0,1.0,0.2193813879809423
1412,0.99,0.08999999999999997,0.22449782695221537,0.00731558395324328,0.0015276466112221143,0.45822854994412643,0.31705859643800993,0.1,2.7755575615628914e-17,0.0,1.0,0.2193813879809423
1413,0.99,0.08999999999999997,0.22458020032052428,0.007210376508953304,0.0015276466112221143,0.45820680013042275,0.31703298577131667,0.1,2.7755575615628914e-17,0.0,1.0,0.2193813879809423
1414,0.99,0.08999999999999997,0.22466257368883322,0.007102655804779475,0.0015188445352392302,0.45818505238133056,0.3170073792417342,0.1,2.7755575615628914e-17,0.0,1.0,0.2193813879809423
1415,0.99,0.08999999999999997,0.22473076916334186,0.007013071997388842,0.0015243635641051603,0.45816704936122554,0.31698618317220556,0.1,2.7755575615628914e-17,0.0,1.0,0.21883500412321522
1416,0.99,0.08999999999999997,0.22479896463785046,0.006921657095989698,0.0015243635641051603,0.45814904775581533,0.31696498993695355,0.1,2.7755575615628914e-17,0.0,1.0,0.21883500412321522
1417,0.99,0.08999999999999997,0.2248459971852084,0.0068502444523882424,0.0015457402581968032,0.458136633366761,0.316950375195306,0.1,2.7755575615628914e-17,0.0,1.0,0.21671871140814258
1418,0.99,0.08999999999999997,0.22491419265971704,0.006755463796966508,0.001567116952288446,0.45811863415134285,0.316929186747762,0.1,2.7755575615628914e-17,0.0,1.0,0.21883500412321522
1419,0.99,0.08999999999999997,0.22508229064402357,0.006640574099686898,0.001659226502364021,0.4580742731433361,0.31687697051989555,0.1,2.7755575615628914e-17,0.0,1.0,0.22882525510300267
1420,0.99,0.08999999999999997,0.22525910268355318,0.006501024111907827,0.0016327478990322908,0.45802762176861245,0.31682206601136337,0.1,2.7755575615628914e-17,0.0,1.0,0.22882525510300267
1421,0.99,0.08999999999999997,0.22546212854038117,0.006288734964368315,0.0016327478990322908,0.4579740656680375,0.3167590449266278,0.1,2.7755575615628914e-17,0.0,1.0,0.22882525510300267
1422,0.99,0.08999999999999997,0.22566515439720916,0.006062229078767044,0.0016073607164298967,0.45792052209037776,0.31669604890875264,0.1,2.7755575615628914e-17,0.0,1.0,0.22882525510300267
1423,0.99,0.08999999999999997,0.22573794639236439,0.005928357241700423,0.0016663705426196642,0.4579013278612366,0.3166734686963426,0.1,2.7755575615628914e-17,0.0,1.0,0.21831520001336746
1424,0.99,0.08999999999999997,0.22576033143978766,0.005894557702215031,0.0016614085752667046,0.4578954255613922,0.3166665254602905,0.1,2.7755575615628914e-17,0.0,1.0,0.21794258753701867
1425,0.99,0.08999999999999997,0.2257778041395315,0.005869821342591062,0.001665172337654066,0.4578908186135434,0.3166611061131518,0.1,2.7755575615628914e-17,0.0,1.0,0.21831520001336746
1426,0.99,0.08999999999999997,0.2258198259659004,0.005818555550007093,0.0016511951575789027,0.4578797392878825,0.31664807334786715,0.1,2.7755575615628914e-17,0.0,1.0,0.22077011267587365
1427,0.99,0.08999999999999997,0.2258234612573698,0.005815284995550497,0.0016511951575789027,0.45787878084502825,0.3166469459389477,0.1,2.7755575615628914e-17,0.0,1.0,0.22077011267587365
1428,0.99,0.08999999999999997,0.22582709654883926,0.00581201032687856,0.0016511951575789027,0.45787782240618635,0.3166458185380564,0.1,2.7755575615628914e-17,0.0,1.0,0.22077011267587365
1429,0.99,0.08999999999999997,0.22583073184030866,0.005808731537033121,0.0016461042887446096,0.457876863971357,0.31664469114519317,0.1,2.7755575615628914e-17,0.0,1.0,0.22077011267587365
1430,0.99,0.08999999999999997,0.22582932717163218,0.005809938018022913,0.0016419850659302232,0.45787723430800414,0.3166451267663792,0.1,2.7755575615628914e-17,0.0,1.0,0.22077011267587365
1431,0.99,0.08999999999999997,0.22573958621284576,0.005946621165281218,0.0017270944189844417,0.45790089548208596,0.31667296005806167,0.1,2.7755575615628914e-17,0.0,1.0,0.21234428672350603
1432,0.99,0.08999999999999997,0.2256325671597402,0.0061190247610556575,0.0017445470395088477,0.45792911540972747,0.3167061585739841,0.1,2.7755575615628914e-17,0.0,1.0,0.21061647729158983
1433,0.99,0.08999999999999997,0.22554220840468933,0.006247432950788707,0.0017613756234024654,0.4579529448803062,0.3167341942979074,0.1,2.7755575615628914e-17,0.0,1.0,0.21228250709705798
1434,0.99,0.08999999999999997,0.2254518496496384,0.006371973282552278,0.0017464443287493142,0.4579767768310645,0.3167622349858732,0.1,2.7755575615628914e-17,0.0,1.0,0.21228250709705798
1435,0.99,0.08999999999999997,0.22534670891288092,0.006500369239022019,0.0017464443287493142,0.4580045106240303,0.3167948691602011,0.1,2.7755575615628914e-17,0.0,1.0,0.21228250709705798
1436,0.99,0.08999999999999997,0.22520035875144362,0.006717264486315278,0.0017632357952050487,0.45804312014089654,0.31684030534357605,0.1,2.7755575615628914e-17,0.0,1.0,0.20816156462908375
1437,0.99,0.08999999999999997,0.2250294227171178,0.006927885540489116,0.001738401580166094,0.4580882240473767,0.31689339101378905,0.1,2.7755575615628914e-17,0.0,1.0,0.20816156462908375
1438,0.99,0.08999999999999997,0.22488307255568052,0.0071252768525625326,0.001738401580166094,0.45812684768011475,0.31693885546450506,0.1,2.7755575615628914e-17,0.0,1.0,0.20816156462908375
1439,0.98,0.07999999999999996,0.22473672239424325,0.007314417656225495,0.001738401580166094,0.4801649795558687,0.350321866275865,0.1,2.7755575615628914e-17,0.0,0.0,0.20816156462908375
1440,0.98,0.07999999999999996,0.2246315816574857,0.007416406432144318,0.0017800272616607833,0.48019546584714684,0.35035798321246725,0.1,2.7755575615628914e-17,0.0,1.0,0.21228250709705798
1441,0.98,0.07999999999999996,0.22460233144122232,0.007429342814286229,0.0018566843530689783,0.48020394784004305,0.35036803229008345,0.1,2.7755575615628914e-17,0.0,1.0,0.21987155914646928
1442,0.98,0.07999999999999996,0.22458301159464156,0.007436522083249582,0.001851121219017932,0.48020955038350616,0.350374670049028,0.1,2.7755575615628914e-17,0.0,1.0,0.22086459611473264
1443,0.98,0.07999999999999996,0.22450683178226963,0.007508913668851082,0.0019241493383959848,0.4802316429670682,0.3504008457531866,0.1,2.7755575615628914e-17,0.0,1.0,0.21363481229630543
1444,0.99,0.08999999999999997,0.22440610284327267,0.007618649599683759,0.001875094573159311,0.4582527711514825,0.31708711920868204,0.1,2.7755575615628914e-17,0.0,1.0,0.21117989963379935
1445,0.99,0.08999999999999997,0.22423226056006637,0.00771945810070006,0.001875094573159311,0.45829868399272267,0.31714119174575073,0.1,2.7755575615628914e-17,0.0,1.0,0.21117989963379935
1446,0.99,0.08999999999999997,0.2240372553497093,0.00785272157395658,0.0018964712672509536,0.45835019704573216,0.31720186882706264,0.1,2.7755575615628914e-17,0.0,1.0,0.20906360691872672
1447,0.99,0.08999999999999997,0.22383302667065177,0.007996588502295544,0.001890856607648844,0.4584041590089807,0.31726544074423324,0.1,2.7755575615628914e-17,0.0,1.0,0.20814126004867362
1448,0.99,0.08999999999999997,0.2236435799733008,0.008140395520763174,0.001890856607648844,0.4584542265901516,0.31732443414004696,0.1,2.7755575615628914e-17,0.0,1.0,0.20814126004867362
1449,0.99,0.08999999999999997,0.2234845196718011,0.008226522631636314,0.0019066186421383775,0.4584962720041313,0.3173739822066022,0.1,2.7755575615628914e-17,0.0,1.0,0.2111798996337994
1450,0.99,0.08999999999999997,0.2233106773885948,0.008300690694703693,0.0019066186421383775,0.4585422336540099,0.3174281526331818,0.1,2.7755575615628914e-17,0.0,1.0,0.2111798996337994
1451,0.99,0.08999999999999997,0.2231368351053885,0.008370592280752643,0.0019066186421383775,0.45858820451960175,0.3174823415548884,0.1,2.7755575615628914e-17,0.0,1.0,0.2111798996337994
1452,0.99,0.08999999999999997,0.22296299282218215,0.00843633344369402,0.0019066186421383775,0.45863418460367844,0.31753654898119577,0.1,2.7755575615628914e-17,0.0,1.0,0.2111798996337994
1453,0.99,0.08999999999999997,0.2227762009455119,0.008516657689571012,0.0019047677449236299,0.4586836000431129,0.31759481497858477,0.1,2.7755575615628914e-17,0.0,1.0,0.20988494028739746
1454,0.99,0.08999999999999997,0.22260419105054816,0.008601161502048727,0.0018541954956623602,0.4587291143558728,0.31764848894665654,0.1,2.7755575615628914e-17,0.0,1.0,0.20988494028739746
1455,0.99,0.08999999999999997,0.22248224768235317,0.00869368431981258,0.0018541954956623602,0.45876138639366165,0.31768655114654576,0.1,2.7755575615628914e-17,0.0,1.0,0.20988494028739746
1456,0.99,0.08999999999999997,0.22236030431415812,0.00878353997831692,0.0017907779748743786,0.4587936629725083,0.31772462246912714,0.1,2.7755575615628914e-17,0.0,1.0,0.20988494028739746
1457,0.99,0.08999999999999997,0.222175577600383,0.008849470080932372,0.0017907779748743786,0.45884256601242723,0.31778231244711225,0.1,2.7755575615628914e-17,0.0,1.0,0.20988494028739746
1458,0.99,0.08999999999999997,0.22196968795945707,0.008942267667972155,0.0018121546689660213,0.45889708383924793,0.31784663627962817,0.1,2.7755575615628914e-17,0.0,1.0,0.20776864757232483
1459,0.99,0.08999999999999997,0.2216824383847484,0.009190376151670518,0.0018943364202617776,0.45897316673433364,0.31793642202081085,0.1,2.7755575615628914e-17,0.0,1.0,0.19963265419404497
1460,0.99,0.08999999999999997,0.22137971448807994,0.009460131018140139,0.001909967048503995,0.4590533755729299,0.31803109949291203,0.1,2.7755575615628914e-17,0.0,1.0,0.19808522199806544
1461,0.99,0.08999999999999997,0.22107699059141148,0.009712973820428628,0.0019099670485039956,0.4591336124505611,0.31812583336933314,0.1,2.7755575615628914e-17,0.0,1.0,0.1980852219980655
1462,0.99,0.08999999999999997,0.22077426669474298,0.00995019389143037,0.0018292970702136005,0.459213877381932,0.31822062370049375,0.1,2.7755575615628914e-17,0.0,1.0,0.1980852219980655
1463,0.99,0.08999999999999997,0.22036535778700714,0.010140347412726694,0.0018558846788599677,0.4593223410248429,0.3183487529028236,0.1,2.7755575615628914e-17,0.0,1.0,0.19545304874207514
1464,0.99,0.08999999999999997,0.2199564488792712,0.010310796275500555,0.0018558846788599677,0.45943085591682004,0.31847698532728413,0.1,2.7755575615628914e-17,0.0,1.0,0.19545304874207514
1465,0.99,0.08999999999999997,0.21954753997153534,0.010462503573681961,0.0018558846788599677,0.45953942209419435,0.3186053210986604,0.1,2.7755575615628914e-17,0.0,1.0,0.19545304874207514
1466,0.99,0.08999999999999997,0.21911615137457108,0.010648753288531567,0.001878591435656312,0.4596540123086127,0.31874082426786426,0.1,2.7755575615628914e-17,0.0,1.0,0.19320507981923707
1467,0.99,0.08999999999999997,0.2186561860470329,0.010885440658101845,0.0018385907828354488,0.4597762563593841,0.31888543067638603,0.1,2.7755575615628914e-17,0.0,1.0,0.19034740676184025
1468,0.99,0.08999999999999997,0.2182643980963613,0.011188012242482606,0.0017612502349601102,0.45988043233776116,0.31900870662827024,0.1,2.7755575615628914e-17,0.0,1.0,0.19034740676184025
1469,0.99,0.08999999999999997,0.2179491772880863,0.01152110546471841,0.0017524758923670907,0.459964283475716,0.31910795996769464,0.1,2.7755575615628914e-17,0.0,1.0,0.19034740676184025
1470,0.99,0.08999999999999997,0.21769830996036252,0.01172327853335994,0.0018087050654823275,0.46003103795144723,0.31918699452121035,0.1,2.7755575615628914e-17,0.0,1.0,0.1959140949002487
1471,0.99,0.08999999999999997,0.21744744263263865,0.011916743648332503,0.0017982131559059259,0.4600978118061044,0.319266068233938,0.1,2.7755575615628914e-17,0.0,1.0,0.1959140949002487
1472,0.99,0.08999999999999997,0.2171512954140114,0.012214825376998962,0.0018544423290211627,0.4601766628519709,0.31935946466679,0.1,2.7755575615628914e-17,0.0,1.0,0.19034740676184025
1473,0.99,0.08999999999999997,0.21683993819347525,0.012531919291079717,0.0018698059673129114,0.46025959280563894,0.319457716846134,0.1,2.7755575615628914e-17,0.0,1.0,0.18882640657095706
1474,0.99,0.08999999999999997,0.21652745504251483,0.012836068851260627,0.001853568840448237,0.4603428527086495,0.31955638512757484,0.1,2.7755575615628914e-17,0.0,1.0,0.18871381352852779
1475,0.99,0.08999999999999997,0.21623217257757468,0.013129511021379006,0.0018309287509619917,0.46042155724294326,0.3196496782232999,0.1,2.7755575615628914e-17,0.0,1.0,0.18871381352852779
1476,0.99,0.08999999999999997,0.21595930380122597,0.013411997140712428,0.0018309287509619917,0.46049431156602877,0.31973593826109814,0.1,2.7755575615628914e-17,0.0,1.0,0.18871381352852779
1477,0.99,0.08999999999999997,0.21568643502487725,0.013683214542140007,0.0017694521741520599,0.46056708888555303,0.31982224486739397,0.1,2.7755575615628914e-17,0.0,1.0,0.18871381352852779
1478,0.99,0.08999999999999997,0.21535270443748672,0.013927833687840589,0.0017694521741520599,0.4606561300458102,0.31992786502800236,0.1,2.7755575615628914e-17,0.0,1.0,0.18871381352852779
1479,0.99,0.08999999999999997,0.2150189738500962,0.014160366875760756,0.0017694521741520599,0.46074520564127336,0.3200335549730226,0.1,2.7755575615628914e-17,0.0,1.0,0.18871381352852779
1480,0.99,0.08999999999999997,0.21468524326270566,0.014381400372224457,0.0017639541875319375,0.46083431569192224,0.32013931477163876,0.1,2.7755575615628914e-17,0.0,1.0,0.18871381352852779
1481,0.99,0.08999999999999997,0.21435695568206903,0.01459423948127505,0.0017639541875319375,0.4609220060310397,0.3202434178932127,0.1,2.7755575615628914e-17,0.0,1.0,0.18871381352852779
1482,0.98,0.07999999999999996,0.21402866810143237,0.014796737138173293,0.0016772721220208958,0.4832898626458857,0.3540388387527182,0.1,2.7755575615628914e-17,0.0,0.0,0.18871381352852779
1483,0.98,0.07999999999999996,0.2136697859258888,0.014837167879876842,0.0016899967667404765,0.483395298188694,0.35416478023331427,0.1,2.7755575615628914e-17,0.0,1.0,0.19423587852342217
1484,0.98,0.07999999999999996,0.21330552355084698,0.014771086278136105,0.0017029002672571143,0.48350236142772496,0.3542927014315663,0.1,2.7755575615628914e-17,0.0,1.0,0.19796018374125368
1485,0.98,0.07999999999999996,0.2129811078609973,0.01460612034926689,0.0017488978616225746,0.4835977529469692,0.35440670714467865,0.1,2.7755575615628914e-17,0.0,1.0,0.20439171092715003
1486,0.98,0.07999999999999996,0.21261972022969505,0.01441080464046618,0.0017242221407526813,0.4837040600622213,0.35453379190665535,0.1,2.7755575615628914e-17,0.0,1.0,0.20257228212561346
1487,0.98,0.07999999999999996,0.21229403712171777,0.014281228817757185,0.0017122434285450417,0.4837999042511327,0.3546483990006304,0.1,2.7755575615628914e-17,0.0,1.0,0.20188040929045414
1488,0.98,0.07999999999999996,0.2119871316671776,0.01417152808099377,0.0017122434285450417,0.4838902571945243,0.3547564661157797,0.1,2.7755575615628914e-17,0.0,1.0,0.20188040929045414
1489,0.98,0.07999999999999996,0.21167799178351643,0.014055846687656278,0.001709002441037058,0.4839813020776155,0.3548653866159831,0.1,2.7755575615628914e-17,0.0,1.0,0.2016569663783524
1490,0.98,0.07999999999999996,0.21136340889310137,0.013923954556501719,0.001709002441037058,0.4840739851597359,0.35497629355441296,0.1,2.7755575615628914e-17,0.0,1.0,0.2016569663783524
1491,0.98,0.07999999999999996,0.21104882600268632,0.013783623256831573,0.001709002441037058,0.48416670374652954,0.35508726983854355,0.1,2.7755575615628914e-17,0.0,1.0,0.2016569663783524
1492,0.98,0.07999999999999996,0.21073424311227126,0.013634592215799036,0.001709002441037058,0.4842594578584021,0.35519831553343384,0.1,2.7755575615628914e-17,0.0,1.0,0.2016569663783524
1493,0.98,0.07999999999999996,0.21041966022185618,0.013476572817526835,0.001709002441037058,0.48435224751577477,0.3553094307042244,0.1,2.7755575615628914e-17,0.0,1.0,0.2016569663783524
1494,0.98,0.07999999999999996,0.21009267068423576,0.01331768989577702,0.001721534407911152,0.4844487343470425,0.3554250017900397,0.1,2.7755575615628914e-17,0.0,1.0,0.2004163016578171
1495,0.98,0.07999999999999996,0.20974862638019878,0.013161974308817425,0.0017387614446955453,0.4845502951444289,0.35554668190286454,0.1,2.7755575615628914e-17,0.0,1.0,0.19871082501616216
1496,0.98,0.07999999999999996,0.2094045820761618,0.0129952890804929,0.0017387614446955453,0.4846518985335599,0.3556684453588441,0.1,2.7755575615628914e-17,0.0,1.0,0.19871082501616216
1497,0.98,0.07999999999999996,0.2090775925385414,0.012804551834114997,0.0017255977588968995,0.48474850479940945,0.3557842501532734,0.1,2.7755575615628914e-17,0.0,1.0,0.2004163016578171
1498,0.98,0.07999999999999996,0.20877522597770093,0.012660598497384707,0.0017064010436549065,0.4848378706957024,0.35589140173889516,0.1,2.7755575615628914e-17,0.0,1.0,0.19986991780009003
1499,0.98,0.07999999999999996,0.20847616507637656,0.012563830403710148,0.0017277777377465492,0.4849262920060364,0.3559974453827343,0.1,2.7755575615628914e-17,0.0,1.0,0.1977536250850174
