t,cov_w,gap_w,width_mean_w,width_std_w,width_step_mean_w,ces_w,rcs_w,control_state,control_std_w,control_step_mean_w,covered_t,width_t
1,nan,nan,nan,nan,nan,nan,nan,0.3,nan,nan,1.0,0.29299543599458944
2,nan,nan,nan,0.0003256933497967074,0.0006513866995934148,nan,nan,0.3,0.0,0.0,1.0,0.29364682269418285
3,nan,nan,nan,0.0032287593735837493,0.0035758279025777107,nan,nan,0.3,0.0,0.0,1.0,0.30014709179974486
4,nan,nan,nan,0.0029391390733033112,0.0032037358511851632,nan,nan,0.3,0.0,0.0,1.0,0.2976875400513448
5,nan,nan,nan,0.0031913501158724656,0.003925748713772437,nan,nan,0.3,0.0,0.0,1.0,0.29159575274981053
6,nan,nan,nan,0.003938586622786588,0.005286766914690632,nan,nan,0.3,0.0,0.0,1.0,0.30232659246817395
7,nan,nan,nan,0.004151666876484295,0.006338826499019586,nan,nan,0.3,0.0,0.0,1.0,0.2907274680475096
8,nan,nan,nan,0.004236916930276661,0.005470443188610214,nan,nan,0.3,0.0,0.0,1.0,0.2904673247213556
9,nan,nan,nan,0.004118362260201996,0.0057454310577085554,nan,nan,0.3,0.0,0.0,1.0,0.29813767086275256
10,nan,nan,nan,0.004361225743244887,0.006139697571768293,nan,nan,0.3,5.551115123125783e-17,0.0,1.0,0.28884384117850637
11,nan,nan,nan,0.004569094893946114,0.005603021925843299,nan,nan,0.3,5.551115123125783e-17,0.0,1.0,0.288070900065988
12,nan,nan,nan,0.004677157118139481,0.005093656296221181,nan,nan,0.3,5.551115123125783e-17,0.0,1.0,0.288070900065988
13,nan,nan,nan,0.0048658961515134136,0.004795498108000007,nan,nan,0.3,5.551115123125783e-17,0.0,1.0,0.2865551420284209
14,nan,nan,nan,0.005297347503834675,0.005660237900355465,nan,nan,0.3,5.551115123125783e-17,0.0,1.0,0.3025922574370419
15,nan,nan,nan,0.005801400649736593,0.005403485663659224,nan,nan,0.3,5.551115123125783e-17,0.0,1.0,0.30465796402365
16,nan,nan,nan,0.006181018728945299,0.006435136691051276,nan,nan,0.3,0.0,0.0,1.0,0.28377971294911
17,nan,nan,nan,0.006135979998349105,0.0063116858092331085,nan,nan,0.3,0.0,0.0,1.0,0.28823963553107057
18,nan,nan,nan,0.006423326865559744,0.006247429068874662,nan,nan,0.3,0.0,0.0,1.0,0.28302031430793106
19,nan,nan,nan,0.006259462164757657,0.006371269544680653,nan,nan,0.3,0.0,0.0,1.0,0.2914968719413136
20,nan,nan,nan,0.006306346774474953,0.006489627175716275,nan,nan,0.3,5.551115123125783e-17,0.0,1.0,0.30011693647567106
21,nan,nan,nan,0.008574835688143335,0.007219129177337924,nan,nan,0.3,5.551115123125783e-17,0.0,1.0,0.3211966036838203
22,nan,nan,nan,0.008915411251416816,0.007449792369870581,nan,nan,0.3,5.551115123125783e-17,0.0,1.0,0.3091335474632966
23,nan,nan,nan,0.008720687391238331,0.007779174657318558,nan,nan,0.3,5.551115123125783e-17,0.0,1.0,0.2944373447695705
24,nan,nan,nan,0.008556467781900622,0.0075361993933904916,nan,nan,0.3,0.0,0.0,1.0,0.2922466011825975
25,nan,nan,nan,0.008401036389719284,0.007222191085332554,nan,nan,0.3,0.0,0.0,1.0,0.2922466011825975
26,nan,nan,nan,0.008240785625889044,0.0069939337634219445,nan,nan,0.3,5.551115123125783e-17,0.0,1.0,0.2937623592201648
27,nan,nan,nan,0.008089365215430928,0.006724936310982639,nan,nan,0.3,0.0,0.0,1.0,0.2937623592201648
28,nan,nan,nan,0.00794377909936894,0.006504114548289265,nan,nan,0.3,0.0,0.0,1.0,0.29452510793842634
29,nan,nan,nan,0.007805780686143236,0.0062718247429932195,nan,nan,0.3,5.551115123125783e-17,0.0,1.0,0.29452510793842634
30,nan,nan,nan,0.007674732981568442,0.006055554924269316,nan,nan,0.3,5.551115123125783e-17,0.0,1.0,0.29452510793842634
31,nan,nan,nan,0.009171159846316404,0.006844628961037184,nan,nan,0.3,1.1102230246251565e-16,0.0,1.0,0.3242528839657317
32,nan,nan,nan,0.009029178079891356,0.007582794995432932,nan,nan,0.3,0.0,0.0,0.0,0.29452510793842634
33,nan,nan,nan,0.008894697351284432,0.0074271456826705134,nan,nan,0.3,0.0,0.0,0.0,0.2971271249254619
34,nan,nan,nan,0.008763392988036713,0.0072604798498286365,nan,nan,0.3,5.551115123125783e-17,0.0,0.0,0.2951999517265733
35,nan,nan,nan,0.00874704019602434,0.007306221894915875,nan,nan,0.3,5.551115123125783e-17,0.0,0.0,0.30401566110936806
36,nan,nan,nan,0.008747311557250462,0.007121101440742488,nan,nan,0.3,5.551115123125783e-17,0.0,0.0,0.3048426671082154
37,nan,nan,nan,0.008628468930582847,0.0071537500229953855,nan,nan,0.3,1.1102230246251565e-16,0.0,1.0,0.2965462167063686
38,nan,nan,nan,0.008514342146459264,0.006960405427779294,nan,nan,0.3,1.1102230246251565e-16,0.0,1.0,0.2965462167063686
39,nan,nan,nan,0.008404878589017686,0.006782525364425222,nan,nan,0.3,1.1102230246251565e-16,0.0,1.0,0.2967471797266932
40,nan,nan,nan,0.008301075573040759,0.006624939516536777,nan,nan,0.3,0.0,0.0,1.0,0.29738385702346903
41,nan,nan,nan,0.008200043975202433,0.006468348326547973,nan,nan,0.3,5.551115123125783e-17,0.0,1.0,0.2970225651064844
42,nan,nan,nan,0.008102140729983928,0.006317300449797809,nan,nan,0.3,5.551115123125783e-17,0.0,1.0,0.2967471797266932
43,nan,nan,nan,0.008024571946298754,0.00623912903164889,nan,nan,0.3,5.551115123125783e-17,0.0,1.0,0.29978128061423637
44,nan,nan,nan,0.007935685623381534,0.006140122416639748,nan,nan,0.3,5.551115123125783e-17,0.0,1.0,0.29779943602798054
45,nan,nan,nan,0.007897389008327453,0.006106321742407343,nan,nan,0.3,1.1102230246251565e-16,0.0,1.0,0.30245232877839445
46,nan,nan,nan,0.0078115247130727105,0.0060891425803809105,nan,nan,0.3,1.1102230246251565e-16,0.0,1.0,0.2971190693271766
47,nan,nan,nan,0.0077327913790671615,0.0059856644009356145,nan,nan,0.3,1.1102230246251565e-16,0.0,1.0,0.2984482156530739
48,nan,nan,nan,0.007671103212537938,0.005899919018937366,nan,nan,0.3,0.0,0.0,1.0,0.3004038471000918
49,nan,nan,nan,0.007785222671988199,0.005953068942479785,nan,nan,0.3,5.551115123125783e-17,0.0,1.0,0.3088549624490653
50,nan,nan,nan,0.007708944500043801,0.0060496490127953184,nan,nan,0.3,5.551115123125783e-17,0.0,1.0,0.2981694700611244
51,nan,nan,nan,0.007638627533331703,0.005946591785408066,nan,nan,0.3,5.551115123125783e-17,0.0,0.0,0.2990662577045571
52,nan,nan,nan,0.009271969078808345,0.0065547623377833755,nan,nan,0.3,5.551115123125783e-17,0.0,1.0,0.33602954766110593
53,nan,nan,nan,0.009206753486176321,0.007073727373980607,nan,nan,0.3,1.1102230246251565e-16,0.0,1.0,0.30248860344106654
54,nan,nan,nan,0.009137766394091404,0.0069509310240535496,nan,nan,0.3,5.551115123125783e-17,0.0,1.0,0.30192308261322
55,nan,nan,nan,0.009065238749817803,0.0068348995004241355,nan,nan,0.3,5.551115123125783e-17,0.0,1.0,0.3012378538651548
56,nan,nan,nan,0.00900092647858254,0.006727081866560222,nan,nan,0.3,0.0,0.0,1.0,0.30214278350306367
57,nan,nan,nan,0.008934094270405903,0.006615976059019535,nan,nan,0.3,5.551115123125783e-17,0.0,1.0,0.3016376268587819
58,nan,nan,nan,0.008956398296984594,0.006617522213901834,nan,nan,0.3,5.551115123125783e-17,0.0,1.0,0.30834173374609253
59,nan,nan,nan,0.00893993580459519,0.006539018104480329,nan,nan,0.3,5.551115123125783e-17,0.0,0.0,0.30627744987863803
60,nan,nan,nan,0.008893681118432572,0.006467111862997856,nan,nan,0.3,5.551115123125783e-17,0.0,1.0,0.3039809000216236
61,nan,nan,nan,0.009695712574193757,0.006796530986883872,nan,nan,0.3,5.551115123125783e-17,0.0,1.0,0.3302131593177824
62,nan,nan,nan,0.009641486881877121,0.007107308534957073,nan,nan,0.3,1.1102230246251565e-16,0.0,1.0,0.30445919789843323
63,nan,nan,nan,0.010693259568707961,0.007523577054918888,nan,nan,0.3,1.1102230246251565e-16,0.0,1.0,0.33737515467102286
64,nan,nan,nan,0.011643828808965037,0.007420609106399822,nan,nan,0.3,0.0,0.0,1.0,0.3384117509692406
65,nan,nan,nan,0.012503797022366104,0.0073165155903130025,nan,nan,0.3,0.0,0.0,1.0,0.33917037504608394
66,nan,nan,nan,0.016013038605690085,0.007890309865393328,nan,nan,0.3,0.0,0.0,1.0,0.38378351851661807
67,nan,nan,nan,0.016559921922746135,0.008425842346707438,nan,nan,0.3,5.551115123125783e-17,0.0,1.0,0.3405480648844934
68,nan,nan,nan,0.01766748681172795,0.008539022799062301,nan,nan,0.3,5.551115123125783e-17,0.0,1.0,0.3565569975389766
69,nan,nan,nan,0.01824257266113395,0.008575607040165774,nan,nan,0.3,5.551115123125783e-17,0.0,1.0,0.34553024634487817
70,nan,nan,nan,0.018760022297559215,0.008453882158547369,nan,nan,0.3,5.551115123125783e-17,0.0,1.0,0.34535365613638236
71,nan,nan,nan,0.019150618499331678,0.008374297556113209,nan,nan,0.3,5.551115123125783e-17,0.0,1.0,0.34247069614822623
72,nan,nan,nan,0.019510229587378306,0.008257010559215376,nan,nan,0.3,0.0,0.0,1.0,0.34251761692459337
73,nan,nan,nan,0.019834761720221725,0.008145698900371352,nan,nan,0.3,0.0,0.0,1.0,0.34227504580214774
74,nan,nan,nan,0.02016137204298768,0.008049840955227589,nan,nan,0.3,0.0,0.0,1.0,0.34342311470702436
75,nan,nan,nan,0.020445959649472913,0.0079506143188043,nan,nan,0.3,0.0,0.0,1.0,0.34271604484712004
76,nan,nan,nan,0.020979228955770864,0.007986649448127624,nan,nan,0.3,0.0,0.0,1.0,0.3533692938651736
77,nan,nan,nan,0.021238605249807176,0.008005666571290981,nan,nan,0.3,5.551115123125783e-17,0.0,1.0,0.3439373430566308
78,nan,nan,nan,0.021453600517838765,0.00791737436432234,nan,nan,0.3,5.551115123125783e-17,0.0,1.0,0.34273017642192527
79,nan,nan,nan,0.021756081027776174,0.007879224973272017,nan,nan,0.3,5.551115123125783e-17,0.0,1.0,0.34767189828432254
80,nan,nan,nan,0.02213418903018597,0.007834094919811404,nan,nan,0.3,5.551115123125783e-17,0.0,1.0,0.35198584903420604
81,nan,nan,nan,0.02227585214163707,0.007865661549052405,nan,nan,0.3,0.0,0.0,0.0,0.34162642377511454
82,nan,nan,nan,0.02237925530379326,0.007789042424362601,nan,nan,0.3,0.0,0.0,1.0,0.33996691132593626
83,nan,nan,nan,0.022477351594900517,0.007696624552581338,nan,nan,0.3,0.0,0.0,1.0,0.34017768826423533
84,nan,nan,nan,0.02259034146753905,0.0076216909834189205,nan,nan,0.3,0.0,0.0,1.0,0.34165482657633595
85,nan,nan,nan,0.022600405625093235,0.007611824061304913,nan,nan,0.3,0.0,0.0,1.0,0.3348619570504936
86,nan,nan,nan,0.0226099880683982,0.0075252771238459035,nan,nan,0.3,0.0,0.0,1.0,0.3351172914277827
87,nan,nan,nan,0.022610179054249918,0.007443772654089539,nan,nan,0.3,0.0,0.0,1.0,0.3346013987029841
88,nan,nan,nan,0.02258676214214971,0.007380418028479143,nan,nan,0.3,5.551115123125783e-17,0.0,1.0,0.332669478476999
89,nan,nan,nan,0.022554408844826342,0.00730475296007557,nan,nan,0.299833262522593,1.7574563860289428e-05,1.8947440614429e-06,1.0,0.33194758646803435
90,nan,nan,nan,0.022600259476160237,0.007302709008581927,nan,nan,0.29999549808811,1.7478826322989676e-05,3.6963263249882285e-06,1.0,0.3390704277451757
91,nan,nan,nan,0.022501453350173454,0.007398243883777066,nan,nan,0.29999987844837894,1.7383515227760232e-05,3.7039267021433797e-06,1.0,0.3231695799690313
92,nan,nan,nan,0.022648393182649492,0.0075740579068841905,nan,nan,0.29999999671810623,1.7289880180105616e-05,3.664523878243886e-06,1.0,0.3465668999555567
93,nan,nan,nan,0.022535105783132548,0.007786582893882816,nan,nan,0.29999999991138887,1.719774549504218e-05,3.624726806552521e-06,1.0,0.31944054324479887
94,nan,nan,nan,0.0224260619569021,0.007711974296747416,nan,nan,0.2999999999976075,1.7107068032253585e-05,3.585752176575003e-06,0.0,0.32028852660508944
95,nan,nan,nan,0.022326177850462363,0.007652028354507738,nan,nan,0.2999999999999354,1.701780969307189e-05,3.5476059015886746e-06,1.0,0.3223655823313072
96,nan,nan,nan,0.02227374492547224,0.00765398665770617,nan,nan,0.29999999999999827,1.692993384743259e-05,3.5102626822339954e-06,1.0,0.33020364948966585
97,nan,nan,nan,0.022224406528760222,0.007578938848289599,nan,nan,0.29999999999999993,1.6843405177560456e-05,3.4736974459780717e-06,1.0,0.3306530464433812
98,nan,nan,nan,0.022173685729676738,0.0075020992259555875,nan,nan,0.3,1.6758189615897112e-05,3.4378861321025814e-06,1.0,0.33052755096149067
99,nan,nan,nan,0.022324764101237796,0.007606626664449903,nan,nan,0.3,1.667425428871904e-05,3.4028056613668406e-06,1.0,0.3482733391598891
100,0.91,0.010000000000000009,0.3145408473875787,0.02224143392345862,0.007757251504168042,0.6686500420475687,0.6483730439242005,0.3,1.6591567462889233e-05,3.3684338870096e-06,1.0,0.3257548533633434
101,0.91,0.010000000000000009,0.31525101962521135,0.022671779661851285,0.008137114329369189,0.6682509921341045,0.6479583857355296,0.3,1.6591567462889233e-05,3.3684338870096e-06,1.0,0.36401265975785035
102,0.91,0.010000000000000009,0.3158384054283536,0.022864531090664355,0.00818890208334777,0.6679212963523867,0.6476158211208606,0.3,1.6591567462889233e-05,3.3684338870096e-06,1.0,0.3523854030084088
103,0.91,0.010000000000000009,0.3160882123017718,0.022828165277303237,0.008439387660301756,0.6677811799777821,0.6474702429905776,0.3,1.6591567462889233e-05,3.3684338870096e-06,1.0,0.3251277791415641
104,0.91,0.010000000000000009,0.31636032885663,0.022769312009182717,0.00838016338053274,0.6676286170112498,0.6473117380696357,0.3,1.6591567462889233e-05,3.3684338870096e-06,1.0,0.3248991955371625
105,0.91,0.010000000000000009,0.3167641977823798,0.022684492162777955,0.008343321058000036,0.6674023151458975,0.6470766318448414,0.3,1.6591567462889233e-05,3.3684338870096e-06,1.0,0.3319826453247883
106,0.91,0.010000000000000009,0.31708381966554905,0.02270397965461208,0.008249452482642968,0.6672233285620787,0.6468906897955935,0.3,1.6591567462889233e-05,3.3684338870096e-06,1.0,0.33428878078510293
107,0.91,0.010000000000000009,0.3174252438735543,0.022561333686070835,0.008341965094874415,0.6670322388088763,0.646692182116292,0.3,1.6591567462889233e-05,3.3684338870096e-06,1.0,0.3248698888480357
108,0.91,0.010000000000000009,0.3177142467771928,0.022398676055182296,0.00832006537387883,0.6668705739501902,0.6465242479259584,0.29967683748772056,3.602917011160591e-05,6.632701687811913e-06,1.0,0.3193676150852016
109,0.91,0.010000000000000009,0.3179312880784626,0.022312920555643864,0.008230978062972677,0.66674921508861,0.6463981866142561,0.29999127461216846,3.6027653572632117e-05,9.808834257992693e-06,1.0,0.3198418009897386
110,0.91,0.010000000000000009,0.31833671036667477,0.022148439699169634,0.008319577334664235,0.6665226410833557,0.6461628420239449,0.2999997644145285,3.602733211913788e-05,9.894589837387316e-06,1.0,0.3293860699997213
111,0.91,0.010000000000000009,0.3186544193759123,0.021938890180213482,0.008415984092340829,0.666345194047808,0.6459785340661948,0.2999999936391923,3.6027323235364025e-05,9.89690523803126e-06,1.0,0.3198418009897386
112,0.91,0.010000000000000009,0.31914576715135984,0.021798198434507816,0.008576066098234136,0.6660709521536322,0.6456937024976683,0.2999999998282582,3.6027322995353065e-05,9.896967753848698e-06,1.0,0.33720567761074305
113,0.91,0.010000000000000009,0.3194643679300244,0.021550958147328707,0.008603877636691138,0.6658932482449932,0.6455091456033439,0.299999999995363,3.602732298887268e-05,9.896969441775713e-06,1.0,0.31841521989487886
114,0.91,0.010000000000000009,0.3195871195611125,0.021489378009440695,0.008618848270654995,0.6658248071582543,0.6454380670242686,0.2999999999998748,3.602732298869774e-05,9.896969487349807e-06,1.0,0.31486742054584904
115,0.91,0.010000000000000009,0.31982654459572385,0.021455061184782222,0.008546674491507457,0.6656913544199924,0.6452994744580989,0.2999999999999966,3.6027322988693e-05,9.896969488580024e-06,1.0,0.3286004674847829
116,0.91,0.010000000000000009,0.320130409304957,0.021155471462456613,0.008647425613026572,0.6655220607660332,0.6451236662935721,0.29999999999999993,3.6027322988692926e-05,9.896969488613667e-06,1.0,0.3141661838724299
117,0.91,0.010000000000000009,0.3203403774579618,0.020941023255007685,0.008644500479872514,0.6654051304641437,0.645002240174344,0.3,3.6027322988692926e-05,9.896969488614227e-06,1.0,0.30923645083154216
118,0.91,0.010000000000000009,0.32060253882319784,0.02063402110872664,0.008558878685595923,0.6652591916675673,0.6448506944893999,0.3,3.6027322988692926e-05,9.896969488614227e-06,1.0,0.30923645083154216
119,0.91,0.010000000000000009,0.3207678276690337,0.020465724096552645,0.008484036562083687,0.6651672123238747,0.6447551837842236,0.3,3.602732298869292e-05,9.896969488614227e-06,1.0,0.30802575652489605
120,0.91,0.010000000000000009,0.3207986961999613,0.020436860600473977,0.008319817367622186,0.6651500375330353,0.6447373498104502,0.3,3.602732298869292e-05,9.896969488614227e-06,1.0,0.3032037895684354
121,0.91,0.010000000000000009,0.32059073023309703,0.02053731976836325,0.008226289350960744,0.6652657638429971,0.6448575190623065,0.3,3.6027322988692926e-05,9.896969488614227e-06,1.0,0.30040000699739444
122,0.91,0.010000000000000009,0.3205786910279791,0.0205443842282608,0.008153899626318082,0.6652724645029423,0.6448644770639342,0.3,3.6027322988692926e-05,9.896969488614227e-06,1.0,0.30792962695149684
123,0.91,0.010000000000000009,0.32062474938056845,0.020490819516179273,0.008221532993348593,0.6652468305369101,0.6448378586685708,0.3,3.602732298869292e-05,9.896969488614227e-06,1.0,0.29904318002850316
124,0.91,0.010000000000000009,0.3206823417092409,0.020418945318606305,0.008232011235557227,0.6652147800682069,0.6448045775612103,0.3,3.602732298869292e-05,9.896969488614227e-06,1.0,0.2980058340498484
125,0.91,0.010000000000000009,0.3207568805166555,0.020328409748376502,0.008233818203604108,0.6651733033694535,0.6447615086250243,0.3,3.6027322988692926e-05,9.896969488614227e-06,1.0,0.29970048192405696
126,0.91,0.010000000000000009,0.3207530790677095,0.02033349232516004,0.008297639088437326,0.665175418539103,0.6447637049840709,0.3,3.6027322988692926e-05,9.896969488614227e-06,1.0,0.29338221432556844
127,0.91,0.010000000000000009,0.3207492776187636,0.02033857292129336,0.008289934555929633,0.6651775337222045,0.6447659013580812,0.3,3.602732298869292e-05,9.896969488614227e-06,1.0,0.29338221432556844
128,0.91,0.010000000000000009,0.32100282705891864,0.02016739313680619,0.00855758948146867,0.6650364844849199,0.6446194401519773,0.3,3.602732298869292e-05,9.896969488614227e-06,1.0,0.3198800519539331
129,0.91,0.010000000000000009,0.3209636270380207,0.02022255492618098,0.008853296007784867,0.665058287498326,0.6446420794438295,0.3,3.6027322988692926e-05,9.896969488614227e-06,1.0,0.29060510584862964
130,0.91,0.010000000000000009,0.32084625544112666,0.020408866289896233,0.008631976629727338,0.6651235780154499,0.644709874882728,0.3,3.6027322988692926e-05,9.896969488614227e-06,1.0,0.28278794824901965
131,0.91,0.010000000000000009,0.32039057869787063,0.020832034672489584,0.008373137867925146,0.665377179709841,0.6449732152005545,0.3,3.602732298869292e-05,9.896969488614227e-06,1.0,0.2786852096401313
132,0.92,0.020000000000000018,0.320225313857625,0.021100400675257404,0.00835379007741234,0.6239474242084656,0.5836823663057374,0.29999627676311735,3.602402413215627e-05,9.934577941974184e-06,1.0,0.27799862391386343
133,0.93,0.030000000000000027,0.32003119956328185,0.02139917385120999,0.008337181544319661,0.5873870272973339,0.5282295717841927,0.2999998994726042,3.6023883978116764e-05,9.97117096709377e-06,1.0,0.27771569549115016
134,0.94,0.039999999999999925,0.319875598331785,0.021634443593062092,0.008267569662531272,0.5548590979053888,0.47802857835481216,0.2999999972857603,3.602388015671229e-05,9.972158978771852e-06,1.0,0.2796398285768944
135,0.95,0.04999999999999993,0.31963673250643,0.021937971076208124,0.008264157985744584,0.5257736975312814,0.4326308207758564,0.2999999999267155,3.6023880053507184e-05,9.97218565508677e-06,1.0,0.2801290785738597
136,0.96,0.05999999999999994,0.3194103460773511,0.022204656199241304,0.008201314503164985,0.49958178073471915,0.3915400638415595,0.2999999999980213,3.602388005072061e-05,9.972186375347322e-06,1.0,0.2822040242003261
137,0.96,0.05999999999999994,0.3192141498949271,0.022490648456155105,0.008254621833835251,0.4996433667793376,0.391608995884615,0.29999999999994653,3.6023880050645324e-05,9.972186394794167e-06,1.0,0.2769265984639697
138,0.96,0.05999999999999994,0.31900647972173,0.02279284401700805,0.008264181794006781,0.49970857105752775,0.3916819856745251,0.29999999999999855,3.602388005064329e-05,9.972186395319561e-06,1.0,0.2757791993866636
139,0.96,0.05999999999999994,0.3187839804924446,0.02311536669331775,0.008270699625236426,0.4997784502499659,0.3917602176274965,0.29999999999999993,3.602388005064322e-05,9.97218639533358e-06,1.0,0.27449725679815296
140,0.96,0.05999999999999994,0.31855511449019147,0.02343717738616209,0.008267050211933552,0.4998503494157498,0.3918407207847848,0.3,3.602388005064321e-05,9.97218639533414e-06,1.0,0.27449725679815296
141,0.96,0.05999999999999994,0.3183841209094812,0.023655015978267187,0.008319076119585213,0.49990408123325314,0.39190088903103587,0.3,3.602388005064321e-05,9.97218639533414e-06,1.0,0.2799232070354587
142,0.96,0.05999999999999994,0.31817558075150015,0.023935110903203223,0.00832913614200273,0.4999696270597935,0.39197429396704225,0.3,3.602388005064321e-05,9.97218639533414e-06,1.0,0.2758931639285813
143,0.96,0.05999999999999994,0.3180042291881266,0.024126750560089665,0.00837732923050824,0.5000234970811995,0.39203462931471517,0.3,3.602388005064321e-05,9.97218639533414e-06,1.0,0.28264612427688274
144,0.96,0.05999999999999994,0.3177546971305984,0.0244611516150169,0.00842931914213761,0.5001019664871612,0.39212252636512723,0.3,3.602388005064321e-05,9.97218639533414e-06,1.0,0.2728462302751613
145,0.96,0.05999999999999994,0.31745991464564766,0.02481879234168684,0.00837673924877336,0.5001946973632885,0.3922264135637466,0.3,3.602388005064321e-05,9.97218639533414e-06,1.0,0.2729740802833185
146,0.95,0.04999999999999993,0.3173016835357149,0.0249977645739394,0.008447372902558098,0.5265866960864397,0.4335388791792012,0.3,3.602388005064321e-05,9.97218639533414e-06,0.0,0.28129595833390475
147,0.94,0.039999999999999925,0.3171219119570118,0.025196553996431875,0.00843595137835725,0.5559272674839423,0.4792119982183143,0.3,3.602388005064321e-05,9.97218639533414e-06,0.0,0.2804710577827707
148,0.93,0.030000000000000027,0.3168497052684137,0.025520646996000897,0.00842420152172615,0.5887706787870464,0.5297408021469661,0.3,3.602388005064321e-05,9.97218639533414e-06,0.0,0.27318317824027627
149,0.92,0.020000000000000018,0.3165110279514199,0.025847131937030882,0.008334490007801561,0.6257711683849257,0.5856324847974527,0.3,3.602388005064321e-05,9.97218639533414e-06,0.0,0.274987230749683
150,0.91,0.010000000000000009,0.3162757266416278,0.02611871203741308,0.008328945604006956,0.6676760420301013,0.6473610096218805,0.3,3.602388005064321e-05,9.97218639533414e-06,0.0,0.2746393390819162
151,0.91,0.010000000000000009,0.3160436395708928,0.026372483489314383,0.007967884205952323,0.6678061764598561,0.6474962135186124,0.3,3.602388005064321e-05,9.97218639533414e-06,0.0,0.2758575506310563
152,0.9,0.0,0.3154821455353371,0.02653820319205911,0.007669719046906306,0.7159557468313817,0.7159557468313817,0.3,3.602388005064321e-05,9.97218639533414e-06,0.0,0.2798801441055401
153,0.9,0.0,0.3151890374190381,0.026840241771895774,0.007731707243537907,0.7161447372863237,0.7161447372863237,0.3,3.602388005064321e-05,9.97218639533414e-06,1.0,0.2731777918111651
154,0.89,-0.010000000000000009,0.31507869161751556,0.026917126640882163,0.007903681808201939,0.6683477804718494,0.6480589565550602,0.3,3.602388005064321e-05,9.97218639533414e-06,0.0,0.29088850246096953
155,0.89,-0.010000000000000009,0.31479432530204854,0.02721045752291539,0.008077240904208156,0.6685075566481645,0.6482249813383323,0.3,3.602388005064321e-05,9.97218639533414e-06,1.0,0.2728012223184453
156,0.89,-0.010000000000000009,0.31451344073262816,0.027483212373016225,0.008084795930453633,0.6686654515577782,0.6483890568668913,0.3,3.602388005064321e-05,9.97218639533414e-06,1.0,0.27405432656102935
157,0.89,-0.010000000000000009,0.3142960597500412,0.027669533265864455,0.008076120123905555,0.6687877001175491,0.6485160945231028,0.2990688192255901,9.893182008225035e-05,1.9378052803514958e-05,1.0,0.27989952860008027
158,0.89,-0.010000000000000009,0.31395116239759985,0.027955085367207012,0.00811635493431633,0.6689817518172619,0.648717755048216,0.29499570350285675,0.0005062344350458302,6.052063586142742e-05,1.0,0.2738519985019592
159,0.9,0.0,0.3136972925706779,0.028138293925521207,0.008164253104290769,0.71710813373665,0.71710813373665,0.29452838096928524,0.0007386576219807154,6.52410654934629e-05,1.0,0.28089046718644317
160,0.9,0.0,0.31345867549674616,0.028320265748164843,0.007907071440268861,0.7172624775827149,0.7172624775827149,0.2875812042624375,0.0014292882028394324,0.00013541456758283407,1.0,0.2801191926284532
161,0.9,0.0,0.3128072935154401,0.02867430669404085,0.007798892349581265,0.7176841471399666,0.7176841471399666,0.28878250621756524,0.0017983358097805075,0.0001475489307659426,1.0,0.2650749611871761
162,0.89,-0.010000000000000009,0.31243214819420767,0.02902433512761269,0.0074852938426663825,0.6698377459043386,0.6496074130340571,0.2856224811614634,0.0022755756784538874,0.00017946837577707245,0.0,0.2669446657751924
163,0.88,-0.020000000000000018,0.31173884617850256,0.02924742821303832,0.007485937186374424,0.6281300554212342,0.5881572414381279,0.28423222073358423,0.0027353536451588524,0.0001935114104021144,0.0,0.26804495310050624
164,0.87,-0.030000000000000027,0.31104511655227934,0.02942871569013803,0.007488313056774137,0.5913119988230894,0.5325204163836464,0.27748409549495734,0.0034936058064912777,0.0002616742916003658,0.0,0.2690387883469212
165,0.86,-0.040000000000000036,0.3102716235169895,0.029694625441957674,0.007110581474544769,0.5586024580161183,0.482181543547167,0.2613638653765121,0.0051285360471512,0.0004245048988573887,0.0,0.26182107151709455
166,0.86,-0.040000000000000036,0.3091740646471749,0.02897692922220838,0.006797158306726022,0.5590334741446294,0.48266075062648217,0.26545620830691546,0.0061023706538095674,0.00046584169613419064,1.0,0.2740276315351633
167,0.85,-0.050000000000000044,0.3083828961620107,0.029188816287853428,0.006762688433115993,0.5297152468656375,0.437042603422678,0.24230375318656405,0.00826633354237925,0.0006997048791680433,0.0,0.261431216368073
168,0.84,-0.06000000000000005,0.30752110253078113,0.02902552095643178,0.006741674966993253,0.5033414404997628,0.39576155383591527,0.23330247888819272,0.01046185839730536,0.0007906268417778547,0.0,0.27037763441602025
169,0.84,-0.06000000000000005,0.3069725420653586,0.028819631839920323,0.006944907039499375,0.5035162744405058,0.3959585281240408,0.23399523013500118,0.01219870780088148,0.0007976243291193542,1.0,0.2906741998026221
170,0.84,-0.06000000000000005,0.3062848419300232,0.028715884120892203,0.007058115092142043,0.5037356258000346,0.39620574112480833,0.23465844521470483,0.013655746115061925,0.0008043234713385831,1.0,0.27658364260284185
171,0.83,-0.07000000000000006,0.3057360278457205,0.02854298304248057,0.007168809277381906,0.47973637972443994,0.3586804925452621,0.23432660551554205,0.014956575676975161,0.0008076753874917426,0.0,0.28758928771795533
172,0.82,-0.08000000000000007,0.3051909200488604,0.028355231042918816,0.007170576735949409,0.45791893347561546,0.3247083043707731,0.211491444742549,0.017108680333876556,0.001038333577117935,0.0,0.2880068372385838
173,0.82,-0.08000000000000007,0.30464108846998283,0.028163242753930638,0.007166201790689965,0.4580639673511077,0.32487063263945093,0.2172386761870235,0.01873659061081078,0.0010963864199914149,1.0,0.287291887914392
174,0.82,-0.08000000000000007,0.30410829120115035,0.027927508788592563,0.007187862700280701,0.4582045956109274,0.32502808673546046,0.21468379531153509,0.02029679401541409,0.0011221932975216007,1.0,0.29014338782377913
175,0.82,-0.08000000000000007,0.30364274956978266,0.02766685536790284,0.007141046991881895,0.45832754290173083,0.3251657902077032,0.21296464434186052,0.021773452287814833,0.001139558458831445,1.0,0.29616188171035085
176,0.82,-0.08000000000000007,0.3031245310017738,0.027212183792073127,0.00710017431052221,0.458464479539983,0.325319212390683,0.21489217547901732,0.02305916805800445,0.0011590284703178772,1.0,0.3015474370642848
177,0.82,-0.08000000000000007,0.30249097084628934,0.026991232877033068,0.007299759592556453,0.4586320058222978,0.32550697905919784,0.2133848496947168,0.02429416215223539,0.0011742539832906096,1.0,0.2805813275081892
178,0.82,-0.08000000000000007,0.3020192189625505,0.026694442198753894,0.007401092306470124,0.45875682622610936,0.32564693185079435,0.20649300143065852,0.025653474412066907,0.0012438686122204913,1.0,0.2955549880480399
179,0.82,-0.08000000000000007,0.30135439182285956,0.02637514893452667,0.007502626174984531,0.4589328476234575,0.325844367956798,0.21367252913755005,0.026702655962239953,0.0013163890941082846,1.0,0.2811891843152301
180,0.82,-0.08000000000000007,0.3007786104557402,0.02588752742351296,0.007531506000721457,0.4590854022119782,0.3260155533766819,0.2085489162342397,0.02782593980656353,0.001368142759798288,1.0,0.29440771232227725
181,0.83,-0.07000000000000006,0.3002853874312824,0.02557251529046513,0.007535991642577747,0.48131911520075327,0.3604651288616785,0.21270197004139058,0.028767454733843543,0.0014100927982543573,1.0,0.29230412132932626
182,0.83,-0.07000000000000006,0.29968329991581855,0.025338872632172035,0.0076605894669361276,0.48149458774911486,0.3606633527881867,0.2130918306192346,0.029643872994041236,0.0014140307838891454,1.0,0.27975815977954754
183,0.83,-0.07000000000000006,0.2992366104821555,0.025012701754071682,0.007804765697302634,0.4816248537321612,0.3608105562791562,0.2131258857409328,0.03046953555694203,0.0014143747750174102,1.0,0.29550874489793233
184,0.83,-0.07000000000000006,0.29868458614012233,0.02467735459737201,0.007827629161939733,0.48178593545964,0.36099263826807243,0.2085247284288373,0.03135653379306858,0.0014608511115032235,1.0,0.2864523923730171
185,0.83,-0.07000000000000006,0.29832806322019584,0.024408184216586803,0.007953911367066389,0.48189002678840376,0.361110332965032,0.21285480805148768,0.03209588582095507,0.001504589289509793,1.0,0.2992096650578451
186,0.83,-0.07000000000000006,0.297788778780137,0.02418412047406841,0.008130728790411325,0.4820475631320992,0.361288506472885,0.21061326889219611,0.032843446037668214,0.0015272310991996069,1.0,0.28118884742189776
187,0.83,-0.07000000000000006,0.29739080594579365,0.023900851303547913,0.008248742402742266,0.48216388544792943,0.36142010500975935,0.21100254523366646,0.03354239961904676,0.001531163183456883,1.0,0.294804115268646
188,0.83,-0.07000000000000006,0.2969507328552454,0.023651069157846896,0.008303490421302894,0.4822925785034569,0.3615657365921532,0.21561055868665108,0.03411361658559825,0.0015760245569475663,1.0,0.28866216942217937
189,0.83,-0.07000000000000006,0.2965238372719657,0.023399461786558967,0.00823756130454269,0.4824174836466116,0.3617071195835229,0.21302068094490562,0.03470448992988685,0.0016005461950912884,1.0,0.28925802814006074
190,0.83,-0.07000000000000006,0.2960403560659611,0.023011638614694463,0.008091737377557934,0.48255902329696365,0.3618673766782229,0.21259022879998024,0.035271145416733325,0.0016048499504918584,1.0,0.29072230714471425
191,0.83,-0.07000000000000006,0.2957574581889031,0.02284970463073924,0.007897395611214449,0.482641880482166,0.3619612132936515,0.2103327525661876,0.03584918987274926,0.001627651546088478,1.0,0.29487979226323446
192,0.83,-0.07000000000000006,0.29528203690796595,0.022274957597662053,0.007665260488869497,0.48278118942754267,0.36211901916866124,0.21854783711912848,0.03625497836992995,0.0017106321658830056,1.0,0.2990247718618422
193,0.83,-0.07000000000000006,0.2950392803121397,0.022142235844137045,0.007695683770075277,0.4828523534967758,0.36219965008208316,0.2136285914837298,0.03671850871407406,0.0017603215148646219,1.0,0.2951648836621794
194,0.84,-0.06000000000000005,0.29464237543988164,0.022041581719852887,0.007821843250445772,0.5074783708275622,0.4004383009155553,0.21161955983123337,0.03718994792164321,0.0017806147638562237,1.0,0.2805980393792826
195,0.84,-0.06000000000000005,0.2944975476125611,0.021906110470120845,0.008018274493492308,0.5075252794061534,0.40049152187300413,0.216071004029938,0.03756325855140376,0.0018255788466707869,1.0,0.30788279959924836
196,0.84,-0.06000000000000005,0.29401075169717034,0.021646583169022498,0.008279985045966488,0.5076830123024471,0.40067051211878796,0.21504043230923095,0.03793003982686031,0.0018359886620314472,1.0,0.2815240579505893
197,0.84,-0.06000000000000005,0.2935505088691421,0.02134985664562924,0.008310078078371301,0.5078322315908871,0.40083988624663475,0.2133899640228482,0.03829959355898373,0.0018526600588635955,1.0,0.28462876364055645
198,0.84,-0.06000000000000005,0.29300489854813994,0.02109354495559025,0.00821832511454176,0.508009242280496,0.40104086209166906,0.21071260868807495,0.038687474103323925,0.0018797040521441335,1.0,0.27596651886128254
199,0.83,-0.07000000000000006,0.29240209960443325,0.020353855006809075,0.008112349762333574,0.4836267968213752,0.3630779016066716,0.20959517141922845,0.03906842552664496,0.0018909912972839972,0.0,0.28799344478921785
200,0.83,-0.07000000000000006,0.2920164386374831,0.020081792919693392,0.007734035436337482,0.48374025957447236,0.3632066940926042,0.21483215586725102,0.03934833732075115,0.0019438901300923058,1.0,0.287188756668324
201,0.83,-0.07000000000000006,0.29121436633476117,0.018747659455181052,0.007650763420511471,0.48397640252302676,0.363474841065239,0.21221237351204897,0.039644648019109364,0.00197035257812465,1.0,0.28380542948565757
202,0.83,-0.07000000000000006,0.2906133282482244,0.01771174527665612,0.007461051713463283,0.48415350894363784,0.3636760383962337,0.21474241983844322,0.03988480423872034,0.001995908601623582,1.0,0.29228159435473167
203,0.83,-0.07000000000000006,0.29025543900069056,0.017368984013555938,0.00748846743429309,0.4842590288757138,0.36379594756001093,0.2154149643629546,0.04009664513691808,0.00200270198065905,1.0,0.2893388543881792
204,0.82,-0.08000000000000007,0.28974018783194055,0.01709573123605631,0.00757817779730711,0.4620297935031088,0.32933251599225394,0.21650518806028807,0.040275951253642056,0.002013714341238176,0.0,0.27337407866216545
205,0.82,-0.08000000000000007,0.2892375009287187,0.01657743298453525,0.007639124674884119,0.4621647797242886,0.3294851771990852,0.21731042628913372,0.04042752209640127,0.0020218480607214653,1.0,0.281713955002604
206,0.82,-0.08000000000000007,0.2886750137895218,0.01598288270944991,0.007581094333471189,0.462315917606169,0.3296561670409312,0.21754977815697685,0.040558876975413355,0.0020242657563562445,1.0,0.2780400668654168
207,0.82,-0.08000000000000007,0.28823670525226147,0.01558020594303206,0.00755580841926665,0.46243375777290524,0.32978953104528014,0.21289961409277564,0.04072878534727767,0.002067972842739293,1.0,0.28103903512200157
208,0.82,-0.08000000000000007,0.2878549208815908,0.01527751284903713,0.007552535257565577,0.462536450261993,0.32990578441983837,0.22062486667540876,0.04079465912111816,0.0021428295645391435,1.0,0.28118917801813237
209,0.82,-0.08000000000000007,0.28747441964946696,0.01494635881556867,0.007462214356042749,0.46263884300217367,0.3300217286549647,0.21525787058476625,0.04090053574121003,0.0021969558906834107,1.0,0.28179167777735503
210,0.82,-0.08000000000000007,0.28691117977141123,0.014407903839279904,0.0074539853315299135,0.4627904938911213,0.3301935056832159,0.21828998453584986,0.040955467380419816,0.002227580988930076,1.0,0.27306208219414296
211,0.82,-0.08000000000000007,0.28658633918938947,0.014022835222779768,0.007422993250443248,0.46287800159584275,0.3302926569696085,0.21560373286820234,0.04102267250313555,0.0022547147816430213,1.0,0.28735774278756754
212,0.82,-0.08000000000000007,0.2860290855669274,0.013075431796171436,0.007292558601020779,0.46302819536665296,0.33046288659302214,0.21741179595138943,0.04105336325382033,0.0022729780434216306,1.0,0.2814803153645278
213,0.82,-0.08000000000000007,0.28579058364509946,0.01269448855234386,0.007388891055551378,0.46309250738160107,0.3305357977019666,0.2201057126049758,0.04104101626515053,0.0023001893227052117,1.0,0.2945650277120868
214,0.82,-0.08000000000000007,0.28552014641562024,0.012355711812454387,0.007318267653280908,0.46316545236538953,0.3306185105112917,0.21724817408682023,0.041040636972862685,0.0023290533481398965,1.0,0.28782369759792936
215,0.82,-0.08000000000000007,0.28515254502556553,0.011591755259209705,0.007213038837816594,0.46326464227612335,0.3307310072288688,0.21155008879634415,0.041083162974611294,0.0023866097652153785,1.0,0.2918403284793152
216,0.82,-0.08000000000000007,0.284959090179768,0.011262689949120401,0.007193348310265853,0.46331685927566646,0.3307902407897952,0.21535901520937534,0.04106676651802252,0.0024250837693874103,1.0,0.2948206992926796
217,0.81,-0.08999999999999997,0.2847648490008943,0.011006911124633784,0.0072439378693416705,0.44284903558666816,0.299365221302875,0.21825332359310323,0.04100551474466092,0.002454319207606884,0.0,0.28981233294417375
218,0.8,-0.09999999999999998,0.28466137674991254,0.010823482490312064,0.0073233944196703475,0.4240925747923649,0.2709028093592028,0.22657056546585558,0.04086183902622613,0.0025383317517760997,0.0,0.29888922573335885
219,0.79,-0.10999999999999999,0.2845547195230011,0.010643778180170455,0.0072901340655606986,0.4068610431843176,0.24514721165272454,0.22817565213458302,0.04069383898006585,0.002554544748429912,0.0,0.2973600338337534
220,0.78,-0.12,0.284410681816049,0.010486735174389748,0.007348277827070723,0.39098231018552815,0.22184796429681058,0.22014691182494345,0.04057037836228898,0.0026356431353959683,0.0,0.28880001887322004
221,0.77,-0.13,0.28427052264498665,0.010365053218450508,0.0072966243829086985,0.37629574407125355,0.20076240301321394,0.21591317243363808,0.04046692762456703,0.002678408179752588,0.0,0.28638408989115804
222,0.77,-0.13,0.2841868474367997,0.01020627844861352,0.007339973567945626,0.3763106444618457,0.2007779663639999,0.2103363963565305,0.040398951631683,0.0027347392512385234,1.0,0.29956210613280754
223,0.76,-0.14,0.2840946386218701,0.010112867754262012,0.007427877220658843,0.36267849253999596,0.18168693769639083,0.2084449983544744,0.040330322618435464,0.0027538442815623226,0.0,0.2898222985355443
224,0.76,-0.14,0.2842231635167045,0.010367319339377264,0.007623244666351175,0.36265723414628853,0.18166530452107266,0.21138274502608007,0.04021159459276998,0.0027835184903664202,1.0,0.3108583235332938
225,0.75,-0.15000000000000002,0.28414031224288017,0.0102760035138966,0.007755817407696431,0.34997824391432647,0.16439018291097887,0.20957095757966476,0.04009031719209293,0.0028018193736635446,0.0,0.2914153545416249
226,0.75,-0.15000000000000002,0.28467502947861173,0.011991087798168126,0.008315803098172151,0.3498959004514863,0.16430878231144425,0.2158175137583893,0.03989284424923878,0.002864915900721368,1.0,0.3468539378987212
227,0.74,-0.16000000000000003,0.28464658755653527,0.011973761889554213,0.008616995806782563,0.3380711600381417,0.148676650226211,0.22188009025736594,0.039633041800096955,0.0029261540471756777,0.0,0.2905380221179257
228,0.74,-0.16000000000000003,0.2845687394438972,0.011767974715861296,0.008539038963013779,0.3380823493596094,0.14868736939590715,0.22197097657013687,0.03935545308137143,0.00292707209073902,1.0,0.3120952406901194
229,0.74,-0.16000000000000003,0.2847091762772173,0.011921963478788905,0.008535294457052867,0.3380621645277807,0.14866803329449602,0.2240652639621737,0.039048104433423984,0.0029482265088404025,1.0,0.30464878918063976
230,0.73,-0.17000000000000004,0.28488003774571014,0.012015275943785077,0.008542081886077546,0.3269843105599064,0.13449911910843346,0.22136459137863623,0.038738977965193086,0.002975506029886235,0.0,0.2998740950983081
231,0.72,-0.18000000000000005,0.28496009393980765,0.01200039489808493,0.008668310980240785,0.316620881641563,0.12169081584275357,0.21109822676077306,0.03848584863017213,0.003079169074138564,0.0,0.2866908290498795
232,0.71,-0.19000000000000006,0.2855079677249982,0.012887896128080157,0.009131060929335057,0.3068387895107739,0.11005458209822443,0.187544778633218,0.03847935378511098,0.0033170460985634956,0.0,0.33278600243292566
233,0.71,-0.19000000000000006,0.28595969926128295,0.013388798045382217,0.009211596487189246,0.3067853145739898,0.11000859884110897,0.1755300507031002,0.038627821760296416,0.003438405998734825,1.0,0.3228888491196167
234,0.71,-0.19000000000000006,0.2866826928669768,0.014895325325293016,0.009500092346074997,0.30669976703686763,0.10993508282658172,0.17545003999854844,0.03873708712454691,0.003439214160993377,1.0,0.3519391891462713
235,0.71,-0.19000000000000006,0.28729695605468225,0.01584847108229039,0.009584020085220385,0.30662712240213263,0.10987269998525953,0.17606683243367457,0.038795997449246514,0.0034454443868905515,1.0,0.3415553973444114
236,0.7,-0.20000000000000007,0.2879601320223823,0.016969367980972802,0.009601078649761442,0.29743102156934087,0.09935606098053329,0.17379214513235558,0.03885221496371267,0.0034684210262783672,0.0,0.34852162097033235
237,0.69,-0.21000000000000008,0.28874527699377595,0.01821160105201777,0.009659382443253341,0.28875767283434217,0.08983596257478602,0.17193800250312163,0.038897842465259846,0.0034871497397044476,0.0,0.3554410956033365
238,0.68,-0.21999999999999997,0.2893603163402958,0.01879260980971074,0.009829847281396535,0.2805926771459033,0.08124084359896293,0.16328867580075906,0.03905168560628243,0.003574516676091934,0.0,0.3372831340386495
239,0.68,-0.21999999999999997,0.29079178515538734,0.022659906550702304,0.010641574597241557,0.28045101941244466,0.08113375806405294,0.16738512030223562,0.039085325342918406,0.003615894903379576,1.0,0.4176441383073066
240,0.68,-0.21999999999999997,0.29151512418563863,0.023274388157838125,0.0113020496300367,0.28037949237961135,0.08107975370512227,0.17083705015617523,0.03901772587128155,0.0036507628817021983,1.0,0.34683115982328183
241,0.68,-0.21999999999999997,0.29212665372417573,0.023760101302484668,0.011319473426271391,0.28031905002991986,0.0810341530733382,0.17595509964788,0.038830694319099274,0.0037024603513153773,1.0,0.3410761608891699
242,0.68,-0.21999999999999997,0.29331565114520886,0.025804980735447142,0.01179385509086154,0.2802016064751206,0.08094563838091136,0.18444644568521035,0.038492579908894674,0.0037882315234096238,1.0,0.394792906031896
243,0.68,-0.21999999999999997,0.29462813991768644,0.02843290019189422,0.01188781672208392,0.2800720792459389,0.080848154667731,0.18614833818919652,0.03809685289292889,0.003805422356783221,1.0,0.413895001524633
244,0.68,-0.21999999999999997,0.2957534211855345,0.02974504662578364,0.012174612625684984,0.27996112250986166,0.08076476235417362,0.18973763586252781,0.037624306274913616,0.003841677888837073,1.0,0.38537435705997036
245,0.68,-0.21999999999999997,0.296535712318235,0.030161458986441507,0.012435716519180092,0.27988403761117503,0.08070688964151569,0.19603250506419742,0.037055060541132855,0.003905262426227675,1.0,0.3512031935533684
246,0.69,-0.21000000000000008,0.29716754151292885,0.030495530331702284,0.012495306571694642,0.2878772429267039,0.08914331655255055,0.19843162656424715,0.03642832999474367,0.003929495976733228,1.0,0.3444788778032939
247,0.7,-0.20000000000000007,0.2977669121407634,0.030749437005275316,0.01246281038679132,0.2963440106749084,0.09846457438612936,0.19871225261070274,0.03575971562528029,0.003932330583263082,1.0,0.3404081205662284
248,0.71,-0.19000000000000006,0.29851925730337187,0.03105757992358638,0.012525492421392162,0.30530597027362233,0.10874532890970677,0.2081446890910789,0.03499353878471737,0.0040276077194284984,1.0,0.34841769450111837
249,0.72,-0.18000000000000005,0.29912275746745454,0.031180557071578918,0.012654104094881075,0.3148454378084105,0.12011589643005631,0.21668988511402293,0.03415849796297685,0.0041139228307713665,1.0,0.335337247157949
250,0.73,-0.17000000000000004,0.3000542317550921,0.03182000283468318,0.01296957186395766,0.32495670677247435,0.13263569736568903,0.22222177541291818,0.0332766736361768,0.004169800510558187,1.0,0.367786767845671
251,0.74,-0.16000000000000003,0.3005820638143103,0.031852018365285235,0.013324353862122409,0.33579619886475814,0.14651450603456045,0.22674578845204868,0.032355980872237525,0.004215497611963546,1.0,0.32864075655287706
252,0.75,-0.15000000000000002,0.301209667749194,0.032055586792535805,0.013398065263603811,0.34736864461431755,0.1618308830626541,0.24272999650164184,0.031460542220723135,0.004376954258929134,1.0,0.3426405375939108
253,0.75,-0.15000000000000002,0.30144968705855846,0.03193442623918638,0.01367836934639672,0.3473322273834729,0.16179546370413236,0.25811685425989805,0.030677599257184364,0.004532377064568085,1.0,0.2971797227476083
254,0.76,-0.14,0.3016344213581959,0.03192622906844579,0.0136187221699784,0.3598002162952019,0.17878152474681738,0.26507088179723715,0.029964059392231828,0.00460261976696545,1.0,0.30936193242471877
255,0.76,-0.14,0.3022065758117225,0.03191706012779354,0.013814698240723835,0.35970709505553955,0.17868831327073964,0.26932681124429647,0.02929744380105812,0.004645608953299383,1.0,0.33001666767110094
256,0.76,-0.14,0.30270040580830865,0.031859642424009814,0.01382211379034402,0.3596267602931835,0.17860793999039307,0.25650602611124884,0.02841790105147745,0.004765705967022996,1.0,0.3234373262196517
257,0.75,-0.15000000000000002,0.30322543678970176,0.03191213839782729,0.013851586218845186,0.3470630365649246,0.16153389936086313,0.2432722581191727,0.027382564126564587,0.004858237808127469,0.0,0.33240262673938825
258,0.75,-0.15000000000000002,0.30423950386321,0.032567102647352845,0.01421338026358168,0.3469094984243995,0.1613849083581249,0.24194026112691872,0.02640380471582468,0.004866971893568706,1.0,0.3752587058527852
259,0.75,-0.15000000000000002,0.30505681774588456,0.03299365677665411,0.014333234565004948,0.3467858491773353,0.16126502504166526,0.24007088979939217,0.02537346707623235,0.0048156809301412185,1.0,0.3626218554538918
260,0.75,-0.15000000000000002,0.3059131496528043,0.033443515791555294,0.01421289412485606,0.346656391518908,0.16113960949196832,0.24784600127741332,0.02458015183101012,0.004882083046534081,1.0,0.36575238332042903
261,0.75,-0.15000000000000002,0.306858380012877,0.03361128293074444,0.01425617373635071,0.3465136066428057,0.16100140047192177,0.25216940116907577,0.023777433578565692,0.00489383430749934,1.0,0.3595979971944423
262,0.76,-0.14,0.30755172400420994,0.03349570622505259,0.014480604493528918,0.3588394661780388,0.17782219106470765,0.2585205342170321,0.02314292779530084,0.004943944131944563,1.0,0.3362790649084859
263,0.77,-0.13,0.3082048992267976,0.03335550624749052,0.014500026254163169,0.3720815493083865,0.19640757893256952,0.26316484049844974,0.02262003006676584,0.004922693435407096,1.0,0.3333624753592801
264,0.78,-0.12,0.30884490392164643,0.03321156127428552,0.014430384847068762,0.38634088517635984,0.21693811405528873,0.265948100692392,0.022337913873984056,0.004787976567482824,1.0,0.3330392578317998
265,0.79,-0.10999999999999999,0.31007093602794267,0.03371223314375248,0.014826126910673304,0.4016177954661968,0.2394877450289212,0.271105199511165,0.022552746966290737,0.004798731677466356,1.0,0.3844242821467183
266,0.79,-0.10999999999999999,0.31090572814088696,0.03384269847722322,0.014970783720269606,0.40144853863403074,0.23930700014774825,0.2739868396602077,0.022751947769870037,0.004593975970685459,1.0,0.3575068428295942
267,0.8,-0.09999999999999998,0.31185230308171696,0.03376936454620499,0.0148947404306794,0.41803054962730163,0.26424899948098207,0.2781511278569265,0.023422403049772573,0.004545117525214222,1.0,0.35608871045107726
268,0.81,-0.08999999999999997,0.3124608453128958,0.03356417506964405,0.014940803941089287,0.43612227445476526,0.29187986378612796,0.2886990702673382,0.024429508196257364,0.004644664910705164,1.0,0.3312318575338966
269,0.81,-0.08999999999999997,0.31279953977628433,0.033513467378039424,0.01486603277131799,0.43604127744036775,0.29179064143434497,0.28815875032188604,0.02536551242378678,0.004643423545712724,1.0,0.3245436461414748
270,0.81,-0.08999999999999997,0.31352279738601785,0.03350451767574915,0.015000983400809034,0.4358684148343707,0.2916002960252787,0.29258961054914123,0.026373497173489854,0.004684827793471233,1.0,0.3489094035762017
271,0.82,-0.08000000000000007,0.3141332866561745,0.033582517232237596,0.014999505010121745,0.45557295487013405,0.32209081555461805,0.2997999194848268,0.0275354107451597,0.004527001007235805,1.0,0.3486382147336149
272,0.83,-0.07000000000000006,0.3145820788959189,0.03353020729317344,0.015151395961600525,0.4771897357726884,0.35582145075116506,0.2999945978260903,0.028661270234796477,0.004470914612253875,1.0,0.332886061213024
273,0.83,-0.07000000000000006,0.3150361824216603,0.033464973456353346,0.015124449707207596,0.47705973564693605,0.35567591401360077,0.2999998541413044,0.029731743131765527,0.004445160828816761,1.0,0.3327022404885367
274,0.83,-0.07000000000000006,0.3154617709483079,0.03341627906706131,0.015063656839666468,0.47693796303850466,0.3555396241503534,0.2999999960618152,0.030737613365540723,0.00442779710104743,1.0,0.3327022404885367
275,0.83,-0.07000000000000006,0.31603806761924175,0.03357502718231631,0.015222280606951955,0.4767731677272605,0.3553552381174446,0.29932137230762074,0.03166723655970701,0.004415181874956902,1.0,0.35379154880373376
276,0.83,-0.07000000000000006,0.31642018440263076,0.03362534065846785,0.015152243474067618,0.47666396203419564,0.3552330853187269,0.2999816770523057,0.03256867690164824,0.004406626106879977,1.0,0.3397591154031876
277,0.82,-0.08000000000000007,0.31705187989961353,0.03353937873982574,0.015041315204001194,0.4548124729119732,0.32124563445665405,0.29999950528041225,0.03341981626486876,0.004337191561062282,0.0,0.34375087720646236
278,0.81,-0.08999999999999997,0.3175674352665818,0.03360116347127898,0.014930141909108205,0.4349042445728063,0.29054039769564444,0.2999999866425711,0.034196354954626335,0.004264675941418518,0.0,0.34711052474486626
279,0.81,-0.08999999999999997,0.3182464142040366,0.0335451677834827,0.014816586609197083,0.43474280596840287,0.2903632259283701,0.2999999996393494,0.03496442812143487,0.0042129224070091035,1.0,0.3490870780607125
280,0.81,-0.08999999999999997,0.3188134321772294,0.03361656980691757,0.014815766817155579,0.43460807976632676,0.29021543457727034,0.29999999999026244,0.03567174125626532,0.004170972372097611,1.0,0.3511095096415544
281,0.81,-0.08999999999999997,0.3194511145376422,0.03371234145294464,0.014739169707855304,0.4344566630918256,0.29004940442616733,0.29998776248689973,0.036362255744242886,0.0041671579976079,1.0,0.35607235737060594
282,0.81,-0.08999999999999997,0.3202458136280611,0.033703963771970304,0.014611948761718398,0.4342681106507904,0.28984275832128165,0.2999996695871463,0.037021265104031836,0.004166934280219499,1.0,0.3592280688214371
283,0.81,-0.08999999999999997,0.32091688733437546,0.03387240813939085,0.014554693147405467,0.43410901730657464,0.2896684877702044,0.29999999107885295,0.03764884958378234,0.004120461191124663,1.0,0.3626161155293721
284,0.81,-0.08999999999999997,0.3218032514015794,0.034117771586208684,0.014551818509821693,0.4338990630408091,0.28943862959080674,0.299999999759129,0.03822223543098558,0.00407672310079765,1.0,0.3750887990934064
285,0.81,-0.08999999999999997,0.3223900672955366,0.03422859511168093,0.014543502620972188,0.4337601748573655,0.289286652952504,0.29999999999349647,0.03878917726090044,0.004054081293475184,1.0,0.35789125445355996
286,0.81,-0.08999999999999997,0.3231444090471658,0.034143392317236954,0.014418785085840831,0.43358176704249907,0.28909152388164955,0.2999999999998244,0.03931669756427351,0.004050149209281826,1.0,0.35662302258481615
287,0.81,-0.08999999999999997,0.32376677326787473,0.03418832628724526,0.014360962549560676,0.4334346834154888,0.2889307321214813,0.29999999999999527,0.039819399531496526,0.004003603618849364,1.0,0.35704053733954744
288,0.81,-0.08999999999999997,0.3244505569470485,0.03416317016681242,0.014354943774632582,0.4332731995044189,0.2887542783391763,0.2999999999999999,0.040320368831599854,0.003977443237619658,1.0,0.35704053733954744
289,0.81,-0.08999999999999997,0.3252024665610961,0.034207753990043915,0.014414985928174216,0.43309576566770286,0.28856049295766817,0.3,0.04078441622732646,0.003973095236155767,1.0,0.36444898954482274
290,0.81,-0.08999999999999997,0.3258468413326412,0.03415905164263212,0.014466821485013296,0.43294382324175085,0.28839462876353655,0.3,0.04122245434456844,0.003950292445915437,1.0,0.35515978429923367
291,0.81,-0.08999999999999997,0.3265495581596662,0.034237493470677303,0.014525879172567781,0.4327782453438336,0.2882139643500996,0.3,0.04162365430489047,0.0038673117938655293,1.0,0.36515147496573563
292,0.81,-0.08999999999999997,0.32718098715125854,0.034306232926596875,0.014517029836658667,0.4326295726589231,0.2880518205909629,0.3,0.042047816174875914,0.0038176224440130174,1.0,0.36216767102107505
293,0.81,-0.08999999999999997,0.32779410105294654,0.034276428319585946,0.01442737885592329,0.43248531005447743,0.287894554419759,0.3,0.04242586667615349,0.003797329194997902,1.0,0.356476273830981
294,0.81,-0.08999999999999997,0.32850956643712875,0.034029640351222926,0.014195529722726438,0.43231708625826337,0.2877112516621306,0.3,0.042770460056073815,0.0037523651121827034,1.0,0.3521445777975034
295,0.81,-0.08999999999999997,0.328905939001788,0.03401791679807425,0.013975992147814028,0.4322239454821983,0.28760980116243823,0.3,0.04312170620177131,0.0037419552968220265,1.0,0.347520056065173
296,0.81,-0.08999999999999997,0.3295336153191842,0.03371559687213387,0.013977241245642334,0.43207653434761506,0.2874492953558088,0.3,0.04344779453949726,0.003725283899989877,1.0,0.3442916896902035
297,0.81,-0.08999999999999997,0.33063956961626373,0.034036838879550675,0.014404213557551787,0.43181704311901214,0.28716692251810905,0.3,0.04374440668027007,0.0036982399067093394,1.0,0.3952241933485132
298,0.81,-0.08999999999999997,0.3313716504673704,0.03363799204377447,0.014747876824709594,0.43164544558942,0.28698031220545145,0.3,0.04400311093915473,0.0036869526615694757,1.0,0.349174603971955
299,0.82,-0.08000000000000007,0.3321110462914777,0.03348867111056617,0.014868621623771165,0.4509285901506647,0.31695426999046367,0.3,0.04423374059797266,0.003634053828761167,1.0,0.36193302719994436
300,0.82,-0.08000000000000007,0.33267706448493484,0.0332017275040303,0.015017703684409944,0.45078390245388655,0.31679520806735983,0.3,0.04448325431587311,0.0036075913807288233,1.0,0.34379057601403873
301,0.82,-0.08000000000000007,0.3332769159502187,0.032853395894207466,0.0149320858574496,0.45063066747636993,0.31662681250444374,0.3,0.044696294630735746,0.0035820353572298914,1.0,0.34379057601403873
302,0.82,-0.08000000000000007,0.3339349706796987,0.032684275392437706,0.015046770214238893,0.45046268397824135,0.316442283414165,0.3,0.04490981807551849,0.003575241978194423,1.0,0.3580870673027312
303,0.82,-0.08000000000000007,0.33443532168864365,0.03237930197593525,0.015074531186905889,0.45033504174803757,0.31630212085424164,0.3,0.04511104182563011,0.003564229617615297,1.0,0.3393739552826849
304,0.83,-0.07000000000000006,0.33511122855608605,0.031797860442309575,0.015006358800878417,0.4713826176524532,0.34935886916037673,0.3,0.04530335366295231,0.0035560958981320076,1.0,0.34096476540640364
305,0.83,-0.07000000000000006,0.33574864622320516,0.03135689755992823,0.01501461201472606,0.4712045716621843,0.3491619654144595,0.3,0.04548522394769678,0.0035536782024972284,1.0,0.34545572171450756
306,0.83,-0.07000000000000006,0.33642957361807235,0.030831264472409248,0.014991158644837667,0.4710145208892079,0.3489518661940981,0.3,0.04565309751024989,0.003506706848313378,1.0,0.3461328063521414
307,0.83,-0.07000000000000006,0.3371207955760084,0.030352817789210798,0.015030333207133885,0.4708217535803542,0.34873884904884417,0.3,0.04576943109147755,0.003428673993943346,1.0,0.3501612309155977
308,0.83,-0.07000000000000006,0.338496177912692,0.030898459681295037,0.015716835035534678,0.47043865723698125,0.34831576360740946,0.3,0.045927590379716624,0.0033744619122196844,1.0,0.41872741168649896
309,0.83,-0.07000000000000006,0.3392767060575381,0.03043861180131719,0.016223434266255138,0.47022152759345737,0.34807611930669535,0.3,0.04603138096222984,0.003343834498572375,1.0,0.35984449226196147
310,0.83,-0.07000000000000006,0.34061431088013683,0.030438471831899065,0.016553559635938304,0.46984989438967867,0.34766620251654007,0.3,0.04614334689472421,0.0033167006433436124,1.0,0.40682256445401954
311,0.83,-0.07000000000000006,0.34185811927781434,0.030776249087477364,0.016543848430668237,0.46950484779873836,0.34728589554802164,0.3,0.04621903514110859,0.0032984373798770764,1.0,0.4117385825553226
312,0.83,-0.07000000000000006,0.3427897208705538,0.030341418268480216,0.016786407981873253,0.4692467426834925,0.34700159348169973,0.3,0.04629421499431547,0.003271226100547921,1.0,0.37464047463846706
313,0.83,-0.07000000000000006,0.34366608492213807,0.030201163366952524,0.016794687053771174,0.4690042003256656,0.3467345731380919,0.2999683286568097,0.046375734001795475,0.0032426819876694834,1.0,0.382201432870519
314,0.83,-0.07000000000000006,0.34459653479550156,0.02989817961024501,0.016767577125032417,0.4687469634521214,0.34645152273194707,0.29999914487373386,0.046420378049677996,0.0031854368455123934,1.0,0.3808686849342704
315,0.83,-0.07000000000000006,0.3456535736858053,0.029882874874919852,0.01690591209232587,0.4684550712990165,0.34613052311183173,0.2999999769115908,0.0463974796260827,0.0031469712457631587,1.0,0.3975442175096868
316,0.83,-0.07000000000000006,0.34649870296200574,0.029627278240831265,0.017039267892815325,0.4682219575390174,0.3458743034098116,0.2999999993766129,0.04639451618127642,0.0031177360344631,1.0,0.379333626912725
317,0.84,-0.06000000000000005,0.3473939159016913,0.02925101855667189,0.01694758210706598,0.4909505544163197,0.3819507308539768,0.2999999999831685,0.04640249334274123,0.0030337234964207087,1.0,0.379333626912725
318,0.85,-0.050000000000000044,0.34828679808007956,0.02911925067077652,0.017021467205650356,0.5159991093189621,0.42179122957632925,0.2999999999995455,0.04646314865222312,0.0030175104999323205,1.0,0.38817744357218364
319,0.86,-0.040000000000000036,0.34928993299056316,0.029075412544881905,0.017030922421300925,0.5437000748380595,0.4657428220839649,0.2999999999999877,0.046523579155743844,0.002936412112970731,1.0,0.39767352488212326
320,0.87,-0.030000000000000027,0.35029605554165516,0.028703223816057572,0.017089966077034655,0.574542730333575,0.5142733229173275,0.29999999999999966,0.04650879915519543,0.0028936470686142315,1.0,0.38941227398242195
321,0.88,-0.020000000000000018,0.35148192813966384,0.028487106697367134,0.01711401718277157,0.6090112192404146,0.5677721340879743,0.3,0.046440089815953704,0.0028373159971283,1.0,0.4049713496920262
322,0.88,-0.020000000000000018,0.3524447181589425,0.02834270580989692,0.017107859950792687,0.6085624871868848,0.5672958137008239,0.3,0.04629593586616633,0.002818210966804501,1.0,0.3958411080606723
323,0.89,-0.010000000000000009,0.35301543529077994,0.02764191895666244,0.017389789964364757,0.6476959392960104,0.6266472064862083,0.3,0.04611152352353791,0.0027885367580004028,1.0,0.346894011719288
324,0.89,-0.010000000000000009,0.353390458372324,0.027319946788811725,0.01720821068130158,0.6474981545703979,0.6264426011857316,0.3,0.045943280683424376,0.002770235874703279,1.0,0.34836063168770215
325,0.9,0.0,0.35396411482096224,0.026605520987078114,0.01665247112938892,0.691980538466427,0.691980538466427,0.3,0.045735362173596465,0.002707139347645455,1.0,0.34878099940544516
326,0.9,0.0,0.35403126676693547,0.02659596306888924,0.01613198847595266,0.6919401045296684,0.6919401045296684,0.3,0.045582529232647544,0.0026459012011911458,1.0,0.35356913249605104
327,0.91,0.010000000000000009,0.3547042562268875,0.025820984667810153,0.015957348244082677,0.6468062179573677,0.6257268713386325,0.3,0.04547838895114275,0.002644983157627803,1.0,0.3578369681131166
328,0.91,0.010000000000000009,0.35522486598788044,0.025479213650084973,0.015945962356878843,0.646532437872474,0.6254437061713176,0.3,0.04536148462747493,0.002623828739526421,1.0,0.36415621678941656
329,0.91,0.010000000000000009,0.3558199402639682,0.024981083036007403,0.01589773312372398,0.6462197818588115,0.625120352696384,0.3,0.04525208186672542,0.002596549218480588,1.0,0.36415621678941656
330,0.92,0.020000000000000018,0.35646276148087935,0.02435234792961601,0.015764568820204498,0.6066968954582082,0.565316567385326,0.3,0.045101505620083616,0.0024928485657748994,1.0,0.36415621678941656
331,0.93,0.030000000000000027,0.3575236087670255,0.02358848063855994,0.015588045259517945,0.5715580418216047,0.5110488325631034,0.2998497536786704,0.04481138225040082,0.002256452587934238,1.0,0.392775557664494
332,0.94,0.039999999999999925,0.35783731091059034,0.023465686289158853,0.015777158265192374,0.5405411007547064,0.46229029820631523,0.2999959433493241,0.044118296365504045,0.0021365683630911667,1.0,0.36415621678941656
333,0.94,0.039999999999999925,0.3582616696891494,0.02321217389272321,0.01549552362033838,0.5403852207475646,0.46212022113176826,0.29999989047043174,0.043131216420203546,0.002135800044066478,1.0,0.36532472697552576
334,0.93,0.030000000000000027,0.35839552506744193,0.023213923187257225,0.015390636834461006,0.5712000703388851,0.5106625682293343,0.29999999704270164,0.04208233703547172,0.0021295708939366173,0.0,0.36532472697552576
335,0.93,0.030000000000000027,0.35863321836375306,0.023161907758522775,0.015320270939249685,0.5711025614212939,0.5105573698874704,0.2999999999201529,0.04098379986413947,0.0021065942835945192,1.0,0.36532472697552576
336,0.94,0.039999999999999925,0.3588012494238049,0.023148888859591585,0.015250377256088027,0.54018714633306,0.46190414574576283,0.2999999999978441,0.039758243970205075,0.002087865570952673,1.0,0.36532472697552576
337,0.95,0.04999999999999993,0.3589000857375268,0.023155429991116968,0.015066963502909371,0.5124697799547284,0.41791236175258323,0.2996908672221934,0.03839979994848188,0.0020036211878545736,1.0,0.36532472697552576
338,0.96,0.05999999999999994,0.35930584316499575,0.023128569574361487,0.014381843760902902,0.4873662877425694,0.37800984172934343,0.2999916534149992,0.036686579586785964,0.001965281204938707,1.0,0.3778588767855424
339,0.96,0.05999999999999994,0.35878264905167795,0.022382709873873686,0.013793168723791709,0.4875226162361543,0.3781812246939027,0.29999977464220495,0.03497119513317131,0.0019304952592141228,1.0,0.36532472697552576
340,0.96,0.05999999999999994,0.35926286040760114,0.022634860531756208,0.01403329568849827,0.4873791270537525,0.37802391575657757,0.29999999391533955,0.03323162575943692,0.0018788000044810905,1.0,0.3948522954155873
341,0.96,0.05999999999999994,0.3594421535817017,0.02256098108043035,0.013852791364999641,0.4873255751484066,0.37796521595991334,0.2999999998357141,0.03152152280551729,0.0017930288921886083,1.0,0.3590054782992256
342,0.96,0.05999999999999994,0.35909103846184715,0.022279551181659748,0.013666668337267165,0.48743045847206373,0.3780801866173836,0.29999999999556426,0.02995822855467124,0.0017758380604296583,1.0,0.3596813940464476
343,0.96,0.05999999999999994,0.35821016329035954,0.021832216237490005,0.013720741723185492,0.48769378784100115,0.37836893229258994,0.2999999999998802,0.02832182676070877,0.0017395825284194021,1.0,0.3258074843758707
344,0.96,0.05999999999999994,0.3576102908863411,0.02190160744352127,0.013379824594005097,0.4878732769821594,0.3785658194927525,0.29999999999999677,0.026669259914030494,0.0016759979910299775,1.0,0.3253871166581279
345,0.96,0.05999999999999994,0.3573521301173887,0.022126603495307543,0.013311902212691212,0.48795056250357643,0.3786506148438037,0.29999999999999993,0.025097378948551706,0.0016517644405244568,1.0,0.3253871166581279
346,0.96,0.05999999999999994,0.3572519315051091,0.022207212402769648,0.013362418805419857,0.48798056553228436,0.37868353626143286,0.3,0.02346772851830467,0.0016489298339946027,1.0,0.33445901657532917
347,0.96,0.05999999999999994,0.357128839820557,0.022333986512599862,0.013345757093595772,0.4880174286119913,0.3787239873006259,0.3,0.021680368053117408,0.0015536526978291872,1.0,0.3280989521110236
348,0.96,0.05999999999999994,0.356884616357572,0.02256029145612515,0.013255081907385991,0.48809058431514585,0.3788042708927552,0.3,0.020093464810484917,0.001467337586486318,1.0,0.32399534820262255
349,0.96,0.05999999999999994,0.35695559357698414,0.022503482945631283,0.013113567768080987,0.48806932124543195,0.37878093503917454,0.3,0.01868911406614409,0.0014114599066994973,1.0,0.3424349690991493
350,0.96,0.05999999999999994,0.3565176793805536,0.022713555649256617,0.012904412309532834,0.48820053937145585,0.3789249581139599,0.3,0.017363318448268543,0.0013657628052941388,1.0,0.32399534820262255
351,0.96,0.05999999999999994,0.356471225297051,0.022775189225099118,0.012763000379825423,0.48821446317330186,0.37894024255522163,0.3,0.016083361911044387,0.0012043061583285513,1.0,0.32399534820262255
352,0.96,0.05999999999999994,0.35630771442218045,0.02293205234482448,0.012326972976370129,0.488263479026481,0.3789940511307478,0.3,0.015284376519825595,0.0010488833526895996,1.0,0.32628945010685095
353,0.96,0.05999999999999994,0.35659881169577284,0.022357192468050277,0.012203920353369013,0.4881762232788184,0.37889826670926197,0.3,0.014876578133506164,0.000978640650292235,1.0,0.32628945010685095
354,0.95,0.04999999999999993,0.35677227871032463,0.022055270660644104,0.01199952084353739,0.5131734835156291,0.4186842890584628,0.3,0.014601911540797664,0.0009356514639583025,0.0,0.32670863387990257
355,0.95,0.04999999999999993,0.35675993811238527,0.02207057772548282,0.011954012081373828,0.51317757040723,0.4186887743065257,0.3,0.014394784388896832,0.0008061485838265082,1.0,0.32878260787715896
356,0.95,0.04999999999999993,0.3568256339180734,0.02198088641102405,0.011875820145935152,0.5131558143794154,0.4186648979644253,0.3,0.013885048537601476,0.0006724741596641229,1.0,0.33000690678846656
357,0.96,0.05999999999999994,0.35692504378752377,0.021892508796302328,0.011567543658890305,0.4880784730013038,0.3787909788307482,0.3,0.012880896564426973,0.0006590196445908504,1.0,0.3423436136844238
358,0.96,0.05999999999999994,0.35644541933511387,0.022010663735070254,0.01159189217074622,0.4882221984037591,0.37894873383151545,0.3,0.011703398003803687,0.0006401371059289662,1.0,0.32729626061179484
359,0.96,0.05999999999999994,0.35606156107077325,0.02223319445119775,0.011591182107366807,0.4883372872789119,0.3790750847278804,0.3,0.01025973246857137,0.000561600626352995,1.0,0.3242360290198196
360,0.96,0.05999999999999994,0.35563166111381134,0.022456165093248805,0.011543901857564603,0.48846624486267176,0.37921669078073783,0.3,0.009007710074759416,0.0005179299203766066,1.0,0.3227623876242509
361,0.96,0.05999999999999994,0.35525569898859893,0.02270000816851646,0.0113160399450908,0.4885790784929487,0.37934061683350273,0.3,0.0077849206148868505,0.0004537770613063408,1.0,0.32200178467320106
362,0.96,0.05999999999999994,0.3553793352753923,0.02262987576001034,0.011555679534640475,0.4885419670587854,0.37929985443726005,0.3,0.00671279856719647,0.00040686487664555644,1.0,0.3486426935878246
363,0.96,0.05999999999999994,0.35514099109037195,0.022983264456623673,0.01194751205184353,0.48861351496920985,0.379378443411089,0.3,0.005716724122342232,0.0003787511373128063,1.0,0.30952805685724183
364,0.96,0.05999999999999994,0.35492754598963683,0.02328466836221741,0.011450357168875125,0.4886776062788152,0.37944885008253976,0.3,0.004684235294244036,0.00032665923005247276,1.0,0.3116947477582883
365,0.96,0.05999999999999994,0.354178583736742,0.023527120477818936,0.011200349609116766,0.4889026307677664,0.379696108478903,0.29995041455355576,0.0037599271098002207,0.00029805261689491263,1.0,0.30952805685724183
366,0.96,0.05999999999999994,0.35382944564672125,0.023733293010382992,0.011317994503983003,0.4890075995735314,0.37981148121643094,0.299998661192946,0.002778152935526053,0.00025647643954815927,1.0,0.32259303382751625
367,0.96,0.05999999999999994,0.35336383911078295,0.024137677920267924,0.011198884645933445,0.4891476549206199,0.37996545011260474,0.2999999638522095,0.0017697671130362683,0.00014994472489009695,1.0,0.30952805685724183
368,0.96,0.05999999999999994,0.3532441042934832,0.0242764647167719,0.011229613005067444,0.48918368435440784,0.3800050647495621,0.29999999902400964,0.0013836814345278134,0.0001444873029340158,1.0,0.3192583758039296
369,0.96,0.05999999999999994,0.3530925979978089,0.02450134283967869,0.011083144336331728,0.48922928175951885,0.3800552029195172,0.29999999997364823,0.0007399175418158096,9.973114861465614e-05,1.0,0.3093930165740386
370,0.96,0.05999999999999994,0.35270444564995934,0.02486923393852257,0.01108748740072182,0.4893461390650648,0.38018371505519744,0.2999999999992885,7.753211586168589e-05,2.689974548288528e-05,1.0,0.31009416879124463
371,0.96,0.05999999999999994,0.3522644792297344,0.025322327725758816,0.010983451466979701,0.48947866305534327,0.38032948727592647,0.2999999999999808,7.527137309198797e-05,2.4933297598327847e-05,1.0,0.3046415727111236
372,0.96,0.05999999999999994,0.35196860553745685,0.02571680370040873,0.010995159143761247,0.4895678246907712,0.38042758074097477,0.2999999999999995,7.527853831640216e-05,2.488020350544467e-05,1.0,0.30329869198526316
373,0.96,0.05999999999999994,0.3518046511528508,0.025890786500194704,0.011126554194697259,0.48961724638754744,0.3804819596927404,0.3,7.527878215320227e-05,2.487876996493671e-05,1.0,0.31630680202792827
374,0.96,0.05999999999999994,0.3515277018267497,0.026239417240346664,0.011027667182922593,0.48970075145517794,0.3805738511330044,0.3,7.52787887735157e-05,1.802398456903293e-05,1.0,0.305007307878423
375,0.96,0.05999999999999994,0.35100852930821297,0.026699079256336168,0.01091757200643579,0.48985736782475203,0.38074623157320037,0.3,3.4456804291575055e-05,1.1354239673225045e-05,1.0,0.3018742969500705
376,0.96,0.05999999999999994,0.3506030689510631,0.02717054706692934,0.010904132162583171,0.489979750859291,0.3808809648933146,0.3,3.4438811966759695e-05,1.1174156561037861e-05,1.0,0.2992130796882049
377,0.97,0.06999999999999995,0.3501442678906678,0.02766524094386483,0.010883755000793947,0.46721904700029643,0.3447734029082713,0.3,3.443959305043103e-05,1.1169294317009023e-05,1.0,0.29787077116693417
378,0.98,0.07999999999999996,0.34965187035488854,0.028148823239548912,0.0108637898157854,0.4464874744668369,0.3120980507745957,0.3,3.443961506307494e-05,1.116916303641993e-05,1.0,0.29787077116693417
379,0.98,0.07999999999999996,0.34913970728595073,0.02861649124525851,0.010843361213958713,0.44661590750865987,0.312237734345764,0.3,3.443961565808943e-05,1.1169159491843961e-05,1.0,0.29787077116693417
380,0.98,0.07999999999999996,0.3488852487656737,0.028710821477629034,0.011073967665654282,0.4466797445111017,0.3123071799851004,0.3,3.443961567415528e-05,1.1045548346766074e-05,1.0,0.32566365761384697
381,0.98,0.07999999999999996,0.3486183388143966,0.028766777706099377,0.011079644364424176,0.4467467248659861,0.31238005701455807,0.3,3.4437846812243044e-05,1.0925274606901765e-05,1.0,0.3293813622428976
382,0.98,0.07999999999999996,0.3480181889230643,0.02916248364397499,0.011350151797219708,0.44689740430101277,0.3125440460793148,0.3,3.443836423025006e-05,1.0922027215925551e-05,1.0,0.2992130796882049
383,0.98,0.07999999999999996,0.3473591594709811,0.029566994896199548,0.011249416704321892,0.4470629837412241,0.3127243222568937,0.3,3.4438378612440056e-05,1.0921939536369454e-05,1.0,0.2967131703210544
384,0.98,0.07999999999999996,0.34657540318325764,0.029858897272122976,0.01107570413220223,0.4472600602726986,0.31293898812610504,0.3,3.443837900105949e-05,1.0921937169021275e-05,1.0,0.2967131703210544
385,0.98,0.07999999999999996,0.3459842815502303,0.030212062343730504,0.01108376159645505,0.44740881355185425,0.31310108764687744,0.3,3.4438379011552447e-05,1.0921937105102707e-05,1.0,0.29877909115082724
386,0.98,0.07999999999999996,0.34557351576137313,0.030343578796026446,0.01124891147315757,0.4475122393212145,0.3132138282612178,0.3,3.4438379011835735e-05,1.0921937103376814e-05,1.0,0.315546443699108
387,0.98,0.07999999999999996,0.34514946446190725,0.030476379284644348,0.011258113860088338,0.44761906039250693,0.3133303004799638,0.3,3.443837901184334e-05,1.0921937103330275e-05,1.0,0.31463540739296203
388,0.98,0.07999999999999996,0.3446466386068767,0.030690095580429032,0.01126285126767612,0.4477457913529413,0.3134685216481232,0.3,3.443837901184352e-05,1.0921937103329154e-05,1.0,0.30675795183649623
389,0.98,0.07999999999999996,0.3443068106169428,0.030657071023125548,0.011408498070396756,0.44783148138808093,0.3135620056172654,0.3,3.443837901184352e-05,1.0921937103329154e-05,1.0,0.3304661905514281
390,0.98,0.07999999999999996,0.3438051193424448,0.03088501317265831,0.011564900525300736,0.4479580463671442,0.3137001188504252,0.3,3.443837901184352e-05,1.0921937103329154e-05,1.0,0.30499065684943183
391,0.98,0.07999999999999996,0.34320305913192023,0.03104940626110084,0.01153521768683097,0.4481100265530255,0.3138660238762262,0.3,3.443837901184352e-05,1.0921937103329154e-05,1.0,0.3049454539132783
392,0.98,0.07999999999999996,0.3426568110416727,0.031191139346731525,0.011503965271608239,0.44824800714451607,0.31401670110060886,0.3,3.443837901184352e-05,1.0921937103329154e-05,1.0,0.3075428619963221
393,0.98,0.07999999999999996,0.34216097937543183,0.031361153905874496,0.011466773945910828,0.44837332629357557,0.3141535967574783,0.3,3.443837901184352e-05,1.0921937103329154e-05,1.0,0.3068931072068881
394,0.98,0.07999999999999996,0.3423177554412253,0.03144973207548608,0.01203550682911922,0.4483336942970178,0.3141102990799192,0.3,3.443837901184352e-05,1.0921937103329154e-05,1.0,0.36782218437684944
395,0.98,0.07999999999999996,0.34191935913017085,0.03163311137574396,0.012610389587120773,0.44843442008405376,0.31422034968118895,0.3,3.443837901184352e-05,1.0921937103329154e-05,1.0,0.30768042495972625
396,0.98,0.07999999999999996,0.3415532464828661,0.031814878020324476,0.012095919853198453,0.4485270235683626,0.31432155045302285,0.3,3.443837901184352e-05,1.0921937103329154e-05,1.0,0.30768042495972625
397,0.98,0.07999999999999996,0.3406778087989782,0.03152916185556774,0.011630772485758471,0.44874860941083805,0.3145638032330783,0.3,3.443837901184352e-05,1.0921937103329154e-05,1.0,0.30768042495972625
398,0.98,0.07999999999999996,0.34026286700885594,0.031687255935874785,0.011501899523859589,0.4488537136315605,0.31467875720372046,0.3,3.443837901184352e-05,1.0921937103329154e-05,1.0,0.30768042495972625
399,0.98,0.07999999999999996,0.33972034098645376,0.031775903624168156,0.011318642441173673,0.44899120906566264,0.3148291834473623,0.3,3.443837901184352e-05,1.0921937103329154e-05,1.0,0.30768042495972625
400,0.98,0.07999999999999996,0.3393713340948336,0.03192061631941932,0.011330859227964554,0.44907970438700867,0.3149260286628228,0.3,3.443837901184352e-05,1.0921937103329154e-05,1.0,0.30888988685202334
401,0.98,0.07999999999999996,0.3390102325842904,0.032072467821128985,0.011198667011839348,0.4491713031855348,0.315026292723963,0.3,3.443837901184352e-05,1.0921937103329154e-05,1.0,0.30768042495972625
402,0.98,0.07999999999999996,0.3385018695761287,0.032168806938223084,0.011013985662880976,0.449300320415478,0.3151675539176228,0.3,3.443837901184352e-05,1.0921937103329154e-05,1.0,0.3072507664865587
403,0.98,0.07999999999999996,0.33851549763087585,0.03216946216765084,0.011336159240124606,0.4492968607905005,0.31516376537411994,0.3,3.443837901184352e-05,1.0921937103329154e-05,1.0,0.3407367607573968
404,0.98,0.07999999999999996,0.33847964847549133,0.03216871024498851,0.011324704235895662,0.44930596158976177,0.31517373148809247,0.3,3.443837901184352e-05,1.0921937103329154e-05,1.0,0.3373798498679583
405,0.98,0.07999999999999996,0.33839888975702587,0.03216123188633842,0.011317864997131683,0.4493264646477572,0.31519618483113987,0.3,3.443837901184352e-05,1.0921937103329154e-05,1.0,0.3373798498679583
406,0.98,0.07999999999999996,0.33831136019218405,0.03215197388631159,0.011277173839925055,0.4493486888043556,0.3152205242853778,0.3,3.443837901184352e-05,1.0921937103329154e-05,1.0,0.3373798498679583
407,0.98,0.07999999999999996,0.3381835463817076,0.03213001044458497,0.010584586155370496,0.44938114526435047,0.3152560723824568,0.3,3.443837901184352e-05,1.0921937103329154e-05,1.0,0.3373798498679583
408,0.98,0.07999999999999996,0.3373791276269745,0.031093688158098362,0.009998957538407724,0.4495855233818274,0.31547998475236005,0.3,3.443837901184352e-05,1.0921937103329154e-05,1.0,0.33828553621318136
409,0.98,0.07999999999999996,0.3371625597781688,0.031011774434403023,0.009525419726687896,0.44964057839118887,0.3155403214150111,0.3,3.443837901184352e-05,1.0921937103329154e-05,1.0,0.33818770738138615
410,0.98,0.07999999999999996,0.3364827714138556,0.030212102576654718,0.009482389449314397,0.4498134790832532,0.31572986316191354,0.3,3.443837901184352e-05,1.0921937103329154e-05,1.0,0.3388437280227128
411,0.98,0.07999999999999996,0.33577196477643734,0.02925415942184964,0.009125986246020693,0.4499944113823907,0.315928297254738,0.3,3.443837901184352e-05,1.0921937103329154e-05,1.0,0.3406579188134915
412,0.98,0.07999999999999996,0.3354472291368857,0.02900002987905304,0.009064855272664703,0.4500771196743867,0.3160190359129291,0.3,3.443837901184352e-05,1.0602024545851731e-05,1.0,0.3421669106833005
413,0.98,0.07999999999999996,0.33502737331605353,0.028621552996517672,0.00907110084801573,0.4501840996039633,0.3161364306413071,0.3,3.434225477272823e-05,1.029074962742613e-05,1.0,0.3402158507873003
414,0.98,0.07999999999999996,0.3348972219964398,0.028441829736610136,0.009181829833977133,0.4502172726935984,0.31617283960421566,0.3,3.434345190705061e-05,1.0282345204628697e-05,1.0,0.3678535529728957
415,0.98,0.07999999999999996,0.33432926309528455,0.027743665859585022,0.009271674631772807,0.4503620918230756,0.31633182051405784,0.3,3.4343486996386976e-05,1.0282118285213341e-05,1.0,0.34074832739416205
416,0.98,0.07999999999999996,0.3339191442502028,0.027376052840857774,0.009296185591263738,0.4504667225659871,0.31644671887431214,0.3,3.434348794581594e-05,1.0282112158389265e-05,1.0,0.3383217424045599
417,0.98,0.07999999999999996,0.33352842385597264,0.027001354044313915,0.009226448504654499,0.45056644955016967,0.3165562602552064,0.3,3.434348797145205e-05,1.0282111992964912e-05,1.0,0.3402615874897039
418,0.98,0.07999999999999996,0.3330984262524843,0.026464695750490628,0.009180186024085843,0.4506762526501291,0.3166769009848974,0.3,3.434348797214424e-05,1.0282111988498227e-05,1.0,0.34517768322334663
419,0.98,0.07999999999999996,0.3326111067837534,0.02570901129656615,0.009134758184550305,0.45080075802954206,0.31681373522273676,0.3,3.434348797216294e-05,1.0282111988377672e-05,1.0,0.3489415780090297
420,0.98,0.07999999999999996,0.33218198953102407,0.025108455951116333,0.009002252665256708,0.45091045028233745,0.3169343248303314,0.3,3.434348797216344e-05,1.0282111988374307e-05,1.0,0.34650054870949165
421,0.98,0.07999999999999996,0.3315975055154538,0.024065881660454914,0.008910254259137036,0.45105994375913405,0.31709872302197056,0.3,3.434348797216345e-05,1.0282111988374307e-05,1.0,0.34652294813499807
422,0.98,0.07999999999999996,0.33103975098268296,0.023201298688146518,0.008481064329945288,0.45120269309448247,0.3172557621038409,0.3,3.434348797216344e-05,1.0282111988374307e-05,1.0,0.34006565478359674
423,0.98,0.07999999999999996,0.3317411266427717,0.024682801701493305,0.009243683551926698,0.4510232005980235,0.317058310812702,0.3,3.434348797216345e-05,1.0282111988374307e-05,1.0,0.41703157772817034
424,0.98,0.07999999999999996,0.3321389533350851,0.02526128276453201,0.00953123818921346,0.450921454270577,0.31694642383477944,0.3,3.434348797216344e-05,1.0282111988374307e-05,1.0,0.3881433009190378
425,0.98,0.07999999999999996,0.3324284327873082,0.025613736639603348,0.009588068726594045,0.45084744718568154,0.31686505865718123,0.3,3.434348797216345e-05,1.0282111988374307e-05,1.0,0.3777289446277541
426,0.98,0.07999999999999996,0.3327572326918581,0.02608962347527518,0.009633041885242697,0.4507634170621479,0.31677269217640325,0.3,3.434348797216344e-05,1.0282111988374307e-05,1.0,0.3864491229510363
427,0.98,0.07999999999999996,0.33285092184126713,0.026196122599626354,0.009763587251108513,0.45073947902157496,0.31674638287458884,0.3,3.434348797216345e-05,1.0282111988374307e-05,1.0,0.3672058830540206
428,0.98,0.07999999999999996,0.3327878348485379,0.026128163776308645,0.009858116195931957,0.4507555977803042,0.3167640981565951,0.3,3.434348797216344e-05,1.0282111988374307e-05,1.0,0.3578475175164997
429,0.98,0.07999999999999996,0.33310330593075604,0.02668942216471006,0.010240498089818086,0.4506750062876146,0.3166755314197028,0.3,3.434348797216345e-05,1.0282111988374307e-05,1.0,0.3957033250112265
430,0.98,0.07999999999999996,0.333076534437646,0.026659586352368838,0.010297113409593165,0.4506818443202895,0.31668304544307585,0.3,3.434348797216344e-05,8.764472378984464e-06,1.0,0.3614790674784163
431,0.98,0.07999999999999996,0.33267519166522375,0.026053032982178224,0.010097299734654475,0.45078438103799395,0.31679573410222256,0.3,3.10997846741543e-05,7.287809039047918e-06,1.0,0.35264128042226917
432,0.98,0.07999999999999996,0.3325535876765914,0.025933917108737537,0.01009201642465428,0.450815458140568,0.31682989379247944,0.3,3.110197573490064e-05,7.247939128869856e-06,1.0,0.3519958179261793
433,0.98,0.07999999999999996,0.33244512165388085,0.02581905631997719,0.010117090230495614,0.45084318132168805,0.3168603691225761,0.3,3.110210365905534e-05,7.24686264129513e-06,1.0,0.3544781247044715
434,0.99,0.08999999999999997,0.33229395187090044,0.025669928743134243,0.010160225341879417,0.4314294549815846,0.28674555888216513,0.3,3.110210716313179e-05,7.246833576130714e-06,1.0,0.35020774867747506
435,0.99,0.08999999999999997,0.33213569763426193,0.025514116042223742,0.010167381355675345,0.43146650063522934,0.2867858120239629,0.3,3.1102107257778405e-05,7.246832791371251e-06,1.0,0.3494993033116782
436,0.99,0.08999999999999997,0.3321272620465374,0.025503278695766612,0.010318713324275277,0.43146847549626244,0.2867879579956873,0.3,3.1102107260333924e-05,4.12427950197024e-06,1.0,0.3644811682030715
437,0.99,0.08999999999999997,0.3319111074548298,0.025311878895553173,0.010401922926177152,0.4315190857583824,0.2868429576100782,0.3,4.9947741439505056e-06,1.0860351301942384e-06,1.0,0.3437092678047693
438,0.99,0.08999999999999997,0.33152228097666353,0.02489833752579538,0.010323123825428087,0.43161015517131773,0.28694194597218176,0.3,4.933917090586175e-06,1.0040025321565994e-06,1.0,0.33897622896891
439,0.99,0.08999999999999997,0.3312224986502654,0.024668958928749,0.01006152954455065,0.4316803952593932,0.2870183119199629,0.3,4.934098931500373e-06,1.001787652009185e-06,1.0,0.33534649433571473
440,0.99,0.08999999999999997,0.330619781334186,0.023828963932937864,0.009707177154769877,0.4318216833260626,0.28717196999837313,0.3,4.9341051788625504e-06,1.001727850245756e-06,1.0,0.33458056380764956
441,0.99,0.08999999999999997,0.33037338714733394,0.023660973777711012,0.009702516432006337,0.4318794693089019,0.2872348336619158,0.3,4.93410534851647e-06,1.0017262355979465e-06,1.0,0.3343660596140181
442,0.99,0.08999999999999997,0.330106970110601,0.023478760638436638,0.00937375339736281,0.4319419685865093,0.2873028368212583,0.3,4.9341053530978486e-06,1.0017261920026284e-06,1.0,0.3330396903731503
443,0.99,0.08999999999999997,0.3301127254147801,0.023477776526955447,0.009436746406066064,0.43194061824762875,0.28730136743503143,0.3,4.934105353221574e-06,1.0017261908251192e-06,1.0,0.3263830147937854
444,0.99,0.08999999999999997,0.3301017587990303,0.023480237326737895,0.009457883372840146,0.43194319129834735,0.28730416733374436,0.3,4.934105353224898e-06,1.001726190793158e-06,1.0,0.32429045508315113
445,0.99,0.08999999999999997,0.33007628918993914,0.023486718087087875,0.009380897508364764,0.43194916724339144,0.2873106702181734,0.3,4.934105353224955e-06,1.0017261907925973e-06,1.0,0.3228401557490128
446,0.99,0.08999999999999997,0.329985126409081,0.02348722201280336,0.009341933046508223,0.43197055816002006,0.2873339482541938,0.3,4.934105353224957e-06,1.0017261907925973e-06,1.0,0.3253427384895209
447,0.99,0.08999999999999997,0.33006619143401594,0.02349456053290227,0.009410206907180826,0.43195153652986534,0.2873132484522975,0.3,4.934105353224955e-06,1.0017261907925973e-06,1.0,0.3362054546045097
448,0.99,0.08999999999999997,0.3300643993536488,0.023495030356562523,0.009349092700535062,0.4319519570172715,0.28731370602441664,0.3,4.934105353224955e-06,1.0017261907925973e-06,1.0,0.32381614016591365
449,0.99,0.08999999999999997,0.3299088124995644,0.023464091182978958,0.009193744444254894,0.4319884664881843,0.287353437593461,0.3,4.934105353224955e-06,1.0017261907925973e-06,1.0,0.32687628369070376
450,0.99,0.08999999999999997,0.3298583589161901,0.023482169763769264,0.00927380801824995,0.43200030707607634,0.2873663240751728,0.3,4.934105353224955e-06,1.0017261907925973e-06,1.0,0.3189499898651933
451,0.99,0.08999999999999997,0.3297689080777167,0.023521338037215286,0.0092900264385094,0.4320213012443486,0.2873891737891334,0.3,4.934105353224955e-06,1.0017261907925973e-06,1.0,0.3150502643552793
452,0.99,0.08999999999999997,0.3296411265353701,0.023574542375344853,0.009305571574702262,0.43205129519273033,0.28742182116972204,0.3,4.934105353224955e-06,1.0017261907925973e-06,1.0,0.31351129587218596
453,0.99,0.08999999999999997,0.32972140217600276,0.023576660194594225,0.009511496165862648,0.43203245173911214,0.28740131038216316,0.3,4.934105353224955e-06,1.0017261907925973e-06,1.0,0.3343170141701157
454,1.0,0.09999999999999998,0.32962513456309894,0.023608397824326915,0.009664639272764994,0.41416101354431234,0.26007371605543406,0.3,4.934105353224955e-06,1.0017261907925973e-06,1.0,0.317081872589527
455,1.0,0.09999999999999998,0.32946837518389605,0.023665446806388903,0.009692426179041242,0.41419483034093396,0.2601099659304876,0.3,4.934105353224955e-06,1.0017261907925973e-06,1.0,0.31310666995687075
456,1.0,0.09999999999999998,0.3293235226033626,0.023706003499101513,0.00959220670310483,0.41422608346205014,0.2601434713981189,0.3,4.934105353224955e-06,1.0017261907925973e-06,1.0,0.3155216487351231
457,1.0,0.09999999999999998,0.3290392839546644,0.02371858648911773,0.009456394045002621,0.4142874239694868,0.2602092429825365,0.3,4.934105353224955e-06,1.0017261907925973e-06,1.0,0.3139197488146128
458,1.0,0.09999999999999998,0.3288281195847727,0.023826915927447137,0.009503663677326088,0.4143330063459872,0.26025812703300716,0.3,4.934105353224955e-06,1.0017261907925973e-06,1.0,0.3061798236226143
459,1.0,0.09999999999999998,0.32864755753080066,0.023929226901440576,0.009488778410704182,0.4143719907995591,0.26029994128963374,0.3,4.934105353224955e-06,1.0017261907925973e-06,1.0,0.3061798236226143
460,1.0,0.09999999999999998,0.3284666157129139,0.024041191754738546,0.009496364419148478,0.4144110646064093,0.2603418569720758,0.3,4.934105353224955e-06,1.0017261907925973e-06,1.0,0.3046682058355792
461,1.0,0.09999999999999998,0.3282843857047585,0.024158283118335393,0.009236248389484796,0.4144504240424587,0.2603840847133711,0.3,4.934105353224955e-06,1.0017261907925973e-06,1.0,0.3037787838576602
462,1.0,0.09999999999999998,0.3278357236695115,0.02419262507651807,0.008841174218413588,0.41454736138448656,0.2604881105427471,0.3,4.934105353224955e-06,1.0017261907925973e-06,1.0,0.303776490063127
463,1.0,0.09999999999999998,0.32776297576169156,0.024258415664659826,0.008834674552624067,0.41456308347639426,0.26050498555032015,0.3,4.934105353224955e-06,1.0017261907925973e-06,1.0,0.30225326607524305
464,1.0,0.09999999999999998,0.32765448299744265,0.024354108499682208,0.008827008934854276,0.41458653287089126,0.2605301561949079,0.3,4.934105353224955e-06,5.008630953962987e-07,1.0,0.3008454713334059
465,1.0,0.09999999999999998,0.3275539047457774,0.02444934215476221,0.00870893078003022,0.41460827400922257,0.2605534949941742,0.3,1.332208445373745e-07,1.3523303575723055e-08,1.0,0.2994702316907132
466,1.0,0.09999999999999998,0.3273153805264745,0.024612382941164506,0.008584331212587918,0.4146598428618066,0.2606088603489152,0.3,3.5969628050515184e-09,3.6512919679908877e-10,1.0,0.29874061189722645
467,0.99,0.08999999999999997,0.32716336115036265,0.024768231848821,0.008530635997481715,0.43263372139109874,0.2880563442715544,0.3,9.711799591364281e-11,9.858488324229052e-12,0.0,0.2943261192460529
468,0.99,0.08999999999999997,0.32691817359741043,0.024965842537745878,0.00843516268468145,0.4326914408342746,0.2881192859426687,0.3,2.622187382133757e-12,2.661793344660771e-13,1.0,0.2947396205087176
469,0.99,0.08999999999999997,0.32675833789020714,0.02512816712833038,0.008441516446679493,0.43272907594780774,0.2881603319017601,0.3,7.079799999011863e-14,7.18673156900032e-15,1.0,0.2934094458537053
470,0.99,0.08999999999999997,0.3265934222089503,0.025290584608483976,0.00838839077730311,0.4327679140612979,0.2882026946631429,0.3,1.9113659049662573e-15,1.9400866995974957e-16,1.0,0.29360260066556454
471,0.99,0.08999999999999997,0.32647930901382866,0.025414815000659178,0.008378587411048086,0.432794792125552,0.2882320148136851,0.3,7.087189354717363e-17,5.046468293750712e-18,1.0,0.29323025319895146
472,0.99,0.08999999999999997,0.32639083130988994,0.02551058131764549,0.008259522343874101,0.4328156343396132,0.28825475230849745,0.3,0.0,0.0,1.0,0.29445092159139197
473,0.98,0.07999999999999996,0.3261601270563822,0.025704315530003134,0.00815765416978044,0.45245542713595316,0.31863631090570504,0.3,0.0,0.0,0.0,0.29323637667715907
474,0.97,0.06999999999999995,0.3260542984994732,0.02581274394915372,0.008138008357477461,0.47392705122892,0.3521808214588353,0.3,0.0,0.0,0.0,0.29442445218751656
475,0.97,0.06999999999999995,0.32609608496107084,0.025776924205597764,0.00822858687930027,0.47391524876122026,0.35216769698214273,0.3,0.0,0.0,1.0,0.3060529431098402
476,0.97,0.06999999999999995,0.3260078269971314,0.02588370640910457,0.008373267195404417,0.4739401776635462,0.3521954185828002,0.3,0.0,0.0,1.0,0.2903872832942589
477,0.97,0.06999999999999995,0.3259208983769596,0.025992425632600093,0.008385483095853975,0.47396473364989017,0.352222726906529,0.3,0.0,0.0,1.0,0.2891779091497526
478,0.97,0.06999999999999995,0.32583141949623956,0.026103996222403537,0.008388059116609756,0.47399001270309266,0.35225084080910835,0.3,0.0,0.0,1.0,0.2889228830949302
479,0.97,0.06999999999999995,0.32586987540202983,0.026065581165122885,0.008236549946954405,0.47397914803373914,0.3522387575690598,0.3,0.0,0.0,1.0,0.30171636174596306
480,0.96,0.05999999999999994,0.3255000622374791,0.02632691515297799,0.008330654148551714,0.49767773709521357,0.389412488908864,0.3,0.0,0.0,0.0,0.28868234115877867
481,0.95,0.04999999999999993,0.32524842951578037,0.02640874326696073,0.00818285077844606,0.5238300900859161,0.43046401092897346,0.3,0.0,0.0,0.0,0.3042180900730116
482,0.94,0.039999999999999925,0.3251438848679644,0.026532008266479317,0.008313755483488953,0.5528268985601678,0.47578069949016555,0.3,0.0,0.0,0.0,0.2887586149066148
483,0.93,0.030000000000000027,0.3250652759233182,0.02662759915644528,0.00831470155368918,0.5852109134724227,0.5258558892294001,0.3,0.0,0.0,0.0,0.28885227585643736
484,0.92,0.020000000000000018,0.32504701926486496,0.02664765024360231,0.008354795571765114,0.6215957252337854,0.5811701070681569,0.3,0.0,0.0,0.0,0.29488750447572776
485,0.91,0.010000000000000009,0.3249774074516538,0.026725158827691022,0.00821643438083315,0.6628332228736055,0.6423322152097062,0.3,0.0,0.0,0.0,0.29181790982971156
486,0.9,0.0,0.3248114405176895,0.026834521198183733,0.008279270786558558,0.7099920775806706,0.7099920775806706,0.3,0.0,0.0,0.0,0.298949750302673
487,0.89,-0.010000000000000009,0.3245913233765452,0.027006815262109463,0.008263600094312831,0.6630466036315299,0.6425536804122972,0.3,0.0,0.0,0.0,0.2926236932785342
488,0.89,-0.010000000000000009,0.3244525631025958,0.027133436652798132,0.008026731331162254,0.6631233271570485,0.6426333132678094,0.3,0.0,0.0,1.0,0.292881924441559
489,0.88,-0.020000000000000018,0.32407773406783685,0.02730612392801024,0.007770426572899379,0.6220670517142756,0.5816733967047832,0.3,0.0,0.0,0.0,0.2929832870755307
490,0.87,-0.030000000000000027,0.3239654742129446,0.02740725185487575,0.007777862748136915,0.5856849544847076,0.5263726479723114,0.29989081343762913,1.0863925785985956e-05,1.1028945694025803e-06,0.0,0.29376467136020024
491,0.87,-0.030000000000000027,0.32396785689117474,0.02740560853362641,0.007866970246046585,0.5856839266629382,0.5263715273365271,0.29999705196281595,1.0864922752339202e-05,2.176010985431057e-06,1.0,0.30518372173630137
492,0.86,-0.040000000000000036,0.3238473347966702,0.027503900825581094,0.00795831685615775,0.5533256501628987,0.47633194956430674,0.27980602428757717,0.0020091918880739746,0.00020612578548279248,0.0,0.29549065254586204
493,0.85,-0.050000000000000044,0.3236881291897318,0.027647283282691455,0.007388509066893669,0.5243690553020526,0.4310642985470142,0.27645609471374716,0.0030706608782453356,0.00023996345794572192,0.0,0.2909725465130448
494,0.84,-0.06000000000000005,0.3229203309006932,0.027476573218721826,0.0067817216885384946,0.4984825551287395,0.39031094491371504,0.2794120779840271,0.0036666934920911412,0.00026982187481723667,0.0,0.2910423554730057
495,0.83,-0.07000000000000006,0.3228770685671167,0.02750392690060666,0.006906083669640061,0.47482617574159125,0.3531816129683607,0.2807764317450487,0.004105532481108751,0.0002836032259386666,0.0,0.3033541916020608
496,0.82,-0.08000000000000007,0.3228369908113997,0.0275289503272132,0.006909300414952883,0.4533125572241425,0.3195833943502961,0.27265003878161925,0.0048788493432206995,0.0003656880033470447,0.0,0.3036726493880302
497,0.81,-0.08999999999999997,0.32295158539008534,0.027489442435068304,0.0070655350961676315,0.4336273574046541,0.2891413774208267,0.2700880291453224,0.005656575285833585,0.0003915668885621647,0.0,0.3191398828282903
498,0.8,-0.09999999999999998,0.3230265151267529,0.027457908686021482,0.007105600593155579,0.41558928804758305,0.2616084064116719,0.26929282918363584,0.006361319227142925,0.0003995992114074832,0.0,0.3151733986264835
499,0.79,-0.10999999999999999,0.3229244648967343,0.02753361407748703,0.007272151449481993,0.39902741769445427,0.2367346796368269,0.24908882620374145,0.008023657555676357,0.0006036800495882346,0.0,0.29747540195787137
500,0.78,-0.12,0.3229403349808873,0.027525976429479876,0.007391262877938055,0.38371315503457804,0.21420335598274512,0.23818942507635776,0.009972532801279008,0.0007137750104708981,0.0,0.3104768952673185
501,0.78,-0.12,0.32299369778392323,0.027501502986867977,0.007412577539784855,0.383703274831519,0.21419313367692358,0.23526132089227664,0.011715867331810627,0.0007433518204111115,1.0,0.31301670526331926
502,0.78,-0.12,0.32324610483557814,0.027471669687937565,0.007271049985420084,0.38365654818145406,0.21414479519891877,0.23613917523216987,0.013159678109276436,0.0007522190359655886,1.0,0.33249147165204507
503,0.77,-0.13,0.32298257848991857,0.0274289865929718,0.007420044274017649,0.3695264081733935,0.19381188930296409,0.24068533404506454,0.014251623788577708,0.0007981398320554337,0.0,0.31438412619144773
504,0.76,-0.14,0.3228032405496633,0.027392871319261967,0.0074711748765527684,0.35638667973269844,0.1753963802370613,0.24657475430879897,0.015043926769445768,0.0008576289256285088,0.0,0.3194460558424246
505,0.75,-0.15000000000000002,0.32254884671801726,0.027374438917651685,0.0075469889082605155,0.34416049671480536,0.15874132839112315,0.24875054200257726,0.01571412955630211,0.0008796065791010168,0.0,0.3119404667033576
506,0.74,-0.16000000000000003,0.32231569143508204,0.027346404330278372,0.007568441987766352,0.33274239474163825,0.1436650614022341,0.25206609556111004,0.016252682380876068,0.0009130970190861964,0.0,0.3140643215744354
507,0.73,-0.17000000000000004,0.3221672582840364,0.027304486745214365,0.007644871551844472,0.32204654336450284,0.13001079184329456,0.24981348534616554,0.01681703355086874,0.0009358506576209892,0.0,0.3225365347633924
508,0.72,-0.18000000000000005,0.3219152888016813,0.027270822164189596,0.00773931718774275,0.3120295796597662,0.11766516309738063,0.2510005534130852,0.017319539574694433,0.0009478412441555311,0.0,0.3130885879776677
509,0.71,-0.19000000000000006,0.3217007739309159,0.02722631147110626,0.0077695354875998756,0.3026126422351262,0.10648829090820963,0.25172147770616615,0.017777800952229025,0.0009551233077220055,0.0,0.3167362203048498
510,0.7,-0.20000000000000007,0.3214430082760858,0.027184778404384546,0.007788271517643987,0.2937521459040998,0.0963768327228486,0.23822810900951347,0.01855490553629104,0.0010914199612235477,0.0,0.3130671625397041
511,0.69,-0.21000000000000008,0.3211542892646771,0.027132439349116647,0.007785970032768001,0.28539893032255426,0.08722791816621218,0.24173897810697295,0.019187738629788047,0.0011268832854403102,0.0,0.3117860176726177
512,0.68,-0.21999999999999997,0.3207499112100792,0.027117592418648816,0.0078678473312842,0.27751884908601554,0.07895568451164497,0.23481476797328865,0.019965010516219215,0.001196824801942172,0.0,0.3017291052235138
513,0.67,-0.22999999999999998,0.32065786640523103,0.027066937280170265,0.007884459077681932,0.27003358248637066,0.07144795083385375,0.18971349229893114,0.022313568316240477,0.0016523932430972982,0.0,0.3310113703024846
514,0.67,-0.22999999999999998,0.3201835881734557,0.026648083691996675,0.007717594582009054,0.2700770799307478,0.07147833167032926,0.16545434786312688,0.02546322136065795,0.00189743510608522,1.0,0.3204257297953659
515,0.67,-0.22999999999999998,0.32032814130601606,0.02679803023750264,0.008044375651354789,0.2700638210554245,0.07146906929465435,0.1612287083041079,0.028384030163881024,0.0019401183339540985,1.0,0.3552036406501957
516,0.67,-0.22999999999999998,0.32065414916634133,0.02721007840436807,0.008183557900867328,0.27003392335074927,0.07144818884857775,0.16369484061757117,0.03087109950737803,0.0019650287613628185,1.0,0.3709225284370812
517,0.67,-0.22999999999999998,0.3209232056213095,0.027533727112116244,0.008171832645482638,0.27000925356190975,0.07143096526530583,0.1610549287528378,0.03321286205084608,0.0019916945377742665,1.0,0.36716723298652276
518,0.67,-0.22999999999999998,0.32110540988489406,0.02775304142103831,0.008171885459816376,0.2699925498109753,0.07141930621888598,0.16581759535332738,0.03518471395448245,0.0020398022812135553,1.0,0.36339810958179974
519,0.67,-0.22999999999999998,0.3214764377297119,0.028363987723051806,0.008375978627588924,0.2699585418651915,0.07139557632562989,0.16103825584250742,0.037154859814794834,0.0020880784378885043,1.0,0.3860443624908201
520,0.67,-0.22999999999999998,0.3215508990075309,0.02843925733595475,0.008699971421264979,0.2699517178702559,0.07139081589233469,0.16534546999902766,0.038847154387456596,0.002131585651590729,1.0,0.35394667649138434
521,0.67,-0.22999999999999998,0.32163890871593287,0.028529874666969785,0.008648657776137878,0.26994365267586257,0.07138519010387256,0.1653481718255574,0.04042383853672191,0.002131612942767797,1.0,0.3553239189752029
522,0.67,-0.22999999999999998,0.3218348267966478,0.02872236096668506,0.00791499738154511,0.26992570050732884,0.07137266974058652,0.16976577100663937,0.04178239612835435,0.00217623515671812,1.0,0.35965746285509237
523,0.67,-0.22999999999999998,0.32142401881582955,0.027630895858668247,0.007787775563182663,0.2699633459972383,0.07139892793474509,0.17587450341718738,0.04291237888176409,0.002237939524501433,1.0,0.3759507796463426
524,0.67,-0.22999999999999998,0.32111244402116795,0.027046277361666444,0.007874145279366307,0.2699919049912071,0.07141885618869978,0.1803132492660343,0.04388077962128751,0.0022827753411564524,1.0,0.35698582145287805
525,0.67,-0.22999999999999998,0.320944476998011,0.02674462166779032,0.007825925507001646,0.2700073033814515,0.07142960393751696,0.17487029241549082,0.044912616209497734,0.002337754703283154,1.0,0.3609322423120589
526,0.67,-0.22999999999999998,0.3205443845976291,0.02605199195911328,0.0077779368151047155,0.2700439889597935,0.07145521778632619,0.17381142198977334,0.045909732091388794,0.002348450364148987,1.0,0.34643988291283945
527,0.67,-0.22999999999999998,0.32028259013563803,0.025711085915653555,0.007738089143593607,0.27006799901387524,0.07147198776898367,0.17581334851109034,0.04681059446108292,0.0023686718441622906,1.0,0.3410264368549183
528,0.67,-0.22999999999999998,0.3203605746696479,0.02583642743962244,0.007604389411955705,0.27006084634246474,0.07146699142659209,0.18041610435245148,0.047573573797546946,0.0024151643274083626,1.0,0.36564597091749285
529,0.66,-0.24,0.32010859672142095,0.025215815578839715,0.007307776298200431,0.2629812569986619,0.064680617806456,0.17988982210448262,0.04830453569557827,0.002420480309711078,0.0,0.37050553018853094
530,0.65,-0.25,0.32020865451098773,0.02539896406518694,0.007228397805174248,0.2562342963930104,0.058520193172951866,0.18374797829258452,0.048927776059528555,0.00245945158433837,0.0,0.37148484643508595
531,0.64,-0.26,0.32025046166083526,0.025455691757003258,0.00736998758832545,0.24982944366798393,0.0529492758725732,0.1834665504816206,0.04952058461392593,0.0024622942894996216,0.0,0.3568219954070271
532,0.63,-0.27,0.32024017360800605,0.025443064390555548,0.0074040550225221635,0.24374086697425243,0.047910927961802956,0.17709396261895943,0.05018695269933109,0.0025266638638699367,0.0,0.35096701264326025
533,0.63,-0.27,0.32039143669437964,0.025689931364223238,0.007549176685871384,0.2437295665547224,0.04790443170214547,0.17828626412165804,0.05079467532084456,0.0025387073133921446,1.0,0.3696044333418296
534,0.62,-0.28,0.3202811665622552,0.025585164976537803,0.007849330751639093,0.23793834737064895,0.04335000721568877,0.17430688131268968,0.051433125187618264,0.0025789030993413203,0.0,0.3391807354650296
535,0.61,-0.29000000000000004,0.32030860667385264,0.025617937226785542,0.007829944025527936,0.2324065950564566,0.03922374372004699,0.1702038075229231,0.052103490584927116,0.0026203482891369425,0.0,0.3522433144714183
536,0.61,-0.29000000000000004,0.32051689893542984,0.026057158214082884,0.007954137757761,0.2323924479169597,0.03921642105491294,0.17498100616733817,0.05265423488695136,0.0026686028208987105,1.0,0.38531039436079384
537,0.61,-0.29000000000000004,0.3205306623462612,0.026069765248498983,0.008312640249044077,0.23239151317144524,0.03921593728854859,0.17418306323849367,0.05318251046381994,0.0026766628504829985,1.0,0.34508560888790996
538,0.61,-0.29000000000000004,0.3207425258620734,0.026303845233870048,0.008428268905902904,0.23237712535609584,0.03920849206137716,0.17360283172696472,0.053685134940380914,0.002682523774841877,1.0,0.3601625805501292
539,0.61,-0.29000000000000004,0.3213130910783095,0.027217388355229747,0.00874619319763146,0.23233838668860315,0.039188455526403085,0.17321742743963983,0.05415949167576901,0.0026864167474411186,1.0,0.39240301595932126
540,0.61,-0.29000000000000004,0.32146046591359406,0.027328502098744774,0.009179228191869617,0.23232838273628278,0.03918328349270273,0.183075448192104,0.054461487921037256,0.0027859927146377263,1.0,0.34931804733611216
541,0.61,-0.29000000000000004,0.3215434394295064,0.027380106788680667,0.009233049069546391,0.23232275078945902,0.03918037218629611,0.18625757567316928,0.05469662657926342,0.0028181354164666674,1.0,0.3426634112052436
542,0.61,-0.29000000000000004,0.3217742032062592,0.02757259553392687,0.009301695344938535,0.2323070888015756,0.039172277611166186,0.18352159801558032,0.05494097655090213,0.002845771554422112,1.0,0.35611606804843055
543,0.61,-0.29000000000000004,0.3220964588089083,0.027811858511419804,0.009305735216652067,0.23228522077669178,0.03916097934286423,0.18671918599911735,0.05512114314801234,0.0028780704229426878,1.0,0.35860857505870447
544,0.61,-0.29000000000000004,0.3222286073840978,0.02785333377118427,0.009504249995666915,0.23227625446319025,0.03915634810327281,0.19092036048625283,0.0552306654752982,0.002920506528873349,1.0,0.33750531260209615
545,0.61,-0.29000000000000004,0.32258570186215074,0.02808681351482712,0.009691539977603306,0.23225202897669292,0.039143838954127194,0.18812142150044125,0.05534872971665736,0.0029487786398411427,1.0,0.358549603554307
546,0.61,-0.29000000000000004,0.3228091730063891,0.0281965481141706,0.009691510023320124,0.2322368711414223,0.039136014743970146,0.19349402826781015,0.055388286973955765,0.0030030473950670915,1.0,0.3476898529133532
547,0.61,-0.29000000000000004,0.323054333973665,0.028417672359843594,0.009697998750392353,0.23222024438182284,0.039127434723182065,0.19825129388982804,0.05536323424241162,0.003051100583168282,1.0,0.3607215513320998
548,0.61,-0.29000000000000004,0.3233442542027605,0.028571439385995656,0.00974702142445142,0.2322005851316831,0.039117293093971585,0.19760356301676468,0.05532511449796984,0.0030576433192598313,1.0,0.35280816307546203
549,0.61,-0.29000000000000004,0.32373049930301856,0.028876027241032637,0.009795166240770007,0.23217439934259926,0.03910379011255941,0.19985763031710535,0.05524903815577646,0.0030804116758289288,1.0,0.3655007937165127
550,0.61,-0.29000000000000004,0.3240852213953714,0.02903257468985107,0.009867680070124712,0.23215035588269267,0.03909139737293388,0.2026747940783325,0.05513272274667624,0.003108867875437284,1.0,0.354422199100483
551,0.61,-0.29000000000000004,0.32452058328011063,0.029219649182843373,0.009894198102908773,0.23212085337320473,0.03907619809552344,0.2038547265964841,0.054990354585340934,0.003120786385721643,1.0,0.35858645282919843
552,0.61,-0.29000000000000004,0.32492809814573653,0.029347159488031967,0.009727712770550172,0.23209324472414392,0.03906198171399606,0.20205302205904274,0.05484369536167888,0.003138985421453374,1.0,0.35426278243477016
553,0.61,-0.29000000000000004,0.32513331961999525,0.02948353530173427,0.009559442443081814,0.23207934369887626,0.039054826364913954,0.20035753734891737,0.054691539574803195,0.0031561115296364585,1.0,0.3548391615959914
554,0.61,-0.29000000000000004,0.3252716446922876,0.029477884398992408,0.009760953343532018,0.23206997495447357,0.03905000493620405,0.19883199872298063,0.054532143858706604,0.0031715210107065264,1.0,0.3309143798187648
555,0.61,-0.29000000000000004,0.32550847129759064,0.02947433267364922,0.009795902554543769,0.23205393646634453,0.039041752922682145,0.19935885103006037,0.05434955685927022,0.00317684275118208,1.0,0.3367893304871805
556,0.61,-0.29000000000000004,0.3257297011839671,0.02948156785036065,0.009788361210756599,0.2320389562294468,0.039034047513063115,0.1983800928123486,0.054154776748791246,0.003186729197825633,1.0,0.33764463737276085
557,0.61,-0.29000000000000004,0.3259253829143839,0.0294674685323687,0.009752167173630102,0.23202570755797594,0.03902723447706506,0.2004713499974761,0.053925475288821315,0.003207853007776416,1.0,0.3334879218562854
558,0.61,-0.29000000000000004,0.3263910083278092,0.029519612613077697,0.00994665649796208,0.2319941883766344,0.039011032390940725,0.19790411352692905,0.053694480298349195,0.003233784689297093,1.0,0.3527423649651511
559,0.61,-0.29000000000000004,0.32683482579701284,0.029546028426614364,0.00995341585791297,0.2319641533918416,0.03899560165991732,0.19411147444075397,0.05347081180222196,0.0032720941750160335,1.0,0.3505615705429779
560,0.61,-0.29000000000000004,0.3272310472600192,0.02951176321284784,0.010007777438002229,0.23193734599776045,0.038981836066032095,0.19420940974386985,0.053224406168944506,0.0032730834205020524,1.0,0.34429035213622217
561,0.61,-0.29000000000000004,0.3277094020084496,0.02951543101634339,0.010081733122547105,0.23190498991720185,0.03896522992726268,0.19779572909618126,0.05293058838938605,0.003309308868505198,1.0,0.35161425870069807
562,0.61,-0.29000000000000004,0.32822835300762065,0.02954627480344778,0.010107330165897127,0.23186989809995562,0.03894723047805398,0.19338547838848932,0.05264586136395145,0.0033538568554515808,1.0,0.3556715899802343
563,0.61,-0.29000000000000004,0.3286371504795088,0.029466755453391613,0.010219762307052046,0.23184226241580233,0.03893306333114217,0.19528601590102446,0.05232455525151823,0.0033730542040630467,1.0,0.3431330132640602
564,0.61,-0.29000000000000004,0.3290522308103297,0.029364519315396975,0.010213744824283126,0.23181420873481245,0.038918688989192984,0.19477826014858174,0.05198358577916182,0.003378183050047317,1.0,0.3423535044154906
565,0.61,-0.29000000000000004,0.3295545177007774,0.029283691943358683,0.010280571051823582,0.23178027017555936,0.03890130884807028,0.19868737793743635,0.051594531997266435,0.0034176690883185755,1.0,0.3496989207354826
566,0.61,-0.29000000000000004,0.33003497753542327,0.029168103285563185,0.010265397644980075,0.23174781572630768,0.03888469848688241,0.18937151807104108,0.05124406481751891,0.0035117686829286288,1.0,0.34678659536181633
567,0.62,-0.28,0.33052506612935173,0.028975088216217814,0.010296085679932114,0.2372112541685369,0.04295552888854214,0.1948000752305323,0.05083010760846409,0.003566602593630561,1.0,0.3433349786388997
568,0.62,-0.28,0.3310426923487767,0.028792959567993267,0.010314642136066528,0.23717463193452162,0.04293578628842626,0.19361789470593851,0.050398188882358516,0.0035785438110507,1.0,0.34650224245121897
569,0.62,-0.28,0.33156915462059156,0.028580564053807017,0.010317201879543082,0.2371373961440797,0.04291572528177791,0.19426226499449276,0.049935915214626446,0.003585052601844177,1.0,0.3460556730351809
570,0.62,-0.28,0.332160864835372,0.028400356034610535,0.010381298865824071,0.23709555942919,0.042893200345794955,0.19045168306463917,0.049470782384346317,0.0036235433284083547,1.0,0.35277362214361196
571,0.62,-0.28,0.3327625817599688,0.02820592259715744,0.010375315584233944,0.23705303032838168,0.04287031871459131,0.19373892573308346,0.04895632923634762,0.0036567477998067813,1.0,0.3534019456586299
572,0.61,-0.29000000000000004,0.3331351523448257,0.027942235943361905,0.010582178419257312,0.23153862119981103,0.03877785998333312,0.19357213841459622,0.04841405231685245,0.0036584325201955412,0.0,0.3317079800770837
573,0.62,-0.28,0.33364215844910816,0.02767235385125171,0.010693702980044751,0.2369908896606617,0.042836914735875434,0.19754939827990098,0.04782130568227128,0.0036986068622693272,1.0,0.34393698710539766
574,0.63,-0.27,0.33398105747483947,0.02739612901846657,0.010734047842897476,0.24271858408323096,0.04732790365284242,0.19946036848341453,0.04719042230808416,0.0037179095915977466,1.0,0.3283143547606542
575,0.63,-0.27,0.3344382992282056,0.027307618301797242,0.010812806467849106,0.24268471399129463,0.047308746774720425,0.196371076678316,0.0465428666708871,0.0037491145593260148,1.0,0.3517771184464469
576,0.63,-0.27,0.3349306201133485,0.026950457371729394,0.010923396088994468,0.24264825598647585,0.04728813753097313,0.19823332564010027,0.045854621173535386,0.0037679251548995932,1.0,0.33961937180854984
577,0.63,-0.27,0.3355058975251137,0.026579119929088773,0.010992398639124705,0.24260566864969688,0.0472640783484025,0.2001889498999881,0.045125516780331845,0.003787678935302501,1.0,0.34670565032626577
578,0.63,-0.27,0.3359340612001776,0.026166933256090544,0.0110143473368409,0.24257398173005232,0.0472461876239757,0.2040394136025764,0.04435046431879437,0.0038265725080559184,1.0,0.3317392506013297
579,0.62,-0.28,0.33630303622689506,0.025941001471643566,0.010952131106832763,0.23680310115533734,0.042736177882760774,0.20193708202573882,0.04354600732854463,0.0038478081805492273,0.0,0.3386138644177086
580,0.63,-0.27,0.33678185015408785,0.025495679402986846,0.010815912739412738,0.2425112642026656,0.04721080288036069,0.20491921855087653,0.042696888046534036,0.0038779307717122344,1.0,0.33656373387805805
581,0.64,-0.26,0.3372815266327557,0.02534176315947544,0.010837756465628205,0.24849979621691978,0.05215298507497591,0.2050498177220425,0.0418086830496532,0.0038792499552593655,1.0,0.3541857379397859
582,0.65,-0.25,0.3377318513799439,0.024871253879412844,0.011042816944057733,0.2547956052379693,0.05761505205021021,0.20794929263752654,0.04087553551689179,0.003908537580668295,1.0,0.3337910896254399
583,0.66,-0.24,0.33826517946600665,0.024384442058454768,0.011066642865451465,0.26141158546247734,0.06364451922002638,0.2102133013853428,0.039898434512492455,0.003931406355898763,1.0,0.3421850844627097
584,0.67,-0.22999999999999998,0.33868200559083694,0.023992494159157548,0.011092353702400339,0.268390856720414,0.07031221471416142,0.21646118034360584,0.03888168484310133,0.0039945162443660665,1.0,0.33657011695875494
585,0.67,-0.22999999999999998,0.33930312938715623,0.02357152197253762,0.011195670187551153,0.2683346034717987,0.07027371972176309,0.21538302439852147,0.037817210439256316,0.0040054067084578275,0.0,0.35393028946164695
586,0.67,-0.22999999999999998,0.3396466145520911,0.023228760142446268,0.011340174890999062,0.26830350521436447,0.07025244985591675,0.22154292642978568,0.03671959370890899,0.00406762794109686,0.0,0.33329826679616503
587,0.67,-0.22999999999999998,0.3400909530044395,0.022744963024621864,0.011375538937000993,0.268263286653389,0.0702249538771023,0.22073865613341181,0.03556774418454529,0.004075751883484474,0.0,0.33705753851338094
588,0.66,-0.24,0.34055429060173514,0.022244985916811566,0.011396314523099735,0.26121501652475165,0.06351624349101516,0.22062161486130438,0.03435856498069976,0.004076934118556266,0.0,0.339215684171128
589,0.66,-0.24,0.341184168554597,0.021775890868583177,0.011557668198916966,0.2611609799417819,0.06348103746330834,0.22365480071166505,0.03310111653299692,0.004106469464899598,0.0,0.3559710823617035
590,0.66,-0.24,0.34159637749913796,0.021258354746407606,0.011654299170344268,0.261125629060756,0.06345801881939571,0.22708825655107617,0.03180074029638574,0.004140077720598833,0.0,0.3349855658142995
591,0.65,-0.25,0.3420731915569651,0.020969056420150244,0.011736991013922749,0.25444166574670823,0.05739511623247018,0.23284380843498526,0.030472332088783975,0.003994264833817725,0.0,0.35286512751900845
592,0.65,-0.25,0.34249258953232536,0.020446066946152343,0.011847259411946089,0.25440752527204386,0.057373958100199365,0.22711598360329666,0.029608798457754402,0.0040182839778364985,0.0,0.33743045008188055
593,0.66,-0.24,0.3430407552695412,0.01978147342112598,0.01193098528258036,0.2610018352597076,0.06337749318395115,0.20450491492896472,0.028698702447017697,0.004216820194039044,1.0,0.34578912023463415
594,0.67,-0.22999999999999998,0.3436182900761444,0.01908575432099445,0.01183699416914229,0.267944442836175,0.07000744099715425,0.19021320634158415,0.02768579927880412,0.004347399535719438,1.0,0.3487958361333203
595,0.68,-0.21999999999999997,0.34421188836742095,0.018744283184549525,0.011974365147025481,0.27526495729344685,0.07732988027671998,0.19677970959202423,0.026544412123301876,0.00433164307397207,1.0,0.3627140207297257
596,0.69,-0.21000000000000008,0.3446591009785698,0.018299965767840976,0.011962778043859345,0.28301145891254315,0.08542920423276665,0.20173762994796746,0.02556361469195133,0.004355844192352337,1.0,0.348393910502913
597,0.69,-0.21000000000000008,0.34497510360953576,0.01812860655339374,0.011946411894568146,0.28297963343418553,0.08540552724273182,0.1882091483111357,0.024625413423685318,0.0044844631991719855,0.0,0.3507401459248911
598,0.69,-0.21000000000000008,0.3453484205514913,0.01789392637754593,0.011785471997886635,0.2829420448983604,0.0853775727937864,0.1895285852983491,0.02363963170192752,0.0042937100073267235,0.0,0.3525050928220337
599,0.69,-0.21000000000000008,0.34588593919382227,0.017243289247764124,0.011667051122347423,0.28288794075872986,0.08533735484042597,0.17738591441671817,0.023198477491015418,0.004306268287672654,0.0,0.35122726619096856
600,0.69,-0.21000000000000008,0.34632320201921807,0.01689063604389019,0.011671456189215394,0.2828439431659309,0.08530466611591332,0.15072000890638518,0.02333300097223787,0.004546044058644896,0.0,0.35420317780689836
601,0.68,-0.21999999999999997,0.3468510651727702,0.016664823807151435,0.011591911506618556,0.27501371149857556,0.07715117750674162,0.14062387655075217,0.02370240216675796,0.004639157977995803,0.0,0.3658030206185372
602,0.67,-0.22999999999999998,0.3473470769407051,0.01696549549834526,0.011573550722440701,0.2676082125785521,0.06977896601972138,0.12313769424559501,0.024473897289014036,0.004769865285998455,0.0,0.38209264844552693
603,0.67,-0.22999999999999998,0.3476772842117931,0.016638914412382542,0.011872801889049772,0.2675784779655655,0.06975880499767968,0.12305954864487648,0.025093666939958348,0.004711165541927586,0.0,0.34740485330025206
604,0.67,-0.22999999999999998,0.3481993067063861,0.016563726673253048,0.012041871210892232,0.2675314841901024,0.06972695632713768,0.12689436326257764,0.02542579604342837,0.00472792338964398,0.0,0.37164830530172255
605,0.68,-0.21999999999999997,0.349006013934921,0.016741666086540985,0.012232164436993643,0.2748089033948166,0.0770058739438924,0.13417952499396113,0.02547568281325536,0.004768020441894998,1.0,0.39261118955684005
606,0.69,-0.21000000000000008,0.34959162758548845,0.01653209335620091,0.01234846029291992,0.2825155056092524,0.08506111735546584,0.13171373200445605,0.025452461481825714,0.004770173803254194,1.0,0.3726256866311817
607,0.7,-0.20000000000000007,0.3500479536411969,0.01640833131650513,0.012298042106164505,0.29068055625833267,0.09396961579247365,0.132919333854206,0.025399405035516277,0.004770361013181773,1.0,0.3681691403342431
608,0.71,-0.19000000000000006,0.35081769253164485,0.016461850210244777,0.012482342150215476,0.29929630356597453,0.10378273241684333,0.1358675334144987,0.025199998966013496,0.004792858743153609,1.0,0.39006247702247143
609,0.72,-0.18000000000000005,0.35170964394420606,0.01699872444242364,0.012605572723683714,0.30842377129966336,0.11460845711765823,0.1356442892542214,0.024932024787735322,0.0046588170811700195,1.0,0.40593136156097276
610,0.73,-0.17000000000000004,0.3523976532638512,0.016812084450072196,0.012835695170044119,0.3181514186316475,0.12658599706441073,0.13913689781899408,0.024857903640299273,0.0046586326313449,1.0,0.38186809450420633
611,0.74,-0.16000000000000003,0.35300293667897764,0.016424174799282373,0.012830612572769738,0.32852389480630867,0.1398254135778148,0.1338132818165872,0.02477131479062158,0.00464246501385725,1.0,0.37231435918526623
612,0.75,-0.15000000000000002,0.35389869151305997,0.01604154757548259,0.01272665261688591,0.33955337685967274,0.1544105191656835,0.13543306539440741,0.024756257262076097,0.004203258022983135,1.0,0.3913045886317381
613,0.76,-0.14,0.354499612341269,0.0162964349143472,0.012621758626999281,0.3513949442168349,0.1705608202944025,0.136121941494771,0.025208165493655173,0.003965174504443331,1.0,0.3911034531233957
614,0.76,-0.14,0.3552751014550054,0.016500390727199218,0.01233987253801733,0.3512745673698587,0.1704458518290297,0.13669375709659187,0.02557625582081037,0.003928267191744359,1.0,0.3979746411690124
615,0.76,-0.14,0.3557516578508374,0.01716619578664718,0.01223043568223446,0.3512006338567649,0.1703752778454072,0.1360952599946435,0.025914429060611435,0.003909402189607845,1.0,0.4028592802333937
616,0.76,-0.14,0.35601517726355814,0.017593996737733746,0.012248915632473701,0.3511597645100242,0.17033627793039227,0.13666949752157553,0.026254875788318567,0.0038885367922563167,1.0,0.39727446970915037
617,0.76,-0.14,0.3561198428132709,0.017690893876373237,0.01240923440365175,0.35114353452100455,0.1703207927632193,0.13511667130816715,0.026595396057117148,0.0038561141620837803,1.0,0.37763378795780045
618,0.76,-0.14,0.3567514077354352,0.019017088971641876,0.0126746340090195,0.3510456325820273,0.1702274130606259,0.13706330252147605,0.026929148478873875,0.003827500946957406,1.0,0.426554601798228
619,0.76,-0.14,0.3566041124958911,0.018845905132194876,0.012908392365205149,0.3510684606492175,0.1702491821649745,0.13563624562539608,0.02724700571206858,0.003798408449377201,1.0,0.3713148385364131
620,0.76,-0.14,0.3569392148832265,0.019091992597496922,0.013057532104646493,0.3510165302157627,0.17019966468064512,0.1360621662206032,0.027580874105974887,0.003802683386434548,1.0,0.38745691522492476
621,0.76,-0.14,0.3570544283461535,0.019116644939276596,0.013221957418556966,0.35099867926618333,0.1701826464455129,0.1358593601237626,0.027911002743394954,0.0037601097189169583,1.0,0.3668452652678984
622,0.76,-0.14,0.3578296943586575,0.02071195074653616,0.01376787137862116,0.35087860825698974,0.1700682199754524,0.1347667714003987,0.028273259939403904,0.0037094416008645933,1.0,0.4371840641055038
623,0.76,-0.14,0.357955084196602,0.020858711421290154,0.014068167767219565,0.3508591959505483,0.17004972734190596,0.13364590149934755,0.0286618600928993,0.0036759277024020092,1.0,0.3884897634407971
624,0.76,-0.14,0.3582545336541037,0.021056654044109016,0.014044052367003193,0.3508128451837605,0.17000558046714773,0.1312277902242904,0.02908229191955855,0.0036453737066900267,1.0,0.3869307672030371
625,0.76,-0.14,0.358503021407828,0.02123267070727856,0.01390927852982466,0.35077439190296356,0.1699689641120056,0.13473644499813012,0.029428693283156327,0.003670119003135706,1.0,0.38578101768449247
626,0.76,-0.14,0.3587209349205399,0.021219566611959808,0.014031867796921088,0.3507406768986549,0.16993686605748679,0.13179469090751297,0.029809443535619096,0.0036796122109064144,1.0,0.3682312341840248
627,0.76,-0.14,0.35916164014311364,0.021304970781718786,0.013953546492534134,0.3506725119520128,0.16987198844058227,0.1329346169374533,0.030164704226754654,0.0036446341320031743,1.0,0.3850969591122908
628,0.76,-0.14,0.35986639961344724,0.022632133621145942,0.014419863659882926,0.3505635601400452,0.16976834144605632,0.13024044390893605,0.030551876117025575,0.00366653201867538,1.0,0.4361219179508593
629,0.77,-0.13,0.35994426735851065,0.022681945190976063,0.014994109084220648,0.3632865933638331,0.187610386165164,0.13335016324558507,0.030879911836696763,0.0036589720504788866,1.0,0.37829230469486985
630,0.78,-0.12,0.35993004182599625,0.022675147851611083,0.014929130907282847,0.37698438049936017,0.20734409615453514,0.13297374979076254,0.031197634945835145,0.0036599315014269537,1.0,0.37006229318365325
631,0.79,-0.10999999999999999,0.3604956009338987,0.02328760647900437,0.015307521111826776,0.39164373057691965,0.22903852611599712,0.1313460978988648,0.03152772705516393,0.003612002855257625,1.0,0.4133779061972691
632,0.8,-0.09999999999999998,0.36073861836429366,0.023313688663823693,0.015504205251381806,0.407556651330381,0.2530735022577418,0.13478996535185978,0.03180632940297151,0.0036347459456646594,1.0,0.37526875568275186
633,0.8,-0.09999999999999998,0.3606793971003403,0.023298609362537664,0.015313930007537953,0.40756902196177686,0.25308646846015537,0.1333909649247847,0.032094699786712415,0.0036086814771606867,1.0,0.3636823069464934
634,0.81,-0.08999999999999997,0.36109885808055536,0.023285366708316685,0.015358192103837456,0.42479085563425933,0.27960233863602035,0.13122168750238403,0.032404074773947404,0.0035891481805206274,1.0,0.381126833486533
635,0.82,-0.08000000000000007,0.3615472412684903,0.023540829421052793,0.015185340789584941,0.4435251639844783,0.308888593904669,0.13440089603249467,0.032659669473780045,0.0035730068662347247,1.0,0.39708163326490964
636,0.82,-0.08000000000000007,0.3614365815885541,0.023454716261591454,0.015009708682765199,0.4435525404758809,0.3089181464797411,0.13776788134365742,0.03287303700181106,0.0035989567892884444,1.0,0.37424442636718025
637,0.82,-0.08000000000000007,0.3617987148584805,0.023479015364878675,0.014928673711564658,0.4434629636036494,0.30882145684017237,0.134212281485724,0.03312230241276421,0.003629011015009701,1.0,0.38129893588054586
638,0.82,-0.08000000000000007,0.3618123141790208,0.023478457595949374,0.014802774599112042,0.4434596003961054,0.30881782699862054,0.13819766602076392,0.03331945047495269,0.0036653744518553074,1.0,0.3615225126041628
639,0.82,-0.08000000000000007,0.36161452183365594,0.023302571041806462,0.014479706924318799,0.44350852085829107,0.30887062884176064,0.13341997759626392,0.033565833072366005,0.0036140579636940525,1.0,0.3726237814228408
640,0.82,-0.08000000000000007,0.3619332560586803,0.02335013408384217,0.014499030684771647,0.44342969286327716,0.30878554973772976,0.1288965042779287,0.0338481944611956,0.0036276069115452644,1.0,0.38119146983854146
641,0.82,-0.08000000000000007,0.362315562198391,0.02334447348297905,0.014366149753650906,0.4433351794864423,0.3086835633115625,0.13243340570315945,0.03406483468098895,0.003635697050612354,1.0,0.380894025176308
642,0.82,-0.08000000000000007,0.36292644250889255,0.023965275817253474,0.014707741338620586,0.44318424180519367,0.3085207407341604,0.13276958267709044,0.03427788050782957,0.0036067939091011807,1.0,0.41720409909858036
643,0.82,-0.08000000000000007,0.36314821894690164,0.02402682951469836,0.014862434447533348,0.44312947021005533,0.3084616714640894,0.12747329907237218,0.034533486768436907,0.003617855617359592,1.0,0.3807862188596087
644,0.82,-0.08000000000000007,0.3634549392311189,0.023892923501032483,0.014777228254438233,0.44305374254209573,0.30838001500224327,0.13396826429882636,0.03468019475342756,0.0036551892157499224,1.0,0.3681773410238143
645,0.82,-0.08000000000000007,0.36354613673268593,0.02389143081012438,0.014672664988497196,0.4430312313375241,0.3083557443282678,0.13242890324039175,0.03484873448779022,0.003616469562124324,1.0,0.36766935371102316
646,0.82,-0.08000000000000007,0.3638803920173327,0.02390107331832888,0.014676850132418992,0.44294874326784617,0.30826682058501037,0.13286896607749332,0.03497086558326312,0.0035728614531857746,1.0,0.3811153813780277
647,0.82,-0.08000000000000007,0.36408542034366564,0.02396096047690348,0.014598017953941486,0.44289816123730824,0.30821230116273923,0.1314613014838245,0.03506091130170615,0.0035805375513737084,1.0,0.3812243839653924
648,0.82,-0.08000000000000007,0.3641707137971164,0.023935832905645223,0.014670687094383841,0.4428771221030828,0.30818962631859886,0.13271169112834938,0.035130453522462725,0.0035703993932341554,1.0,0.36133750842054857
649,0.82,-0.08000000000000007,0.36419866342841567,0.023939001323796845,0.014629067435897649,0.44287022826851447,0.30818219677264325,0.13508792232332992,0.035145156048166926,0.0035659455289286336,1.0,0.3682957568464451
650,0.82,-0.08000000000000007,0.36470332801857097,0.024257412519916585,0.014956629532269916,0.44274578861298514,0.3080481088833855,0.12854696443803118,0.03518657779733506,0.003620097300313958,1.0,0.40488865811601515
651,0.82,-0.08000000000000007,0.36500338105411495,0.024365230120274875,0.015077571262956746,0.4426718349999774,0.30796844097530635,0.1340576694821509,0.03514489859665945,0.003657561951896568,1.0,0.3885917563835908
652,0.82,-0.08000000000000007,0.3650925259731503,0.02434206716915629,0.015328461191078644,0.44264986834812636,0.30794477980163854,0.13401232704350022,0.03510876226638341,0.003640893848144298,1.0,0.3631772743383017
653,0.82,-0.08000000000000007,0.3653012978186186,0.02434276050746349,0.015213454019637179,0.44259843234869867,0.30788938103262914,0.13289473617430525,0.035086916017106576,0.0036367731637327646,1.0,0.37571634614282323
654,0.82,-0.08000000000000007,0.36567771214456374,0.024097917311172952,0.015226439707123368,0.4425057237643085,0.30778954775049616,0.1326186191194891,0.03506985010142585,0.003634240484416971,1.0,0.36855581241327484
655,0.82,-0.08000000000000007,0.36612319663903875,0.023971194246123727,0.015346911026677153,0.4423960537825054,0.3076714791740664,0.13436809467527075,0.035019810053878414,0.003642025508033838,1.0,0.38133777993468
656,0.82,-0.08000000000000007,0.36673455803245825,0.024016645952696866,0.015481115887925168,0.4422456364603024,0.3075095949424467,0.13204382669471795,0.0349875281256948,0.0036443791524320736,1.0,0.3987807767147089
657,0.82,-0.08000000000000007,0.3670354780006955,0.023785601932976987,0.015642190786165855,0.442171636670392,0.3074299759794064,0.13302393934258439,0.034912109673578655,0.003628347598667623,1.0,0.36357991868001505
658,0.82,-0.08000000000000007,0.36711701773837574,0.02375041410359425,0.015647269427829107,0.4421515893457484,0.30740840887247994,0.13518690402271388,0.03483375641545601,0.0036118862410308,1.0,0.36089633873317983
659,0.82,-0.08000000000000007,0.3674510378447785,0.023750112406920397,0.01581692623634747,0.4420694862786522,0.30732009276160255,0.13901136782123205,0.03475518336090224,0.0036495279430045604,1.0,0.38396358118325336
660,0.82,-0.08000000000000007,0.36784722267406655,0.02369082721626493,0.01574350037325404,0.44197214247347577,0.3072154058434752,0.13730545153377238,0.034677854726980824,0.0036305339726525215,1.0,0.38390883506502727
661,0.82,-0.08000000000000007,0.3682109854578707,0.02371803977539966,0.015743746542310037,0.4418828026061794,0.3071193488342034,0.14025255235182807,0.03453557630114744,0.0036157546808380154,1.0,0.3879905370811072
662,0.82,-0.08000000000000007,0.36827028221789126,0.023694016422035846,0.015883652546175107,0.4418682427898783,0.3071036963305626,0.14580023990418234,0.0344023412483964,0.0036525945802301273,1.0,0.36160126598229114
663,0.82,-0.08000000000000007,0.36856181427005086,0.02356191583480236,0.01598370753253023,0.44179667352062796,0.3070267641191847,0.14924903414281107,0.034230707017516765,0.003682302039686551,1.0,0.3722862184800182
664,0.82,-0.08000000000000007,0.36886718049982453,0.02341771161242251,0.01591561149811451,0.44172173290478006,0.3069462225358629,0.14068955281956433,0.03409199407124271,0.003729275408720815,1.0,0.37289012739285377
665,0.82,-0.08000000000000007,0.3691339043688403,0.023349667512777773,0.015921357506907798,0.4416562963964262,0.306875907598115,0.1436507927505158,0.033885674465204796,0.0036650873285648173,1.0,0.3763713076370554
666,0.82,-0.08000000000000007,0.36970500326424294,0.0234940666310387,0.01616452478511092,0.44151625143699696,0.30672546023917524,0.1458913248413955,0.033761024406062566,0.0036328850551444994,1.0,0.4038964849020812
667,0.82,-0.08000000000000007,0.37005356679591794,0.023358426018503804,0.01639218023241756,0.44143082027080355,0.3066337089241478,0.1482090043828782,0.033566986779902906,0.003644354742183781,1.0,0.37819133180640474
668,0.82,-0.08000000000000007,0.37034376217945353,0.023244014661023264,0.016414634591867983,0.4413597200599655,0.30655736354166874,0.15054150860335286,0.0333733753327013,0.0036614066000819666,1.0,0.3755217808047746
669,0.82,-0.08000000000000007,0.3707815821968644,0.02319468785594546,0.01649138150967679,0.4412524939565004,0.3064422525912413,0.15242774893451544,0.03316295393366172,0.003641968806155795,1.0,0.3898376747762775
670,0.82,-0.08000000000000007,0.37104740525823243,0.02313904083339668,0.016590911034735794,0.44118741688704916,0.306372404977357,0.15464209284832797,0.03298622077497258,0.003631131444997899,1.0,0.3793559282804182
671,0.82,-0.08000000000000007,0.3712939544017537,0.023080990583679305,0.016384901970979367,0.44112707548843844,0.30630765022974615,0.15289871760086582,0.03276910290443355,0.003647056575593605,1.0,0.37805686001075833
672,0.83,-0.07000000000000006,0.3718656944436033,0.02279973977833449,0.016370721336867945,0.46133133070038446,0.33835646615057147,0.16259430802441116,0.03255473517592946,0.0037048174903233076,1.0,0.3888819842620417
673,0.83,-0.07000000000000006,0.3719876565440792,0.022682333367182006,0.016543712799133765,0.461298691079205,0.3383211104332817,0.16288608592184972,0.03228674864505123,0.0036884620124841665,1.0,0.3561331971529822
674,0.82,-0.08000000000000007,0.37253041843883145,0.022276541380855594,0.016573961116276247,0.44082470724733164,0.3059833123285693,0.1610771651009407,0.03198238850685511,0.003675528972239828,0.0,0.3825905442358808
675,0.81,-0.08999999999999997,0.37280179114072204,0.02218718569126379,0.016488288479533653,0.42215170928438944,0.27680082349569873,0.1615017858443118,0.03171398283819944,0.0036610074750841395,0.0,0.37891438863550064
676,0.8,-0.09999999999999998,0.3732443241122065,0.02196110851702703,0.01646679354825868,0.4049610707930338,0.25036488388764405,0.14556620961298813,0.031415042984788186,0.0038022191111592493,0.0,0.38387266895699423
677,0.79,-0.10999999999999999,0.3734650299083235,0.021803628203593314,0.016468107076481758,0.3891579489056062,0.22649673236152923,0.14116756947292025,0.03108920990653763,0.0038077562468913652,0.0,0.3687762299379733
678,0.78,-0.12,0.3741241153938033,0.02152676162030021,0.016690298545117735,0.37446457978479264,0.20482720299488208,0.14165102142337826,0.03068468477984787,0.003791403927432986,0.0,0.3976477991493139
679,0.78,-0.12,0.37454801007948013,0.02123876729604516,0.01683771607667599,0.3743898458550172,0.20475297730340672,0.1376911253035131,0.03031332906307411,0.0038012802869756878,0.0,0.3810033329853961
680,0.77,-0.13,0.3749791607843239,0.02089819474116247,0.016673095112648063,0.3608083080912329,0.18519989340169887,0.13609419425220026,0.029879127029704997,0.0038160917201084847,0.0,0.37967880436243306
681,0.76,-0.14,0.3752584478611917,0.02080485522011934,0.01649169100102975,0.348200808875756,0.16753580744690366,0.13145095961216557,0.029446336771153124,0.0038337054546999055,0.0,0.38211444562656594
682,0.75,-0.15000000000000002,0.37576526358601514,0.02040192976172833,0.016430723542887705,0.3364122490910755,0.15152705514459716,0.1307400735847527,0.02893609504869977,0.0038180173464130024,0.0,0.3844726621077732
683,0.74,-0.16000000000000003,0.3763240538552961,0.020239135190816226,0.01651129406590877,0.32538884806468654,0.13704195211485276,0.12592473907444146,0.02838249987860522,0.003803547200474095,0.0,0.39806411139081344
684,0.74,-0.16000000000000003,0.3769379633946572,0.019953033815076338,0.016336979601192205,0.3253071285707884,0.1369701759672888,0.13263729210766934,0.027599579914149245,0.0038604603023745343,1.0,0.3979610708948613
685,0.75,-0.15000000000000002,0.37753547197994264,0.020148787245395847,0.016287363989372465,0.3361604999954488,0.15129832917596162,0.1349472851087691,0.026783704619051822,0.0038215723323728732,1.0,0.4136811479901892
686,0.76,-0.14,0.3782379327044947,0.0198160411014259,0.016351783555247218,0.34774711852978446,0.16711041511396166,0.13550926127019092,0.0257428368747155,0.003819124916868307,1.0,0.4035443392513729
687,0.76,-0.14,0.3787012312391574,0.01938473007426437,0.01653358963215606,0.34767667760201393,0.16704446222197175,0.1307832417339154,0.02467630299000633,0.0038656802528700047,0.0,0.3833873919796502
688,0.77,-0.13,0.3793920410293765,0.019195269040536436,0.0166159519859218,0.36008731428387236,0.18450410565338232,0.13327653213624424,0.02351770498637335,0.003860226763495946,1.0,0.4082966631930336
689,0.78,-0.12,0.37977454996311677,0.01910565091900835,0.01654614563147632,0.3734708362168643,0.20384218995147438,0.13786706786023437,0.02214080069332164,0.003871914439097755,1.0,0.3942219757357319
690,0.78,-0.12,0.38039256631649243,0.018640754405866638,0.01639145536593519,0.3733624653970765,0.20373502860340087,0.140301870076553,0.020494517974603266,0.003838371513162498,0.0,0.39678720115186894
691,0.78,-0.12,0.3807815933579245,0.01846734281184584,0.01628625023515265,0.3732942807143615,0.20366763077144343,0.14332871937681765,0.018389911940444852,0.0038110889320370025,0.0,0.3917678316622124
692,0.79,-0.10999999999999999,0.3813929835206325,0.018028860768849318,0.016270522604220506,0.38765391984495395,0.22497058053012658,0.1406056906321831,0.01627536650353862,0.0036101996398178377,1.0,0.39856946635268375
693,0.79,-0.10999999999999999,0.3820464340900529,0.017910384087669966,0.016367068007506445,0.3875304707761597,0.22484570652514274,0.14176233785018355,0.01497496417213768,0.0034775222522483414,1.0,0.4111341771766779
694,0.79,-0.10999999999999999,0.382713112679331,0.0179010756238206,0.016270212788193728,0.3874046036886965,0.22471844743776434,0.1425333366967308,0.014116931013057585,0.003418981803724171,1.0,0.41546369506112435
695,0.79,-0.10999999999999999,0.38296036608104134,0.017793569391201535,0.016408639292573097,0.387357943707319,0.22467128703058267,0.13886304276457334,0.012910371759655757,0.0034059754762111837,1.0,0.3874393609007545
696,0.79,-0.10999999999999999,0.3835573581621514,0.0176244961948148,0.016593563760160916,0.3872453297376662,0.22455750002198432,0.14844330498768632,0.011328263485337355,0.0033660944720322063,1.0,0.4080931186139267
697,0.8,-0.09999999999999998,0.38413382051272094,0.017483868760402175,0.016578698259865614,0.4027277164513055,0.2480531097008096,0.14532614640362368,0.010207773041087926,0.0033842532760407842,1.0,0.40838638098183466
698,0.81,-0.08999999999999997,0.38495597403904797,0.017905195684131736,0.016831791571399416,0.4194452924520124,0.2739501026708354,0.154694185100759,0.00897792498504872,0.003356226688318607,1.0,0.434720445454746
699,0.82,-0.08000000000000007,0.3855231100984936,0.017725156903429,0.017072232598705227,0.43767232273324247,0.3026162608083923,0.15332918296060583,0.008210715983334319,0.0031006620078117392,1.0,0.40794087213554064
700,0.83,-0.07000000000000006,0.3860513968429698,0.017570400640583794,0.01696424448829502,0.4575656606810895,0.33429311887244406,0.16525743217638214,0.008558987137077234,0.0031191682387222788,1.0,0.40703185225451244
701,0.84,-0.06000000000000005,0.3863999871403598,0.017510916824631403,0.016864044226375666,0.47940544719641054,0.3693420390749454,0.1697273104448064,0.009120532356099756,0.002987690420169421,1.0,0.40066205035753866
702,0.84,-0.06000000000000005,0.3867209583775439,0.017721917936676736,0.01665030611184154,0.4793126973804848,0.3692417375869917,0.17308811806081933,0.009631863018872644,0.0030208486223441107,0.0,0.4141897721639347
703,0.84,-0.06000000000000005,0.3872273288206391,0.01730994049080398,0.016568532602272798,0.4791664464214144,0.369083610734806,0.17239812836968502,0.010068522391536324,0.002989082713994952,0.0,0.3980418976097695
704,0.85,-0.050000000000000044,0.38763439414946144,0.017417094911128302,0.01650136145398055,0.5031524043468667,0.40776009612567377,0.17370544517435194,0.0105590635559435,0.0029287004420079157,1.0,0.41235483818395435
705,0.85,-0.050000000000000044,0.38765686107972946,0.01742494744056966,0.01647622461231031,0.5031452517835646,0.4077523512006637,0.16903480229895768,0.010938682955442022,0.002950971652976493,1.0,0.3948578825836495
706,0.85,-0.050000000000000044,0.38779753258136124,0.017359692860487042,0.016513684203142108,0.5031004722805873,0.4077038648264979,0.17203605496211155,0.011358193888426913,0.002969109539980572,1.0,0.38669283679436295
707,0.85,-0.050000000000000044,0.38824724420164825,0.01742775136525025,0.016559685504963905,0.5029573704948388,0.40754893644465084,0.16952956471151925,0.011693730293385825,0.002964647829781579,1.0,0.4131403023629492
708,0.85,-0.050000000000000044,0.38846709015846154,0.017587198556610065,0.0164104364657787,0.5028874433987405,0.40747324102108334,0.17639372630979955,0.012205302025459497,0.003031727803902821,1.0,0.41204707270378305
709,0.84,-0.06000000000000005,0.3882634475364084,0.017501490635442103,0.016434847640438784,0.47886747044302297,0.3687604784287696,0.1812498967667986,0.012823724324318737,0.003045501156349552,0.0,0.3855670993556686
710,0.83,-0.07000000000000006,0.3885486405243777,0.017626869369800735,0.01658905530333294,0.45690910856594086,0.33358789043531434,0.18430022274771896,0.01350264297467572,0.0030225386308799914,0.0,0.4103873933011304
711,0.82,-0.08000000000000007,0.38856783297588565,0.017610219735556352,0.016762424591399584,0.4369400990042667,0.3018379116754241,0.18836991705563932,0.014236717015069043,0.003047285203911306,0.0,0.374233604336061
712,0.82,-0.08000000000000007,0.38880427915164967,0.017803055989395234,0.017171661625376717,0.436883338699164,0.30177763437985333,0.19219780341742868,0.015044316250986975,0.003078992378269142,1.0,0.4149492062081397
713,0.81,-0.08999999999999997,0.3889113884060935,0.01784872810672528,0.017234930712192356,0.4185719943416809,0.27303499573873075,0.17669409781798823,0.015389203743737517,0.0032298195499622694,0.0,0.4018143785677746
714,0.81,-0.08999999999999997,0.3891132374093273,0.018062930855507562,0.017350693579467447,0.41852752652105824,0.2729884607846222,0.1863266053490153,0.015946308160678022,0.003321072180559024,1.0,0.41815954149238954
715,0.8,-0.09999999999999998,0.3889707565233602,0.01801005701974174,0.017592749532310426,0.40174357880001865,0.24703989464370965,0.1817733573365628,0.016357332508586404,0.003361264205665291,0.0,0.388611191636691
716,0.79,-0.10999999999999999,0.3890701800795647,0.018082918529731894,0.01758229450141706,0.3862085010067691,0.2235121741887591,0.16542679759648563,0.01646729088260763,0.003510695857449824,0.0,0.40721682532959735
717,0.79,-0.10999999999999999,0.39008310993350037,0.02013454937564893,0.01781248777597609,0.386018596850523,0.22332116273645447,0.16805582862803903,0.016596901757811883,0.003517588784906839,1.0,0.47892677335136935
718,0.79,-0.10999999999999999,0.3901051649660105,0.020175653507617252,0.017761244392544902,0.38601446404898954,0.22331700737933427,0.17576806409272855,0.016850931541336697,0.003581075437115017,1.0,0.42876010504924245
719,0.79,-0.10999999999999999,0.39092256707669504,0.02103532658020847,0.017843596593222835,0.3858613568322148,0.22316311081208434,0.17678241416461124,0.01710228714936363,0.0035870191692026496,1.0,0.45305504960486953
720,0.79,-0.10999999999999999,0.39180840301065467,0.0226722471610943,0.01786757446250551,0.3856955683821905,0.22299656916575894,0.18145496960718577,0.017430573424890076,0.0036321681524928906,1.0,0.4760405086208809
721,0.79,-0.10999999999999999,0.3925956325354384,0.02315341563038799,0.017464882462879312,0.38554835410939464,0.22284877449401422,0.18314355129973386,0.017773526426952246,0.0036381882834947508,1.0,0.44556821774626876
722,0.79,-0.10999999999999999,0.3924186632188908,0.02287792784743976,0.0172364661460189,0.3855814381075365,0.2228819816862426,0.18118535354788878,0.018052686379042546,0.003646646140573478,1.0,0.419487132450743
723,0.79,-0.10999999999999999,0.3928992257472179,0.023291339862499184,0.01739303066707968,0.38549161129354287,0.22279183015714873,0.1892511274850542,0.018470909208005933,0.003703693238170531,1.0,0.4365460162735202
724,0.79,-0.10999999999999999,0.3937339114727537,0.024525420772553354,0.017723369798034745,0.38533569116045047,0.22263541981058904,0.19394959497996994,0.01894973762834442,0.0037157115484844298,1.0,0.4703993397566162
725,0.79,-0.10999999999999999,0.39413409784657033,0.024718125917288027,0.01799660112318621,0.3852609806675972,0.22256050742445307,0.19795682856512342,0.019521998338839257,0.0037264739676211617,1.0,0.4257996550661538
726,0.79,-0.10999999999999999,0.394632716172125,0.024693478229549645,0.017904084591856887,0.3851679345132452,0.22246723970086435,0.20281390130791108,0.02015557070196792,0.0037640209041145682,1.0,0.41809306673949065
727,0.79,-0.10999999999999999,0.3950215071615662,0.02484587931915697,0.01744810512194127,0.38509541419442855,0.22239456965939375,0.2016411991958047,0.020726420697716078,0.0037486525110195087,1.0,0.42397605805641314
728,0.79,-0.10999999999999999,0.3950698877195109,0.024930430560139,0.017035522318233447,0.38508639178703596,0.22238553003160327,0.2022302755156618,0.021248738558798733,0.003723191470445854,1.0,0.440959973745328
729,0.79,-0.10999999999999999,0.3955771028344117,0.025099325302013836,0.017073059147012827,0.38499182755257005,0.22229080403543286,0.22138954368613759,0.022282677547982584,0.003912917275654473,1.0,0.4290138161849528
730,0.79,-0.10999999999999999,0.39612920787168393,0.025139204402602148,0.01667331577590645,0.3848889469021257,0.22218778621432334,0.22420960668126072,0.02331854519241124,0.003924961832252709,1.0,0.4252727969108683
731,0.79,-0.10999999999999999,0.39606617216870094,0.025103752843589473,0.016472197700122444,0.3849006903539839,0.2221995432792416,0.23013806225140687,0.024439211070982715,0.003950058681920902,1.0,0.4070743358989677
732,0.79,-0.10999999999999999,0.39670517659869087,0.025378011423108398,0.016679353397562012,0.384781678016506,0.22208041735921166,0.21887076852024365,0.025193454591855746,0.004049738412265227,1.0,0.43916919868174364
733,0.79,-0.10999999999999999,0.3975045815201964,0.02558343114930474,0.016548131921554583,0.38463289523702776,0.22193156862791405,0.22313035800986358,0.025993688773471104,0.004070852675570472,1.0,0.4436227990970476
734,0.79,-0.10999999999999999,0.3977943178273135,0.02556036499233536,0.0167255817712559,0.3845789988130513,0.22187766914856372,0.23110926614804972,0.026929067497702547,0.004119334489793456,1.0,0.41010046419824064
735,0.78,-0.12,0.39783463772714917,0.025562389002967142,0.01658567908491276,0.37032967586279564,0.20075643224678288,0.22255149954089481,0.02761271490317382,0.004171766624096408,0.0,0.401113623248482
736,0.78,-0.12,0.3983549626550774,0.025606437599154097,0.01676859611923764,0.3702399595369876,0.20066891319162825,0.2392535079902285,0.028702484944857522,0.004304558630070148,1.0,0.42627691916001065
737,0.78,-0.12,0.39853604892628125,0.025549145846061074,0.016840241905931475,0.3702087461761833,0.20063847223775158,0.2529525168862595,0.030084328917679794,0.0044026760478579376,1.0,0.39940756300093794
738,0.78,-0.12,0.39888860317067704,0.02527776591851595,0.016754669755815646,0.37014799243001895,0.20057923367029848,0.2604576051557001,0.03161978458822105,0.0044302255412411755,1.0,0.396777937043727
739,0.78,-0.12,0.3986764951611591,0.025584397567976827,0.017126359333158803,0.37018454145431245,0.20061486931132888,0.2483816497128932,0.03266185283090214,0.004506513239468162,1.0,0.35141298047105374
740,0.78,-0.12,0.3988329893140233,0.02552475939226738,0.017582222565397942,0.37015757473731603,0.20058857596571517,0.25689581210372414,0.033813864344703785,0.004556788602757052,1.0,0.3968408851249621
741,0.78,-0.12,0.39885901937210877,0.025507773644609173,0.017350240547396367,0.3701530896779193,0.20058420319727235,0.27022964595282317,0.03529028624063532,0.004688078066142588,1.0,0.3834970309848458
742,0.77,-0.13,0.39859462148743263,0.025453220496776632,0.01705579003635749,0.3569831820519868,0.18153628979168845,0.25275076939526175,0.036201929931720694,0.004811134560615752,0.0,0.39076431063096884
743,0.77,-0.13,0.39857363157741604,0.025468758200015394,0.017050418369056707,0.35698654589115975,0.1815394817189904,0.2539699734886526,0.03702727681067495,0.004757844044120163,1.0,0.37868722785795206
744,0.77,-0.13,0.39858061334856126,0.025460519046750445,0.017144395363065112,0.35698542698674574,0.18153841999135942,0.2573614000042165,0.03793535988446946,0.004776551776010357,1.0,0.36887551813832875
745,0.76,-0.14,0.39857572157542975,0.025466503899900413,0.01702570156582719,0.34468155472519596,0.16426342832553825,0.25711863031293036,0.03876291590385844,0.004774558915951616,0.0,0.36718017639787837
746,0.75,-0.15000000000000002,0.3984732234238276,0.025557038312642978,0.017061826689388552,0.3332111838227769,0.1486444590754792,0.2688576320038075,0.039809604409401074,0.004878915856327457,0.0,0.3708655662178175
747,0.75,-0.15000000000000002,0.39883056481897694,0.02556318354580218,0.017326534585526538,0.3331612973860183,0.14859997367027775,0.27113197865594607,0.04082441243107424,0.004889258856404364,1.0,0.41695852348032225
748,0.74,-0.16000000000000003,0.3990329648365411,0.025344718846203564,0.01761363322065239,0.32239306948403856,0.13443602820714956,0.2746803463398881,0.04186432056054743,0.004901098618919126,0.0,0.38157751017696695
749,0.74,-0.16000000000000003,0.3990620124982197,0.02531111649560477,0.017348826007451325,0.3223892728171101,0.1344327583545669,0.2777674710271668,0.04292754762353713,0.004866211414898721,1.0,0.3712005230143022
750,0.74,-0.16000000000000003,0.3986192758048163,0.025590991399593196,0.01729113542670586,0.322447150306604,0.13448261384369556,0.2877561372785288,0.04409143259200099,0.004911443346285007,1.0,0.36061498877567866
751,0.74,-0.16000000000000003,0.39869090090472853,0.025572842665453236,0.01738936568482543,0.3224377855874906,0.1344745458104081,0.2838765110104533,0.04513507219776639,0.004950173485976166,1.0,0.39575426637480504
752,0.74,-0.16000000000000003,0.39865809997605106,0.025620432393842846,0.017624901170681155,0.3224420741210967,0.13447824047022283,0.2893839226742722,0.04623300874702245,0.004994515110164287,1.0,0.3598971814705665
753,0.74,-0.16000000000000003,0.3986385289996345,0.025638690691659728,0.017692593426247218,0.32244463296853887,0.13448044501976067,0.29625062711051,0.047404086988316545,0.005061086699875617,1.0,0.37375924850115494
754,0.74,-0.16000000000000003,0.39869257000282654,0.025580855782968565,0.017565509554630234,0.3224375673655216,0.1344743578104986,0.29950528439171675,0.048565763866210025,0.005076290555687992,1.0,0.37395991273247864
755,0.73,-0.17000000000000004,0.3984728519330336,0.025822196489242652,0.017536731201065088,0.3123926851633992,0.12169982779481202,0.29998664267857633,0.04967353422900468,0.005057675306256747,0.0,0.35936597295539907
756,0.73,-0.17000000000000004,0.39808580022703766,0.026103228903590712,0.017188334990206625,0.31244019262005923,0.12173930218401825,0.29999963935232155,0.05067877162327422,0.0050479064580333,1.0,0.36007560611510514
757,0.73,-0.17000000000000004,0.39823997522704724,0.025944014603560075,0.017352357541913953,0.3124212671582658,0.12172357521156842,0.2999999902625127,0.0516204600614498,0.005026061874498569,1.0,0.3789974186809657
758,0.73,-0.17000000000000004,0.3983119470565185,0.025850132080012477,0.017229495466667216,0.31241243317681633,0.12171623495208192,0.2999999997370878,0.05251527935117199,0.004987431022741569,1.0,0.36809352168031895
759,0.73,-0.17000000000000004,0.3982128677180414,0.025923819868375643,0.017289165967040866,0.3124245945233647,0.12172634008042056,0.2999999999929014,0.053383394970412064,0.004970199547674437,1.0,0.3740556473355363
760,0.73,-0.17000000000000004,0.3983837886934544,0.025885264189205785,0.01752011125244203,0.3124036156736946,0.1217089088534865,0.2999999999998083,0.05417242592694755,0.004940430852612328,1.0,0.4010009326063312
761,0.73,-0.17000000000000004,0.39824247445091354,0.025980017954239282,0.0175277127542652,0.3124209603896307,0.12172332030600706,0.2999999999999948,0.05493210649067679,0.004884393604610633,1.0,0.373859112827021
762,0.73,-0.17000000000000004,0.39841768772754854,0.0257907066605376,0.017472950414073676,0.3123994552392324,0.12170545228323162,0.2999999999999998,0.055688921464338244,0.004849557299169989,1.0,0.37912259364578693
763,0.73,-0.17000000000000004,0.3984752132620934,0.025738719977913136,0.017477798018098328,0.3123923953737541,0.12169958704761402,0.3,0.056424330744004804,0.004763097891864469,1.0,0.37803877193451085
764,0.73,-0.17000000000000004,0.39851480339812534,0.025702354805537894,0.01745465105541421,0.3123875368292213,0.12169555081246236,0.3,0.05702858801011514,0.004733186377410413,1.0,0.37684914099603684
765,0.73,-0.17000000000000004,0.3987524498211421,0.0256062004960369,0.017411839254178597,0.31235837577783077,0.12167132826069246,0.3,0.057612801324694825,0.004710554740128801,1.0,0.4001359499387369
766,0.73,-0.17000000000000004,0.3987201936150917,0.02560173149519942,0.017157594418447584,0.31236233354408355,0.12167461546863304,0.3,0.058171458284048384,0.004687143835669379,1.0,0.40067086429704313
767,0.73,-0.17000000000000004,0.39879577491064777,0.025552123205327903,0.017281350498582922,0.31235306004149743,0.12166691330988427,0.3,0.05870693480549343,0.004663583186977716,1.0,0.38574946136201416
768,0.73,-0.17000000000000004,0.3988853117002366,0.025486014001923806,0.017149614211985503,0.31234207497181216,0.12165779026958116,0.3,0.05922087301311964,0.00464453025433971,1.0,0.38447545976365605
769,0.73,-0.17000000000000004,0.39883440251512203,0.025509110296520608,0.017046478353453184,0.3123483208118014,0.12166297731643222,0.3,0.059710591408357806,0.004622163144099179,1.0,0.3847467562648158
770,0.73,-0.17000000000000004,0.3989915835508049,0.02543692781238419,0.017137672366728154,0.31232903771743636,0.12164696384382095,0.2998734111339362,0.060178512746223524,0.004605831968529499,1.0,0.3950740318486975
771,0.72,-0.18000000000000005,0.39906921095587866,0.025384713025590276,0.01712180678167033,0.3028605880020476,0.11006357007238105,0.29999658210061625,0.060593643838143314,0.004509140862904598,0.0,0.3858196005181389
772,0.72,-0.18000000000000005,0.3990976443131612,0.025374876914061935,0.01685066468432789,0.3028573083029267,0.11006094971755824,0.29999990771671664,0.06105604059342337,0.004506227203497142,1.0,0.39172531999029725
773,0.72,-0.18000000000000005,0.39937685732327316,0.025052144494265884,0.016660901802946288,0.3028251057258658,0.11003522469581113,0.2999999975083513,0.061486642852659895,0.004487956182999421,1.0,0.38405449816417736
774,0.73,-0.17000000000000004,0.39939244705320365,0.02504217675272469,0.01662472870662684,0.3122798702417318,0.12160614328302524,0.29999999993272547,0.06186859278628956,0.0044836671090701585,1.0,0.384149517228932
775,0.74,-0.16000000000000003,0.39944692690079486,0.02500346317687105,0.01657679512929549,0.3223389711242048,0.13438944412022322,0.29999999999818355,0.06222089800095058,0.004322701693253335,1.0,0.3843623733946223
776,0.75,-0.15000000000000002,0.3994572660876577,0.02499723391678763,0.016429802959897877,0.3330738431825608,0.14852201993711595,0.299999999999951,0.06237831242159703,0.004278270984785653,1.0,0.38490658764327934
777,0.76,-0.14,0.39964609637194665,0.024835553480523624,0.01616597570244583,0.34452171101377105,0.16411627647478752,0.29999999999999866,0.0624440875304134,0.004273387631751205,1.0,0.387659258366867
778,0.77,-0.13,0.3995139363954159,0.024880957903430968,0.01603045035604901,0.3568359149773011,0.18139659996810242,0.29999999999999993,0.06247553353386721,0.004233388681045509,1.0,0.384431801496234
779,0.78,-0.12,0.39981480869230596,0.024837175773973832,0.016286351694990552,0.3699884794578508,0.20042377283862248,0.3,0.06241463709298764,0.004217258064365582,1.0,0.4110905626744097
780,0.79,-0.10999999999999999,0.3999650082963411,0.024760248239003132,0.01642732297422618,0.38417568937530133,0.22147468815336,0.3,0.06228918379508459,0.004170356704365232,1.0,0.3946987647659497
781,0.8,-0.09999999999999998,0.40038536116685686,0.024810396598588868,0.01670098713009476,0.39944008786087754,0.244681327097455,0.29997287326573074,0.062051467310701866,0.004163450044838529,1.0,0.4241497326781464
782,0.81,-0.08999999999999997,0.4007641150363196,0.024853647248733665,0.016581898588085307,0.4159767245712225,0.2703290481887372,0.2998872378043072,0.061754823594805275,0.004115675306970976,1.0,0.4223480490540419
783,0.82,-0.08000000000000007,0.4003837020751883,0.02518103854901261,0.017210405590917646,0.43412156050665046,0.2988548625033787,0.2999969554207163,0.06133267360463657,0.004048979999730382,1.0,0.3600228152776882
784,0.82,-0.08000000000000007,0.4000472711401888,0.02543462581170822,0.017095002409320586,0.43420130917656896,0.2989389825352083,0.2999999177963593,0.060969363046381744,0.0040256766600793034,1.0,0.364317977394907
785,0.82,-0.08000000000000007,0.39956840905833196,0.025623510246019287,0.017007529214076,0.4343148707286033,0.29905879726455303,0.2999999977805017,0.060595124455819646,0.004020000941116885,1.0,0.3657949398045094
786,0.82,-0.08000000000000007,0.4001331753385679,0.026317909379677717,0.017755701741336012,0.4341809433839137,0.298917498843648,0.29999999994007354,0.060182502458382886,0.0039722633918572526,1.0,0.4600209672749729
787,0.83,-0.07000000000000006,0.39999060705204265,0.02644653919349172,0.01842217782956302,0.4539248292451542,0.33039433309172944,0.29999999999838195,0.059640775938744665,0.003947078640907551,1.0,0.3691305633271157
788,0.83,-0.07000000000000006,0.3995721429175116,0.026642146555431227,0.018307083144006326,0.4540332855777635,0.3305100526278016,0.2999999999999563,0.05908995786074633,0.003900709593206381,1.0,0.3664502497399268
789,0.82,-0.08000000000000007,0.40003853235735504,0.02695084121101368,0.01903279470525903,0.43420338103615064,0.298941168181365,0.2999999999999988,0.05856736033207112,0.0038761156314258143,0.0,0.4408609197200819
790,0.83,-0.07000000000000006,0.4001671780146637,0.026965713851304765,0.019297337971397373,0.45387908163275537,0.3303455295334613,0.29999999999999993,0.05803723288227857,0.0038455413960696177,1.0,0.40965176688272953
791,0.83,-0.07000000000000006,0.4005194664641174,0.02708354382489162,0.019403835699017463,0.45378783508068743,0.3302482013812514,0.3,0.05751054102399357,0.0038180360552147233,0.0,0.42699667660758966
792,0.82,-0.08000000000000007,0.400478764762749,0.027089501453149104,0.019605175795661456,0.43409903184965504,0.2988311019342853,0.3,0.056887329463709495,0.0038063527499823955,0.0,0.3944992962158399
793,0.82,-0.08000000000000007,0.40030655228476275,0.027075951611134078,0.0195673661891296,0.43413984575214903,0.29887414858748335,0.3,0.05623340325951224,0.0037985648828455544,1.0,0.39391292937804734
794,0.82,-0.08000000000000007,0.40027959266182145,0.02706218485721143,0.01947474466618599,0.4341462358063689,0.2988808886036601,0.3,0.05554121200689948,0.003761491206763156,1.0,0.41276773276699974
795,0.82,-0.08000000000000007,0.4008074674056706,0.027320181257019276,0.019543485522807057,0.43402115148973003,0.298748973027745,0.3,0.0547229876953699,0.0036647208812771665,1.0,0.440226835285658
796,0.82,-0.08000000000000007,0.4006176072030954,0.027334857531062205,0.020056884255749783,0.43406613214502165,0.29879640556506026,0.3,0.05403266590901521,0.0036332344309330995,1.0,0.38910709835642066
797,0.81,-0.08999999999999997,0.4004377375297901,0.027342323593258482,0.019803937294355586,0.41604775713305403,0.27040284103490564,0.3,0.05322922534757409,0.003538607777426682,0.0,0.3903994136513065
798,0.8,-0.09999999999999998,0.39997961977724084,0.02714717187685622,0.019548494568419172,0.39952151443704925,0.24476439206523729,0.3,0.052551354195865714,0.0035248198770210944,0.0,0.3889086701998057
799,0.8,-0.09999999999999998,0.40005997201248833,0.0271824859320392,0.019812720887403587,0.39950538624023374,0.2447479375624094,0.3,0.051797501074171345,0.0034043325112051723,1.0,0.4159760956602909
800,0.8,-0.09999999999999998,0.40035481716559984,0.027415419464370948,0.019955856948094614,0.39944621645600015,0.24468757822273227,0.3,0.05121518776660785,0.003359182225665533,1.0,0.43651636756567647
801,0.8,-0.09999999999999998,0.4004635003625187,0.027437955431671053,0.02007159710677998,0.3994244102374188,0.24466533660894,0.3,0.05066922474613856,0.0033252346739886343,1.0,0.4115303700494295
802,0.81,-0.08999999999999997,0.40030773208623877,0.027403782124142673,0.02003896630838937,0.4160760581792771,0.2704322460453728,0.3,0.050141614773126814,0.003318265081148894,1.0,0.3986129445359343
803,0.82,-0.08000000000000007,0.39977827794508586,0.027948496071734653,0.02043496146462449,0.434265093269758,0.2990062747426604,0.3,0.0495638524529711,0.0033050598608997334,1.0,0.3450964834944731
804,0.82,-0.08000000000000007,0.3985199247667537,0.03010363338525883,0.02084991103577019,0.43456372502362606,0.29932147121711694,0.3,0.048969419992662244,0.003257881650037165,1.0,0.28651952035074346
805,0.82,-0.08000000000000007,0.39746781101612555,0.031992528877041876,0.020799021554768135,0.4348137275839066,0.29958551868789945,0.3,0.048247077631178005,0.0032275659665709643,1.0,0.28964650752082644
806,0.82,-0.08000000000000007,0.3963505886072284,0.03422233765310782,0.020680116969390386,0.4350795163149854,0.2998664168595083,0.3,0.04753623186873734,0.003202247883231648,1.0,0.27497059590463746
807,0.82,-0.08000000000000007,0.39520355064486684,0.03553738072728607,0.02090610364174383,0.43535273647985134,0.30015535997570303,0.3,0.04672933224316723,0.0031329129175924533,1.0,0.29843650612679495
808,0.82,-0.08000000000000007,0.39380475508831253,0.03754318064875658,0.02090397248750468,0.4356863891135045,0.3005084762233436,0.3,0.04600992677783999,0.0030838606907540793,1.0,0.27216751704835684
809,0.83,-0.07000000000000006,0.39265957361918224,0.03947391865194103,0.020664561080032468,0.4558323943376557,0.33243341012750804,0.3,0.045339895219919366,0.003053049317209429,1.0,0.27104895244264404
810,0.83,-0.07000000000000006,0.39130696279619004,0.04112613062287069,0.020340556732499144,0.45618610254422814,0.3328123830481929,0.29816003176112654,0.04467380724923836,0.0030305268316635006,0.0,0.2751263110019143
811,0.84,-0.06000000000000005,0.3902734499698065,0.04280649970965881,0.019972156605550916,0.47828853926909276,0.3681352336568155,0.2999503208575504,0.04405695672663605,0.0030099450411042532,1.0,0.27088232169771
812,0.84,-0.06000000000000005,0.38881641726552557,0.04439212920712258,0.01985601072956403,0.47870806157530615,0.3685882563003098,0.29999865866315384,0.043473548931561495,0.0028538302149038793,1.0,0.2692459357800464
813,0.85,-0.050000000000000044,0.3875393355383613,0.04581402682422401,0.01974000171084368,0.5031826694204021,0.4077928685143463,0.2999445047196476,0.04253871273352556,0.0027570791685652845,1.0,0.2741062058513466
814,0.85,-0.050000000000000044,0.38596486756442877,0.04741223446837349,0.01957682102292964,0.5036844838210648,0.4083364490386996,0.29999850162743047,0.041757649906848354,0.0027116321877100357,1.0,0.26071274409913814
815,0.86,-0.040000000000000036,0.3845776556525593,0.04930607756339411,0.019498205971985108,0.5308911248136616,0.4518121975242862,0.2999999595439406,0.040830127614390525,0.0025465301490881468,1.0,0.24989000044974063
816,0.87,-0.030000000000000027,0.38340599252402036,0.05013925585941388,0.01917952480031032,0.561119377776136,0.4998260905041378,0.29999999890768636,0.0394272228004612,0.00251997467769615,1.0,0.2900505124757089
817,0.87,-0.030000000000000027,0.381059226641699,0.05109636836092614,0.01913542034631382,0.5620501107756504,0.5008233004474314,0.2999999999705075,0.03800084761505814,0.0024420733201015203,1.0,0.24425018511923557
818,0.87,-0.030000000000000027,0.3791584973545465,0.052793658302225245,0.018946208873885748,0.5628062107572532,0.5016338975645105,0.2999999999992037,0.03669437098800342,0.002431827360069333,1.0,0.23868717633398773
819,0.87,-0.030000000000000027,0.37707366683044474,0.05393841019649932,0.01877347515514529,0.5636378880786983,0.5025260305191838,0.2999999999999785,0.035325443363960936,0.0023846298303541844,1.0,0.24457199719469402
820,0.87,-0.030000000000000027,0.37483643340689654,0.054424666905047527,0.01854390826824376,0.564533100151866,0.503486915570276,0.2999999999999994,0.03399571719083229,0.002367573449621586,1.0,0.2523171662660545
821,0.87,-0.030000000000000027,0.37270706670023984,0.05576470755725695,0.018479307600465254,0.5653877955029726,0.5044048915644297,0.2999177040011161,0.032619555948801025,0.0023486249470664163,1.0,0.2326315470806004
822,0.87,-0.030000000000000027,0.37081825790349937,0.05732519234975877,0.01832745316088058,0.5661481034411877,0.5052219684018971,0.2999977780080301,0.031076219618515987,0.002267961311407311,1.0,0.2306062527767061
823,0.86,-0.040000000000000036,0.368529015105319,0.05919515781946793,0.018217667229952713,0.5366409222401023,0.4580430189456462,0.29999994000621677,0.02967308441791214,0.0022205238821474214,0.0,0.2076217364554691
824,0.86,-0.040000000000000036,0.3658800130238379,0.06049017520166588,0.017788605817392028,0.5376019855389542,0.4590880456458954,0.29999999838016783,0.028311698894979597,0.0021800473648625487,1.0,0.20549913160851452
825,0.86,-0.040000000000000036,0.3636634204336479,0.06228837303373907,0.017724486092490083,0.5384088190872337,0.4599661589891172,0.29999999995626453,0.026973341074537253,0.002130986039946478,1.0,0.20414039604714385
826,0.86,-0.040000000000000036,0.36152242137278906,0.06403575245770178,0.01766654916397091,0.5391904394527002,0.4608175208190901,0.2999999999988191,0.025688051277872527,0.00211914056449646,1.0,0.2039931606536196
827,0.86,-0.040000000000000036,0.3593337791127571,0.06558525440252946,0.017506294171149548,0.5399918022416474,0.46169109158761223,0.29999999999996807,0.02425484053110189,0.002113190298650923,1.0,0.20511183205321948
828,0.86,-0.040000000000000036,0.35695943708362,0.06687242400957671,0.0174016467333842,0.5408638563835007,0.4626425354502711,0.2999999999999991,0.02271135583304865,0.0019196623373332995,1.0,0.2035257708316135
829,0.86,-0.040000000000000036,0.3546883123378274,0.06822957481592053,0.01738026703592801,0.5417006403313649,0.46355629486839317,0.2998838237333682,0.021706452286380445,0.0018923503501768124,1.0,0.20190134160569184
830,0.86,-0.040000000000000036,0.35244429935385596,0.06954864278197401,0.01720684665289835,0.5425299820263237,0.4644626982640334,0.29999686324080094,0.02071539190634325,0.001833608773785768,1.0,0.2008714985137271
831,0.86,-0.040000000000000036,0.3503776520968706,0.07095099534228111,0.016887321658257116,0.5432960224133635,0.4653006010703281,0.2999999153075016,0.019836790839998928,0.0017198285549528125,1.0,0.20040961020043369
832,0.85,-0.050000000000000044,0.34796765702496957,0.07197964232392745,0.016864961236979312,0.516105989103387,0.42190898238530383,0.29999999771330255,0.0184866653127915,0.001676803230873833,0.0,0.19816969149163233
833,0.84,-0.06000000000000005,0.34550265685693793,0.0728768508068934,0.016536926633938295,0.49152448447522906,0.38258399790976494,0.29999999993825915,0.01716950027705351,0.0015962082216492922,0.0,0.19712278229388625
834,0.84,-0.06000000000000005,0.34343317552778324,0.0739436272800853,0.01650705499796979,0.4921540381504636,0.3832793511252167,0.299999999998333,0.016037273274467596,0.00150976613531514,1.0,0.20315233128276322
835,0.85,-0.050000000000000044,0.34143941024756513,0.07504127108850152,0.016267175605490677,0.5183020451827215,0.42433220667278376,0.29999999999995497,0.014393221646099054,0.0013410589792776481,1.0,0.20173709522666683
836,0.85,-0.050000000000000044,0.33915643199007595,0.07589344486012815,0.016033727581818938,0.5190744400584907,0.42518620933394763,0.29999999999999877,0.013312809504982738,0.001202685152045454,1.0,0.1979790934110962
837,0.84,-0.06000000000000005,0.3372123018358026,0.07680968334202046,0.016078028876821963,0.49405622798554605,0.38538488978510277,0.29999999999999993,0.012648529329938731,0.0011268761796268739,0.0,0.20499454757360658
838,0.83,-0.07000000000000006,0.3353347880600907,0.07762111564257777,0.015660524385168066,0.4713201568216562,0.3492897844448071,0.3,0.01217029299603137,0.001004896831719734,0.0,0.209026559472544
839,0.83,-0.07000000000000006,0.3339282443436807,0.07858540825099639,0.015219152109446838,0.47171341024609836,0.3497248922192121,0.3,0.011221319803502432,0.0009188951914083105,1.0,0.2107586088300506
840,0.83,-0.07000000000000006,0.3319509966248441,0.07946017860952113,0.01520196666953392,0.4722673368931282,0.350338380859964,0.3,0.010518702932541861,0.0007842100010133707,1.0,0.19911611324131306
841,0.83,-0.07000000000000006,0.3304430697470135,0.07989727896970251,0.015467834854527287,0.47269065832208806,0.3508077000335602,0.3,0.010190481745260075,0.0006076556923511342,1.0,0.23270434320177946
842,0.84,-0.06000000000000005,0.32853579794243226,0.08070692703089574,0.01567581596822341,0.4967339781474318,0.38836050131457955,0.29895272800219264,0.009186217735950006,0.0006059190045169578,1.0,0.20003713017284686
843,0.84,-0.06000000000000005,0.32653999992728094,0.08190092541733862,0.015788118939035596,0.49735403447184445,0.38905147329178974,0.296780710806651,0.008097321244833616,0.0005936017386581467,1.0,0.17910742634281684
844,0.83,-0.07000000000000006,0.32464231900932583,0.08308791168314135,0.01577099427499064,0.4743262066655417,0.3526248779454804,0.29991307919177956,0.007019491686397993,0.0006227896042525146,0.0,0.17910742634281684
845,0.84,-0.06000000000000005,0.3230592493308552,0.08376768550288391,0.016034432581940723,0.4984391494032612,0.39026245749074734,0.29999765313817806,0.005693893410892437,0.0005050681118840432,1.0,0.2088732085508136
846,0.85,-0.050000000000000044,0.32120025801880997,0.08474320680815826,0.01581032971603177,0.5252307235832936,0.43202491721329433,0.2999999366347308,0.004858649770964123,0.00048211797899933804,1.0,0.1849664350132948
847,0.84,-0.06000000000000005,0.3189304790071471,0.08518655220908672,0.015503594099843764,0.4997324380148662,0.39170870443009204,0.2999999982891377,0.003989930261328475,0.000446276503953529,0.0,0.18998062231403723
848,0.85,-0.050000000000000044,0.3169196400038085,0.08605292770190681,0.015494604456492913,0.5267199523236397,0.4336878119954602,0.2999999999538067,0.003152569843992687,0.0004150934431190874,1.0,0.1804936098431067
849,0.85,-0.050000000000000044,0.3150125708720966,0.08693748287043149,0.015387679868223989,0.5273861451697051,0.43443278155215587,0.29999999999875276,0.002295146180891342,0.00031419782487246195,1.0,0.1804936098431067
850,0.85,-0.050000000000000044,0.3133117855281803,0.08768911270866765,0.015134180544403955,0.5279817005239104,0.43509933164409975,0.2999999999999663,0.001968775298115871,0.0002750096807627453,1.0,0.19053645438404998
851,0.85,-0.050000000000000044,0.3111591789628633,0.08827902255943947,0.014873430641744408,0.528737399098721,0.43594589204352063,0.29999999999999905,0.001171424106046818,0.00021937925991642051,1.0,0.1804936098431067
852,0.85,-0.050000000000000044,0.3093651432465887,0.08908955180349849,0.014733409762647554,0.5293688717658926,0.4366539574190046,0.3,0.0005290854284912011,0.00015001860904534145,1.0,0.1804936098431067
853,0.85,-0.050000000000000044,0.3075504514239762,0.08960610951705832,0.01485053897644017,0.5300091514065832,0.4373725191064535,0.3,0.0003823942743753173,0.00011714328297254576,1.0,0.19229006623989942
854,0.85,-0.050000000000000044,0.3056434212872143,0.09019980490516301,0.014794369556304136,0.5306836820750658,0.4381301968282684,0.3,0.00038009829439466684,0.00011228107805477223,1.0,0.18325689905628728
855,0.86,-0.040000000000000036,0.30388734109347687,0.0908439350429253,0.014792262701411906,0.5611189462722775,0.4849824041211174,0.3,0.0003801198012453288,0.00011214979852199229,1.0,0.1837579535816627
856,0.86,-0.040000000000000036,0.302132082508759,0.09143513002247737,0.014609131201369486,0.5618147940614105,0.485758168859277,0.3,0.0003801204429170781,0.00011214625397460718,1.0,0.18454974764332344
857,0.86,-0.040000000000000036,0.30018760579838266,0.09184647662390515,0.014498990827625577,0.5625876724620239,0.48662046424451055,0.3,0.0003801204602866719,0.00011214615827182815,1.0,0.18454974764332344
858,0.86,-0.040000000000000036,0.2984329143999671,0.0922078232239006,0.01452032929772886,0.5632869437323297,0.4874012296658787,0.29330759644790416,0.0007608016366910924,0.0001797461915676083,1.0,0.1926243818387655
859,0.86,-0.040000000000000036,0.29654320062837913,0.09257430971742413,0.014324317443094823,0.5640419701992451,0.48824488135843364,0.28573448929202044,0.0015984603725670292,0.00025624222337545475,1.0,0.18508427017674023
860,0.86,-0.040000000000000036,0.29446255682916367,0.0925413579883052,0.014129473632273943,0.564875626496818,0.4891771572184363,0.28467491381829324,0.0021897835732267025,0.0002669450059364718,1.0,0.19293655268478327
861,0.86,-0.040000000000000036,0.2926590330160695,0.09273366646356347,0.014082066541506807,0.5656002448799483,0.4899881490139123,0.28771046437474784,0.0024868711932659318,0.00029760713276929607,1.0,0.19350673151760267
862,0.86,-0.040000000000000036,0.2907785187394817,0.09286785254294647,0.014095720519479755,0.5663577788897104,0.49083662979804604,0.2811073203462985,0.003083668765009451,0.0003643055572990859,1.0,0.19107116598700458
863,0.86,-0.040000000000000036,0.2887856801185107,0.09311184673180438,0.014208110673127345,0.5671627786748986,0.49173900382880864,0.2818036175362222,0.0035379065838644064,0.0003713388622478101,1.0,0.17875490983741904
864,0.86,-0.040000000000000036,0.28688048296040786,0.09323951595716791,0.014049400636820635,0.5679345185740242,0.4926048007891424,0.27732139313395143,0.004145991946737434,0.00041661385621014096,1.0,0.1863294251857548
865,0.86,-0.040000000000000036,0.28488869655811927,0.09292577700436105,0.014191753870818793,0.5687435820191211,0.4935132131238647,0.28025230308458404,0.0045382035655497305,0.000446219007226632,1.0,0.20095730970987868
866,0.86,-0.040000000000000036,0.2826056743548943,0.09285763490502377,0.014329807030417861,0.5696737854156997,0.4945585818345525,0.28271562679121315,0.004804860796322087,0.0004711010648693502,1.0,0.1723686439745421
867,0.86,-0.040000000000000036,0.28064448339180376,0.09272945467097916,0.01449129914637807,0.5704752936729878,0.49546013049633286,0.27780154427128595,0.005223945909995179,0.000520738262040332,1.0,0.18963036505296127
868,0.86,-0.040000000000000036,0.278690691204921,0.09257935271882495,0.01449395396937223,0.571276023946563,0.4963615522819469,0.28547009367122345,0.005373361882303312,0.0005981983569891957,1.0,0.18909624107538014
869,0.86,-0.040000000000000036,0.2766355504481465,0.0924832580292594,0.014489269978504873,0.5721207196547764,0.49731327973536166,0.28798951121356064,0.005463277308022551,0.0006223683436182197,1.0,0.17923268058736663
870,0.86,-0.040000000000000036,0.27458254410456967,0.09210923828834222,0.014502262762071406,0.572967035839088,0.49826766975908665,0.2884880916716376,0.005540945066944336,0.0006261603586828345,1.0,0.18977339749101196
871,0.86,-0.040000000000000036,0.27253035915967233,0.09189389857244948,0.014535258438742624,0.5738155194652089,0.4992253458987098,0.2787584837132263,0.005853828887964631,0.0007244056348677928,0.0,0.18060110602840285
872,0.86,-0.040000000000000036,0.2706108061932617,0.09138747282341876,0.014651400817477147,0.5746114436530213,0.5001244659063577,0.27524996932131063,0.0062590572564842194,0.0007598442671938636,1.0,0.19977002334924032
873,0.86,-0.040000000000000036,0.2685872233333319,0.09109302190223616,0.014833004778217475,0.5754528970844205,0.5010758269836579,0.2870053224793505,0.006338478742821586,0.0008785851836955376,1.0,0.18169621217119325
874,0.86,-0.040000000000000036,0.2666207295038585,0.09069882173272506,0.014889480191800343,0.5762729760349979,0.5020038225442923,0.299252960166977,0.006335716946331396,0.0010022986950305721,1.0,0.1875001342815874
875,0.86,-0.040000000000000036,0.26454879395923153,0.09035136325917967,0.014988339798881162,0.5771395594646983,0.5029853024092399,0.282376397788805,0.0065005703018196585,0.0011727690220649616,1.0,0.17716881893192915
876,0.86,-0.040000000000000036,0.2627204995448047,0.08974515733485729,0.015212134309437537,0.5779064078861265,0.503854561931718,0.28415570584515076,0.0066200398401495535,0.0011907418307144368,1.0,0.20207714620059813
877,0.86,-0.040000000000000036,0.26060582107885766,0.08926643991888346,0.01544100579992039,0.5787959210026903,0.5048637370870205,0.27696320821293235,0.006904445130625858,0.0012633933219489534,1.0,0.1761914117721629
878,0.86,-0.040000000000000036,0.2585492147584979,0.08875758014967967,0.01519778354244487,0.5796636372460713,0.5058490839682165,0.26479760041300615,0.00759122187681549,0.0013862782492209346,1.0,0.17877116946026195
879,0.86,-0.040000000000000036,0.25637469520792855,0.08765058322512824,0.015182385969199942,0.5805839372679003,0.506895116584333,0.27404369517750976,0.007899901160707169,0.0014796731458320822,1.0,0.19363860761747442
880,0.86,-0.040000000000000036,0.25430371012115105,0.0868003428164134,0.014945894894624988,0.5814631403849578,0.50789537490184,0.26899163326152575,0.008337317597944953,0.001530430066859504,1.0,0.1876002560881984
881,0.86,-0.040000000000000036,0.2519028988050103,0.08537791640541166,0.014963369353211058,0.5824857044626348,0.5090598869838865,0.2715022644603798,0.008669233635369018,0.0015549249732981958,1.0,0.18406860106407308
882,0.86,-0.040000000000000036,0.2495729367450311,0.08386042415733048,0.014387187618016023,0.5834815369276561,0.5101951510387409,0.254138916443738,0.009584832588167861,0.0017292040682500413,1.0,0.1893518430561183
883,0.86,-0.040000000000000036,0.2477641175649098,0.08340811638080915,0.014446943008655873,0.5842569823307927,0.511079987869549,0.26036483527452525,0.010173428003745759,0.0017920622142615994,1.0,0.17914089726555416
884,0.86,-0.040000000000000036,0.24600265292701468,0.08278572269768561,0.014523242543304752,0.5850141101838073,0.5119446145208255,0.2599055910869654,0.010729733166379613,0.0017967002365183414,1.0,0.1881715136053954
885,0.86,-0.040000000000000036,0.24413577738359785,0.08216592059011539,0.013663021337972512,0.5858186915565844,0.5128641818836824,0.2633641219732264,0.011144705352806539,0.0018316348701212619,1.0,0.17910738546282357
886,0.85,-0.050000000000000044,0.24125658341284567,0.07955359115968069,0.012815702260348363,0.5545105917509752,0.4653478235302574,0.24994774873211073,0.01195354437412386,0.001967153791159719,0.0,0.17210157019975703
887,0.85,-0.050000000000000044,0.23946454345779064,0.07866633725308383,0.012968678866759098,0.5552043936281563,0.46615380841069654,0.24657216811478133,0.012809395130373435,0.0020012505650562344,1.0,0.18992656782160844
888,0.85,-0.050000000000000044,0.2377115363149587,0.07776509041179591,0.0122294091461023,0.5558847655677589,0.4669449439283444,0.24586596151232976,0.013614482712853518,0.0020083839650805683,1.0,0.19114953545674063
889,0.85,-0.050000000000000044,0.23521418997215765,0.07516766382036179,0.011914400026702446,0.5568569131622247,0.46807665017598027,0.24240759128783665,0.014468415298754615,0.0020433169976511946,0.0,0.19112628543997356
890,0.85,-0.050000000000000044,0.23293740016017817,0.0732738404977083,0.011831658511857326,0.5577461720103708,0.46911319921153105,0.2484820909157832,0.015069671976482554,0.002104675579751664,1.0,0.1819727856847806
891,0.86,-0.040000000000000036,0.23059044842481854,0.0707352122524876,0.011607732622918903,0.5917233740260962,0.5196364535397302,0.2471677226929322,0.015666882201432964,0.002117952026447129,1.0,0.19230150307162652
892,0.87,-0.030000000000000027,0.22836793325121327,0.06902107102755455,0.011804372596439308,0.6300466940367325,0.5755340727810498,0.2687346936828929,0.01578949601463897,0.0023358002182649134,1.0,0.17224777885531384
893,0.87,-0.030000000000000027,0.22618866543490446,0.06717548730508112,0.01165168133889284,0.6311364560140436,0.5767620539619706,0.2781903816079626,0.015805716802806024,0.002431312217508042,1.0,0.17598614774716637
894,0.87,-0.030000000000000027,0.22371260768833423,0.06477299081495962,0.011483651915847708,0.6323792142912714,0.578163645980426,0.281212550380581,0.015799307126473233,0.002461839174807218,1.0,0.16516195810997647
895,0.87,-0.030000000000000027,0.22096718320408734,0.06126084899933544,0.01097256799485533,0.633762904750922,0.5797257006283513,0.2832122275774778,0.015781053999546556,0.0024820379343718324,1.0,0.1656843868609682
896,0.87,-0.030000000000000027,0.21889692011000147,0.05900014268413959,0.011125134528107693,0.634810325999694,0.5809092046518546,0.2841723573969277,0.015757366672907065,0.0024917362153763765,1.0,0.18208078894783808
897,0.88,-0.020000000000000018,0.21677417126579931,0.05655973479220215,0.011150038732807163,0.6790690843016691,0.6433506501601018,0.29162916260390037,0.015724345766586472,0.002567057480093272,1.0,0.17812452923108968
898,0.89,-0.010000000000000009,0.2145714041639035,0.054046510383855516,0.010972514932407001,0.7300153909608643,0.7125634716150923,0.2936110678719021,0.015694762527069125,0.002587076725224603,1.0,0.16863196001022052
899,0.88,-0.020000000000000018,0.2121985647765279,0.05022578644652864,0.010866655589044656,0.68173288612899,0.646272757729047,0.2857041989516819,0.01566354235204656,0.0026669440880551097,0.0,0.17869215692273355
900,0.88,-0.020000000000000018,0.20967073719429494,0.04495728508577856,0.01066519553756388,0.6832135046470174,0.6478985094292465,0.29891393989881443,0.01565653367280159,0.0028003758147938217,1.0,0.18373360934238414
901,0.87,-0.030000000000000027,0.2072577965781138,0.040291597484106746,0.01067105286481208,0.6407640325877666,0.5876539189626687,0.299970676377268,0.015656334394408528,0.0028110499206367872,0.0,0.1702363084313172
902,0.87,-0.030000000000000027,0.20500606348049608,0.03554731044758183,0.010162839383007853,0.6419287670283895,0.5889768895493742,0.28512545187081956,0.015625029252587675,0.0029610016833281853,1.0,0.1734396347741597
903,0.87,-0.030000000000000027,0.20320352139482512,0.03286700721694352,0.00965799490526092,0.6428642083290461,0.5900402455569604,0.2844961422562278,0.015593951069878029,0.0029673583461018393,1.0,0.16484227492737635
904,0.87,-0.030000000000000027,0.20227267816130026,0.031794847681159887,0.009915226570925553,0.6433483439328722,0.5905908735660577,0.2886276761956049,0.015555038274136524,0.0030090910121561535,1.0,0.19343519699825795
905,0.87,-0.030000000000000027,0.20105504345394298,0.030739458657529434,0.010025087667864686,0.6439827429148992,0.5913127025977427,0.28474273324259475,0.01552047550609282,0.0030483328601663574,1.0,0.16788303678509486
906,0.86,-0.040000000000000036,0.2000336796067578,0.02995330030643695,0.00983807013431791,0.605490994436059,0.5355909500463518,0.2936385434340086,0.01548733937454173,0.0031381895287664967,0.0,0.17283421118612163
907,0.86,-0.040000000000000036,0.1987372987392334,0.02843316458012449,0.0096134923841495,0.6060892709288794,0.536289516916688,0.2833294038591391,0.01545462088944964,0.0032423222517449766,1.0,0.16879841937435602
908,0.86,-0.040000000000000036,0.1977245131842027,0.027590839833092944,0.009623310339353743,0.6065574921658762,0.5368365350276473,0.2676977016341075,0.015549111041263552,0.0034002182338160026,1.0,0.17088896154528876
909,0.86,-0.040000000000000036,0.19689024944823227,0.026604777833359152,0.009751151336738014,0.606943724656581,0.5372879701886251,0.2787885110199371,0.015531661909358467,0.003493661073684247,1.0,0.18762257884560185
910,0.87,-0.030000000000000027,0.1958373481178446,0.02555026451752999,0.009887943372881958,0.6467154382577595,0.5944259027129396,0.27864785862698066,0.015525483517484458,0.003476998076679526,1.0,0.16983617796314698
911,0.87,-0.030000000000000027,0.19488594796862121,0.024487373908635906,0.009931072088988569,0.6472162227596562,0.5949971040028481,0.28383665452669243,0.015482253824371883,0.0035289218958119333,1.0,0.17574230677536506
912,0.87,-0.030000000000000027,0.1938948433924862,0.023441010480386455,0.009938613084317037,0.6477387317704383,0.5955933116357839,0.28102834979198954,0.015446006297522635,0.003556741600773516,1.0,0.17013547816654662
913,0.87,-0.030000000000000027,0.1928554828830703,0.02212895577821088,0.009803675862003933,0.6482875882897988,0.5962198329189657,0.28322683365152335,0.015400422588294809,0.0035784030851346367,1.0,0.17017015490975784
914,0.86,-0.040000000000000036,0.19194766562730323,0.021167800625688793,0.009696770738144662,0.6092420812106998,0.5399781429786441,0.2771464280050231,0.01537978223069799,0.003639806597558779,0.0,0.1699310185224282
915,0.86,-0.040000000000000036,0.19111719628042384,0.020496716119664603,0.009322300442535134,0.6096299678758248,0.540432800439656,0.27900328985263895,0.015345087696487686,0.0036585623802241336,1.0,0.1668430657618033
916,0.85,-0.050000000000000044,0.18993630120170418,0.01801422895282361,0.008911367225216637,0.5750913199172272,0.4895899962433278,0.2563401533601886,0.015584207484137488,0.003887482940119378,0.0,0.17196100460374553
917,0.84,-0.06000000000000005,0.18934335330959107,0.01717291390170499,0.00898643169510481,0.5440374919423453,0.44326614815126375,0.24947902209545025,0.01595042562555318,0.003956787296038996,0.0,0.18495539590792254
918,0.84,-0.06000000000000005,0.1886927440934836,0.016510839551530605,0.009041424829690356,0.5442797600612487,0.4435592632305037,0.24338230504688005,0.016437867951739325,0.004018370296521777,1.0,0.17362625472324716
919,0.84,-0.06000000000000005,0.1880703379013172,0.015537058722467221,0.009051121336593809,0.5445117282169786,0.4438400352093984,0.24142215382533339,0.01694139679362475,0.004038169803809917,1.0,0.18233137797804938
920,0.84,-0.06000000000000005,0.18755124985667534,0.014190717393272654,0.00903487249455712,0.5447053414071218,0.44407447160688807,0.2432835994655686,0.017365903401272184,0.004056141012308422,1.0,0.20040836180187138
921,0.84,-0.06000000000000005,0.18700333341208583,0.013479503639922992,0.009242379210479596,0.5449098566464211,0.44432219663322337,0.24325149873545404,0.017763662783178414,0.004055656433754893,1.0,0.17783990262165206
922,0.84,-0.06000000000000005,0.18667536238880217,0.012796287134697234,0.009211921952958911,0.5450323485713651,0.44447061179376485,0.2774976147718047,0.01769729851997236,0.004401554959392912,1.0,0.19780915044834124
923,0.85,-0.050000000000000044,0.18648523728677624,0.012623735948927238,0.009283410027186323,0.5765302409129655,0.49131112920797065,0.2822676902590895,0.017618801165094577,0.004449736950436687,1.0,0.1886092262528729
924,0.85,-0.050000000000000044,0.18639009099662127,0.012515459845027992,0.009344183166365814,0.5765700141598302,0.4913587525029857,0.28328760063135494,0.017537997290890145,0.004460039059488897,1.0,0.19598450259301325
925,0.85,-0.050000000000000044,0.18634132442305568,0.012455558265667112,0.009375819537113797,0.5765904017899061,0.4913831650726101,0.28037373972666674,0.017456970009830822,0.004489471997490247,1.0,0.19926373869058767
926,0.85,-0.050000000000000044,0.18625098766595155,0.012359596460408758,0.009407997136586327,0.5766281722959605,0.49142839410515676,0.2748801157457264,0.017389196118692562,0.004544963148801271,1.0,0.19495948494320708
927,0.85,-0.050000000000000044,0.18604572346484846,0.012214250619124317,0.00949676493233071,0.5767140132659055,0.4915311949839924,0.2802554321384518,0.017302541111383248,0.0045992592739800015,1.0,0.18458541194290745
928,0.85,-0.050000000000000044,0.18590718551496643,0.012093167572100704,0.009531735989649707,0.5767719639336308,0.49160060218502155,0.27195655438410693,0.017242431564360304,0.004681912824360951,1.0,0.1896719758434099
929,0.85,-0.050000000000000044,0.1858188300479398,0.012007964932973354,0.009555614534777499,0.57680892926343,0.49164487831310016,0.2755091700566282,0.017161912263356262,0.004716656017947703,1.0,0.193065794903026
930,0.84,-0.06000000000000005,0.18572669200367348,0.011927188581790135,0.009565172236824333,0.54538697199946,0.44490046778831954,0.2712793470150008,0.01709670192839378,0.004759350674260095,0.0,0.19165769408709588
931,0.84,-0.06000000000000005,0.18584230544667674,0.012123373840223465,0.009747731243944168,0.545343729731848,0.4448480372149793,0.27563124949348294,0.017006201870659238,0.0048033084527720265,1.0,0.21197095450076087
932,0.85,-0.050000000000000044,0.18580850132540763,0.012093630121145936,0.009910708677664287,0.5768132508066037,0.4916500546973213,0.2845099339271772,0.016905975353196538,0.0048929921114461445,1.0,0.19478927936472307
933,0.86,-0.040000000000000036,0.18578492736205046,0.012073833776404624,0.009850045489964054,0.6121323216274888,0.543370399729197,0.29001521849868667,0.016823970104826128,0.00494860104590509,1.0,0.19476538595816917
934,0.86,-0.040000000000000036,0.18563215904788982,0.011949123886166622,0.009905344985270846,0.6122043162446615,0.5434550319449766,0.29010478993696187,0.016741452030022613,0.004949505807891486,1.0,0.18787549986670038
935,0.86,-0.040000000000000036,0.18557782940270637,0.011887969971134588,0.009952523056241053,0.6122299240789427,0.5434851364151968,0.28869227979411144,0.016650730776474797,0.004963773587111755,1.0,0.19630413070832142
936,0.86,-0.040000000000000036,0.185433712128736,0.011823940391690674,0.010010314071713313,0.6122978629580029,0.543565009054711,0.28745423781012597,0.016553282889052695,0.004976279061697455,1.0,0.18356736601405715
937,0.87,-0.030000000000000027,0.18527101795262177,0.011664526071463151,0.010021685304533488,0.6523210607561133,0.6008319226851975,0.29492895709929023,0.01650197953692266,0.0050517812767395184,1.0,0.18872512996219187
938,0.88,-0.020000000000000018,0.185126721289084,0.011457172814086055,0.010063500595433136,0.6979311969510725,0.6641197068621941,0.2998630818416808,0.016500385261626723,0.00510162092060205,1.0,0.1945968931187636
939,0.88,-0.020000000000000018,0.18501308194474705,0.01125698464335971,0.009994362067037714,0.6980008150728453,0.6641967006594314,0.29999630320972537,0.01650034206324611,0.005102966590986338,1.0,0.1993946743963544
940,0.88,-0.020000000000000018,0.18488598413838556,0.011168437937552532,0.0097862823885602,0.6980786946186528,0.6642828340884303,0.29999990018666256,0.01650034089677832,0.005103002924086714,1.0,0.18640633260516198
941,0.88,-0.020000000000000018,0.18444212676456995,0.010089047074804503,0.00947562643084426,0.6983508058723333,0.6645838089086884,0.2999999973050399,0.016500340865283614,0.005092425400052066,1.0,0.18831860582021664
942,0.88,-0.020000000000000018,0.1842940495138935,0.009967000590160912,0.009295419328672408,0.6984416333266538,0.6646842791497233,0.2999999999272361,0.016512239868699388,0.005070485858907163,1.0,0.18522940510519995
943,0.88,-0.020000000000000018,0.18456489178811722,0.01018792350516227,0.009507159214126856,0.6982755223118986,0.6645005360101461,0.29999999999803534,0.01654660926139674,0.005038845774924039,1.0,0.20619165376519022
944,0.89,-0.010000000000000009,0.184835734062341,0.010397103387713063,0.009206494747379414,0.7505028032337786,0.7341837121094764,0.299999999999947,0.016547617645170116,0.005037991492656495,1.0,0.20619165376519022
945,0.89,-0.010000000000000009,0.1848011589944215,0.010322592325842072,0.008972850085448146,0.7505272942549217,0.7342096146489833,0.29999999999999855,0.016547644930020314,0.005037968427035271,1.0,0.20541570175886706
946,0.89,-0.010000000000000009,0.18511635633940476,0.010793316854071042,0.00903402463546844,0.7503040854129044,0.7339735464343107,0.29999999999999993,0.016547645666753905,0.005037967804263498,1.0,0.21648616951161867
947,0.9,0.0,0.18527532904159277,0.010979263154179656,0.009045350539588107,0.8110346966152862,0.8110346966152862,0.3,0.016547645686645743,0.00503796778744866,1.0,0.20587789253284106
948,0.9,0.0,0.18552917186849005,0.0111577681938252,0.009045350539588107,0.8108247753758613,0.8108247753758613,0.3,0.016547645687182824,0.0050379677869946595,1.0,0.20587789253284106
949,0.9,0.0,0.18577472632790748,0.011313363067919467,0.008952279753800715,0.8106218117731807,0.8106218117731807,0.3,0.016547645687197323,0.005037967786982402,1.0,0.20504905578484964
950,0.9,0.0,0.18593072783520356,0.011484213859569716,0.008861822226405369,0.8104929211427916,0.8104929211427916,0.3,0.01654764568719772,0.0050379677869820715,1.0,0.20613660511365367
951,0.9,0.0,0.18629788728373098,0.011884459999885293,0.008973670201983112,0.810189730557909,0.810189730557909,0.3,0.01654764568719773,0.005037967786982062,1.0,0.2172095546958503
952,0.9,0.0,0.18658722057987553,0.012090050037577888,0.00893312635189719,0.80995096651804,0.80995096651804,0.3,0.01654764568719773,0.005037967786982062,1.0,0.20942693945756388
953,0.9,0.0,0.1868422671994576,0.012470690516734712,0.008926405357522772,0.8097406132499034,0.8097406132499034,0.3,0.01654764568719773,0.005037967786982062,1.0,0.21779472819810866
954,0.9,0.0,0.18727082393093242,0.01306244544471591,0.009005362827020585,0.8093874010261038,0.8093874010261038,0.3,0.01654764568719773,0.005037967786982062,1.0,0.22611257220376763
955,0.9,0.0,0.18764733335205983,0.013491345318697943,0.009044876791138802,0.809077339866237,0.809077339866237,0.3,0.01654764568719773,0.005037967786982062,1.0,0.22140889569440342
956,0.9,0.0,0.18806916969182058,0.01403637039729817,0.009098659477249872,0.8087302333644413,0.8087302333644413,0.3,0.01654764568719773,0.005037967786982062,1.0,0.22673338161939935
957,0.9,0.0,0.1883529321426739,0.01424759369160022,0.009156566090333697,0.8084969079689711,0.8084969079689711,0.3,0.01654764568719773,0.004970367751102306,1.0,0.21292599272865861
958,0.9,0.0,0.18858284629799957,0.014497974026111481,0.009107573090138196,0.8083079583716999,0.8083079583716999,0.3,0.016611664576784698,0.004893871719224692,1.0,0.21561579737132935
959,0.9,0.0,0.18884855650875937,0.014673841547421183,0.009068262217517668,0.8080897006024799,0.8080897006024799,0.3,0.016714130626974657,0.004883168936661792,1.0,0.21165529125271873
960,0.9,0.0,0.189030942716823,0.014835970550030202,0.009067352509727273,0.8079399544429569,0.8079399544429569,0.3,0.01681733715930007,0.004852506809828917,1.0,0.21117517349114848
961,0.9,0.0,0.18923983545283712,0.015043135412505671,0.009075284490507745,0.8077685135634171,0.8077685135634171,0.3,0.01690967576271577,0.004785808385299125,1.0,0.2143960051190133
962,0.9,0.0,0.18944087552787864,0.015199788115645088,0.008983411515540869,0.8076035861534446,0.8076035861534446,0.3,0.017012299301919928,0.004778775080350401,1.0,0.21117517349114848
963,0.9,0.0,0.18981683113037012,0.015394530857132823,0.008959176982683129,0.8072953438160271,0.8072953438160271,0.3,0.01711228892194829,0.00473350008638807,1.0,0.21635047008656805
964,0.89,-0.010000000000000009,0.19010380903051718,0.015593050972899208,0.008824786784319291,0.7467897799463122,0.7302582781895807,0.3,0.017203889638284606,0.004703894935371578,0.0,0.2150272152004641
965,0.88,-0.020000000000000018,0.1902753762330172,0.01580447858467998,0.008567192330017072,0.6947915129140287,0.6606499781678677,0.3,0.017297571191623173,0.004679012877728861,0.0,0.2181140299598811
966,0.88,-0.020000000000000018,0.19072260544775027,0.015923758940695688,0.00840315943540712,0.6945201224738917,0.6603502966870078,0.3,0.017389557332850646,0.004629375680557879,1.0,0.21709156544784725
967,0.88,-0.020000000000000018,0.19100098649180686,0.01614404179013964,0.008401571354934308,0.6943513005723785,0.6601638950408009,0.3,0.017473296599989478,0.004551915585609015,1.0,0.21746846945861997
968,0.88,-0.020000000000000018,0.19132034950449964,0.01641678273920662,0.008337940167035537,0.6941577265503803,0.6599501817773009,0.3,0.017558127336229707,0.004526466923565205,1.0,0.2210325423446551
969,0.88,-0.020000000000000018,0.1917198770661227,0.016602850559681807,0.008250125911392445,0.6939157146781456,0.6596830182675114,0.3,0.017635617626477824,0.004521430757322004,1.0,0.21918543674967586
970,0.88,-0.020000000000000018,0.19209093979562017,0.016965882883953086,0.008235196034912386,0.6936910963348162,0.6594350828180309,0.3,0.017710428828011587,0.004423151889055224,1.0,0.2268796704407591
971,0.89,-0.010000000000000009,0.1924824187812317,0.01714693701269446,0.008113597535219081,0.7451253101524048,0.728499611659948,0.3,0.017787697056749645,0.004387712349742944,1.0,0.2197490045895588
972,0.89,-0.010000000000000009,0.19271020957787968,0.017391794716889585,0.00795931760841534,0.7449662991565695,0.7283316349147437,0.3,0.017849815242553174,0.004268971408752641,1.0,0.22254910301403552
973,0.89,-0.010000000000000009,0.19306416311064623,0.01752371718908136,0.007955818774635482,0.7447193539728978,0.7280707773021445,0.3,0.01792363579641186,0.004145257896756415,1.0,0.21709156544784725
974,0.89,-0.010000000000000009,0.19335725069730617,0.017672671036706278,0.007854317331712303,0.7445149974249692,0.7278549182151268,0.3,0.017930393301044442,0.003974787569704172,1.0,0.21680889294758374
975,0.89,-0.010000000000000009,0.19391459064272826,0.01802860327035938,0.007765282920175769,0.7441266990703088,0.7274447901212842,0.3,0.01800578092033008,0.003956814761054216,1.0,0.23290281347413588
976,0.89,-0.010000000000000009,0.19406044827177674,0.018152626482923078,0.00766785029330966,0.7440251470207082,0.7273375345951246,0.3,0.01807962004386233,0.003884163269819686,1.0,0.21666290910544547
977,0.89,-0.010000000000000009,0.19446516324510948,0.01820081706193462,0.007641792134844012,0.7437435129974096,0.7270400954495309,0.3,0.01813836370921421,0.0037612783425477045,1.0,0.21666290910544547
978,0.89,-0.010000000000000009,0.19484554047998276,0.01826621096566512,0.00749309057610589,0.7434790094741542,0.7267607646383245,0.3,0.018104247445835536,0.0036678834459365566,1.0,0.21680889294758374
979,0.89,-0.010000000000000009,0.1950772433332838,0.018395926138054894,0.007432097126315223,0.7433179820764066,0.7265907183366609,0.3,0.018140928190261415,0.0036168525174922737,1.0,0.21680889294758374
980,0.89,-0.010000000000000009,0.1953695673143325,0.018506716910382134,0.00739666385582391,0.7431149240742307,0.7263762957930742,0.3,0.018136657512659225,0.003591492606392738,1.0,0.21683265419306907
981,0.89,-0.010000000000000009,0.1956972078456225,0.018593567303909892,0.007343297775096181,0.7428874658325435,0.7261361185727984,0.3,0.01814777821311917,0.0034161052526892857,1.0,0.21683265419306907
982,0.89,-0.010000000000000009,0.19604210640688166,0.01879149481681014,0.007310955342756784,0.7426481769207303,0.7258834618759763,0.3,0.017935639892108276,0.0033532171836914344,1.0,0.22384169918203284
983,0.89,-0.010000000000000009,0.19648091065059797,0.018903703344211216,0.007228023637756813,0.7423439594445287,0.7255622682629669,0.3,0.01781012235845662,0.0033485783535140627,1.0,0.22302132163718869
984,0.89,-0.010000000000000009,0.19681336001405647,0.0190464387210909,0.007152677612942397,0.7421136423666228,0.7253191129253957,0.3,0.017667992234163002,0.003313643698097285,1.0,0.22141644995124404
985,0.89,-0.010000000000000009,0.19722287962484916,0.01910151473556936,0.007095619917448323,0.7418301282888164,0.7250198119102703,0.3,0.017565203128984436,0.003178124776469854,1.0,0.22005934654209075
986,0.9,0.0,0.19769446998661208,0.0190575780165046,0.006923637518904782,0.8008902343757086,0.8008902343757086,0.3,0.01721741632841055,0.0031440280025574357,1.0,0.21926060637604994
987,0.9,0.0,0.1979957977738169,0.01917026226770998,0.006919352392954362,0.8006472499496643,0.8006472499496643,0.3,0.01676813307490706,0.0031368946025326725,1.0,0.22005934654209075
988,0.9,0.0,0.19830645199422278,0.01930801422384283,0.0069408913923328696,0.8003968991899196,0.8003968991899196,0.3,0.016270671401404768,0.0031019615699620353,1.0,0.22221495749732997
989,0.91,0.010000000000000009,0.1985860977527073,0.019404267064166605,0.006879988326208735,0.7408879190134864,0.7240252691948968,0.3,0.015640140697261214,0.0030406029878615646,1.0,0.21909086128842636
990,0.91,0.010000000000000009,0.19902518749816678,0.019519817904258486,0.006844252786364851,0.7405849447567031,0.723705509745455,0.3,0.015138784983638664,0.0030273265411661005,1.0,0.22588176023072787
991,0.91,0.010000000000000009,0.19926651881364676,0.019584275819637842,0.006737115426716238,0.740418530365561,0.7235298846702662,0.3,0.014564072595451802,0.0028094783493483157,1.0,0.21643463461962806
992,0.91,0.010000000000000009,0.19970838737128993,0.01946781781482797,0.006699354124778335,0.7401140256273672,0.7232085425827706,0.3,0.01443918782873887,0.002713966350105187,1.0,0.21643463461962806
993,0.91,0.010000000000000009,0.20009946627239286,0.019379956750349807,0.006603560257353838,0.7398447304057644,0.7229243745037076,0.3,0.014419084926173314,0.0026834393928060114,1.0,0.21509403785746317
994,0.91,0.010000000000000009,0.20062078390434926,0.019132722777156566,0.0066205022239918115,0.7394860579462375,0.7225459186526204,0.3,0.014418799587321222,0.002663240633241397,1.0,0.21729372130561425
995,0.91,0.010000000000000009,0.20119776408233725,0.018939471221555763,0.0065163838529542035,0.7390894942493151,0.7221275157110965,0.3,0.014428111698256767,0.0026535423522368526,1.0,0.22338240465976097
996,0.91,0.010000000000000009,0.20160616740477583,0.018963154588212305,0.006481081062563448,0.7388090519332027,0.7218316507256326,0.3,0.014440360553822865,0.0025782210875199573,1.0,0.22292112119169738
997,0.91,0.010000000000000009,0.20192239335582632,0.018832156317551706,0.006518267200287641,0.7385920521065189,0.7216027294877454,0.3,0.014467721551448693,0.0025582018423886263,1.0,0.20974712433613313
998,0.91,0.010000000000000009,0.20233177679749578,0.018546829719451253,0.0064184351118679,0.738311315226564,0.7213065855632135,0.3,0.014492613457295878,0.0024783344795581193,1.0,0.20957030417717468
999,0.92,0.020000000000000018,0.2026398644421727,0.018406945012935425,0.006368212186283052,0.687365707701611,0.6524636745938835,0.3,0.014508237393284606,0.0023449027528194073,1.0,0.2095009213904239
1000,0.92,0.020000000000000018,0.20289016050438546,0.018318118518588555,0.006239327387451661,0.6872170248675675,0.6523000525902379,0.3,0.014514309155169347,0.002334228646976442,1.0,0.20876321556366453
1001,0.93,0.030000000000000027,0.20327319244322709,0.018029508109534523,0.006209230285485463,0.6428280014225176,0.5899990738666683,0.3,0.014514483619485877,0.002184276884285044,1.0,0.20853950231547588
1002,0.93,0.030000000000000027,0.20370350830209605,0.017824686779571396,0.00620250663395815,0.6426044636505803,0.5897449085606321,0.3,0.014526145114692935,0.00217792022151139,1.0,0.2164712206610554
1003,0.93,0.030000000000000027,0.20412944309228342,0.01739469402794323,0.0060049565798577405,0.6423833547763447,0.5894935464837318,0.3,0.01453331384695145,0.0021361875554570756,1.0,0.20743575394611416
1004,0.92,0.020000000000000018,0.20436415026377427,0.017407153874210077,0.0058425121352927555,0.6863427369827017,0.6513381472574321,0.3,0.014553669775953727,0.002096945707446872,0.0,0.21690591414734364
1005,0.92,0.020000000000000018,0.20478435683335303,0.01702441133938103,0.0058632297716902475,0.6860939014012618,0.6510644456991403,0.3,0.014559199769877754,0.0020070890388467323,1.0,0.20990369374296527
1006,0.93,0.030000000000000027,0.20518255033137373,0.016735684899701335,0.005850240634654468,0.6418373242942966,0.5888729823537568,0.3,0.014580451782677225,0.0019029563158682525,1.0,0.2126535609881888
1007,0.93,0.030000000000000027,0.20565102344841057,0.016362164088503255,0.0058593479873708465,0.641594721685195,0.5885973450527343,0.3,0.014575851111601165,0.0017450603337972265,1.0,0.21564573107804297
1008,0.93,0.030000000000000027,0.2060509769188553,0.015992195413286035,0.0057384167266432634,0.6413877476088417,0.5883622270207192,0.3,0.014387074931494763,0.0016330319561625836,1.0,0.21088430858976073
1009,0.93,0.030000000000000027,0.20627165856729274,0.01588829865695955,0.0055708123227842625,0.6412736030316247,0.5882325767400414,0.3,0.014340037242407459,0.0016316112249205993,1.0,0.2096907436893469
1010,0.93,0.030000000000000027,0.20667233372509092,0.015463957060121724,0.005513305466636789,0.6410664630757382,0.5879973264179057,0.3,0.014288300677753498,0.0015791991451255308,1.0,0.20990369374296527
1011,0.93,0.030000000000000027,0.20700106677305283,0.015149158397655104,0.005469681765248819,0.6408966154641795,0.5878044562855624,0.3,0.014276287350647277,0.0015508324306335824,1.0,0.20861561157155586
1012,0.93,0.030000000000000027,0.20747284007608996,0.01472233113481161,0.00555718196883966,0.6406530199655306,0.5875278843525616,0.3,0.014241143369055836,0.0015286255229615237,1.0,0.21731280847026027
1013,0.93,0.030000000000000027,0.20789299748763354,0.014243515280781145,0.005606553443777186,0.6404362316644764,0.5872817906877504,0.3,0.014220861006443706,0.001467207284107986,1.0,0.2121858960641154
1014,0.94,0.039999999999999925,0.20842918338987654,0.013806897135986759,0.005690146978342733,0.601644901867832,0.5311106424635241,0.3,0.014140940299851081,0.001448451103829038,1.0,0.22354960874672916
1015,0.94,0.039999999999999925,0.2088438614161982,0.013159199779957307,0.005792377296633812,0.6014561982135476,0.5308912890178791,0.3,0.014077694270966268,0.0012195305331982264,1.0,0.20831086839397026
1016,0.95,0.04999999999999993,0.20920736005410046,0.01262663047444607,0.005661120818813842,0.5671864759987213,0.4801964550235237,0.3,0.013575471141800147,0.001150226176988748,1.0,0.20831086839397026
1017,0.96,0.05999999999999994,0.20951062647970903,0.012402712047864852,0.00561710090861321,0.5366332831389433,0.4343685688036831,0.3,0.012817204528863832,0.00108864317649814,1.0,0.21528203846878335
1018,0.96,0.05999999999999994,0.20990006775301004,0.011869807972964273,0.005556560839528694,0.5364922867124461,0.4342002656770093,0.3,0.011738592864745774,0.0010688436692097897,1.0,0.21257038205334827
1019,0.96,0.05999999999999994,0.21019684222340562,0.011543327433703733,0.005379637336618814,0.5363848898489699,0.4340720974949226,0.3,0.010419616831708785,0.0010500411879952925,1.0,0.21200882501760432
1020,0.95,0.04999999999999993,0.2103299596372568,0.011506375545078239,0.005168958740549809,0.5667326869120362,0.4796603499355383,0.3,0.00898180565782115,0.0010497169381961555,0.0,0.21372010318699222
1021,0.95,0.04999999999999993,0.21071823122674505,0.011049501070976844,0.004997016422941676,0.5665759046167956,0.4794752066905066,0.3,0.007217987898664559,0.0007037965741926138,1.0,0.2166670615704761
1022,0.95,0.04999999999999993,0.21088136948967068,0.010977902307791594,0.00492978572227612,0.5665100560086347,0.4793974585521444,0.3,0.006949605366994258,0.0006556139935129694,1.0,0.21412297674089792
1023,0.95,0.04999999999999993,0.21093882046285542,0.01087575226314737,0.005054971346815608,0.5664868703251186,0.4793700846740975,0.3,0.006787871654361019,0.000645311868540591,1.0,0.1943543235713482
1024,0.95,0.04999999999999993,0.21087745137264535,0.010976807523693417,0.005067370275116301,0.5665116373255042,0.4793993255457568,0.3,0.006640336341131773,0.000615878930109397,1.0,0.18984759357200515
1025,0.95,0.04999999999999993,0.21083398930935077,0.011031174977634683,0.005075104467457165,0.5665291788163148,0.47942003631462093,0.3,0.006412824140036121,0.0005603877787867674,1.0,0.19491753236113127
1026,0.95,0.04999999999999993,0.21085944692361228,0.010997396432427366,0.0049964543766281636,0.5665189038730475,0.47940790490252333,0.3,0.005985891503216477,0.0005060916536077232,1.0,0.19750524636935965
1027,0.95,0.04999999999999993,0.21091825614034165,0.010871743711574287,0.005016175072113131,0.5664951693202069,0.47937988267380394,0.3,0.005713400957065289,0.00042226460558403793,1.0,0.19046633361584528
1028,0.95,0.04999999999999993,0.21092745825141407,0.010854131622280449,0.004983165317317103,0.5664914556606545,0.47937549822108333,0.3,0.005064954742205374,0.0003863795987908935,1.0,0.19059218695065455
1029,0.94,0.039999999999999925,0.21090840841101519,0.010887085178842995,0.004974685752635806,0.6005184630878188,0.5298018906736137,0.3,0.004504597053046929,0.0003436541135219294,0.0,0.19116081086313627
1030,0.95,0.04999999999999993,0.21091345265579287,0.010878277991351656,0.004779615523222277,0.5664971078628006,0.4793821713816785,0.3,0.003554606193178787,0.0002996955026281702,1.0,0.19216211856486193
1031,0.95,0.04999999999999993,0.21077831626700394,0.01094801537312167,0.004669651098181573,0.5665516503021016,0.47944656853724205,0.3,0.0026590017541159136,0.00021001182147974322,1.0,0.19845731562186994
1032,0.95,0.04999999999999993,0.21077247826677642,0.01095669214474305,0.0047123575918517225,0.5665540068158273,0.47944935093580315,0.3,0.002201475881453011,0.00015440288641399122,1.0,0.1942054793419712
1033,0.95,0.04999999999999993,0.21081607763502266,0.010901444588525013,0.004692458171138092,0.5665364083674513,0.479428572199718,0.3,0.001984265443017808,0.00015349812441121135,1.0,0.19912532278279055
1034,0.95,0.04999999999999993,0.21085294126852547,0.010829805253757803,0.004683719067341991,0.5665215295839137,0.47941100500826245,0.3,0.0017393879329582755,0.00013923034519049992,1.0,0.19156186321698354
1035,0.95,0.04999999999999993,0.2108033639453081,0.010907364355710571,0.004557241290939307,0.5665415400080638,0.4794346311474353,0.3,0.0013415554002247432,0.0001267248706047881,1.0,0.19134639838658496
1036,0.95,0.04999999999999993,0.21087591972207395,0.010748930595640752,0.004510430086371683,0.5665122554883295,0.47940005538544883,0.3,0.0005046049136809807,5.12226555627248e-05,1.0,0.19082294369064495
1037,0.95,0.04999999999999993,0.2109867258323998,0.010575733764448472,0.0045418546737207265,0.5664675384441418,0.4793472614152298,0.3,1.3624332669387834e-05,1.3830117001937067e-06,1.0,0.19980574099477194
1038,0.95,0.04999999999999993,0.2109527474509915,0.010633637342919335,0.004580328458965629,0.5664812500492178,0.4793634493012191,0.3,3.6785698207383287e-07,3.7341315905262606e-08,1.0,0.1911990549779358
1039,0.95,0.04999999999999993,0.21089078311849271,0.010718523124760883,0.004469326887019654,0.5665062567886057,0.4793929729913821,0.3,9.932138517326417e-09,1.0082155295817092e-09,1.0,0.19319824114647674
1040,0.95,0.04999999999999993,0.21096652768309052,0.010570978978149612,0.004457915520387454,0.5664756891068988,0.47935688402956894,0.29995127334520455,4.848238161088379e-06,4.922156540962369e-07,1.0,0.19398078906494354
1041,0.95,0.04999999999999993,0.21104348380831245,0.010432933729799998,0.004447251162432365,0.5664446358626445,0.4793202233765052,0.2999986843803205,4.848685776071311e-06,9.710885118717973e-07,1.0,0.19601421834240634
1042,0.95,0.04999999999999993,0.21114304738247788,0.010231676302357181,0.004243879517590655,0.5664044651388115,0.47927280122016974,0.29999996447826865,4.848650477954929e-06,9.840180790322684e-07,1.0,0.19518576252174524
1043,0.95,0.04999999999999993,0.21084169724435708,0.010801008514298015,0.004437102977879948,0.5665260677786665,0.4794163631587313,0.29999999904091323,4.848649490359751e-06,9.843671773448156e-07,1.0,0.17605663995310525
1044,0.95,0.04999999999999993,0.2106381544611917,0.011075029900745569,0.004528060386862034,0.5666082321484472,0.47951337875856703,0.29999999997410465,4.848649463669464e-06,9.843766029997971e-07,1.0,0.18583737544865483
1045,0.95,0.04999999999999993,0.21026295446225438,0.011853773436344707,0.004597466506364793,0.5667597520752901,0.4796923151195965,0.2999999999993008,4.8486494629488324e-06,9.843768574926325e-07,1.0,0.16789570186513006
1046,0.94,0.039999999999999925,0.20978390834138977,0.012540676378425793,0.004497240027387567,0.6010288578603562,0.53039469996337,0.2999999999999811,4.8486494629293956e-06,9.843768643636795e-07,0.0,0.16858155742516232
1047,0.93,0.030000000000000027,0.2094562786383706,0.013055833892740596,0.0045430315910821445,0.6396309135428943,0.5863679568345843,0.29942201119439144,5.766302016625065e-05,6.822647627895799e-06,0.0,0.17311492223092553
1048,0.92,0.020000000000000018,0.20908331528729385,0.01367095742239585,0.004580451066413173,0.683558495283553,0.6482774769504488,0.2972855558736807,0.00027555271996030473,2.840300440275153e-05,0.0,0.16858155742516232
1049,0.91,0.010000000000000009,0.20871864030369697,0.014247921266037215,0.004569465719657577,0.7339589635487526,0.7167176692929341,0.2952662084608834,0.0005427814439237842,4.880045301686568e-05,0.0,0.16858155742516232
1050,0.9,0.0,0.20835256523109116,0.014770266848032067,0.004467188859513319,0.7923844652671884,0.7923844652671884,0.29987218762844386,0.0005427402435756451,9.532549511343586e-05,0.0,0.16952909785307743
1051,0.89,-0.010000000000000009,0.20788305030779233,0.015220636890764219,0.0043959398622871295,0.7345254596247066,0.7173147122387707,0.29999654906596795,0.0005427351356994964,9.658167125004283e-05,0.0,0.1702580623659711
1052,0.88,-0.020000000000000018,0.2075192940274998,0.0156091041743484,0.004339631380689038,0.6844787400209388,0.6492886496473087,0.2999999068247811,0.0005427349948734987,9.661558800573131e-05,0.0,0.1730513114283047
1053,0.87,-0.030000000000000027,0.20703238528734552,0.01603460843660314,0.004295486059880585,0.6408804387173952,0.5877860880806772,0.29901354746661846,0.0005500686852193313,0.00010657881384575817,0.0,0.16910385418268253
1054,0.87,-0.030000000000000027,0.2065233636686796,0.016227612587086014,0.00430965656134652,0.6411434615818714,0.5880847699420706,0.29035605149844756,0.0010979976785724366,0.00019402826806970658,1.0,0.17521041033717438
1055,0.86,-0.040000000000000036,0.2060333194275883,0.016508193851885504,0.004284216690911248,0.6027374878937153,0.5323815471689549,0.26822103616000015,0.0033292496549401996,0.00041761428158937743,0.0,0.17240447158527047
1056,0.85,-0.050000000000000044,0.20561138245632912,0.016512942533754318,0.0042673260244210625,0.5686449849526358,0.48192183523972176,0.24491135570440542,0.006369484283861473,0.0006530655993226576,0.0,0.1845396844934829
1057,0.85,-0.050000000000000044,0.20520542817695633,0.016824195827921287,0.0043634807219910445,0.5688101091369577,0.4821173946917836,0.2493459279897337,0.008056128855755374,0.000697859258770418,1.0,0.1723305647913839
1058,0.85,-0.050000000000000044,0.20497563819308906,0.01683736049235972,0.004528589086381015,0.5689036200160915,0.4822281612719127,0.25423755011763566,0.009176204508920097,0.0007472695832946801,1.0,0.19263679898460145
1059,0.85,-0.050000000000000044,0.20460525160831786,0.017091811974653832,0.0047057612929207486,0.5690544100992991,0.48240680736695607,0.2505394676191275,0.010316109885253172,0.0007846239519664798,1.0,0.17461663277559747
1060,0.85,-0.050000000000000044,0.20433198900221025,0.017202673669038836,0.004766482994707925,0.5691657107669182,0.48253869317362064,0.2509213396650303,0.011304818975726506,0.0007884812453594373,1.0,0.1838489128803928
1061,0.85,-0.050000000000000044,0.20403799760304783,0.017279212260403156,0.0047455448199049685,0.5692855029610863,0.4826806639486152,0.2478331232879387,0.012312745874300883,0.0008196753501785442,1.0,0.18499686520276482
1062,0.85,-0.050000000000000044,0.2037800219480735,0.017363102646377807,0.00469711498349617,0.5693906614241548,0.48280531126911297,0.27341249548496993,0.012519017964540814,0.0010780528471182537,1.0,0.18537760799371344
1063,0.85,-0.050000000000000044,0.20324425975878263,0.017788335028958047,0.004912065508244911,0.569609178017274,0.4830643838196555,0.27149328212870527,0.012751772328024845,0.0010974388406158764,1.0,0.1627742511574842
1064,0.86,-0.040000000000000036,0.20270318642071422,0.018238893946614494,0.004899616568895838,0.6042627365056384,0.5341581783931707,0.27121635093862617,0.0129792731952367,0.0011002361253641504,1.0,0.16091988139362542
1065,0.87,-0.030000000000000027,0.20208477677423983,0.018747198254149867,0.00493622618070543,0.6434461607279159,0.5907021488355211,0.2729334978966622,0.013166252579902445,0.001117581044132191,1.0,0.15627306531244192
1066,0.87,-0.030000000000000027,0.20164658939685295,0.018902769141822654,0.005104133841169529,0.643674385796334,0.5909618065401928,0.2769056489230552,0.013284888294766097,0.0011577037817725243,1.0,0.1732728277091605
1067,0.87,-0.030000000000000027,0.2010275615811432,0.01938201903168359,0.005246993103144087,0.6439970756637792,0.5913290145562888,0.2802577994060983,0.013357561950572432,0.0011915638876618484,1.0,0.15556568788764422
1068,0.87,-0.030000000000000027,0.20047788233370048,0.019585264778246143,0.005334385265949735,0.6442838864948037,0.5916554676574562,0.28346397454407224,0.013396121011361188,0.0012239494951161308,1.0,0.16606461760038263
1069,0.87,-0.030000000000000027,0.19996770378045323,0.01975505362695051,0.005277907792550556,0.6445503153966836,0.5919587840876759,0.29935601257706346,0.013393759147073813,0.0013844751318130117,1.0,0.16816758142494714
1070,0.87,-0.030000000000000027,0.19939631289273657,0.019794693881776064,0.005221769756115642,0.6448489727345251,0.5922988625001367,0.29870847249944654,0.013389324108688825,0.001391015940677829,1.0,0.1697405816690909
1071,0.86,-0.040000000000000036,0.19877098151672812,0.020126809138980878,0.005319998203144928,0.6060737114523733,0.5362713435818194,0.29365541809182716,0.013379320923603359,0.001442056894290146,0.0,0.1572158669887148
1072,0.85,-0.050000000000000044,0.19811311149584637,0.020411984788798986,0.00526945505664662,0.5717105007212896,0.4855597514960915,0.2782927509465014,0.013467145140068316,0.0015972353503035375,0.0,0.15676210092585907
1073,0.85,-0.050000000000000044,0.19759476825245442,0.02058090640241849,0.00535240927566206,0.5719236366660346,0.4858132653949347,0.2865042210465996,0.01347865550307718,0.0016801794927287718,1.0,0.16525724110865128
1074,0.85,-0.050000000000000044,0.1970712853738304,0.020750580132392733,0.0051978912503783895,0.5721390473094011,0.4860695618267585,0.2907107113657368,0.01347129240584569,0.0017226692939321777,1.0,0.16446060508518262
1075,0.85,-0.050000000000000044,0.19637404983899542,0.020706234525512644,0.005046794692053634,0.5724262084389201,0.4864113475515631,0.2997491892068749,0.01347024322655315,0.0018139670499032695,1.0,0.16317925999064292
1076,0.85,-0.050000000000000044,0.19586845877661965,0.02082159999415918,0.005076335529197328,0.5726346198721635,0.4866594897155904,0.29017419718264736,0.013463691858689635,0.0019106841410570826,1.0,0.16610380286786852
1077,0.85,-0.050000000000000044,0.19529089193829807,0.02103671595745902,0.005147563748918994,0.5728728864681422,0.4869432673044738,0.2896445652481471,0.013458045186154243,0.0019160339585772876,1.0,0.15890622527328535
1078,0.84,-0.06000000000000005,0.1947990283622556,0.02110276343016899,0.0052356072849801,0.5420144112712516,0.4408233958678649,0.29954017338260575,0.013456085240631407,0.0020159895962990923,0.0,0.16762253534333482
1079,0.84,-0.06000000000000005,0.19426481297450862,0.0212147078620545,0.00527814688018173,0.5422118449646434,0.44106139852761184,0.29998758468133035,0.013456030232319702,0.0020205089023468156,1.0,0.16338735417288808
1080,0.84,-0.06000000000000005,0.19381338091747607,0.021209984323749636,0.005362006418736575,0.5423787960094236,0.4412627201469167,0.29944144821067115,0.01345366741919968,0.0020260254323534745,1.0,0.17168944848981782
1081,0.84,-0.06000000000000005,0.19329244838067905,0.02127783255526353,0.005361410489317253,0.5425715779147485,0.4414952648773453,0.2779783472436366,0.013534073391609194,0.0022428244320204897,1.0,0.16473940051336702
1082,0.84,-0.06000000000000005,0.19267586962538544,0.021277003712172348,0.00537893775513398,0.5427999328613671,0.44177082309503063,0.2262362001151647,0.015096361273252193,0.0027654723828131355,1.0,0.1621838236526668
1083,0.84,-0.06000000000000005,0.19225466349155532,0.02108818512901936,0.005551786370442719,0.5429560405103527,0.44195926422041104,0.22184233015224306,0.01665953866426798,0.0028098549076911315,1.0,0.18090070825417665
1084,0.84,-0.06000000000000005,0.19182989414850649,0.02092366977294346,0.005557888281540312,0.5431135597190864,0.44214946234874763,0.21858872618324132,0.01818231329672229,0.002842719594246705,1.0,0.17893951564636165
1085,0.84,-0.06000000000000005,0.19156785548244706,0.020731698016759077,0.005700486505012495,0.5432107783377665,0.44226687654955826,0.21386841818593844,0.019731995976582106,0.00289039947300734,1.0,0.19385547993614843
1086,0.84,-0.06000000000000005,0.19144220343885673,0.020601142112587772,0.005822114605162243,0.5432574086833905,0.4423232008000345,0.2013506912885286,0.02161415398657412,0.003016841158839763,1.0,0.20669540201701433
1087,0.84,-0.06000000000000005,0.191145668594251,0.02039952094214841,0.00596488156455877,0.5433674865693751,0.44245618114343216,0.2069337815785886,0.023099939329454516,0.0030732360102545104,1.0,0.19040586208151894
1088,0.84,-0.06000000000000005,0.1908084137097041,0.02016046280825791,0.005952682542639256,0.5434927345351618,0.4426075195071026,0.2080583289134644,0.02442345306466993,0.0030845950742431545,1.0,0.18848946904264724
1089,0.84,-0.06000000000000005,0.19041184439032885,0.01998954261487582,0.005975557701724594,0.5436400842730544,0.4427856068795142,0.21177527317567235,0.025534121498645306,0.003122139965780608,1.0,0.1794339293508972
1090,0.84,-0.06000000000000005,0.19003078826788738,0.019670407465061917,0.005964397025205256,0.5437817452005721,0.44295686280410185,0.2194545054688521,0.026364813574228624,0.0031997079687420197,1.0,0.1877761479865825
1091,0.83,-0.07000000000000006,0.18975593023275011,0.019490753145874697,0.005976242309238778,0.5158288666254892,0.40091579115064657,0.22277770002749483,0.02706754736113674,0.003233275590546492,0.0,0.18894883110590127
1092,0.83,-0.07000000000000006,0.18954133941689505,0.01931316444603103,0.006023576906875727,0.5159006804267899,0.40100315731406394,0.22244664519677798,0.027738389016909178,0.0032366195787355513,1.0,0.19497555303412414
1093,0.83,-0.07000000000000006,0.1894059077099799,0.019180533432723013,0.006067775196609768,0.515946013562027,0.401058315102958,0.2222579656061892,0.02837627819210744,0.0032385254331859428,1.0,0.20155086716594514
1094,0.83,-0.07000000000000006,0.1890980859784167,0.018976421692368642,0.006158185657847132,0.5160490805509744,0.4011837392923602,0.2199375124719489,0.029028794402963274,0.003261964353733825,1.0,0.18651154814929938
1095,0.83,-0.07000000000000006,0.18883456849745417,0.018679139446726677,0.006259779849222302,0.5161373460061311,0.40129117373599293,0.21717079936580208,0.02970463762885622,0.0032899109507656113,1.0,0.19703065656350474
1096,0.83,-0.07000000000000006,0.18837765458024783,0.018396447273455678,0.006326718538483718,0.516290461385265,0.40147759115169684,0.2211011212075484,0.03026218015285045,0.0033296111713893117,1.0,0.17722972947106017
1097,0.83,-0.07000000000000006,0.1881371895238573,0.018272289721772986,0.006410497013908573,0.5163710795725943,0.4015757686503934,0.22182393582090693,0.030775546815455516,0.0033369123291000042,1.0,0.18570061869707932
1098,0.83,-0.07000000000000006,0.18800717106420634,0.018165262061309983,0.006519572334395921,0.5164146799801105,0.4016288728199149,0.2238087980943791,0.03122474988084513,0.0033569614429734603,1.0,0.19656845821207736
1099,0.83,-0.07000000000000006,0.18784768566069654,0.01804547008719839,0.006542586186374472,0.5164681718925882,0.40169403152216676,0.22343415765938304,0.03165580393734142,0.003360745689791602,1.0,0.1935523810394414
1100,0.83,-0.07000000000000006,0.18774911726091323,0.017957662076556878,0.006594407209583594,0.5165012375892254,0.4017343127955585,0.223158790413458,0.03206750879152639,0.003363527177124178,1.0,0.1989063755853332
1101,0.83,-0.07000000000000006,0.18761883139783436,0.0178533108117335,0.006548586413948873,0.5165449497044418,0.4017875682255566,0.2178245117750073,0.032549320940314236,0.003417408779532771,1.0,0.19551091600759113
1102,0.82,-0.08000000000000007,0.18725677639906926,0.01763024962424463,0.006611310944333777,0.4912834910849539,0.36368640253518564,0.21263100391597256,0.03310008025380215,0.003469868454876556,0.0,0.18026572078454434
1103,0.81,-0.08999999999999997,0.18690755489413569,0.017572861072986314,0.006593956975955592,0.46837409830089927,0.329194080215919,0.20718785222733183,0.03372542878148209,0.0035248497850648465,0.0,0.17251360345275518
1104,0.82,-0.08000000000000007,0.18667328604367028,0.017325801324897618,0.006734999453164456,0.4914606567875866,0.3639025282517505,0.21841178844039627,0.03411099272248628,0.0036382228781261035,1.0,0.19347902910081105
1105,0.82,-0.08000000000000007,0.18640442531763085,0.017171145154008034,0.006812893803836821,0.4915423342230447,0.3640022011478238,0.22168673451072496,0.03442162508219926,0.0036713031414627568,1.0,0.18301762113902345
1106,0.81,-0.08999999999999997,0.18632214918314013,0.017064555017198266,0.006998915584748273,0.46853565222447796,0.3293904207700279,0.21795492990952942,0.0347691999553317,0.003708998137434429,0.0,0.20442594753911145
1107,0.81,-0.08999999999999997,0.1861174604789589,0.016832779778493748,0.007044245528090709,0.46859216629453465,0.3294591270540784,0.21808081810553326,0.03509220781301364,0.0037102697353738616,1.0,0.19517686065992812
1108,0.81,-0.08999999999999997,0.1858858868527458,0.016648747265451656,0.00710744098052574,0.46865611966749615,0.3295368921580214,0.22485793949590516,0.03529715740457885,0.00377872550699378,1.0,0.18772694596844636
1109,0.81,-0.08999999999999997,0.18556876443205847,0.016493597976219857,0.007203759104709701,0.46874372726106284,0.32964344511571775,0.22558301777978768,0.035475679451037356,0.0037860495300633,1.0,0.1779785016206158
1110,0.81,-0.08999999999999997,0.1854581919361494,0.016366662086879914,0.00740153547198274,0.4687742814950777,0.3296806136163885,0.22930492333932984,0.035593108383975135,0.0038236445357152414,1.0,0.19884644415205607
1111,0.81,-0.08999999999999997,0.1853720555897206,0.01626692240017518,0.007325357046507122,0.4687980861064324,0.3297095738119414,0.22876003148485707,0.035702328448428244,0.003829148493841229,1.0,0.2000019769286744
1112,0.8,-0.09999999999999998,0.18480732409624878,0.01612792951782135,0.007669149020239014,0.44794752692895845,0.298505475329242,0.2215759517200639,0.035884379969710174,0.003901714956111867,0.0,0.16083965912307233
1113,0.8,-0.09999999999999998,0.18451961392551086,0.01589184886642208,0.0077823965675586125,0.4480201383499072,0.29859313641807467,0.22258044045100228,0.03603567766044056,0.003911861306929426,1.0,0.18341487899032635
1114,0.8,-0.09999999999999998,0.18417058156895721,0.015406684694052951,0.007681313272086674,0.4481082576855573,0.29869955062264286,0.22557205981336775,0.03613411352025786,0.003942079684327058,1.0,0.18864637309136345
1115,0.8,-0.09999999999999998,0.18410700007948796,0.015319804191025988,0.007815720811032975,0.4481243136794529,0.2987189437368686,0.23071025775619852,0.036162573991250314,0.003993980673648581,1.0,0.20195271944704732
1116,0.8,-0.09999999999999998,0.1838170629166388,0.015132200465065452,0.007973947046014588,0.44819754500712894,0.2988074099702313,0.2390280024699159,0.03610646241886179,0.004077998297019463,1.0,0.17931715210905444
1117,0.8,-0.09999999999999998,0.18330609137998202,0.014922338165096548,0.008099407762080358,0.4483266627102412,0.2989634462857391,0.236548755281334,0.036058844150326855,0.004103041197914229,1.0,0.16418488480310828
1118,0.8,-0.09999999999999998,0.1829811164337304,0.014632536232300678,0.008254220343790808,0.4484088195331316,0.2990627692896969,0.24030077659167512,0.035972655306999404,0.004140940403069191,1.0,0.1800728874281868
1119,0.8,-0.09999999999999998,0.18284879469512166,0.014427838301791243,0.00842586161206507,0.44844228038078837,0.2991032300627152,0.2412228369870005,0.03587033836850282,0.004150254144436114,1.0,0.19877665115672666
1120,0.81,-0.08999999999999997,0.18257064676164286,0.014094261163962724,0.008526107904329023,0.46957360260131104,0.3306542265873626,0.2529002628582998,0.03570423085013166,0.004268207941115904,1.0,0.18590530983911147
1121,0.81,-0.08999999999999997,0.18232736037674122,0.01370829854529238,0.008565391019597959,0.4696410728938534,0.3307365198178582,0.2451867796188713,0.035561571309085986,0.0043461219132313435,1.0,0.1923384230803142
1122,0.81,-0.08999999999999997,0.1817442584063635,0.013583006249804082,0.008734653546947836,0.4698028627471262,0.33093392476244216,0.22312781521548494,0.03558527824594761,0.0045689397354877715,1.0,0.15581277970312649
1123,0.8,-0.09999999999999998,0.18160869986325892,0.013523996835256707,0.008941511724305622,0.4487561121235397,0.29948295369993283,0.2198892331468169,0.03562873293850549,0.004601652685676337,0.0,0.1807984692608903
1124,0.79,-0.10999999999999999,0.18151223472635356,0.0134992668364651,0.00889633445754094,0.4295051859830841,0.27101014635877657,0.21247162062621883,0.035746509270139795,0.004676578064672278,0.0,0.18020107988146775
1125,0.79,-0.10999999999999999,0.18142481358202323,0.013440349526503066,0.008930542781161182,0.42952546742649156,0.27103440550063324,0.21574855420575018,0.035800787496870747,0.0047096784038594625,1.0,0.18617541792810013
1126,0.78,-0.12,0.1812950858219887,0.013346795054372841,0.008876038082258954,0.41186373151948547,0.24527465226507666,0.2184880627567149,0.035803203429073914,0.004737350207404562,0.0,0.18453247036590645
1127,0.78,-0.12,0.18123561062617566,0.013319016754229087,0.008874904779193879,0.41187641917564766,0.24528959211003054,0.22107250263164763,0.03575934478246028,0.00476345566068671,1.0,0.18451881403453946
1128,0.78,-0.12,0.18113872328385322,0.01328579949517272,0.008905679904483231,0.4118970895211818,0.2453139335799516,0.22077340389215414,0.035701038829112956,0.004766476860075533,1.0,0.18090345271841202
1129,0.79,-0.10999999999999999,0.18102019094784777,0.01324868019367576,0.008911685639373087,0.4296193636189019,0.2711467438304615,0.2152149853150207,0.035685114838434825,0.004822622502268801,1.0,0.17930757726259067
1130,0.79,-0.10999999999999999,0.18093363781112154,0.01320380408850706,0.008890514231015893,0.4296394543553779,0.27117078630015573,0.2169926686288745,0.03562928705228764,0.0048405788993784345,1.0,0.18350680489223653
1131,0.79,-0.10999999999999999,0.18083389151212287,0.01310837829355601,0.008897827812327683,0.42966260982272536,0.2711984988153408,0.22049076432604503,0.035518433042047895,0.004875913199349854,1.0,0.1884826857220025
1132,0.79,-0.10999999999999999,0.18067461646938449,0.013041531598148444,0.008951210309429223,0.4296995896836214,0.27124276194740404,0.23659751712450633,0.03527253360021514,0.005038607672061585,1.0,0.17827797506813053
1133,0.79,-0.10999999999999999,0.18042561541311944,0.012924055353481177,0.008915748676560907,0.42975741453809074,0.271311989233257,0.2365942014830707,0.0350134448654176,0.005038641163389217,1.0,0.174225217156287
1134,0.79,-0.10999999999999999,0.18025253063771993,0.012889610253534824,0.008913856794645212,0.429797618725976,0.2713601310933864,0.24694619456625888,0.03470726358909603,0.005143206750088088,1.0,0.1742533856770318
1135,0.79,-0.10999999999999999,0.17986022923051886,0.013140544571849532,0.009132176727116,0.42988877047648877,0.27146930921449863,0.23899676662148275,0.03441223612177715,0.005223504002055524,1.0,0.15211625766648373
1136,0.79,-0.10999999999999999,0.17960194266838633,0.01317631780336667,0.009171522510012763,0.42994880481092507,0.27154123876003944,0.2577287437427186,0.03408396646423125,0.005412715892169017,1.0,0.1649942874773903
1137,0.79,-0.10999999999999999,0.1791751056212668,0.013206236717302538,0.00916410397645453,0.4300480526089505,0.27166019106871314,0.22763280980717382,0.033825621633717655,0.005716715224851288,1.0,0.15712203628281934
1138,0.79,-0.10999999999999999,0.17896453101861934,0.013180691794518829,0.009275420867988137,0.43009703212196704,0.2717189130678403,0.22176697694448455,0.03359490068792044,0.0057759660618481486,1.0,0.17014159471318768
1139,0.79,-0.10999999999999999,0.17874083091103166,0.01312694188619297,0.009274452057443275,0.4301490768418866,0.2717813231338852,0.22086627329837566,0.03335191740127795,0.005784571890043234,1.0,0.17082823038771297
1140,0.79,-0.10999999999999999,0.17856806380333926,0.013038622441685237,0.009313264366842497,0.4301892804178819,0.27182954303310264,0.2184982186930075,0.03310992573925288,0.005808012734187195,1.0,0.1767040782956989
1141,0.79,-0.10999999999999999,0.17837325098916879,0.012921511423836508,0.009306624826940234,0.4302346231310539,0.2718839364944567,0.2201754761028749,0.032830500229404945,0.005824941797943955,1.0,0.17653293692536187
1142,0.79,-0.10999999999999999,0.17844928140090574,0.013042019151650703,0.009378612142106243,0.4302169259035375,0.2718627055410025,0.20663848398022805,0.032669734589688054,0.005961678742994484,1.0,0.20278880369543664
1143,0.79,-0.10999999999999999,0.17858054899486364,0.013083271682612006,0.009417245160803098,0.430186374813472,0.2718260577992594,0.20956717761460064,0.03244689596085954,0.005991261497551869,1.0,0.18918339934889852
1144,0.79,-0.10999999999999999,0.17845933004205436,0.013071624900204271,0.009392257742597514,0.4302145870393532,0.27185989977727626,0.20581507058270754,0.032241023643769136,0.006029161568326587,1.0,0.17371548016772653
1145,0.79,-0.10999999999999999,0.17824858828311296,0.013405840872711683,0.009656986011655148,0.43026364341112744,0.2719187548482572,0.20658359158024073,0.03199694346473951,0.006036924406678636,1.0,0.1468215259709884
1146,0.8,-0.09999999999999998,0.17820440930976528,0.013444848637624636,0.009786367519873716,0.4496199009140753,0.3005303392374409,0.206846062817636,0.03172044690420908,0.006033737360535259,1.0,0.1641636600903898
1147,0.81,-0.08999999999999997,0.17815662852186762,0.013471315142160385,0.009782729323358691,0.47080075922130754,0.3321536951526502,0.2075947254980519,0.031415993642157615,0.006019719253057531,1.0,0.1683368434411656
1148,0.82,-0.08000000000000007,0.17828214842228773,0.013439954501894629,0.00991198895998502,0.4940226709245888,0.3670392722762878,0.21998411690462044,0.031008872645770583,0.006124467172186534,1.0,0.18113354746717222
1149,0.83,-0.07000000000000006,0.17820233268867525,0.013520783304553627,0.01010982757589758,0.5197239851681489,0.4056743908148903,0.22775895409117425,0.030569475237777383,0.006156475839045052,1.0,0.16059998406391368
1150,0.84,-0.06000000000000005,0.1781083088382697,0.01361314699098592,0.010107244815680401,0.5482516284330518,0.4483828496958926,0.22615909221314667,0.03002817386339022,0.006171379883898624,1.0,0.1601267128125206
1151,0.85,-0.050000000000000044,0.177809110207715,0.01410240402265865,0.010278914153454976,0.5801797597752196,0.4956920636554248,0.23593361569564125,0.029427193389509488,0.0062700785275721736,1.0,0.14033819931050423
1152,0.86,-0.040000000000000036,0.17747901017650394,0.0145878900221865,0.010242039746966958,0.6160713486649001,0.5480103698534904,0.23149612679588255,0.028807650033304075,0.006304938421931731,1.0,0.14004130830719558
1153,0.87,-0.030000000000000027,0.17731801007313408,0.014767177101806642,0.01031129206397714,0.656604788891794,0.6057453882252615,0.23182239417471917,0.02817844543468693,0.006220784597797039,1.0,0.15300384384569524
1154,0.87,-0.030000000000000027,0.17693588074332736,0.015301520530668937,0.010444629717889146,0.6568120322210786,0.6059834966008056,0.22993319911798338,0.02770166500162423,0.006016281362628236,1.0,0.13699747735650292
1155,0.88,-0.020000000000000018,0.1767470149375595,0.015471895359022046,0.010488924674896948,0.7031023213441131,0.6698454746832749,0.22747200466278378,0.02755040881976134,0.005805690594947476,1.0,0.1535178910084878
1156,0.89,-0.010000000000000009,0.17646764082110142,0.015580511719907725,0.010396755605574624,0.7564772783865303,0.7405065882270687,0.23902260829260152,0.027540557394809522,0.005877569699437269,1.0,0.15660227284767664
1157,0.89,-0.010000000000000009,0.1763531994055567,0.015652342893314485,0.010234916375231353,0.7565596442627228,0.7405938143799315,0.22491849800176344,0.027541222954570656,0.005970625135426521,1.0,0.1608864232369106
1158,0.89,-0.010000000000000009,0.17596015661678133,0.01573179315962481,0.010129196546148958,0.7568426619976275,0.7408935443799323,0.22428484149663452,0.027515916393987323,0.005939671337513601,1.0,0.15333252010706383
1159,0.89,-0.010000000000000009,0.17573860236437594,0.01590421910207459,0.010044742328646016,0.7570022895775746,0.7410626061026884,0.2219659614669011,0.027519966054111496,0.005959237074724012,1.0,0.15246120753505982
1160,0.89,-0.010000000000000009,0.175382878885925,0.016115257045100043,0.010075415966801449,0.7572587256115818,0.7413342099775735,0.2194863915609073,0.027532971176062935,0.00595308913057151,1.0,0.14827656503529985
1161,0.89,-0.010000000000000009,0.17511096900480433,0.0161800122755913,0.010167825757351461,0.7574548587934078,0.7415419543408858,0.21987295781732674,0.0275552290057339,0.005698616343292601,1.0,0.15780587709069965
1162,0.89,-0.010000000000000009,0.1747717990567719,0.016316161176109963,0.010003602596381786,0.7576996502458966,0.7418012499382659,0.20411665098442275,0.027474507690763452,0.005838384964268755,1.0,0.15146061319046825
1163,0.89,-0.010000000000000009,0.17469208426453264,0.016393869889785497,0.010018630767889175,0.7577572063146057,0.7418622182575711,0.1966771511344968,0.027495022644280227,0.005910734142651048,1.0,0.15480277193355851
1164,0.89,-0.010000000000000009,0.174402276693021,0.016883613408332422,0.010202639167989294,0.75796652831305,0.7420839564556071,0.19062759189336329,0.027586899596013948,0.005954495882884356,1.0,0.13193912424246337
1165,0.89,-0.010000000000000009,0.17453799219297322,0.016791635499417975,0.010413808144438578,0.7578684894263706,0.7419801010176363,0.18838811401644762,0.027665713937066308,0.005936994133899737,1.0,0.1698446153076611
1166,0.89,-0.010000000000000009,0.17442308497911782,0.01683914899598332,0.010316387630928708,0.7579514950660228,0.7420680311577036,0.18186261993780034,0.02776701356779729,0.005969048109612909,1.0,0.161782106323622
1167,0.88,-0.020000000000000018,0.17453632710135605,0.01674979371880514,0.01026193171249543,0.7044793381967279,0.6713725116241809,0.18035002176785508,0.027805111211272382,0.005951941271552014,0.0,0.16688990011146582
1168,0.87,-0.030000000000000027,0.1742590588359642,0.017113280031231498,0.010529094795583324,0.6582674510904393,0.6076567124154167,0.17640384865800546,0.02782030526761176,0.005831275969298058,0.0,0.13833779106119984
1169,0.87,-0.030000000000000027,0.17420785268368516,0.017139071754335593,0.010762793531863095,0.6582953553406505,0.6076888102008021,0.17816314447541037,0.027400140678430236,0.005842505825255512,1.0,0.16304696619704115
1170,0.87,-0.030000000000000027,0.17424358074400703,0.017133445061599226,0.010739982489679853,0.6582758854632138,0.6076664142606449,0.179979823983841,0.026903552454276544,0.005809815169708152,1.0,0.17331338770127636
1171,0.88,-0.020000000000000018,0.17420863133901623,0.017171665068858394,0.010933302642697852,0.7046839159884123,0.6715994608251252,0.18196032129283551,0.02644409670401789,0.005674641737017938,1.0,0.15372092648963853
1172,0.89,-0.010000000000000009,0.17414640805718565,0.01724588484068457,0.01087962601203164,0.7581514330696805,0.7422798374274688,0.1796429564699904,0.026325051841325164,0.005615105320075989,1.0,0.15053977274280136
1173,0.89,-0.010000000000000009,0.17412433290608578,0.017258657168579133,0.010997942347712383,0.7581673900161369,0.7422967419688653,0.17531261434658435,0.026062982611622806,0.005616356348401936,1.0,0.16304972599866344
1174,0.89,-0.010000000000000009,0.17398977289390594,0.017385467587040085,0.0111066673682874,0.7582646707822468,0.7423998009652686,0.16804729632449814,0.025787919956387736,0.0055984456431589875,1.0,0.151004603867197
1175,0.89,-0.010000000000000009,0.17384715221567082,0.017531452127900058,0.011098211497811043,0.7583678062990938,0.7425090648391961,0.1778433581015644,0.024998016127424836,0.005600678670965438,1.0,0.14891719216713087
1176,0.89,-0.010000000000000009,0.17385837353518066,0.017526850783919468,0.011210445488287167,0.7583596906343276,0.7425004668497134,0.1991433605262305,0.024131580944009356,0.005810480393088326,1.0,0.1672259348188503
1177,0.89,-0.010000000000000009,0.1739961200542532,0.017462809679385984,0.011177502380121902,0.7582600815131185,0.7423949390564537,0.2281078077215859,0.02313267861418797,0.00600309492905698,1.0,0.17268087718053843
1178,0.9,0.0,0.17360557264657966,0.01802854115999787,0.011580309465314884,0.8208040485720474,0.8208040485720474,0.23426173040697335,0.02176540884678811,0.006060736458215192,1.0,0.1285677945759863
1179,0.9,0.0,0.1732452110438194,0.01858087703851625,0.011508738822508817,0.821109473235671,0.821109473235671,0.2268170296106733,0.020224500119458658,0.006130418926150957,1.0,0.12735119389685717
1180,0.9,0.0,0.17278665953059874,0.01917009299937217,0.011453858506879067,0.8214984476025033,0.8214984476025033,0.23079071804024825,0.018574118717256838,0.005953758193449344,1.0,0.1258342971677518
1181,0.9,0.0,0.17235261949427483,0.019827476273014337,0.011473488036435386,0.8218669693370847,0.8218669693370847,0.2375942895805622,0.01768644382501715,0.005499833187508356,1.0,0.12133539688097583
1182,0.9,0.0,0.17193634237022695,0.020463388460600668,0.011292300168067546,0.8222207202186647,0.8222207202186647,0.21147684287428742,0.017676445564840115,0.005719263255623033,1.0,0.1205561112478818
1183,0.9,0.0,0.1712147107596379,0.021386135547748996,0.011391869576600863,0.8228346823662716,0.8228346823662716,0.21201749699579112,0.017679813001333325,0.005691859721809923,1.0,0.10873754719526854
1184,0.9,0.0,0.17077291219005986,0.021676360160328652,0.01150405288168676,0.8232110160655843,0.8232110160655843,0.20990016726410282,0.01769552625133634,0.0056655670120562395,1.0,0.13475965868855938
1185,0.9,0.0,0.17028343267986423,0.021702237921253496,0.011476860438728746,0.8236283676132579,0.8236283676132579,0.20457165069554167,0.017738205013186188,0.005592948725906253,1.0,0.14490752891658157
1186,0.89,-0.010000000000000009,0.16948713194971415,0.021812215973689052,0.011492543872860807,0.7615343313270434,0.7458649334383276,0.19506558989017656,0.017805637120958867,0.005632574690707314,0.0,0.1270653290020124
1187,0.89,-0.010000000000000009,0.16907351400439544,0.021803782745100586,0.011695193827494779,0.761836100901333,0.7461848675074936,0.18287315308559132,0.0181034075884725,0.005744371554037711,1.0,0.14904406754964739
1188,0.89,-0.010000000000000009,0.16853087665260646,0.021988278045513832,0.011753403867839742,0.7622323640260157,0.7466050147471884,0.1753774868323897,0.018551376794867902,0.005782540463037648,1.0,0.13422573386374603
1189,0.89,-0.010000000000000009,0.16816190587098967,0.02211145314052503,0.011753089713191129,0.7625020419609323,0.7468909676939589,0.17753298087463862,0.018950417292624155,0.00572674512716966,1.0,0.14253685118921866
1190,0.89,-0.010000000000000009,0.1678765456784605,0.022040501938053576,0.011909964404354057,0.7627107404497555,0.7471122725569529,0.18349210964926788,0.019227002469288317,0.005753370725310937,1.0,0.15924012873366744
1191,0.9,0.0,0.16771338482092335,0.021944085910283864,0.011984367381023658,0.825826665034908,0.825826665034908,0.18663657073960027,0.019434282547598034,0.005781788970357559,1.0,0.1726327453521806
1192,0.9,0.0,0.16735869437730894,0.021786655804216584,0.01205053831584866,0.8261309723102098,0.8261309723102098,0.18533776597045584,0.01965331105359702,0.005793002355999536,1.0,0.15950650867268423
1193,0.9,0.0,0.16693125967557382,0.0215294187282593,0.011905687736693118,0.8264979887561412,0.8264979887561412,0.18433533916980077,0.019878853836302723,0.005779688958690595,1.0,0.15880739699243718
1194,0.9,0.0,0.16650622098801338,0.02155820589133651,0.011948926213309062,0.826863271373599,0.826863271373599,0.18188919003807147,0.020140484921476604,0.005776450938746984,1.0,0.1440076793932532
1195,0.9,0.0,0.16601094568641636,0.021419727075633475,0.011784224394300014,0.8272893235949264,0.8272893235949264,0.18263503395224792,0.020386026663022607,0.005744284495034157,1.0,0.14750312640380206
1196,0.89,-0.010000000000000009,0.16558148153570204,0.021620085182822765,0.011832193311251033,0.764393401574712,0.7488969397662699,0.1843183770439673,0.020587891506550104,0.005753986802896386,0.0,0.13428331439963204
1197,0.88,-0.020000000000000018,0.16497350845959347,0.021898807975806067,0.011817164662750162,0.7104985890258368,0.6780590436055585,0.1880362824886061,0.020729691745168442,0.005771492289473827,0.0,0.1249033110862201
1198,0.88,-0.020000000000000018,0.16442558032423935,0.021786614373555304,0.011957126848788672,0.7108465958426361,0.6784462035946903,0.18554010692507597,0.02088721872766536,0.005792921937236798,1.0,0.14177564467666834
1199,0.88,-0.020000000000000018,0.16399612682492395,0.021630948970846022,0.011992252019347678,0.7111195940032563,0.6787499599111423,0.18586259139069447,0.021034422277515855,0.005793397868748854,1.0,0.15060703110790188
1200,0.88,-0.020000000000000018,0.16330642583247085,0.021606382052202937,0.012166749950561205,0.7115584672716673,0.6792383612115016,0.1880594623019064,0.021149051339550376,0.005761706881605028,1.0,0.12993627634002042
1201,0.88,-0.020000000000000018,0.16288671079950393,0.021383223289664115,0.012251173598519119,0.7118258072365911,0.6795359202089566,0.17771216519501898,0.021419547110373045,0.005813765358856064,1.0,0.15353941271090046
1202,0.89,-0.010000000000000009,0.16255715944295443,0.021366784764846512,0.012235786833362721,0.766622100215799,0.7512617476479333,0.1833889964116475,0.021606643696404325,0.005816125758128668,1.0,0.14731058512959497
1203,0.89,-0.010000000000000009,0.16223733925912673,0.021454536996371704,0.012092489605196592,0.766858543784638,0.7515126980858887,0.18189795456899963,0.021804239630650167,0.005717813693781027,0.0,0.14053158506998542
1204,0.89,-0.010000000000000009,0.1617821311367695,0.021268954953542554,0.012061835300482575,0.7671953315113323,0.751870171436854,0.1853202287738509,0.021945591600247106,0.0057193018567560025,1.0,0.14795821686508498
1205,0.89,-0.010000000000000009,0.16159700096998736,0.02116362043438723,0.012012724807509246,0.7673323855108842,0.7520156508086978,0.18209820992584513,0.022106528003955652,0.00571415250571368,1.0,0.16450460446081333
1206,0.9,0.0,0.16115649595687018,0.020721402475264893,0.011961008356541932,0.831488641857975,0.831488641857975,0.1861310914192273,0.022227788447932433,0.005753617084475079,1.0,0.16037544622739378
1207,0.9,0.0,0.1605885402106536,0.02055887148010138,0.012107919927225185,0.8319827365355345,0.8319827365355345,0.18666202693275352,0.0223377950299298,0.005690524297840273,1.0,0.13838128603826994
1208,0.89,-0.010000000000000009,0.16018819167512816,0.020415806880256043,0.012103499341667635,0.7683769496363674,0.7531245712636968,0.17355111892252117,0.022578930379583504,0.005815633689015524,0.0,0.14769209241590278
1209,0.89,-0.010000000000000009,0.1599015709373798,0.020365166837829962,0.01190911947195485,0.768589813334799,0.7533505804250552,0.18716482261085735,0.022628850494558126,0.0059155508418316256,1.0,0.1493164278457774
1210,0.88,-0.020000000000000018,0.15914179393117248,0.020315265954283807,0.012164595750114797,0.7142200765896013,0.6822024831180572,0.19162666400015652,0.022603273548572264,0.005955115988648053,0.0,0.12286874353132425
1211,0.88,-0.020000000000000018,0.15848285049869834,0.020046131062985,0.011882540925310072,0.7146430318133034,0.6826738495323261,0.19629659858371495,0.022546493312735384,0.005929720582776995,1.0,0.13410763368125853
1212,0.89,-0.010000000000000009,0.1583368112441201,0.020081593969824604,0.011777014461842804,0.76975399100748,0.7545868366536707,0.19448621309163475,0.02254950891445871,0.00593786095410166,1.0,0.14623573366525286
1213,0.89,-0.010000000000000009,0.15771720892992488,0.02025340352865565,0.011974485088038903,0.7702159490471333,0.7550774826567861,0.19471749756544454,0.02254157909856819,0.005909978783510189,1.0,0.12145464757080182
1214,0.89,-0.010000000000000009,0.15725743615543128,0.020067069757899503,0.012054364903347152,0.770559101221,0.7554419766479665,0.19489211052023714,0.022507289173398646,0.005859841561408794,1.0,0.1426690956420023
1215,0.89,-0.010000000000000009,0.15690802551499983,0.019584176401346378,0.012071607251063382,0.7708200889852541,0.7557192142882169,0.19501839133106486,0.02242019428119739,0.005777099501783645,1.0,0.16701165540390195
1216,0.88,-0.020000000000000018,0.15647317298073232,0.01956453961298577,0.012233703103746751,0.71593608035586,0.6841154768229294,0.18808166323945597,0.022269594036670275,0.005822124561410179,0.0,0.13583189868230217
1217,0.88,-0.020000000000000018,0.15636163825335123,0.01955204650317644,0.012246950687157062,0.7160079800866493,0.684195663788893,0.19217665629720793,0.022111832369009612,0.005825588922495138,1.0,0.1530314120650016
1218,0.88,-0.020000000000000018,0.15603959699551312,0.01942364198720893,0.012110171764854901,0.7162156617877603,0.6844272982080799,0.17974714041837253,0.02199993761271359,0.005941825846570997,1.0,0.1478687616443757
1219,0.88,-0.020000000000000018,0.15573003366244786,0.018981710524735736,0.012181689086958053,0.7164154101782412,0.684650105527984,0.17596679180353744,0.021902563683717024,0.005862057389434996,1.0,0.1678203178502029
1220,0.88,-0.020000000000000018,0.15541848284425847,0.018737993430464644,0.012248729254522002,0.716616553534721,0.6848744898472702,0.17018316258339672,0.021638028676701743,0.0058425639144926945,1.0,0.15475022802016913
1221,0.88,-0.020000000000000018,0.1548707525068088,0.018449089378221702,0.012053367590962736,0.7169704530210571,0.685269331553689,0.17171357930491252,0.021479496393365362,0.005635204846999052,1.0,0.1375653893353487
1222,0.87,-0.030000000000000027,0.15489542169247333,0.018451981608397526,0.01201022233213916,0.6689909020640902,0.6200412328171617,0.15683855906236455,0.02188054813759177,0.005752744626533193,0.0,0.15827969826957833
1223,0.87,-0.030000000000000027,0.15464519457722906,0.01826776075083161,0.012029480424600695,0.6691317632267283,0.6202045768574114,0.15791527775143166,0.022261196562132525,0.005688695193891465,0.0,0.1557757577364637
1224,0.88,-0.020000000000000018,0.15457524760765726,0.0181829682577622,0.012145200496733956,0.7171615298259574,0.6854825409386769,0.15755416140626768,0.022673335238890008,0.005659242494554422,1.0,0.17320638292428875
1225,0.88,-0.020000000000000018,0.1544243500625689,0.01798159601519249,0.012150026475954446,0.7172591411700713,0.6855914660251906,0.15920948588966805,0.023015807840769373,0.0056482911403366,1.0,0.1710856634192667
1226,0.89,-0.010000000000000009,0.15433287903179133,0.01785099665714559,0.012193319885424292,0.7727490278884903,0.7577687409800837,0.1624876200605004,0.02326425352212091,0.005655298153426495,1.0,0.17538536728814838
1227,0.89,-0.010000000000000009,0.15403636230114626,0.017591506675670384,0.012364055895545394,0.7729717566683341,0.7580054488550622,0.19239273936316534,0.02318519500776042,0.005954348866185802,1.0,0.15486714097003176
1228,0.89,-0.010000000000000009,0.15360203794165325,0.017458469884900244,0.012523654367718118,0.7732982316246315,0.758352434965728,0.19449292535944468,0.023099144588571888,0.005919417223954952,1.0,0.13747101676911044
1229,0.88,-0.020000000000000018,0.15294172240539872,0.0177205045327053,0.01272563179703458,0.7182196259766664,0.6866635416644774,0.17337211295993116,0.023197144946638153,0.006114802366234345,0.0,0.11327602363713496
1230,0.88,-0.020000000000000018,0.15253377196725243,0.017480106857426656,0.012972701055728593,0.7184843583371165,0.686959115659836,0.15944434108002545,0.023468441225186057,0.0062201526307064155,1.0,0.1427117610776082
1231,0.88,-0.020000000000000018,0.15220607292501953,0.017106272712058595,0.01300094660893297,0.718697154335595,0.6871967291452713,0.16644836610956834,0.023587666148505968,0.006128205885565826,1.0,0.1557127814987135
1232,0.88,-0.020000000000000018,0.1517596149109379,0.01700228507779077,0.013183046103144119,0.718987271077755,0.6875207190182416,0.17569614337402353,0.02337860175582321,0.006221584285798346,1.0,0.13363217365996638
1233,0.88,-0.020000000000000018,0.1516181598531701,0.016873141247055894,0.013449908418283451,0.7190792400799605,0.687623435202764,0.18441388542664827,0.023086984228234252,0.006205076699631039,1.0,0.16007971137950522
1234,0.88,-0.020000000000000018,0.15125275276461977,0.016774369237174475,0.013452230706636549,0.7193169235825807,0.6878889140274628,0.17342222802603818,0.02265970483570989,0.00623580629009401,1.0,0.13771267682200045
1235,0.88,-0.020000000000000018,0.1515243452963724,0.01700444042293361,0.013741976203695548,0.7191402479157947,0.6876915746400323,0.1967502188305451,0.022254096711082753,0.006282230670733111,1.0,0.17927551084174778
1236,0.88,-0.020000000000000018,0.1510710567984973,0.017241839523379855,0.014264580465890471,0.7194351684420193,0.688020997727693,0.19676939838056062,0.02137518267339946,0.0059784250708792815,1.0,0.11966543768987925
1237,0.88,-0.020000000000000018,0.15096618001015583,0.017236610179883437,0.01440548310557154,0.7195034382935993,0.6880972608952194,0.20113360963028862,0.021138024840732614,0.005963257175798865,1.0,0.14663435744867326
1238,0.88,-0.020000000000000018,0.15065618854459487,0.01716757632409247,0.014474223243117583,0.7197053039117896,0.6883227760046896,0.20729977866889485,0.02100497414118378,0.006016443694914998,1.0,0.1391424481570896
1239,0.88,-0.020000000000000018,0.15032816520488448,0.01709222652562579,0.014426149544455223,0.7199190352219086,0.6885615701115211,0.20945591457309046,0.020895304922306596,0.00601430310197386,1.0,0.1380258964166775
1240,0.88,-0.020000000000000018,0.14994511297138133,0.01692523781542366,0.01442818810161044,0.720168782629882,0.6888406338931873,0.2097095482877815,0.020814477616390676,0.005999923064648847,1.0,0.13839885494538104
1241,0.88,-0.020000000000000018,0.1494431540260675,0.016873529520040054,0.014284813816573327,0.7204963188238599,0.6892066669965473,0.20718080387344162,0.020696379619326435,0.005888728643352818,1.0,0.12633704239398066
1242,0.88,-0.020000000000000018,0.1486522251497346,0.016194506760549485,0.014174063533596517,0.7210130174960269,0.6897842096823931,0.2155302316419819,0.020766246623311033,0.005943483533596936,1.0,0.1236959160621467
1243,0.87,-0.030000000000000027,0.14820078775580256,0.015679389345695377,0.014223314288266982,0.6727800818652846,0.6244412296358881,0.2114031498034626,0.020780066749684356,0.005947271157906291,0.0,0.14403965995569507
1244,0.87,-0.030000000000000027,0.14783234248911037,0.015507454803854329,0.014024069361604857,0.6729898693981605,0.6246852011693429,0.21428722957790441,0.020841747830196676,0.005968640438481125,1.0,0.13687095349850742
1245,0.87,-0.030000000000000027,0.1477527115693843,0.015532865358518859,0.01386897185029649,0.6730352273146027,0.6247379550275219,0.21324340539186035,0.02088942632970438,0.005976532892507881,1.0,0.13885843399838033
1246,0.86,-0.040000000000000036,0.14749163683199887,0.015474132606602754,0.013834921994698067,0.6307246086872753,0.5654428324150736,0.20693933463565678,0.02088995691926128,0.006032648125596646,0.0,0.13805618635184835
1247,0.86,-0.040000000000000036,0.14723800631871117,0.015337644353445281,0.013755335143531805,0.6308515179937623,0.5655950057661343,0.18654977838861445,0.0208681076654277,0.006113457871460016,1.0,0.1429737921123953
1248,0.86,-0.040000000000000036,0.14683963745775383,0.014964910800393914,0.01356486612674091,0.6310509532820288,0.5658341847222603,0.21377603271491774,0.02080222297563695,0.006309936832467587,1.0,0.14129666137143554
1249,0.86,-0.040000000000000036,0.1465436296545975,0.014982545066110844,0.013664100332516275,0.6311992252616182,0.5660120375782959,0.22846300207652043,0.020813514007214935,0.006442129837352185,1.0,0.13099920374828133
1250,0.86,-0.040000000000000036,0.14631130059952213,0.014950213011902235,0.013523757807816126,0.6313156490105482,0.5661517081305066,0.2258732710699332,0.02080921896145755,0.006369556175979383,1.0,0.1368938073049829
1251,0.86,-0.040000000000000036,0.1462304854553979,0.015004028820579964,0.013567598529064537,0.6313561568209226,0.5662003083812474,0.2233919943906042,0.02059729232307516,0.006349796456581103,1.0,0.13225668489808146
1252,0.85,-0.050000000000000044,0.14620663043432802,0.015015741869529437,0.013491200405464816,0.5938728751456179,0.5123322072103722,0.22176975349647207,0.020445312886535817,0.006362887098149744,0.0,0.13765580620020856
1253,0.85,-0.050000000000000044,0.1460227054427045,0.015043974239032337,0.013360272072410993,0.5939544605413627,0.5124323226829763,0.22701604957750487,0.020363045816817853,0.00639679720950628,1.0,0.1346113446833445
1254,0.85,-0.050000000000000044,0.14596219549142625,0.015092245594820433,0.013230418019912829,0.5939813064291467,0.5124652684815635,0.23170698074134233,0.020394676717753708,0.006419319802522825,1.0,0.1309464822286781
1255,0.85,-0.050000000000000044,0.14561342846272202,0.015314951117604846,0.013323558547705025,0.5941360879725168,0.5126552439593587,0.22505746791686662,0.020357007489158356,0.006369813834792097,1.0,0.11864118813806201
1256,0.85,-0.050000000000000044,0.14535336404598478,0.015346915960800763,0.013401038271408656,0.5942515561299909,0.5127969942936844,0.2238388010190854,0.020078816626525744,0.006239657840922836,1.0,0.13059583117395557
1257,0.85,-0.050000000000000044,0.14495077792939035,0.015461776227104465,0.013425423286223214,0.5944303922214003,0.5130165819636537,0.2186559092457851,0.019992841023282793,0.006285609712318505,1.0,0.12062781157746721
1258,0.84,-0.06000000000000005,0.14452137800203446,0.015815256260849727,0.013520008858283708,0.5612482444407382,0.46440871181034665,0.2161154819861687,0.019886353711152813,0.006287847563125404,0.0,0.11039252737147454
1259,0.84,-0.06000000000000005,0.14439946686542154,0.015800563075674668,0.013779533343157794,0.5612965409545926,0.4644689680704097,0.20707321125554212,0.019732792466480534,0.006354137470444929,1.0,0.14027009387376904
1260,0.84,-0.06000000000000005,0.14429565294046387,0.015808850550307185,0.013707266770216756,0.5613376746009436,0.4645202918623319,0.21012756961295964,0.01963373005021957,0.0063810848654045045,1.0,0.13789517253953193
1261,0.84,-0.06000000000000005,0.14408908096489503,0.015765868655539233,0.013650713528858008,0.5614195414661788,0.46462245118758844,0.22062173497735843,0.019643764455912198,0.00632793192127819,1.0,0.13714867953381693
1262,0.84,-0.06000000000000005,0.1439581129101514,0.01575848515868698,0.013629228371678164,0.5614714579926828,0.464687244181916,0.21611932636829162,0.019742044390175045,0.006298264332986682,1.0,0.13836380771610313
1263,0.84,-0.06000000000000005,0.14375297829121317,0.01574949413412383,0.013439438977590019,0.5615527938928045,0.4647887654568509,0.1983048607927233,0.019744871977085875,0.006417101770708247,1.0,0.13428931003973446
1264,0.84,-0.06000000000000005,0.1439029308310128,0.015707629397747457,0.01318428319089802,0.5614933353767665,0.46471454947305846,0.20132316495170494,0.01975490423407863,0.006424968702850327,1.0,0.14693437822242417
1265,0.84,-0.06000000000000005,0.14360052068433363,0.015494944397003857,0.013176891964621648,0.5616132586181751,0.4648642455792404,0.20532372505669116,0.019777137358268165,0.006399464319277993,1.0,0.13960360063974592
1266,0.84,-0.06000000000000005,0.14332995506102328,0.015411101442107455,0.013174571387442999,0.561720597077967,0.4649982600882726,0.21481865906574643,0.019840859214335243,0.006480093974218499,1.0,0.13472554399258785
1267,0.85,-0.050000000000000044,0.14303743327897547,0.015237774894681585,0.012915582184047397,0.5952818083349102,0.5140627779530955,0.21156769914697074,0.019858591471623843,0.006473071618753105,1.0,0.13763772190668885
1268,0.86,-0.040000000000000036,0.14315999581620661,0.015248767804977905,0.012796866504671453,0.6328990702382722,0.5680530269354164,0.22636587943219666,0.020012660879725305,0.006604777522468469,1.0,0.15059404478431176
1269,0.86,-0.040000000000000036,0.14300605549927936,0.015124422997927031,0.012722873462002376,0.6329766234069787,0.5681462330106363,0.21702743968454427,0.020049794186154688,0.006680754898622223,1.0,0.14765293450431505
1270,0.86,-0.040000000000000036,0.14253437295764174,0.014905812612605969,0.01274222032821613,0.6332143694387432,0.5684320126582935,0.223147073375728,0.020167260293346506,0.0067225643570281764,1.0,0.12614513353751583
1271,0.86,-0.040000000000000036,0.14234263469567138,0.014883986748449967,0.012794955813147945,0.6333110639149251,0.5685482638696379,0.2224359009866223,0.0202811038859347,0.006706340191030807,1.0,0.13454710029260275
1272,0.86,-0.040000000000000036,0.14221616936262912,0.014867518572629204,0.012702392034260173,0.6333748571208894,0.56862496602858,0.21424772600424305,0.02028213069540376,0.006745308199707305,1.0,0.13789323943857534
1273,0.86,-0.040000000000000036,0.14188681759877034,0.014766812692918798,0.01265929675844529,0.6335410531400374,0.5688248174715411,0.22948461320097163,0.020417085971852912,0.006825829100461267,1.0,0.13011454961278243
1274,0.86,-0.040000000000000036,0.14179791133890093,0.014738386225712486,0.012759418137914072,0.6335859315715512,0.5688787900856648,0.22810357267136713,0.02042224021003069,0.006740828885840443,1.0,0.14211397788025806
1275,0.86,-0.040000000000000036,0.14160373975090987,0.014771183512618163,0.01270189492438393,0.6336839683360106,0.5689967020863014,0.2250151915000057,0.02049125551194561,0.0065568731156050416,1.0,0.12950003336802252
1276,0.86,-0.040000000000000036,0.14121269511220277,0.014604372406018884,0.012660719369416165,0.6338814979310448,0.569234314974089,0.21204924305007472,0.020534413380571433,0.006395272118176513,1.0,0.12812147094814305
1277,0.86,-0.040000000000000036,0.14085249338991,0.014264034822249182,0.012301387565361248,0.6340635567390484,0.569453362248577,0.20509253731329058,0.020332639271496866,0.006403381037887589,1.0,0.13666070495125854
1278,0.86,-0.040000000000000036,0.14089203918245086,0.014235374818035294,0.012330899994068901,0.6340435637735562,0.5694293052693132,0.20810517006431994,0.02003792835517311,0.006358612673793946,1.0,0.1325223738300718
1279,0.86,-0.040000000000000036,0.14091513621625756,0.014215245453786003,0.01234448160844705,0.6340318873067093,0.5694152555399999,0.20428969794209587,0.019841841438858313,0.006357014529275251,1.0,0.12966089727752975
1280,0.86,-0.040000000000000036,0.1408564769112083,0.014289265792212368,0.01239694252085035,0.6340615427533097,0.5694509388522075,0.20071955533316171,0.019569889210127624,0.006324353630978485,1.0,0.11996836666282717
1281,0.86,-0.040000000000000036,0.1410336980867209,0.014155329262860002,0.012581890623237346,0.6339719563470795,0.5693431462744426,0.20024974058103995,0.01915862642915145,0.006065286641542596,1.0,0.13905751443223358
1282,0.86,-0.040000000000000036,0.1411865184791129,0.014015227932104024,0.01249503001609125,0.6338947250128895,0.5692502279317065,0.20884144648404898,0.019141063088684494,0.006146610396911338,1.0,0.13583815048708364
1283,0.86,-0.040000000000000036,0.1415170576301378,0.01363054144393788,0.012292314867781994,0.633727743724648,0.569049356168659,0.20919362281534243,0.019121526186922522,0.006128780564584118,1.0,0.1417914622977583
1284,0.86,-0.040000000000000036,0.14141135880711028,0.013723199705694146,0.012367605935296436,0.6337811309338339,0.569113574921507,0.204806664558086,0.01909480770801365,0.0061192698745709375,1.0,0.12418977638580644
1285,0.86,-0.040000000000000036,0.14143913494790972,0.013733055387442957,0.012424708629196932,0.6337671006666086,0.5690966977466487,0.20872070740192256,0.019115050024115492,0.006062784844656508,1.0,0.14768514299652477
1286,0.86,-0.040000000000000036,0.14127598006143482,0.013997230290678545,0.012575785034190537,0.6338495222560723,0.5691958472877507,0.21631939770640024,0.019206452968429353,0.006016383364857441,0.0,0.11074984035452308
1287,0.86,-0.040000000000000036,0.14113260578116021,0.013990354897035519,0.012668092766329532,0.6339219688984992,0.5692830046397079,0.21157373547108285,0.019199298996731857,0.005988605546494974,1.0,0.13470663952218517
1288,0.85,-0.050000000000000044,0.14114212112785832,0.0139859769492043,0.012588895914671968,0.5961276082461132,0.515103329371287,0.19700464685246613,0.01906633731092274,0.006113995390700709,0.0,0.1351772685335591
1289,0.84,-0.06000000000000005,0.1410836666194693,0.013992239660936304,0.012435470200250829,0.5626133287232084,0.4661138654768857,0.19569720037574534,0.018956101573179486,0.0060670087008228455,0.0,0.1366914003503149
1290,0.84,-0.06000000000000005,0.1411753457277997,0.014140155871656058,0.01262056133760315,0.5625768375953467,0.46606822883998267,0.19401794940869493,0.018903047947867735,0.006052208598567472,1.0,0.1684080395667077
1291,0.84,-0.06000000000000005,0.14082078933409586,0.013787040187719705,0.012803437063920469,0.5627179882865003,0.46624477184965524,0.1974435891281147,0.018866636662960165,0.006073691779883384,1.0,0.1371771059817966
1292,0.84,-0.06000000000000005,0.14054683669032308,0.013684824725314277,0.012847545649841124,0.5628270987336607,0.4663812717405405,0.1952756343329383,0.018823395059395648,0.006085464789929056,1.0,0.13211124429540466
1293,0.84,-0.06000000000000005,0.14047178105627156,0.013604815815417549,0.012891897889161298,0.5628569994374433,0.4664186829776594,0.20072851853924367,0.018770140678479024,0.00611583585128841,1.0,0.15130183358728572
1294,0.83,-0.07000000000000006,0.14036135505885303,0.01362047353654981,0.013041810080326307,0.532903789359651,0.42208289029374174,0.1788767328421918,0.018799523234084285,0.006329027182428566,0.0,0.13296507965140103
1295,0.83,-0.07000000000000006,0.14035299181223668,0.013616341910193255,0.013046677858978771,0.5329067761173802,0.42208666345581647,0.17689930591574674,0.0188570812065156,0.006331997726213672,1.0,0.14666680174216495
1296,0.84,-0.06000000000000005,0.14077452078987432,0.014066934932901062,0.0132526314661285,0.5627364132524353,0.4662678200480894,0.18225326169110945,0.018873869386971037,0.006348523487130078,1.0,0.17643621216339989
1297,0.85,-0.050000000000000044,0.14086943244646452,0.013991345425993047,0.013506867848226594,0.5962494958147864,0.5152533857998907,0.20717579208035394,0.01886269419723764,0.006575052323753454,1.0,0.13439447674524008
1298,0.85,-0.050000000000000044,0.14086662812186368,0.013991191613381802,0.013489386525399391,0.5962507495628824,0.515254929431184,0.20358688331737218,0.01882122007737733,0.006608046508575305,1.0,0.14149521221658057
1299,0.84,-0.06000000000000005,0.14069690020314163,0.013974940256855278,0.013359994790177151,0.562767325875314,0.46630649106177174,0.20311893188191843,0.018779186609229247,0.006590582675486839,0.0,0.13363423923570095
1300,0.84,-0.06000000000000005,0.1407102589767617,0.013965282844708453,0.013145438721114447,0.5627620054631804,0.466299835188503,0.20536022934267303,0.018755835251681965,0.0065087038911824675,1.0,0.13127215370202883
1301,0.84,-0.06000000000000005,0.14049660725563154,0.01393076602764795,0.013091633259645236,0.5628471088111888,0.46640630777490516,0.207235748873258,0.018645273227719392,0.006470306803444653,1.0,0.13217424059788296
1302,0.84,-0.06000000000000005,0.14039144226454756,0.013918619404666769,0.013069823616854376,0.5628890083689341,0.4664587342386831,0.20529804634207327,0.018581821882298618,0.006474818527571288,1.0,0.13679408602119703
1303,0.85,-0.050000000000000044,0.1402568704576545,0.01398152692450654,0.013092985736505091,0.5965234832556406,0.5155907883267059,0.19717472832023675,0.018496255771922963,0.006522303818651947,1.0,0.1270744043806763
1304,0.85,-0.050000000000000044,0.14013142603609283,0.013968135424502521,0.013010086572187047,0.5965796232488522,0.515659938325667,0.2055600708213608,0.018445218782923038,0.006574458603026879,1.0,0.1354137747089179
1305,0.84,-0.06000000000000005,0.13979147972777395,0.013783266990946083,0.013017911247404952,0.5631281632178121,0.4667580509127729,0.1871621400283536,0.01840235713096626,0.006719560111103899,0.0,0.13050997362892564
1306,0.84,-0.06000000000000005,0.1398088395939361,0.013810248146977976,0.013114954671905594,0.5631212404371612,0.46674938481318595,0.19219964394093142,0.018365668018954433,0.006765081004023613,1.0,0.1621114328436133
1307,0.84,-0.06000000000000005,0.13987663619347893,0.013819711604793962,0.013192123161536201,0.5630942060878494,0.4667155436204188,0.1895789651298037,0.018346274127992786,0.006659119092921546,1.0,0.14516094599255047
1308,0.84,-0.06000000000000005,0.13982396525919621,0.013799847194154679,0.013203351561284115,0.5631152087516067,0.4667418342960278,0.19226911423195975,0.018166614904402807,0.006548780157707605,0.0,0.14242499898763245
1309,0.84,-0.06000000000000005,0.13976460245297714,0.013771624976063605,0.012945851196857695,0.5631388816937016,0.46677146876740133,0.19366923264804098,0.01813026550548968,0.006517853663028636,1.0,0.14338014722386994
1310,0.85,-0.050000000000000044,0.13990684367228676,0.013669458775508942,0.012895834950510715,0.5966801567253919,0.5157837834767512,0.1898182930885421,0.018140097666305626,0.006509580986017933,1.0,0.1370928654622866
1311,0.85,-0.050000000000000044,0.14018728405506767,0.013834286100014444,0.01302644814761242,0.5965546238708778,0.5156291448534949,0.18621113285963495,0.018191559732741638,0.006527730225783863,1.0,0.16215167195934976
1312,0.84,-0.06000000000000005,0.14025879938963343,0.013883764459134732,0.012864663488451528,0.5629418644893821,0.4665248756857764,0.18686450881754507,0.018232402179759306,0.006531993776128311,0.0,0.15338726712182738
1313,0.84,-0.06000000000000005,0.1404671434048227,0.013755753931001322,0.0127624793466424,0.5628588470917348,0.4664209947968552,0.1873966760426714,0.01826971743163573,0.0065356054354246094,1.0,0.14228904908973028
1314,0.83,-0.07000000000000006,0.14037988929271827,0.013769176524519883,0.012600891517311806,0.532897170366936,0.422074528629788,0.18270499477190544,0.018346029321324297,0.0065817205915856035,0.0,0.13394368443155946
1315,0.83,-0.07000000000000006,0.14010411707967585,0.013506687271241461,0.012341406597579473,0.532995671821259,0.4221989766534081,0.17724374315804617,0.01848099331110275,0.0065668167887800504,1.0,0.13943443409965844
1316,0.84,-0.06000000000000005,0.14046608203260727,0.013867539741020873,0.01249690605710559,0.5628592699473248,0.46642152388267244,0.1896746327914465,0.01847137704577904,0.006651017764291651,1.0,0.17202839397544345
1317,0.84,-0.06000000000000005,0.14063478800661003,0.01411970466451456,0.01246623670447467,0.5627920646832835,0.46633744032853675,0.18711881668728395,0.0184997411042679,0.006551283423133338,1.0,0.1699020094652789
1318,0.84,-0.06000000000000005,0.1404587543410985,0.014138140305914511,0.012665075675850743,0.5628621893507822,0.46642517671280564,0.19116846799855386,0.01840945563731809,0.006554003652390256,1.0,0.13026539509322038
1319,0.84,-0.06000000000000005,0.1404935844155251,0.014209613723497124,0.01294757911392762,0.562848313076082,0.46640781454551417,0.18373994310823644,0.01832358880289962,0.00657061876016982,1.0,0.17130332529286485
1320,0.84,-0.06000000000000005,0.1406487630012871,0.014447205013773095,0.012784451841318292,0.5627864983612528,0.4663304765096765,0.17784816448586918,0.018213645629391106,0.006614672920784479,1.0,0.17026808659636783
1321,0.84,-0.06000000000000005,0.14088053781872334,0.014581175295796011,0.012671430695693705,0.5626941971509374,0.4662150121287069,0.1722668830676256,0.018205055542797645,0.006520796771044031,1.0,0.16074287107897245
1322,0.85,-0.050000000000000044,0.14094447325376874,0.014671066935912422,0.012685839081168777,0.596215948778882,0.5152120832680519,0.192180448441494,0.017694504276576407,0.006711067949678388,1.0,0.16467324177411957
1323,0.85,-0.050000000000000044,0.14084668753506296,0.01460432374485652,0.012698419189455743,0.5962596646860115,0.515265905928601,0.19199849064914493,0.017189764833433395,0.0067092582673267225,0.0,0.14599718586588517
1324,0.85,-0.050000000000000044,0.14060865284145682,0.014264999218749087,0.012711399070190772,0.5963661068479399,0.5153969706508793,0.19543802729015736,0.016637629273611648,0.006727280612353106,1.0,0.1494029135636752
1325,0.85,-0.050000000000000044,0.14042388967153407,0.01398598405582143,0.0127003559287204,0.5964487537416676,0.5154987494131392,0.19361274262229894,0.016110314381251403,0.006712605364848319,1.0,0.15260934642698976
1326,0.85,-0.050000000000000044,0.14038026316690957,0.013883287787787215,0.01267909475781732,0.5964682717699421,0.5155227874050272,0.19270994888473722,0.015649118465548832,0.006419652581362428,1.0,0.1710227168257018
1327,0.85,-0.050000000000000044,0.14032708763094257,0.013837807663791791,0.012720276629044094,0.5964920636594625,0.5155520898984663,0.19793745806085153,0.015624846295640808,0.006451241704391065,1.0,0.14954958737333002
1328,0.85,-0.050000000000000044,0.1406922741759241,0.014233821823055902,0.012722752293306269,0.5963287094997834,0.5153509201568032,0.1930336112247954,0.015632565887345257,0.006287433971426848,1.0,0.17398967126726084
1329,0.86,-0.040000000000000036,0.14104342883873577,0.013984085432651965,0.012683989100462652,0.6339670381245804,0.5693372288472978,0.1930483858219312,0.015392691803760931,0.006146898645338265,1.0,0.14839148991830542
1330,0.85,-0.050000000000000044,0.14105458582613456,0.013985856994466047,0.0125987669760153,0.5961667297234137,0.5151514891887744,0.19371524144065255,0.014806862044022717,0.006082886833107744,0.0,0.1438274598174878
1331,0.85,-0.050000000000000044,0.14081323847894164,0.013938987346537791,0.012499461978028639,0.5962746198322707,0.5152843193496334,0.1952497974199547,0.014375411898420277,0.0060049755069950875,1.0,0.13157804677942053
1332,0.85,-0.050000000000000044,0.1409921817275595,0.013960494620493242,0.012433814644925559,0.5961946226411734,0.5151858279215642,0.19633685619917723,0.014130123969611837,0.005927897898172843,1.0,0.15152649852175426
1333,0.85,-0.050000000000000044,0.14074908591211804,0.01383711222946627,0.012367040242187084,0.5963033046846969,0.5153196384750223,0.19675603088486676,0.014020216541458545,0.005821105143476675,1.0,0.13577012983535847
1334,0.84,-0.06000000000000005,0.14096781205277265,0.013959715688485348,0.012187770818271442,0.5626594492046909,0.466171549119161,0.1977228876990701,0.013709472654547568,0.005595235103170578,0.0,0.15958529088745788
1335,0.84,-0.06000000000000005,0.14051751470182142,0.01343309176083501,0.011841603565634719,0.5628387796650538,0.46639588647617386,0.20190296179248546,0.01369396800818473,0.005637264340982697,1.0,0.13424577574662533
1336,0.83,-0.07000000000000006,0.14067279463916535,0.013280030491923391,0.011578762514309998,0.5327925890923785,0.42194242923704245,0.19906734181602093,0.013684620767087954,0.005621824025091148,0.0,0.13519343142427226
1337,0.83,-0.07000000000000006,0.14056851960833666,0.013273747793984027,0.011513323258248886,0.5328298155800868,0.4219894474691804,0.19433957713024416,0.013713027363893692,0.005607294688193879,1.0,0.1362068543658057
1338,0.83,-0.07000000000000006,0.14087970072986095,0.01359747707554851,0.011846021785554934,0.5327187384179528,0.4218491650632792,0.18963892074030597,0.01377563808912355,0.005632996915322592,1.0,0.17026056030951653
1339,0.83,-0.07000000000000006,0.1410954221054421,0.013721048251219317,0.011949956813898568,0.5326417631141588,0.4217519712379884,0.1917812818182201,0.013808274138657607,0.005652074969496563,1.0,0.15959803397479355
1340,0.83,-0.07000000000000006,0.14132438650160087,0.013864428374275147,0.011845264369808314,0.532560086669117,0.4216488597188124,0.1920400871316268,0.01383529561962189,0.00562914629170936,1.0,0.16129529456125885
1341,0.83,-0.07000000000000006,0.14157994231888427,0.013821278414088044,0.011913562795132603,0.5324689540779188,0.42153383257985294,0.18637306694919456,0.01392552818978114,0.005602051265587056,1.0,0.1518926241223204
1342,0.83,-0.07000000000000006,0.14183698520714313,0.0137249716600188,0.011733246384432995,0.5323773226460204,0.42141819939274144,0.1934640595860943,0.013895144690927017,0.00563198975849999,1.0,0.14940020488803324
1343,0.84,-0.06000000000000005,0.1417287707321365,0.013749816412329455,0.01182428967711798,0.5623566577777761,0.4657929309390183,0.1946972724128165,0.013887179974139496,0.00561531433478565,1.0,0.13321821245503207
1344,0.83,-0.07000000000000006,0.14190937697139014,0.013803332565788114,0.012023541035390356,0.5323515219007802,0.4213856447177708,0.19952941418140324,0.013837381007596072,0.005653580168952746,0.0,0.15493157742387037
1345,0.83,-0.07000000000000006,0.1418556712525327,0.013825528641336826,0.012232040708771165,0.5323706626172716,0.42140979577106896,0.2000938268109656,0.01379381235926755,0.005595603824239198,1.0,0.1334878621126384
1346,0.84,-0.06000000000000005,0.14188871563101216,0.013820356006348561,0.012261890772676287,0.5622930558913707,0.465713427891209,0.20049866853045725,0.01378575147860006,0.0053937380209306066,1.0,0.14136062419979223
1347,0.84,-0.06000000000000005,0.14217752313090404,0.01413812448739793,0.012552969430866508,0.5621782483895196,0.4655699404501849,0.19626068349140924,0.013710849972018236,0.0051615332806553005,1.0,0.17185454210158457
1348,0.84,-0.06000000000000005,0.14248616534667308,0.01444899870194578,0.012452049059387722,0.5620556079513829,0.46541669628399657,0.19779574153864005,0.013666397702756067,0.005028685691621242,1.0,0.1721608829483387
1349,0.83,-0.07000000000000006,0.14285927899124812,0.014628186649743384,0.012431399677426631,0.5320132041660461,0.420958938017907,0.20147549411818047,0.013403078365977154,0.005039696010539961,0.0,0.16831056820578494
1350,0.83,-0.07000000000000006,0.14302574733027493,0.014654049932200285,0.012533751238954076,0.5319539589694698,0.4208842475410352,0.2068322477967837,0.01319086423130316,0.005068741232754853,1.0,0.15354064120766664
1351,0.83,-0.07000000000000006,0.1431808936397362,0.0146213058988108,0.012537490673916997,0.531898755101264,0.42081466085377056,0.20120483421948582,0.013005014906701529,0.0051091975224838,1.0,0.14777131584421022
1352,0.84,-0.06000000000000005,0.14338400604441912,0.014684085563609972,0.01260972571742633,0.5616991507591544,0.46497148178993647,0.2061057921772871,0.012849919556111271,0.005105709258612774,1.0,0.1579670466684981
1353,0.84,-0.06000000000000005,0.14376149923223244,0.014936757968566116,0.012718096973401224,0.5615494148696138,0.46478454755380116,0.2088770636037258,0.012607982576340245,0.005086318756214806,1.0,0.172360663464679
1354,0.84,-0.06000000000000005,0.14406132622113285,0.014977379236495015,0.012709270592142084,0.5614305428121975,0.4646361806069156,0.20007338478473324,0.012221431893234458,0.005108078008684674,1.0,0.16092918111871785
1355,0.84,-0.06000000000000005,0.14454952860801634,0.01493644402476645,0.012654498901958255,0.5612370934320985,0.4643948002070302,0.20379649961918744,0.011975909604733995,0.005133375462590461,1.0,0.1674614268264123
1356,0.84,-0.06000000000000005,0.14477287460300897,0.014893045865267246,0.012700589574248224,0.5611486373926025,0.4642844555289496,0.20168950404821673,0.011741961388860644,0.005102305803981072,1.0,0.15293043067321693
1357,0.84,-0.06000000000000005,0.1451989088843536,0.014805356519717467,0.012701251441245372,0.560979984083486,0.4640741175151996,0.20159147290185983,0.011594523982366503,0.005077635136170369,1.0,0.16323123971192727
1358,0.85,-0.050000000000000044,0.14551636184922503,0.014390158642842743,0.012612522646811168,0.5941791801343701,0.512708141779914,0.2041700435991403,0.011488482913878781,0.005012345236843641,1.0,0.14213782385861917
1359,0.85,-0.050000000000000044,0.14561633963073756,0.014388092487268408,0.012670655241075466,0.5941347956728482,0.5126536576458656,0.20227008395252527,0.011468153851588728,0.005000684643805231,1.0,0.15026787202502234
1360,0.85,-0.050000000000000044,0.1455741620375267,0.014416818022680933,0.012830695299669998,0.594153519322116,0.5126766414370626,0.2012321454678595,0.011422026568796184,0.004905167200575605,1.0,0.13367741321844895
1361,0.85,-0.050000000000000044,0.14566397625104,0.014392003975540324,0.012944206001532711,0.594113650049023,0.5126277015508114,0.20181942863458116,0.011229214756169488,0.004865620478935756,1.0,0.14613010088514344
1362,0.85,-0.050000000000000044,0.1460074492872666,0.014621708356532917,0.013171544514434235,0.5939612288692867,0.5124406287887826,0.21262846682694397,0.011182864763908125,0.004794858586176104,1.0,0.17271111133876338
1363,0.85,-0.050000000000000044,0.1460499773384018,0.014593721625803677,0.013388957928604117,0.5939423618661329,0.5124174753633355,0.20944192224715677,0.011226004956415906,0.004796557984366059,1.0,0.13854211515325565
1364,0.85,-0.050000000000000044,0.14599461501995356,0.01460076092430761,0.013343758470439141,0.5939669228564004,0.5124476165232943,0.20937812633577657,0.011266982832438429,0.0047567926894811485,1.0,0.14139814637760129
1365,0.85,-0.050000000000000044,0.1461179531391034,0.01459834665482586,0.013400942405085273,0.5939122077968974,0.51238047183672,0.2111547844897077,0.011311097024009278,0.0046788303071061575,1.0,0.1519374125547266
1366,0.85,-0.050000000000000044,0.1461494334778666,0.0145771245935911,0.01351358540277937,0.5938982441540378,0.5123633369082925,0.20807841064660185,0.01124083458760342,0.004677066811392322,1.0,0.13787357786890986
1367,0.85,-0.050000000000000044,0.14662186730927718,0.015051455051897086,0.01385753696137749,0.5936887668841233,0.5121063260575357,0.2041207748444618,0.011186238461036831,0.004567566362068221,1.0,0.18488110504774646
1368,0.85,-0.050000000000000044,0.14649569108526608,0.015070502114413409,0.014301613450110303,0.5937446989866748,0.5121749425125963,0.20217324225301941,0.010861339531435874,0.004492910734227717,1.0,0.13797642238320118
1369,0.85,-0.050000000000000044,0.14645437064374053,0.015072936969031035,0.014140367662249298,0.5937630180340175,0.5121974171631462,0.19658244309492717,0.010718028141822628,0.004487568971267197,1.0,0.14352089035176085
1370,0.85,-0.050000000000000044,0.14672394661248978,0.014947846447807356,0.014152285574426965,0.5936435243101413,0.5120508273086899,0.19963939559169785,0.010443168256999367,0.00451126371982947,1.0,0.1531027304124365
1371,0.85,-0.050000000000000044,0.14716314358541843,0.015226245415799118,0.01437468888783161,0.5934489464253938,0.5118121806761268,0.19450298834569787,0.01018028489904281,0.004480437783098365,1.0,0.17846679758546924
1372,0.85,-0.050000000000000044,0.14723494735051681,0.015199267867565293,0.014633421128349408,0.5934171472605602,0.5117731857910119,0.19976358910488412,0.010059301066041713,0.00437966721302218,1.0,0.14507361594841428
1373,0.85,-0.050000000000000044,0.14734899235900042,0.015112920698248907,0.014548119484104925,0.5933666480548828,0.5117112629222574,0.19820953283436313,0.009564507264585034,0.004381414846768811,1.0,0.14151905046114255
1374,0.85,-0.050000000000000044,0.14722617624207582,0.015204589977742683,0.014538753219065604,0.5934210314691809,0.5117779488489023,0.19720885231231633,0.00907920162772402,0.004360326961422198,1.0,0.12983236618779992
1375,0.85,-0.050000000000000044,0.14764224878868096,0.015282910508698754,0.014941746748569195,0.593236833369673,0.5115521026491233,0.19628942701921925,0.008660208952576166,0.004238644909332968,1.0,0.1711072880285348
1376,0.85,-0.050000000000000044,0.14789963589022415,0.015168293399207621,0.015029705060922272,0.5931229436161155,0.5114124914466158,0.19475429326511084,0.008541228157599917,0.004183881555972607,1.0,0.15386018110246447
1377,0.85,-0.050000000000000044,0.14826591734370376,0.015333817167875465,0.015184152920271428,0.592960945193922,0.5112139454037599,0.19712129288258873,0.00850617410507889,0.004177360009169057,1.0,0.17328885029921748
1378,0.85,-0.050000000000000044,0.14845982984601963,0.015255910752840161,0.015371160492847322,0.5928752176780104,0.5111088958466357,0.19959740972627454,0.00844015442768694,0.004163831167971701,1.0,0.15191362406166176
1379,0.85,-0.050000000000000044,0.14860184827394807,0.015145955808454624,0.015354578203721967,0.5928124479344635,0.5110319866087129,0.20177892471180203,0.008422843489066809,0.004149804626321128,1.0,0.14386274007036914
1380,0.85,-0.050000000000000044,0.14912654290807267,0.015053486323279918,0.015450395802060484,0.5925806569979174,0.510748041952072,0.1979882652888394,0.008415839404926597,0.004183348511885177,1.0,0.17243783007528846
1381,0.85,-0.050000000000000044,0.14920756035802057,0.015020843363688172,0.01567321607178892,0.5925448825999239,0.5107042265284776,0.19887107922040823,0.00841192965812417,0.004105480916214064,1.0,0.14715925942702357
1382,0.85,-0.050000000000000044,0.14941047071809307,0.014975855255142126,0.015703686932967042,0.5924553036212121,0.5105945226181561,0.2077107401606078,0.00839697682712608,0.004191213083980793,1.0,0.15612918649433283
1383,0.84,-0.06000000000000005,0.149329848596458,0.01503822644441059,0.01575215410921075,0.559349919377302,0.46204446492535434,0.20030022230313016,0.008315716974990284,0.0042217540900436334,0.0,0.13372925013425396
1384,0.84,-0.06000000000000005,0.14990446568965196,0.015163928242243293,0.01599889015931406,0.5591239262460048,0.4617635442611118,0.20344231511226865,0.00830411885544443,0.004213956614945674,1.0,0.18165148570520018
1385,0.84,-0.06000000000000005,0.14978123875235982,0.015231381530968998,0.01609337231886849,0.5591723752085043,0.4618237590683404,0.20229980954503424,0.008238220219757474,0.004148742627700791,1.0,0.13536244926731056
1386,0.84,-0.06000000000000005,0.15017407330238436,0.014717567702397818,0.015999574813030156,0.5590179542714625,0.4616318553232693,0.19656837706365404,0.00800590522742388,0.004158699902913547,0.0,0.15003329535697807
1387,0.84,-0.06000000000000005,0.15050931182893618,0.014743213413412238,0.016178631053525263,0.5588862414236416,0.46146821391200754,0.1969596613625751,0.007866917596429657,0.004015489758270156,1.0,0.16823049217736707
1388,0.85,-0.050000000000000044,0.15077243968263118,0.014701977993960516,0.016231422027843976,0.5918547345386302,0.5098593893665424,0.20059759532211474,0.007876673756324575,0.0040390300358743875,1.0,0.1614900539030586
1389,0.85,-0.050000000000000044,0.15090642515421915,0.014633936794218752,0.016026204524586928,0.5917957185487522,0.5097871840249951,0.19873635528392522,0.007878679783566309,0.0040408683093202365,0.0,0.1500899475091132
1390,0.85,-0.050000000000000044,0.15091445045239849,0.014643749300688852,0.01590387814368407,0.5917921840546341,0.5097828598067703,0.19870858718620574,0.007876463644115156,0.004006546373747507,1.0,0.1692105693846413
1391,0.85,-0.050000000000000044,0.15095021888982238,0.014614490262056686,0.016140148426250358,0.5917764314671751,0.5097635878287848,0.20000922977640193,0.007882828138129613,0.003997785644404273,1.0,0.14075394972418642
1392,0.85,-0.050000000000000044,0.1511232562964299,0.014492338785381876,0.016033789294332072,0.5917002368226834,0.5096703761172146,0.20650190042584687,0.00794026917907088,0.004008288537769318,1.0,0.14941498495615713
1393,0.85,-0.050000000000000044,0.1511875251966759,0.014507231164657575,0.0159325467157446,0.5916719418924047,0.5096357644562924,0.20584633036534095,0.007981188708695923,0.0037941853495213804,1.0,0.15772872361188195
1394,0.86,-0.040000000000000036,0.15142554791765234,0.014401176017122748,0.015803856309401877,0.6287627119900416,0.563093003687001,0.20478113044853127,0.007808978195764346,0.003784970935282639,1.0,0.15676735174904777
1395,0.86,-0.040000000000000036,0.15175703446123393,0.014666881044112687,0.015735964328897213,0.6285979524064691,0.562895889924949,0.20685230446106512,0.0075958336587069585,0.003751811523536892,1.0,0.1798154561003208
1396,0.86,-0.040000000000000036,0.15152304391681545,0.014456431683591217,0.015581788197186194,0.6287142443454391,0.5630350147477619,0.20604733350082194,0.0074861794231850295,0.0035081998121328384,1.0,0.1530371577215518
1397,0.86,-0.040000000000000036,0.15181996321440014,0.014406413801305579,0.015621672170022732,0.6285666845226563,0.5628584858208338,0.2041191244194197,0.0074537785551607215,0.00349142506787446,1.0,0.16408640650370976
1398,0.86,-0.040000000000000036,0.15177092350328392,0.014449757391056027,0.01581999734596085,0.6285910509859547,0.5628876340156553,0.20478767071060106,0.007464189998689428,0.0034934512785383745,1.0,0.1365912411049568
1399,0.87,-0.030000000000000027,0.15160051035825647,0.014759809308829488,0.015998141091802514,0.6708504814426062,0.6221990120397868,0.2069409888514991,0.007501399719731739,0.0034925625985398234,1.0,0.11659292473295968
1400,0.87,-0.030000000000000027,0.15173204833310114,0.014636153550159507,0.01627017078430432,0.6707760460516046,0.622112582372752,0.21395726763945153,0.007636017825952257,0.0035444894597253533,1.0,0.14442595118649248
1401,0.87,-0.030000000000000027,0.15191745858913946,0.014504064044458436,0.016287034113515533,0.6706711531818003,0.6219907956109568,0.21208570503982332,0.007710514360407096,0.0035438213796086205,1.0,0.15071526620171638
1402,0.87,-0.030000000000000027,0.15202466319374205,0.014431322647300762,0.016221186013310872,0.6706105188676658,0.6219203999993784,0.21007781251697866,0.007770814405255475,0.003482049404871329,1.0,0.147514546481457
1403,0.87,-0.030000000000000027,0.1520791648048813,0.014347037564572356,0.01628836389875143,0.6705796972701916,0.6218846177741899,0.20660424039998498,0.007817946238934167,0.003432435562607386,1.0,0.13252456549460012
1404,0.87,-0.030000000000000027,0.1521564493779206,0.01427770462577256,0.01634607971125907,0.670535996373197,0.6218338847913998,0.2022454861982108,0.007792982767062843,0.003290625698049477,1.0,0.1431422320128486
1405,0.88,-0.020000000000000018,0.1522457420916359,0.014169560682686962,0.01606427696174093,0.7186713878967823,0.6871679564200496,0.2083259741842656,0.007782945445286288,0.00330116089071086,1.0,0.13943924500045657
1406,0.88,-0.020000000000000018,0.15210549650998995,0.014140594908227794,0.015980409717574234,0.7187624903326967,0.6872696897398071,0.21433264240711697,0.007922077846534495,0.003335362803960594,1.0,0.14808687467901638
1407,0.88,-0.020000000000000018,0.1521334255161679,0.014129605036207167,0.01595411760710705,0.7187443460263433,0.6872494278010598,0.20643829085122442,0.00791108403791059,0.003387930505513488,1.0,0.14795384661034927
1408,0.89,-0.010000000000000009,0.15228701240326223,0.0141066958823763,0.016043760969233076,0.774288399880061,0.7594049618389987,0.20565871166761698,0.007915953713060917,0.0033816624324581974,1.0,0.1577836876970634
1409,0.89,-0.010000000000000009,0.15229305474896446,0.014103008419659797,0.016119640000964244,0.7742838444061746,0.7594001189540657,0.2101414466844267,0.007979786144846242,0.003388044204754266,1.0,0.14398438179409456
1410,0.89,-0.010000000000000009,0.15254693236514766,0.01405552565355035,0.016053351503887956,0.774092488220992,0.7591966941665689,0.2101793849807183,0.008004988093634199,0.0033519914579601706,1.0,0.16248062708060518
1411,0.88,-0.020000000000000018,0.15234817400619755,0.014058831405128943,0.0161689109602389,0.7186048635162579,0.6870936719419056,0.2037081867106777,0.007911786143129587,0.0034107573399008826,0.0,0.14227583606433947
1412,0.88,-0.020000000000000018,0.15236958964356487,0.014062028675956089,0.016190676382078533,0.7185909566926643,0.6870781431730858,0.20886318627548248,0.007869059616452047,0.0034574526160592502,0.0,0.1555288308585604
1413,0.87,-0.030000000000000027,0.15241958593213667,0.014034961151091846,0.01618961363716418,0.6703872473692222,0.6216612124712201,0.20747008593913924,0.007813422836595748,0.003424133616721647,0.0,0.1472886779469107
1414,0.87,-0.030000000000000027,0.15238971316413086,0.01407736953396022,0.016299123946738242,0.6704041308867809,0.621680810395968,0.21284188155887795,0.007732611175479165,0.00342323002082144,0.0,0.13095640763097938
1415,0.87,-0.030000000000000027,0.15239687921296194,0.014070953789427668,0.01606276709296045,0.6704000806954046,0.621676109022095,0.2122617813113271,0.0074826314929079965,0.003303525077530031,1.0,0.14015103898276282
1416,0.87,-0.030000000000000027,0.15180296781026653,0.01447733830080224,0.016319205484543204,0.6707359206236422,0.6220659932688791,0.20431275432756088,0.007415067124462619,0.0033580019551017856,1.0,0.11263725370590566
1417,0.86,-0.040000000000000036,0.15146677273684397,0.014443455009507656,0.01615767653550341,0.6287422172128095,0.5630684824178644,0.20262285667405125,0.007294664795027379,0.0033341660595688524,0.0,0.1362825021230244
1418,0.86,-0.040000000000000036,0.15167652312073668,0.01428547953492755,0.015894242203784433,0.6286379612192592,0.5629437521597824,0.20125684323939225,0.0072321931335917146,0.003272928570117757,1.0,0.15124043348249
1419,0.86,-0.040000000000000036,0.15130780847692102,0.01424993491797093,0.016053568808579315,0.6288212531064765,0.5631630490009343,0.1994150013718784,0.0070285860083730434,0.003232020118048531,1.0,0.13443186091129938
1420,0.86,-0.040000000000000036,0.15111516113988288,0.01412195233097393,0.016124743318315253,0.6289170626213293,0.5632776959629902,0.19501420616947568,0.006663185235677489,0.0032200960148582197,1.0,0.1510033528925529
1421,0.86,-0.040000000000000036,0.15104190281108928,0.01409078526019153,0.016109423263890095,0.6289535039302002,0.5633213052085486,0.19988201202317757,0.006002417194606143,0.0030681186459676486,1.0,0.1534170381996091
1422,0.86,-0.040000000000000036,0.15085731647825867,0.014031787157017257,0.01599352804975183,0.6290453424923563,0.5634312157779512,0.20829126273023074,0.005969846580048602,0.0031512226148030435,1.0,0.14621460849106238
1423,0.87,-0.030000000000000027,0.15078707031731253,0.014073463669044167,0.016032278666135692,0.6713111623276958,0.6227340330671828,0.21423788293302037,0.006024742839241303,0.0031765466911846314,1.0,0.13897256977127037
1424,0.86,-0.040000000000000036,0.150624823207118,0.014181594369550101,0.01605841941728452,0.6291610547088735,0.5635697132265112,0.21265887913639597,0.006087679561496371,0.0031740590056166113,0.0,0.13317820254422208
1425,0.86,-0.040000000000000036,0.15037024265114518,0.014370925213833876,0.015933303672999683,0.6292878086356224,0.5637214463046897,0.20436655420343777,0.0060347137271596725,0.0032487007348630404,1.0,0.1271512908297091
1426,0.86,-0.040000000000000036,0.1501081626124942,0.014230186146395431,0.01589482178086356,0.6294183498667337,0.5638777345381939,0.20737166706702978,0.0059844249648095295,0.0032262522872618053,1.0,0.14481471296060477
1427,0.86,-0.040000000000000036,0.15005361579637388,0.014242671621662921,0.015655223026372428,0.6294455262712993,0.5639102737623615,0.20930869202924057,0.006010795091818332,0.0031962843895461954,1.0,0.1440949057612958
1428,0.86,-0.040000000000000036,0.14977526018802373,0.014042753539944266,0.015417455585180456,0.6295842456135538,0.5640763818328549,0.21462177280578715,0.00606196105797741,0.0032498026337826674,1.0,0.14615411043224613
1429,0.86,-0.040000000000000036,0.14956803360389206,0.01421350687958354,0.01555807426019351,0.6296875573054084,0.5642001073800736,0.22418374700028698,0.006360492452332351,0.0033396523163662893,1.0,0.1276688315051362
1430,0.87,-0.030000000000000027,0.14952795407759406,0.014235271941429243,0.015557076913168127,0.6720254949518334,0.6235640039369259,0.2220406270999136,0.006575947206712658,0.0033457994266801396,1.0,0.13981950718769054
1431,0.87,-0.030000000000000027,0.14963066185811397,0.01414213975669628,0.015376075558636643,0.6719671689522563,0.6234962192503746,0.2205351635838368,0.006752996417814916,0.003350025737153415,1.0,0.1418488248314072
1432,0.87,-0.030000000000000027,0.14939626327747965,0.0143021215495296,0.015355932282744568,0.6721002947306071,0.6236509382926366,0.21982568945865283,0.006911533461256089,0.003352958054724066,1.0,0.1280866404583269
1433,0.87,-0.030000000000000027,0.14928909789011213,0.014443273111020467,0.015146011962619558,0.6721611764753834,0.6237217003349295,0.22316752840215626,0.007146098723115677,0.0033769477732018454,1.0,0.12505359109860337
1434,0.88,-0.020000000000000018,0.14893618111948126,0.014617496852982519,0.014897733802350831,0.7208274292551211,0.6895767513888564,0.22566833225171307,0.0074412915683412986,0.003359985447506304,1.0,0.12429361382437432
1435,0.88,-0.020000000000000018,0.1489905848672734,0.014572776161007397,0.015043641691480274,0.720791882901913,0.6895370182427292,0.2212439196032794,0.007629832271542088,0.0033760338583342753,1.0,0.1396861505258356
1436,0.89,-0.010000000000000009,0.14882204702140447,0.014826617470723448,0.015249026345489589,0.7769095818528731,0.7621923110587647,0.2252481885932499,0.007889711066176305,0.0033687258210028993,1.0,0.11833964683738007
1437,0.89,-0.010000000000000009,0.14880299290828633,0.014844031497620225,0.015066279782589578,0.7769240450005752,0.7622076954785504,0.22715182842865622,0.008135237583378873,0.00334047312853288,1.0,0.13430144305398983
1438,0.89,-0.010000000000000009,0.14852143819047425,0.014700692000251857,0.015037402198141045,0.7771378237145572,0.7624350970743613,0.2302415162007872,0.008372491260999053,0.00335004208504012,1.0,0.1421050885283085
1439,0.88,-0.020000000000000018,0.14841686591740516,0.014658660796859657,0.015091326011808848,0.7211669162776172,0.6899562578230362,0.22747809983930686,0.008546803919736008,0.003375341186535814,0.0,0.14914080666788576
1440,0.87,-0.030000000000000027,0.14799693392866797,0.014883485905333352,0.015297750663742272,0.672896137190175,0.6245761909352017,0.2201257826439498,0.00855551745505704,0.0033923643886865696,0.0,0.11930209568753825
1441,0.87,-0.030000000000000027,0.14795986913501039,0.014878352492189866,0.015564332783285083,0.6729172427229893,0.6246007359268955,0.22008519950375968,0.008440572600304622,0.003321148131144048,1.0,0.14818614475656366
1442,0.87,-0.030000000000000027,0.14777241776600655,0.014976783720905964,0.01557795989778926,0.6730240020599381,0.6247248992450508,0.22356627530038276,0.008514057692052655,0.0033438538177087036,1.0,0.13065506798764892
1443,0.87,-0.030000000000000027,0.14767346960529198,0.015104752809216377,0.015432690267842124,0.6730803697509254,0.6247904600560955,0.2225662368444056,0.00857590121377979,0.0033051457034399207,1.0,0.12332339638357703
1444,0.88,-0.020000000000000018,0.14750189969295482,0.015118769752539866,0.015362058697088045,0.7217658271754233,0.6906259163919743,0.23088637041530988,0.008869819745411974,0.0033834863190090303,1.0,0.13777458619015504
1445,0.88,-0.020000000000000018,0.14731382016122388,0.015406191067139306,0.015515815415910844,0.7218890619724645,0.6907637318306372,0.2279317988914425,0.009077209127749035,0.0034092411655178767,1.0,0.11467990893954383
1446,0.87,-0.030000000000000027,0.14733770828218623,0.015398792012905185,0.01550142763262489,0.6732717129375068,0.6250130305120238,0.22217362936162705,0.009166574292672043,0.003424596564414517,0.0,0.14374943629602666
1447,0.86,-0.040000000000000036,0.14705812632910173,0.015203693882472284,0.015499817225052738,0.6309415556497759,0.5657029798979718,0.21802510501551137,0.009151139465803813,0.003450995213898202,0.0,0.14389634679313779
1448,0.85,-0.050000000000000044,0.14676709798315918,0.014997537548311022,0.015469392817946695,0.593624401262086,0.5120273702730926,0.21923799437173214,0.009163044521403818,0.00342607740356164,0.0,0.1430580483540821
1449,0.85,-0.050000000000000044,0.1462875111196271,0.015067599486754646,0.01554955685333445,0.5938370052088509,0.5122881939936056,0.21412011385716573,0.009157784224115862,0.0034236645433188433,0.0,0.12035188185257639
1450,0.85,-0.050000000000000044,0.1461305505495575,0.015072978101939045,0.015667974802674612,0.5939066199211548,0.5123736148566167,0.21407100523967598,0.009174947138662758,0.003367318028573307,1.0,0.13784458420070866
1451,0.85,-0.050000000000000044,0.1463326117662466,0.01522825609578159,0.015869359878312214,0.5938170053146548,0.512263654649971,0.2187436493675004,0.009204949369001373,0.003365011828270511,1.0,0.16797743751311917
1452,0.85,-0.050000000000000044,0.14621652324240744,0.015183303756529643,0.015942346003891574,0.5938684875317941,0.5123268233892844,0.21180508722875002,0.0092076550360663,0.0034071056738494165,1.0,0.14635819428458174
1453,0.85,-0.050000000000000044,0.14592710839631015,0.014956337876850337,0.015856563509787237,0.5939968743061927,0.5124843742611093,0.20672984616974255,0.009209363499467925,0.00336944468637482,1.0,0.1434191788549496
1454,0.85,-0.050000000000000044,0.14596424866546223,0.014998098722294179,0.01600496536303249,0.5939803954767268,0.5124641505223146,0.20391918174849305,0.00918197709607907,0.0033602280155343683,1.0,0.1646432080339243
1455,0.85,-0.050000000000000044,0.14554965373577472,0.014971129875997356,0.01624850352488165,0.5941643996895368,0.5126899976666829,0.20423376683075514,0.009179809586852862,0.0033421228590827658,1.0,0.12600193385766223
1456,0.85,-0.050000000000000044,0.1455163803299485,0.014958381176626982,0.01638285046623745,0.5941791719293648,0.5127081317075439,0.19975799243606307,0.009196279976742293,0.003386342487853828,1.0,0.14960309009059664
1457,0.85,-0.050000000000000044,0.14522301882895433,0.014895619759015157,0.01632845233113422,0.594309446070344,0.5128680695631025,0.19808692728732913,0.009229345025106604,0.0033771757651412378,1.0,0.13389508961250812
1458,0.85,-0.050000000000000044,0.14523247917695273,0.014893957643597588,0.016339146481432677,0.5943052440867779,0.5128629103157636,0.19959476519538444,0.009262047987157414,0.00337321493949922,1.0,0.14308385865845846
1459,0.85,-0.050000000000000044,0.1453220673737116,0.014950811893492379,0.0163346250090678,0.5942654548247368,0.5128140580970598,0.20198741958951452,0.009263982038968794,0.0033868989385847184,1.0,0.15922669170090908
1460,0.85,-0.050000000000000044,0.145464414668135,0.014906965442984504,0.016323128659304395,0.5942022443529613,0.5127364556137719,0.19637982781296204,0.009314312083614,0.0034376091265628066,1.0,0.14791214266079183
1461,0.85,-0.050000000000000044,0.1454067297450641,0.01491543650338531,0.016130901625255073,0.5942278581908017,0.5127679004710434,0.20012249443386768,0.009327851988132152,0.003366231635942027,1.0,0.1403616085780547
1462,0.85,-0.050000000000000044,0.14517261774610568,0.0146666872112841,0.015876046137167792,0.594331833618585,0.512895557791392,0.2048836430549392,0.009324571978714575,0.0033821367272681316,1.0,0.14929991144292182
1463,0.85,-0.050000000000000044,0.14501728025831223,0.014817573646217925,0.016112768499235142,0.5944008432532858,0.5129802957858864,0.2125038714664241,0.009333221385503777,0.0034584643282792905,1.0,0.12300836637390866
1464,0.85,-0.050000000000000044,0.1449401181009722,0.0148562597907744,0.01611412504562465,0.5944351289742921,0.513022398845293,0.20875185396414803,0.009332741500413718,0.0034784174530100476,1.0,0.13368193064359535
1465,0.85,-0.050000000000000044,0.1448360559445187,0.01484332214090747,0.016051351627240477,0.5944813735268469,0.5130791906712568,0.2063733033618989,0.00933048061391597,0.003471368733405434,1.0,0.14153119690937854
1466,0.85,-0.050000000000000044,0.14488672333547264,0.014828109193269575,0.015590761656291875,0.5944588563656604,0.5130515374187906,0.20141463138916652,0.009355579783032726,0.0034814802098760635,1.0,0.14294031696430354
1467,0.85,-0.050000000000000044,0.14455558864755036,0.014291295812719098,0.015206141824238047,0.5946060472256449,0.51323231807131,0.20108855234212128,0.009373752512758408,0.0034651018912457902,1.0,0.15176763625552003
1468,0.85,-0.050000000000000044,0.14467801352323817,0.014286848006158951,0.015165780797318637,0.5945516203252147,0.5131654662300896,0.20051736746164694,0.009385842344363212,0.0034143987167243968,1.0,0.15021890995198173
1469,0.85,-0.050000000000000044,0.14470895705381392,0.014287659280126323,0.015105395206227406,0.5945378652176059,0.5131485718331462,0.20170506271454697,0.009336223866848176,0.0033955173304226725,1.0,0.14661524340933835
1470,0.85,-0.050000000000000044,0.1446563440823208,0.014266324310777113,0.014861578263608725,0.594561253266623,0.5131772978673789,0.1973969450525828,0.009359510428229032,0.003387150768967766,1.0,0.14784143326312194
1471,0.85,-0.050000000000000044,0.14458838163126772,0.014120538139116755,0.014764971572497457,0.5945914673449733,0.513214409289163,0.19080827163645048,0.009420655983575806,0.003400565644290454,1.0,0.1716705524801614
1472,0.85,-0.050000000000000044,0.14466321909521856,0.014142725646237139,0.014922129397238802,0.5945581970119993,0.5131735440123673,0.1862008092129351,0.009635979586252192,0.003431408130684336,1.0,0.1525573623434966
1473,0.85,-0.050000000000000044,0.14485424204194847,0.014227717977290017,0.014885536452969092,0.594473291223356,0.5130692647186702,0.18896621546257233,0.009773206607412465,0.0034492336430842403,1.0,0.16062134513413784
1474,0.85,-0.050000000000000044,0.14505455506055834,0.014155642319700021,0.014577281455439975,0.5943842822316978,0.5129599594933352,0.19152958136462023,0.009851640828810748,0.003465839103780712,1.0,0.14986366804878543
1475,0.85,-0.050000000000000044,0.14503863816358173,0.014127205440687388,0.014601572600450238,0.5943913539222315,0.5129686431965645,0.1898035285777354,0.009948688390118263,0.0034677675788592622,1.0,0.1695155983308717
1476,0.85,-0.050000000000000044,0.14479839582530668,0.014179324352260624,0.01480612797276495,0.5944981112146556,0.5130997467453556,0.19349394624698074,0.009966025419827019,0.003481135437968025,1.0,0.12983594727496212
1477,0.85,-0.050000000000000044,0.14460037111391116,0.013915882145346335,0.014829109847988662,0.5945861369555692,0.5132078619495537,0.19726603160984044,0.009964482647514192,0.0034942260290707905,1.0,0.15348637915966523
1478,0.85,-0.050000000000000044,0.1446470894724379,0.013948160456737935,0.014779091633477303,0.594565367409502,0.5131823511029762,0.21236609076415905,0.009940125661815123,0.0036247163742100953,1.0,0.15658545991433342
1479,0.85,-0.050000000000000044,0.14448072408492765,0.01405532724931463,0.014787012528326475,0.5946393349640091,0.5132732075115614,0.2176445687311339,0.00996703759972202,0.0036397448443516328,1.0,0.12722620131934625
1480,0.85,-0.050000000000000044,0.14390874787487523,0.014069795546853291,0.014652744059650058,0.5948937812233906,0.513585823993469,0.2185865223772484,0.009968725771834873,0.003640342215205629,1.0,0.1152402090700465
1481,0.85,-0.050000000000000044,0.14352884404914978,0.01448370629172949,0.014623465323773897,0.5950629035773922,0.5137936728930165,0.21379737030506202,0.009937997023942359,0.0035994279842155976,1.0,0.10916887685447696
1482,0.84,-0.06000000000000005,0.14313486542016052,0.014670239040735273,0.014473591691257238,0.5617980182609139,0.46509493836068155,0.21328872692491474,0.009949294136494263,0.003529712080404179,0.0,0.11673132359540628
1483,0.84,-0.06000000000000005,0.1432788745025225,0.014647868391818584,0.014306688652914786,0.5617408662984754,0.465023569593861,0.2224920367548463,0.010010919930041688,0.0035909364947556244,0.0,0.14813015837045002
1484,0.83,-0.07000000000000006,0.14284458852619492,0.014138688100297562,0.013939196065643233,0.5320184330581116,0.4209655305612706,0.23026980813389958,0.010222697830333843,0.0036579593817436936,0.0,0.13822288807244443
1485,0.83,-0.07000000000000006,0.143167701717711,0.014331892991699463,0.014088489340964534,0.5319034485804622,0.4208205768390408,0.2308374937701253,0.010427833205578567,0.003605800322701729,1.0,0.16767376841892073
1486,0.84,-0.06000000000000005,0.14315854325235247,0.014327794805684038,0.014092116843766649,0.5617886205924195,0.46508320247320967,0.22857431690323576,0.010523220264938965,0.0036247083284387848,1.0,0.14911744882112254
1487,0.84,-0.06000000000000005,0.1428221181921743,0.01412873102697107,0.01417079385777941,0.5619221763116711,0.46525000672331496,0.2519404027441691,0.011258547679286593,0.003823982589867004,1.0,0.13458798615955053
1488,0.84,-0.06000000000000005,0.14254900743611387,0.01402884782805896,0.014059772660492421,0.5620306439073928,0.46538550687389874,0.2584204993469021,0.012198273159496974,0.0038706377066805744,1.0,0.13417897829701714
1489,0.85,-0.050000000000000044,0.14219666107796955,0.014275334444176196,0.014061823617328889,0.5956567140301674,0.5145238537220987,0.25925419763418156,0.013058720193824709,0.0038787784156660288,1.0,0.11485531169467861
1490,0.85,-0.050000000000000044,0.14173054987393455,0.014146056292770263,0.01385260662365218,0.5958647595302955,0.5147798235966539,0.26090468628852487,0.013896445078237531,0.003882312214293777,1.0,0.12259944898113917
1491,0.85,-0.050000000000000044,0.14156418773523163,0.01425397512890882,0.013780457650326785,0.5959390493119276,0.5148712447996631,0.26280991171190976,0.014735671616046855,0.003835974383727514,1.0,0.12411773585389568
1492,0.85,-0.050000000000000044,0.14124952633098734,0.014423497819613032,0.013758792525745397,0.5960796134813915,0.5150442499131382,0.2606565260040162,0.015478283096915966,0.0038511038347112275,1.0,0.11794884453172819
1493,0.85,-0.050000000000000044,0.1408858056012014,0.014461902440139757,0.013783503982702231,0.5962421758645944,0.5152443734351217,0.2608086246807321,0.016170116197140857,0.003841880589861796,1.0,0.12135665063328885
1494,0.85,-0.050000000000000044,0.14038488008346459,0.01476744357675517,0.013698996369638079,0.5964662061507641,0.5155202434003887,0.25860581426601814,0.016750233961372055,0.0038432102504898785,1.0,0.1066747999753668
1495,0.85,-0.050000000000000044,0.1399804713565224,0.014225904087887443,0.013758809349960951,0.5966471938278579,0.5157431751965464,0.2610077077545253,0.017367296806983762,0.0038593407810784035,1.0,0.13937458340610034
1496,0.84,-0.06000000000000005,0.13952404595186305,0.014528648638268471,0.013970230737519773,0.5632348321753887,0.46689159536805513,0.24734240550854325,0.017643882565643906,0.003977897277690321,0.0,0.10739461725561911
1497,0.84,-0.06000000000000005,0.13905514938833674,0.014484949191693472,0.013791513237486511,0.5634219543959439,0.46712592586236495,0.24747602563649845,0.01789772545974945,0.003972493983112279,1.0,0.11719675015107911
1498,0.84,-0.06000000000000005,0.13882143875824363,0.014709618669563643,0.013629677436309095,0.5635152675697258,0.4672428103281699,0.2496326715772846,0.018180528890145327,0.003972527597252563,1.0,0.11322017809564616
1499,0.84,-0.06000000000000005,0.13895086217841848,0.01456974236320421,0.013513334630261274,0.5634635891221906,0.4671780752489407,0.2532755754910971,0.018529348919465734,0.003938453103574382,1.0,0.12953526675044458
