t,cov_w,gap_w,width_mean_w,width_std_w,width_step_mean_w,ces_w,rcs_w,control_state,control_std_w,control_step_mean_w,covered_t,width_t
1,nan,nan,nan,nan,nan,nan,nan,0.1,nan,nan,1.0,0.17292942306175263
2,nan,nan,nan,0.00043728649616248116,0.0008745729923249623,nan,nan,0.1,0.0,0.0,0.0,0.17205485006942767
3,nan,nan,nan,0.0003686169420170172,0.0005587255962345994,nan,nan,0.1,1.3877787807814457e-17,0.0,1.0,0.1722977282695719
4,nan,nan,nan,0.0009191587910560223,0.0009928051635725115,nan,nan,0.1,0.0,0.0,1.0,0.17043676397132357
5,nan,nan,nan,0.0010161178319887984,0.0007446038726793835,nan,nan,0.1,0.0,0.0,1.0,0.17043676397132357
6,nan,nan,nan,0.0010288494962480028,0.0005956830981435068,nan,nan,0.1,1.3877787807814457e-17,0.0,1.0,0.17043676397132357
7,nan,nan,nan,0.0010142038837694925,0.0004964025817862557,nan,nan,0.1,1.3877787807814457e-17,0.0,1.0,0.17043676397132357
8,nan,nan,nan,0.0009897648588816934,0.00042548792724536204,nan,nan,0.1,0.0,0.0,1.0,0.17043676397132357
9,nan,nan,nan,0.0010631641660337273,0.0004816235603802843,nan,nan,0.1,0.0,0.0,1.0,0.16956219097899883
10,nan,nan,nan,0.001097337307585287,0.0004281098314491416,nan,nan,0.1,0.0,0.0,1.0,0.16956219097899883
11,nan,nan,nan,0.0011107069886267913,0.00038529884830422744,nan,nan,0.1,0.0,0.0,1.0,0.16956219097899883
12,nan,nan,nan,0.001071489413814987,0.00041427819335364144,nan,nan,0.1,1.3877787807814457e-17,0.0,1.0,0.1702662626228466
13,nan,nan,nan,0.0010359677253989905,0.0003797550105741713,nan,nan,0.1,1.3877787807814457e-17,0.0,1.0,0.1702662626228466
14,nan,nan,nan,0.0010036325555430033,0.00035054308668385045,nan,nan,0.1,1.3877787807814457e-17,0.0,1.0,0.1702662626228466
15,nan,nan,nan,0.0009754138011283455,0.00032930094907168694,nan,nan,0.1,2.7755575615628914e-17,0.0,1.0,0.17021310946273305
16,nan,nan,nan,0.0009646866268923114,0.00038801727343451553,nan,nan,0.1,0.0,0.0,1.0,0.17142315527724716
17,nan,nan,nan,0.0009553087994605216,0.0003670882663519698,nan,nan,0.1,0.0,0.0,1.0,0.17147630843736095
18,nan,nan,nan,0.0009339316352126194,0.0004166740044791679,nan,nan,0.1,1.3877787807814457e-17,0.0,1.0,0.1702662626228466
19,nan,nan,nan,0.0009138185554005768,0.0003935254486747697,nan,nan,0.1,1.3877787807814457e-17,0.0,1.0,0.1702662626228466
20,nan,nan,nan,0.0008948666008504524,0.00037281358295504496,nan,nan,0.1,1.3877787807814457e-17,0.0,1.0,0.1702662626228466
21,nan,nan,nan,0.0008769804351868622,0.0003541729038072927,nan,nan,0.1,1.3877787807814457e-17,0.0,1.0,0.1702662626228466
22,nan,nan,nan,0.0008778347706145746,0.0003638667894841537,nan,nan,0.1,2.7755575615628914e-17,0.0,1.0,0.16970851811982524
23,nan,nan,nan,0.0015673810414952992,0.0005998399434152005,nan,nan,0.1,2.7755575615628914e-17,0.0,1.0,0.16415324194385805
24,nan,nan,nan,0.0019659442185753777,0.0005737599458754092,nan,nan,0.1,1.3877787807814457e-17,0.0,1.0,0.16415324194385805
25,nan,nan,nan,0.0022459996663601435,0.0005498532814639338,nan,nan,0.1,1.3877787807814457e-17,0.0,1.0,0.16415324194385805
26,nan,nan,nan,0.0024565573412745284,0.0005278591502053764,nan,nan,0.1,1.3877787807814457e-17,0.0,1.0,0.16415324194385805
27,nan,nan,nan,0.0026204999694282812,0.0005075568751974774,nan,nan,0.1,1.3877787807814457e-17,0.0,1.0,0.16415324194385805
28,nan,nan,nan,0.0027734884319208157,0.0005011937673760728,nan,nan,0.1,1.3877787807814457e-17,0.0,1.0,0.1638174889798385
29,nan,nan,nan,0.002896422753107557,0.00048329398996978446,nan,nan,0.1,2.7755575615628914e-17,0.0,1.0,0.1638174889798385
30,nan,nan,nan,0.0030707925881751767,0.0005083543977127,nan,nan,0.1,2.7755575615628914e-17,0.0,1.0,0.16260744316532416
31,nan,nan,nan,0.0032125872930780066,0.0004914092511222768,nan,nan,0.1,2.7755575615628914e-17,0.0,1.0,0.16260744316532416
32,nan,nan,nan,0.003329207260745372,0.0004755573397957517,nan,nan,0.1,0.0,0.0,1.0,0.16260744316532416
33,nan,nan,nan,0.0034258573061412847,0.00046069617292713444,nan,nan,0.1,0.0,0.0,1.0,0.16260744316532416
34,nan,nan,nan,0.003451984907827134,0.0004872479627243182,nan,nan,0.1,0.0,0.0,1.0,0.16394434840155836
35,nan,nan,nan,0.0034722465018057857,0.00047291714029125,nan,nan,0.1,1.3877787807814457e-17,0.0,1.0,0.16394434840155836
36,nan,nan,nan,0.003487553670271758,0.0004594052219972143,nan,nan,0.1,1.3877787807814457e-17,0.0,1.0,0.16394434840155836
37,nan,nan,nan,0.003639203362732906,0.000540825265040216,nan,nan,0.1,1.3877787807814457e-17,0.0,1.0,0.16055382163001308
38,nan,nan,nan,0.0037676858839127405,0.000526208365985075,nan,nan,0.1,1.3877787807814457e-17,0.0,1.0,0.16055382163001308
39,nan,nan,nan,0.003877285617427155,0.0005123607774065205,nan,nan,0.1,1.3877787807814457e-17,0.0,1.0,0.16055382163001308
40,nan,nan,nan,0.003863286754998406,0.000587568103402288,nan,nan,0.1,0.0,0.0,1.0,0.16399926812125454
41,nan,nan,nan,0.00381771517022176,0.0006344553132605401,nan,nan,0.1,1.3877787807814457e-17,0.0,0.0,0.1664623246189869
42,nan,nan,nan,0.003779743507613265,0.000639442341090398,nan,nan,0.1,2.7755575615628914e-17,0.0,1.0,0.1656234011647022
43,nan,nan,nan,0.003795792461426407,0.0006937561599324116,nan,nan,0.1,2.7755575615628914e-17,0.0,1.0,0.16270277843224723
44,nan,nan,nan,0.0038115195887187406,0.0006804311129678244,nan,nan,0.1,4.163336342344337e-17,0.0,1.0,0.16258199929179207
45,nan,nan,nan,0.003833573184362654,0.0006734013685874058,nan,nan,0.1,4.163336342344337e-17,0.0,1.0,0.16221087693156266
46,nan,nan,nan,0.003914584837305908,0.0007034060815723849,nan,nan,0.1,5.551115123125783e-17,0.0,1.0,0.1601872634786512
47,nan,nan,nan,0.003981578969209064,0.0006907402785046192,nan,nan,0.1,5.551115123125783e-17,0.0,1.0,0.16030804261910636
48,nan,nan,nan,0.004016330478785478,0.0006933027045166704,nan,nan,0.1,1.3877787807814457e-17,0.0,1.0,0.1611192169201774
49,nan,nan,nan,0.004046379520199542,0.0006788588981725732,nan,nan,0.1,1.3877787807814457e-17,0.0,1.0,0.1611192169201774
50,nan,nan,nan,0.004045199228172801,0.0006896994474856658,nan,nan,0.1,2.7755575615628914e-17,0.0,1.0,0.1623292627346915
51,nan,nan,nan,0.004042553421039394,0.0006759054585359526,nan,nan,0.1,2.7755575615628914e-17,0.0,1.0,0.1623292627346915
52,nan,nan,nan,0.004036431480534676,0.0006650529581797309,nan,nan,0.1,4.163336342344337e-17,0.0,1.0,0.16245169067506016
53,nan,nan,nan,0.0040149637858518245,0.0006710875802057998,nan,nan,0.1,4.163336342344337e-17,0.0,1.0,0.16343054397859547
54,nan,nan,nan,0.00399356974861013,0.000658425550390596,nan,nan,0.1,4.163336342344337e-17,0.0,1.0,0.16343054397859547
55,nan,nan,nan,0.003990855793100108,0.0006699469652193154,nan,nan,0.1,5.551115123125783e-17,0.0,1.0,0.16214996202745402
56,nan,nan,nan,0.004036430528195896,0.0006992687170912584,nan,nan,0.1,1.3877787807814457e-17,0.0,1.0,0.15986731870927784
57,nan,nan,nan,0.004103860298289759,0.0007042612989920451,nan,nan,0.1,1.3877787807814457e-17,0.0,1.0,0.15888846540574253
58,nan,nan,nan,0.0041823119041710394,0.0007026591429410121,nan,nan,0.1,2.7755575615628914e-17,0.0,1.0,0.15827552700165937
59,nan,nan,nan,0.004253048486618655,0.0006905443301316843,nan,nan,0.1,2.7755575615628914e-17,0.0,1.0,0.15827552700165937
60,nan,nan,nan,0.00431693694902408,0.0006788401889430116,nan,nan,0.1,4.163336342344337e-17,0.0,1.0,0.15827552700165937
61,nan,nan,nan,0.004383261848673002,0.0006728705830832368,nan,nan,0.1,4.163336342344337e-17,0.0,1.0,0.15795486316430285
62,nan,nan,nan,0.004446518369109639,0.0006638199036958913,nan,nan,0.1,4.163336342344337e-17,0.0,1.0,0.1578340840238477
63,nan,nan,nan,0.004620978214761597,0.0007134026309106007,nan,nan,0.1,5.551115123125783e-17,0.0,1.0,0.1540961350328398
64,nan,nan,nan,0.00477782402785021,0.0007020787796263054,nan,nan,0.1,1.3877787807814457e-17,0.0,1.0,0.1540961350328398
65,nan,nan,nan,0.004919515952082597,0.0006911087986946444,nan,nan,0.1,1.3877787807814457e-17,0.0,1.0,0.1540961350328398
66,nan,nan,nan,0.005048024069628039,0.0006804763556378038,nan,nan,0.1,2.7755575615628914e-17,0.0,1.0,0.1540961350328398
67,nan,nan,nan,0.005202549531158952,0.0006885001353177479,nan,nan,0.1,2.7755575615628914e-17,0.0,1.0,0.1528860892183257
68,nan,nan,nan,0.005342937816460908,0.000678224013895095,nan,nan,0.1,2.7755575615628914e-17,0.0,1.0,0.1528860892183257
69,nan,nan,nan,0.00547091174071605,0.0006682501313378141,nan,nan,0.1,4.163336342344337e-17,0.0,1.0,0.1528860892183257
70,nan,nan,nan,0.005587897600132419,0.0006585653468256719,nan,nan,0.1,4.163336342344337e-17,0.0,1.0,0.1528860892183257
71,nan,nan,nan,0.005695092302416516,0.000649157270442448,nan,nan,0.1,4.163336342344337e-17,0.0,1.0,0.1528860892183257
72,nan,nan,nan,0.0057935118896573585,0.0006400142102953712,nan,nan,0.1,1.3877787807814457e-17,0.0,1.0,0.1528860892183257
73,nan,nan,nan,0.005884027449098532,0.0006311251240412689,nan,nan,0.1,1.3877787807814457e-17,0.0,1.0,0.1528860892183257
74,nan,nan,nan,0.005967392238367658,0.000622479574396868,nan,nan,0.1,2.7755575615628914e-17,0.0,1.0,0.1528860892183257
75,nan,nan,nan,0.006079896552677671,0.000634145045253138,nan,nan,0.1,2.7755575615628914e-17,0.0,1.0,0.15140036480056485
76,nan,nan,nan,0.006183633054138685,0.0006256897779830962,nan,nan,0.1,2.7755575615628914e-17,0.0,1.0,0.15140036480056485
77,nan,nan,nan,0.006279439961313566,0.0006174570177464765,nan,nan,0.1,4.163336342344337e-17,0.0,1.0,0.15140036480056485
78,nan,nan,nan,0.006354596260858294,0.0006173983344521506,nan,nan,0.1,4.163336342344337e-17,0.0,1.0,0.15201330320464823
79,nan,nan,nan,0.006424174014268924,0.0006094829711899435,nan,nan,0.1,4.163336342344337e-17,0.0,1.0,0.15201330320464823
80,nan,nan,nan,0.006449779352089398,0.0006292940254196983,nan,nan,0.1,1.3877787807814457e-17,0.0,1.0,0.1541878594599888
81,nan,nan,nan,0.006455956511745439,0.0006363948744282782,nan,nan,0.1,1.3877787807814457e-17,0.0,1.0,0.1553852214060949
82,nan,nan,nan,0.0064608712014369235,0.0006285381475834847,nan,nan,0.1,1.3877787807814457e-17,0.0,1.0,0.1553852214060949
83,nan,nan,nan,0.0064499868438904215,0.0006365753448761774,nan,nan,0.1,1.3877787807814457e-17,0.0,1.0,0.15667280973167919
84,nan,nan,nan,0.0064519026235454555,0.0006433318099512366,nan,nan,0.1,2.7755575615628914e-17,0.0,1.0,0.1554754477855731
85,nan,nan,nan,0.00645283597388836,0.0006356730979280076,nan,nan,0.1,2.7755575615628914e-17,0.0,1.0,0.1554754477855731
86,nan,nan,nan,0.006482142398496968,0.0006537776056622731,nan,nan,0.1,2.7755575615628914e-17,0.0,1.0,0.15330089153023252
87,nan,nan,nan,0.006509141018760999,0.0006461755404801536,nan,nan,0.1,2.7755575615628914e-17,0.0,0.0,0.15330089153023252
88,nan,nan,nan,0.006503204594851996,0.0006671299910303268,nan,nan,0.1,1.3877787807814457e-17,0.0,1.0,0.15577010426857774
89,nan,nan,nan,0.006496705133695666,0.0006595489684049822,nan,nan,0.1,2.7755575615628914e-17,0.0,1.0,0.15577010426857774
90,nan,nan,nan,0.006489682361567517,0.0006521383058386341,nan,nan,0.1,2.7755575615628914e-17,0.0,1.0,0.15577010426857774
91,nan,nan,nan,0.006491317018459157,0.0006546163588660707,nan,nan,0.1,2.7755575615628914e-17,0.0,1.0,0.1548949411902698
92,nan,nan,nan,0.006492114197374784,0.000647422772504905,nan,nan,0.1,2.7755575615628914e-17,0.0,1.0,0.1548949411902698
93,nan,nan,nan,0.006519204626218854,0.0006640220494922493,nan,nan,0.1,4.163336342344337e-17,0.0,1.0,0.15272038493492923
94,nan,nan,nan,0.00655241190798641,0.0006629736961509813,nan,nan,0.1,4.163336342344337e-17,0.0,1.0,0.1521538597461749
95,nan,nan,nan,0.006579508501974048,0.0006588130047637311,nan,nan,0.1,4.163336342344337e-17,0.0,1.0,0.15242572845192437
96,nan,nan,nan,0.006600731559141856,0.000654979778218901,nan,nan,0.1,1.3877787807814457e-17,0.0,1.0,0.15272038493492923
97,nan,nan,nan,0.006620325120302327,0.0006481570721957874,nan,nan,0.1,1.3877787807814457e-17,0.0,1.0,0.15272038493492923
98,nan,nan,nan,0.006638385317592156,0.0006414750405236659,nan,nan,0.1,1.3877787807814457e-17,0.0,1.0,0.15272038493492923
99,nan,nan,nan,0.006655001483621262,0.000634929376844853,nan,nan,0.1,1.3877787807814457e-17,0.0,1.0,0.15272038493492923
100,0.96,0.05999999999999994,0.16071856599540701,0.006670256742389429,0.000628515948795915,0.5549046122414316,0.4565396988623662,0.1,2.7755575615628914e-17,0.0,0.0,0.15272038493492923
101,0.96,0.05999999999999994,0.1605176479655755,0.0066016664363757254,0.0006208660715367585,0.5549824233345084,0.45663567627304225,0.1,2.7755575615628914e-17,0.0,1.0,0.1528376200785977
102,0.97,0.06999999999999995,0.1603254756656672,0.006542463412500982,0.0006184127563837864,0.5258681926321916,0.4132641442088572,0.1,2.7755575615628914e-17,0.0,1.0,0.1528376200785977
103,0.97,0.06999999999999995,0.16014167169180574,0.0064612180333503385,0.0006105213069552796,0.525932119957871,0.41334365481742247,0.1,2.7755575615628914e-17,0.0,1.0,0.15391733088342385
104,0.97,0.06999999999999995,0.15998602385135474,0.006398509161270218,0.0006201642265795407,0.5259862666887736,0.41341100946868276,0.1,2.7755575615628914e-17,0.0,1.0,0.1548719799262257
105,0.97,0.06999999999999995,0.15984561888436455,0.00632122533726813,0.0006355610684591087,0.5260351202985418,0.41347178679204744,0.1,2.7755575615628914e-17,0.0,1.0,0.15639626727230294
106,0.96,0.05999999999999994,0.15969908453333348,0.006243373760052415,0.0006417523654700497,0.555299660468854,0.45702711688222425,0.1,2.7755575615628914e-17,0.0,0.0,0.15578332886821977
107,0.96,0.05999999999999994,0.1595586795663433,0.006157605928802425,0.0006479436624809909,0.5553541113500972,0.45709432658929106,0.1,2.7755575615628914e-17,0.0,1.0,0.15639626727230294
108,0.96,0.05999999999999994,0.15939517309947868,0.006083217782205775,0.0006624444402094531,0.5554175347550436,0.45717261954850946,0.1,2.7755575615628914e-17,0.0,1.0,0.15408611728486044
109,0.96,0.05999999999999994,0.15924041236253728,0.00601911670520255,0.0006624444402094531,0.5554775790778975,0.4572467494390872,0.1,2.7755575615628914e-17,0.0,1.0,0.15408611728486044
110,0.96,0.05999999999999994,0.15908565162559588,0.005950301796090259,0.0006624444402094531,0.5555376363845349,0.4573209033736764,0.1,2.7755575615628914e-17,0.0,1.0,0.15408611728486044
111,0.96,0.05999999999999994,0.15893089088865453,0.00587660746067527,0.0006553326054231118,0.5555977066791675,0.457395081363977,0.1,2.7755575615628914e-17,0.0,1.0,0.15408611728486044
112,0.96,0.05999999999999994,0.15876908943527465,0.005784301801059951,0.0006553326054231118,0.5556605237163278,0.45747265975776064,0.1,2.7755575615628914e-17,0.0,1.0,0.15408611728486044
113,0.96,0.05999999999999994,0.15861603961267787,0.005679600977515445,0.0006641726365171313,0.5557199561355882,0.45754606626012556,0.1,2.7755575615628914e-17,0.0,1.0,0.15496128036316836
114,0.96,0.05999999999999994,0.15846298979008108,0.005568728643545994,0.0006636357359099236,0.5557794012697714,0.45761949632402693,0.1,2.7755575615628914e-17,0.0,1.0,0.15496128036316836
115,0.96,0.05999999999999994,0.1583043421150446,0.005456575827858518,0.0006576043479257725,0.5558410340565355,0.4576956370010645,0.1,2.7755575615628914e-17,0.0,1.0,0.1543483419590852
116,0.96,0.05999999999999994,0.1581397233659038,0.005304512085340364,0.0006632587443295036,0.5559050009890462,0.4577746701997368,0.1,2.7755575615628914e-17,0.0,1.0,0.15496128036316836
117,0.96,0.05999999999999994,0.15797457308516186,0.005141298846967281,0.0006510360593344094,0.555969189257994,0.4578539860172949,0.1,2.7755575615628914e-17,0.0,1.0,0.15496128036316836
118,0.96,0.05999999999999994,0.157812771631782,0.005004709651089858,0.0006598760904284288,0.5560320903291841,0.45793172017125977,0.1,2.7755575615628914e-17,0.0,1.0,0.15408611728486044
119,0.96,0.05999999999999994,0.1576521515424616,0.004858048941424623,0.0006610693874581745,0.5560945462186204,0.4580089128746854,0.1,2.7755575615628914e-17,0.0,1.0,0.15420425369080526
120,0.96,0.05999999999999994,0.1574915314531412,0.004701336269259545,0.0006610693874581745,0.5561570161402554,0.4580861316069613,0.1,2.7755575615628914e-17,0.0,1.0,0.15420425369080526
121,0.96,0.05999999999999994,0.15732131233715044,0.004541149196031836,0.0006651315911350961,0.556223234728779,0.4581679935319263,0.1,2.7755575615628914e-17,0.0,1.0,0.15324435102376865
122,0.96,0.05999999999999994,0.15715667066618985,0.0043848280017908005,0.0006090176903677507,0.5562872985850906,0.4582472009878288,0.1,2.7755575615628914e-17,0.0,1.0,0.15324435102376865
123,0.96,0.05999999999999994,0.15702465983672556,0.004370895709146579,0.0006321711451792739,0.5563386760887001,0.45831072985873783,0.1,2.7755575615628914e-17,0.0,1.0,0.15095215899742787
124,0.96,0.05999999999999994,0.1568887489561443,0.0043584091749009025,0.0006361105907519435,0.556391581375253,0.4583761539951291,0.1,2.7755575615628914e-17,0.0,1.0,0.15056215388573357
125,0.96,0.05999999999999994,0.1567411693062226,0.0043597870849296765,0.0006478972264493716,0.5564490402961545,0.45844721634478175,0.1,2.7755575615628914e-17,0.0,1.0,0.1493952769516882
126,0.96,0.05999999999999994,0.15659179419752586,0.004359170161946877,0.0006497108211716411,0.5565072103504937,0.4585191656821987,0.1,2.7755575615628914e-17,0.0,1.0,0.1492157310741835
127,0.96,0.05999999999999994,0.15644241908882914,0.004353430799897937,0.0006463193770906355,0.5565653925680634,0.4585911376068166,0.1,2.7755575615628914e-17,0.0,1.0,0.1492157310741835
128,0.96,0.05999999999999994,0.15629027212573177,0.0043588865431437645,0.0006525106741015766,0.556624666942121,0.45866446829729957,0.1,2.7755575615628914e-17,0.0,1.0,0.14860279267010035
129,0.96,0.05999999999999994,0.15614866028359842,0.004342043675012116,0.0006509295254338058,0.5566798483227956,0.45873274242187284,0.1,2.7755575615628914e-17,0.0,1.0,0.14965630476650538
130,0.96,0.05999999999999994,0.15601298446803827,0.004350072042112384,0.0006571562239913411,0.5567327268967531,0.4587981737282999,0.1,2.7755575615628914e-17,0.0,1.0,0.14903986160930938
131,0.96,0.05999999999999994,0.15587730865247815,0.004353859714502418,0.0006571562239913411,0.556785615517452,0.4588636237029675,0.1,2.7755575615628914e-17,0.0,1.0,0.14903986160930938
132,0.96,0.05999999999999994,0.155741632836918,0.004353417760990842,0.0006571562239913411,0.5568385141877558,0.45892909235386636,0.1,2.7755575615628914e-17,0.0,1.0,0.14903986160930938
133,0.96,0.05999999999999994,0.15560595702135785,0.004348744892034728,0.0006436521306960462,0.556891422910529,0.4589945796889914,0.1,2.7755575615628914e-17,0.0,1.0,0.14903986160930938
134,0.96,0.05999999999999994,0.15545691215343535,0.004315694167205469,0.0006436521306960462,0.5569495566767735,0.4590665414786156,0.1,2.7755575615628914e-17,0.0,1.0,0.14903986160930938
135,0.96,0.05999999999999994,0.15530786728551288,0.004277197845365166,0.0006436521306960462,0.557007702581426,0.4591385258363111,0.1,2.7755575615628914e-17,0.0,1.0,0.14903986160930938
136,0.96,0.05999999999999994,0.15515882241759038,0.004233107360631604,0.0006094043855289222,0.5570658606282884,0.45921053277269597,0.1,2.7755575615628914e-17,0.0,1.0,0.14903986160930938
137,0.96,0.05999999999999994,0.15504368281738334,0.004241379191702858,0.0006094043855289222,0.5571107969870452,0.4592661747749436,0.1,2.7755575615628914e-17,0.0,1.0,0.14903986160930938
138,0.96,0.05999999999999994,0.1549285432171763,0.004246514183882452,0.0006094043855289222,0.557155740596073,0.4593218302629777,0.1,2.7755575615628914e-17,0.0,1.0,0.14903986160930938
139,0.96,0.05999999999999994,0.15481340361696927,0.00424852371123759,0.0005746018957184024,0.5572006914571268,0.45937749924170174,0.1,2.7755575615628914e-17,0.0,1.0,0.14903986160930938
140,0.96,0.05999999999999994,0.1546638095518498,0.004185344925673428,0.0005497225371554491,0.5572591042841019,0.4594498468077986,0.1,2.7755575615628914e-17,0.0,1.0,0.14903986160930938
141,0.97,0.06999999999999995,0.15448958492175305,0.004051048784183841,0.000541248562869745,0.5279055411054951,0.415803680288485,0.1,2.7755575615628914e-17,0.0,1.0,0.14903986160930938
142,0.97,0.06999999999999995,0.1543237495261991,0.003929487380552732,0.0005117473231479776,0.5279636660470506,0.4158763010688958,0.1,2.7755575615628914e-17,0.0,1.0,0.14903986160930938
143,0.97,0.06999999999999995,0.15418439504332265,0.003876610389423131,0.000513280174908099,0.5280125193848889,0.4159373452414545,0.1,2.7755575615628914e-17,0.0,1.0,0.1487673301446022
144,0.97,0.06999999999999995,0.15404803543105916,0.003818209061152144,0.0005113365947122797,0.5280603315668333,0.41599709486180225,0.1,2.7755575615628914e-17,0.0,1.0,0.14894603806544549
145,0.97,0.06999999999999995,0.1539073280175872,0.0037738090639061845,0.0004990364838856906,0.5281096773097078,0.41605876758635935,0.1,2.7755575615628914e-17,0.0,1.0,0.14814013558436634
146,0.97,0.06999999999999995,0.1537827503362472,0.0037700657187281408,0.0005019643737772091,0.5281533740931806,0.41611338583719737,0.1,2.7755575615628914e-17,0.0,1.0,0.14772949534465085
147,0.97,0.06999999999999995,0.15365696486350264,0.0037600795343371396,0.0004937706939684108,0.5281975018579713,0.41616854816790755,0.1,2.7755575615628914e-17,0.0,1.0,0.14772949534465085
148,0.97,0.06999999999999995,0.15351279630631748,0.0037475627539801945,0.0005041457863218378,0.5282480878033154,0.4162317902607895,0.1,2.7755575615628914e-17,0.0,1.0,0.14670236120166158
149,0.97,0.06999999999999995,0.1533796377612875,0.0037113199006148724,0.0005030443257259145,0.528294819157725,0.41629021969420094,0.1,2.7755575615628914e-17,0.0,1.0,0.14780336241717928
150,0.97,0.06999999999999995,0.15321320683092157,0.003679284276440857,0.0005244301107671396,0.5283532389231178,0.4163632719852267,0.1,2.7755575615628914e-17,0.0,1.0,0.145686169698098
151,0.97,0.06999999999999995,0.15307547219915488,0.003592220988570578,0.0005521796251060847,0.5284015956267797,0.4164237478702606,0.1,2.7755575615628914e-17,0.0,1.0,0.14855579955802223
152,0.97,0.06999999999999995,0.1529365132879845,0.00349426411859268,0.0005422922179996675,0.5284503911285638,0.4164847791117588,0.1,2.7755575615628914e-17,0.0,1.0,0.14855579955802223
153,0.96,0.05999999999999994,0.15278386579266182,0.003363470120866619,0.000546231663572337,0.5579942218036269,0.4603609828102298,0.1,2.7755575615628914e-17,0.0,0.0,0.14816579444632794
154,0.96,0.05999999999999994,0.15263079993783502,0.0032207346823733877,0.000533719077706367,0.5580541607928974,0.46043532702835666,0.1,2.7755575615628914e-17,0.0,1.0,0.14812395849591753
155,0.95,0.04999999999999993,0.15251680794045977,0.0030804770191430204,0.0005371954461491444,0.591087320064392,0.5089209392349475,0.1,2.7755575615628914e-17,0.0,0.0,0.15075076228992867
156,0.95,0.04999999999999993,0.1524296890761706,0.0029933229562155933,0.0005313956147036462,0.5911255997760415,0.5089677262191645,0.1,2.7755575615628914e-17,0.0,1.0,0.15115543228035966
157,0.95,0.04999999999999993,0.1523523587449168,0.0029245652201887636,0.0005252043176927051,0.5911595825959418,0.5090092635020237,0.1,2.7755575615628914e-17,0.0,1.0,0.15115543228035966
158,0.95,0.04999999999999993,0.15222114638947123,0.0029501097521512907,0.0005858219017659945,0.5912172528157212,0.5090797585369691,0.1,2.7755575615628914e-17,0.0,1.0,0.145154291457104
159,0.95,0.04999999999999993,0.15208993403402565,0.0029696430775255486,0.0005858219017659945,0.5912749342885661,0.5091502731009826,0.1,2.7755575615628914e-17,0.0,1.0,0.145154291457104
160,0.95,0.04999999999999993,0.15195872167858013,0.0029832832754550028,0.0005825828731058277,0.5913326270177705,0.5092208072021804,0.1,2.7755575615628914e-17,0.0,1.0,0.145154291457104
161,0.95,0.04999999999999993,0.1518307159615081,0.0029978424270177603,0.0005813628817880988,0.5913889206711517,0.5092896363875276,0.1,2.7755575615628914e-17,0.0,1.0,0.145154291457104
162,0.95,0.04999999999999993,0.15170391803584068,0.0030093726362790405,0.0005436058212728677,0.5914446937365015,0.5093578344852427,0.1,2.7755575615628914e-17,0.0,1.0,0.145154291457104
163,0.95,0.04999999999999993,0.15159007970881128,0.0031296372006528322,0.0005682723781133127,0.5914947753830939,0.509419077841563,0.1,2.7755575615628914e-17,0.0,1.0,0.14271230232989995
164,0.95,0.04999999999999993,0.15151781085314112,0.0031542773291469194,0.0006102617431226591,0.5915265734993053,0.5094579650728117,0.1,2.7755575615628914e-17,0.0,1.0,0.14686924946582525
165,0.95,0.04999999999999993,0.1514346637921716,0.0031945477386747753,0.0006212498292836473,0.5915631622285009,0.509502713115425,0.1,2.7755575615628914e-17,0.0,1.0,0.1457814289358874
166,0.95,0.04999999999999993,0.1513515167312021,0.0032321785490096737,0.0006090271442885552,0.5915997554843501,0.5095474690195828,0.1,2.7755575615628914e-17,0.0,1.0,0.1457814289358874
167,0.94,0.039999999999999925,0.1512804701283777,0.003275460304476024,0.0006090271442885552,0.6288348475404667,0.5631793155698691,0.1,2.7755575615628914e-17,0.0,0.0,0.1457814289358874
168,0.94,0.039999999999999925,0.15124295144700375,0.003278340476195658,0.0006428937316122165,0.6288535052657738,0.5632016410603119,0.1,2.7755575615628914e-17,0.0,1.0,0.14913422108092989
169,0.94,0.039999999999999925,0.15122973780563082,0.0032743515454062874,0.0006674442770677791,0.6288600765623419,0.5632095042587676,0.1,2.7755575615628914e-17,0.0,1.0,0.15156472508103058
170,0.94,0.039999999999999925,0.15124612087513833,0.003286673451262409,0.0006973399446238348,0.6288519290929536,0.5631997550237298,0.1,2.7755575615628914e-17,0.0,1.0,0.1545243961690801
171,0.94,0.039999999999999925,0.1512625039446459,0.003298867972142684,0.0006973399446238348,0.6288437818346787,0.5631900061262075,0.1,2.7755575615628914e-17,0.0,1.0,0.1545243961690801
172,0.94,0.039999999999999925,0.15126800880885408,0.0033020304632177225,0.0007083280307848208,0.6288410443272688,0.5631867304814372,0.1,2.7755575615628914e-17,0.0,1.0,0.15343657563914248
173,0.94,0.039999999999999925,0.15127351367306224,0.0033051807598597407,0.0007083280307848208,0.6288383068436929,0.5631834548747705,0.1,2.7755575615628914e-17,0.0,1.0,0.15343657563914248
174,0.94,0.039999999999999925,0.1512790185372704,0.0033083188969046315,0.0006933207134337011,0.6288355693839507,0.5631801793062069,0.1,2.7755575615628914e-17,0.0,1.0,0.15343657563914248
175,0.94,0.039999999999999925,0.15131025885095556,0.0033240300054288735,0.0007043087995946871,0.6288200346472375,0.5631615910517239,0.1,2.7755575615628914e-17,0.0,1.0,0.1545243961690801
176,0.94,0.039999999999999925,0.15137271936231833,0.003383291568407967,0.0007358443528043968,0.6287889774780809,0.5631244301908667,0.1,2.7755575615628914e-17,0.0,1.0,0.15764641593684137
177,0.94,0.039999999999999925,0.15143732957479955,0.0034443443016442333,0.0007318244710646356,0.6287568546433088,0.5630859955259682,0.1,2.7755575615628914e-17,0.0,1.0,0.15786138604868838
178,0.93,0.030000000000000027,0.15149581040323995,0.003502778214581726,0.0007318244710646356,0.6709097414048514,0.6222678244142757,0.1,2.7755575615628914e-17,0.0,0.0,0.15786138604868838
179,0.93,0.030000000000000027,0.1515246537757401,0.0035187596919090333,0.0007397960805462943,0.6708934150697013,0.6222488660490954,0.1,2.7755575615628914e-17,0.0,1.0,0.1548976404546636
180,0.93,0.030000000000000027,0.15153175158568685,0.0035248351928414356,0.0007277015154341116,0.6708893975883826,0.6222442009301162,0.1,2.7755575615628914e-17,0.0,1.0,0.1548976404546636
181,0.93,0.030000000000000027,0.15152687577617255,0.003519835102016877,0.0007277015154341116,0.6708921573744381,0.6222474056056835,0.1,2.7755575615628914e-17,0.0,1.0,0.1548976404546636
182,0.93,0.030000000000000027,0.15152199996665822,0.003514821134432015,0.000714695572751442,0.6708949171831992,0.6222506103142602,0.1,2.7755575615628914e-17,0.0,1.0,0.1548976404546636
183,0.93,0.030000000000000027,0.15153193512221852,0.003530734742782115,0.0007305675211043674,0.6708892937042179,0.6222440802995023,0.1,2.7755575615628914e-17,0.0,1.0,0.1576663252877093
184,0.93,0.030000000000000027,0.1515487761911318,0.0035534479452425513,0.0007356864161630471,0.6708797615678491,0.6222330115932706,0.1,2.7755575615628914e-17,0.0,1.0,0.15715955467690002
185,0.92,0.020000000000000018,0.1515420083370867,0.003546600710549363,0.0007375685983902873,0.719128760806173,0.6876787445792828,0.1,2.7755575615628914e-17,0.0,0.0,0.15479866238106266
186,0.92,0.020000000000000018,0.1515620537517031,0.003562116187306816,0.0007426874934489669,0.719115724770833,0.6876641845922414,0.1,2.7755575615628914e-17,0.0,1.0,0.15530543299187194
187,0.93,0.030000000000000027,0.1515770314602114,0.00357252966203461,0.0007228648456960786,0.6708637695407076,0.622214441847026,0.1,2.7755575615628914e-17,0.0,1.0,0.15479866238106266
188,0.92,0.020000000000000018,0.15156731704133627,0.003562421125908934,0.0007228648456960786,0.719112302000058,0.6876603617039764,0.1,2.7755575615628914e-17,0.0,0.0,0.15479866238106266
189,0.92,0.020000000000000018,0.15158121154541948,0.0035814449924618528,0.0007467122426237287,0.7191032664192888,0.6876502699048354,0.1,2.7755575615628914e-17,0.0,1.0,0.15715955467690002
190,0.92,0.020000000000000018,0.15159892980667433,0.003606420353579523,0.0007417345925111542,0.7190917445828102,0.687637401279777,0.1,2.7755575615628914e-17,0.0,1.0,0.15754193039406306
191,0.92,0.020000000000000018,0.15162245606372537,0.003635402093459867,0.0007447079611847685,0.7190764464915906,0.6876203151002409,0.1,2.7755575615628914e-17,0.0,1.0,0.15724756689537522
192,0.92,0.020000000000000018,0.1516269858436493,0.0036397564517008096,0.0007419311072187786,0.7190735010494725,0.6876170253997383,0.1,2.7755575615628914e-17,0.0,1.0,0.15534791918266766
193,0.92,0.020000000000000018,0.151664441944603,0.0036699630722331765,0.0007475023259952591,0.7190491465354192,0.6875898245439815,0.1,2.7755575615628914e-17,0.0,1.0,0.15646599503029357
194,0.92,0.020000000000000018,0.15170756329744417,0.0037006652541112673,0.0007447561774523352,0.7190211104331271,0.687558512211492,0.1,2.7755575615628914e-17,0.0,1.0,0.15646599503029357
195,0.92,0.020000000000000018,0.15174796596322787,0.0037302225216808136,0.000741779849341175,0.7189948439166081,0.6875291766263452,0.1,2.7755575615628914e-17,0.0,1.0,0.15646599503029357
196,0.92,0.020000000000000018,0.1517854220641815,0.003758496920042325,0.000741779849341175,0.7189704947302967,0.6875019827202764,0.1,2.7755575615628914e-17,0.0,1.0,0.15646599503029357
197,0.92,0.020000000000000018,0.15181054715622402,0.0037730328529049003,0.0007542354138978749,0.7189541625196068,0.6874837425878452,0.1,2.7755575615628914e-17,0.0,1.0,0.1552328941391803
198,0.92,0.020000000000000018,0.15183567224826652,0.0037873463242396326,0.0007542354138978749,0.7189378310509082,0.6874655034232471,0.1,2.7755575615628914e-17,0.0,1.0,0.1552328941391803
199,0.91,0.010000000000000009,0.15187147288981617,0.003812377952259196,0.00076501879723842,0.77460181405264,0.759738161222129,0.1,2.7755575615628914e-17,0.0,0.0,0.15630044908989427
200,0.91,0.010000000000000009,0.1519393587116484,0.0038866082681872725,0.0007962438768807516,0.7745505948959808,0.7596837071548533,0.1,2.7755575615628914e-17,0.0,0.0,0.15950896711815354
201,0.9,0.0,0.15203004094886638,0.004010329173222949,0.0008204547524589331,0.839499963376351,0.839499963376351,0.1,2.7755575615628914e-17,0.0,0.0,0.16190584380039352
202,0.9,0.0,0.15213301366383702,0.004159181642042255,0.0008219632067058261,0.8394087115933713,0.8394087115933713,0.1,2.7755575615628914e-17,0.0,1.0,0.16313489157566208
203,0.9,0.0,0.1521814715730067,0.004207634635060806,0.0008564795777408522,0.8393657762991695,0.8393657762991695,0.1,2.7755575615628914e-17,0.0,1.0,0.15876312180039265
204,0.89,-0.010000000000000009,0.1522473908099704,0.004299894297762058,0.000868363360327998,0.7743182729075548,0.7594367197149623,0.1,2.7755575615628914e-17,0.0,0.0,0.16146390362259733
205,0.89,-0.010000000000000009,0.15229964705418778,0.004380986323434944,0.000863767902422529,0.774278874365345,0.7593948353520522,0.1,2.7755575615628914e-17,0.0,1.0,0.16162189169403907
206,0.9,0.0,0.152358032682446,0.004465121985564908,0.000857576605411588,0.8392093745250442,0.8392093745250442,0.1,2.7755575615628914e-17,0.0,1.0,0.16162189169403907
207,0.9,0.0,0.15241028892666336,0.004541993073833884,0.000834241757053583,0.8391630959543184,0.8391630959543184,0.1,2.7755575615628914e-17,0.0,1.0,0.16162189169403907
208,0.9,0.0,0.15248406679004073,0.0046277265793684685,0.0008358375961590551,0.8390977663455774,0.8390977663455774,0.1,2.7755575615628914e-17,0.0,1.0,0.16146390362259733
209,0.89,-0.010000000000000009,0.15255784465341807,0.004710745074590934,0.0008358375961590551,0.7740842653786238,0.7591879529086131,0.1,2.7755575615628914e-17,0.0,0.0,0.16146390362259733
210,0.89,-0.010000000000000009,0.1526727467414582,0.004883581583678117,0.0008773772170305508,0.7739976926973267,0.7590959231298872,0.1,2.7755575615628914e-17,0.0,1.0,0.1655763260888754
211,0.89,-0.010000000000000009,0.15281929984954842,0.005137114006139665,0.0009093479443538312,0.7738873007329953,0.7589785751280649,0.1,2.7755575615628914e-17,0.0,1.0,0.16874142809388015
212,0.89,-0.010000000000000009,0.15292401007339917,0.005266943767826284,0.00094277345289561,0.7738084464447875,0.7588947537792183,0.1,2.7755575615628914e-17,0.0,1.0,0.16455713966993613
213,0.89,-0.010000000000000009,0.15301996866646686,0.005389181843436262,0.00094277345289561,0.7737361968702462,0.7588179544351908,0.1,2.7755575615628914e-17,0.0,1.0,0.16455713966993613
214,0.89,-0.010000000000000009,0.15311592725953455,0.005507036328792008,0.0009365821558846688,0.773663960786159,0.758741170633615,0.1,2.7755575615628914e-17,0.0,1.0,0.16455713966993613
215,0.89,-0.010000000000000009,0.15321959511735747,0.005625560253001703,0.0009319866979791977,0.7735859364470264,0.7586582355204944,0.1,2.7755575615628914e-17,0.0,1.0,0.16471512774137764
216,0.89,-0.010000000000000009,0.15327528207060123,0.005669912617425948,0.0009742609611492276,0.7735440308430765,0.7586136929986727,0.1,2.7755575615628914e-17,0.0,1.0,0.16052997568754468
217,0.88,-0.020000000000000018,0.15334188818390998,0.005728150289103029,0.0009764503846662626,0.7179601348053162,0.6863738549318722,0.1,2.7755575615628914e-17,0.0,0.0,0.16162189169403907
218,0.88,-0.020000000000000018,0.15344785974169917,0.005837911193558688,0.0010061801317753382,0.7178914479757821,0.6862971812702084,0.1,2.7755575615628914e-17,0.0,1.0,0.1646832730637824
219,0.88,-0.020000000000000018,0.1535740446650432,0.00598735659384874,0.0010277909697695372,0.7178096767329633,0.6862059049606531,0.1,2.7755575615628914e-17,0.0,1.0,0.16682274602520808
220,0.88,-0.020000000000000018,0.15370022958838722,0.006130564867136755,0.001018094983233814,0.717727924116288,0.6861146529270441,0.1,2.7755575615628914e-17,0.0,1.0,0.16682274602520808
221,0.88,-0.020000000000000018,0.1538360135384016,0.006267799807969263,0.001018094983233814,0.7176399732857652,0.6860164863554632,0.1,2.7755575615628914e-17,0.0,1.0,0.16682274602520808
222,0.88,-0.020000000000000018,0.153971797488416,0.006399213132348738,0.0009949415284222908,0.7175520440077016,0.6859183478704337,0.1,2.7755575615628914e-17,0.0,1.0,0.16682274602520808
223,0.88,-0.020000000000000018,0.1541601338923685,0.006582104717207737,0.0010209319148442703,0.7174301191305021,0.6857822733266,0.1,2.7755575615628914e-17,0.0,1.0,0.16978579939267835
224,0.88,-0.020000000000000018,0.15435237034743793,0.0067527259144455854,0.0010091452791468423,0.7173057121682557,0.685643436632018,0.1,2.7755575615628914e-17,0.0,1.0,0.16978579939267835
225,0.88,-0.020000000000000018,0.15455627557184784,0.0069060777223172165,0.0010073316844245728,0.71717380083789,0.6854962339619084,0.1,2.7755575615628914e-17,0.0,1.0,0.16978579939267835
226,0.88,-0.020000000000000018,0.1547619762550328,0.007048813129768762,0.0010073316844245728,0.7170407771309784,0.6853477991494998,0.1,2.7755575615628914e-17,0.0,1.0,0.16978579939267835
227,0.88,-0.020000000000000018,0.15500952845875607,0.007280571637436149,0.0010434146505836617,0.7168807540551234,0.6851692492455724,0.1,2.7755575615628914e-17,0.0,1.0,0.1739709514465113
228,0.88,-0.020000000000000018,0.15522135852598187,0.007398295113262861,0.0010750473774263681,0.716743879235487,0.6850165381959036,0.1,2.7755575615628914e-17,0.0,1.0,0.16978579939267835
229,0.87,-0.030000000000000027,0.15542265347224357,0.007517032797033346,0.0010688206788688327,0.6686942998048319,0.6196973462798846,0.1,2.7755575615628914e-17,0.0,0.0,0.16978579939267835
230,0.86,-0.040000000000000036,0.15567196437061562,0.007712108622510108,0.0011110949420388627,0.6266586166242315,0.5605783287443742,0.1,2.7755575615628914e-17,0.0,0.0,0.1739709514465113
231,0.86,-0.040000000000000036,0.1559428635944881,0.007946609905111209,0.0011329013314332948,0.6265248640561927,0.5604186675061594,0.1,2.7755575615628914e-17,0.0,1.0,0.1761297839965601
232,0.86,-0.040000000000000036,0.1562137628183606,0.008165404202097954,0.0011329013314332948,0.6263911685716488,0.5602590971899492,0.1,2.7755575615628914e-17,0.0,1.0,0.1761297839965601
233,0.86,-0.040000000000000036,0.15648466204223313,0.008369723400703086,0.0011329013314332948,0.6262575301340638,0.5600996177180996,0.1,2.7755575615628914e-17,0.0,1.0,0.1761297839965601
234,0.86,-0.040000000000000036,0.156732256024212,0.008510855976171239,0.0011564419798106784,0.6261354383690482,0.5599539375284177,0.1,2.7755575615628914e-17,0.0,1.0,0.17379925980719912
235,0.86,-0.040000000000000036,0.1569798500061909,0.008642595879141766,0.0011564419798106784,0.6260133941994477,0.5598083331009699,0.1,2.7755575615628914e-17,0.0,1.0,0.17379925980719912
236,0.86,-0.040000000000000036,0.15722744398816982,0.00876536662401308,0.0011564419798106784,0.6258913975974364,0.55966280437667,0.1,2.7755575615628914e-17,0.0,1.0,0.17379925980719912
237,0.86,-0.040000000000000036,0.15747503797014872,0.008879540248050136,0.0011564419798106784,0.62576944853521,0.5595173512964939,0.1,2.7755575615628914e-17,0.0,1.0,0.17379925980719912
238,0.86,-0.040000000000000036,0.1577226319521276,0.008985444475388953,0.0011564419798106784,0.6256475469849859,0.5593719738014785,0.1,2.7755575615628914e-17,0.0,1.0,0.17379925980719912
239,0.86,-0.040000000000000036,0.1579702259341065,0.009083368552691729,0.0011564419798106784,0.6255256929190032,0.559226671832722,0.1,2.7755575615628914e-17,0.0,1.0,0.17379925980719912
240,0.86,-0.040000000000000036,0.1581962315905849,0.009139350944112947,0.0011782483692051105,0.6254145050382093,0.5590941049838781,0.1,2.7755575615628914e-17,0.0,1.0,0.17164042725715034
241,0.86,-0.040000000000000036,0.15839978109437144,0.009159803174522451,0.0012009313517221641,0.6253143987247276,0.5589747638947692,0.1,2.7755575615628914e-17,0.0,1.0,0.16939481198796202
242,0.86,-0.040000000000000036,0.15862168382195863,0.009199068001655427,0.0012167171185439682,0.6252053027406108,0.558844720341169,0.1,2.7755575615628914e-17,0.0,1.0,0.1712301343680278
243,0.86,-0.040000000000000036,0.15891689753638666,0.009350536560849028,0.0012862106468119992,0.6250602232284408,0.5586718074899865,0.1,2.7755575615628914e-17,0.0,1.0,0.17828870158740617
244,0.86,-0.040000000000000036,0.15921032417160627,0.009492361261642776,0.0012780702177101898,0.6249160886627149,0.5585000473686177,0.1,2.7755575615628914e-17,0.0,1.0,0.17828870158740617
245,0.86,-0.040000000000000036,0.15951180983163668,0.009613968109628767,0.0012739223365009424,0.6247680646306285,0.55832367978832,0.1,2.7755575615628914e-17,0.0,1.0,0.17828870158740617
246,0.86,-0.040000000000000036,0.1598174018940642,0.00971969565355401,0.0012739223365009424,0.6246180959759021,0.5581450236227192,0.1,2.7755575615628914e-17,0.0,1.0,0.17828870158740617
247,0.86,-0.040000000000000036,0.16011282570279076,0.00979645957795404,0.0012738182074818695,0.624473185797243,0.5579724207109859,0.1,2.7755575615628914e-17,0.0,1.0,0.1772718762173051
248,0.86,-0.040000000000000036,0.16039253502612671,0.009808876062555216,0.0012889452930023803,0.6243360457834234,0.557809097427121,0.1,2.7755575615628914e-17,0.0,1.0,0.17467329353525685
249,0.86,-0.040000000000000036,0.16066123433730747,0.009828345652088245,0.0012675595079611553,0.6242043606334505,0.5576522929448212,0.1,2.7755575615628914e-17,0.0,1.0,0.17467329353525685
250,0.85,-0.050000000000000044,0.16093275235187843,0.00978584997895023,0.0012571119576595593,0.5874126122740386,0.5044413709790423,0.1,2.7755575615628914e-17,0.0,0.0,0.17283797115519062
251,0.85,-0.050000000000000044,0.1612408216212408,0.00987586467100823,0.0013230185772460817,0.587278964683705,0.5042788901422559,0.1,2.7755575615628914e-17,0.0,1.0,0.17936272649425633
252,0.85,-0.050000000000000044,0.1615091429371882,0.009892068333013206,0.0013592285795672675,0.5871626102183475,0.5041374582949913,0.1,2.7755575615628914e-17,0.0,1.0,0.17538793115276463
253,0.86,-0.040000000000000036,0.16175586470427683,0.009863828783646438,0.0013845631659022534,0.6236684737548103,0.557014411087169,0.1,2.7755575615628914e-17,0.0,1.0,0.17283797115519062
254,0.86,-0.040000000000000036,0.16200300483086952,0.009828727394534782,0.0013580297942455753,0.6235476112146384,0.556870595215805,0.1,2.7755575615628914e-17,0.0,1.0,0.17283797115519062
255,0.87,-0.030000000000000027,0.1622454652450227,0.009847200293155481,0.0013757486079790907,0.6648796114058464,0.6152813352064269,0.1,2.7755575615628914e-17,0.0,1.0,0.17499680370523962
256,0.87,-0.030000000000000027,0.16248387895927152,0.009864410298039942,0.0013757486079790907,0.6647470992432083,0.6151281615882699,0.1,2.7755575615628914e-17,0.0,1.0,0.17499680370523962
257,0.87,-0.030000000000000027,0.1627222926735203,0.009875836432644461,0.0013151310239058014,0.6646146398900533,0.6149750642159422,0.1,2.7755575615628914e-17,0.0,1.0,0.17499680370523962
258,0.87,-0.030000000000000027,0.16302317481866857,0.009794019906149675,0.001317612864983509,0.6644475492717745,0.6147819614805098,0.1,2.7755575615628914e-17,0.0,1.0,0.1752425059719327
259,0.87,-0.030000000000000027,0.16332405696381685,0.009702187715625088,0.001317612864983509,0.6642805426488088,0.6145889799758839,0.1,2.7755575615628914e-17,0.0,1.0,0.1752425059719327
260,0.87,-0.030000000000000027,0.16362493910896514,0.009600052441828566,0.001317612864983509,0.6641136199578358,0.6143961195879359,0.1,2.7755575615628914e-17,0.0,1.0,0.1752425059719327
261,0.87,-0.030000000000000027,0.16392582125411345,0.009487281337240546,0.001317612864983509,0.6639467811355997,0.6142033802026814,0.1,2.7755575615628914e-17,0.0,1.0,0.1752425059719327
262,0.87,-0.030000000000000027,0.16422670339926174,0.009363490125349035,0.001292946308143064,0.6637800261189074,0.6140107617062783,0.1,2.7755575615628914e-17,0.0,1.0,0.1752425059719327
263,0.86,-0.040000000000000036,0.1646496563520801,0.009337334696591903,0.001349594232424685,0.6222562115637322,0.5553350980975973,0.1,2.7755575615628914e-17,0.0,0.0,0.18500759761173846
264,0.86,-0.040000000000000036,0.16505342900704695,0.009432260512701544,0.001361221473039142,0.6220596660076723,0.5551015871051641,0.1,2.7755575615628914e-17,0.0,1.0,0.18724651496250755
265,0.86,-0.040000000000000036,0.1654854380511739,0.009528521990723354,0.0013787549920904333,0.6218495131875993,0.5548519637191183,0.1,2.7755575615628914e-17,0.0,1.0,0.18898233334858539
266,0.86,-0.040000000000000036,0.16589667862505464,0.00955663735034593,0.0013997332448643747,0.6216495951628394,0.554614549253546,0.1,2.7755575615628914e-17,0.0,1.0,0.1869054863239652
267,0.87,-0.030000000000000027,0.16632868766918166,0.009613840412207015,0.0013868449103146545,0.6626173961408768,0.612668477848759,0.1,2.7755575615628914e-17,0.0,1.0,0.18898233334858539
268,0.87,-0.030000000000000027,0.16672716879185814,0.00971815414980591,0.001362294364859092,0.6623974510463684,0.6124146774701614,0.1,2.7755575615628914e-17,0.0,1.0,0.18898233334858539
269,0.87,-0.030000000000000027,0.16710134487453374,0.009846646070625941,0.0013323986973030363,0.6621910542139893,0.6121765487983085,0.1,2.7755575615628914e-17,0.0,1.0,0.18898233334858539
270,0.87,-0.030000000000000027,0.16744592424632876,0.0100021839652811,0.0013323986973030363,0.6620010967621779,0.611957419446254,0.1,2.7755575615628914e-17,0.0,1.0,0.18898233334858539
271,0.87,-0.030000000000000027,0.1677905036181238,0.010143641329598852,0.0013214106111420505,0.6618112482622625,0.6117384469133107,0.1,2.7755575615628914e-17,0.0,1.0,0.18898233334858539
272,0.87,-0.030000000000000027,0.16814596119521824,0.010256592676099751,0.0013214106111420505,0.6616155204026724,0.6115127256677799,0.1,2.7755575615628914e-17,0.0,1.0,0.18898233334858539
273,0.87,-0.030000000000000027,0.16850141877231267,0.010356120269921183,0.0013214106111420505,0.6614199082802161,0.6112871709355301,0.1,2.7755575615628914e-17,0.0,1.0,0.18898233334858539
274,0.87,-0.030000000000000027,0.16885687634940708,0.010442607939997272,0.0013104225249810644,0.6612244117922682,0.611061782532375,0.1,2.7755575615628914e-17,0.0,1.0,0.18898233334858539
275,0.87,-0.030000000000000027,0.16920145572120213,0.010532115929768835,0.0012788869717713545,0.6610350084423233,0.6108434503752983,0.1,2.7755575615628914e-17,0.0,1.0,0.18898233334858539
276,0.87,-0.030000000000000027,0.16951481489531958,0.010649174321936903,0.0012767155565001726,0.6608628599349025,0.6106450353519219,0.1,2.7755575615628914e-17,0.0,1.0,0.18898233334858539
277,0.87,-0.030000000000000027,0.16982602436831853,0.010758247120761054,0.0012767155565001726,0.6606919811169176,0.6104481090261912,0.1,2.7755575615628914e-17,0.0,1.0,0.18898233334858539
278,0.88,-0.020000000000000018,0.17013723384131751,0.010857308405473156,0.001246778732318104,0.7072356007515378,0.6744320001678146,0.1,2.7755575615628914e-17,0.0,1.0,0.18898233334858539
279,0.88,-0.020000000000000018,0.17052792367397793,0.011003838122243818,0.00129712509971324,0.706989940722028,0.6741591547577879,0.1,2.7755575615628914e-17,0.0,1.0,0.19396662372070383
280,0.88,-0.020000000000000018,0.1709186135066384,0.011134742203519853,0.00129712509971324,0.706744451294493,0.6738865300208994,0.1,2.7755575615628914e-17,0.0,1.0,0.19396662372070383
281,0.88,-0.020000000000000018,0.17131344099012327,0.011258971019700227,0.0013013045449904604,0.7064965351202561,0.6736112419350212,0.1,2.7755575615628914e-17,0.0,1.0,0.19438038880314867
282,0.88,-0.020000000000000018,0.17167040319250307,0.011298653334595916,0.0013115857902173149,0.7062725446020407,0.6733625484232524,0.1,2.7755575615628914e-17,0.0,1.0,0.1905938606926444
283,0.88,-0.020000000000000018,0.1719522640690897,0.011297356931980999,0.0013543603067371116,0.7060957798046221,0.6731663072800431,0.1,2.7755575615628914e-17,0.0,1.0,0.18585241294637522
284,0.88,-0.020000000000000018,0.17223919265178445,0.01128236874568019,0.0013305129098094616,0.7059159277300023,0.6729666552785964,0.1,2.7755575615628914e-17,0.0,1.0,0.18585241294637522
285,0.89,-0.010000000000000009,0.17254973015743755,0.011225278957680065,0.001325394014750782,0.7593073214650925,0.7435045187101763,0.1,2.7755575615628914e-17,0.0,1.0,0.18585241294637522
286,0.89,-0.010000000000000009,0.1728551999569826,0.011167342196144453,0.0013202751196921022,0.7590859091163497,0.7432699052466116,0.1,2.7755575615628914e-17,0.0,1.0,0.18585241294637522
287,0.89,-0.010000000000000009,0.17316573746263572,0.011092429316699811,0.0013202751196921022,0.7588609558827375,0.7430315512959871,0.1,2.7755575615628914e-17,0.0,1.0,0.18585241294637522
288,0.9,0.0,0.17345410013308374,0.01098550774654417,0.0013188265462039247,0.8209324014943521,0.8209324014943521,0.1,2.7755575615628914e-17,0.0,1.0,0.18363492942586745
289,0.9,0.0,0.17371885388057343,0.010908375526962015,0.0013149641652224799,0.8207080839374056,0.8207080839374056,0.1,2.7755575615628914e-17,0.0,1.0,0.18363492942586745
290,0.9,0.0,0.17401764915199652,0.01087032947787664,0.0013502385552408278,0.8204550712630939,0.8204550712630939,0.1,2.7755575615628914e-17,0.0,1.0,0.18742145753637174
291,0.89,-0.010000000000000009,0.17431938805840644,0.01081930130798955,0.0013310501945064078,0.7580264183246178,0.7421474007671371,0.1,2.7755575615628914e-17,0.0,0.0,0.18742145753637174
292,0.89,-0.010000000000000009,0.1746551092441879,0.010746031615567407,0.0013348936730600905,0.757783906170426,0.7418905012903022,0.1,2.7755575615628914e-17,0.0,1.0,0.18892003776081223
293,0.89,-0.010000000000000009,0.17502856320962684,0.010756343262776516,0.0013843012873366082,0.7575143195456165,0.7416049369407574,0.1,2.7755575615628914e-17,0.0,1.0,0.19381139157418747
294,0.89,-0.010000000000000009,0.17543660819722143,0.010818214504249938,0.0014192417137564523,0.7572199817711273,0.7412931735254212,0.1,2.7755575615628914e-17,0.0,1.0,0.19727049378975203
295,0.89,-0.010000000000000009,0.17582347458164374,0.010824623519912292,0.0014406342422133235,0.7569411320544202,0.7409978334213184,0.1,2.7755575615628914e-17,0.0,1.0,0.19515263347252176
296,0.89,-0.010000000000000009,0.17619692854708266,0.010794514250999594,0.0014417265756195964,0.7566721446346402,0.7407129557278668,0.1,2.7755575615628914e-17,0.0,1.0,0.19381139157418747
297,0.89,-0.010000000000000009,0.17658271352143276,0.010727557669822814,0.0014417265756195964,0.756394476242361,0.740418901629607,0.1,2.7755575615628914e-17,0.0,1.0,0.19381139157418747
298,0.89,-0.010000000000000009,0.1769684984957828,0.010646210082036079,0.0014309431922790512,0.7561170115617012,0.7401250809105503,0.1,2.7755575615628914e-17,0.0,1.0,0.19381139157418747
299,0.9,0.0,0.17734360792062576,0.010571954873168156,0.0013985339192663312,0.8176492258729285,0.8176492258729285,0.1,2.7755575615628914e-17,0.0,1.0,0.19381139157418747
300,0.91,0.010000000000000009,0.17768663216518607,0.010544178444384407,0.0013743230436881497,0.7556010564773971,0.7395787581055291,0.1,2.7755575615628914e-17,0.0,1.0,0.19381139157418747
301,0.92,0.020000000000000018,0.17795431708212336,0.010479742710704676,0.0014137978750497634,0.7023525743654548,0.6690144574290946,0.1,2.7755575615628914e-17,0.0,1.0,0.18867433549411916
302,0.92,0.020000000000000018,0.17820971152130796,0.01042654377956191,0.0013696385843904762,0.7021941766619062,0.6688389269979239,0.1,2.7755575615628914e-17,0.0,1.0,0.18867433549411916
303,0.92,0.020000000000000018,0.17861766874104373,0.010455742061454358,0.0014523024880030337,0.7019413064407558,0.6685587324575012,0.1,2.7755575615628914e-17,0.0,1.0,0.19955884377396704
304,0.93,0.030000000000000027,0.17899409836058722,0.010508872351000016,0.001455272085231077,0.655697324921754,0.6047032083877263,0.1,2.7755575615628914e-17,0.0,1.0,0.199106865576949
305,0.93,0.030000000000000027,0.1793689480994163,0.01055098024684225,0.001455272085231077,0.6554947177274103,0.6044706199782272,0.1,2.7755575615628914e-17,0.0,1.0,0.199106865576949
306,0.92,0.020000000000000018,0.17974379783824534,0.010579647706587285,0.001455272085231077,0.7012442253221702,0.6677864977484498,0.1,2.7755575615628914e-17,0.0,0.0,0.199106865576949
307,0.92,0.020000000000000018,0.18006863744230542,0.010516752161685995,0.0015041915337710716,0.7010434047407493,0.6675640727993124,0.1,2.7755575615628914e-17,0.0,1.0,0.19410585210004783
308,0.92,0.020000000000000018,0.18042852338540058,0.01048967029932578,0.0015379960371252322,0.7008210522632595,0.6673178237840796,0.1,2.7755575615628914e-17,0.0,1.0,0.19745249793210973
309,0.93,0.030000000000000027,0.18078840932849566,0.010450131777289358,0.0014964564162537365,0.654728628942811,0.6035914856812944,0.1,2.7755575615628914e-17,0.0,1.0,0.19745249793210973
310,0.93,0.030000000000000027,0.18110717104692803,0.010467401246468699,0.001464485688930456,0.6545568381448271,0.6033944141295732,0.1,2.7755575615628914e-17,0.0,1.0,0.19745249793210973
311,0.93,0.030000000000000027,0.1813942817453103,0.010517919823970651,0.0014222201492946579,0.6544021822348711,0.6032170206572711,0.1,2.7755575615628914e-17,0.0,1.0,0.19745249793210973
312,0.93,0.030000000000000027,0.18174482365343259,0.010535059226614176,0.00144402653868909,0.6542134573363508,0.6030005771075548,0.1,2.7755575615628914e-17,0.0,1.0,0.1996113304821585
313,0.93,0.030000000000000027,0.18206014398486414,0.010487682523695639,0.00147960388888169,0.6540437880180983,0.602806013923479,0.1,2.7755575615628914e-17,0.0,1.0,0.19608917281309113
314,0.93,0.030000000000000027,0.18237546431629575,0.010430562914079239,0.0014780080497762199,0.6538742066840137,0.6026115762537848,0.1,2.7755575615628914e-17,0.0,1.0,0.19608917281309113
315,0.93,0.030000000000000027,0.1826892047670129,0.010366291176795387,0.0014357337866061901,0.6537055622763236,0.6024182372467592,0.1,2.7755575615628914e-17,0.0,1.0,0.19608917281309113
316,0.93,0.030000000000000027,0.18304479673826834,0.010208762129390626,0.0014247043319951355,0.6535145266288954,0.6021992576458916,0.1,2.7755575615628914e-17,0.0,1.0,0.19608917281309113
317,0.94,0.039999999999999925,0.18338946954945887,0.010060426120904608,0.0013937812878563143,0.613263173616629,0.5447005022404912,0.1,2.7755575615628914e-17,0.0,1.0,0.19608917281309113
318,0.94,0.039999999999999925,0.183703528546952,0.009961282419473368,0.0013721704498621153,0.6131146741552,0.5445257469751554,0.1,2.7755575615628914e-17,0.0,1.0,0.19608917281309113
319,0.94,0.039999999999999925,0.18399619281483076,0.009890699101692737,0.0013721704498621153,0.6129763556850741,0.5443629975165851,0.1,2.7755575615628914e-17,0.0,1.0,0.19608917281309113
320,0.94,0.039999999999999925,0.18428885708270962,0.009810881981379435,0.0013721704498621153,0.6128380996100752,0.544200345315021,0.1,2.7755575615628914e-17,0.0,1.0,0.19608917281309113
321,0.94,0.039999999999999925,0.18458152135058847,0.009721603624788442,0.0013721704498621153,0.6126999058879933,0.5440377902833099,0.1,2.7755575615628914e-17,0.0,1.0,0.19608917281309113
322,0.94,0.039999999999999925,0.1848741856184673,0.009622600691863803,0.0013422406178674661,0.6125617744766567,0.5438753323344027,0.1,2.7755575615628914e-17,0.0,1.0,0.19608917281309113
323,0.94,0.039999999999999925,0.18515479549441102,0.009587595738571635,0.001359994296392325,0.6124293909609628,0.5437196568656164,0.1,2.7755575615628914e-17,0.0,1.0,0.19784678698705216
324,0.94,0.039999999999999925,0.18543540537035474,0.009544215851108033,0.001359994296392325,0.6122970646529149,0.543564070490471,0.1,2.7755575615628914e-17,0.0,1.0,0.19784678698705216
325,0.94,0.039999999999999925,0.18571601524629852,0.009492346210176514,0.001359994296392325,0.6121647955154386,0.543408573132505,0.1,2.7755575615628914e-17,0.0,1.0,0.19784678698705216
326,0.94,0.039999999999999925,0.18599662512224224,0.009431846750780497,0.001317720033222295,0.6120325835114919,0.5432531647153453,0.1,2.7755575615628914e-17,0.0,1.0,0.19784678698705216
327,0.94,0.039999999999999925,0.18623538347764765,0.009426601862102965,0.001275445770052265,0.6119201352078276,0.5431210046400711,0.1,2.7755575615628914e-17,0.0,1.0,0.19784678698705216
328,0.94,0.039999999999999925,0.18651599335359137,0.009350103716698727,0.001275445770052265,0.6117880288521492,0.5429657606382619,0.1,2.7755575615628914e-17,0.0,1.0,0.19784678698705216
329,0.95,0.04999999999999993,0.1867796367673998,0.009245761500751052,0.0012503093474229574,0.5764072101893296,0.4911638327498816,0.1,2.7755575615628914e-17,0.0,1.0,0.19615014077352066
330,0.96,0.05999999999999994,0.1870014286606699,0.00920175816578777,0.0012285029580285252,0.5449105678816197,0.4443230582951377,0.1,2.7755575615628914e-17,0.0,1.0,0.19615014077352066
331,0.96,0.05999999999999994,0.1872016322284395,0.009180813396933071,0.0012285029580285252,0.544835821919066,0.44423250948811066,0.1,2.7755575615628914e-17,0.0,1.0,0.19615014077352066
332,0.96,0.05999999999999994,0.18740183579620912,0.00915544389857064,0.0012285029580285252,0.5447610964596663,0.44414199757953293,0.1,2.7755575615628914e-17,0.0,1.0,0.19615014077352066
333,0.96,0.05999999999999994,0.1876020393639787,0.00912561276810207,0.0012049623096511417,0.5446863914949857,0.4440515225468549,0.1,2.7755575615628914e-17,0.0,1.0,0.19615014077352066
334,0.96,0.05999999999999994,0.18782554817364194,0.009058277173254196,0.0012049623096511417,0.5446030144971563,0.44395055905849595,0.1,2.7755575615628914e-17,0.0,1.0,0.19615014077352066
335,0.96,0.05999999999999994,0.18806602344544046,0.00900174658670857,0.0012221001501918638,0.5445133368865008,0.44384198273249237,0.1,2.7755575615628914e-17,0.0,1.0,0.19784678698705216
336,0.96,0.05999999999999994,0.188306498717239,0.008938391419178711,0.0012221001501918638,0.5444236888046933,0.44373345950220333,0.1,2.7755575615628914e-17,0.0,1.0,0.19784678698705216
337,0.96,0.05999999999999994,0.18854697398903753,0.008868065403507276,0.0012221001501918638,0.5443340702371514,0.4436249893286915,0.1,2.7755575615628914e-17,0.0,1.0,0.19784678698705216
338,0.96,0.05999999999999994,0.18878744926083604,0.00879060123806242,0.0012221001501918638,0.5442444811693024,0.4435165721730571,0.1,2.7755575615628914e-17,0.0,1.0,0.19784678698705216
339,0.96,0.05999999999999994,0.1890279245326346,0.008705808379448362,0.0012002937607974316,0.5441549215865829,0.4434082079964389,0.1,2.7755575615628914e-17,0.0,1.0,0.19784678698705216
340,0.95,0.04999999999999993,0.18928998812993364,0.00857186647968187,0.001177610778280378,0.5753602532606176,0.48991141063036764,0.1,2.7755575615628914e-17,0.0,0.0,0.19784678698705216
341,0.95,0.04999999999999993,0.18959668271512956,0.008401517996602326,0.0011814709918201982,0.575232605117449,0.48975883744007775,0.1,2.7755575615628914e-17,0.0,1.0,0.20006427050756015
342,0.95,0.04999999999999993,0.1898850240765249,0.00825982850104042,0.0011101723330385986,0.575112647343119,0.48961548118407544,0.1,2.7755575615628914e-17,0.0,1.0,0.20006427050756015
343,0.95,0.04999999999999993,0.19019096168903207,0.008390199573677861,0.0011992449828422856,0.574985423746627,0.48946346823638587,0.1,2.7755575615628914e-17,0.0,1.0,0.20888246283812517
344,0.95,0.04999999999999993,0.1904968993015393,0.008507581046348928,0.0011992449828422856,0.574858256425245,0.48931154965157875,0.1,2.7755575615628914e-17,0.0,1.0,0.20888246283812517
345,0.95,0.04999999999999993,0.19080283691404645,0.00861250404869302,0.0011992449828422856,0.5747311453416428,0.4891597253418171,0.1,2.7755575615628914e-17,0.0,1.0,0.20888246283812517
346,0.95,0.04999999999999993,0.19110877452655367,0.008705419063538448,0.0011889740195079315,0.5746040904585233,0.4890079952193727,0.1,2.7755575615628914e-17,0.0,1.0,0.20888246283812517
347,0.95,0.04999999999999993,0.19142488039276181,0.008770908765169748,0.001162725709588252,0.5744728717269199,0.4888513209813739,0.1,2.7755575615628914e-17,0.0,1.0,0.20888246283812517
348,0.95,0.04999999999999993,0.19176697208579052,0.008778002567008825,0.001162725709588252,0.5743309335237305,0.48868188024099113,0.1,2.7755575615628914e-17,0.0,1.0,0.20888246283812517
349,0.95,0.04999999999999993,0.1920834097358081,0.008726299787055015,0.0011701002744472764,0.5741997019420487,0.48852525069615754,0.1,2.7755575615628914e-17,0.0,1.0,0.20631705853701554
350,0.96,0.05999999999999994,0.19239878855408377,0.00859395233421336,0.0011238017917724378,0.5429026146957229,0.4418947668007868,0.1,2.7755575615628914e-17,0.0,1.0,0.20437585298275884
351,0.96,0.05999999999999994,0.19264891981896873,0.008574879745866288,0.0010836523438785821,0.5428099183253985,0.4417828752106031,0.1,2.7755575615628914e-17,0.0,1.0,0.20437585298275884
352,0.96,0.05999999999999994,0.19293879903726868,0.008475867212963957,0.0010578951721859154,0.542702531316689,0.4416532739744114,0.1,2.7755575615628914e-17,0.0,1.0,0.20437585298275884
353,0.96,0.05999999999999994,0.19325417785554436,0.00830713491083729,0.0010578951721859154,0.5425857461214374,0.44151235853756987,0.1,2.7755575615628914e-17,0.0,1.0,0.20437585298275884
354,0.96,0.05999999999999994,0.19353257517439804,0.008081698934080398,0.0010734438327127086,0.5424826969839106,0.44138804162758855,0.1,2.7755575615628914e-17,0.0,1.0,0.20067770304055732
355,0.96,0.05999999999999994,0.19379092917004548,0.007895834872755352,0.0010750044410907768,0.5423871019199015,0.4412727375745521,0.1,2.7755575615628914e-17,0.0,1.0,0.20083220326998608
356,0.96,0.05999999999999994,0.19402735928250373,0.007680575144678097,0.0010971497776456015,0.5422996485584821,0.4411672709849973,0.1,2.7755575615628914e-17,0.0,1.0,0.19863981495105842
357,0.96,0.05999999999999994,0.19428242035072082,0.007464843306321129,0.0011134870837990682,0.5422053353920699,0.44105355002608676,0.1,2.7755575615628914e-17,0.0,1.0,0.2005029105269447
358,0.96,0.05999999999999994,0.19452800590712463,0.0072348423576909775,0.0011205764667750816,0.5421145569513027,0.44094410918574195,0.1,2.7755575615628914e-17,0.0,1.0,0.19980106161231936
359,0.96,0.05999999999999994,0.19477359146352854,0.006988660655828364,0.0011205764667750816,0.5420238089025117,0.4408347226441383,0.1,2.7755575615628914e-17,0.0,1.0,0.19980106161231936
360,0.96,0.05999999999999994,0.19501917701993235,0.006724521325193244,0.0011205764667750816,0.5419330912304371,0.4407253903608757,0.1,2.7755575615628914e-17,0.0,1.0,0.19980106161231936
361,0.96,0.05999999999999994,0.19526476257633626,0.006440215199246506,0.0011205764667750816,0.5418424039198289,0.44061611229559394,0.1,2.7755575615628914e-17,0.0,1.0,0.19980106161231936
362,0.96,0.05999999999999994,0.19551736662188637,0.0061382438329685325,0.0010290285604601275,0.541749156553018,0.4405037677390572,0.1,2.7755575615628914e-17,0.0,1.0,0.2005029105269447
363,0.97,0.06999999999999995,0.1956625433919302,0.0060591288051048565,0.0010162883438950615,0.5138600102604761,0.39852589288706375,0.1,2.7755575615628914e-17,0.0,1.0,0.19952527461611713
364,0.97,0.06999999999999995,0.19577636501938056,0.006006643879614499,0.0010078113592737626,0.5138222175941408,0.3984801188547489,0.1,2.7755575615628914e-17,0.0,1.0,0.19862867770754788
365,0.97,0.06999999999999995,0.1958728284629702,0.005974130373019512,0.0009868331064998214,0.5137901927892374,0.3984413337486253,0.1,2.7755575615628914e-17,0.0,1.0,0.19862867770754788
366,0.97,0.06999999999999995,0.19599006037680597,0.005911709159999441,0.0009658548537258801,0.5137512784533967,0.3983942084152339,0.1,2.7755575615628914e-17,0.0,1.0,0.19862867770754788
367,0.97,0.06999999999999995,0.1960865238203956,0.005875163030047125,0.0009658548537258801,0.5137192624904019,0.39835544003026685,0.1,2.7755575615628914e-17,0.0,1.0,0.19862867770754788
368,0.97,0.06999999999999995,0.19617482673876704,0.005833938829031038,0.0009740978084917357,0.5136899584823101,0.39831995795147135,0.1,2.7755575615628914e-17,0.0,1.0,0.19781262518572817
369,0.97,0.06999999999999995,0.19626312965713852,0.005791074950415831,0.0009740978084917357,0.5136606578171957,0.39828448219299006,0.1,2.7755575615628914e-17,0.0,1.0,0.19781262518572817
370,0.97,0.06999999999999995,0.19634211678297775,0.00574491326058563,0.0009835076999384256,0.5136344511494786,0.3982527544145306,0.1,2.7755575615628914e-17,0.0,1.0,0.19688104593250588
371,0.97,0.06999999999999995,0.19642110390881698,0.005697282661925318,0.0009835076999384256,0.5136082471557231,0.3982210316906078,0.1,2.7755575615628914e-17,0.0,1.0,0.19688104593250588
372,0.97,0.06999999999999995,0.19650009103465618,0.005648145992801566,0.0009835076999384256,0.5135820458355197,0.3981893140200138,0.1,2.7755575615628914e-17,0.0,1.0,0.19688104593250588
373,0.97,0.06999999999999995,0.19657907816049536,0.005597463590772989,0.0009835076999384256,0.5135558471884594,0.3981576014015411,0.1,2.7755575615628914e-17,0.0,1.0,0.19688104593250588
374,0.97,0.06999999999999995,0.19665806528633456,0.005545193072559461,0.0009835076999384256,0.5135296512141331,0.39812589383398306,0.1,2.7755575615628914e-17,0.0,1.0,0.19688104593250588
375,0.97,0.06999999999999995,0.196746368204706,0.0054923155667149694,0.0009929175913851154,0.5135003688333658,0.3980904526335913,0.1,2.7755575615628914e-17,0.0,1.0,0.19781262518572817
376,0.97,0.06999999999999995,0.1968472549748917,0.005441193746168656,0.0010056285528136704,0.5134669175728318,0.3980499685089043,0.1,2.7755575615628914e-17,0.0,1.0,0.19907101036715513
377,0.97,0.06999999999999995,0.19694814174507738,0.0053876982285121725,0.0010056285528136704,0.5134334706702848,0.39800949261751034,0.1,2.7755575615628914e-17,0.0,1.0,0.19907101036715513
378,0.97,0.06999999999999995,0.1970490285152631,0.005331757565651735,0.0009552821854185347,0.5134000281248731,0.39796902495689823,0.1,2.7755575615628914e-17,0.0,1.0,0.19907101036715513
379,0.97,0.06999999999999995,0.1970771384775849,0.005322835053033753,0.0009784477451585697,0.5133907108437387,0.39795775096595765,0.1,2.7755575615628914e-17,0.0,1.0,0.19677761995289167
380,0.97,0.06999999999999995,0.19710524843990684,0.005313748857893238,0.0009742682998813491,0.5133813939007817,0.39794647761375657,0.1,2.7755575615628914e-17,0.0,1.0,0.19677761995289167
381,0.97,0.06999999999999995,0.1971304459844822,0.0053067376126443395,0.0009372581503590874,0.5133730425553266,0.39793637281419486,0.1,2.7755575615628914e-17,0.0,1.0,0.19690014326069205
382,0.97,0.06999999999999995,0.19719350881016268,0.0052659992489690385,0.000889364738780611,0.5133521425254394,0.3979110854082189,0.1,2.7755575615628914e-17,0.0,1.0,0.19690014326069205
383,0.97,0.06999999999999995,0.19732796671570582,0.005144974441653377,0.0009135875694876324,0.5133075867049134,0.39785718019605637,0.1,2.7755575615628914e-17,0.0,1.0,0.19929820350068717
384,0.97,0.06999999999999995,0.19746242462124897,0.005017431420922899,0.0009135875694876324,0.5132630386180606,0.39780328958704725,0.1,2.7755575615628914e-17,0.0,1.0,0.19929820350068717
385,0.97,0.06999999999999995,0.1976048379587303,0.0048862717231644825,0.0009216233593241692,0.5132158631987955,0.39774622636613666,0.1,2.7755575615628914e-17,0.0,1.0,0.2000937466945043
386,0.97,0.06999999999999995,0.19773907032029758,0.004743875439742937,0.0009298869713585131,0.5131714057237319,0.3976924561439722,0.1,2.7755575615628914e-17,0.0,1.0,0.19927564910310425
387,0.97,0.06999999999999995,0.1978733026818648,0.0045931492866237,0.0009074881479190408,0.5131269559502848,0.3976387004579405,0.1,2.7755575615628914e-17,0.0,1.0,0.19927564910310425
388,0.97,0.06999999999999995,0.1980297098786372,0.004366338303783874,0.0009074881479190408,0.5130751729029428,0.3975760828017432,0.1,2.7755575615628914e-17,0.0,1.0,0.19927564910310425
389,0.97,0.06999999999999995,0.19817816164347135,0.004119806279379855,0.000877276179063615,0.5130260333941564,0.3975166683439171,0.1,2.7755575615628914e-17,0.0,1.0,0.1984801059092871
390,0.97,0.06999999999999995,0.19829609261152975,0.0039765022736286135,0.0008846948501032349,0.512987003383348,0.39746948179938313,0.1,2.7755575615628914e-17,0.0,1.0,0.19921455434220947
391,0.98,0.07999999999999996,0.19840667909525891,0.003823362746398633,0.0008769763471586072,0.48792240949756,0.3596052317398767,0.1,2.7755575615628914e-17,0.0,1.0,0.1984801059092871
392,0.98,0.07999999999999996,0.19850227977674365,0.00370257389894306,0.0008275687328820896,0.4878937899947098,0.3595706352662223,0.1,2.7755575615628914e-17,0.0,1.0,0.1984801059092871
393,0.98,0.07999999999999996,0.19853712180824767,0.003674555221633915,0.0008045930659035833,0.4878833603429527,0.3595580281050832,0.1,2.7755575615628914e-17,0.0,1.0,0.19729559472459468
394,0.98,0.07999999999999996,0.19853737281759615,0.0036744695458601146,0.0007832005374467119,0.48788328520715807,0.35955793728364105,0.1,2.7755575615628914e-17,0.0,1.0,0.19729559472459468
395,0.98,0.07999999999999996,0.19855880243011687,0.0036608909761344007,0.0007696526394837393,0.4878768706669866,0.3595501836845591,0.1,2.7755575615628914e-17,0.0,1.0,0.19729559472459468
396,0.98,0.07999999999999996,0.1985936444616209,0.0036320086193050113,0.0007696526394837393,0.48786644173857446,0.359537577957489,0.1,2.7755575615628914e-17,0.0,1.0,0.19729559472459468
397,0.98,0.07999999999999996,0.19862848649312498,0.00360255777857217,0.0007696526394837393,0.4878560132560136,0.3595249731142941,0.1,2.7755575615628914e-17,0.0,1.0,0.19729559472459468
398,0.98,0.07999999999999996,0.19866332852462903,0.003572524394721069,0.0007696526394837393,0.4878455852192752,0.35951236915488183,0.1,2.7755575615628914e-17,0.0,1.0,0.19729559472459468
399,0.98,0.07999999999999996,0.19869817055613312,0.003541893648810585,0.0007696526394837393,0.48783515762833074,0.35949976607915907,0.1,2.7755575615628914e-17,0.0,1.0,0.19729559472459468
400,0.98,0.07999999999999996,0.19867766840898804,0.00357589191792907,0.0007736663948862853,0.4878412934968185,0.3595071820182899,0.1,2.7755575615628914e-17,0.0,1.0,0.1917611768596743
401,0.98,0.07999999999999996,0.19869980626461092,0.0035203148594383123,0.0007824851403737883,0.4878346681012715,0.35949917443164847,0.1,2.7755575615628914e-17,0.0,1.0,0.1908881210564115
402,0.98,0.07999999999999996,0.19868841659108724,0.0035544103771528086,0.0007064068033517174,0.4878380767690285,0.3595032941988386,0.1,2.7755575615628914e-17,0.0,1.0,0.18753536814174865
403,0.98,0.07999999999999996,0.19852808659214854,0.0038599983287569226,0.000742341612085412,0.4878860649115825,0.35956129730214775,0.1,2.7755575615628914e-17,0.0,1.0,0.18352584388009485
404,0.98,0.07999999999999996,0.19836547329887808,0.004162837735979563,0.000749213406329751,0.4879347461083853,0.35962014556181016,0.1,2.7755575615628914e-17,0.0,1.0,0.1828455362499053
405,0.98,0.07999999999999996,0.19820107281993868,0.0044453539515966695,0.0007510186443791898,0.4879839722077143,0.359679660172561,0.1,2.7755575615628914e-17,0.0,1.0,0.18266681768301085
406,0.99,0.08999999999999997,0.198019700533088,0.004763328152120254,0.0007176465970482139,0.46532848002033395,0.3255110460481508,0.1,2.7755575615628914e-17,0.0,1.0,0.18096963689187628
407,0.99,0.08999999999999997,0.19788833838100633,0.005042410502518353,0.0006838420936940532,0.4653642524097575,0.32555410359026415,0.1,2.7755575615628914e-17,0.0,1.0,0.18096963689187628
408,0.99,0.08999999999999997,0.197723509770604,0.005315943964801941,0.0006838420936940532,0.4654091461275431,0.32560814679683675,0.1,2.7755575615628914e-17,0.0,1.0,0.18096963689187628
409,0.99,0.08999999999999997,0.19755868116020164,0.005571200934835024,0.0006838420936940532,0.46545404850796396,0.32566220794913975,0.1,2.7755575615628914e-17,0.0,1.0,0.18096963689187628
410,0.99,0.08999999999999997,0.197388485866793,0.0058259849793466795,0.0006892629856195935,0.46550042196565183,0.3257180481289493,0.1,2.7755575615628914e-17,0.0,1.0,0.1804329685912478
411,0.99,0.08999999999999997,0.19720467067363465,0.006104390444395008,0.0006812140707198656,0.46555051684545434,0.3257783784395712,0.1,2.7755575615628914e-17,0.0,1.0,0.17907097861627208
412,0.99,0.08999999999999997,0.1969992671549758,0.0063601713698701965,0.0006456367205272658,0.4656065079165988,0.3258458207386791,0.1,2.7755575615628914e-17,0.0,1.0,0.17907097861627208
413,0.99,0.08999999999999997,0.19684270511275734,0.006569886448407413,0.0006593941950219699,0.4656491943055534,0.3258972451581598,0.1,2.7755575615628914e-17,0.0,1.0,0.1804329685912478
414,0.99,0.08999999999999997,0.1966861430705389,0.006769491316907865,0.0006593941950219699,0.4656918885221257,0.32594868581162706,0.1,2.7755575615628914e-17,0.0,1.0,0.1804329685912478
415,0.99,0.08999999999999997,0.1965008050979158,0.007031924448517789,0.0006884607913903166,0.46574244000938847,0.32600960219480013,0.1,2.7755575615628914e-17,0.0,1.0,0.1775553755507815
416,0.99,0.08999999999999997,0.19631546712529271,0.007280192983804851,0.0006884607913903166,0.465793002472708,0.32607054135149277,0.1,2.7755575615628914e-17,0.0,1.0,0.1775553755507815
417,0.99,0.08999999999999997,0.19610939353828297,0.00756958667601823,0.000709405856427275,0.46584923475607937,0.32613832513515484,0.1,2.7755575615628914e-17,0.0,1.0,0.1754818141121226
418,0.99,0.08999999999999997,0.19586957573530803,0.007937385357237146,0.0007434909230588631,0.46591469208116426,0.3262172438939657,0.1,2.7755575615628914e-17,0.0,1.0,0.17210739251559537
419,0.99,0.08999999999999997,0.19561993759026916,0.00831035786457846,0.000753410460497148,0.4659828493731807,0.3262994348927895,0.1,2.7755575615628914e-17,0.0,1.0,0.17112535830920517
420,0.99,0.08999999999999997,0.1953910350596169,0.008604328565482218,0.0007743555255341043,0.4660453628652446,0.3263748352940269,0.1,2.7755575615628914e-17,0.0,1.0,0.17319891974786383
421,0.99,0.08999999999999997,0.19516213252896467,0.008882685379495743,0.0007743555255341043,0.46610789313243695,0.32645027054996467,0.1,2.7755575615628914e-17,0.0,1.0,0.17319891974786383
422,0.99,0.08999999999999997,0.1949332299983124,0.009146853901881434,0.0007566018470092454,0.4661704401815106,0.32652574068477647,0.1,2.7755575615628914e-17,0.0,1.0,0.17319891974786383
423,0.99,0.08999999999999997,0.19469057332748776,0.009385110119425737,0.0007604624546529106,0.46623676384756124,0.32660578373037136,0.1,2.7755575615628914e-17,0.0,1.0,0.1735811199045867
424,0.99,0.08999999999999997,0.19444791665666308,0.00961134137804603,0.0007604624546529106,0.4663031063884878,0.3266858660283699,0.1,2.7755575615628914e-17,0.0,1.0,0.1735811199045867
425,0.99,0.08999999999999997,0.1942052599858384,0.009826378259416879,0.0007604624546529106,0.4663694678123487,0.32676598760765274,0.1,2.7755575615628914e-17,0.0,1.0,0.1735811199045867
426,0.99,0.08999999999999997,0.19396260331501375,0.0100309407230404,0.0007604624546529106,0.46643584812720706,0.3268461484971288,0.1,2.7755575615628914e-17,0.0,1.0,0.1735811199045867
427,0.99,0.08999999999999997,0.19372440030324672,0.010216978520969509,0.0007649611001656553,0.46650102849648173,0.32692487639650225,0.1,2.7755575615628914e-17,0.0,1.0,0.1740264858103484
428,0.99,0.08999999999999997,0.19348619729147967,0.010394231431766592,0.0007478232596249331,0.4665662270850864,0.3270036422316168,0.1,2.7755575615628914e-17,0.0,1.0,0.1740264858103484
429,0.99,0.08999999999999997,0.19326496074184796,0.010569150354061828,0.0007478232596249331,0.46662679810599705,0.3270768318233424,0.1,2.7755575615628914e-17,0.0,1.0,0.1740264858103484
430,0.99,0.08999999999999997,0.19300941211212155,0.010802663408294218,0.0007824819263872434,0.46669678280223453,0.32716141334425164,0.1,2.7755575615628914e-17,0.0,1.0,0.17059527780087969
431,0.99,0.08999999999999997,0.1927440431403312,0.01104546428492342,0.0007924014638255283,0.4667694791247007,0.32724929151495125,0.1,2.7755575615628914e-17,0.0,1.0,0.16961324359448948
432,0.99,0.08999999999999997,0.19249936634888584,0.011236649931539671,0.0008133026560931344,0.466836527012208,0.32733035921545983,0.1,2.7755575615628914e-17,0.0,1.0,0.17168246162898249
433,0.99,0.08999999999999997,0.1922546895574405,0.011419395283195962,0.0008133026560931344,0.46690359416432137,0.32741146709084845,0.1,2.7755575615628914e-17,0.0,1.0,0.17168246162898249
434,0.99,0.08999999999999997,0.19198650958167654,0.011637583686019855,0.0008199054057731627,0.4669771257978231,0.3275004122178472,0.1,2.7755575615628914e-17,0.0,1.0,0.1693321431971282
435,0.99,0.08999999999999997,0.19170136314377728,0.01183810881045798,0.0008199054057731627,0.4670553348346413,0.32759503750087654,0.1,2.7755575615628914e-17,0.0,1.0,0.1693321431971282
436,0.99,0.08999999999999997,0.19140639636381415,0.012046948292826053,0.0008298249432114498,0.4671362649333411,0.3276929791999537,0.1,2.7755575615628914e-17,0.0,1.0,0.16835010899073777
437,0.99,0.08999999999999997,0.191111429583851,0.012245125370090853,0.0008298249432114498,0.46721722308360353,0.3277909794801697,0.1,2.7755575615628914e-17,0.0,1.0,0.16835010899073777
438,0.99,0.08999999999999997,0.19084050216331164,0.012391943930099694,0.0008541071244475707,0.4672916079914857,0.3278810445407901,0.1,2.7755575615628914e-17,0.0,1.0,0.17075404493311375
439,0.98,0.07999999999999996,0.1905695747427722,0.012531187097391311,0.0008541071244475707,0.49028003949574406,0.3624641870139779,0.1,2.7755575615628914e-17,0.0,0.0,0.17075404493311375
440,0.99,0.08999999999999997,0.19032709358998923,0.012622297345483107,0.0008604419048024161,0.46743263268626584,0.32805185403185694,0.1,2.7755575615628914e-17,0.0,1.0,0.17359867170875143
441,0.99,0.08999999999999997,0.19010428895018094,0.0126450766201926,0.0009027159938729391,0.46749385985988523,0.32812603585360545,0.1,2.7755575615628914e-17,0.0,1.0,0.1777838065267332
442,0.99,0.08999999999999997,0.1898716429874738,0.012673671685310733,0.0008235840742701255,0.46755780856982104,0.32820353011361203,0.1,2.7755575615628914e-17,0.0,1.0,0.17679967423684673
443,0.99,0.08999999999999997,0.18943023400068296,0.012772165360608325,0.000945383165965186,0.4676791892515268,0.3283506638938003,0.1,2.7755575615628914e-17,0.0,1.0,0.16474156415903574
444,0.98,0.07999999999999996,0.18899866633679094,0.012836553910150188,0.0009553238961660595,0.49075535848853097,0.36304272827274275,0.1,2.7755575615628914e-17,0.0,0.0,0.1657256964489222
445,0.98,0.07999999999999996,0.18860042219928136,0.012831256619093338,0.000988984023825097,0.49087600403253673,0.36318968899284143,0.1,2.7755575615628914e-17,0.0,1.0,0.16905804908716693
446,0.98,0.07999999999999996,0.18820217806177175,0.012813585750122394,0.000988984023825097,0.4909967089092676,0.363336768741351,0.1,2.7755575615628914e-17,0.0,1.0,0.16905804908716693
447,0.98,0.07999999999999996,0.1878175538240119,0.012764221357418476,0.001002741498319799,0.4911133420590458,0.3634789315084838,0.1,2.7755575615628914e-17,0.0,1.0,0.17042003906214243
448,0.98,0.07999999999999996,0.1874338372985052,0.01270181240177575,0.0009777452046248667,0.49122975518289386,0.3636208696696609,0.1,2.7755575615628914e-17,0.0,1.0,0.17051081028745374
449,0.98,0.07999999999999996,0.1870757748160096,0.01266909458237943,0.0009581370677131828,0.49133843509133096,0.36375341832616437,0.1,2.7755575615628914e-17,0.0,1.0,0.17051081028745374
450,0.98,0.07999999999999996,0.18670331997240006,0.012702460398029577,0.000992282943123782,0.4914515344395015,0.3638913973683143,0.1,2.7755575615628914e-17,0.0,1.0,0.16713036862180441
451,0.98,0.07999999999999996,0.18631633751678764,0.012747563155178287,0.0010069572986822347,0.49156910039802604,0.3640348692112159,0.1,2.7755575615628914e-17,0.0,1.0,0.1656776074215176
452,0.98,0.07999999999999996,0.18593616156724388,0.012770184846847199,0.0010138325573374395,0.4916846533141619,0.3641759277844271,0.1,2.7755575615628914e-17,0.0,1.0,0.1663582580283829
453,0.98,0.07999999999999996,0.18555598561770012,0.012781463458650172,0.000976477507416212,0.49180026056901005,0.3643170957165804,0.1,2.7755575615628914e-17,0.0,1.0,0.1663582580283829
454,0.98,0.07999999999999996,0.18521279116757836,0.01283148042051205,0.0009749168990381438,0.4919046688624216,0.3644446256065009,0.1,2.7755575615628914e-17,0.0,1.0,0.1663582580283829
455,0.98,0.07999999999999996,0.18485823137309843,0.012884735574719168,0.0009626910999216061,0.49201258134449705,0.3645764726219017,0.1,2.7755575615628914e-17,0.0,1.0,0.16537622382199246
456,0.98,0.07999999999999996,0.1845255954618078,0.01295383842357176,0.0009438719526904317,0.4921138642110378,0.3647002537582392,0.1,2.7755575615628914e-17,0.0,1.0,0.16537622382199246
457,0.98,0.07999999999999996,0.1841743285947583,0.012992027550278992,0.0009367825697144184,0.4922208652141335,0.36483105916153125,0.1,2.7755575615628914e-17,0.0,1.0,0.16537622382199246
458,0.98,0.07999999999999996,0.18382919568392658,0.013030684404462622,0.0009376760373189303,0.49232604305356387,0.36495967181043587,0.1,2.7755575615628914e-17,0.0,1.0,0.16528777052914578
459,0.98,0.07999999999999996,0.18348494730602333,0.013058879959477538,0.0009385695049234422,0.49243099612094454,0.3650880452032722,0.1,2.7755575615628914e-17,0.0,1.0,0.16537622382199246
460,0.98,0.07999999999999996,0.18314069892812004,0.013077956325512207,0.0009385695049234422,0.4925359939452305,0.3652165089377435,0.1,2.7755575615628914e-17,0.0,1.0,0.16537622382199246
461,0.98,0.07999999999999996,0.18279645055021676,0.013087953377690009,0.0009314801219474289,0.49264103655505753,0.3653450631092489,0.1,2.7755575615628914e-17,0.0,1.0,0.16537622382199246
462,0.98,0.07999999999999996,0.18244518368316726,0.013079395664488984,0.0009216050117370495,0.4927482669535534,0.3654763315464347,0.1,2.7755575615628914e-17,0.0,1.0,0.16537622382199246
463,0.98,0.07999999999999996,0.18207980301324997,0.013107475774326808,0.0009366799540504926,0.49285985538176297,0.3656129744403415,0.1,2.7755575615628914e-17,0.0,1.0,0.16298720762439234
464,0.98,0.07999999999999996,0.181690064786036,0.013188789015391781,0.0009703400817095302,0.49297893840661833,0.36575883909296186,0.1,2.7755575615628914e-17,0.0,1.0,0.15965485498614762
465,0.98,0.07999999999999996,0.18130032655882192,0.013258152150242123,0.0009703400817095302,0.493098078990205,0.3659048201801194,0.1,2.7755575615628914e-17,0.0,1.0,0.15965485498614762
466,0.98,0.07999999999999996,0.18091058833160795,0.013315751928220834,0.0009703400817095302,0.49321727717426445,0.36605091784128324,0.1,2.7755575615628914e-17,0.0,1.0,0.15965485498614762
467,0.98,0.07999999999999996,0.18051441120465303,0.013371945303583868,0.0009686010660758983,0.4933385037208971,0.3661995488176078,0.1,2.7755575615628914e-17,0.0,1.0,0.15901096501205747
468,0.98,0.07999999999999996,0.1801486756696146,0.013393963707143502,0.000991107194053972,0.49345046833259215,0.3663368664216458,0.1,2.7755575615628914e-17,0.0,1.0,0.16123907168188678
469,0.98,0.07999999999999996,0.17978294013457619,0.013405971856278693,0.0009816973026072822,0.49356248377721385,0.36647428704709795,0.1,2.7755575615628914e-17,0.0,1.0,0.16123907168188678
470,0.98,0.07999999999999996,0.17942563585914154,0.01342164658242841,0.0009825907702117943,0.493671966064404,0.3666086393280506,0.1,2.7755575615628914e-17,0.0,1.0,0.1611506183890401
471,0.98,0.07999999999999996,0.1790683315837069,0.013427798772151764,0.0009825907702117943,0.49378149693320644,0.36674309015428147,0.1,2.7755575615628914e-17,0.0,1.0,0.1611506183890401
472,0.98,0.07999999999999996,0.17871102730827226,0.013424441517497138,0.0009825907702117943,0.4938910764159646,0.36687763963425235,0.1,2.7755575615628914e-17,0.0,1.0,0.1611506183890401
473,0.98,0.07999999999999996,0.17835372303283756,0.01341156767710298,0.0009825907702117943,0.4940007045450511,0.3670122878765845,0.1,2.7755575615628914e-17,0.0,1.0,0.1611506183890401
474,0.98,0.07999999999999996,0.1779964187574029,0.013389149800037277,0.0009731808787651044,0.49411038135286667,0.3671470349900586,0.1,2.7755575615628914e-17,0.0,1.0,0.1611506183890401
475,0.98,0.07999999999999996,0.17762979868943604,0.013343384563970623,0.0009604699173365493,0.494222968335172,0.36728539817459066,0.1,2.7755575615628914e-17,0.0,1.0,0.1611506183890401
476,0.98,0.07999999999999996,0.17725059476965488,0.01326727154545629,0.0009604699173365493,0.4943394737405814,0.36742862029201334,0.1,2.7755575615628914e-17,0.0,1.0,0.1611506183890401
477,0.98,0.07999999999999996,0.17684080115012854,0.013219754549014206,0.0009913686039478404,0.4944654391976233,0.3675835215110523,0.1,2.7755575615628914e-17,0.0,1.0,0.15809164841452228
478,0.98,0.07999999999999996,0.1764254725240791,0.01316713768168236,0.0009737939598877366,0.49459317156611615,0.367740648274245,0.1,2.7755575615628914e-17,0.0,1.0,0.1575381477622091
479,0.98,0.07999999999999996,0.17599042269784004,0.01320616087677035,0.0010168799238597038,0.4947270398837107,0.3679053800587214,0.1,2.7755575615628914e-17,0.0,1.0,0.15327263732898433
480,0.98,0.07999999999999996,0.17555537287160095,0.01323077166212458,0.0010156423146900032,0.4948609806874587,0.3680702594946602,0.1,2.7755575615628914e-17,0.0,1.0,0.15327263732898433
481,0.98,0.07999999999999996,0.17510185055559252,0.013268580406089818,0.0010330637860954527,0.49500068593392654,0.36824229721839946,0.1,2.7755575615628914e-17,0.0,1.0,0.15154791165984483
482,0.98,0.07999999999999996,0.17465106456961635,0.013286086284667728,0.001011604925118077,0.49513962645827153,0.36841345639529816,0.1,2.7755575615628914e-17,0.0,1.0,0.15182154466307973
483,0.98,0.07999999999999996,0.1741922655293446,0.013219042354333695,0.001027733761587135,0.49528111686585347,0.36858782150777114,0.1,2.7755575615628914e-17,0.0,1.0,0.15341829947351648
484,0.98,0.07999999999999996,0.17373045562004677,0.01314033141633599,0.0010227392535952277,0.49542361748978125,0.368763497648423,0.1,2.7755575615628914e-17,0.0,1.0,0.15311721257089816
485,0.98,0.07999999999999996,0.1732606902788107,0.013028678251556717,0.0010144756415608836,0.49556865707557984,0.36894237199500973,0.1,2.7755575615628914e-17,0.0,1.0,0.15311721257089816
486,0.98,0.07999999999999996,0.1727991059134886,0.012916006076634992,0.0010144756415608836,0.495711253534611,0.36911830034537135,0.1,2.7755575615628914e-17,0.0,1.0,0.15311721257089816
487,0.98,0.07999999999999996,0.17234972846020727,0.012767903482069068,0.0010268058557434177,0.49585015779122404,0.36928973741005655,0.1,2.7755575615628914e-17,0.0,1.0,0.15433790377496903
488,0.97,0.06999999999999995,0.1719003510069259,0.01260204846412501,0.0010187700659068809,0.5218734986909569,0.4083179214655449,0.1,2.7755575615628914e-17,0.0,0.0,0.15433790377496903
489,0.97,0.06999999999999995,0.17146193985460895,0.012431175851510438,0.0010143926767118905,0.5220236959805761,0.40850310679484325,0.1,2.7755575615628914e-17,0.0,1.0,0.15463899067758735
490,0.97,0.06999999999999995,0.17100397730592198,0.012242469392578632,0.0010193042198548047,0.5221806838246583,0.4086967301180272,0.1,2.7755575615628914e-17,0.0,1.0,0.15341829947351648
491,0.97,0.06999999999999995,0.17055290541179893,0.012051296925922734,0.0010197626337591673,0.5223354019068892,0.40888761963137404,0.1,2.7755575615628914e-17,0.0,1.0,0.1533729164969846
492,0.97,0.06999999999999995,0.17006532835079832,0.01189688364937061,0.0010446717802548291,0.5225027444422681,0.40909415844764513,0.1,2.7755575615628914e-17,0.0,1.0,0.14972239980922164
493,0.97,0.06999999999999995,0.16958346121819246,0.01175927281877947,0.0010508689352569892,0.5226682326404183,0.4092984836312109,0.1,2.7755575615628914e-17,0.0,1.0,0.1491088814640078
494,0.97,0.06999999999999995,0.16908075630670066,0.01163773846411213,0.0010719171967579122,0.5228409889437884,0.4095118622647535,0.1,2.7755575615628914e-17,0.0,1.0,0.14702510357541643
495,0.97,0.06999999999999995,0.16857805139520887,0.011492953990841014,0.0010719171967579122,0.5230138594863882,0.4097254634947226,0.1,2.7755575615628914e-17,0.0,1.0,0.14702510357541643
496,0.97,0.06999999999999995,0.1680961842626031,0.011287130207960343,0.0010929654582588352,0.5231796716571857,0.4099304199430366,0.1,2.7755575615628914e-17,0.0,1.0,0.1491088814640078
497,0.97,0.06999999999999995,0.16762045231344933,0.011046397208235807,0.001099162613260995,0.5233434758583058,0.4101329681142431,0.1,2.7755575615628914e-17,0.0,1.0,0.14972239980922164
498,0.97,0.06999999999999995,0.16714472036429556,0.010779324304328982,0.001099162613260995,0.5235073826636409,0.4103357165440334,0.1,2.7755575615628914e-17,0.0,1.0,0.14972239980922164
499,0.97,0.06999999999999995,0.16666898841514183,0.01048389869556092,0.0010432594025042237,0.5236713921696258,0.4105386655295466,0.1,2.7755575615628914e-17,0.0,1.0,0.14972239980922164
500,0.97,0.06999999999999995,0.1662422974534523,0.010321015663400811,0.0010408075167995464,0.5238185821459485,0.4107208643052112,0.1,2.7755575615628914e-17,0.0,1.0,0.14909208069072188
501,0.96,0.05999999999999994,0.1658243370497954,0.01015951802816179,0.0010069413257423458,0.5529345568091827,0.45411416876272587,0.1,2.7755575615628914e-17,0.0,0.0,0.14909208069072188
502,0.96,0.05999999999999994,0.16546553459393276,0.010019034137346325,0.0009923303924404374,0.5530725432080112,0.4542837779680239,0.1,2.7755575615628914e-17,0.0,1.0,0.15165512255548674
503,0.96,0.05999999999999994,0.16511750383157023,0.009990063782083359,0.0010150783447784016,0.5532064528999143,0.45444841638705435,0.1,2.7755575615628914e-17,0.0,1.0,0.14872276764383874
504,0.96,0.05999999999999994,0.1648171588521517,0.009903677441536115,0.001054568770003863,0.5533220669582893,0.45459059266682955,0.1,2.7755575615628914e-17,0.0,1.0,0.15281103830805387
505,0.96,0.05999999999999994,0.16447771835175998,0.009867714937743523,0.0010787211929642727,0.5534527885331508,0.4547513829731616,0.1,2.7755575615628914e-17,0.0,1.0,0.14872276764383874
506,0.96,0.05999999999999994,0.16415524965927963,0.009850388976161735,0.0010787211929642727,0.5535770313361513,0.4549042392581074,0.1,2.7755575615628914e-17,0.0,1.0,0.14872276764383874
507,0.96,0.05999999999999994,0.16383405044760946,0.009820506685411408,0.0010800034968129909,0.5537008404906106,0.4550565959728763,0.1,2.7755575615628914e-17,0.0,1.0,0.14884971572486183
508,0.96,0.05999999999999994,0.1635128512359393,0.009779989890975177,0.0010800034968129909,0.5538247050380322,0.45520905477658385,0.1,2.7755575615628914e-17,0.0,1.0,0.14884971572486183
509,0.96,0.05999999999999994,0.16320383386721393,0.009711487219329342,0.001086887496750852,0.5539439241987596,0.45535582785819145,0.1,2.7755575615628914e-17,0.0,1.0,0.15006790001933856
510,0.96,0.05999999999999994,0.16290018318149482,0.00964250366966111,0.0010731300222561477,0.55406112289735,0.4555001441679465,0.1,2.7755575615628914e-17,0.0,1.0,0.15006790001933856
511,0.96,0.05999999999999994,0.16261015239552548,0.009587778044167557,0.0010731300222561477,0.5541731110985421,0.4556380727766584,0.1,2.7755575615628914e-17,0.0,1.0,0.15006790001933856
512,0.96,0.05999999999999994,0.16229641684232898,0.00955726763881596,0.0010833167570818202,0.5542943032913098,0.4557873686347188,0.1,2.7755575615628914e-17,0.0,1.0,0.14769742329662128
513,0.96,0.05999999999999994,0.16195830000918715,0.009507617689493928,0.001094186838087493,0.5544249730333367,0.45594837627399354,0.1,2.7755575615628914e-17,0.0,1.0,0.14662128527705964
514,0.96,0.05999999999999994,0.16162018317604526,0.009445611549999773,0.0010651202417191466,0.5545557043982506,0.4561094977058938,0.1,2.7755575615628914e-17,0.0,1.0,0.14662128527705964
515,0.96,0.05999999999999994,0.16131084227330802,0.009425192389602786,0.0010651202417191466,0.5546753636944742,0.4562570064420518,0.1,2.7755575615628914e-17,0.0,1.0,0.14662128527705964
516,0.96,0.05999999999999994,0.16100150137057082,0.009394548526690935,0.001044175176682188,0.5547950746408286,0.45640461061961834,0.1,2.7755575615628914e-17,0.0,1.0,0.14662128527705964
517,0.96,0.05999999999999994,0.1607128960822202,0.009388576068068907,0.0010100901100505999,0.5549068077737721,0.4565424067947276,0.1,2.7755575615628914e-17,0.0,1.0,0.14662128527705964
518,0.96,0.05999999999999994,0.16045803500983485,0.009421666300651811,0.001000170572612315,0.5550055143070332,0.4566641608094239,0.1,2.7755575615628914e-17,0.0,1.0,0.14662128527705964
519,0.96,0.05999999999999994,0.16020705646480085,0.009468330903350485,0.0009852233002142724,0.5551027514785197,0.456784123516725,0.1,2.7755575615628914e-17,0.0,1.0,0.1460275038058072
520,0.96,0.05999999999999994,0.1599353423053803,0.009481464735543024,0.0009852233002142724,0.5552080607128836,0.45691406850452926,0.1,2.7755575615628914e-17,0.0,1.0,0.1460275038058072
521,0.96,0.05999999999999994,0.15966362814595972,0.00948680134705533,0.0009852233002142724,0.5553134099115213,0.45704408744632613,0.1,2.7755575615628914e-17,0.0,1.0,0.1460275038058072
522,0.96,0.05999999999999994,0.15939191398653918,0.009484353899806588,0.0009813626925706071,0.5554187990971863,0.4571741804052662,0.1,2.7755575615628914e-17,0.0,1.0,0.1460275038058072
523,0.96,0.05999999999999994,0.15907264069777052,0.009538559004327079,0.0010255416095209715,0.555542686068872,0.4573271386833225,0.1,2.7755575615628914e-17,0.0,1.0,0.14165379102772113
524,0.96,0.05999999999999994,0.15875336740900184,0.009581825295602068,0.0010255416095209715,0.5556666283192264,0.4574801993471485,0.1,2.7755575615628914e-17,0.0,1.0,0.14165379102772113
525,0.96,0.05999999999999994,0.1584340941202332,0.009614300455363758,0.0010255416095209715,0.5557906258852561,0.45763336249957975,0.1,2.7755575615628914e-17,0.0,1.0,0.14165379102772113
526,0.96,0.05999999999999994,0.15811482083146453,0.009636093587690688,0.0010210429640082268,0.5559146788040005,0.4577866282435896,0.1,2.7755575615628914e-17,0.0,1.0,0.14165379102772113
527,0.96,0.05999999999999994,0.15777979635749392,0.00965943081498123,0.0010324546065782812,0.5560449113671424,0.4579475656961469,0.1,2.7755575615628914e-17,0.0,1.0,0.14052403841328576
528,0.96,0.05999999999999994,0.15744477188352327,0.009671112909679307,0.0010324546065782812,0.5561752049630125,0.45810861634542455,0.1,2.7755575615628914e-17,0.0,1.0,0.14052403841328576
529,0.96,0.05999999999999994,0.15710974740955266,0.00967118210757113,0.0009977959398159708,0.5563055596345247,0.45826978031089105,0.1,2.7755575615628914e-17,0.0,1.0,0.14052403841328576
530,0.96,0.05999999999999994,0.15681530590114423,0.009704290181311177,0.0009942106301226656,0.556420174340331,0.45841151543982667,0.1,2.7755575615628914e-17,0.0,1.0,0.14115112696003873
531,0.96,0.05999999999999994,0.15653068473479972,0.009742075325192445,0.0009733094378550594,0.5565310112665248,0.45854860671682784,0.1,2.7755575615628914e-17,0.0,1.0,0.14115112696003873
532,0.96,0.05999999999999994,0.1562253713881103,0.00974086032879119,0.0009733094378550594,0.556649955222693,0.45869575582038746,0.1,2.7755575615628914e-17,0.0,1.0,0.14115112696003873
533,0.96,0.05999999999999994,0.15592005804142087,0.009730069669276734,0.0009495688476343089,0.5567689500320527,0.458842999395107,0.1,2.7755575615628914e-17,0.0,1.0,0.14115112696003873
534,0.96,0.05999999999999994,0.15563197699358244,0.009755142182485868,0.0009559030753792884,0.5568812752713904,0.45898201904840913,0.1,2.7755575615628914e-17,0.0,1.0,0.14052403841328576
535,0.95,0.04999999999999993,0.1553352096416516,0.009785207722172779,0.000954757582478786,0.5898515936380595,0.5074119498455313,0.1,2.7755575615628914e-17,0.0,0.0,0.13965540800404508
536,0.95,0.04999999999999993,0.1550569489358771,0.00980676771554129,0.0009635316270165706,0.5899733669416238,0.5075605340699575,0.1,2.7755575615628914e-17,0.0,1.0,0.14052403841328576
537,0.95,0.04999999999999993,0.1547846260448151,0.009811954209750671,0.0009452472384193632,0.590092590411964,0.5077060319282721,0.1,2.7755575615628914e-17,0.0,1.0,0.1411178198845382
538,0.95,0.04999999999999993,0.15448826379432934,0.009772625406750085,0.0009452472384193632,0.5902223931250217,0.5078644684573086,0.1,2.7755575615628914e-17,0.0,1.0,0.1411178198845382
539,0.96,0.05999999999999994,0.15419190154384357,0.009724109630194667,0.0009165136346250431,0.557443453112039,0.4596782231533166,0.1,2.7755575615628914e-17,0.0,1.0,0.1411178198845382
540,0.96,0.05999999999999994,0.15386709302560145,0.009612278416511261,0.0008742395455545201,0.5575704090412562,0.45983554375869323,0.1,2.7755575615628914e-17,0.0,1.0,0.1411178198845382
541,0.96,0.05999999999999994,0.153494495344467,0.00939773092514686,0.0008702966079925603,0.5577161152641976,0.4600161436519929,0.1,2.7755575615628914e-17,0.0,1.0,0.14052403841328576
542,0.96,0.05999999999999994,0.1531196249382272,0.009206343308266873,0.0007607339284229042,0.5578627871191744,0.46019798836411235,0.1,2.7755575615628914e-17,0.0,1.0,0.13931263361287072
543,0.96,0.05999999999999994,0.15284701885175916,0.009261610450290218,0.0007692949972183921,0.5579694954775392,0.4603303163104371,0.1,2.7755575615628914e-17,0.0,1.0,0.13748095551223094
544,0.97,0.06999999999999995,0.15256457144239224,0.009295171179321778,0.0007356348695593545,0.5285810430770126,0.416648225335652,0.1,2.7755575615628914e-17,0.0,1.0,0.13748095551223094
545,0.97,0.06999999999999995,0.15224880050664288,0.009265813651057822,0.0007356348695593545,0.5286920145959121,0.4167870885219777,0.1,2.7755575615628914e-17,0.0,1.0,0.13748095551223094
546,0.97,0.06999999999999995,0.15193302957089352,0.009225560980863804,0.0007218773950646525,0.5288030327198273,0.4169260443015859,0.1,2.7755575615628914e-17,0.0,1.0,0.13748095551223094
547,0.97,0.06999999999999995,0.15160363873539442,0.00914731689271785,0.0007209605140009019,0.528918888996659,0.41707109232187833,0.1,2.7755575615628914e-17,0.0,1.0,0.13748095551223094
548,0.97,0.06999999999999995,0.15127334018764219,0.00905450162396486,0.0007209605140009019,0.5290351155296291,0.41721664143232984,0.1,2.7755575615628914e-17,0.0,1.0,0.13748095551223094
549,0.96,0.05999999999999994,0.15094304163988995,0.008948541709109302,0.0006868146385903026,0.5587159241162335,0.46125666760264916,0.1,2.7755575615628914e-17,0.0,0.0,0.13748095551223094
550,0.96,0.05999999999999994,0.1506508740907492,0.008892041453856258,0.0006765105678348364,0.5588306412479328,0.46139914735550913,0.1,2.7755575615628914e-17,0.0,1.0,0.1379136137077266
551,0.96,0.05999999999999994,0.15037323415361128,0.008851873708832106,0.0006696353091796315,0.5589396978961962,0.4615346240972397,0.1,2.7755575615628914e-17,0.0,1.0,0.1379136137077266
552,0.96,0.05999999999999994,0.1500956901637805,0.008781150807977945,0.0006766074843066943,0.5590487594078476,0.46167013356057274,0.1,2.7755575615628914e-17,0.0,1.0,0.1386038590453058
553,0.96,0.05999999999999994,0.14981124372057394,0.008710167533733337,0.0006835796594337572,0.559160577423832,0.46180909570296097,0.1,2.7755575615628914e-17,0.0,1.0,0.1379136137077266
554,0.96,0.05999999999999994,0.14952679727736737,0.008629229853286277,0.00067366012199547,0.5592724401792771,0.46194814152540475,0.1,2.7755575615628914e-17,0.0,1.0,0.1379136137077266
555,0.96,0.05999999999999994,0.14924348487213232,0.008569087204947,0.0006824341665332546,0.559383901456503,0.4620867162519455,0.1,2.7755575615628914e-17,0.0,1.0,0.1370449832984859
556,0.96,0.05999999999999994,0.14896017246689724,0.008499080618114262,0.0006824341665332546,0.5594954071703644,0.46222537414244036,0.1,2.7755575615628914e-17,0.0,1.0,0.1370449832984859
557,0.96,0.05999999999999994,0.14867253347970721,0.008425049619470854,0.0006859109837317291,0.559608661221571,0.4623662346911381,0.1,2.7755575615628914e-17,0.0,1.0,0.13661232510299026
558,0.96,0.05999999999999994,0.1483901056074006,0.008336248184739234,0.0006893878009302035,0.559719908085709,0.4625046268480944,0.1,2.7755575615628914e-17,0.0,1.0,0.1370449832984859
559,0.96,0.05999999999999994,0.14810679320216555,0.008234962280463071,0.0006893878009302035,0.5598315478100426,0.46264353569371436,0.1,2.7755575615628914e-17,0.0,1.0,0.1370449832984859
560,0.96,0.05999999999999994,0.14782348079693045,0.00812253912799506,0.0006893878009302035,0.5599432320777783,0.4627825280042913,0.1,2.7755575615628914e-17,0.0,1.0,0.1370449832984859
561,0.96,0.05999999999999994,0.1475401683916954,0.007998509121895894,0.0006893878009302035,0.56005496091558,0.4629216038550742,0.1,2.7755575615628914e-17,0.0,1.0,0.1370449832984859
562,0.96,0.05999999999999994,0.14725321354686582,0.007867135968727871,0.0006689355561004044,0.560168171669057,0.46306255298635957,0.1,2.7755575615628914e-17,0.0,1.0,0.1366807393390359
563,0.96,0.05999999999999994,0.146974376398518,0.007798374807844946,0.0006512072117689462,0.5602782236454605,0.4631995970406608,0.1,2.7755575615628914e-17,0.0,1.0,0.13510349278960554
564,0.96,0.05999999999999994,0.14672886277655256,0.0077817482681920664,0.0006512072117689462,0.5603751592344577,0.4633203302803664,0.1,2.7755575615628914e-17,0.0,1.0,0.13510349278960554
565,0.96,0.05999999999999994,0.14649000040402124,0.0077478389144726946,0.0006579256455407732,0.5604695009226316,0.46343785313543623,0.1,2.7755575615628914e-17,0.0,1.0,0.1357686177330164
566,0.96,0.05999999999999994,0.14625982433558235,0.007695041269010002,0.0006601957509463341,0.5605604419049461,0.46355115865675073,0.1,2.7755575615628914e-17,0.0,1.0,0.13663724814225708
567,0.96,0.05999999999999994,0.14604683259661655,0.007633679812823359,0.0006485435923947357,0.5606446197699995,0.4636560544560183,0.1,2.7755575615628914e-17,0.0,1.0,0.13771179111547815
568,0.96,0.05999999999999994,0.14581155979095248,0.007523589706536679,0.0006485435923947357,0.5607376328736544,0.4637719786012943,0.1,2.7755575615628914e-17,0.0,1.0,0.13771179111547815
569,0.96,0.05999999999999994,0.14555822579894445,0.007425726143839818,0.0006658937473598248,0.5608378208271887,0.46389686672521674,0.1,2.7755575615628914e-17,0.0,1.0,0.13590567248108765
570,0.96,0.05999999999999994,0.14530172417769452,0.007325023951833663,0.0006699868404612506,0.5609392979899489,0.4640233849683322,0.1,2.7755575615628914e-17,0.0,1.0,0.1355004562640465
571,0.96,0.05999999999999994,0.1450376077307493,0.007224268883275593,0.0006776785835877951,0.5610438261106553,0.46415373132335724,0.1,2.7755575615628914e-17,0.0,1.0,0.1347389736945186
572,0.95,0.04999999999999993,0.1447734912838041,0.007112287318837535,0.0006776785835877951,0.5945091803229663,0.5131133413299205,0.1,2.7755575615628914e-17,0.0,0.0,0.1347389736945186
573,0.95,0.04999999999999993,0.14452443148269553,0.006969068125285716,0.0006928873167561202,0.5946199004776846,0.5132493346640902,0.1,2.7755575615628914e-17,0.0,1.0,0.13624463827818278
574,0.95,0.04999999999999993,0.14427537168158697,0.006813745562830553,0.0006928873167561202,0.5947306618806683,0.5133854001035371,0.1,2.7755575615628914e-17,0.0,1.0,0.13624463827818278
575,0.95,0.04999999999999993,0.14401752612010926,0.006656325014155946,0.0007017618221794659,0.5948453739514578,0.5135263413740803,0.1,2.7755575615628914e-17,0.0,1.0,0.13536606224127157
576,0.95,0.04999999999999993,0.14371704780229083,0.0065535373604264065,0.000713926525811303,0.5949791086140304,0.5136906838544196,0.1,2.7755575615628914e-17,0.0,1.0,0.13110278660720187
577,0.95,0.04999999999999993,0.14344715918421766,0.0065115986129142605,0.0007083356101313718,0.5950992799122371,0.5138383854157813,0.1,2.7755575615628914e-17,0.0,1.0,0.13110278660720187
578,0.95,0.04999999999999993,0.1431965587222509,0.006446375614524619,0.0006791417164456108,0.5952109063881889,0.5139756072444888,0.1,2.7755575615628914e-17,0.0,1.0,0.1324781015655363
579,0.95,0.04999999999999993,0.142968681332985,0.006488791870524414,0.0006992750817299228,0.5953124475482954,0.5141004501910748,0.1,2.7755575615628914e-17,0.0,1.0,0.13048489840238942
580,0.95,0.04999999999999993,0.14274080394371905,0.006522976705872286,0.0006818536103244733,0.595414023359536,0.5142253538002594,0.1,2.7755575615628914e-17,0.0,1.0,0.13048489840238942
581,0.95,0.04999999999999993,0.14252390292567696,0.006586823434496028,0.0006854238683398073,0.5955107386830131,0.5143442974575303,0.1,2.7755575615628914e-17,0.0,1.0,0.12985780985563644
582,0.95,0.04999999999999993,0.14229557927351014,0.006655939997094504,0.0006780690764085338,0.5956125812657972,0.5144695644936716,0.1,2.7755575615628914e-17,0.0,1.0,0.12898917944639576
583,0.95,0.04999999999999993,0.1419777801536691,0.006872451356097335,0.0007492782183718119,0.5957543919157322,0.5146440227764827,0.1,2.7755575615628914e-17,0.0,1.0,0.12163838748941291
584,0.95,0.04999999999999993,0.14166299190285425,0.007073014590173052,0.0007492782183718119,0.595894925620719,0.514816944901255,0.1,2.7755575615628914e-17,0.0,1.0,0.12163838748941291
585,0.95,0.04999999999999993,0.14132389961971362,0.007324126827753548,0.0007738277459735755,0.5960463837864669,0.515003347977203,0.1,2.7755575615628914e-17,0.0,1.0,0.11920798425683832
586,0.95,0.04999999999999993,0.14098480733657304,0.007551699479737436,0.0007614975317910415,0.5961979189638053,0.5151898860863597,0.1,2.7755575615628914e-17,0.0,1.0,0.11920798425683832
587,0.95,0.04999999999999993,0.14063350814139178,0.007737183098341486,0.0007614975317910437,0.5963549905069201,0.5153832819107342,0.1,2.7755575615628914e-17,0.0,1.0,0.11920798425683854
588,0.96,0.05999999999999994,0.14028220894621046,0.007902722145766337,0.0007584562499464164,0.5629325354242237,0.4665132013101699,0.1,2.7755575615628914e-17,0.0,1.0,0.11920798425683832
589,0.96,0.05999999999999994,0.13991135883149639,0.008088265571798111,0.0007628331574877112,0.5630803612079113,0.4666982134494516,0.1,2.7755575615628914e-17,0.0,1.0,0.11755397920617927
590,0.96,0.05999999999999994,0.13954845473118657,0.008285821075356288,0.0007666786805898256,0.5632250947844908,0.4668794035474545,0.1,2.7755575615628914e-17,0.0,1.0,0.11712788944253805
591,0.96,0.05999999999999994,0.1391860044606421,0.008463989646832402,0.0007298047746528262,0.5633697216483666,0.46706050753868444,0.1,2.7755575615628914e-17,0.0,1.0,0.11712788944253805
592,0.96,0.05999999999999994,0.13886005935697524,0.00867688473146815,0.0007236076196506662,0.5634998454690989,0.4672234911774392,0.1,2.7755575615628914e-17,0.0,1.0,0.11712788944253805
593,0.96,0.05999999999999994,0.138544510334397,0.008870054364300165,0.0007068632951562203,0.5636258762438131,0.46738138482276187,0.1,2.7755575615628914e-17,0.0,1.0,0.11755397920617927
594,0.96,0.05999999999999994,0.13826423216927206,0.009038862944798163,0.0007214421623960986,0.5637378670675248,0.4675217192411258,0.1,2.7755575615628914e-17,0.0,1.0,0.11899728706292723
595,0.96,0.05999999999999994,0.1379839540041472,0.009196037763317342,0.0007003939008951755,0.5638499024045838,0.46766213795751505,0.1,2.7755575615628914e-17,0.0,1.0,0.11899728706292723
596,0.96,0.05999999999999994,0.13768283806013637,0.009318998596314824,0.0006941967458930157,0.5639703168389384,0.46781309037191554,0.1,2.7755575615628914e-17,0.0,1.0,0.11899728706292723
597,0.96,0.05999999999999994,0.13737558693267343,0.009422914584797163,0.0006941967458930157,0.5640932377207433,0.46796721889543696,0.1,2.7755575615628914e-17,0.0,1.0,0.11899728706292723
598,0.96,0.05999999999999994,0.13707754936586544,0.009498710642445996,0.0007035033728172168,0.5642125237731189,0.4681168226250121,0.1,2.7755575615628914e-17,0.0,1.0,0.11991864312842315
599,0.96,0.05999999999999994,0.13677951179905748,0.009564624178868344,0.000697136513034391,0.5643318602858475,0.46826652203835456,0.1,2.7755575615628914e-17,0.0,1.0,0.11991864312842315
600,0.96,0.05999999999999994,0.1364877774234345,0.00962932095909347,0.000697136513034391,0.5644487218544546,0.46841314821952423,0.1,2.7755575615628914e-17,0.0,1.0,0.11991864312842315
601,0.97,0.06999999999999995,0.13619604304781152,0.009684802047106606,0.0006712472012690894,0.5343954986007691,0.42397049957676414,0.1,2.7755575615628914e-17,0.0,1.0,0.11991864312842315
602,0.97,0.06999999999999995,0.13587867825354089,0.009693006570105514,0.0006416274546867864,0.5345094978544122,0.4241150133407086,0.1,2.7755575615628914e-17,0.0,1.0,0.11991864312842315
603,0.97,0.06999999999999995,0.13554919049336878,0.009810101533878717,0.0006421969580966873,0.5346279032181366,0.4242651516333126,0.1,2.7755575615628914e-17,0.0,1.0,0.11577399162662783
604,0.97,0.06999999999999995,0.1351703364881298,0.009867530446441324,0.0006094705255538067,0.5347641137855164,0.42443791616881643,0.1,2.7755575615628914e-17,0.0,1.0,0.11492563778415787
605,0.96,0.05999999999999994,0.13483236518953298,0.009975756957074235,0.0006094705255538067,0.5651127566042966,0.4692469030893053,0.1,2.7755575615628914e-17,0.0,0.0,0.11492563778415787
606,0.95,0.04999999999999993,0.13451691800935967,0.01003013139094897,0.0006309398564762618,0.5991031433161156,0.5187739882743305,0.1,2.7755575615628914e-17,0.0,0.0,0.11717804962650402
607,0.95,0.04999999999999993,0.1342086848868008,0.010058509226341113,0.0006395090872082792,0.5992423013900877,0.518946037206202,0.1,2.7755575615628914e-17,0.0,1.0,0.11802640346897375
608,0.95,0.04999999999999993,0.1339004517642419,0.010077383821081433,0.0006272041953448779,0.599381524125609,0.5191182002943567,0.1,2.7755575615628914e-17,0.0,1.0,0.11802640346897375
609,0.95,0.04999999999999993,0.13355447522761704,0.010110233716204209,0.0006530239641541864,0.5995378718852479,0.5193115810233059,0.1,2.7755575615628914e-17,0.0,1.0,0.11547024635685221
610,0.95,0.04999999999999993,0.13320849869099216,0.010131169102692987,0.0006530239641541864,0.5996943012323195,0.5195051058814425,0.1,2.7755575615628914e-17,0.0,1.0,0.11547024635685221
611,0.95,0.04999999999999993,0.13286252215436728,0.01014026377618747,0.0006290797548338098,0.5998508122307035,0.5196987750299588,0.1,2.7755575615628914e-17,0.0,1.0,0.11547024635685221
612,0.95,0.04999999999999993,0.13251772626654612,0.010215892513729485,0.00064096130859931,0.6000068704309336,0.5198919269933936,0.1,2.7755575615628914e-17,0.0,1.0,0.11321783451450607
613,0.95,0.04999999999999993,0.13218230751965293,0.01029763718107052,0.000642359530081807,0.6001587623777354,0.5200799637758804,0.1,2.7755575615628914e-17,0.0,1.0,0.11307941058773885
614,0.94,0.039999999999999925,0.1318468887727597,0.010367892346196648,0.000642359530081807,0.6386495490256222,0.5749852142021324,0.1,2.7755575615628914e-17,0.0,0.0,0.11307941058773885
615,0.94,0.039999999999999925,0.13154825139772863,0.010368127199146386,0.0006795124309526063,0.6388027630772131,0.5751704992072467,0.1,2.7755575615628914e-17,0.0,1.0,0.11675754777394798
616,0.94,0.039999999999999925,0.13127771317133713,0.010324160991360942,0.0007078954093764849,0.6389416245118885,0.5753384536427606,0.1,2.7755575615628914e-17,0.0,1.0,0.11956746263791196
617,0.94,0.039999999999999925,0.13100717494494568,0.010272884544738186,0.0007078954093764849,0.6390805463304309,0.5755065061950312,0.1,2.7755575615628914e-17,0.0,1.0,0.11956746263791196
618,0.94,0.039999999999999925,0.1307356933268649,0.010215223620676717,0.0007028505376358148,0.6392200133218656,0.5756752434791355,0.1,2.7755575615628914e-17,0.0,1.0,0.11947312346898586
619,0.94,0.039999999999999925,0.1304701495234967,0.010159248999297215,0.0007028505376358148,0.6393564888093248,0.5758403859125005,0.1,2.7755575615628914e-17,0.0,1.0,0.11947312346898586
620,0.94,0.039999999999999925,0.13020077843053657,0.010100121532093814,0.0007067164867185825,0.6394949908761984,0.5760080053823303,0.1,2.7755575615628914e-17,0.0,1.0,0.11909039450979186
621,0.94,0.039999999999999925,0.1299314073375764,0.010033416572881025,0.0007067164867185825,0.6396335529627304,0.576175722464166,0.1,2.7755575615628914e-17,0.0,1.0,0.11909039450979186
622,0.94,0.039999999999999925,0.12966203624461625,0.009958981861386083,0.0006625375697682181,0.6397721751079429,0.5763435372432975,0.1,2.7755575615628914e-17,0.0,1.0,0.11909039450979186
623,0.94,0.039999999999999925,0.12942386152442062,0.009954147204651044,0.0006752049990776494,0.639894793221332,0.5764919985264142,0.1,2.7755575615628914e-17,0.0,1.0,0.11783631900815816
624,0.94,0.039999999999999925,0.129185686804225,0.009943606942836528,0.0006752049990776494,0.6400174583454681,0.5766405363140116,0.1,2.7755575615628914e-17,0.0,1.0,0.11783631900815816
625,0.94,0.039999999999999925,0.12894751208402938,0.009927342902343553,0.0006752049990776494,0.6401401705073915,0.5767891506652411,0.1,2.7755575615628914e-17,0.0,1.0,0.11783631900815816
626,0.94,0.039999999999999925,0.12870933736383375,0.009905326888756094,0.0006637933565075951,0.6402629297341635,0.5769378416393149,0.1,2.7755575615628914e-17,0.0,1.0,0.11783631900815816
627,0.94,0.039999999999999925,0.1284824601697825,0.009891935158738319,0.0006637933565075951,0.6403799098212526,0.577079550950673,0.1,2.7755575615628914e-17,0.0,1.0,0.11783631900815816
628,0.94,0.039999999999999925,0.1282555829757312,0.009873313277410522,0.0006637933565075951,0.6404969326621567,0.5772213298933195,0.1,2.7755575615628914e-17,0.0,1.0,0.11783631900815816
629,0.94,0.039999999999999925,0.1280428350555254,0.009835804206803514,0.0006717311225459289,0.6406067065132044,0.577354342549316,0.1,2.7755575615628914e-17,0.0,1.0,0.11924924639270618
630,0.94,0.039999999999999925,0.12782381624985206,0.00978519667694546,0.0006717311225459289,0.6407197553359294,0.577491339895243,0.1,2.7755575615628914e-17,0.0,1.0,0.11924924639270618
631,0.94,0.039999999999999925,0.12756804474337305,0.009767756580725949,0.0007088550627536707,0.640851824960565,0.5776514085549926,0.1,2.7755575615628914e-17,0.0,1.0,0.11557397631213973
632,0.94,0.039999999999999925,0.1272981439630486,0.009761592919810378,0.000723127056536984,0.6409912494003401,0.577820415944626,0.1,2.7755575615628914e-17,0.0,1.0,0.11416104892759171
633,0.94,0.039999999999999925,0.12702824318272415,0.009747955230787102,0.0007167928287920045,0.6411307345199909,0.5779895222584784,0.1,2.7755575615628914e-17,0.0,1.0,0.11416104892759171
634,0.94,0.039999999999999925,0.12676425605460903,0.00973634581912405,0.0007083796259291393,0.6412672221936986,0.5781550191541596,0.1,2.7755575615628914e-17,0.0,1.0,0.11412532560177469
635,0.95,0.04999999999999993,0.12651293212751388,0.009724707088692764,0.0007036226489949551,0.6027377830530157,0.5232789389920887,0.1,2.7755575615628914e-17,0.0,1.0,0.11452301529453113
636,0.95,0.04999999999999993,0.1262538516258869,0.009693042195159556,0.000698563977124281,0.6028561694756023,0.5234260670880628,0.1,2.7755575615628914e-17,0.0,1.0,0.11461598825058683
637,0.95,0.04999999999999993,0.12598883330954738,0.009645198567402731,0.000698563977124281,0.6029773172994405,0.5235766528091135,0.1,2.7755575615628914e-17,0.0,1.0,0.11461598825058683
638,0.95,0.04999999999999993,0.12572381499320787,0.00958979532608079,0.000698563977124281,0.6030985138239339,0.5237273251998448,0.1,2.7755575615628914e-17,0.0,1.0,0.11461598825058683
639,0.95,0.04999999999999993,0.12545879667686838,0.00952670058160869,0.000698563977124281,0.6032197590784544,0.523878084335102,0.1,2.7755575615628914e-17,0.0,1.0,0.11461598825058683
640,0.94,0.039999999999999925,0.1251646890125906,0.00949265921600319,0.000721949364220966,0.6420954811570299,0.5791598385751523,0.1,2.7755575615628914e-17,0.0,0.0,0.11170705345676257
641,0.94,0.039999999999999925,0.12486292982503487,0.009479226314328005,0.0007234395561263613,0.6422519726031934,0.5793497900319623,0.1,2.7755575615628914e-17,0.0,1.0,0.1103481196577134
642,0.94,0.039999999999999925,0.12460144430386094,0.009437586977998232,0.000733381816097359,0.6423876399435783,0.5795144908039725,0.1,2.7755575615628914e-17,0.0,1.0,0.11316408149548196
643,0.94,0.039999999999999925,0.12435178929856532,0.009423779158844296,0.0007399335990551126,0.6425172227164802,0.5796718273478004,0.1,2.7755575615628914e-17,0.0,1.0,0.11251545498266435
644,0.94,0.039999999999999925,0.12407945865983917,0.009433922773425679,0.000762838279287923,0.6426586348475478,0.579843551889087,0.1,2.7755575615628914e-17,0.0,1.0,0.11024789163961612
645,0.94,0.039999999999999925,0.12380150623022709,0.009444439603991134,0.0007685168559403733,0.6428030303875072,0.5800189263327126,0.1,2.7755575615628914e-17,0.0,1.0,0.10968571255102355
646,0.94,0.039999999999999925,0.12353857823664954,0.009425921757492732,0.000783693053955043,0.6429396805066587,0.5801849187550152,0.1,2.7755575615628914e-17,0.0,1.0,0.11118815615447586
647,0.94,0.039999999999999925,0.12326870823485502,0.009409192004981191,0.0007907051834671454,0.6430799989914103,0.580355392658791,0.1,2.7755575615628914e-17,0.0,1.0,0.11049395533277773
648,0.94,0.039999999999999925,0.12299792196491027,0.009385900411048694,0.000791630706851192,0.6432208554617775,0.5805265460791402,0.1,2.7755575615628914e-17,0.0,1.0,0.11040232851775711
649,0.95,0.04999999999999993,0.12272713569496554,0.00935471584056218,0.0007872604220482057,0.6044723343362927,0.5254370984449942,0.1,2.7755575615628914e-17,0.0,1.0,0.11040232851775711
650,0.95,0.04999999999999993,0.12245202284306586,0.009308476725631188,0.0007872604220482057,0.6045987729166328,0.5255946253753226,0.1,2.7755575615628914e-17,0.0,1.0,0.11040232851775711
651,0.95,0.04999999999999993,0.12217690999116616,0.009253831383973305,0.0007802882469211428,0.6047252644028162,0.5257522467876571,0.1,2.7755575615628914e-17,0.0,1.0,0.11040232851775711
652,0.95,0.04999999999999993,0.12188548454299208,0.009190586689381722,0.0007828212666411107,0.6048593138416957,0.5259193173814541,0.1,2.7755575615628914e-17,0.0,1.0,0.10946131422790106
653,0.94,0.039999999999999925,0.12160096154819382,0.009130198310849623,0.0007828212666411107,0.6439485018813886,0.581411116371579,0.1,2.7755575615628914e-17,0.0,0.0,0.10946131422790106
654,0.94,0.039999999999999925,0.12133263890788731,0.00904069246742479,0.0007904112165394114,0.6440884538499675,0.5815813298475372,0.1,2.7755575615628914e-17,0.0,1.0,0.1110813496770735
655,0.94,0.039999999999999925,0.12107300257167317,0.008958170622951924,0.0007904112165394114,0.6442239331308579,0.5817461279717913,0.1,2.7755575615628914e-17,0.0,1.0,0.1110813496770735
656,0.94,0.039999999999999925,0.12081336623545907,0.008867282530466761,0.000786040931736425,0.6443594694178848,0.5819110195176124,0.1,2.7755575615628914e-17,0.0,1.0,0.1110813496770735
657,0.94,0.039999999999999925,0.1205580564811999,0.008775794371704969,0.0007816706469334386,0.6444928027511789,0.5820732544858401,0.1,2.7755575615628914e-17,0.0,1.0,0.1110813496770735
658,0.94,0.039999999999999925,0.12029842014498576,0.008667586053053886,0.0007816706469334386,0.6446284522070258,0.58223833155319,0.1,2.7755575615628914e-17,0.0,1.0,0.1110813496770735
659,0.94,0.039999999999999925,0.12003878380877164,0.008550129067188076,0.0007816706469334386,0.644764158776462,0.5824035022794342,0.1,2.7755575615628914e-17,0.0,1.0,0.1110813496770735
660,0.94,0.039999999999999925,0.11978080710428665,0.008421338758823897,0.0007833470426194259,0.6448990544933454,0.5825677100529093,0.1,2.7755575615628914e-17,0.0,1.0,0.11124731284998624
661,0.94,0.039999999999999925,0.11952283039980165,0.008282516643874064,0.0007796678107057894,0.6450340066670343,0.5827320104487588,0.1,2.7755575615628914e-17,0.0,1.0,0.11124731284998624
662,0.94,0.039999999999999925,0.11927291033569393,0.008136793862319006,0.000768194816047681,0.6451647981428091,0.5828912681280872,0.1,2.7755575615628914e-17,0.0,1.0,0.11168873292826387
663,0.94,0.039999999999999925,0.11903805928193721,0.008014493317965797,0.0007689053767985031,0.6452877518534776,0.5830410026689028,0.1,2.7755575615628914e-17,0.0,1.0,0.11161838741393248
664,0.94,0.039999999999999925,0.11880320822818045,0.00788330399608332,0.0007621869430266762,0.6454107524374306,0.5831908141578385,0.1,2.7755575615628914e-17,0.0,1.0,0.11161838741393248
665,0.93,0.030000000000000027,0.1185541478176135,0.007735420861485643,0.000761047350383942,0.6900893608578204,0.6447012052180267,0.1,2.7755575615628914e-17,0.0,0.0,0.11086257667632249
666,0.93,0.030000000000000027,0.1183630580444557,0.007519358992986038,0.0008175236248984065,0.6902038186004464,0.6448360576016938,0.1,2.7755575615628914e-17,0.0,1.0,0.11752827082647554
667,0.93,0.030000000000000027,0.11814489271861799,0.0072670715687831655,0.0008340186985829438,0.6903345403133831,0.644990086236779,0.1,2.7755575615628914e-17,0.0,1.0,0.11589525853170635
668,0.93,0.030000000000000027,0.11791916928540419,0.007001504836870972,0.0008234095279083909,0.6904698428714288,0.6451495285025081,0.1,2.7755575615628914e-17,0.0,1.0,0.11513944779409657
669,0.93,0.030000000000000027,0.11771150703853428,0.0067690525123950416,0.0008193164348069652,0.690594366089742,0.645296282683355,0.1,2.7755575615628914e-17,0.0,1.0,0.11513944779409657
670,0.93,0.030000000000000027,0.11750789695383476,0.006533016347068232,0.0008116246916804207,0.6907165030733261,0.6454402380536493,0.1,2.7755575615628914e-17,0.0,1.0,0.11513944779409657
671,0.93,0.030000000000000027,0.11731190169483054,0.006303085268921713,0.0008116246916804207,0.690834113063935,0.6455788703116208,0.1,2.7755575615628914e-17,0.0,1.0,0.11513944779409657
672,0.94,0.039999999999999925,0.11711590643582631,0.0060581050618515025,0.0007964159585120955,0.6462958382216716,0.5842694117029222,0.1,2.7755575615628914e-17,0.0,1.0,0.11513944779409657
673,0.94,0.039999999999999925,0.11690485453098547,0.005747701636528353,0.0007964159585120955,0.6464067177930842,0.5844046061616521,0.1,2.7755575615628914e-17,0.0,1.0,0.11513944779409657
674,0.93,0.030000000000000027,0.11668143418551656,0.005416273644909416,0.0008000348274605198,0.6912127066396073,0.6460252196309056,0.1,2.7755575615628914e-17,0.0,0.0,0.11390260373129135
675,0.92,0.020000000000000018,0.11648240156825337,0.005081348604279861,0.000772731000688741,0.7426758955729207,0.7141241544694531,0.1,2.7755575615628914e-17,0.0,0.0,0.11546280051495494
676,0.92,0.020000000000000018,0.11634558323502492,0.004865453379519367,0.0007925103215918041,0.7427708080903975,0.714231341159498,0.1,2.7755575615628914e-17,0.0,1.0,0.1174209532843582
677,0.92,0.020000000000000018,0.1162087649017965,0.004635486061431007,0.0007786182513055979,0.7428657448702408,0.7143385600308132,0.1,2.7755575615628914e-17,0.0,1.0,0.1174209532843582
678,0.92,0.020000000000000018,0.11605819341898474,0.004339682028242635,0.0007584848860212859,0.7429702528680459,0.7144565938903912,0.1,2.7755575615628914e-17,0.0,1.0,0.1174209532843582
679,0.92,0.020000000000000018,0.11596383150038195,0.004122097764501541,0.0007951288583218066,0.7430357621662546,0.7145305846306814,0.1,2.7755575615628914e-17,0.0,1.0,0.12104870654210975
680,0.92,0.020000000000000018,0.11586946958177916,0.0038900811701814524,0.0007887946305768271,0.7431012830176758,0.7146045906978558,0.1,2.7755575615628914e-17,0.0,1.0,0.12104870654210975
681,0.92,0.020000000000000018,0.11578137854864388,0.003665580417781312,0.0007800205860390425,0.7431624600661176,0.7146736924786053,0.1,2.7755575615628914e-17,0.0,1.0,0.12104870654210975
682,0.92,0.020000000000000018,0.11568971075998494,0.0034419348280897446,0.0007181570911362752,0.7432261317787113,0.7147456141858494,0.1,2.7755575615628914e-17,0.0,1.0,0.11982240058050087
683,0.92,0.020000000000000018,0.11565044694866425,0.003395939186801839,0.0007394742045015002,0.7432534074454726,0.7147764246408014,0.1,2.7755575615628914e-17,0.0,1.0,0.11771200635734358
684,0.92,0.020000000000000018,0.11561118313734355,0.0033488516339689692,0.0007149246768997367,0.7432806851142874,0.7148072377521532,0.1,2.7755575615628914e-17,0.0,1.0,0.11771200635734358
685,0.91,0.010000000000000009,0.1156084864179647,0.003346061579980317,0.0007273116058048769,0.802965590540648,0.7899865101833733,0.1,2.7755575615628914e-17,0.0,0.0,0.11893831231895247
686,0.91,0.010000000000000009,0.11560578969858583,0.00334326702240687,0.0007273116058048747,0.8029677770727112,0.789988849186932,0.1,2.7755575615628914e-17,0.0,1.0,0.11893831231895247
687,0.91,0.010000000000000009,0.11560306746841899,0.003340442488787651,0.0007273373742775637,0.8029699843013018,0.7899912103313587,0.1,2.7755575615628914e-17,0.0,1.0,0.11893576124015603
688,0.91,0.010000000000000009,0.11560034523825216,0.0033376133445335203,0.0007106302525537349,0.8029721915420269,0.7899935714898993,0.1,2.7755575615628914e-17,0.0,1.0,0.11893576124015603
689,0.91,0.010000000000000009,0.11558244182427034,0.003331882664981313,0.0007383679663771524,0.8029867083040526,0.7900091005794903,0.1,2.7755575615628914e-17,0.0,1.0,0.11576363780799648
690,0.91,0.010000000000000009,0.11556879930792491,0.003328317925227071,0.0007383679663771524,0.8029977705222543,0.7900209342552782,0.1,2.7755575615628914e-17,0.0,1.0,0.11576363780799648
691,0.91,0.010000000000000009,0.11558987077511526,0.0033447513376707533,0.0007734325962112615,0.8029806845673344,0.7900026567710579,0.1,2.7755575615628914e-17,0.0,1.0,0.11923503616157327
692,0.91,0.010000000000000009,0.11561094224230561,0.0033609722993285206,0.0007691286592047844,0.8029635993394991,0.7899843801325334,0.1,2.7755575615628914e-17,0.0,1.0,0.11923503616157327
693,0.91,0.010000000000000009,0.1156300158810124,0.0033773174166189107,0.0007568357204021107,0.8029481346236294,0.7899678370683003,0.1,2.7755575615628914e-17,0.0,1.0,0.11946134307685652
694,0.9,0.0,0.11563465644115171,0.003382256188772465,0.0007568357204021107,0.8730450316797977,0.8730450316797977,0.1,2.7755575615628914e-17,0.0,0.0,0.11946134307685652
695,0.9,0.0,0.11566841402980303,0.0034321281202026846,0.0007862468603132712,0.8730126757672151,0.8730126757672151,0.1,2.7755575615628914e-17,0.0,1.0,0.12237304592806142
696,0.9,0.0,0.11568315618705027,0.0034495171780608157,0.0008054543667820739,0.8729985464833229,0.8729985464833229,0.1,2.7755575615628914e-17,0.0,1.0,0.12047150278764995
697,0.9,0.0,0.11570568783690462,0.0034783292374271895,0.0008040159142084942,0.872976952421816,0.872976952421816,0.1,2.7755575615628914e-17,0.0,1.0,0.12125045204836149
698,0.9,0.0,0.115719005926104,0.00349693452772054,0.0008040159142084942,0.8729641890280647,0.8729641890280647,0.1,2.7755575615628914e-17,0.0,1.0,0.12125045204836149
699,0.9,0.0,0.11573232401530337,0.0035153908965273695,0.0008040159142084942,0.8729514260075232,0.8729514260075232,0.1,2.7755575615628914e-17,0.0,1.0,0.12125045204836149
700,0.9,0.0,0.11576465753590687,0.003568219475437059,0.0008232234206772969,0.8729204416297418,0.8729204416297418,0.1,2.7755575615628914e-17,0.0,1.0,0.12315199518877296
701,0.9,0.0,0.11579699105651037,0.0036199884504346013,0.0008232234206772969,0.8728894594513897,0.8728894594513897,0.1,2.7755575615628914e-17,0.0,1.0,0.12315199518877296
702,0.89,-0.010000000000000009,0.11581120389030712,0.0036388838333782057,0.000799661978039694,0.8028012588951579,0.7898107225281629,0.1,2.7755575615628914e-17,0.0,0.0,0.12133992650810033
703,0.89,-0.010000000000000009,0.11586831671840274,0.003682410975944815,0.0007925609081974493,0.8027549728838367,0.7897612109258894,0.1,2.7755575615628914e-17,0.0,1.0,0.12148527443618806
704,0.89,-0.010000000000000009,0.11593098791730362,0.0037189828173546436,0.0007955156229645411,0.8027041883373711,0.789706887866792,0.1,2.7755575615628914e-17,0.0,1.0,0.12119275767424598
705,0.9,0.0,0.11598706934588744,0.0037455891110691336,0.0007794203218469798,0.8727073697224743,0.8727073697224743,0.1,2.7755575615628914e-17,0.0,1.0,0.12053378064253839
706,0.91,0.010000000000000009,0.11602062665604777,0.003771054652448997,0.0007708510911149624,0.8026315622677285,0.7896292024760577,0.1,2.7755575615628914e-17,0.0,1.0,0.12053378064253839
707,0.91,0.010000000000000009,0.11603619993431581,0.003782503986153229,0.0007804475491630614,0.8026189460049409,0.7896157074566328,0.1,2.7755575615628914e-17,0.0,1.0,0.1195837312957766
708,0.91,0.010000000000000009,0.11605177321258385,0.0037938548423445094,0.0007546277803537529,0.8026063301387678,0.7896022128984687,0.1,2.7755575615628914e-17,0.0,1.0,0.1195837312957766
709,0.9,0.0,0.11605238031069738,0.00379376659341485,0.0007955649028544473,0.8726448211646902,0.8726448211646902,0.1,2.7755575615628914e-17,0.0,0.0,0.11553095616820785
710,0.89,-0.010000000000000009,0.1160682692052663,0.003794622415388241,0.0008110010608901866,0.8025929672169443,0.7895879192927844,0.1,2.7755575615628914e-17,0.0,0.0,0.11705913581374605
711,0.89,-0.010000000000000009,0.11609839347714696,0.003801706060901016,0.0008026285951207372,0.8025685655724354,0.7895618182606038,0.1,2.7755575615628914e-17,0.0,1.0,0.1184826735449167
712,0.89,-0.010000000000000009,0.11615612512625416,0.003801359167787102,0.0008063649784898586,0.8025218051967077,0.7895118017697857,0.1,2.7755575615628914e-17,0.0,1.0,0.11899099942522695
713,0.89,-0.010000000000000009,0.11621524101462904,0.003799018324995991,0.0008063649784898586,0.8024739292874007,0.7894605925931624,0.1,2.7755575615628914e-17,0.0,1.0,0.11899099942522695
714,0.9,0.0,0.11630451172726085,0.003829049667097348,0.0007996714960603697,0.8724034380484291,0.8724034380484291,0.1,2.7755575615628914e-17,0.0,1.0,0.12200648185091667
715,0.9,0.0,0.11635700106803054,0.0038706509063100142,0.000771288517636491,0.8723532031083387,0.8723532031083387,0.1,2.7755575615628914e-17,0.0,1.0,0.12200648185091667
716,0.9,0.0,0.11638139126016059,0.0038983893152546387,0.000771288517636491,0.8723298624359314,0.8723298624359314,0.1,2.7755575615628914e-17,0.0,1.0,0.12200648185091667
717,0.9,0.0,0.11640578145229064,0.003925780216099757,0.0007703355967382477,0.872306523012496,0.872306523012496,0.1,2.7755575615628914e-17,0.0,1.0,0.12200648185091667
718,0.9,0.0,0.11643111503610996,0.003953568147095606,0.0007703355967382477,0.8722822821624651,0.8722822821624651,0.1,2.7755575615628914e-17,0.0,1.0,0.12200648185091667
719,0.9,0.0,0.11645644861992926,0.003981000917030722,0.00076646964765548,0.8722580426596726,0.8722580426596726,0.1,2.7755575615628914e-17,0.0,1.0,0.12200648185091667
720,0.9,0.0,0.11648560949334051,0.004010756776969248,0.00076646964765548,0.8722301428241443,0.8722301428241443,0.1,2.7755575615628914e-17,0.0,1.0,0.12200648185091667
721,0.9,0.0,0.11651947877606114,0.004046749316079651,0.0007712256166548624,0.8721977404308229,0.8721977404308229,0.1,2.7755575615628914e-17,0.0,1.0,0.12247732278185552
722,0.89,-0.010000000000000009,0.11655334805878176,0.004082143539092356,0.0007585581873454321,0.8022002178354967,0.7891678347485614,0.1,2.7755575615628914e-17,0.0,0.0,0.12247732278185541
723,0.89,-0.010000000000000009,0.11660637686651835,0.004132597016878412,0.0007652438136076881,0.8021573057893179,0.7891219382192043,0.1,2.7755575615628914e-17,0.0,1.0,0.12313919978181875
724,0.89,-0.010000000000000009,0.11665940567425498,0.004181769508852838,0.0007652438136076881,0.8021143983338764,0.7890760470280497,0.1,2.7755575615628914e-17,0.0,1.0,0.12313919978181875
725,0.89,-0.010000000000000009,0.11671243448199153,0.004229705691597269,0.0007652438136076881,0.8020714954684355,0.7890301611741665,0.1,2.7755575615628914e-17,0.0,1.0,0.12313919978181875
726,0.89,-0.010000000000000009,0.11676546328972816,0.004276447139973721,0.0007652438136076881,0.8020285971922587,0.7889842806566235,0.1,2.7755575615628914e-17,0.0,1.0,0.12313919978181875
727,0.89,-0.010000000000000009,0.11681849209746474,0.004322032616206012,0.0007652438136076881,0.8019857035046097,0.7889384054744901,0.1,2.7755575615628914e-17,0.0,1.0,0.12313919978181875
728,0.89,-0.010000000000000009,0.11687152090520136,0.004366498324883204,0.0007509718198243749,0.8019428144047525,0.7888925356268356,0.1,2.7755575615628914e-17,0.0,1.0,0.12313919978181875
729,0.89,-0.010000000000000009,0.11691042043909249,0.0044046675978483925,0.0007509718198243749,0.8019113558183797,0.788858890973405,0.1,2.7755575615628914e-17,0.0,1.0,0.12313919978181875
730,0.89,-0.010000000000000009,0.11694673182009818,0.004438635124766885,0.0007164621754605083,0.8018819925339022,0.7888274874327122,0.1,2.7755575615628914e-17,0.0,1.0,0.1228803844932751
731,0.89,-0.010000000000000009,0.11701979590190956,0.0044754196646098,0.000702190181677195,0.801822915606765,0.7887643062566129,0.1,2.7755575615628914e-17,0.0,1.0,0.1228803844932751
732,0.89,-0.010000000000000009,0.11710698925756638,0.0045037228086157914,0.000702190181677195,0.8017524256603797,0.7886889202269478,0.1,2.7755575615628914e-17,0.0,1.0,0.1228803844932751
733,0.89,-0.010000000000000009,0.11719418261322322,0.004530171270137006,0.0007018293400022755,0.8016819481067452,0.7886135486059223,0.1,2.7755575615628914e-17,0.0,1.0,0.1228803844932751
734,0.89,-0.010000000000000009,0.11728173320213822,0.004554551209043024,0.0006978122723986751,0.8016111942706143,0.7885378826787154,0.1,2.7755575615628914e-17,0.0,1.0,0.1228803844932751
735,0.89,-0.010000000000000009,0.11736530689412566,0.004579770285905486,0.0006968731516304357,0.8015436660058675,0.7884656673441021,0.1,2.7755575615628914e-17,0.0,1.0,0.1228803844932751
736,0.88,-0.020000000000000018,0.11742471160160108,0.004582249877501687,0.0007203471465309176,0.7420228620558913,0.7133867996123489,0.1,2.7755575615628914e-17,0.0,0.0,0.12055645899812739
737,0.88,-0.020000000000000018,0.11755190553414321,0.00467805089263309,0.0007888211112447907,0.7419348029104443,0.7132873873523928,0.1,2.7755575615628914e-17,0.0,1.0,0.12733538150480084
738,0.88,-0.020000000000000018,0.11768884633121252,0.0047892162048169306,0.0007986664289489819,0.7418400191587523,0.7131803881042035,0.1,2.7755575615628914e-17,0.0,1.0,0.12831006795751576
739,0.88,-0.020000000000000018,0.11782578712828179,0.004894028810202588,0.0007692832492133834,0.7417452596216193,0.7130734209528161,0.1,2.7755575615628914e-17,0.0,1.0,0.12831006795751576
740,0.89,-0.010000000000000009,0.11799181727328933,0.0049647522006314,0.0007555566451825837,0.8010378023128464,0.7879247258741755,0.1,2.7755575615628914e-17,0.0,1.0,0.12831006795751576
741,0.89,-0.010000000000000009,0.11817143675628734,0.005009680937389491,0.0007271125862152245,0.8008928897845834,0.7877697757332353,0.1,2.7755575615628914e-17,0.0,1.0,0.12831006795751576
742,0.88,-0.020000000000000018,0.11832607283321848,0.005090735394847902,0.0007237690985208966,0.741399280353944,0.7126829105337074,0.1,2.7755575615628914e-17,0.0,0.0,0.1286276891885949
743,0.88,-0.020000000000000018,0.11848375899276008,0.005152155510047101,0.0007043353097201086,0.7412902972698694,0.7125599133278383,0.1,2.7755575615628914e-17,0.0,1.0,0.1282840709368247
744,0.88,-0.020000000000000018,0.1186641207857322,0.005176325149637388,0.0006986567330676583,0.7411656814430778,0.7124192808809031,0.1,2.7755575615628914e-17,0.0,1.0,0.1282840709368247
745,0.88,-0.020000000000000018,0.11885202900356998,0.0051880390330766475,0.0006854246097800565,0.7410358961855589,0.7122728233356502,0.1,2.7755575615628914e-17,0.0,1.0,0.12847653433480444
746,0.88,-0.020000000000000018,0.11903011877425725,0.00522741953243706,0.0006836710548982287,0.7409129343213183,0.7121340739549402,0.1,2.7755575615628914e-17,0.0,1.0,0.1289971332232016
747,0.88,-0.020000000000000018,0.11921515055316148,0.005249421979242873,0.0006827455315141821,0.7407852225722577,0.7119899733160548,0.1,2.7755575615628914e-17,0.0,1.0,0.1289971332232016
748,0.88,-0.020000000000000018,0.11940109860021593,0.0052632754029451456,0.0006827455315141821,0.7406569227484205,0.7118452178375884,0.1,2.7755575615628914e-17,0.0,1.0,0.1289971332232016
749,0.87,-0.030000000000000027,0.11958789798041171,0.0052720627324703935,0.0006836054639801693,0.6894708293019299,0.6439726627192476,0.1,2.7755575615628914e-17,0.0,0.0,0.12908226653733434
750,0.87,-0.030000000000000027,0.11978566127738605,0.0052946605456295585,0.0006946801273928608,0.6893526264196581,0.6438334752734811,0.1,2.7755575615628914e-17,0.0,1.0,0.1301786582151908
751,0.86,-0.040000000000000036,0.11998342457436038,0.005309801737214778,0.00068517493254583,0.6447931012994812,0.5824387318326573,0.1,2.7755575615628914e-17,0.0,0.0,0.1301786582151908
752,0.86,-0.040000000000000036,0.12019613159996677,0.0053100776354233405,0.0006907644130847014,0.6446819095041902,0.5823033924356712,0.1,2.7755575615628914e-17,0.0,1.0,0.13073201678853907
753,0.87,-0.030000000000000027,0.12040883862557314,0.005301826660919099,0.0006744004186486161,0.6889804190099654,0.6433952711465892,0.1,2.7755575615628914e-17,0.0,1.0,0.13073201678853907
754,0.87,-0.030000000000000027,0.12060534529668779,0.0053166164657270105,0.0006744004186486173,0.6888631340934603,0.6432572158045571,0.1,2.7755575615628914e-17,0.0,1.0,0.13073201678853918
755,0.87,-0.030000000000000027,0.12080185196780242,0.005324117354196976,0.0006744004186486184,0.6887458891009066,0.6431192196957507,0.1,2.7755575615628914e-17,0.0,1.0,0.13073201678853907
756,0.87,-0.030000000000000027,0.12099835863891707,0.005324360132006302,0.0006744004186486195,0.6886286840119227,0.6429812827820574,0.1,2.7755575615628914e-17,0.0,1.0,0.13073201678853918
757,0.87,-0.030000000000000027,0.12119617494328674,0.005319710182519845,0.0006757232805223613,0.6885107380836962,0.6428424863272375,0.1,2.7755575615628914e-17,0.0,1.0,0.13086298011403963
758,0.87,-0.030000000000000027,0.12139399124765643,0.005307688711309616,0.0006757232805223613,0.6883928325512886,0.6427037497817769,0.1,2.7755575615628914e-17,0.0,1.0,0.13086298011403963
759,0.87,-0.030000000000000027,0.12159180755202609,0.005288245446816251,0.0006740468848363742,0.68827496739395,0.6425650731068953,0.1,2.7755575615628914e-17,0.0,1.0,0.13086298011403963
760,0.87,-0.030000000000000027,0.12178665459141161,0.005262406586295151,0.000675369746710116,0.688158910868191,0.6424285364901555,0.1,2.7755575615628914e-17,0.0,1.0,0.13073201678853918
761,0.87,-0.030000000000000027,0.12198150163079713,0.005229184976234609,0.000670910958040645,0.6880428934746016,0.6422920578855552,0.1,2.7755575615628914e-17,0.0,1.0,0.13073201678853918
762,0.87,-0.030000000000000027,0.12217193446939988,0.005197539334077204,0.0006702003972898229,0.6879295422134399,0.6421587271826966,0.1,2.7755575615628914e-17,0.0,1.0,0.13073201678853918
763,0.87,-0.030000000000000027,0.1223597348393526,0.005151904886845516,0.0006735700172831042,0.6878177944467113,0.642027293792526,0.1,2.7755575615628914e-17,0.0,1.0,0.13039842440920435
764,0.87,-0.030000000000000027,0.12254753520930532,0.005098950366400616,0.0006659355653880536,0.6877060829788605,0.6418959141934208,0.1,2.7755575615628914e-17,0.0,1.0,0.13039842440920435
765,0.88,-0.020000000000000018,0.12273925677947069,0.005015748850440612,0.0006022789650465605,0.7383612080652654,0.7092565295150208,0.1,2.7755575615628914e-17,0.0,1.0,0.13003473369285912
766,0.88,-0.020000000000000018,0.1228558832487315,0.005028800089927764,0.0005943072846984006,0.7382812590929141,0.7091664278997529,0.1,2.7755575615628914e-17,0.0,1.0,0.12919091775255775
767,0.88,-0.020000000000000018,0.1229852029337766,0.005014396600318683,0.0005903464764028014,0.7381926289950935,0.7090665467022963,0.1,2.7755575615628914e-17,0.0,1.0,0.1288272270362123
768,0.88,-0.020000000000000018,0.12312208072619775,0.00498509492931135,0.0005903464764028014,0.7380988420775206,0.7089608585792391,0.1,2.7755575615628914e-17,0.0,1.0,0.1288272270362123
769,0.88,-0.020000000000000018,0.12325895851861887,0.004951837899516472,0.0005903464764028014,0.7380050789880602,0.708855201957639,0.1,2.7755575615628914e-17,0.0,1.0,0.1288272270362123
770,0.88,-0.020000000000000018,0.12339583631104002,0.004914545213121302,0.0005903464764028014,0.7379113397176327,0.7087495768234141,0.1,2.7755575615628914e-17,0.0,1.0,0.1288272270362123
771,0.87,-0.030000000000000027,0.12349997523946547,0.004848378952920509,0.0006234160359944404,0.6871400902716206,0.6412304422196039,0.1,2.7755575615628914e-17,0.0,0.0,0.12555334063664003
772,0.87,-0.030000000000000027,0.12364033310867649,0.0048073048217472485,0.0006600008246667418,0.6870567605917551,0.6411324904985455,0.1,2.7755575615628914e-17,0.0,1.0,0.12917523471519787
773,0.87,-0.030000000000000027,0.12376779622824613,0.004748843939822174,0.0006605324499327688,0.6869811039614657,0.6410435635766865,0.1,2.7755575615628914e-17,0.0,1.0,0.12788575975105598
774,0.87,-0.030000000000000027,0.12390762778844375,0.004661364811435668,0.0006447728864614194,0.6868981251198523,0.6409460359626131,0.1,2.7755575615628914e-17,0.0,0.0,0.12788575975105598
775,0.88,-0.020000000000000018,0.12404475213044616,0.004612357810348018,0.0006380185651961531,0.7374672606191851,0.7082492529368926,0.1,2.7755575615628914e-17,0.0,1.0,0.12917523471519787
776,0.87,-0.030000000000000027,0.12416593185191802,0.004595897337503623,0.0006416922087956021,0.6867448950319132,0.6407659559468096,0.1,2.7755575615628914e-17,0.0,0.0,0.12953892543154333
777,0.87,-0.030000000000000027,0.12429918663995634,0.0045915790283044345,0.0006538892457314264,0.6866658728953043,0.6406730952100395,0.1,2.7755575615628914e-17,0.0,1.0,0.13074643208818992
778,0.87,-0.030000000000000027,0.12443244142799464,0.004583384113554853,0.0006172452734309056,0.6865868689423898,0.6405802613843962,0.1,2.7755575615628914e-17,0.0,1.0,0.13074643208818992
779,0.87,-0.030000000000000027,0.12451734361688897,0.004598528756212514,0.0006294423103667297,0.6865365417062947,0.6405211271082525,0.1,2.7755575615628914e-17,0.0,1.0,0.12953892543154333
780,0.87,-0.030000000000000027,0.1246022458057833,0.0046120610086686515,0.0006294423103667297,0.6864862218476928,0.640462003748898,0.1,2.7755575615628914e-17,0.0,1.0,0.12953892543154333
781,0.87,-0.030000000000000027,0.12471250661198342,0.00465736638375537,0.0006426701464168989,0.6864208834442114,0.6403852376923346,0.1,2.7755575615628914e-17,0.0,1.0,0.13207478716211896
782,0.87,-0.030000000000000027,0.1248350304777996,0.004688171276077448,0.0006213530330516738,0.6863482927786267,0.6402999554008855,0.1,2.7755575615628914e-17,0.0,1.0,0.13207478716211896
783,0.87,-0.030000000000000027,0.12500556793151962,0.004735893200893485,0.0006485344933266755,0.6862472814668925,0.6401812912296664,0.1,2.7755575615628914e-17,0.0,1.0,0.13476575172934413
784,0.87,-0.030000000000000027,0.1251881804518061,0.00480273661701241,0.0006483446013573617,0.6861391509124256,0.6400542736840384,0.1,2.7755575615628914e-17,0.0,1.0,0.13597325838599095
785,0.88,-0.020000000000000018,0.12535852991247648,0.004879531803085716,0.0006483446013573617,0.7365698243391148,0.7072384701154388,0.1,2.7755575615628914e-17,0.0,1.0,0.13597325838599095
786,0.88,-0.020000000000000018,0.12552887937314686,0.004949277153762627,0.0006483188328846705,0.7364536192552733,0.7071076194022249,0.1,2.7755575615628914e-17,0.0,1.0,0.13597325838599095
787,0.88,-0.020000000000000018,0.12569925434460522,0.0050122325540961216,0.0006483188328846705,0.7363374334377552,0.7069767975143543,0.1,2.7755575615628914e-17,0.0,1.0,0.13597325838599095
788,0.88,-0.020000000000000018,0.12586962931606357,0.005068683334567892,0.0006162771820547759,0.7362212842743169,0.7068460240242102,0.1,2.7755575615628914e-17,0.0,1.0,0.13597325838599095
789,0.87,-0.030000000000000027,0.12608760241107234,0.005097999313108747,0.0006323144439020696,0.6856070720358308,0.63942940856669,0.1,2.7755575615628914e-17,0.0,0.0,0.13756094730887303
790,0.87,-0.030000000000000027,0.12631239475428055,0.005133296091864209,0.000604137943562368,0.6854742185450935,0.6392734266835277,0.1,2.7755575615628914e-17,0.0,1.0,0.13824287212881936
791,0.87,-0.030000000000000027,0.12650247311395302,0.005218914814525979,0.000604137943562368,0.6853619213745512,0.6391415919656985,0.1,2.7755575615628914e-17,0.0,1.0,0.13824287212881936
792,0.87,-0.030000000000000027,0.12669255147362546,0.00529633414261011,0.0006018520151251635,0.6852496609919393,0.6390098116121165,0.1,2.7755575615628914e-17,0.0,1.0,0.13824287212881936
793,0.87,-0.030000000000000027,0.12688036676414507,0.005369085219143721,0.0006018520151251635,0.6851387732950607,0.6388796535971112,0.1,2.7755575615628914e-17,0.0,1.0,0.13824287212881936
794,0.88,-0.020000000000000018,0.12706818205466472,0.005434376474258259,0.000572440875214003,0.7354052333231712,0.7059274250403778,0.1,2.7755575615628914e-17,0.0,1.0,0.13824287212881936
795,0.88,-0.020000000000000018,0.1272268803166723,0.0055258987029865245,0.0005532333687452003,0.735297317057199,0.7058059739290558,0.1,2.7755575615628914e-17,0.0,1.0,0.13824287212881936
796,0.88,-0.020000000000000018,0.12740459401008397,0.005591166588405216,0.0005453651943945787,0.7351765077101869,0.7056700199796916,0.1,2.7755575615628914e-17,0.0,1.0,0.13824287212881936
797,0.87,-0.030000000000000027,0.1275758278441436,0.0056618310412039985,0.0005466880562683206,0.6847284796315104,0.6383981529266152,0.1,2.7755575615628914e-17,0.0,0.0,0.1383738354543198
798,0.87,-0.030000000000000027,0.12776326174381594,0.005758746933356318,0.0005630517589075049,0.6846179853305568,0.6382685076896051,0.1,2.7755575615628914e-17,0.0,1.0,0.13999384201559906
799,0.87,-0.030000000000000027,0.12795069564348835,0.005848054275761097,0.0005438442524387022,0.6845075266846725,0.6381389150983451,0.1,2.7755575615628914e-17,0.0,1.0,0.13999384201559906
800,0.87,-0.030000000000000027,0.12811911411175658,0.005949073248553408,0.0005438442524387022,0.684408304621433,0.638022514735587,0.1,2.7755575615628914e-17,0.0,1.0,0.13999384201559906
801,0.87,-0.030000000000000027,0.12828753258002487,0.006043713813554734,0.000525540528391504,0.6843091113192826,0.6379061568293323,0.1,2.7755575615628914e-17,0.0,1.0,0.13999384201559906
802,0.88,-0.020000000000000018,0.12848023449774174,0.006125774360277615,0.0005302973802713318,0.734446136317848,0.7048482535907472,0.1,2.7755575615628914e-17,0.0,1.0,0.14061011827978975
803,0.87,-0.030000000000000027,0.1287287700778781,0.006337455492857928,0.0005852084652015662,0.6840493722821847,0.6376015133179228,0.1,2.7755575615628914e-17,0.0,0.0,0.14633883244982504
804,0.87,-0.030000000000000027,0.12899744526482387,0.0065772572013846845,0.0005959404539620875,0.6838913104048485,0.6374161544573188,0.1,2.7755575615628914e-17,0.0,1.0,0.14806027636882424
805,0.87,-0.030000000000000027,0.12927459599383817,0.006795096083609851,0.0005978452739129998,0.6837283388783602,0.6372250612167504,0.1,2.7755575615628914e-17,0.0,1.0,0.14824885354396455
806,0.87,-0.030000000000000027,0.1295517467228524,0.006995192936912242,0.0005882488158649009,0.6835654450057046,0.637034082518878,0.1,2.7755575615628914e-17,0.0,1.0,0.14824885354396455
807,0.87,-0.030000000000000027,0.12981613141645315,0.007112100264370717,0.000610740259179198,0.6834101266227193,0.6368520072813305,0.1,2.7755575615628914e-17,0.0,1.0,0.14602220065584914
808,0.87,-0.030000000000000027,0.1300805161100539,0.007217438436445194,0.0005698031366785036,0.683254878805969,0.636670036094478,0.1,2.7755575615628914e-17,0.0,1.0,0.14602220065584914
809,0.88,-0.020000000000000018,0.13039081049672563,0.007252179124958139,0.0005598032834865503,0.73315240653971,0.7033933235009251,0.1,2.7755575615628914e-17,0.0,1.0,0.14656039483538397
810,0.89,-0.010000000000000009,0.130685823086942,0.007303717458282068,0.0005454241144848265,0.7909240680637861,0.7771221530788989,0.1,2.7755575615628914e-17,0.0,1.0,0.14656039483538397
811,0.88,-0.020000000000000018,0.13096660029984666,0.007368602619333042,0.0005402895096332079,0.7327634088248045,0.7029560287046319,0.1,2.7755575615628914e-17,0.0,0.0,0.14656039483538397
812,0.88,-0.020000000000000018,0.13124944752657702,0.007445940261863936,0.0005475150375410713,0.732572471279167,0.7027414139524654,0.1,2.7755575615628914e-17,0.0,1.0,0.14727572209826245
813,0.88,-0.020000000000000018,0.13152802723966606,0.007503011093634083,0.0005213662389394957,0.7323845117819364,0.7025301652987577,0.1,2.7755575615628914e-17,0.0,1.0,0.14684897073412873
814,0.88,-0.020000000000000018,0.13177645212849817,0.007594351544108944,0.0005213662389394957,0.7322169792728483,0.7023418903269388,0.1,2.7755575615628914e-17,0.0,1.0,0.14684897073412873
815,0.88,-0.020000000000000018,0.13200275844890988,0.007636910621617741,0.0005437082272429407,0.7320644297596542,0.702170466276477,0.1,2.7755575615628914e-17,0.0,1.0,0.14463711389208767
816,0.88,-0.020000000000000018,0.1322220582198204,0.007661539536503139,0.0005507855499714239,0.7319166638810769,0.7020044294104445,0.1,2.7755575615628914e-17,0.0,1.0,0.14393645894196783
817,0.88,-0.020000000000000018,0.1324413579907309,0.0076798299145997215,0.0005507855499714239,0.7317689576430109,0.7018384710487777,0.1,2.7755575615628914e-17,0.0,1.0,0.14393645894196783
818,0.88,-0.020000000000000018,0.1326606577616414,0.0076918269732176095,0.0005507855499714239,0.7316213110093557,0.7016725911358132,0.1,2.7755575615628914e-17,0.0,1.0,0.14393645894196783
819,0.88,-0.020000000000000018,0.1328799575325519,0.007697560137836691,0.0005507855499714239,0.7314737239440402,0.7015067896159398,0.1,2.7755575615628914e-17,0.0,1.0,0.14393645894196783
820,0.88,-0.020000000000000018,0.13309925730346242,0.007697043405507339,0.0005460295809720416,0.7313261964110221,0.701341066433599,0.1,2.7755575615628914e-17,0.0,1.0,0.14393645894196783
821,0.88,-0.020000000000000018,0.13331384866506354,0.007697052825433472,0.0005460295809720405,0.7311818939173694,0.7011789771400079,0.1,2.7755575615628914e-17,0.0,1.0,0.14393645894196783
822,0.89,-0.010000000000000009,0.13352844002666464,0.0076910771874825895,0.0005393439547097845,0.7886941608188601,0.7747435603102458,0.1,2.7755575615628914e-17,0.0,1.0,0.14393645894196783
823,0.89,-0.010000000000000009,0.13374580451658585,0.007701535516845092,0.0005488307206892497,0.7885241653791774,0.7745622771750175,0.1,2.7755575615628914e-17,0.0,1.0,0.14487564877393488
824,0.88,-0.020000000000000018,0.13398528757492742,0.007740239429387994,0.0005711727089926947,0.7307307507761114,0.7006722965398875,0.1,2.7755575615628914e-17,0.0,0.0,0.14708750561597594
825,0.88,-0.020000000000000018,0.1342523497024066,0.007821703374328463,0.0005990303545862042,0.730551465119506,0.7004709698605821,0.1,2.7755575615628914e-17,0.0,1.0,0.14984541252973338
826,0.88,-0.020000000000000018,0.13451941182988572,0.007893296939039009,0.0005990303545862042,0.7303722674172181,0.7002697588438738,0.1,2.7755575615628914e-17,0.0,1.0,0.14984541252973338
827,0.88,-0.020000000000000018,0.1347864739573649,0.007955286613305428,0.0005990303545862042,0.7301931576045402,0.7000686633901189,0.1,2.7755575615628914e-17,0.0,1.0,0.14984541252973338
828,0.88,-0.020000000000000018,0.13505353608484405,0.008007895433380926,0.0005990303545862042,0.7300141356168284,0.6998676833997874,0.1,2.7755575615628914e-17,0.0,1.0,0.14984541252973338
829,0.88,-0.020000000000000018,0.13529803913907204,0.008013650769202489,0.0006192030014202643,0.7298503127964485,0.6996837816022357,0.1,2.7755575615628914e-17,0.0,1.0,0.14758950520461778
830,0.88,-0.020000000000000018,0.13554513034618546,0.008007893886502785,0.0006192030014202643,0.7296848305342785,0.699498031298302,0.1,2.7755575615628914e-17,0.0,1.0,0.14758950520461778
831,0.88,-0.020000000000000018,0.13579222155329884,0.007994499497465253,0.0006192030014202643,0.7295194232961815,0.6993123795932468,0.1,2.7755575615628914e-17,0.0,1.0,0.14758950520461778
832,0.87,-0.030000000000000027,0.13603931276041226,0.007973429111943629,0.0006192030014202643,0.6797744625101227,0.6325961124872177,0.1,2.7755575615628914e-17,0.0,0.0,0.14758950520461778
833,0.86,-0.040000000000000036,0.13630260403313849,0.007969267030031087,0.0006355667040594498,0.6363722695706286,0.5722348434578557,0.1,2.7755575615628914e-17,0.0,0.0,0.14920951176589714
834,0.86,-0.040000000000000036,0.13660472895053463,0.008027173236070283,0.0006747926077664375,0.6362184438039916,0.5720493036343844,0.1,2.7755575615628914e-17,0.0,1.0,0.15309287623288892
835,0.86,-0.040000000000000036,0.13690685386793078,0.008073366360843685,0.0006513186128659556,0.6360646923858115,0.5718638840897403,0.1,2.7755575615628914e-17,0.0,1.0,0.15309287623288892
836,0.87,-0.030000000000000027,0.13720965896702725,0.008022136897025078,0.0006056315908300178,0.6790950480240564,0.6318020854111405,0.1,2.7755575615628914e-17,0.0,1.0,0.15083696890777332
837,0.87,-0.030000000000000027,0.137444674841057,0.008073504204604494,0.0005957862731258266,0.6789587792931628,0.6316428780138413,0.1,2.7755575615628914e-17,0.0,1.0,0.15083696890777332
838,0.87,-0.030000000000000027,0.13768750135235244,0.008159823983567294,0.0006135211234216928,0.6788180391704198,0.6314784636962806,0.1,2.7755575615628914e-17,0.0,1.0,0.15259271908706407
839,0.86,-0.040000000000000036,0.13793032786364792,0.008238085658370985,0.0006135211234216928,0.6355443981214397,0.5712366518371571,0.1,2.7755575615628914e-17,0.0,0.0,0.15259271908706407
840,0.86,-0.040000000000000036,0.13820352690186888,0.00836652242817029,0.000644200443548432,0.6354056582841258,0.57106945540815,0.1,2.7755575615628914e-17,0.0,1.0,0.15562997177961124
841,0.86,-0.040000000000000036,0.13846065843520702,0.008453188920316587,0.0006572219511969384,0.6352751334002729,0.5709121815952809,0.1,2.7755575615628914e-17,0.0,1.0,0.15402322129132995
842,0.87,-0.030000000000000027,0.13871461375623437,0.008535043667254702,0.0006537510597649162,0.6782233785950699,0.6307839664152722,0.1,2.7755575615628914e-17,0.0,1.0,0.15402322129132995
843,0.87,-0.030000000000000027,0.13901872752455274,0.008698210175726404,0.000700945266606657,0.6780475076876253,0.6305786283989084,0.1,2.7755575615628914e-17,0.0,1.0,0.1586954477686623
844,0.87,-0.030000000000000027,0.13935276681805958,0.00891817855657485,0.0007292289951002422,0.6778544357457656,0.6303532386400477,0.1,2.7755575615628914e-17,0.0,1.0,0.16168800028750696
845,0.87,-0.030000000000000027,0.1397152052214068,0.009200803123721875,0.0007546004647327857,0.6776450736880274,0.6301088690411587,0.1,2.7755575615628914e-17,0.0,1.0,0.16472037466952594
846,0.87,-0.030000000000000027,0.1400480225962542,0.00940672259848174,0.0007792621209103642,0.6774529360501031,0.6298846378695095,0.1,2.7755575615628914e-17,0.0,1.0,0.16227887070794567
847,0.86,-0.040000000000000036,0.14035166776883698,0.00953431540885285,0.0008087289918847796,0.6343168657455336,0.5697582065799696,0.1,2.7755575615628914e-17,0.0,0.0,0.15936165048147855
848,0.86,-0.040000000000000036,0.14069303835060507,0.009730766451002749,0.0008459755333433329,0.6341441844067555,0.569550384510306,0.1,2.7755575615628914e-17,0.0,1.0,0.16313419140000807
849,0.87,-0.030000000000000027,0.14103355759923178,0.00991260892228399,0.0008349008699306414,0.6768846187582687,0.6292215820869418,0.1,2.7755575615628914e-17,0.0,1.0,0.16313419140000807
850,0.87,-0.030000000000000027,0.14136311293107998,0.010092437796042056,0.0008349008699306414,0.6766947905000464,0.6290001726620423,0.1,2.7755575615628914e-17,0.0,1.0,0.16313419140000807
851,0.88,-0.020000000000000018,0.1416945057549173,0.010262392692233906,0.000831167441906049,0.7255904994926167,0.6949068122805059,0.1,2.7755575615628914e-17,0.0,1.0,0.16331794059892168
852,0.88,-0.020000000000000018,0.1420447800326369,0.010477760393031022,0.0008558290980836275,0.7253586651986081,0.6946471056820123,0.1,2.7755575615628914e-17,0.0,1.0,0.16575944456050196
853,0.88,-0.020000000000000018,0.14239505431035654,0.010677304800307015,0.0008558290980836275,0.7251269790045887,0.6943875931306007,0.1,2.7755575615628914e-17,0.0,1.0,0.16575944456050185
854,0.88,-0.020000000000000018,0.14269058980464017,0.010759086220061035,0.0009111207985240228,0.7249316144402421,0.6941687864286449,0.1,2.7755575615628914e-17,0.0,1.0,0.1602855662169026
855,0.88,-0.020000000000000018,0.14298612529892382,0.010832190559900257,0.0009111207985240217,0.724736355118243,0.6939501175784933,0.1,2.7755575615628914e-17,0.0,1.0,0.1602855662169026
856,0.88,-0.020000000000000018,0.14328166079320742,0.010896792459458626,0.0009097979366502799,0.7245412009535733,0.6937315864499142,0.1,2.7755575615628914e-17,0.0,1.0,0.1602855662169026
857,0.88,-0.020000000000000018,0.14357588665423607,0.01095457022186104,0.0009097979366502799,0.7243470159683977,0.6935141603966191,0.1,2.7755575615628914e-17,0.0,1.0,0.1602855662169026
858,0.88,-0.020000000000000018,0.14387011251526471,0.011004180745164942,0.0009097979366502799,0.7241529350427427,0.6932968705899006,0.1,2.7755575615628914e-17,0.0,1.0,0.1602855662169026
859,0.88,-0.020000000000000018,0.14416433837629333,0.011045734076295565,0.000908475074776538,0.723958958092986,0.6930797169017338,0.1,2.7755575615628914e-17,0.0,1.0,0.1602855662169026
860,0.88,-0.020000000000000018,0.1444617612408343,0.011080417764278146,0.0009103815093799237,0.7237629790172556,0.6928603418766768,0.1,2.7755575615628914e-17,0.0,1.0,0.16047430324263778
861,0.87,-0.030000000000000027,0.14478171177473376,0.011141115104217007,0.0009331367309541165,0.674731894653242,0.626712569450776,0.1,2.7755575615628914e-17,0.0,0.0,0.16272707017848287
862,0.87,-0.030000000000000027,0.14505567273563133,0.011129093228535615,0.0009762212251041305,0.6745750841102703,0.626529964596346,0.1,2.7755575615628914e-17,0.0,1.0,0.15812811287829664
863,0.87,-0.030000000000000027,0.1453665368704133,0.011149480031371822,0.0010101275383273987,0.6743972390770478,0.6263228912808995,0.1,2.7755575615628914e-17,0.0,1.0,0.1614848378874002
864,0.87,-0.030000000000000027,0.14567740100519525,0.01116117470653933,0.001006453894727952,0.6742194877932689,0.6261159547991018,0.1,2.7755575615628914e-17,0.0,1.0,0.1614848378874002
865,0.87,-0.030000000000000027,0.14599190204714063,0.011159064930625379,0.0009979305013915745,0.6740397522610283,0.6259067364015422,0.1,2.7755575615628914e-17,0.0,1.0,0.1614848378874002
866,0.87,-0.030000000000000027,0.14628749594586385,0.011101459037853664,0.0010218783755953883,0.6738709093907853,0.6257102232011547,0.1,2.7755575615628914e-17,0.0,1.0,0.15875030762487718
867,0.87,-0.030000000000000027,0.1465903140572963,0.011033857145578613,0.0010255019165507488,0.6736980277511058,0.6255090352022281,0.1,2.7755575615628914e-17,0.0,1.0,0.15910903817945787
868,0.87,-0.030000000000000027,0.1468931321687288,0.010957473095185155,0.0010255019165507488,0.6735252347942736,0.6253079765398506,0.1,2.7755575615628914e-17,0.0,1.0,0.15910903817945787
869,0.87,-0.030000000000000027,0.14719595028016125,0.010872121786346669,0.0010255019165507488,0.6733525304520692,0.6251070470893432,0.1,2.7755575615628914e-17,0.0,1.0,0.15910903817945787
870,0.87,-0.030000000000000027,0.1474987683915937,0.010777590177093307,0.0009924323569591097,0.6731799146563426,0.6249062467261874,0.1,2.7755575615628914e-17,0.0,1.0,0.15910903817945787
871,0.88,-0.020000000000000018,0.14783432536702187,0.010610175172616646,0.0009558475682868084,0.7215481157542222,0.6903824656398976,0.1,2.7755575615628914e-17,0.0,1.0,0.15910903817945787
872,0.88,-0.020000000000000018,0.14821356402403235,0.010614221317274335,0.001023530268010485,0.7212999060172808,0.6901049410767499,0.1,2.7755575615628914e-17,0.0,1.0,0.16709910041624376
873,0.88,-0.020000000000000018,0.14861038308937627,0.010588571446579105,0.0010282632565883265,0.7210403727525532,0.6898147900533909,0.1,2.7755575615628914e-17,0.0,1.0,0.16756766628545006
874,0.89,-0.010000000000000009,0.14900720215472021,0.010547941298912258,0.0010152382569505296,0.7767690666874456,0.7620428478843688,0.1,2.7755575615628914e-17,0.0,1.0,0.16756766628545006
875,0.89,-0.010000000000000009,0.14931074977209988,0.010408705354775536,0.0010927531975155793,0.7765388128060146,0.7617979412757361,0.1,2.7755575615628914e-17,0.0,1.0,0.15952999645316468
876,0.9,0.0,0.14957621695965126,0.01023818420915623,0.0011153475976149064,0.8416803641465717,0.8416803641465717,0.1,2.7755575615628914e-17,0.0,1.0,0.1560856441866847
877,0.9,0.0,0.14982960908063622,0.010081385161713842,0.0011153475976149064,0.8414546825863398,0.8414546825863398,0.1,2.7755575615628914e-17,0.0,1.0,0.1560856441866847
878,0.9,0.0,0.15008300120162116,0.009915635255649412,0.0011031505606790824,0.8412291220186272,0.8412291220186272,0.1,2.7755575615628914e-17,0.0,1.0,0.1560856441866847
879,0.9,0.0,0.15034238013233667,0.009711997078445188,0.0011093003150588173,0.8409983574205788,0.8409983574205788,0.1,2.7755575615628914e-17,0.0,1.0,0.15547681850309092
880,0.9,0.0,0.15061140637283224,0.009502350947329947,0.0010934303074571655,0.8407591435098223,0.8407591435098223,0.1,2.7755575615628914e-17,0.0,1.0,0.156441549481103
881,0.89,-0.010000000000000009,0.15085507399602208,0.00933483490933989,0.0010934303074571655,0.7753694873629564,0.7605543918623593,0.1,2.7755575615628914e-17,0.0,0.0,0.156441549481103
882,0.89,-0.010000000000000009,0.15110482987604787,0.009161527744600911,0.0010723986015618986,0.77518070890843,0.7603536600845333,0.1,2.7755575615628914e-17,0.0,1.0,0.15705037516469678
883,0.89,-0.010000000000000009,0.15146095672061005,0.009211505226648615,0.0011948284436247034,0.774911688689571,0.7600676198840154,0.1,2.7755575615628914e-17,0.0,1.0,0.17037843618556126
884,0.89,-0.010000000000000009,0.15180500849860573,0.009268952433293613,0.0011948284436247034,0.7746519673176175,0.7597914826638195,0.1,2.7755575615628914e-17,0.0,1.0,0.17037843618556126
885,0.89,-0.010000000000000009,0.15214906027660147,0.009313344545804183,0.0011948284436247045,0.7743924199850832,0.75951554601544,0.1,2.7755575615628914e-17,0.0,1.0,0.17037843618556137
886,0.89,-0.010000000000000009,0.15248346474481703,0.009326879127466606,0.0012045732009783607,0.7741403170552678,0.759247538716359,0.1,2.7755575615628914e-17,0.0,1.0,0.1694137052075494
887,0.89,-0.010000000000000009,0.15282751652281273,0.009346054436015798,0.001214317958332016,0.7738811124092382,0.7589719969477065,0.1,2.7755575615628914e-17,0.0,1.0,0.17037843618556126
888,0.88,-0.020000000000000018,0.15317399953783278,0.009357045616040728,0.001200736491458806,0.7180689809035271,0.6864953625772527,0.1,2.7755575615628914e-17,0.0,0.0,0.17062155988799554
889,0.88,-0.020000000000000018,0.15353704817375202,0.009448086310168167,0.001226618574214924,0.7178336495295986,0.6862326639873804,0.1,2.7755575615628914e-17,0.0,0.0,0.17386581090079756
890,0.88,-0.020000000000000018,0.1539740881083468,0.00973690865040341,0.0013082453892401774,0.7175505608614066,0.6859166925549952,0.1,2.7755575615628914e-17,0.0,1.0,0.18194686558829765
891,0.88,-0.020000000000000018,0.15441112804294158,0.009998321729138008,0.0013082453892401774,0.7172676953858789,0.6856010119627368,0.1,2.7755575615628914e-17,0.0,1.0,0.18194686558829765
892,0.88,-0.020000000000000018,0.15484816797753637,0.01023442606712973,0.0013082453892401774,0.7169850528391652,0.6852856218092284,0.1,2.7755575615628914e-17,0.0,1.0,0.18194686558829765
893,0.88,-0.020000000000000018,0.15528520791213116,0.010446937763712125,0.0013082453892401774,0.7167026329578314,0.6849705216938313,0.1,2.7755575615628914e-17,0.0,1.0,0.18194686558829765
894,0.88,-0.020000000000000018,0.15572224784672595,0.010637270916233321,0.0013082453892401774,0.7164204354788576,0.6846557112166438,0.1,2.7755575615628914e-17,0.0,1.0,0.18194686558829765
895,0.88,-0.020000000000000018,0.1561672730751859,0.010825927403394366,0.001316311342639373,0.7161333101445128,0.684335445950378,0.1,2.7755575615628914e-17,0.0,1.0,0.182745394974818
896,0.88,-0.020000000000000018,0.1566122983036459,0.010993351665159046,0.001314988480765631,0.7158464148648291,0.6840154801686027,0.1,2.7755575615628914e-17,0.0,1.0,0.182745394974818
897,0.89,-0.010000000000000009,0.15706302799463412,0.011159082200835179,0.0013057097233620369,0.7707042900706452,0.755596203452991,0.1,2.7755575615628914e-17,0.0,1.0,0.18344680455314144
898,0.89,-0.010000000000000009,0.15749755762000955,0.011330655988277606,0.0013057097233620369,0.7703798480308288,0.7552515717024693,0.1,2.7755575615628914e-17,0.0,1.0,0.18344680455314144
899,0.89,-0.010000000000000009,0.157932087245385,0.011483239207372107,0.0013057097233620369,0.7700556790356676,0.7549072541856493,0.1,2.7755575615628914e-17,0.0,1.0,0.18344680455314144
900,0.89,-0.010000000000000009,0.1583913600702786,0.011673470213007889,0.001330702854188503,0.7697133474777013,0.7545436714787402,0.1,2.7755575615628914e-17,0.0,1.0,0.18592112450496157
901,0.88,-0.020000000000000018,0.15887455583294965,0.011899791495647074,0.0013486424250324608,0.7143915480221016,0.6823935698497369,0.1,2.7755575615628914e-17,0.0,0.0,0.1883134182827041
902,0.88,-0.020000000000000018,0.15936821942294077,0.012153136726160956,0.0013075752010543323,0.714074856681754,0.6820406628852932,0.1,2.7755575615628914e-17,0.0,1.0,0.18997647727890465
903,0.89,-0.010000000000000009,0.15968337953906045,0.01221962806481423,0.0014126276182069913,0.7687519359176203,0.7535227219300056,0.1,2.7755575615628914e-17,0.0,1.0,0.1778548440617922
904,0.89,-0.010000000000000009,0.15997246317047234,0.012283019887064449,0.0014196743593851366,0.7685371530516418,0.753294667119668,0.1,2.7755575615628914e-17,0.0,1.0,0.1769686395100155
905,0.89,-0.010000000000000009,0.1602596610301329,0.01234116545591737,0.0014196743593851366,0.7683238900854534,0.7530682366267519,0.1,2.7755575615628914e-17,0.0,1.0,0.1769686395100155
906,0.88,-0.020000000000000018,0.1605468588897934,0.012392384227962286,0.0013971829160708395,0.7133198790409767,0.6811995591848086,0.1,2.7755575615628914e-17,0.0,0.0,0.1769686395100155
907,0.88,-0.020000000000000018,0.1608783455256495,0.012442675847620467,0.0014194276103278623,0.7131078327892244,0.6809633764886618,0.1,2.7755575615628914e-17,0.0,1.0,0.17917086424146078
908,0.88,-0.020000000000000018,0.16120983216150564,0.012483966151226324,0.0014139913054840763,0.7128959125685895,0.6807273575123275,0.1,2.7755575615628914e-17,0.0,1.0,0.17917086424146078
909,0.88,-0.020000000000000018,0.1615359368555664,0.012522898753384868,0.0014139913054840763,0.7126875559059606,0.680495330075592,0.1,2.7755575615628914e-17,0.0,1.0,0.17917086424146078
910,0.88,-0.020000000000000018,0.1618488813478305,0.012535767135215994,0.0014272844386120419,0.7124877221207057,0.6802728149611654,0.1,2.7755575615628914e-17,0.0,1.0,0.1778548440617922
911,0.89,-0.010000000000000009,0.16214864391531233,0.012524996120480993,0.0014333739862417874,0.7669241422279085,0.7515823235642618,0.1,2.7755575615628914e-17,0.0,1.0,0.1765366515835689
912,0.89,-0.010000000000000009,0.1624412532101654,0.012515910563418343,0.0014290633664020527,0.76670777303012,0.7513526753873176,0.1,2.7755575615628914e-17,0.0,1.0,0.1765366515835689
913,0.89,-0.010000000000000009,0.16273813001865978,0.012494618490253687,0.0014290633664020527,0.766488372965079,0.7511198213230806,0.1,2.7755575615628914e-17,0.0,1.0,0.1765366515835689
914,0.89,-0.010000000000000009,0.16295464099053383,0.012404674911996745,0.0014878989908464176,0.7663284446106373,0.7509500928525963,0.1,2.7755575615628914e-17,0.0,1.0,0.1685000679215357
915,0.89,-0.010000000000000009,0.16327363636744865,0.012339513513477687,0.0015619992808657444,0.7660929365180899,0.7507001639598782,0.1,2.7755575615628914e-17,0.0,1.0,0.1765366515835689
916,0.89,-0.010000000000000009,0.16359963829386465,0.012254677797137575,0.0015619992808657444,0.7658524051358891,0.7504449173470086,0.1,2.7755575615628914e-17,0.0,1.0,0.1765366515835689
917,0.88,-0.020000000000000018,0.16394885312997917,0.012186752199680453,0.0015854466643995685,0.7111496581055908,0.6787834136394243,0.1,2.7755575615628914e-17,0.0,0.0,0.17885794255341747
918,0.88,-0.020000000000000018,0.16436607698499167,0.0122086498618017,0.0016541426430844272,0.7108844088533384,0.6784882746145463,0.1,2.7755575615628914e-17,0.0,1.0,0.1856588444432185
919,0.88,-0.020000000000000018,0.16479141888577786,0.012230398351257202,0.0016623426893204465,0.7106142021731404,0.6781876570625611,0.1,2.7755575615628914e-17,0.0,1.0,0.1864706490205844
920,0.88,-0.020000000000000018,0.16521676078656405,0.01223733323676651,0.0016623426893204465,0.7103442008256463,0.6778873057816173,0.1,2.7755575615628914e-17,0.0,1.0,0.1864706490205844
921,0.87,-0.030000000000000027,0.16564210268735022,0.01222947971909586,0.0016623426893204465,0.6629967054882895,0.6131062710172744,0.1,2.7755575615628914e-17,0.0,0.0,0.1864706490205844
922,0.87,-0.030000000000000027,0.16609344693560568,0.012252925801389362,0.0016791209207847495,0.6627473078728127,0.6128184060216659,0.1,2.7755575615628914e-17,0.0,1.0,0.18907088376751746
923,0.87,-0.030000000000000027,0.16652106938642078,0.012251163702948226,0.0016712535780577867,0.6625111911585121,0.6125459199317568,0.1,2.7755575615628914e-17,0.0,1.0,0.18763789385544571
924,0.88,-0.020000000000000018,0.1669265732688155,0.012272291857112734,0.0016433959324642772,0.7092609017209146,0.6766826167869721,0.1,2.7755575615628914e-17,0.0,1.0,0.18763789385544571
925,0.88,-0.020000000000000018,0.16730449808207262,0.01232226633960483,0.0016433959324642772,0.709021902700884,0.6764169184555651,0.1,2.7755575615628914e-17,0.0,1.0,0.18763789385544571
926,0.88,-0.020000000000000018,0.1676824228953297,0.012360489219007882,0.0016433959324642772,0.7087830646971738,0.6761514286943008,0.1,2.7755575615628914e-17,0.0,1.0,0.18763789385544571
927,0.88,-0.020000000000000018,0.16806034770858683,0.01238706928184835,0.0016433959324642772,0.7085443875471206,0.6758861472576877,0.1,2.7755575615628914e-17,0.0,1.0,0.18763789385544571
928,0.88,-0.020000000000000018,0.16843827252184396,0.012402081386785894,0.001620608989786342,0.7083058710882806,0.6756210739006194,0.1,2.7755575615628914e-17,0.0,1.0,0.18763789385544571
929,0.88,-0.020000000000000018,0.16883875640835225,0.012368944133925372,0.001620608989786342,0.7080532922991551,0.6753404046039218,0.1,2.7755575615628914e-17,0.0,1.0,0.18763789385544571
930,0.87,-0.030000000000000027,0.1692392402948605,0.012322709140654383,0.001620608989786342,0.6610142461716808,0.6108195188300998,0.1,2.7755575615628914e-17,0.0,0.0,0.18763789385544571
931,0.87,-0.030000000000000027,0.16965502489614562,0.012286607109053055,0.0016360642572376771,0.6607858625240065,0.6105562979060659,0.1,2.7755575615628914e-17,0.0,1.0,0.1891679653331279
932,0.88,-0.020000000000000018,0.17007371905271657,0.012240852944834579,0.0016226394993316964,0.7072755540519136,0.6744763777572004,0.1,2.7755575615628914e-17,0.0,1.0,0.18945892086171517
933,0.89,-0.010000000000000009,0.17047621314367475,0.012209880767578831,0.0015834135956247087,0.7608136806707813,0.745100989017142,0.1,2.7755575615628914e-17,0.0,1.0,0.18945892086171517
934,0.89,-0.010000000000000009,0.17083987358996303,0.012228269188231155,0.0015834135956247087,0.760549058239429,0.7448204990586968,0.1,2.7755575615628914e-17,0.0,1.0,0.18945892086171517
935,0.89,-0.010000000000000009,0.17120353403625127,0.01223582643227691,0.0015606266529467733,0.7602846198233897,0.744540220199183,0.1,2.7755575615628914e-17,0.0,1.0,0.18945892086171517
936,0.89,-0.010000000000000009,0.1715897535557907,0.012196348006419003,0.0015606266529467733,0.7600039786859082,0.7442427855866256,0.1,2.7755575615628914e-17,0.0,1.0,0.18945892086171517
937,0.89,-0.010000000000000009,0.17194959652990086,0.012109278542988813,0.0015695347778319473,0.7597426900837914,0.743965877800156,0.1,2.7755575615628914e-17,0.0,1.0,0.1868212663187922
938,0.89,-0.010000000000000009,0.17228897244693228,0.01203738078066257,0.001572473722565152,0.7594964275589231,0.743704908647535,0.1,2.7755575615628914e-17,0.0,1.0,0.18653031079020493
939,0.9,0.0,0.17261744049656977,0.011943223639777205,0.0015528124503110953,0.8216420837260322,0.8216420837260322,0.1,2.7755575615628914e-17,0.0,1.0,0.18543952405080938
940,0.9,0.0,0.17291553601928175,0.011887390264549014,0.001536582647399163,0.8213890886319809,0.8213890886319809,0.1,2.7755575615628914e-17,0.0,1.0,0.18543952405080938
941,0.9,0.0,0.17322969904687657,0.01179875654881165,0.001536582647399163,0.821122625539534,0.821122625539534,0.1,2.7755575615628914e-17,0.0,1.0,0.18543952405080938
942,0.9,0.0,0.17354386207447142,0.011701019958907077,0.0014893884405574223,0.8208563352751768,0.8208563352751768,0.1,2.7755575615628914e-17,0.0,1.0,0.18543952405080938
943,0.9,0.0,0.1739570619602039,0.011897303152444805,0.0016063920746207095,0.8205063624350137,0.8205063624350137,0.1,2.7755575615628914e-17,0.0,1.0,0.20001543634191948
944,0.9,0.0,0.17434033632074808,0.012111317561546086,0.0015757620303578914,0.8201820026544803,0.8201820026544803,0.1,2.7755575615628914e-17,0.0,1.0,0.20001543634191948
945,0.9,0.0,0.17469328693747194,0.012337994566704532,0.001551100374180313,0.8198835321733542,0.8198835321733542,0.1,2.7755575615628914e-17,0.0,1.0,0.20001543634191948
946,0.9,0.0,0.1750829964177214,0.012553308446614715,0.0015341020122056548,0.8195542290334638,0.8195542290334638,0.1,2.7755575615628914e-17,0.0,1.0,0.20124981873289544
947,0.91,0.010000000000000009,0.1755018781002356,0.012719493300134681,0.001495995538281114,0.7571729214215445,0.7412433289092604,0.1,2.7755575615628914e-17,0.0,1.0,0.20124981873289544
948,0.91,0.010000000000000009,0.17588303437356448,0.012912792007639284,0.001495995538281114,0.7568982201485999,0.7409523854083137,0.1,2.7755575615628914e-17,0.0,1.0,0.20124981873289544
949,0.91,0.010000000000000009,0.17626419064689333,0.013092147449656182,0.001495995538281114,0.7566237181258401,0.7406616702127169,0.1,2.7755575615628914e-17,0.0,1.0,0.20124981873289544
950,0.91,0.010000000000000009,0.17664240549060722,0.013252697987573525,0.0014971106267921083,0.7563515312047963,0.7403734239063857,0.1,2.7755575615628914e-17,0.0,1.0,0.2009556757713934
951,0.91,0.010000000000000009,0.17701878284233197,0.013402547575364618,0.0014724489706145298,0.7560808609952678,0.7400868006327259,0.1,2.7755575615628914e-17,0.0,1.0,0.2009556757713934
952,0.91,0.010000000000000009,0.17735910907608315,0.013543668547276597,0.0014842025851172522,0.7558362835240707,0.7398278224160836,0.1,2.7755575615628914e-17,0.0,1.0,0.19979206793562376
953,0.91,0.010000000000000009,0.17769943530983448,0.013674867093917518,0.0014289108846768557,0.755591864233827,0.7395690253842838,0.1,2.7755575615628914e-17,0.0,1.0,0.19979206793562376
954,0.91,0.010000000000000009,0.17809450032702168,0.013736605456371898,0.0014289108846768557,0.7553083302211533,0.7392688298870107,0.1,2.7755575615628914e-17,0.0,1.0,0.19979206793562376
955,0.91,0.010000000000000009,0.17848956534420893,0.013786751472197288,0.0014289108846768557,0.75502500891956,0.7389688779931582,0.1,2.7755575615628914e-17,0.0,1.0,0.19979206793562376
956,0.91,0.010000000000000009,0.17888463036139612,0.013825431281252376,0.0014289108846768557,0.754741900089769,0.738669169406327,0.1,2.7755575615628914e-17,0.0,1.0,0.19979206793562376
957,0.91,0.010000000000000009,0.17927969537858332,0.013852740932159203,0.0014289108846768557,0.7544590034928605,0.7383697038305981,0.1,2.7755575615628914e-17,0.0,1.0,0.19979206793562376
958,0.91,0.010000000000000009,0.17968639647412818,0.01388609871008378,0.0014406644991795793,0.7541679960287447,0.7380616714633146,0.1,2.7755575615628914e-17,0.0,1.0,0.2009556757713934
959,0.91,0.010000000000000009,0.18009856706290836,0.013915797101049716,0.0014442828052178497,0.7538733039219904,0.7377497586490533,0.1,2.7755575615628914e-17,0.0,1.0,0.20150262509491734
960,0.91,0.010000000000000009,0.1805088502814311,0.013935971309373544,0.0014215275836436574,0.7535801898740507,0.7374395358319733,0.1,2.7755575615628914e-17,0.0,1.0,0.2015026250949174
961,0.92,0.020000000000000018,0.18089660583059547,0.013975207001782567,0.0013750734695003623,0.7005320624381931,0.6669978138743228,0.1,2.7755575615628914e-17,0.0,1.0,0.2015026250949174
962,0.92,0.020000000000000018,0.18133035095276168,0.013934859651166089,0.0013411671562770944,0.7002644848322629,0.6667015529187933,0.1,2.7755575615628914e-17,0.0,1.0,0.20150262509491734
963,0.92,0.020000000000000018,0.181792159462846,0.01403439000296033,0.0014034203259832947,0.6999798194910212,0.666386412962646,0.1,2.7755575615628914e-17,0.0,1.0,0.20766568889583115
964,0.92,0.020000000000000018,0.18225396797293025,0.014118121610636325,0.0014034203259832947,0.699695385495022,0.6660715707897267,0.1,2.7755575615628914e-17,0.0,1.0,0.20766568889583115
965,0.92,0.020000000000000018,0.18271806279797886,0.014190372894425903,0.0013781082172348745,0.6994097761088846,0.6657554694732383,0.1,2.7755575615628914e-17,0.0,1.0,0.20789432039226058
966,0.92,0.020000000000000018,0.18321173049469597,0.014206672431737974,0.0013767347460201986,0.6991062230467586,0.665419554818732,0.1,2.7755575615628914e-17,0.0,1.0,0.20811707729658835
967,0.92,0.020000000000000018,0.1837018108858673,0.014212062764345224,0.0013767347460201986,0.6988051363102452,0.6650864162606756,0.1,2.7755575615628914e-17,0.0,1.0,0.20811707729658835
968,0.92,0.020000000000000018,0.18419189127703858,0.014200547766655025,0.0013767347460201986,0.6985043088024292,0.6647536111035951,0.1,2.7755575615628914e-17,0.0,1.0,0.20811707729658835
969,0.92,0.020000000000000018,0.18468197166820993,0.014172086231349032,0.0013767347460201986,0.6982037401886696,0.6644211388472454,0.1,2.7755575615628914e-17,0.0,1.0,0.20811707729658835
970,0.92,0.020000000000000018,0.18517734173318648,0.014135262831906468,0.0013820778508739728,0.6979001901530104,0.6640854158583124,0.1,2.7755575615628914e-17,0.0,1.0,0.208646044677112
971,0.92,0.020000000000000018,0.18569908834359225,0.014126333222468758,0.0013280131266935394,0.697580762514982,0.6637321835708169,0.1,2.7755575615628914e-17,0.0,1.0,0.21128369922003498
972,0.92,0.020000000000000018,0.1861264209362895,0.014203352756138807,0.0013379401334092955,0.6973193554776496,0.663443151158442,0.1,2.7755575615628914e-17,0.0,1.0,0.20983235968596883
973,0.92,0.020000000000000018,0.18653711264247266,0.014254454614827494,0.0013500161211082921,0.6970683125243777,0.6631656111588166,0.1,2.7755575615628914e-17,0.0,1.0,0.20863683690376816
974,0.92,0.020000000000000018,0.18695683248538603,0.014307553256336949,0.0012779468669742926,0.6968119376463657,0.6628822098828983,0.1,2.7755575615628914e-17,0.0,1.0,0.20953965057678758
975,0.92,0.020000000000000018,0.187430552481193,0.014175240798337879,0.0012697984051201815,0.6965228046339873,0.662562637706125,0.1,2.7755575615628914e-17,0.0,1.0,0.2069019960338646
976,0.92,0.020000000000000018,0.18793233683049818,0.013943014331672879,0.001276242010339021,0.6962168042335155,0.6622244691558343,0.1,2.7755575615628914e-17,0.0,1.0,0.2062640791171995
977,0.92,0.020000000000000018,0.1884288315059981,0.0136816815965926,0.0012815851151927956,0.6959142941220072,0.6618902050743622,0.1,2.7755575615628914e-17,0.0,1.0,0.2057351117366758
978,0.92,0.020000000000000018,0.18893061585530327,0.013403610211101325,0.0012807784656668352,0.6956088280394084,0.661552722413226,0.1,2.7755575615628914e-17,0.0,1.0,0.2062640791171995
979,0.91,0.010000000000000009,0.18943848846144437,0.013084791019376554,0.001271033708313178,0.7472566802583804,0.730751715258861,0.1,2.7755575615628914e-17,0.0,0.0,0.20626407911719946
980,0.91,0.010000000000000009,0.18994064933329052,0.012768578672179188,0.001275009037086137,0.7469042261036141,0.730379224404328,0.1,2.7755575615628914e-17,0.0,1.0,0.2066576366657224
981,0.92,0.020000000000000018,0.19044918937430338,0.012432538696509288,0.0012753028879252414,0.6946860133390246,0.6605334763224877,0.1,2.7755575615628914e-17,0.0,1.0,0.20729555358238752
982,0.92,0.020000000000000018,0.1909516411584803,0.012082994356078063,0.0011406760089266105,0.6943812196601925,0.6601969285942322,0.1,2.7755575615628914e-17,0.0,1.0,0.20729555358238752
983,0.92,0.020000000000000018,0.19132817656593865,0.01202255317179022,0.0011481146286135805,0.6941529837249314,0.659944945754356,0.1,2.7755575615628914e-17,0.0,1.0,0.20803197693139755
984,0.92,0.020000000000000018,0.19169942229959175,0.011942834561971491,0.0011534577334673536,0.6939281009545237,0.6596966910868468,0.1,2.7755575615628914e-17,0.0,1.0,0.2075030095508739
985,0.92,0.020000000000000018,0.19207066803324488,0.011850956214213568,0.0011437129761136973,0.693703363846191,0.6594486231234111,0.1,2.7755575615628914e-17,0.0,1.0,0.2075030095508739
986,0.92,0.020000000000000018,0.1924515610766781,0.01172809770094832,0.0011339682187600422,0.6934729378886169,0.6591943026109598,0.1,2.7755575615628914e-17,0.0,1.0,0.2075030095508739
987,0.92,0.020000000000000018,0.19282280681033126,0.011610498907254541,0.0011315124237859585,0.6932484954561756,0.6589466122623803,0.1,2.7755575615628914e-17,0.0,1.0,0.2075030095508739
988,0.93,0.030000000000000027,0.19319162130696,0.011484502192886048,0.001098742211535433,0.6481099814780671,0.5960170662065679,0.1,2.7755575615628914e-17,0.0,1.0,0.2075030095508739
989,0.94,0.039999999999999925,0.19352799329346076,0.011405872757541747,0.0010171153965101796,0.608505320500394,0.5391150697799789,0.1,2.7755575615628914e-17,0.0,1.0,0.2075030095508739
990,0.94,0.039999999999999925,0.19377318623436302,0.011417817220809189,0.0010275886275440407,0.6083911693516936,0.5389814083651397,0.1,2.7755575615628914e-17,0.0,1.0,0.20646615967852164
991,0.94,0.039999999999999925,0.19401837917526524,0.011424488069836838,0.0010275886275440407,0.6082770610228021,0.5388478132105354,0.1,2.7755575615628914e-17,0.0,1.0,0.20646615967852164
992,0.94,0.039999999999999925,0.1942675076916527,0.011430163947510294,0.0010315639563169994,0.6081611649802278,0.5387121415424027,0.1,2.7755575615628914e-17,0.0,1.0,0.20685971722704455
993,0.94,0.039999999999999925,0.19452835880508373,0.011443654507180608,0.0010434049634316762,0.6080398628372943,0.5385701591205718,0.1,2.7755575615628914e-17,0.0,1.0,0.20803197693139755
994,0.94,0.039999999999999925,0.19478920991851476,0.011451188693131803,0.0010353390100324806,0.6079186090738905,0.5384282515205051,0.1,2.7755575615628914e-17,0.0,1.0,0.20803197693139755
995,0.94,0.039999999999999925,0.19504207573808055,0.011461629699157086,0.0010353390100324808,0.6078011133396116,0.5382907594261856,0.1,2.7755575615628914e-17,0.0,1.0,0.20803197693139758
996,0.94,0.039999999999999925,0.19529494155764637,0.011466486209387798,0.0010282540647968907,0.6076836630146348,0.5381533375334199,0.1,2.7755575615628914e-17,0.0,1.0,0.20803197693139758
997,0.94,0.039999999999999925,0.19554079328142893,0.011473377886060426,0.0010282540647968907,0.6075695140873266,0.5380197947620429,0.1,2.7755575615628914e-17,0.0,1.0,0.20803197693139758
998,0.94,0.039999999999999925,0.19577627650648796,0.011464393562519878,0.0010387272958307522,0.6074602194549017,0.5378919461240436,0.1,2.7755575615628914e-17,0.0,1.0,0.2069951270590453
999,0.94,0.039999999999999925,0.196011759731547,0.0114505604534357,0.0010137341650042861,0.6073509641370506,0.5377641582324749,0.1,2.7755575615628914e-17,0.0,1.0,0.2069951270590453
1000,0.94,0.039999999999999925,0.19622249975708783,0.011456834542104909,0.0009895695813907253,0.6072532220465953,0.5376498490169201,0.1,2.7755575615628914e-17,0.0,1.0,0.2069951270590453
1001,0.95,0.04999999999999993,0.19640931684485124,0.011478637392699194,0.0009727710056715277,0.5724116765648503,0.48639404808057696,0.1,2.7755575615628914e-17,0.0,1.0,0.2069951270590453
1002,0.95,0.04999999999999993,0.19657950334265265,0.01150812462911032,0.0008503302661047352,0.5723415610849183,0.4863105840492179,0.1,2.7755575615628914e-17,0.0,1.0,0.2069951270590453
1003,0.95,0.04999999999999993,0.19695010834194007,0.011495889973570622,0.0009213808962028642,0.5721889341953952,0.486128928468881,0.1,2.7755575615628914e-17,0.0,1.0,0.21491534399053674
1004,0.94,0.039999999999999925,0.19731263474761743,0.011431490726032995,0.0009384926528976903,0.6067481148166634,0.5370593150321332,0.1,2.7755575615628914e-17,0.0,0.0,0.21322128007774896
1005,0.94,0.039999999999999925,0.1976907476941026,0.011377534657556955,0.0009542366335117007,0.6065731147628174,0.536854791412846,0.1,2.7755575615628914e-17,0.0,1.0,0.214779934158536
1006,0.95,0.04999999999999993,0.1980688606405878,0.011310688341026888,0.0009319919392546778,0.5717286898906166,0.48558138359502323,0.1,2.7755575615628914e-17,0.0,1.0,0.214779934158536
1007,0.95,0.04999999999999993,0.1984413362840783,0.011295514879956616,0.0009485423880624809,0.571575621116535,0.48539935844899673,0.1,2.7755575615628914e-17,0.0,1.0,0.2164184285905085
1008,0.95,0.04999999999999993,0.19881381192756875,0.011268015168999985,0.0009485423880624809,0.5714226342826422,0.485217469719807,0.1,2.7755575615628914e-17,0.0,1.0,0.2164184285905085
1009,0.95,0.04999999999999993,0.19918628757105922,0.01122809864065679,0.0009352492549345153,0.5712697293231597,0.4850357172541571,0.1,2.7755575615628914e-17,0.0,1.0,0.2164184285905085
1010,0.95,0.04999999999999993,0.1995719234163464,0.011150813696694958,0.0009219341793969064,0.5711115081644478,0.48484768656996874,0.1,2.7755575615628914e-17,0.0,1.0,0.2164184285905085
1011,0.95,0.04999999999999993,0.19997074118641578,0.011032379632989787,0.0009219341793969064,0.5709479708024309,0.48465338184619944,0.1,2.7755575615628914e-17,0.0,1.0,0.2164184285905085
1012,0.95,0.04999999999999993,0.2003725312565801,0.010902491556642482,0.0009249365027251143,0.5707833093127544,0.48445778643118753,0.1,2.7755575615628914e-17,0.0,1.0,0.21671565860000108
1013,0.95,0.04999999999999993,0.20077432132674444,0.01075603892694462,0.0008437588899773042,0.5706187427724965,0.4842623488284766,0.1,2.7755575615628914e-17,0.0,1.0,0.21671565860000108
1014,0.95,0.04999999999999993,0.20125647723352913,0.010372313487909126,0.0007625812772294943,0.5704213849409624,0.4840280279488485,0.1,2.7755575615628914e-17,0.0,1.0,0.21671565860000108
1015,0.95,0.04999999999999993,0.20165826730369346,0.010183448183918321,0.0007625812772294943,0.5702570270024006,0.48383293686467627,0.1,2.7755575615628914e-17,0.0,1.0,0.21671565860000108
1016,0.95,0.04999999999999993,0.20206005737385777,0.009974842165000495,0.0007391338936956703,0.5700927637508592,0.4836380029829574,0.1,2.7755575615628914e-17,0.0,1.0,0.21671565860000108
1017,0.96,0.05999999999999994,0.20243863453432362,0.009804011459695151,0.0006704379150108113,0.5392066377349645,0.4374476987423367,0.1,2.7755575615628914e-17,0.0,1.0,0.21671565860000108
1018,0.96,0.05999999999999994,0.20274920267589144,0.009759349811231319,0.0006622378687747921,0.5390931102657952,0.43731156188212494,0.1,2.7755575615628914e-17,0.0,1.0,0.21671565860000108
1019,0.96,0.05999999999999994,0.20305165277168563,0.009718751900179817,0.0006622378687747921,0.5389825962674503,0.43717906496487097,0.1,2.7755575615628914e-17,0.0,1.0,0.21671565860000108
1020,0.96,0.05999999999999994,0.20336897127592132,0.009690182256237752,0.0006772564631601899,0.5388666981111124,0.43704014079392994,0.1,2.7755575615628914e-17,0.0,1.0,0.21820249944415546
1021,0.97,0.06999999999999995,0.20369113432647507,0.009658504860905429,0.0006558849468457692,0.5112078078095474,0.3953227313517844,0.1,2.7755575615628914e-17,0.0,1.0,0.21868695407596087
1022,0.97,0.06999999999999995,0.20401162989464827,0.009699705595600603,0.0006659909730761095,0.5111025019456028,0.39519593187536156,0.1,2.7755575615628914e-17,0.0,1.0,0.2211204405848363
1023,0.97,0.06999999999999995,0.2043634594028558,0.009737421523516917,0.0006831667719787673,0.5109869505701554,0.39505682920109375,0.1,2.7755575615628914e-17,0.0,1.0,0.22282084467619942
1024,0.97,0.06999999999999995,0.20470409417529786,0.00974217287209103,0.0006944745858832691,0.510875125652253,0.3949222458523984,0.1,2.7755575615628914e-17,0.0,1.0,0.22170137109965374
1025,0.97,0.06999999999999995,0.2050398844014219,0.009726837012144609,0.0006993680670126167,0.5107649390152553,0.39478966628286616,0.1,2.7755575615628914e-17,0.0,1.0,0.22121691646784833
1026,0.97,0.06999999999999995,0.20537567462754594,0.009699859488674321,0.0006993680670126167,0.5106547998985864,0.3946571757001841,0.1,2.7755575615628914e-17,0.0,1.0,0.22121691646784833
1027,0.97,0.06999999999999995,0.20571146485366998,0.009661142778538337,0.0006993680670126167,0.5105447082715113,0.3945247740147907,0.1,2.7755575615628914e-17,0.0,1.0,0.22121691646784833
1028,0.97,0.06999999999999995,0.20604725507979402,0.009610545006536351,0.0006993680670126167,0.5104346641033222,0.39439246113724485,0.1,2.7755575615628914e-17,0.0,1.0,0.22121691646784833
1029,0.97,0.06999999999999995,0.20638304530591803,0.00954787728796811,0.0006993680670126167,0.5103246673633373,0.3942602369782252,0.1,2.7755575615628914e-17,0.0,1.0,0.22121691646784833
1030,0.98,0.07999999999999996,0.2067236800783601,0.00948043420314278,0.000688806280690629,0.48544508630123867,0.3566201293316667,0.1,2.7755575615628914e-17,0.0,1.0,0.22170137109965374
1031,0.98,0.07999999999999996,0.20704901413602542,0.00943048628185081,0.0006858673359574243,0.4853486926246211,0.35650436870568486,0.1,2.7755575615628914e-17,0.0,1.0,0.22170137109965374
1032,0.98,0.07999999999999996,0.20737143863840476,0.009374588832815457,0.0006858673359574243,0.4852531987860367,0.3563897174839157,0.1,2.7755575615628914e-17,0.0,1.0,0.22170137109965374
1033,0.98,0.07999999999999996,0.2076830377302989,0.00929151078413492,0.0006968020940233514,0.4851609468547058,0.35627898572888234,0.1,2.7755575615628914e-17,0.0,1.0,0.22061883005112695
1034,0.98,0.07999999999999996,0.20796858066173118,0.009164964754338098,0.0007231214480251725,0.4850764398960483,0.3561775738521848,0.1,2.7755575615628914e-17,0.0,1.0,0.21801321400494666
1035,0.98,0.07999999999999996,0.2082469858508509,0.009020179807380787,0.000730331288744919,0.4849940737053746,0.35607875254730315,0.1,2.7755575615628914e-17,0.0,1.0,0.21729943977369176
1036,0.98,0.07999999999999996,0.2085526666883577,0.008895390803271407,0.0007312394735508215,0.48490367022309,0.3559703127538049,0.1,2.7755575615628914e-17,0.0,1.0,0.22002700461239907
1037,0.98,0.07999999999999996,0.20888472407129377,0.008695503557879245,0.0007283005288176167,0.48480550420031415,0.3558525907406689,0.1,2.7755575615628914e-17,0.0,1.0,0.22002700461239907
1038,0.98,0.07999999999999996,0.2092136286359968,0.00846265254171764,0.0007234060905600294,0.4847083094184107,0.3557360632069427,0.1,2.7755575615628914e-17,0.0,1.0,0.21942076726050466
1039,0.98,0.07999999999999996,0.2095534410680938,0.008178679102004021,0.0007234060905600294,0.4846079321694413,0.3556157512545725,0.1,2.7755575615628914e-17,0.0,1.0,0.21942076726050466
1040,0.98,0.07999999999999996,0.20986597785180364,0.007841432560132058,0.0007509572505469714,0.4845156485739117,0.3555051681767141,0.1,2.7755575615628914e-17,0.0,1.0,0.2166932024217974
1041,0.98,0.07999999999999996,0.2101785146355135,0.007475960062379792,0.0007509572505469714,0.4844234001187091,0.3553946538518039,0.1,2.7755575615628914e-17,0.0,1.0,0.2166932024217974
1042,0.98,0.07999999999999996,0.21049105141922342,0.00707789054953188,0.000603725813263031,0.48433118678376547,0.35528420821574297,0.1,2.7755575615628914e-17,0.0,1.0,0.2166932024217974
1043,0.98,0.07999999999999996,0.210654576316714,0.00702266229329377,0.000607011432766257,0.4842829530875048,0.3552264484117342,0.1,2.7755575615628914e-17,0.0,1.0,0.21636792609097802
1044,0.98,0.07999999999999996,0.21081325666788653,0.006959461666097272,0.000611904913895605,0.4842361575336788,0.3551704177360024,0.1,2.7755575615628914e-17,0.0,1.0,0.21588347145917258
1045,0.98,0.07999999999999996,0.21097193701905909,0.006892029365173097,0.0005994364048958478,0.484189371022551,0.3551144047331748,0.1,2.7755575615628914e-17,0.0,1.0,0.21588347145917258
1046,0.98,0.07999999999999996,0.2111182735463218,0.006839202457674403,0.0005994364048958478,0.48414623207017404,0.3550627646668448,0.1,2.7755575615628914e-17,0.0,1.0,0.21588347145917258
1047,0.98,0.07999999999999996,0.21126461007358457,0.006782807898303494,0.0005994364048958478,0.4841031008040602,0.35501113961713315,0.1,2.7755575615628914e-17,0.0,1.0,0.21588347145917258
1048,0.97,0.06999999999999995,0.21138901629396542,0.006711698158243388,0.000621588230029091,0.5086904361396274,0.3922994959510786,0.1,2.7755575615628914e-17,0.0,0.0,0.2136904407709815
1049,0.97,0.06999999999999995,0.2115282909227879,0.00664401768621561,0.0006336356833892156,0.5086451186853587,0.39224522360409564,0.1,2.7755575615628914e-17,0.0,1.0,0.21517728161513588
1050,0.97,0.06999999999999995,0.2116705069812253,0.0065679597309059225,0.0006336356833892156,0.5085988524740839,0.3921898205382419,0.1,2.7755575615628914e-17,0.0,1.0,0.21517728161513588
1051,0.97,0.06999999999999995,0.21181756758598078,0.006490584814736956,0.0006267755500158396,0.5085510190693853,0.3921325466412939,0.1,2.7755575615628914e-17,0.0,1.0,0.2156617362469413
1052,0.97,0.06999999999999995,0.21196453591012188,0.0063821097857943996,0.0006386223772603806,0.5085032246682676,0.3920753253936888,0.1,2.7755575615628914e-17,0.0,1.0,0.21448890034973173
1053,0.97,0.06999999999999995,0.21211150423426292,0.006268313969638857,0.0006386223772603806,0.5084554392498872,0.39201812084346566,0.1,2.7755575615628914e-17,0.0,1.0,0.21448890034973173
1054,0.97,0.06999999999999995,0.212258472558404,0.0061489019629040265,0.0006386223772603806,0.5084076628117121,0.39196093298331697,0.1,2.7755575615628914e-17,0.0,1.0,0.21448890034973173
1055,0.97,0.06999999999999995,0.2124054408825451,0.006023539764975296,0.0006386223772603806,0.508359895351211,0.3919037618059396,0.1,2.7755575615628914e-17,0.0,1.0,0.21448890034973173
1056,0.97,0.06999999999999995,0.21257254711276072,0.005901864927192235,0.000658963696527577,0.5083055935976656,0.3918387771736569,0.1,2.7755575615628914e-17,0.0,1.0,0.21650269095718416
1057,0.97,0.06999999999999995,0.21274633710981825,0.005777530968008129,0.000653961361663124,0.5082491322353923,0.39177121620116506,0.1,2.7755575615628914e-17,0.0,1.0,0.21717106764137295
1058,0.97,0.06999999999999995,0.21291455340203694,0.00567577984032096,0.0006545602306365628,0.5081944936182905,0.3917058441952522,0.1,2.7755575615628914e-17,0.0,1.0,0.21777730499326733
1059,0.97,0.06999999999999995,0.21307730020102042,0.005578721424190871,0.0006545602306365621,0.5081416427362816,0.39164261849744286,0.1,2.7755575615628914e-17,0.0,1.0,0.21777730499326733
1060,0.97,0.06999999999999995,0.2132400470000039,0.0054751087313860605,0.0006545602306365621,0.5080888028458331,0.391579413207007,0.1,2.7755575615628914e-17,0.0,1.0,0.21777730499326733
1061,0.97,0.06999999999999995,0.21335969722244713,0.005346526604640933,0.0006980921261317978,0.5080499623648086,0.3915329581640068,0.1,2.7755575615628914e-17,0.0,1.0,0.21346764733923895
1062,0.97,0.06999999999999995,0.21347266367804846,0.005212468177269016,0.0006425902360638689,0.5080132969968356,0.39148910825551325,0.1,2.7755575615628914e-17,0.0,1.0,0.2127992706550501
1063,0.97,0.06999999999999995,0.21359820319653583,0.005222266917966605,0.0007175434692913191,0.5079725570150376,0.39144038941357445,0.1,2.7755575615628914e-17,0.0,1.0,0.22021964074456768
1064,0.97,0.06999999999999995,0.2137237427150232,0.005229034201889541,0.0007152340602364763,0.5079318235669783,0.3913916826957544,0.1,2.7755575615628914e-17,0.0,1.0,0.22021964074456768
1065,0.97,0.06999999999999995,0.21384699591854622,0.005235432417506987,0.0007129839904957918,0.5078918383078026,0.39134387481105853,0.1,2.7755575615628914e-17,0.0,1.0,0.22021964074456768
1066,0.97,0.06999999999999995,0.21396802155302602,0.005241458932465786,0.0007129839904957918,0.5078525818320276,0.3912969423268924,0.1,2.7755575615628914e-17,0.0,1.0,0.22021964074456768
1067,0.97,0.06999999999999995,0.2140689092814313,0.005224937304039582,0.0007333253097629876,0.5078198620250354,0.3912578277158166,0.1,2.7755575615628914e-17,0.0,1.0,0.2182058501371153
1068,0.97,0.06999999999999995,0.2142164249288953,0.005262919236686832,0.0007804242179031428,0.5077720274866548,0.39120064933203774,0.1,2.7755575615628914e-17,0.0,1.0,0.22286864204299067
1069,0.97,0.06999999999999995,0.21436394057635932,0.005296522087194456,0.0007750811130493685,0.5077242019590583,0.39114348765790474,0.1,2.7755575615628914e-17,0.0,1.0,0.22286864204299067
1070,0.97,0.06999999999999995,0.21450616655001814,0.005331910926466648,0.0007484381378683284,0.5076780999074701,0.3910883915242137,0.1,2.7755575615628914e-17,0.0,1.0,0.22286864204299067
1071,0.97,0.06999999999999995,0.21462201597824773,0.005386215744335803,0.0007337781425747309,0.5076405539075272,0.39104352472399845,0.1,2.7755575615628914e-17,0.0,1.0,0.22286864204299067
1072,0.97,0.06999999999999995,0.21476645433437352,0.005449135831975026,0.0007359198645278355,0.507593750211044,0.39098760026397894,0.1,2.7755575615628914e-17,0.0,1.0,0.2242761952985487
1073,0.97,0.06999999999999995,0.21485741645684758,0.005421908516122707,0.0007928929198243723,0.5075642793419214,0.3909523892427888,0.1,2.7755575615628914e-17,0.0,1.0,0.21773304915117214
1074,0.97,0.06999999999999995,0.21493935044259144,0.0054028034457640085,0.0007662499446433321,0.5075377364332614,0.3909206784005881,0.1,2.7755575615628914e-17,0.0,1.0,0.21773304915117214
1075,0.97,0.06999999999999995,0.21510079936601123,0.005401439657458255,0.0008134814831080606,0.5074854424019777,0.3908582080112149,0.1,2.7755575615628914e-17,0.0,1.0,0.22304688837584538
1076,0.97,0.06999999999999995,0.21527468983211662,0.005394057757697628,0.0008142619878693802,0.507429130551666,0.3907909458712469,0.1,2.7755575615628914e-17,0.0,1.0,0.2236531257277397
1077,0.97,0.06999999999999995,0.2154658309627542,0.005391289813927815,0.0008210006918307046,0.5073672467456845,0.39071703774830935,0.1,2.7755575615628914e-17,0.0,1.0,0.2248492248004345
1078,0.97,0.06999999999999995,0.21565652696590462,0.005399690996347837,0.0008258941729600519,0.5073055220937034,0.39064332959467624,0.1,2.7755575615628914e-17,0.0,1.0,0.22533367943223992
1079,0.98,0.07999999999999996,0.215847222969055,0.005401350749866453,0.0008219188441870929,0.482756297952183,0.353402032986646,0.1,2.7755575615628914e-17,0.0,1.0,0.22533367943223992
1080,0.98,0.07999999999999996,0.21602913885040212,0.005395124830868531,0.0008203687200976008,0.4827029885769738,0.3533384572802695,0.1,2.7755575615628914e-17,0.0,1.0,0.2248492248004345
1081,0.98,0.07999999999999996,0.21620467556258258,0.005393676190563708,0.0008203687200976008,0.4826515597399923,0.3532771326381536,0.1,2.7755575615628914e-17,0.0,1.0,0.2248492248004345
1082,0.98,0.07999999999999996,0.2163682512840361,0.005368990164458595,0.0008250119092257298,0.48260364510345727,0.35322000578626395,0.1,2.7755575615628914e-17,0.0,1.0,0.2236531257277397
1083,0.98,0.07999999999999996,0.2164306975780746,0.005307633270254016,0.0009143811214678417,0.4825853558302159,0.353198202042255,0.1,2.7755575615628914e-17,0.0,1.0,0.21427660633524698
1084,0.98,0.07999999999999996,0.21649843354591838,0.0052360049394439695,0.0009143811214678417,0.48256551888435084,0.3531745543993863,0.1,2.7755575615628914e-17,0.0,1.0,0.21427660633524698
1085,0.98,0.07999999999999996,0.21656616951376206,0.005162494377486187,0.0009143811214678417,0.4825456835692366,0.35315090992286197,0.1,2.7755575615628914e-17,0.0,1.0,0.21427660633524698
1086,0.98,0.07999999999999996,0.21663390548160583,0.005087019986848087,0.0009143811214678417,0.4825258498846722,0.3531272686120462,0.1,2.7755575615628914e-17,0.0,1.0,0.21427660633524698
1087,0.98,0.07999999999999996,0.216686773041008,0.0050188662948361966,0.0009293997158532394,0.4825103709331364,0.3531088188950538,0.1,2.7755575615628914e-17,0.0,1.0,0.2127897654910926
1088,0.98,0.07999999999999996,0.21668688984159762,0.005018652697493354,0.0009826833106134226,0.4825103367365032,0.35310877813612696,0.1,2.7755575615628914e-17,0.0,1.0,0.20751468960983446
1089,0.98,0.07999999999999996,0.21668094426866827,0.005029868923943375,0.000978333689194656,0.4825120774751141,0.3531108529250368,0.1,2.7755575615628914e-17,0.0,1.0,0.2069084522579401
1090,0.98,0.07999999999999996,0.2166837957329041,0.00502415487024042,0.000979921024102072,0.4825112426248362,0.35310985786458865,0.1,2.7755575615628914e-17,0.0,1.0,0.20675130610210593
1091,0.97,0.06999999999999995,0.21668664719713998,0.005018432690250336,0.0009759456953291133,0.5069723513769244,0.3902456460920978,0.1,2.7755575615628914e-17,0.0,0.0,0.20675130610210593
1092,0.97,0.06999999999999995,0.21670043149433216,0.004993251715890525,0.0009791232825998343,0.5069678961030801,0.39024033007922526,0.1,2.7755575615628914e-17,0.0,1.0,0.2082381469462603
1093,0.97,0.06999999999999995,0.21670249319448076,0.004989713418650905,0.0009791232825998343,0.5069672297400568,0.3902395349822576,0.1,2.7755575615628914e-17,0.0,1.0,0.2082381469462603
1094,0.97,0.06999999999999995,0.21670455489462942,0.004986171758079653,0.0009791232825998339,0.5069665633787851,0.39023873988852975,0.1,2.7755575615628914e-17,0.0,1.0,0.2082381469462603
1095,0.97,0.06999999999999995,0.2166675529263527,0.005063522403465364,0.0010185815335345262,0.506978523036404,0.39025301017356673,0.1,2.7755575615628914e-17,0.0,1.0,0.20433178010372577
1096,0.97,0.06999999999999995,0.2166255900796566,0.005151536955452582,0.0010235925218368995,0.5069920868160888,0.39026919494817547,0.1,2.7755575615628914e-17,0.0,1.0,0.20383569226179082
1097,0.97,0.06999999999999995,0.21656875882451895,0.005275874715215482,0.0010281378851884357,0.5070104577141659,0.390291116503592,0.1,2.7755575615628914e-17,0.0,1.0,0.20234885141763645
1098,0.97,0.06999999999999995,0.21652229606810486,0.005379424563808913,0.0010281378851884357,0.507025477948667,0.3903090404413442,0.1,2.7755575615628914e-17,0.0,1.0,0.20234885141763645
1099,0.97,0.06999999999999995,0.21647583331169076,0.00548062457109627,0.0010281378851884357,0.5070404990731464,0.39032696602546885,0.1,2.7755575615628914e-17,0.0,1.0,0.20234885141763645
1100,0.97,0.06999999999999995,0.21637437690393985,0.005742825903043994,0.0010836870279529198,0.5070733024020015,0.39036611418306,0.1,2.7755575615628914e-17,0.0,1.0,0.19684948628395252
1101,0.97,0.06999999999999995,0.21626332063644463,0.0060236462605698995,0.0010933838559774435,0.5071092144656687,0.3904089755638166,0.1,2.7755575615628914e-17,0.0,1.0,0.19588950030952468
1102,0.97,0.06999999999999995,0.21613688636957465,0.006341176984824513,0.0010289149974520323,0.5071501054776406,0.39045778343344617,0.1,2.7755575615628914e-17,0.0,1.0,0.19435170037204894
1103,0.96,0.05999999999999994,0.2159128212533449,0.0067622664897164005,0.001030418069085398,0.5343247462558536,0.4316182137102956,0.1,2.7755575615628914e-17,0.0,0.0,0.19250883236755795
1104,0.97,0.06999999999999995,0.2157146748371673,0.007119116853653928,0.0010237428368797406,0.5072867037268263,0.3906208597099787,0.1,2.7755575615628914e-17,0.0,1.0,0.1934066384599849
1105,0.97,0.06999999999999995,0.21550094188018182,0.007456801624541964,0.0010237428368797406,0.5073558808845448,0.3907034645258022,0.1,2.7755575615628914e-17,0.0,1.0,0.1934066384599849
1106,0.96,0.05999999999999994,0.2152872089231963,0.007773968909492782,0.0010071923880719375,0.5345494568366467,0.43188543764495363,0.1,2.7755575615628914e-17,0.0,0.0,0.1934066384599849
1107,0.96,0.05999999999999994,0.21504955050032049,0.008092501214832085,0.0010148090765270523,0.5346348697284495,0.43198703776427694,0.1,2.7755575615628914e-17,0.0,1.0,0.19265258630292856
1108,0.96,0.05999999999999994,0.21481189207744464,0.008392234277379864,0.0010148090765270523,0.5347203099199827,0.4320886856972668,0.1,2.7755575615628914e-17,0.0,1.0,0.19265258630292856
1109,0.96,0.05999999999999994,0.2145742336545688,0.00867511690808099,0.0010148090765270523,0.5348057774243363,0.4321903814776836,0.1,2.7755575615628914e-17,0.0,1.0,0.19265258630292856
1110,0.96,0.05999999999999994,0.2143299150956575,0.008959128056641213,0.001021536486663983,0.5348936685541835,0.43229497709219056,0.1,2.7755575615628914e-17,0.0,1.0,0.19198657269937242
1111,0.96,0.05999999999999994,0.21408388407340367,0.009232057866058354,0.0010202639242877004,0.534982204923094,0.4324003570051085,0.1,2.7755575615628914e-17,0.0,1.0,0.1918153263651318
1112,0.95,0.04999999999999993,0.213834880751055,0.009489916440105632,0.0010202639242877004,0.5653205515608217,0.47799422715691225,0.1,2.7755575615628914e-17,0.0,0.0,0.1918153263651318
1113,0.95,0.04999999999999993,0.21360293392365753,0.00969784889645233,0.0010374927070667392,0.5654137856313125,0.47810412922515655,0.1,2.7755575615628914e-17,0.0,1.0,0.19352097586025663
1114,0.95,0.04999999999999993,0.21337098709626012,0.009895980685873265,0.0010374927070667392,0.5655070504596652,0.47821408184314246,0.1,2.7755575615628914e-17,0.0,1.0,0.19352097586025663
1115,0.95,0.04999999999999993,0.21313219201648426,0.010098432425898947,0.0010444101337115919,0.5656031010905634,0.47832733367005176,0.1,2.7755575615628914e-17,0.0,1.0,0.1928361506224162
1116,0.95,0.04999999999999993,0.21289339693670845,0.010291365070070517,0.0010444101337115919,0.5656991843551519,0.478440639150816,0.1,2.7755575615628914e-17,0.0,1.0,0.1928361506224162
1117,0.95,0.04999999999999993,0.2126441321818685,0.010495610685192835,0.0010549855630692555,0.5657995151009286,0.4785589696455925,0.1,2.7755575615628914e-17,0.0,1.0,0.1917891831160075
1118,0.95,0.04999999999999993,0.21237304252976166,0.010734328886480305,0.0010770309138439266,0.565908670922134,0.4786877272763495,0.1,2.7755575615628914e-17,0.0,1.0,0.18960669338931507
1119,0.95,0.04999999999999993,0.21209240951092462,0.010981128719905869,0.0010716520838324815,0.5660217138116829,0.478821090663001,0.1,2.7755575615628914e-17,0.0,1.0,0.18865235671629377
1120,0.95,0.04999999999999993,0.21179690808364593,0.011207983566629946,0.0010667586027031343,0.5661407947277416,0.47896160020990497,0.1,2.7755575615628914e-17,0.0,1.0,0.18865235671629374
1121,0.95,0.04999999999999993,0.21150298063622192,0.011407080672025944,0.001048661290666653,0.566259291078535,0.4791014431676922,0.1,2.7755575615628914e-17,0.0,1.0,0.18929420933355753
1122,0.95,0.04999999999999993,0.21117652971840062,0.01159278578152507,0.0010397568102574624,0.5663909573652852,0.47925685568317006,0.1,2.7755575615628914e-17,0.0,1.0,0.18847534880270428
1123,0.95,0.04999999999999993,0.21087160863187995,0.011683158728288193,0.0010673720995997389,0.566513995419641,0.4794021096549221,0.1,2.7755575615628914e-17,0.0,1.0,0.19232873602413533
1124,0.95,0.04999999999999993,0.21057788228112476,0.011776054789089387,0.0010624786184703914,0.5666325668684685,0.4795421141200963,0.1,2.7755575615628914e-17,0.0,1.0,0.19232873602413533
1125,0.95,0.04999999999999993,0.2102890004766876,0.011865514595057705,0.0010624786184703914,0.5667492310937171,0.4796798892202473,0.1,2.7755575615628914e-17,0.0,1.0,0.19232873602413533
1126,0.95,0.04999999999999993,0.2100001186722505,0.0119473219351263,0.0010624786184703914,0.5668659433689546,0.4798177435102456,0.1,2.7755575615628914e-17,0.0,1.0,0.19232873602413533
1127,0.95,0.04999999999999993,0.2097194254731219,0.012010063373636616,0.001070749936963859,0.5669793933879569,0.4799517661202294,0.1,2.7755575615628914e-17,0.0,1.0,0.19314759655498862
1128,0.95,0.04999999999999993,0.20943873227399334,0.01206595067584446,0.001070749936963859,0.5670928888268099,0.48008586362147665,0.1,2.7755575615628914e-17,0.0,1.0,0.19314759655498862
1129,0.95,0.04999999999999993,0.20915803907486477,0.012115078697267337,0.0010658564558345112,0.5672064297127948,0.48022003607677843,0.1,2.7755575615628914e-17,0.0,1.0,0.19314759655498862
1130,0.95,0.04999999999999993,0.20887250132941815,0.012152513770857768,0.0010658564558345112,0.567321976884819,0.48035660121487145,0.1,2.7755575615628914e-17,0.0,1.0,0.19314759655498862
1131,0.95,0.04999999999999993,0.20857931616020853,0.012193068483494222,0.0010735811263021236,0.5674406676979078,0.48049690475788565,0.1,2.7755575615628914e-17,0.0,1.0,0.192382854178695
1132,0.95,0.04999999999999993,0.20825578755666738,0.012269580424631568,0.0010932963019044588,0.5675717001643079,0.48065182428239683,0.1,2.7755575615628914e-17,0.0,1.0,0.18934851074553702
1133,0.95,0.04999999999999993,0.20794308436361145,0.012348733679065386,0.0010669769479026378,0.5676984057513005,0.4808016550994064,0.1,2.7755575615628914e-17,0.0,1.0,0.18934851074553702
1134,0.95,0.04999999999999993,0.2076564373310173,0.0124439769979551,0.0010597671071828913,0.5678146032352729,0.4809390832677695,0.1,2.7755575615628914e-17,0.0,1.0,0.18934851074553702
1135,0.95,0.04999999999999993,0.20737692804073574,0.012537797449304286,0.0010322159471959486,0.5679279531223796,0.48107316503748415,0.1,2.7755575615628914e-17,0.0,1.0,0.18934851074553702
1136,0.95,0.04999999999999993,0.2070701431020671,0.012599692131564007,0.0010322159471959486,0.5680524162564938,0.4812204171366119,0.1,2.7755575615628914e-17,0.0,1.0,0.18934851074553702
1137,0.95,0.04999999999999993,0.2067633581633985,0.012653848613896998,0.0010260923375808536,0.568176933955513,0.48136775940838405,0.1,2.7755575615628914e-17,0.0,1.0,0.18934851074553702
1138,0.95,0.04999999999999993,0.2064863245907342,0.01267694137620206,0.0010500206128186357,0.5682894231007102,0.48150089028116705,0.1,2.7755575615628914e-17,0.0,1.0,0.19171740999407744
1139,0.95,0.04999999999999993,0.2062167500779171,0.012685646293005063,0.0010300038567177135,0.5683989262709855,0.4816305073494948,0.1,2.7755575615628914e-17,0.0,1.0,0.1924633159787934
1140,0.95,0.04999999999999993,0.20597445121348706,0.012714594845671744,0.0010300038567177135,0.5684973858878484,0.4817470692798189,0.1,2.7755575615628914e-17,0.0,1.0,0.1924633159787934
1141,0.95,0.04999999999999993,0.20573598383875796,0.012734935388911524,0.0010338740483348168,0.5685943218673091,0.481861843109256,0.1,2.7755575615628914e-17,0.0,1.0,0.19284646494888663
1142,0.95,0.04999999999999993,0.2054975164640288,0.012750784417136828,0.0010305884288315907,0.5686912909100235,0.48197667164030705,0.1,2.7755575615628914e-17,0.0,1.0,0.19284646494888663
1143,0.95,0.04999999999999993,0.20520571523512413,0.012832308959749076,0.001082853147180829,0.5688099923405536,0.48211725635181685,0.1,2.7755575615628914e-17,0.0,1.0,0.1871878032005066
1144,0.95,0.04999999999999993,0.20491875855253747,0.012910930092826213,0.001082853147180829,0.5689267713997861,0.4822555870503123,0.1,2.7755575615628914e-17,0.0,1.0,0.1871878032005066
1145,0.95,0.04999999999999993,0.20463180186995078,0.01298273431176469,0.001082853147180829,0.5690435984193191,0.4823939971522053,0.1,2.7755575615628914e-17,0.0,1.0,0.1871878032005066
1146,0.95,0.04999999999999993,0.20432115619487873,0.013081070217228628,0.0011067814224186108,0.5691701238985832,0.48254392294008835,0.1,2.7755575615628914e-17,0.0,1.0,0.1848189039519662
1147,0.95,0.04999999999999993,0.20401051051980673,0.013171347857200397,0.0010846295972853676,0.5692967056556344,0.482693941949405,0.1,2.7755575615628914e-17,0.0,1.0,0.1848189039519662
1148,0.96,0.05999999999999994,0.20374548414410198,0.013240362144382253,0.0010935392781377517,0.5387292443075115,0.4368754154252484,0.1,2.7755575615628914e-17,0.0,1.0,0.1871878032005066
1149,0.96,0.05999999999999994,0.20346558935995568,0.013291484366778225,0.0010935392781377517,0.5388314189930892,0.4369978582812341,0.1,2.7755575615628914e-17,0.0,1.0,0.1871878032005066
1150,0.96,0.05999999999999994,0.20316200558332398,0.013367002093780072,0.0011125740722461857,0.5389422850934789,0.43713074174766015,0.1,2.7755575615628914e-17,0.0,1.0,0.1848189039519662
1151,0.96,0.05999999999999994,0.20285001178964002,0.013435540212362661,0.0011043287305917287,0.5390562700027979,0.4372673906434462,0.1,2.7755575615628914e-17,0.0,1.0,0.1844623568785479
1152,0.96,0.05999999999999994,0.20254974635492823,0.013507405477325513,0.0011043287305917287,0.5391660155718664,0.4373989833841406,0.1,2.7755575615628914e-17,0.0,1.0,0.1844623568785479
1153,0.96,0.05999999999999994,0.20224948092021638,0.013572249113436836,0.0011043287305917287,0.5392758058358699,0.4375306553526149,0.1,2.7755575615628914e-17,0.0,1.0,0.1844623568785479
1154,0.96,0.05999999999999994,0.20197646994872412,0.013597864482492825,0.0011318584914195944,0.5393756694848106,0.437650444560288,0.1,2.7755575615628914e-17,0.0,1.0,0.1871878032005066
1155,0.96,0.05999999999999994,0.20172254822898852,0.013598923138573974,0.001130799244633881,0.5394685837513817,0.437761916852867,0.1,2.7755575615628914e-17,0.0,1.0,0.18909672837617342
1156,0.96,0.05999999999999994,0.20144848860317846,0.013574431440367681,0.0011240479649956105,0.5395689027463146,0.4378822934751048,0.1,2.7755575615628914e-17,0.0,1.0,0.18909672837617342
1157,0.96,0.05999999999999994,0.20116774521052647,0.013536618372682904,0.0011179243553805156,0.5396717070149282,0.43800567450636324,0.1,2.7755575615628914e-17,0.0,1.0,0.18909672837617342
1158,0.96,0.05999999999999994,0.20086185019259886,0.01350340987417379,0.0011372064278619986,0.5397837660593823,0.4381401883437333,0.1,2.7755575615628914e-17,0.0,1.0,0.1871878032005066
1159,0.96,0.05999999999999994,0.20055238970393707,0.013466757665565538,0.0011408079134520826,0.5398971786121163,0.4382763541521568,0.1,2.7755575615628914e-17,0.0,1.0,0.18683125612708829
1160,0.96,0.05999999999999994,0.20024292921527528,0.01342287280086184,0.0010972760179568464,0.5400106388324941,0.438412604622485,0.1,2.7755575615628914e-17,0.0,1.0,0.18683125612708829
1161,0.96,0.05999999999999994,0.19997656530315375,0.013422084880900468,0.0010905247383185754,0.5401083363713082,0.43852994822180563,0.1,2.7755575615628914e-17,0.0,1.0,0.18683125612708829
1162,0.96,0.05999999999999994,0.1997309700810014,0.013409897707006329,0.0010297987001691435,0.5401984476532086,0.4386381980837591,0.1,2.7755575615628914e-17,0.0,1.0,0.18823974843981212
1163,0.96,0.05999999999999994,0.19936490844716098,0.013345082796781295,0.001076528711071007,0.540332815058568,0.4387996445935395,0.1,2.7755575615628914e-17,0.0,1.0,0.18361347736052763
1164,0.96,0.05999999999999994,0.19899884681332058,0.013269857231861347,0.001076528711071007,0.5404672493248807,0.4389612099920657,0.1,2.7755575615628914e-17,0.0,1.0,0.18361347736052763
1165,0.96,0.05999999999999994,0.1986222657270871,0.013196436254975063,0.0010871544205589415,0.5406056166295912,0.4391275424695927,0.1,2.7755575615628914e-17,0.0,1.0,0.18256153212122211
1166,0.96,0.05999999999999994,0.19822199564836826,0.013142212952571097,0.0010907413765295275,0.5407527656825198,0.43930447641569126,0.1,2.7755575615628914e-17,0.0,1.0,0.18019263287268172
1167,0.95,0.04999999999999993,0.19784186347572394,0.013108405533883486,0.0010436424683893722,0.57182201453251,0.4856923818204385,0.1,2.7755575615628914e-17,0.0,0.0,0.18019263287268172
1168,0.95,0.04999999999999993,0.19743626645663795,0.012954347043351232,0.0010650193094167428,0.5719888422564519,0.48589083910277825,0.1,2.7755575615628914e-17,0.0,1.0,0.18230894013439142
1169,0.95,0.04999999999999993,0.19707360520020875,0.012743203218025549,0.001108388766645823,0.5721380923542491,0.4860684254467064,0.1,2.7755575615628914e-17,0.0,1.0,0.18660251640007036
1170,0.95,0.04999999999999993,0.19670600153222267,0.012522086134202068,0.0011133811015517224,0.5722894559673757,0.4862485644940992,0.1,2.7755575615628914e-17,0.0,1.0,0.18610827524438633
1171,0.95,0.04999999999999993,0.19631930861247998,0.012303350578664954,0.0011184454643811041,0.572448766184754,0.4864382021201177,0.1,2.7755575615628914e-17,0.0,1.0,0.18419935006871951
1172,0.95,0.04999999999999993,0.1959185401601817,0.012035982673983273,0.0010523530790540682,0.5726139688810774,0.48663489866697923,0.1,2.7755575615628914e-17,0.0,1.0,0.18419935006871951
1173,0.95,0.04999999999999993,0.19558320316935718,0.011889789492242009,0.0010523530790540682,0.5727522730478305,0.48679960382974635,0.1,2.7755575615628914e-17,0.0,1.0,0.18419935006871951
1174,0.95,0.04999999999999993,0.19522417718604726,0.011756845653266602,0.001022606210608282,0.5729004214204836,0.48697606778033314,0.1,2.7755575615628914e-17,0.0,1.0,0.18183045082017912
1175,0.95,0.04999999999999993,0.19481201281049057,0.011493755988465394,0.0010164826009931877,0.5730705913258863,0.48717880745309017,0.1,2.7755575615628914e-17,0.0,1.0,0.18183045082017912
1176,0.95,0.04999999999999993,0.19439378606141497,0.011193686822614325,0.0010044007921780887,0.5732433675619324,0.4873847017750912,0.1,2.7755575615628914e-17,0.0,1.0,0.18183045082017912
1177,0.95,0.04999999999999993,0.1939635983216124,0.0108358940391307,0.0009995073110487412,0.5734211938036718,0.4875966661782616,0.1,2.7755575615628914e-17,0.0,1.0,0.18183045082017912
1178,0.95,0.04999999999999993,0.19351844570325075,0.01044536148957188,0.0010097298688679917,0.5736053222492832,0.4878161983430195,0.1,2.7755575615628914e-17,0.0,1.0,0.1808184175960733
1179,0.95,0.04999999999999993,0.19305898872627447,0.010038380600551323,0.0010192852348240434,0.573795491456694,0.4880429922758104,0.1,2.7755575615628914e-17,0.0,1.0,0.17938798173461878
1180,0.95,0.04999999999999993,0.19259445136323333,0.00962274812167994,0.0010293104190492969,0.5739878916724261,0.4882725084451634,0.1,2.7755575615628914e-17,0.0,1.0,0.1783954884963187
1181,0.95,0.04999999999999993,0.1921377651117147,0.00915337801930769,0.0010251590259135633,0.5741771659632467,0.4884983561073218,0.1,2.7755575615628914e-17,0.0,1.0,0.17918059964857588
1182,0.95,0.04999999999999993,0.1917052340040246,0.008662725566713098,0.0009427640351828157,0.5743565442535931,0.4887124509178362,0.1,2.7755575615628914e-17,0.0,1.0,0.1804000149587246
1183,0.95,0.04999999999999993,0.19133101519172768,0.008486075782185512,0.0009785750438006575,0.5745118298618184,0.48889783370846585,0.1,2.7755575615628914e-17,0.0,1.0,0.17685472510555825
1184,0.95,0.04999999999999993,0.19095679637943083,0.008288791870885187,0.0009785750438006575,0.5746671994601771,0.48908335719459134,0.1,2.7755575615628914e-17,0.0,1.0,0.17685472510555825
1185,0.95,0.04999999999999993,0.19058257756713393,0.00806936055321334,0.0009785750438006575,0.5748226531168297,0.4892690215364441,0.1,2.7755575615628914e-17,0.0,1.0,0.17685472510555825
1186,0.94,0.039999999999999925,0.19020835875483702,0.007825919074313561,0.0009635564494152599,0.6100550243235103,0.5409312403955501,0.1,2.7755575615628914e-17,0.0,0.0,0.17685472510555825
1187,0.94,0.039999999999999925,0.18988169193799867,0.007553557211955339,0.0009432865789146505,0.6102079487749588,0.541110621204315,0.1,2.7755575615628914e-17,0.0,1.0,0.18012308380725606
1188,0.94,0.039999999999999925,0.1896077758799729,0.007404341618603404,0.0009371629692995559,0.6103362378139296,0.5412611269998614,0.1,2.7755575615628914e-17,0.0,1.0,0.18012308380725606
1189,0.94,0.039999999999999925,0.18933992219546605,0.007256651363712442,0.0009355756343921401,0.6104617397058891,0.5414083827534597,0.1,2.7755575615628914e-17,0.0,1.0,0.18012308380725606
1190,0.94,0.039999999999999925,0.18910227137655983,0.0070692745729682835,0.0009644962445358211,0.610573133372007,0.5415391012202523,0.1,2.7755575615628914e-17,0.0,1.0,0.18298622421148047
1191,0.95,0.04999999999999993,0.18886462055765357,0.006868576354537273,0.0009494776501504233,0.5755373876230463,0.4901231782023283,0.1,2.7755575615628914e-17,0.0,1.0,0.18298622421148047
1192,0.95,0.04999999999999993,0.18860217639792276,0.006620213001909495,0.0009595028343756767,0.5756467307622697,0.49025392634162035,0.1,2.7755575615628914e-17,0.0,1.0,0.1819937309731804
1193,0.95,0.04999999999999993,0.1882975064988894,0.006407167303278893,0.0010021550962974488,0.5757737187000593,0.4904057986201378,0.1,2.7755575615628914e-17,0.0,1.0,0.17777115704292495
1194,0.95,0.04999999999999993,0.18799283659985608,0.0061717678195964834,0.0009626968453627564,0.5759007626774081,0.4905577650226802,0.1,2.7755575615628914e-17,0.0,1.0,0.17777115704292495
1195,0.95,0.04999999999999993,0.1877272303692481,0.006032859017968869,0.0009576858570603833,0.5760115632885661,0.4906903237084609,0.1,2.7755575615628914e-17,0.0,1.0,0.17777115704292495
1196,0.94,0.039999999999999925,0.18746658501705946,0.00589269551618162,0.0009426672626749856,0.6113409300656285,0.5424405162749973,0.1,2.7755575615628914e-17,0.0,0.0,0.17777115704292495
1197,0.94,0.039999999999999925,0.1872630338126149,0.0057242580423383016,0.0009853195245967577,0.611436612812015,0.5425529018889487,0.1,2.7755575615628914e-17,0.0,1.0,0.1819937309731804
1198,0.94,0.039999999999999925,0.18710153544637528,0.005520557114058644,0.0010277971389451963,0.6115125492094722,0.5426421022362037,0.1,2.7755575615628914e-17,0.0,1.0,0.18619901479367582
1199,0.94,0.039999999999999925,0.18694003708013565,0.005304131231341864,0.0009722479961807121,0.6115885044708721,0.5427313319188849,0.1,2.7755575615628914e-17,0.0,1.0,0.18619901479367582
1200,0.94,0.039999999999999925,0.18683353236523284,0.005210180819324765,0.0009625511681561885,0.6116386056652567,0.5427901930434601,0.1,2.7755575615628914e-17,0.0,1.0,0.18619901479367582
1201,0.94,0.039999999999999925,0.1867366275100744,0.005130352248190384,0.0009470178354544133,0.6116841980941563,0.5428437597830801,0.1,2.7755575615628914e-17,0.0,1.0,0.18619901479367582
1202,0.94,0.039999999999999925,0.18665510065429067,0.005073151337156685,0.0009284030071262216,0.6117225606465279,0.5428888341138272,0.1,2.7755575615628914e-17,0.0,1.0,0.18619901479367582
1203,0.94,0.039999999999999925,0.18654864690355638,0.005060876287744036,0.000963127768814288,0.6117726598212445,0.542947701223175,0.1,2.7755575615628914e-17,0.0,0.0,0.18186345729413028
1204,0.94,0.039999999999999925,0.18644314002428086,0.0050266665575994015,0.0009731529530395411,0.6118223214777038,0.5430060573265634,0.1,2.7755575615628914e-17,0.0,1.0,0.18285595053243034
1205,0.94,0.039999999999999925,0.18629089102858618,0.005043986648166992,0.0010203672120487476,0.6118939986707642,0.5430902887194365,0.1,2.7755575615628914e-17,0.0,1.0,0.1781817388905189
1206,0.95,0.04999999999999993,0.18613864203289154,0.005056665543528214,0.001012750523593633,0.5766751517897762,0.49148465397025826,0.1,2.7755575615628914e-17,0.0,1.0,0.1781817388905189
1207,0.95,0.04999999999999993,0.1859930926098728,0.0050765089952163585,0.0010135999669215322,0.5767360274732618,0.4915575606152418,0.1,2.7755575615628914e-17,0.0,1.0,0.17809764400105688
1208,0.94,0.039999999999999925,0.1858475431868541,0.005092116600082677,0.0010135999669215322,0.6121028177675396,0.5433357187642119,0.1,2.7755575615628914e-17,0.0,0.0,0.17809764400105688
1209,0.94,0.039999999999999925,0.18569004496575578,0.005122679999135565,0.0010189420497942901,0.6121770345473375,0.5434229605864256,0.1,2.7755575615628914e-17,0.0,1.0,0.1769027641930977
1210,0.93,0.030000000000000027,0.18553920688069303,0.005157014510781542,0.001017212288842365,0.6521775801668436,0.6006676212141066,0.1,2.7755575615628914e-17,0.0,0.0,0.17690276419309767
1211,0.93,0.030000000000000027,0.18541392917453248,0.005155195323325319,0.0010413010924381265,0.6522445956555545,0.6007443593248774,0.1,2.7755575615628914e-17,0.0,1.0,0.17928755574907806
1212,0.94,0.039999999999999925,0.18528781051947732,0.0051513156779088975,0.0010249217529869866,0.6123666583586372,0.543645894526217,0.1,2.7755575615628914e-17,0.0,1.0,0.17920346085961608
1213,0.94,0.039999999999999925,0.1851446353694709,0.005119364910068347,0.0010249217529869866,0.612434183211757,0.5437252918984695,0.1,2.7755575615628914e-17,0.0,1.0,0.17920346085961608
1214,0.94,0.039999999999999925,0.18500146021946445,0.005083182340251966,0.001018004326342134,0.6125017229582697,0.5438047124654652,0.1,2.7755575615628914e-17,0.0,1.0,0.17920346085961608
1215,0.94,0.039999999999999925,0.1848651333218365,0.005053959033262891,0.001018004326342134,0.61256604603784,0.5438803558105676,0.1,2.7755575615628914e-17,0.0,1.0,0.17920346085961608
1216,0.94,0.039999999999999925,0.1847245341039007,0.005025744738941951,0.0010117443720428453,0.6126323990783109,0.5439583917734856,0.1,2.7755575615628914e-17,0.0,1.0,0.17877622882883695
1217,0.94,0.039999999999999925,0.184594404561029,0.005009581537702087,0.0009896990212681742,0.6126938239714154,0.5440306367704733,0.1,2.7755575615628914e-17,0.0,1.0,0.17877622882883695
1218,0.94,0.039999999999999925,0.18448609991542422,0.005017116560550602,0.0009800592568942217,0.6127449562769285,0.5440907797090595,0.1,2.7755575615628914e-17,0.0,1.0,0.17877622882883695
1219,0.94,0.039999999999999925,0.1843873386365497,0.00503131733374995,0.0009800592568942213,0.6127915904509149,0.5441456346883481,0.1,2.7755575615628914e-17,0.0,1.0,0.17877622882883695
1220,0.94,0.039999999999999925,0.1842850278563753,0.005047546090601797,0.0009771612519722216,0.6128399081532242,0.5442024728327873,0.1,2.7755575615628914e-17,0.0,1.0,0.17842127869885113
1221,0.94,0.039999999999999925,0.18417629855002823,0.005055572769311203,0.0009688899334787545,0.6128912654469078,0.5442628897673278,0.1,2.7755575615628914e-17,0.0,1.0,0.17842127869885113
1222,0.93,0.030000000000000027,0.1840444328436672,0.005113363796581921,0.0009616082497496442,0.6529780870305983,0.6015845166362741,0.1,2.7755575615628914e-17,0.0,0.0,0.175288778166602
1223,0.92,0.020000000000000018,0.18391985666127547,0.005061505594673229,0.001007894508520953,0.6986712606313423,0.6649383039885979,0.1,2.7755575615628914e-17,0.0,0.0,0.17987111778496157
1224,0.92,0.020000000000000018,0.18387470735072353,0.005006129866224144,0.0010881236719954778,0.6986989771801052,0.6649689672108263,0.1,2.7755575615628914e-17,0.0,1.0,0.1878138049689395
1225,0.92,0.020000000000000018,0.1839030801939894,0.005061695635239036,0.0011623884738317027,0.6986815592200964,0.6649496974214362,0.1,2.7755575615628914e-17,0.0,1.0,0.19516602035072578
1226,0.92,0.020000000000000018,0.18393145303725533,0.005116500672688751,0.0011541171553382352,0.6986641421284955,0.6649304287488322,0.1,2.7755575615628914e-17,0.0,1.0,0.19516602035072578
1227,0.92,0.020000000000000018,0.18395163727521266,0.005156641711809822,0.0011541171553382352,0.6986517522625822,0.6649167218326036,0.1,2.7755575615628914e-17,0.0,1.0,0.19516602035072578
1228,0.92,0.020000000000000018,0.18397182151317004,0.005196394283289672,0.0011541171553382352,0.6986393628360962,0.6649030154814736,0.1,2.7755575615628914e-17,0.0,1.0,0.19516602035072578
1229,0.92,0.020000000000000018,0.1839920057511274,0.005235767235459422,0.0011541171553382352,0.6986269738490143,0.6648893096954074,0.1,2.7755575615628914e-17,0.0,1.0,0.19516602035072578
1230,0.92,0.020000000000000018,0.18404037852297492,0.00534141121190304,0.0011748657514263003,0.6985972846651896,0.6648564652329279,0.1,2.7755575615628914e-17,0.0,1.0,0.19798487373973783
1231,0.92,0.020000000000000018,0.18411018874372453,0.005493444010280164,0.0011581451360804947,0.6985544425203283,0.6648090707507938,0.1,2.7755575615628914e-17,0.0,1.0,0.19936387625366106
1232,0.92,0.020000000000000018,0.18421034239880577,0.005676288046956222,0.0011581451360804947,0.6984929879544927,0.6647410877702195,0.1,2.7755575615628914e-17,0.0,1.0,0.19936387625366106
1233,0.92,0.020000000000000018,0.18430190157074988,0.00583018558752913,0.0011668264321786064,0.6984368164478323,0.6646789507756478,0.1,2.7755575615628914e-17,0.0,1.0,0.198504427939948
1234,0.92,0.020000000000000018,0.18439346074269397,0.00597872192145717,0.0011668264321786064,0.6983806539748617,0.6646168253965614,0.1,2.7755575615628914e-17,0.0,1.0,0.198504427939948
1235,0.92,0.020000000000000018,0.18448501991463812,0.006122287275133246,0.0011668264321786064,0.6983245005334018,0.6645547116297039,0.1,2.7755575615628914e-17,0.0,1.0,0.198504427939948
1236,0.92,0.020000000000000018,0.18446732732035317,0.0061107524659782956,0.0012771817516018934,0.6983353507364893,0.6645667133854237,0.1,2.7755575615628914e-17,0.0,1.0,0.1875792513170426
1237,0.92,0.020000000000000018,0.18444963472606823,0.006099144519182678,0.0012532534763641113,0.6983462012767518,0.664578715574651,0.1,2.7755575615628914e-17,0.0,1.0,0.1875792513170426
1238,0.92,0.020000000000000018,0.1844082531392979,0.006063628522325113,0.0012457190724780914,0.6983715811538583,0.6646067894443237,0.1,2.7755575615628914e-17,0.0,1.0,0.1875792513170426
1239,0.92,0.020000000000000018,0.1843594124926804,0.006018049299311447,0.0012457190724780914,0.6984015381450965,0.664639926700396,0.1,2.7755575615628914e-17,0.0,1.0,0.1875792513170426
1240,0.92,0.020000000000000018,0.18437762371867394,0.006045239005286759,0.0013095780451145703,0.6983903677726501,0.6646275704158199,0.1,2.7755575615628914e-17,0.0,1.0,0.19428443857814723
1241,0.92,0.020000000000000018,0.1843920034549665,0.00606703757553865,0.0013095780451145703,0.6983815478056417,0.6646178141148218,0.1,2.7755575615628914e-17,0.0,1.0,0.19428443857814723
1242,0.92,0.020000000000000018,0.18440638319125915,0.006088724143966753,0.0012524198456359843,0.6983727280614049,0.6646080581002518,0.1,2.7755575615628914e-17,0.0,1.0,0.19428443857814723
1243,0.92,0.020000000000000018,0.18447584587603813,0.006159273731301339,0.0012539387032091032,0.6983301265843751,0.6645609347765796,0.1,2.7755575615628914e-17,0.0,1.0,0.19413407167840846
1244,0.92,0.020000000000000018,0.1845453085608172,0.006228249670952534,0.0012539387032091032,0.6982875303044985,0.6645138181348913,0.1,2.7755575615628914e-17,0.0,1.0,0.19413407167840846
1245,0.92,0.020000000000000018,0.18461477124559622,0.006295703685942387,0.0012300104279713213,0.6982449392208246,0.664466708173766,0.1,2.7755575615628914e-17,0.0,1.0,0.19413407167840846
1246,0.92,0.020000000000000018,0.18471651740599776,0.00637983543469963,0.0012386917240694332,0.6981825628840744,0.6643977154446936,0.1,2.7755575615628914e-17,0.0,1.0,0.19499351999212153
1247,0.92,0.020000000000000018,0.18482253588670708,0.006468134337881842,0.0012190789238900265,0.6981175792207311,0.6643258409522373,0.1,2.7755575615628914e-17,0.0,1.0,0.19542075202290066
1248,0.92,0.020000000000000018,0.184904865374931,0.006549600035597015,0.0012190789238900265,0.6980671239876561,0.6642700369736716,0.1,2.7755575615628914e-17,0.0,1.0,0.19542075202290066
1249,0.92,0.020000000000000018,0.18491709464509729,0.006554990762999394,0.0012659589497205606,0.6980596299600424,0.6642617486178852,0.1,2.7755575615628914e-17,0.0,1.0,0.1884107302171374
1250,0.92,0.020000000000000018,0.18495301290774901,0.006564188621786817,0.0012623574641304766,0.698037620382039,0.6642374063053779,0.1,2.7755575615628914e-17,0.0,1.0,0.1884107302171374
1251,0.92,0.020000000000000018,0.1849844847784993,0.006569303305703849,0.0012704502546714987,0.698018336553487,0.6642160788417106,0.1,2.7755575615628914e-17,0.0,1.0,0.1876095439535762
1252,0.91,0.010000000000000009,0.1850159566492496,0.006574263352267724,0.0012704502546714987,0.7503751696292684,0.7340487246750622,0.1,2.7755575615628914e-17,0.0,0.0,0.1876095439535762
1253,0.91,0.010000000000000009,0.18505544038263544,0.00658267117578263,0.001251013284384655,0.750347213053202,0.7340191578300835,0.1,2.7755575615628914e-17,0.0,1.0,0.1884107302171374
1254,0.91,0.010000000000000009,0.18506766965280178,0.006587755326383592,0.0012317312119031719,0.7503385545042348,0.7340100005941961,0.1,2.7755575615628914e-17,0.0,1.0,0.1884107302171374
1255,0.91,0.010000000000000009,0.18506080967121136,0.006583912254757983,0.0012317312119031719,0.7503434114731932,0.7340151372969321,0.1,2.7755575615628914e-17,0.0,1.0,0.1884107302171374
1256,0.91,0.010000000000000009,0.185053949689621,0.006580059786788755,0.0012317312119031719,0.7503482685050306,0.7340202740715633,0.1,2.7755575615628914e-17,0.0,1.0,0.1884107302171374
1257,0.91,0.010000000000000009,0.18503723691123766,0.006571887632058218,0.0012224014594146015,0.7503601018170074,0.7340327889507083,0.1,2.7755575615628914e-17,0.0,1.0,0.18742545053783904
1258,0.91,0.010000000000000009,0.1850353410643032,0.00657129428565715,0.0012231154488828923,0.7503614441756299,0.7340342086276247,0.1,2.7755575615628914e-17,0.0,1.0,0.18699821850705994
1259,0.91,0.010000000000000009,0.18505538433489513,0.006579792713204816,0.0012416746880669106,0.7503472527364966,0.7340191997989668,0.1,2.7755575615628914e-17,0.0,1.0,0.18883558318627774
1260,0.91,0.010000000000000009,0.18508944957346266,0.006597692532140559,0.0012558382920826725,0.7503231344133079,0.7339936924295171,0.1,2.7755575615628914e-17,0.0,1.0,0.19023777998383817
1261,0.91,0.010000000000000009,0.18512351481203018,0.0066153685058072224,0.001241611097004654,0.7502990176405344,0.7339681868327821,0.1,2.7755575615628914e-17,0.0,1.0,0.19023777998383817
1262,0.91,0.010000000000000009,0.18514349512747041,0.0066277559714331274,0.0011948810861027905,0.750284873129117,0.7339532278365963,0.1,2.7755575615628914e-17,0.0,1.0,0.19023777998383817
1263,0.91,0.010000000000000009,0.18516295623597265,0.006626091779698745,0.001242135548457207,0.7502710966885667,0.7339386581499179,0.1,2.7755575615628914e-17,0.0,1.0,0.18555958821075094
1264,0.91,0.010000000000000009,0.1851866896647827,0.0066247496306268226,0.0012358253140276475,0.7502542965743163,0.7339208907454302,0.1,2.7755575615628914e-17,0.0,1.0,0.18598682024153007
1265,0.9,0.0,0.18522094254598578,0.0066199412366525455,0.0012118970387898658,0.811079686934718,0.811079686934718,0.1,2.7755575615628914e-17,0.0,0.0,0.18598682024153007
1266,0.9,0.0,0.18528873721646724,0.006602791258187357,0.0012218493587827783,0.811023605693659,0.811023605693659,0.1,2.7755575615628914e-17,0.0,1.0,0.18697209992082842
1267,0.91,0.010000000000000009,0.18536305539006437,0.0065868188047318275,0.0012070619148419363,0.7501294766389587,0.7337888861475994,0.1,2.7755575615628914e-17,0.0,1.0,0.18762445023239474
1268,0.91,0.010000000000000009,0.18540968698792878,0.006581536409040059,0.0011702818546993844,0.7500964808362289,0.7337539916946849,0.1,2.7755575615628914e-17,0.0,1.0,0.18697209992082842
1269,0.91,0.010000000000000009,0.18541338282313635,0.006582308923621424,0.0011652895197934853,0.7500938658441241,0.7337512262408988,0.1,2.7755575615628914e-17,0.0,1.0,0.18697209992082842
1270,0.91,0.010000000000000009,0.1854220210699008,0.006583781844944011,0.0011460074473120022,0.7500877539146109,0.7337447626486634,0.1,2.7755575615628914e-17,0.0,1.0,0.18697209992082842
1271,0.91,0.010000000000000009,0.18551729822922375,0.006634146072708455,0.0012142394279199696,0.7500203478514407,0.7336734788024055,0.1,2.7755575615628914e-17,0.0,1.0,0.1937270660010172
1272,0.91,0.010000000000000009,0.18561909889166234,0.006691003828638605,0.0012208288250064986,0.7499483399689659,0.7335973295478834,0.1,2.7755575615628914e-17,0.0,1.0,0.19437941631258357
1273,0.91,0.010000000000000009,0.18572089955410093,0.006745846396556477,0.001196900549768717,0.749876345911816,0.7335211960990496,0.1,2.7755575615628914e-17,0.0,1.0,0.19437941631258357
1274,0.91,0.010000000000000009,0.1858564988504693,0.006802329684201134,0.001207112308803381,0.7497804707176386,0.7334198102761866,0.1,2.7755575615628914e-17,0.0,1.0,0.19539038045701532
1275,0.91,0.010000000000000009,0.18598198850539333,0.006842532577365565,0.0012173240678380452,0.7496917653639682,0.7333260082672739,0.1,2.7755575615628914e-17,0.0,1.0,0.19437941631258357
1276,0.91,0.010000000000000009,0.1860950858545484,0.00686640417440472,0.0012298415484128195,0.7496118377875397,0.7332414899123986,0.1,2.7755575615628914e-17,0.0,1.0,0.19314018573568092
1277,0.91,0.010000000000000009,0.18618329839862016,0.006867712975559876,0.0012447551573443515,0.7495495085019291,0.7331755816501572,0.1,2.7755575615628914e-17,0.0,1.0,0.19065170522735345
1278,0.91,0.010000000000000009,0.18628163127493294,0.006860587387077356,0.001230306310258952,0.749480040600401,0.7331021259159236,0.1,2.7755575615628914e-17,0.0,1.0,0.19065170522735345
1279,0.91,0.010000000000000009,0.1863848340333655,0.006833681447413992,0.0012298109002708594,0.749407146186404,0.7330250481551099,0.1,2.7755575615628914e-17,0.0,1.0,0.18970825757787455
1280,0.91,0.010000000000000009,0.18649796172418098,0.006794009071951522,0.001221880484591494,0.7493272578596135,0.7329405765020943,0.1,2.7755575615628914e-17,0.0,1.0,0.18970825757787455
1281,0.91,0.010000000000000009,0.18660323830347403,0.0067612941238226944,0.0012095631582263553,0.7492529291167762,0.7328619847058206,0.1,2.7755575615628914e-17,0.0,1.0,0.18970825757787455
1282,0.91,0.010000000000000009,0.1866963207296655,0.006739291174824633,0.0011737521496085134,0.7491872221306115,0.7327925102104651,0.1,2.7755575615628914e-17,0.0,1.0,0.18970825757787455
1283,0.91,0.010000000000000009,0.18680271610588867,0.006666672530807857,0.001196115733951981,0.7491121316319461,0.7327131153788796,0.1,2.7755575615628914e-17,0.0,1.0,0.18749426272787126
1284,0.91,0.010000000000000009,0.18690911148211178,0.006591536981222479,0.001196115733951981,0.7490370561843059,0.7326337377495891,0.1,2.7755575615628914e-17,0.0,1.0,0.18749426272787126
1285,0.91,0.010000000000000009,0.1870155068583349,0.006513797430413061,0.001196115733951981,0.7489619957831662,0.732554377317003,0.1,2.7755575615628914e-17,0.0,1.0,0.18749426272787126
1286,0.92,0.020000000000000018,0.18712190223455802,0.0064333594802346225,0.001163102009692407,0.6967111607722911,0.6627708186087077,0.1,2.7755575615628914e-17,0.0,1.0,0.18749426272787126
1287,0.92,0.020000000000000018,0.1871956140237642,0.006394859865833114,0.001163102009692407,0.696666168338817,0.6627210889978893,0.1,2.7755575615628914e-17,0.0,1.0,0.18749426272787126
1288,0.91,0.010000000000000009,0.18726932581297034,0.006355272169594752,0.001163102009692407,0.7487829909139754,0.7323651228832013,0.1,2.7755575615628914e-17,0.0,0.0,0.18749426272787126
1289,0.91,0.010000000000000009,0.18735006825314982,0.0063151317592972,0.0011412830671985441,0.7487260655474762,0.7323049395859155,0.1,2.7755575615628914e-17,0.0,1.0,0.18819732782520324
1290,0.91,0.010000000000000009,0.1873922361467538,0.0062999123730910645,0.0011513266455150113,0.7486963396064619,0.7322735126755824,0.1,2.7755575615628914e-17,0.0,1.0,0.187203013571873
1291,0.91,0.010000000000000009,0.18743440404035774,0.00628437319209049,0.0011413014612897579,0.7486666160257142,0.7322420884625092,0.1,2.7755575615628914e-17,0.0,1.0,0.187203013571873
1292,0.91,0.010000000000000009,0.18747946621537134,0.0062613128539991065,0.0011057508670178034,0.7486348549134599,0.7322085103638872,0.1,2.7755575615628914e-17,0.0,1.0,0.18649994847454104
1293,0.91,0.010000000000000009,0.18757549277609747,0.006184853798691327,0.0011145777825834363,0.7485671816309595,0.7321369664043251,0.1,2.7755575615628914e-17,0.0,1.0,0.1873738131155387
1294,0.9,0.0,0.18768600258364412,0.0061069219202500935,0.0011292073248264029,0.8090455086250655,0.8090455086250655,0.1,2.7755575615628914e-17,0.0,0.0,0.18882213779759238
1295,0.9,0.0,0.18780311224959398,0.006027437229339256,0.0011358738484660044,0.8089491230719755,0.8089491230719755,0.1,2.7755575615628914e-17,0.0,1.0,0.18948212363791295
1296,0.91,0.010000000000000009,0.18789566603869276,0.005943152598117396,0.0011180255025554267,0.7483416326893477,0.7318985244029032,0.1,2.7755575615628914e-17,0.0,1.0,0.18702653595280472
1297,0.91,0.010000000000000009,0.187945994088489,0.00591419947142468,0.001075547888206988,0.7483061910020773,0.7318610578185373,0.1,2.7755575615628914e-17,0.0,1.0,0.18702653595280472
1298,0.91,0.010000000000000009,0.18795426930008027,0.005912327931935169,0.001075547888206988,0.7483003638085233,0.7318548977262324,0.1,2.7755575615628914e-17,0.0,1.0,0.18702653595280472
1299,0.91,0.010000000000000009,0.18796254451167155,0.0059104442137142155,0.001075547888206988,0.7482945367057232,0.7318487377376258,0.1,2.7755575615628914e-17,0.0,1.0,0.18702653595280472
1300,0.91,0.010000000000000009,0.18797081972326282,0.005908548305113629,0.001075547888206988,0.7482887096936753,0.731842577852715,0.1,2.7755575615628914e-17,0.0,1.0,0.18702653595280472
1301,0.91,0.010000000000000009,0.18797909493485412,0.0059066401943948365,0.001075547888206988,0.7482828827723772,0.7318364180714975,0.1,2.7755575615628914e-17,0.0,1.0,0.18702653595280472
1302,0.91,0.010000000000000009,0.18798737014644545,0.005904719869728492,0.0010317543781105684,0.7482770559418267,0.7318302583939704,0.1,2.7755575615628914e-17,0.0,1.0,0.18702653595280472
1303,0.92,0.020000000000000018,0.1879631387466686,0.005934696926869307,0.001098357664959657,0.696198029228254,0.6622037220026233,0.1,2.7755575615628914e-17,0.0,1.0,0.1794403173164449
1304,0.92,0.020000000000000018,0.18791131781963868,0.006001316647927586,0.0010689864310716687,0.6962296167462932,0.662238627613471,0.1,2.7755575615628914e-17,0.0,1.0,0.17767385782944428
1305,0.92,0.020000000000000018,0.18790623900902798,0.0060097574429842145,0.0010689864310716687,0.6962327126965819,0.6622420488036619,0.1,2.7755575615628914e-17,0.0,1.0,0.17767385782944428
1306,0.92,0.020000000000000018,0.18790116019841727,0.006018182113369543,0.0010681369877437695,0.6962358086744045,0.6622454700292013,0.1,2.7755575615628914e-17,0.0,1.0,0.17767385782944428
1307,0.92,0.020000000000000018,0.18788664551981377,0.006043505823349525,0.0010785176108623023,0.6962446567881488,0.662255247708004,0.1,2.7755575615628914e-17,0.0,1.0,0.17664617614070954
1308,0.93,0.030000000000000027,0.18787213084121035,0.0060686891477689155,0.0010664481178526135,0.6509321275838024,0.5992421758877692,0.1,2.7755575615628914e-17,0.0,1.0,0.17664617614070954
1309,0.92,0.020000000000000018,0.18787455121704746,0.00606436047378295,0.0010714847404394903,0.6962520296182764,0.6622633951435641,0.1,2.7755575615628914e-17,0.0,0.0,0.17714480177681036
1310,0.93,0.030000000000000027,0.1878769715928846,0.006060027741130838,0.0010473959368437287,0.6509295482500589,0.5992392251623576,0.1,2.7755575615628914e-17,0.0,1.0,0.17714480177681036
1311,0.93,0.030000000000000027,0.18785554405316185,0.006094053751654062,0.0010465464935158297,0.6509409658005538,0.59925228673978,0.1,2.7755575615628914e-17,0.0,1.0,0.17714480177681036
1312,0.92,0.020000000000000018,0.18783495746233378,0.0061266370780021645,0.0010465464935158297,0.6962761675322123,0.6622900692340904,0.1,2.7755575615628914e-17,0.0,0.0,0.17714480177681036
1313,0.92,0.020000000000000018,0.18783923105252215,0.006120760983807747,0.0010716577874718034,0.696273562102565,0.6622871900369001,0.1,2.7755575615628914e-17,0.0,1.0,0.17963081987845175
1314,0.92,0.020000000000000018,0.1878435046427105,0.006114876256238491,0.0010716577874718034,0.6962709566924162,0.6622843108647433,0.1,2.7755575615628914e-17,0.0,1.0,0.17963081987845175
1315,0.92,0.020000000000000018,0.18786382922572667,0.006089449633065946,0.0010835554364819209,0.6962585660016805,0.6622706182768485,0.1,2.7755575615628914e-17,0.0,1.0,0.1812359191612325
1316,0.92,0.020000000000000018,0.18788842612905066,0.006057576985436387,0.0010835554364819209,0.6962435713208676,0.6622540482015469,0.1,2.7755575615628914e-17,0.0,1.0,0.1812359191612325
1317,0.92,0.020000000000000018,0.18791302303237462,0.0060254353386310555,0.0010835554364819209,0.696228577285894,0.6622374789553942,0.1,2.7755575615628914e-17,0.0,1.0,0.1812359191612325
1318,0.92,0.020000000000000018,0.18793761993569852,0.005993020364578534,0.0010835554364819209,0.6962135838967183,0.6622209105383283,0.1,2.7755575615628914e-17,0.0,1.0,0.1812359191612325
1319,0.92,0.020000000000000018,0.1879622168390225,0.005960327603846609,0.0010799700816335792,0.6961985911532983,0.662204342950287,0.1,2.7755575615628914e-17,0.0,1.0,0.1812359191612325
1320,0.92,0.020000000000000018,0.18796580736679525,0.005954684495043752,0.0011047739976447735,0.6961964026447506,0.6622019245694556,0.1,2.7755575615628914e-17,0.0,1.0,0.17878033147612427
1321,0.92,0.020000000000000018,0.18799395377141903,0.005916029825236081,0.0010979364941382996,0.6961792472460235,0.6621829673206906,0.1,2.7755575615628914e-17,0.0,1.0,0.1812359191612325
1322,0.93,0.030000000000000027,0.1880654203479055,0.005804227577268713,0.0010637665652055224,0.6508291515823703,0.5991243770442516,0.1,2.7755575615628914e-17,0.0,1.0,0.18243543581524713
1323,0.94,0.039999999999999925,0.1881321144110313,0.0057477297093272775,0.0010250029399359948,0.6110282954383905,0.5420733859303575,0.1,2.7755575615628914e-17,0.0,1.0,0.18654052409754185
1324,0.94,0.039999999999999925,0.18813875591328766,0.005747741778420248,0.0009703081491808871,0.6110251771821945,0.5420697247392695,0.1,2.7755575615628914e-17,0.0,1.0,0.18847795519457244
1325,0.94,0.039999999999999925,0.1880718752617261,0.00570433069138104,0.0009703081491808871,0.6110565798154937,0.5421065955912714,0.1,2.7755575615628914e-17,0.0,1.0,0.18847795519457244
1326,0.94,0.039999999999999925,0.18800499461016457,0.0056597964343922495,0.0009703081491808871,0.6110879856767322,0.5421434714594259,0.1,2.7755575615628914e-17,0.0,1.0,0.18847795519457244
1327,0.94,0.039999999999999925,0.18791873964763273,0.005615558707951637,0.0009898781602620042,0.6111284941067293,0.5421910371155506,0.1,2.7755575615628914e-17,0.0,1.0,0.18654052409754185
1328,0.94,0.039999999999999925,0.18787813368029702,0.00557755945994215,0.0010359882564197295,0.6111475659874781,0.5422134323339356,0.1,2.7755575615628914e-17,0.0,1.0,0.19110542361715666
1329,0.94,0.039999999999999925,0.18783752771296136,0.005539001874594584,0.0010075149898640522,0.611166639058641,0.5422358294024675,0.1,2.7755575615628914e-17,0.0,1.0,0.19110542361715666
1330,0.94,0.039999999999999925,0.18779458388028508,0.005476457158667992,0.0010196974579552696,0.6111868115462822,0.5422595179826571,0.1,2.7755575615628914e-17,0.0,1.0,0.1936904904721104
1331,0.94,0.039999999999999925,0.1877442666114913,0.005392398682299281,0.0010261788610074743,0.6112104493349854,0.542287276514527,0.1,2.7755575615628914e-17,0.0,1.0,0.19433214937427867
1332,0.94,0.039999999999999925,0.18769394934269748,0.005306531864779709,0.0010174975649093626,0.611234088952153,0.5423150378884883,0.1,2.7755575615628914e-17,0.0,1.0,0.19433214937427867
1333,0.94,0.039999999999999925,0.18765222655704078,0.005237321086457866,0.0010174975649093626,0.6112536921715791,0.5423380596134684,0.1,2.7755575615628914e-17,0.0,1.0,0.19433214937427867
1334,0.94,0.039999999999999925,0.1876105037713841,0.005166846457144247,0.0010174975649093626,0.6112732966484563,0.5423610832931142,0.1,2.7755575615628914e-17,0.0,1.0,0.19433214937427867
1335,0.94,0.039999999999999925,0.1875687809857274,0.005095055532481077,0.0009071422454860756,0.6112929023829059,0.5423841089276749,0.1,2.7755575615628914e-17,0.0,1.0,0.19433214937427867
1336,0.94,0.039999999999999925,0.18763630996629976,0.005139305511366593,0.0009071422454860756,0.6112611708247987,0.5423468425568513,0.1,2.7755575615628914e-17,0.0,1.0,0.19433214937427867
1337,0.94,0.039999999999999925,0.18770383894687215,0.005182297856436447,0.0009071422454860756,0.6112294425608227,0.542309581306705,0.1,2.7755575615628914e-17,0.0,1.0,0.19433214937427867
1338,0.94,0.039999999999999925,0.18776495133842283,0.0052163896607228324,0.0009136236485382804,0.6112007319486398,0.5422758650254942,0.1,2.7755575615628914e-17,0.0,1.0,0.1936904904721104
1339,0.94,0.039999999999999925,0.18780093555226574,0.005227384437257298,0.0008712764819692599,0.6111838278203288,0.54225601415725,0.1,2.7755575615628914e-17,0.0,1.0,0.19117767270133879
1340,0.94,0.039999999999999925,0.1877698678934977,0.005197908067514433,0.0008712764819692604,0.6111984222674339,0.5422731526980245,0.1,2.7755575615628914e-17,0.0,1.0,0.19117767270133873
1341,0.94,0.039999999999999925,0.1877271578070236,0.005161624116587862,0.0008830365099551411,0.6112184870380231,0.5422967155775646,0.1,2.7755575615628914e-17,0.0,1.0,0.19001342993073655
1342,0.94,0.039999999999999925,0.18768444772054949,0.005124727354755373,0.0008815176523820222,0.6112385531260508,0.5423202805049048,0.1,2.7755575615628914e-17,0.0,1.0,0.19001342993073655
1343,0.94,0.039999999999999925,0.1877123231999181,0.0051671394767682614,0.0009512973461652297,0.6112254564960261,0.5423049002138737,0.1,2.7755575615628914e-17,0.0,1.0,0.1969216196152741
1344,0.93,0.030000000000000027,0.1877401986792868,0.005209057131523507,0.0009512973461652297,0.6510024338510095,0.5993226075600256,0.1,2.7755575615628914e-17,0.0,0.0,0.1969216196152741
1345,0.93,0.030000000000000027,0.1878023816188633,0.005320926697077122,0.0009772700502770873,0.6509692948504197,0.5992846954040715,0.1,2.7755575615628914e-17,0.0,1.0,0.20035236563606107
1346,0.93,0.030000000000000027,0.18785597007530272,0.005419159110995933,0.0009729545752187122,0.650940738793021,0.5992520270440741,0.1,2.7755575615628914e-17,0.0,1.0,0.20035236563606107
1347,0.93,0.030000000000000027,0.18790528621143426,0.005509463962126411,0.0009729545752187122,0.6509144615705733,0.5992219663041479,0.1,2.7755575615628914e-17,0.0,1.0,0.20035236563606107
1348,0.93,0.030000000000000027,0.18792875167901638,0.00554629724928366,0.0009282580605640706,0.6509019591600921,0.5992076639448588,0.1,2.7755575615628914e-17,0.0,1.0,0.19776729878110733
1349,0.93,0.030000000000000027,0.18802231736465608,0.0056319007180143715,0.0009282580605640706,0.6508521121006702,0.5991506418223139,0.1,2.7755575615628914e-17,0.0,1.0,0.19776729878110733
1350,0.93,0.030000000000000027,0.18814173371884532,0.005763925545167548,0.0009462770564367227,0.6507885042031033,0.5990778811826698,0.1,2.7755575615628914e-17,0.0,1.0,0.20035236563606107
1351,0.93,0.030000000000000027,0.18826916193567014,0.005890226039678491,0.0009462770564367227,0.6507206424453932,0.5990002583857873,0.1,2.7755575615628914e-17,0.0,1.0,0.20035236563606107
1352,0.94,0.039999999999999925,0.188396590152495,0.0060111739291000225,0.0009381842658957006,0.6109041458512595,0.5419276293882235,0.1,2.7755575615628914e-17,0.0,1.0,0.20035236563606107
1353,0.94,0.039999999999999925,0.18851600650668424,0.00612775288461962,0.0009381842658957006,0.610848106234833,0.541861842929999,0.1,2.7755575615628914e-17,0.0,1.0,0.20035236563606107
1354,0.94,0.039999999999999925,0.18859675161051112,0.006178819606730234,0.0009772461349485558,0.6108102200593952,0.5418173695102846,0.1,2.7755575615628914e-17,0.0,1.0,0.19648524059982841
1355,0.94,0.039999999999999925,0.1886560098359429,0.006205111387238606,0.0009989500525193443,0.6107824186696508,0.5417847354460018,0.1,2.7755575615628914e-17,0.0,1.0,0.19433655276032036
1356,0.94,0.039999999999999925,0.18871526806137473,0.0062307286772094175,0.0009889977325264316,0.6107546198105845,0.5417521053126302,0.1,2.7755575615628914e-17,0.0,1.0,0.19433655276032036
1357,0.94,0.039999999999999925,0.18878437908359957,0.006254322956150622,0.0009846822574680568,0.6107222020636429,0.5417140547693011,0.1,2.7755575615628914e-17,0.0,1.0,0.19433655276032036
1358,0.94,0.039999999999999925,0.18885776242613214,0.006275948785178561,0.0009661230182840387,0.6106877840761421,0.5416736578596015,0.1,2.7755575615628914e-17,0.0,1.0,0.19433655276032036
1359,0.94,0.039999999999999925,0.18891277212187257,0.006299577255945984,0.0009519594142682767,0.610661986173273,0.5416433794379583,0.1,2.7755575615628914e-17,0.0,1.0,0.19433655276032036
1360,0.94,0.039999999999999925,0.18895375984963741,0.006321361492242151,0.0009519594142682767,0.6106427655712218,0.5416208211847054,0.1,2.7755575615628914e-17,0.0,1.0,0.19433655276032036
1361,0.94,0.039999999999999925,0.18899474757740223,0.006342806054099181,0.0009519594142682767,0.6106235461790704,0.5415982648103774,0.1,2.7755575615628914e-17,0.0,1.0,0.19433655276032036
1362,0.94,0.039999999999999925,0.18902374013862694,0.006355035980877153,0.0009168212817523913,0.6106099521232069,0.5415823107528858,0.1,2.7755575615628914e-17,0.0,1.0,0.19313703610630578
1363,0.94,0.039999999999999925,0.1892962893443263,0.006771425439943986,0.0011112681569402595,0.6104821886120398,0.5414323780226313,0.1,2.7755575615628914e-17,0.0,1.0,0.21281450878068386
1364,0.94,0.039999999999999925,0.18956456622971785,0.007155541251270114,0.0011112681569402595,0.6103564800510995,0.5412848766007828,0.1,2.7755575615628914e-17,0.0,1.0,0.21281450878068386
1365,0.95,0.04999999999999993,0.1898328431151094,0.007510485585770415,0.001101315836947347,0.5751343523208768,0.4896414180589986,0.1,2.7755575615628914e-17,0.0,1.0,0.21281450878068386
1366,0.95,0.04999999999999993,0.19009126720370795,0.007844765246704544,0.0010947264398608184,0.5750268753329814,0.48951299362885436,0.1,2.7755575615628914e-17,0.0,1.0,0.21281450878068386
1367,0.95,0.04999999999999993,0.19034316778919083,0.008159625793435215,0.00108813704277429,0.5749221500836919,0.4893878758892312,0.1,2.7755575615628914e-17,0.0,1.0,0.21281450878068386
1368,0.95,0.04999999999999993,0.19056512537450165,0.008364226008361807,0.001124971894580081,0.5748299049577467,0.48927768368060753,0.1,2.7755575615628914e-17,0.0,1.0,0.20916785845191055
1369,0.95,0.04999999999999993,0.19074939618178438,0.008485146706352883,0.001163039347133697,0.5747533448666557,0.48918623899720765,0.1,2.7755575615628914e-17,0.0,1.0,0.20539918064910256
1370,0.95,0.04999999999999993,0.19092793217287352,0.008590959368805185,0.0011006001101556083,0.5746791869028599,0.4890976728220357,0.1,2.7755575615628914e-17,0.0,1.0,0.20482569902974457
1371,0.95,0.04999999999999993,0.1910389185031608,0.008697435981089588,0.0010940107130690793,0.5746330964857662,0.48904263210394483,0.1,2.7755575615628914e-17,0.0,1.0,0.20482569902974457
1372,0.95,0.04999999999999993,0.1911433813303324,0.008799070637267632,0.0010940107130690793,0.5745897219033874,0.4889908378597209,0.1,2.7755575615628914e-17,0.0,1.0,0.20482569902974457
1373,0.95,0.04999999999999993,0.191247844157504,0.008898318411339172,0.0010837989540344152,0.5745463538685339,0.4889390545853368,0.1,2.7755575615628914e-17,0.0,1.0,0.20482569902974457
1374,0.95,0.04999999999999993,0.1913421973432313,0.008991281520746047,0.0010735871949997511,0.574507188506075,0.4888922921877884,0.1,2.7755575615628914e-17,0.0,1.0,0.20482569902974457
1375,0.95,0.04999999999999993,0.19144666017040293,0.009086145062108177,0.0010610697144249768,0.5744638329285245,0.48884052978182496,0.1,2.7755575615628914e-17,0.0,1.0,0.20482569902974457
1376,0.95,0.04999999999999993,0.19158068126388322,0.009208157909274308,0.0010532729017546456,0.5744082192610145,0.48877413700034616,0.1,2.7755575615628914e-17,0.0,1.0,0.20654229508370925
1377,0.95,0.04999999999999993,0.1917395871624468,0.00932709975896604,0.001053272901754646,0.5743422932947524,0.4886954398864763,0.1,2.7755575615628914e-17,0.0,1.0,0.2065422950837093
1378,0.95,0.04999999999999993,0.1918984930610104,0.00944186981355288,0.0010437431275174861,0.5742763824596605,0.4886167681104395,0.1,2.7755575615628914e-17,0.0,1.0,0.20654229508370925
1379,0.95,0.04999999999999993,0.1920668334360687,0.009550759402073243,0.0010437431275174861,0.5742065749011066,0.48853345310095464,0.1,2.7755575615628914e-17,0.0,1.0,0.20654229508370925
1380,0.95,0.04999999999999993,0.192235173811127,0.009655486925720021,0.0010437431275174861,0.5741367843117442,0.48845016649903944,0.1,2.7755575615628914e-17,0.0,1.0,0.20654229508370925
1381,0.95,0.04999999999999993,0.19238416931990954,0.00973001520734688,0.0010632833964829272,0.5740750278725009,0.4883764744796441,0.1,2.7755575615628914e-17,0.0,1.0,0.20460780845613058
1382,0.95,0.04999999999999993,0.1925093990097493,0.009775252108602219,0.0010649256898595137,0.5740231322893435,0.4883145540456455,0.1,2.7755575615628914e-17,0.0,1.0,0.20223122656184522
1383,0.95,0.04999999999999993,0.19274181053437087,0.009928338199756078,0.0011508265850937059,0.573926845072269,0.48819967862884933,0.1,2.7755575615628914e-17,0.0,1.0,0.21073541519003025
1384,0.95,0.04999999999999993,0.1929808219173957,0.0100855822723144,0.0011574931087333076,0.5738278572445824,0.48808159742008306,0.1,2.7755575615628914e-17,0.0,1.0,0.21139540103035082
1385,0.95,0.04999999999999993,0.19321983330042047,0.010234832057834577,0.0011574931087333076,0.5737289035567881,0.4879635733182788,0.1,2.7755575615628914e-17,0.0,1.0,0.21139540103035082
1386,0.95,0.04999999999999993,0.1934588446834453,0.010376432520384997,0.0011574931087333076,0.5736299839912272,0.48784560628201895,0.1,2.7755575615628914e-17,0.0,1.0,0.21139540103035082
1387,0.95,0.04999999999999993,0.1937082785065236,0.010528737857268067,0.0011680208259591113,0.5735267872612043,0.4877225559287149,0.1,2.7755575615628914e-17,0.0,1.0,0.2124376450357054
1388,0.96,0.05999999999999994,0.19393836746332618,0.010641236766802372,0.0011804594272747356,0.5423325625179901,0.4412069624801458,0.1,2.7755575615628914e-17,0.0,1.0,0.2105031584081266
1389,0.96,0.05999999999999994,0.1941614257691554,0.010751766950066003,0.0011704158489582687,0.5422500711055542,0.44110748909013103,0.1,2.7755575615628914e-17,0.0,1.0,0.2105031584081266
1390,0.96,0.05999999999999994,0.1944087858274327,0.010872696946936471,0.0011849194953368338,0.542158621759837,0.44099723071219604,0.1,2.7755575615628914e-17,0.0,1.0,0.21193901939960458
1391,0.96,0.05999999999999994,0.1946368010194342,0.010957946416265506,0.0011973580966524583,0.5420743515543027,0.44089564393445835,0.1,2.7755575615628914e-17,0.0,1.0,0.2100045327720258
1392,0.96,0.05999999999999994,0.19487184686240905,0.011032720934215144,0.0011885311810868257,0.5419875103666769,0.44079097379413634,0.1,2.7755575615628914e-17,0.0,1.0,0.2100045327720258
1393,0.96,0.05999999999999994,0.19509815405897396,0.011108442419743242,0.001173901638843859,0.5419039240898074,0.44069024208036117,0.1,2.7755575615628914e-17,0.0,1.0,0.2100045327720258
1394,0.97,0.06999999999999995,0.19530997800871827,0.011188419954100031,0.0011672351152042573,0.5139771092936176,0.3986677458762592,0.1,2.7755575615628914e-17,0.0,1.0,0.2100045327720258
1395,0.97,0.06999999999999995,0.1955152021000594,0.011267576699223408,0.001142431199193063,0.5139089408569506,0.39858516266827404,0.1,2.7755575615628914e-17,0.0,1.0,0.2100045327720258
1396,0.97,0.06999999999999995,0.1957449820682516,0.011326266743403155,0.001142431199193063,0.513832637250293,0.39849273864189905,0.1,2.7755575615628914e-17,0.0,1.0,0.2100045327720258
1397,0.97,0.06999999999999995,0.1959254054976613,0.011329651504891519,0.0011922862888723708,0.5137727394713956,0.3984201972522707,0.1,2.7755575615628914e-17,0.0,1.0,0.20506887889377434
1398,0.97,0.06999999999999995,0.19608098419287878,0.011313192410060196,0.0012173819799756297,0.5137211009701944,0.39835766618667734,0.1,2.7755575615628914e-17,0.0,1.0,0.2025844054745517
1399,0.97,0.06999999999999995,0.19623656288809627,0.01129456649593004,0.0012173819799756297,0.5136694728481616,0.3982951547461965,0.1,2.7755575615628914e-17,0.0,1.0,0.2025844054745517
1400,0.97,0.06999999999999995,0.19639214158331378,0.011273763022793943,0.0012173819799756297,0.5136178551021677,0.39823266292159043,0.1,2.7755575615628914e-17,0.0,1.0,0.2025844054745517
1401,0.97,0.06999999999999995,0.19656706514480704,0.011262789596429441,0.001236922248941072,0.5135598315231443,0.3981624241932629,0.1,2.7755575615628914e-17,0.0,1.0,0.20451889210213048
1402,0.97,0.06999999999999995,0.19674198870630025,0.0112490857312064,0.0011602937778667302,0.5135018210525258,0.3980922102374336,0.1,2.7755575615628914e-17,0.0,1.0,0.20451889210213048
1403,0.97,0.06999999999999995,0.19701223162049022,0.011154403329127342,0.00116210445611231,0.5134122252732392,0.397983783959114,0.1,2.7755575615628914e-17,0.0,1.0,0.20646460873544348
1404,0.97,0.06999999999999995,0.19728079426327444,0.011007908407173785,0.0011816447250777523,0.5133232175366508,0.39787609033310706,0.1,2.7755575615628914e-17,0.0,1.0,0.2045301221078647
1405,0.97,0.06999999999999995,0.19751672795260178,0.0108366498362016,0.0012146032639230846,0.5132450492347964,0.39778152899860575,0.1,2.7755575615628914e-17,0.0,1.0,0.2012672267621768
1406,0.97,0.06999999999999995,0.1977526616419291,0.010657419126254248,0.001204222640804552,0.5131669047360855,0.39768701260131745,0.1,2.7755575615628914e-17,0.0,1.0,0.2012672267621768
1407,0.97,0.06999999999999995,0.19801020944925166,0.01045349131835915,0.0012156744601054597,0.5130816285039523,0.39758388872686673,0.1,2.7755575615628914e-17,0.0,1.0,0.20240095687296666
1408,0.97,0.06999999999999995,0.198281688887914,0.010245589132826968,0.0012247101924071943,0.512991770069755,0.3974752444173932,0.1,2.7755575615628914e-17,0.0,1.0,0.2037941200069392
1409,0.98,0.07999999999999996,0.19854115839298536,0.010033367300458191,0.001231804815871721,0.487882152056092,0.35955656757362026,0.1,2.7755575615628914e-17,0.0,1.0,0.20309175228395104
1410,0.98,0.07999999999999996,0.19880062789805675,0.009809697918130876,0.001231804815871721,0.4878044965784298,0.35946271028129784,0.1,2.7755575615628914e-17,0.0,1.0,0.20309175228395104
1411,0.98,0.07999999999999996,0.19903144580871468,0.009565954319742227,0.0012607458203297572,0.48773543688318877,0.3593792582359625,0.1,2.7755575615628914e-17,0.0,1.0,0.20022659284260547
1412,0.99,0.08999999999999997,0.19925092641826475,0.009309623846322578,0.0012470863456746908,0.4649934611583401,0.3251080310194434,0.1,2.7755575615628914e-17,0.0,1.0,0.19909286273181565
1413,0.99,0.08999999999999997,0.1994455468467984,0.009098460478771614,0.0012470863456746908,0.4649405487248057,0.32504441757531216,0.1,2.7755575615628914e-17,0.0,1.0,0.19909286273181565
1414,0.99,0.08999999999999997,0.19964016727533207,0.00887801305389414,0.0012308732216061984,0.4648876483319012,0.32498082902062225,0.1,2.7755575615628914e-17,0.0,1.0,0.19909286273181565
1415,0.99,0.08999999999999997,0.19981873671103792,0.008683493575625343,0.0012308732216061984,0.4648391213985318,0.3249225067076558,0.1,2.7755575615628914e-17,0.0,1.0,0.19909286273181565
1416,0.99,0.08999999999999997,0.19999730614674377,0.008480756539601987,0.0012308732216061984,0.46479060459499677,0.3248642053244277,0.1,2.7755575615628914e-17,0.0,1.0,0.19909286273181565
1417,0.99,0.08999999999999997,0.20017474784766925,0.008269352865408915,0.0012320123476469175,0.46474240422470814,0.3248062928576476,0.1,2.7755575615628914e-17,0.0,1.0,0.19898008925378446
1418,0.99,0.08999999999999997,0.20036034096060493,0.008047508932797178,0.0012402460971521628,0.46469200029531293,0.3247457420650986,0.1,2.7755575615628914e-17,0.0,1.0,0.19979523045480374
1419,0.99,0.08999999999999997,0.20054593407354065,0.007814967282536488,0.0012154421811409685,0.4646416072979119,0.3246852138442497,0.1,2.7755575615628914e-17,0.0,1.0,0.19979523045480374
1420,0.99,0.08999999999999997,0.20075608306332743,0.007503184125699742,0.0011906382651297742,0.46458455998170634,0.3246167043505827,0.1,2.7755575615628914e-17,0.0,1.0,0.19979523045480374
1421,0.99,0.08999999999999997,0.20094167617626316,0.007243078876437147,0.0011785219352912425,0.4645341902828345,0.3245562242174728,0.1,2.7755575615628914e-17,0.0,1.0,0.19979523045480374
1422,0.99,0.08999999999999997,0.20111527412265873,0.007001456235542913,0.0011370563970862454,0.4644870859395745,0.32449967340287633,0.1,2.7755575615628914e-17,0.0,1.0,0.19979523045480374
1423,0.99,0.08999999999999997,0.20123773243609008,0.006850941440343832,0.0011276770427134195,0.4644538636515189,0.324459793554277,0.1,2.7755575615628914e-17,0.0,1.0,0.1987863554406829
1424,0.99,0.08999999999999997,0.20131255278386198,0.006751312986171352,0.0011562261888641396,0.4644335676285447,0.32443543233819233,0.1,2.7755575615628914e-17,0.0,1.0,0.19595998997176162
1425,0.99,0.08999999999999997,0.20135984565957138,0.006677400839645525,0.0011840317161999961,0.4644207397165479,0.32442003584747026,0.1,2.7755575615628914e-17,0.0,1.0,0.19320724276551182
1426,0.99,0.08999999999999997,0.20143595918971635,0.006572689201116777,0.0011935734772759953,0.46440009586091013,0.32439525968114596,0.1,2.7755575615628914e-17,0.0,1.0,0.19608930820906634
1427,0.99,0.08999999999999997,0.20153144703083156,0.006423258698504465,0.0011474633811182707,0.4643741998124097,0.32436418221938423,0.1,2.7755575615628914e-17,0.0,1.0,0.19608930820906628
1428,0.99,0.08999999999999997,0.20159123204421975,0.006353382008342201,0.0011575100149253663,0.46435798774592935,0.324344727626793,0.1,2.7755575615628914e-17,0.0,1.0,0.19708392495596877
1429,0.99,0.08999999999999997,0.20165101705760788,0.0062821592692551085,0.0011313982285116922,0.4643417768113893,0.3243252753677423,0.1,2.7755575615628914e-17,0.0,1.0,0.19708392495596877
1430,0.99,0.08999999999999997,0.2016451984812987,0.006289794485854178,0.0011650712912652786,0.4643433544908425,0.3243271684563234,0.1,2.7755575615628914e-17,0.0,1.0,0.19310863284119545
1431,0.99,0.08999999999999997,0.20162347833425706,0.006318694516440773,0.001174652080872108,0.46434924390071525,0.32433423535656003,0.1,2.7755575615628914e-17,0.0,1.0,0.19216013467011933
1432,0.99,0.08999999999999997,0.20159459287444847,0.006358437683928001,0.0011818897705357732,0.4643570764139603,0.3243436340510426,0.1,2.7755575615628914e-17,0.0,1.0,0.19144360339341648
1433,0.99,0.08999999999999997,0.20156135627679986,0.0064048302144880526,0.0011862848592629996,0.4643660890984346,0.3243544491842563,0.1,2.7755575615628914e-17,0.0,1.0,0.19100848960942107
1434,0.99,0.08999999999999997,0.20152811967915127,0.006450717869322451,0.0011862848592629996,0.46437510213276917,0.3243652650387483,0.1,2.7755575615628914e-17,0.0,1.0,0.19100848960942107
1435,0.99,0.08999999999999997,0.2014948830815027,0.006496111347562198,0.0011862848592629996,0.46438411551698455,0.32437608161459064,0.1,2.7755575615628914e-17,0.0,1.0,0.19100848960942107
1436,0.99,0.08999999999999997,0.20146164648385412,0.006541020937698505,0.0011862848592629996,0.4643931292511008,0.32438689891185557,0.1,2.7755575615628914e-17,0.0,1.0,0.19100848960942107
1437,0.99,0.08999999999999997,0.20142840988620556,0.006585456539378847,0.0011798034562107947,0.4644021433351387,0.32439771693061525,0.1,2.7755575615628914e-17,0.0,1.0,0.19100848960942107
1438,0.99,0.08999999999999997,0.20140158987757864,0.0066222739248946805,0.001154421458526233,0.46440941743381914,0.32440644697102966,0.1,2.7755575615628914e-17,0.0,1.0,0.19100848960942107
1439,0.98,0.07999999999999996,0.20139391713778879,0.0066345482944391515,0.001160462780617846,0.4870297186112792,0.35852733110323864,0.1,2.7755575615628914e-17,0.0,0.0,0.19041039872235133
1440,0.98,0.07999999999999996,0.20140008051754968,0.006625334604427173,0.0011626786309660213,0.4870278801552137,0.35852511381881647,0.1,2.7755575615628914e-17,0.0,1.0,0.19179401067742285
1441,0.98,0.07999999999999996,0.20144670697945208,0.006561131672894562,0.0011917904031231365,0.48701397253737966,0.3585083407729157,0.1,2.7755575615628914e-17,0.0,1.0,0.19467607612097726
1442,0.98,0.07999999999999996,0.20149333344135453,0.006495959589129316,0.001122010709339929,0.48700006571381776,0.35849156929634396,0.1,2.7755575615628914e-17,0.0,1.0,0.19467607612097726
1443,0.98,0.07999999999999996,0.20140043730639992,0.006625799541925806,0.0011931629315738834,0.4870277737301625,0.35852498546437217,0.1,2.7755575615628914e-17,0.0,1.0,0.1876320061198158
1444,0.99,0.08999999999999997,0.20130624798907226,0.0067544965951338055,0.0011598151761851732,0.46443527782026534,0.32443748501386704,0.1,2.7755575615628914e-17,0.0,1.0,0.18750268788251112
1445,0.99,0.08999999999999997,0.20117775121153678,0.006892241771191559,0.0011598151761851732,0.46447013564437184,0.32447932585139466,0.1,2.7755575615628914e-17,0.0,1.0,0.18750268788251112
1446,0.99,0.08999999999999997,0.20103691180218441,0.007049767971350492,0.0011722824810506923,0.4645083477135351,0.3245251980678914,0.1,2.7755575615628914e-17,0.0,1.0,0.18626842470082472
1447,0.98,0.07999999999999996,0.20087205959749194,0.007253645637131896,0.0011704260434654114,0.487185432288623,0.35871516959884964,0.1,2.7755575615628914e-17,0.0,0.0,0.1838671451668138
1448,0.98,0.07999999999999996,0.2007454006931659,0.007415529081727154,0.0011828933483309305,0.48722324023235647,0.3587607891562685,0.1,2.7755575615628914e-17,0.0,1.0,0.1851014083485002
1449,0.98,0.07999999999999996,0.2006747979838141,0.0074769034501984,0.001213403981083202,0.48724431783378747,0.3587862236281418,0.1,2.7755575615628914e-17,0.0,1.0,0.1907070278459288
1450,0.98,0.07999999999999996,0.20057834460591276,0.007542367449183882,0.001213403981083202,0.487273115793347,0.3588209765762538,0.1,2.7755575615628914e-17,0.0,1.0,0.1907070278459288
1451,0.98,0.07999999999999996,0.20048189122801144,0.007606045080408823,0.001213403981083202,0.4873019171572416,0.35885573625753614,0.1,2.7755575615628914e-17,0.0,1.0,0.1907070278459288
1452,0.98,0.07999999999999996,0.20038543785011012,0.007667980847895799,0.001213403981083202,0.48733072192607524,0.35889050267394607,0.1,2.7755575615628914e-17,0.0,1.0,0.1907070278459288
1453,0.98,0.07999999999999996,0.20027342366641118,0.007749032840002666,0.0011900600976844655,0.4873641780370163,0.3589308864051805,0.1,2.7755575615628914e-17,0.0,1.0,0.18915094726617104
1454,0.98,0.07999999999999996,0.20020008073307466,0.007818933576444356,0.0011683561801136772,0.48738608640612,0.3589573331706751,0.1,2.7755575615628914e-17,0.0,1.0,0.18915094726617104
1455,0.98,0.07999999999999996,0.20014822467813315,0.007874646476079838,0.0011683561801136772,0.48740157758872393,0.35897603432382,0.1,2.7755575615628914e-17,0.0,1.0,0.18915094726617104
1456,0.98,0.07999999999999996,0.20009636862319166,0.007929628860971748,0.0011683561801136772,0.48741706975610916,0.35899473742567195,0.1,2.7755575615628914e-17,0.0,1.0,0.18915094726617104
1457,0.98,0.07999999999999996,0.20004451256825015,0.007983895823556778,0.0011683561801136776,0.48743256290836967,0.3590134424765356,0.1,2.7755575615628914e-17,0.0,1.0,0.1891509472661711
1458,0.98,0.07999999999999996,0.1999855704747192,0.0080473233805868,0.001175513794850524,0.4874501743686649,0.359034705906749,0.1,2.7755575615628914e-17,0.0,1.0,0.18844234340722332
1459,0.98,0.07999999999999996,0.19988087639878416,0.008187024799943652,0.001221727918491024,0.48748145931990994,0.3590724806297912,0.1,2.7755575615628914e-17,0.0,1.0,0.1838671451668138
1460,0.98,0.07999999999999996,0.19976072230151407,0.00835398019990385,0.001237344101657694,0.4875173690236721,0.3591158432882398,0.1,2.7755575615628914e-17,0.0,1.0,0.18232114303331348
1461,0.98,0.07999999999999996,0.19964056820424403,0.008515968604433507,0.001225227771819163,0.4875532840183096,0.3591592164211601,0.1,2.7755575615628914e-17,0.0,1.0,0.18232114303331348
1462,0.98,0.07999999999999996,0.1995324092735141,0.008665257555458236,0.0010264654215729196,0.4875856180902427,0.35919826850944037,0.1,2.7755575615628914e-17,0.0,1.0,0.18232114303331348
1463,0.98,0.07999999999999996,0.19921019567017814,0.008763885053421277,0.0010439199123428524,0.4876819691508313,0.3593146579733509,0.1,2.7755575615628914e-17,0.0,1.0,0.18059314844709012
1464,0.98,0.07999999999999996,0.19884849816200365,0.008939578993394166,0.0010838026445030167,0.4877901724004181,0.35944539963735483,0.1,2.7755575615628914e-17,0.0,1.0,0.17664475796323387
1465,0.98,0.07999999999999996,0.19848680065382918,0.00909751690044313,0.0010838026445030167,0.4878984236753256,0.35957623648035725,0.1,2.7755575615628914e-17,0.0,1.0,0.17664475796323387
1466,0.98,0.07999999999999996,0.19812380996328158,0.009241624658088062,0.001085108889324276,0.4880071102979708,0.359707636900936,0.1,2.7755575615628914e-17,0.0,1.0,0.1765154397259292
1467,0.98,0.07999999999999996,0.19775434881610807,0.009384348343549086,0.001054809852292215,0.488117784040682,0.35984147824285323,0.1,2.7755575615628914e-17,0.0,1.0,0.17586839406332994
1468,0.98,0.07999999999999996,0.19742135417222223,0.009562550733593876,0.001016742399738599,0.48821757709888713,0.35996219456309775,0.1,2.7755575615628914e-17,0.0,1.0,0.17586839406332994
1469,0.98,0.07999999999999996,0.1971260463063645,0.009765449991604187,0.0010109496561087202,0.4883061101897647,0.3600693165569762,0.1,2.7755575615628914e-17,0.0,1.0,0.17586839406332994
1470,0.98,0.07999999999999996,0.1968364732567003,0.009960230532255856,0.0010109496561087202,0.4883929551721243,0.3601744201946607,0.1,2.7755575615628914e-17,0.0,1.0,0.17586839406332994
1471,0.98,0.07999999999999996,0.19650795418593162,0.010229443748682173,0.0010502890713658525,0.48849151774808053,0.3602937340249849,0.1,2.7755575615628914e-17,0.0,1.0,0.17197379195287382
1472,0.98,0.07999999999999996,0.1961759833289024,0.010489484352460245,0.0010537757241543043,0.48859115635118927,0.3604143818254859,0.1,2.7755575615628914e-17,0.0,1.0,0.17162861332681711
1473,0.98,0.07999999999999996,0.19584401247187308,0.010732969544992215,0.0010537757241543043,0.48869083560956555,0.3605351104531911,0.1,2.7755575615628914e-17,0.0,1.0,0.17162861332681711
1474,0.98,0.07999999999999996,0.19548763694171814,0.011016727144078097,0.001078426909129769,0.4887978880158811,0.36066480443738536,0.1,2.7755575615628914e-17,0.0,1.0,0.1691881460142461
1475,0.98,0.07999999999999996,0.19514580220307468,0.011249550071281677,0.0010757752232427884,0.4889006165622872,0.3607892943691064,0.1,2.7755575615628914e-17,0.0,1.0,0.17064222516539967
1476,0.98,0.07999999999999996,0.19478680150389155,0.01145115486232235,0.0010757752232427877,0.4890085503390786,0.3609201283835492,0.1,2.7755575615628914e-17,0.0,1.0,0.17064222516539967
1477,0.98,0.07999999999999996,0.19442780080470848,0.0116382024192517,0.0010757752232427873,0.4891165317831144,0.36105105732181164,0.1,2.7755575615628914e-17,0.0,1.0,0.17064222516539967
1478,0.98,0.07999999999999996,0.19406880010552535,0.011811384356544984,0.0010757752232427873,0.489224560925979,0.36118208128723617,0.1,2.7755575615628914e-17,0.0,1.0,0.17064222516539967
1479,0.98,0.07999999999999996,0.19370979940634225,0.01197130244712609,0.0010757752232427873,0.48933263779928443,0.36131320038331544,0.1,2.7755575615628914e-17,0.0,1.0,0.17064222516539967
1480,0.98,0.07999999999999996,0.19335181872144522,0.012116574516037919,0.0010572652717379942,0.48944045515679213,0.3614440417646724,0.1,2.7755575615628914e-17,0.0,1.0,0.17074422659400385
1481,0.98,0.07999999999999996,0.19301318290282396,0.012269505407879338,0.0010332593940179402,0.4895424899269998,0.3615678998770565,0.1,2.7755575615628914e-17,0.0,1.0,0.17074422659400385
1482,0.97,0.06999999999999995,0.19269831290314554,0.012431852665597676,0.0009473584987837486,0.5148461974174163,0.3997216897429894,0.1,2.7755575615628914e-17,0.0,0.0,0.1707442265940038
1483,0.97,0.06999999999999995,0.19237550505626896,0.012378295928252356,0.0010185748429054316,0.514953822852699,0.3998523467261233,0.1,2.7755575615628914e-17,0.0,1.0,0.17845463050237098
1484,0.97,0.06999999999999995,0.19206195010808005,0.012289344935423017,0.0010345877288557971,0.5150584064237559,0.39997934038820004,0.1,2.7755575615628914e-17,0.0,1.0,0.18003990621145716
1485,0.97,0.06999999999999995,0.19174839515989114,0.012191683820750863,0.0010345877288557971,0.5151630324838465,0.4001064147426327,0.1,2.7755575615628914e-17,0.0,1.0,0.18003990621145716
1486,0.97,0.06999999999999995,0.19143484021170223,0.012085101423547996,0.0010240600116299932,0.515267701058869,0.40023356986635406,0.1,2.7755575615628914e-17,0.0,1.0,0.18003990621145716
1487,0.97,0.06999999999999995,0.19110735269818574,0.011954535659718605,0.0010080653237493973,0.5153770659176328,0.40036646134296777,0.1,2.7755575615628914e-17,0.0,1.0,0.17968889368405738
1488,0.97,0.06999999999999995,0.19079921005094505,0.01184727015897041,0.0010080653237493973,0.515480012935474,0.4004915834564305,0.1,2.7755575615628914e-17,0.0,1.0,0.17968889368405738
1489,0.97,0.06999999999999995,0.190465230250269,0.011757511511736105,0.0010196598121540166,0.5155916383126252,0.40062728515945883,0.1,2.7755575615628914e-17,0.0,1.0,0.1771051783405221
1490,0.97,0.06999999999999995,0.19011689183967817,0.011631483609854939,0.0010001195431885747,0.5157081142563615,0.4007689190230446,0.1,2.7755575615628914e-17,0.0,1.0,0.17710517834052214
1491,0.97,0.06999999999999995,0.18979498433395253,0.011521556707916323,0.0010072771579254201,0.5158157991416503,0.40089989518441055,0.1,2.7755575615628914e-17,0.0,1.0,0.17781378219946986
1492,0.97,0.06999999999999995,0.18944968769802564,0.01142774858432996,0.0010309025419671667,0.5159313581893515,0.4010404830002288,0.1,2.7755575615628914e-17,0.0,1.0,0.17547486917933697
1493,0.97,0.06999999999999995,0.1890780049799358,0.011357391099295374,0.0010575551502125646,0.5160558056397547,0.40119192416614424,0.1,2.7755575615628914e-17,0.0,1.0,0.17283626096304258
1494,0.97,0.06999999999999995,0.1886333192078708,0.011399810191334398,0.0011312956087733566,0.5162047750031378,0.40137326058390144,0.1,2.7755575615628914e-17,0.0,1.0,0.16553595556552417
1495,0.97,0.06999999999999995,0.18816961883886674,0.011463977423048378,0.0011505022723481918,0.516360205868931,0.40156252555123717,0.1,2.7755575615628914e-17,0.0,1.0,0.16363449587161547
1496,0.97,0.06999999999999995,0.1877059184698626,0.011509120220479284,0.0011006471826688843,0.5165157303643523,0.40175196909612465,0.1,2.7755575615628914e-17,0.0,1.0,0.16363449587161547
1497,0.97,0.06999999999999995,0.18731023399289726,0.011585309436845328,0.0010943993231375708,0.5166485165188301,0.4019137663282885,0.1,2.7755575615628914e-17,0.0,1.0,0.16550043119723806
1498,0.97,0.06999999999999995,0.1869393942501241,0.01168355872446332,0.0010943993231375708,0.516773027122107,0.40206552278086954,0.1,2.7755575615628914e-17,0.0,1.0,0.16550043119723806
1499,0.97,0.06999999999999995,0.18656855450735096,0.011769309663649283,0.0010943993231375708,0.516897597753147,0.4022173938785406,0.1,2.7755575615628914e-17,0.0,1.0,0.16550043119723806
