t,cov_w,gap_w,width_mean_w,width_std_w,width_step_mean_w,ces_w,rcs_w,control_state,control_std_w,control_step_mean_w,covered_t,width_t
1,nan,nan,nan,nan,nan,nan,nan,0.1,nan,nan,1.0,0.5699213147802158
2,nan,nan,nan,0.0,0.0,nan,nan,0.1,0.0,0.0,1.0,0.5699213147802158
3,nan,nan,nan,0.0,0.0,nan,nan,0.1,1.3877787807814457e-17,0.0,1.0,0.5699213147802158
4,nan,nan,nan,0.0002997058687753979,0.0002307136853535822,nan,nan,0.1,0.0,0.0,1.0,0.569229173724155
5,nan,nan,nan,0.0009234288069828488,0.0005955487489700539,nan,nan,0.1,0.0,0.0,1.0,0.5675391197843356
6,nan,nan,nan,0.0010697723064309022,0.00047643899917604315,nan,nan,0.1,1.3877787807814457e-17,0.0,1.0,0.5675391197843356
7,nan,nan,nan,0.0013066143926180145,0.0005574842294057136,nan,nan,0.1,1.3877787807814457e-17,0.0,1.0,0.5665764094037815
8,nan,nan,nan,0.0014037381700515961,0.0004778436252048974,nan,nan,0.1,0.0,0.0,1.0,0.5665764094037815
9,nan,nan,nan,0.0014425916811005625,0.0004181131720542852,nan,nan,0.1,0.0,0.0,1.0,0.5665764094037815
10,nan,nan,nan,0.001452661999412875,0.00037165615293714244,nan,nan,0.1,0.0,0.0,1.0,0.5665764094037815
11,nan,nan,nan,0.0014473647911524994,0.00033449053764342815,nan,nan,0.1,0.0,0.0,1.0,0.5665764094037815
12,nan,nan,nan,0.0014335624877473922,0.00030408230694857106,nan,nan,0.1,1.3877787807814457e-17,0.0,1.0,0.5665764094037815
13,nan,nan,nan,0.0014150303894719235,0.0002787421147028568,nan,nan,0.1,1.3877787807814457e-17,0.0,1.0,0.5665764094037815
14,nan,nan,nan,0.0013939492358810304,0.00025730041357186785,nan,nan,0.1,1.3877787807814457e-17,0.0,1.0,0.5665764094037815
15,nan,nan,nan,0.0013716210580976486,0.0002389218126024487,nan,nan,0.1,2.7755575615628914e-17,0.0,1.0,0.5665764094037815
16,nan,nan,nan,0.0013280692876328586,0.0002871743837992232,nan,nan,0.1,0.0,0.0,1.0,0.5675391197843356
17,nan,nan,nan,0.0013476431662496847,0.00037485435605048856,nan,nan,0.1,0.0,0.0,1.0,0.569229173724155
18,nan,nan,nan,0.0013587911287866843,0.00035280409981222453,nan,nan,0.1,1.3877787807814457e-17,0.0,1.0,0.569229173724155
19,nan,nan,nan,0.001363905475761146,0.0003332038720448787,nan,nan,0.1,1.3877787807814457e-17,0.0,1.0,0.569229173724155
20,nan,nan,nan,0.0013307300259288919,0.0004046170335066993,nan,nan,0.1,1.3877787807814457e-17,0.0,1.0,0.5675391197843356
21,nan,nan,nan,0.00132459553229407,0.0004325217008590676,nan,nan,0.1,1.3877787807814457e-17,0.0,1.0,0.5665764094037815
22,nan,nan,nan,0.001316753984657143,0.0004119254293895882,nan,nan,0.1,2.7755575615628914e-17,0.0,1.0,0.5665764094037815
23,nan,nan,nan,0.001307677002339257,0.000393201546235516,nan,nan,0.1,2.7755575615628914e-17,0.0,1.0,0.5665764094037815
24,nan,nan,nan,0.0012977151271772222,0.00037610582683397185,nan,nan,0.1,1.3877787807814457e-17,0.0,1.0,0.5665764094037815
25,nan,nan,nan,0.0012871315312731244,0.00036043475071588965,nan,nan,0.1,1.3877787807814457e-17,0.0,1.0,0.5665764094037815
26,nan,nan,nan,0.0012761253833390004,0.0003460173606872541,nan,nan,0.1,1.3877787807814457e-17,0.0,1.0,0.5665764094037815
27,nan,nan,nan,0.0014121099457684427,0.0004293771890493574,nan,nan,0.1,1.3877787807814457e-17,0.0,1.0,0.5640630365056796
28,nan,nan,nan,0.001394872090291894,0.0005065622153105641,nan,nan,0.1,1.3877787807814457e-17,0.0,1.0,0.5665764094037815
29,nan,nan,nan,0.001370994610149405,0.0005228532212121177,nan,nan,0.1,2.7755575615628914e-17,0.0,1.0,0.5675391197843356
30,nan,nan,nan,0.0013483024205656806,0.0005048237997910103,nan,nan,0.1,2.7755575615628914e-17,0.0,1.0,0.5675391197843356
31,nan,nan,nan,0.0013663054909861566,0.0005443314711252922,nan,nan,0.1,2.7755575615628914e-17,0.0,1.0,0.569229173724155
32,nan,nan,nan,0.0014127502432444532,0.0005490995222522424,nan,nan,0.1,0.0,0.0,1.0,0.5699213147802158
33,nan,nan,nan,0.001611781209629212,0.0006049945950508187,nan,nan,0.1,0.0,0.0,1.0,0.5722590566320225
34,nan,nan,nan,0.0019156854087000875,0.0006393425392382087,nan,nan,0.1,0.0,0.0,1.0,0.5739975333852572
35,nan,nan,nan,0.002184452963428159,0.0006334189106436389,nan,nan,0.1,1.3877787807814457e-17,0.0,1.0,0.57443547255228
36,nan,nan,nan,0.0024505408767575704,0.0006354934828622039,nan,nan,0.1,1.3877787807814457e-17,0.0,1.0,0.5751415014905734
37,nan,nan,nan,0.003001803906119475,0.0007306685050328635,nan,nan,0.1,1.3877787807814457e-17,0.0,1.0,0.5792032957715794
38,nan,nan,nan,0.003449783203985196,0.0007208750054643008,nan,nan,0.1,1.3877787807814457e-17,0.0,1.0,0.5795716047925754
39,nan,nan,nan,0.003840684290994673,0.0007145549121655963,nan,nan,0.1,1.3877787807814457e-17,0.0,1.0,0.5800523162526889
40,nan,nan,nan,0.004159856774484101,0.0006962329913408374,nan,nan,0.1,0.0,0.0,1.0,0.5800523162526889
41,nan,nan,nan,0.004426547402340284,0.0006788271665573165,nan,nan,0.1,1.3877787807814457e-17,0.0,1.0,0.5800523162526889
42,nan,nan,nan,0.004628364231626974,0.0006739950761562483,nan,nan,0.1,2.7755575615628914e-17,0.0,1.0,0.5795716047925754
43,nan,nan,nan,0.004802080524319474,0.0006579475743430043,nan,nan,0.1,2.7755575615628914e-17,0.0,1.0,0.5795716047925754
44,nan,nan,nan,0.004952659130715196,0.0006426464679629345,nan,nan,0.1,4.163336342344337e-17,0.0,1.0,0.5795716047925754
45,nan,nan,nan,0.00508387628732501,0.0006280408664183224,nan,nan,0.1,4.163336342344337e-17,0.0,1.0,0.5795716047925754
46,nan,nan,nan,0.005198683065034607,0.0006140844027201374,nan,nan,0.1,5.551115123125783e-17,0.0,1.0,0.5795716047925754
47,nan,nan,nan,0.0052994351357348885,0.0006007347417914387,nan,nan,0.1,5.551115123125783e-17,0.0,1.0,0.5795716047925754
48,nan,nan,nan,0.005388045606396975,0.0005879531515405571,nan,nan,0.1,1.3877787807814457e-17,0.0,1.0,0.5795716047925754
49,nan,nan,nan,0.005466090507869098,0.0005757041275501288,nan,nan,0.1,1.3877787807814457e-17,0.0,1.0,0.5795716047925754
50,nan,nan,nan,0.005549424387370367,0.0005737655016840757,nan,nan,0.1,2.7755575615628914e-17,0.0,1.0,0.5800523162526889
51,nan,nan,nan,0.0056392294931133175,0.000572896003723149,nan,nan,0.1,2.7755575615628914e-17,0.0,1.0,0.5805826068563267
52,nan,nan,nan,0.0057460941193746735,0.0005788597406125562,nan,nan,0.1,4.163336342344337e-17,0.0,1.0,0.5814596534414096
53,nan,nan,nan,0.005847526019533017,0.0005716073971528316,nan,nan,0.1,4.163336342344337e-17,0.0,1.0,0.5816613913221165
54,nan,nan,nan,0.0058702051543403026,0.0006106162970920803,nan,nan,0.1,4.163336342344337e-17,0.0,1.0,0.5790223122281835
55,nan,nan,nan,0.005860166831613137,0.0006282696017512601,nan,nan,0.1,5.551115123125783e-17,0.0,1.0,0.5774584174794957
56,nan,nan,nan,0.005858001256242743,0.0006268099221316275,nan,nan,0.1,1.3877787807814457e-17,0.0,1.0,0.5780064047021671
57,nan,nan,nan,0.006003397414076087,0.0007215490298611808,nan,nan,0.1,1.3877787807814457e-17,0.0,1.0,0.5839386046571537
58,nan,nan,nan,0.00611215664115157,0.0007214677961249155,nan,nan,0.1,2.7755575615628914e-17,0.0,1.0,0.5832216859502597
59,nan,nan,nan,0.006229773895155746,0.0007206277600650191,nan,nan,0.1,2.7755575615628914e-17,0.0,1.0,0.5838944316549106
60,nan,nan,nan,0.006296100318529852,0.0007338552151696201,nan,nan,0.1,4.163336342344337e-17,0.0,1.0,0.5823933840436741
61,nan,nan,nan,0.006290947615107367,0.0007768543561299709,nan,nan,0.1,4.163336342344337e-17,0.0,1.0,0.5790795803708835
62,nan,nan,nan,0.006244328062454691,0.0008310194875373258,nan,nan,0.1,4.163336342344337e-17,0.0,1.0,0.5749986529989048
63,nan,nan,nan,0.006200689289915004,0.0008824075421979415,nan,nan,0.1,5.551115123125783e-17,0.0,1.0,0.5709815741224094
64,nan,nan,nan,0.006223091053589109,0.0009539840713379932,nan,nan,0.1,1.3877787807814457e-17,0.0,1.0,0.5655898452443882
65,nan,nan,nan,0.006504990838606068,0.0010824741795659107,nan,nan,0.1,1.3877787807814457e-17,0.0,1.0,0.5564124942464634
66,nan,nan,nan,0.006729350055241362,0.0010782634294950087,nan,nan,0.1,2.7755575615628914e-17,0.0,1.0,0.5572212696714207
67,nan,nan,nan,0.006893081319918372,0.0010810093446211428,nan,nan,0.1,2.7755575615628914e-17,0.0,1.0,0.5584807634992406
68,nan,nan,nan,0.007042383480663431,0.0010648748767909766,nan,nan,0.1,2.7755575615628914e-17,0.0,1.0,0.5584807634992406
69,nan,nan,nan,0.007109171250009633,0.001091165227048542,nan,nan,0.1,4.163336342344337e-17,0.0,1.0,0.561333382193546
70,nan,nan,nan,0.007170188342776765,0.0010753512382507368,nan,nan,0.1,4.163336342344337e-17,0.0,1.0,0.561333382193546
71,nan,nan,nan,0.007225932007533067,0.0010599890777042978,nan,nan,0.1,4.163336342344337e-17,0.0,1.0,0.561333382193546
72,nan,nan,nan,0.007224183392406951,0.0010899703267594476,nan,nan,0.1,1.3877787807814457e-17,0.0,1.0,0.5645220399541659
73,nan,nan,nan,0.007192052972243214,0.0011127923925717727,nan,nan,0.1,1.3877787807814457e-17,0.0,1.0,0.5672551990194128
74,nan,nan,nan,0.007160183932208825,0.0010975486611666798,nan,nan,0.1,2.7755575615628914e-17,0.0,1.0,0.5672551990194128
75,nan,nan,nan,0.007144550287973771,0.001105868303500847,nan,nan,0.1,2.7755575615628914e-17,0.0,1.0,0.5655419968255178
76,nan,nan,nan,0.0071284573623561975,0.0010911233927875022,nan,nan,0.1,2.7755575615628914e-17,0.0,1.0,0.5655419968255178
77,nan,nan,nan,0.007111950927424466,0.0010767665060402983,nan,nan,0.1,4.163336342344337e-17,0.0,1.0,0.5655419968255178
78,nan,nan,nan,0.007095072951456164,0.0010627825254423723,nan,nan,0.1,4.163336342344337e-17,0.0,1.0,0.5655419968255178
79,nan,nan,nan,0.00707126069401704,0.0010582750907759313,nan,nan,0.1,4.163336342344337e-17,0.0,1.0,0.5662531994469777
80,nan,nan,nan,0.007047441049985758,0.0010448792035509195,nan,nan,0.1,1.3877787807814457e-17,0.0,1.0,0.5662531994469777
81,nan,nan,nan,0.0070194625469947956,0.001038470687909912,nan,nan,0.1,1.3877787807814457e-17,0.0,1.0,0.566785397399248
82,nan,nan,nan,0.006982482291036519,0.0010449712388741058,nan,nan,0.1,1.3877787807814457e-17,0.0,1.0,0.5683504127152577
83,nan,nan,nan,0.006941738922444008,0.0010480221911600858,nan,nan,0.1,1.3877787807814457e-17,0.0,1.0,0.5696455620415821
84,nan,nan,nan,0.006952220844844478,0.0011141455764993645,nan,nan,0.1,2.7755575615628914e-17,0.0,1.0,0.5631092988672619
85,nan,nan,nan,0.006936811597347876,0.0011271196194823799,nan,nan,0.1,2.7755575615628914e-17,0.0,1.0,0.5653132640543346
86,nan,nan,nan,0.007267856252217453,0.0013013843499123797,nan,nan,0.1,2.7755575615628914e-17,0.0,1.0,0.5493736423483022
87,nan,nan,nan,0.007556810909272168,0.0012909187402056139,nan,nan,0.1,2.7755575615628914e-17,0.0,1.0,0.5497749842634327
88,nan,nan,nan,0.007821879595668588,0.001276080593766469,nan,nan,0.1,1.3877787807814457e-17,0.0,1.0,0.5497749842634327
89,nan,nan,nan,0.009248539286526811,0.0015706756878557861,nan,nan,0.1,2.7755575615628914e-17,0.0,1.0,0.5225745353898064
90,nan,nan,nan,0.010532374215546595,0.0015757723251595107,nan,nan,0.1,2.7755575615628914e-17,0.0,1.0,0.5205502589819191
91,nan,nan,nan,0.011627361133744083,0.0015582637437688495,nan,nan,0.1,2.7755575615628914e-17,0.0,1.0,0.5205502589819191
92,nan,nan,nan,0.012487273639290086,0.0015679982380991371,nan,nan,0.1,2.7755575615628914e-17,0.0,1.0,0.5229943617097441
93,nan,nan,nan,0.01312238493905113,0.0015931623828585933,nan,nan,0.1,4.163336342344337e-17,0.0,1.0,0.5268774612657132
94,nan,nan,nan,0.013773909473208508,0.001600282365287945,nan,nan,0.1,4.163336342344337e-17,0.0,1.0,0.5246221405169249
95,nan,nan,nan,0.014484497445923446,0.0016216883652881678,nan,nan,0.1,4.163336342344337e-17,0.0,1.0,0.521009694151616
96,nan,nan,nan,0.015180249724532096,0.00162041568271377,nan,nan,0.1,1.3877787807814457e-17,0.0,1.0,0.5195089106308957
97,nan,nan,nan,0.015804513103047042,0.0016080004922264916,nan,nan,0.1,1.3877787807814457e-17,0.0,1.0,0.5199374680268307
98,nan,nan,nan,0.016327136291572387,0.0016110158902309952,nan,nan,0.1,1.3877787807814457e-17,0.0,1.0,0.521837962125494
99,nan,nan,nan,0.016777565741149518,0.0016084038921000139,nan,nan,0.1,1.3877787807814457e-17,0.0,1.0,0.5231930021988889
100,1.0,0.09999999999999998,0.5643186268443394,0.017184274079098328,0.0015977460159642862,0.3690501917021624,0.21517714484115874,0.1,2.7755575615628914e-17,0.0,1.0,0.5237462763535519
101,1.0,0.09999999999999998,0.5637753495790527,0.017844649567201325,0.0016800964008330448,0.3691432653976816,0.21526316632302694,0.1,2.7755575615628914e-17,0.0,1.0,0.5155935882515448
102,1.0,0.09999999999999998,0.563232072313766,0.01846546669740333,0.0016800964008330448,0.3692363860510307,0.21534925661010873,0.1,2.7755575615628914e-17,0.0,1.0,0.5155935882515448
103,1.0,0.09999999999999998,0.5626299201148434,0.019204523322081796,0.0017325747069697483,0.36933965309536637,0.21544475699171223,0.1,2.7755575615628914e-17,0.0,1.0,0.5097060948879504
104,1.0,0.09999999999999998,0.5620220772424395,0.01993411448459312,0.0017282429338825627,0.3694439546716191,0.21554124585068926,0.1,2.7755575615628914e-17,0.0,1.0,0.5084448864837623
105,1.0,0.09999999999999998,0.5613714527146351,0.020786962000959985,0.0017885279791337077,0.36955566257459926,0.21564462167252416,0.1,2.7755575615628914e-17,0.0,1.0,0.5024766670038989
106,1.0,0.09999999999999998,0.560697602262624,0.021650380769854552,0.0018022641613571011,0.3696714294506028,0.2157517923783822,0.1,2.7755575615628914e-17,0.0,1.0,0.5001540745832289
107,1.0,0.09999999999999998,0.5600155014307797,0.022511774739737374,0.0018203222256386541,0.3697886876252256,0.21586038378535186,0.1,2.7755575615628914e-17,0.0,1.0,0.49836632621935517
108,1.0,0.09999999999999998,0.5593334005989354,0.02332145993063175,0.0018203222256386541,0.3699060202110206,0.21596908455903105,0.1,2.7755575615628914e-17,0.0,1.0,0.49836632621935517
109,1.0,0.09999999999999998,0.5586512997670912,0.024084651991877353,0.0018203222256386541,0.3700234272788412,0.21607789486472437,0.1,2.7755575615628914e-17,0.0,1.0,0.49836632621935517
110,1.0,0.09999999999999998,0.5578870970657585,0.025015480252997515,0.0019032534069401402,0.3701550547434734,0.21619993255697656,0.1,2.7755575615628914e-17,0.0,1.0,0.49015613927050805
111,1.0,0.09999999999999998,0.5571228943644257,0.025890346298744774,0.0019032534069401402,0.37028677588841674,0.21632210817740094,0.1,2.7755575615628914e-17,0.0,1.0,0.49015613927050805
112,1.0,0.09999999999999998,0.556358691663093,0.026714748718868708,0.0019032534069401402,0.37041859081371636,0.2164444219599614,0.1,2.7755575615628914e-17,0.0,1.0,0.49015613927050805
113,1.0,0.09999999999999998,0.5555030340310085,0.027724987125854327,0.001995632124871222,0.3705662919230677,0.21658153772242777,0.1,2.7755575615628914e-17,0.0,1.0,0.48101064619533096
114,1.0,0.09999999999999998,0.5546243346091995,0.028734190936384286,0.002018906659946473,0.3707180930783325,0.21672252676220052,0.1,2.7755575615628914e-17,0.0,1.0,0.4787064672228811
115,1.0,0.09999999999999998,0.5537456351873904,0.029683131928093687,0.0020091823126681487,0.3708700186541656,0.21686369948205964,0.1,2.7755575615628914e-17,0.0,1.0,0.4787064672228811
116,1.0,0.09999999999999998,0.5528573086617758,0.03057295147936001,0.0019921110607507807,0.3710237353681213,0.21700660597812912,0.1,2.7755575615628914e-17,0.0,1.0,0.4787064672228811
117,1.0,0.09999999999999998,0.5519520815967631,0.03140364659278957,0.0019921110607507807,0.3711805077031822,0.2171524251718396,0.1,2.7755575615628914e-17,0.0,1.0,0.4787064672228811
118,1.0,0.09999999999999998,0.5510468545317504,0.03218747900056609,0.0019921110607507807,0.3713374125793831,0.21729844046589233,0.1,2.7755575615628914e-17,0.0,1.0,0.4787064672228811
119,1.0,0.09999999999999998,0.5501232653489625,0.03296811336187449,0.001993587402545757,0.371497636975061,0.21744762013165872,0.1,2.7755575615628914e-17,0.0,1.0,0.476870255445359
120,1.0,0.09999999999999998,0.5492146706528738,0.03371909667473392,0.001985788361024065,0.37165539510021955,0.21759457786643624,0.1,2.7755575615628914e-17,0.0,1.0,0.47667965017545244
121,1.0,0.09999999999999998,0.5483157030605905,0.03443498700537184,0.001985788361024065,0.3718116136026063,0.2177401741181673,0.1,2.7755575615628914e-17,0.0,1.0,0.47667965017545244
122,1.0,0.09999999999999998,0.5474167354683073,0.03511328657497404,0.001985788361024065,0.3719679634873596,0.21788596534223958,0.1,2.7755575615628914e-17,0.0,1.0,0.47667965017545244
123,1.0,0.09999999999999998,0.5465177678760239,0.03575613475570906,0.001985788361024065,0.37212444492029123,0.21803195193055552,0.1,2.7755575615628914e-17,0.0,1.0,0.47667965017545244
124,1.0,0.09999999999999998,0.5456043926199441,0.03639299686021805,0.002000341556778169,0.3722835691640689,0.21818047872190288,0.1,2.7755575615628914e-17,0.0,1.0,0.47523888379579615
125,1.0,0.09999999999999998,0.5446314539899408,0.03711274172180224,0.0020605065809431917,0.3724532200341135,0.21833891404255512,0.1,2.7755575615628914e-17,0.0,1.0,0.4692825464034589
126,1.0,0.09999999999999998,0.5436585153599374,0.03779375287789049,0.002035118975911859,0.3726230255955916,0.21849757963121558,0.1,2.7755575615628914e-17,0.0,1.0,0.4692825464034589
127,1.0,0.09999999999999998,0.5427107104589151,0.038452877983512934,0.0020097313708805262,0.37278859355463767,0.21865236834450763,0.1,2.7755575615628914e-17,0.0,1.0,0.4692825464034589
128,1.0,0.09999999999999998,0.5417377718289118,0.03906275019172948,0.002000007023602202,0.37295870512465773,0.2188114899969393,0.1,2.7755575615628914e-17,0.0,1.0,0.4692825464034589
129,1.0,0.09999999999999998,0.5407552060951031,0.0396329852329038,0.002000007023602202,0.3731306575627679,0.21897242135727557,0.1,2.7755575615628914e-17,0.0,1.0,0.4692825464034589
130,1.0,0.09999999999999998,0.5397726403612944,0.04017110545602609,0.001982935771684834,0.3733027686311982,0.21913358961527082,0.1,2.7755575615628914e-17,0.0,1.0,0.4692825464034589
131,1.0,0.09999999999999998,0.5387731740880873,0.040666084648170425,0.0019759444478862406,0.3734780030547601,0.21929777361930383,0.1,2.7755575615628914e-17,0.0,1.0,0.4692825464034589
132,1.0,0.09999999999999998,0.5376953243613937,0.041250438228558825,0.002024514775571188,0.37366716476094447,0.21947510975359732,0.1,2.7755575615628914e-17,0.0,1.0,0.4621363421108424
133,1.0,0.09999999999999998,0.5365659928454042,0.04183054395234395,0.0020353426576372813,0.37386556714906805,0.21966122401191754,0.1,2.7755575615628914e-17,0.0,1.0,0.4593259050330645
134,1.0,0.09999999999999998,0.5354192765618823,0.04235715474975624,0.0020309190296875558,0.37406723940885533,0.21985052653948067,0.1,2.7755575615628914e-17,0.0,1.0,0.4593259050330645
135,1.0,0.09999999999999998,0.53426818088669,0.04284253626539828,0.0020237874242502486,0.3742699008099216,0.22004088046181733,0.1,2.7755575615628914e-17,0.0,1.0,0.4593259050330645
136,1.0,0.09999999999999998,0.5331100249221149,0.04328508694854404,0.0019827591991895825,0.3744740269827686,0.22023273488572725,0.1,2.7755575615628914e-17,0.0,1.0,0.4593259050330645
137,1.0,0.09999999999999998,0.5319112510147298,0.0436503924445587,0.001979038906048208,0.37468554675254534,0.22043167055950952,0.1,2.7755575615628914e-17,0.0,1.0,0.4593259050330645
138,1.0,0.09999999999999998,0.5307087940171347,0.043975926244064587,0.0019741832347339302,0.37489795658184627,0.22063157882110349,0.1,2.7755575615628914e-17,0.0,1.0,0.4593259050330645
139,1.0,0.09999999999999998,0.5295015299049385,0.04426095275655311,0.0019741832347339302,0.37511145798615997,0.22083265136568495,0.1,2.7755575615628914e-17,0.0,1.0,0.4593259050330645
140,1.0,0.09999999999999998,0.5282942657927422,0.04451142342746466,0.0019741832347339302,0.3753252027037418,0.22103409073942148,0.1,2.7755575615628914e-17,0.0,1.0,0.4593259050330645
141,1.0,0.09999999999999998,0.5270890122644236,0.044724877197735206,0.0019713584562252714,0.3755388345704506,0.2212355615499652,0.1,2.7755575615628914e-17,0.0,1.0,0.4595269634208208
142,1.0,0.09999999999999998,0.5258811387639141,0.0449217859816034,0.001978860564095898,0.37575317495635097,0.2214378391298539,0.1,2.7755575615628914e-17,0.0,1.0,0.45878425474162876
143,1.0,0.09999999999999998,0.5246473354445296,0.04512410329111886,0.002005052300333398,0.37597236941178885,0.22164484131053297,0.1,2.7755575615628914e-17,0.0,1.0,0.4561912728541162
144,1.0,0.09999999999999998,0.5234075189092434,0.045300883239191375,0.002011126255789485,0.37619288991684324,0.2218532425781899,0.1,2.7755575615628914e-17,0.0,1.0,0.4555899512639636
145,1.0,0.09999999999999998,0.5221677023739574,0.045443162924600655,0.002011126255789485,0.376413669259177,0.2220620361127055,0.1,2.7755575615628914e-17,0.0,1.0,0.4555899512639636
146,1.0,0.09999999999999998,0.5209278858386712,0.04555126563390321,0.002011126255789485,0.37663470789477554,0.22227122302264957,0.1,2.7755575615628914e-17,0.0,1.0,0.4555899512639636
147,1.0,0.09999999999999998,0.5196999893978752,0.045608839171326965,0.0020231667552743863,0.3768538773909541,0.22247878753929828,0.1,2.7755575615628914e-17,0.0,1.0,0.45678196071296884
148,0.99,0.08999999999999997,0.5183084416179338,0.04588291512916432,0.002188471138249496,0.3918804792794807,0.24613757174553727,0.1,2.7755575615628914e-17,0.0,0.0,0.44041682679843297
149,0.98,0.07999999999999996,0.5168607096350165,0.04620988509925838,0.0022403671871127576,0.40816695437577466,0.27232423897744884,0.1,2.7755575615628914e-17,0.0,0.0,0.43479840650085655
150,0.98,0.07999999999999996,0.515343657143328,0.046599000958514825,0.0023001757609852386,0.4084850367785229,0.27263947531372085,0.1,2.7755575615628914e-17,0.0,1.0,0.4283470670838432
151,0.98,0.07999999999999996,0.513899721141818,0.04679182963315586,0.0023705282158983532,0.40878824958684656,0.272940197043041,0.1,2.7755575615628914e-17,0.0,1.0,0.43618900670532446
152,0.98,0.07999999999999996,0.5124565371125065,0.04691127501880047,0.0023781090838198155,0.4090917546119119,0.27324142576910043,0.1,2.7755575615628914e-17,0.0,1.0,0.4371412505102561
153,0.98,0.07999999999999996,0.5109563950545875,0.047072557740847266,0.0024069473250938537,0.4094077161204836,0.2735552486530759,0.1,2.7755575615628914e-17,0.0,1.0,0.4316471855301933
154,0.98,0.07999999999999996,0.5093925659305268,0.04738195180021828,0.0024821381428653116,0.4097376114703017,0.2738831629188592,0.1,2.7755575615628914e-17,0.0,1.0,0.42263939982213117
155,0.98,0.07999999999999996,0.5078319881059076,0.04768343686059724,0.0024891156941975663,0.4100673513671943,0.2742111800690718,0.1,2.7755575615628914e-17,0.0,1.0,0.4214006350175665
156,0.98,0.07999999999999996,0.5062461348951265,0.04795952056994683,0.0024491899511523358,0.4104029759182004,0.2745453157150303,0.1,2.7755575615628914e-17,0.0,1.0,0.4194210836240577
157,0.98,0.07999999999999996,0.5046009596847955,0.04808777088336978,0.0024419483480523957,0.41075173627066575,0.274892812032334,0.1,2.7755575615628914e-17,0.0,1.0,0.4194210836240577
158,0.98,0.07999999999999996,0.5029572131326826,0.04818150042407618,0.0024409514508851042,0.4111007862462675,0.2752408862163344,0.1,2.7755575615628914e-17,0.0,1.0,0.4188470307389687
159,0.98,0.07999999999999996,0.5013052481659087,0.04821012259883732,0.0024272953715941906,0.4114521796052738,0.2755915899327962,0.1,2.7755575615628914e-17,0.0,1.0,0.4186979349775326
160,0.98,0.07999999999999996,0.4996343927251857,0.04826620813210406,0.0024280659911231094,0.4118082027888425,0.27594721427384516,0.1,2.7755575615628914e-17,0.0,1.0,0.415307839971379
161,0.98,0.07999999999999996,0.4979966753211907,0.048321206791108226,0.0023868445025172647,0.41215776339502846,0.27629667732792274,0.1,2.7755575615628914e-17,0.0,1.0,0.415307839971379
162,0.98,0.07999999999999996,0.49639976719091533,0.04838874145320165,0.0023462679482092294,0.4124991854356663,0.27663828570038945,0.1,2.7755575615628914e-17,0.0,1.0,0.415307839971379
163,0.98,0.07999999999999996,0.4948632496522615,0.04843558112697548,0.00231223008363977,0.41282823024696685,0.27696777375498605,0.1,2.7755575615628914e-17,0.0,1.0,0.4173298202570237
164,0.98,0.07999999999999996,0.49320832829191874,0.04881648612621904,0.0023935912962559426,0.41318321889547904,0.27732353116156017,0.1,2.7755575615628914e-17,0.0,1.0,0.4000977092100979
165,0.98,0.07999999999999996,0.49158913583138897,0.049375363673955834,0.0024420325648584857,0.41353113489642046,0.2776724935993564,0.1,2.7755575615628914e-17,0.0,1.0,0.39449324819348885
166,0.98,0.07999999999999996,0.48994040175547526,0.049906119345389625,0.002450980971784089,0.4138860010723726,0.2780287262905967,0.1,2.7755575615628914e-17,0.0,1.0,0.39234786208003425
167,0.97,0.06999999999999995,0.48829144551482206,0.05033653986244545,0.0024634787228335416,0.4321426685532372,0.3076640254181657,0.1,2.7755575615628914e-17,0.0,0.0,0.39358513943393003
168,0.96,0.05999999999999994,0.48661728517429104,0.05075656974285776,0.002460123079333433,0.452090754356495,0.34046543056257733,0.1,2.7755575615628914e-17,0.0,0.0,0.39106472944613535
169,0.96,0.05999999999999994,0.4848766729277703,0.05114752421549585,0.002498431886451167,0.4525385793323687,0.3409283868123444,0.1,2.7755575615628914e-17,0.0,1.0,0.3872721575414797
170,0.96,0.05999999999999994,0.4831360606812497,0.05147669018791331,0.002498431886451167,0.4529872923868369,0.34139260380875525,0.1,2.7755575615628914e-17,0.0,1.0,0.3872721575414797
171,0.95,0.04999999999999993,0.48139544843472903,0.05174524683528537,0.0024662232222024804,0.4749739683615005,0.37781161553958054,0.1,2.7755575615628914e-17,0.0,0.0,0.3872721575414797
172,0.95,0.04999999999999993,0.47962780953491857,0.05189436537062552,0.00244352456933777,0.4754759836991014,0.3783354791225658,0.1,2.7755575615628914e-17,0.0,1.0,0.3877581499731202
173,0.95,0.04999999999999993,0.47785118249309455,0.051905170634755415,0.0024620533053366744,0.4759816221362788,0.3788634723553474,0.1,2.7755575615628914e-17,0.0,1.0,0.38959249483701175
174,0.95,0.04999999999999993,0.4760824797695841,0.05184198208661103,0.0024527525946039966,0.4764860746424449,0.3793905764647853,0.1,2.7755575615628914e-17,0.0,1.0,0.39038492666837166
175,0.95,0.04999999999999993,0.4742717547359864,0.05184796738732854,0.002512504445135672,0.4770036212146858,0.37993172549944926,0.1,2.7755575615628914e-17,0.0,1.0,0.3844694934657358
176,0.95,0.04999999999999993,0.472441098486387,0.05182491458888948,0.0025326369865512487,0.4775280087621899,0.38048040273018113,0.1,2.7755575615628914e-17,0.0,1.0,0.3824763718655937
177,0.95,0.04999999999999993,0.47061044223678783,0.051737116439607475,0.0025326369865512487,0.4780535505354421,0.38103066699388594,0.1,2.7755575615628914e-17,0.0,1.0,0.3824763718655937
178,0.95,0.04999999999999993,0.46873026551034674,0.05166937590239225,0.002575473805366607,0.47859451405448594,0.381597475526272,0.1,2.7755575615628914e-17,0.0,1.0,0.37752432418141324
179,0.95,0.04999999999999993,0.46682395847646546,0.051552630781770414,0.002594684190443056,0.479144247153732,0.38217388569531546,0.1,2.7755575615628914e-17,0.0,1.0,0.3756224960588448
180,0.95,0.04999999999999993,0.46491342238514166,0.05137228923433519,0.0025935802287458875,0.47969646836892565,0.38275332440946896,0.1,2.7755575615628914e-17,0.0,1.0,0.37519959031459416
181,0.95,0.04999999999999993,0.46299756431429506,0.05110918031766543,0.0025777719932306388,0.4802515075383512,0.3833361442897746,0.1,2.7755575615628914e-17,0.0,1.0,0.37519959031459416
182,0.95,0.04999999999999993,0.4610660560902884,0.05073963149695507,0.002564689676803119,0.48081238241088986,0.3839255245701398,0.1,2.7755575615628914e-17,0.0,1.0,0.37519959031459416
183,0.95,0.04999999999999993,0.4591215963730185,0.050264944933586894,0.0024986668164564503,0.4813783429915606,0.3845206903228342,0.1,2.7755575615628914e-17,0.0,1.0,0.37519959031459416
184,0.95,0.04999999999999993,0.4572424992874919,0.04985306702328432,0.0024764045418395548,0.48192654630727,0.38509760559180956,0.1,2.7755575615628914e-17,0.0,1.0,0.37519959031459416
185,0.95,0.04999999999999993,0.45533990285042497,0.049320032792636234,0.002316872706091173,0.48248287886600444,0.38568350200881635,0.1,2.7755575615628914e-17,0.0,1.0,0.37505362034765155
186,0.95,0.04999999999999993,0.4535967026304185,0.04904551271626476,0.002312818747352481,0.4829937315918938,0.3862218802390449,0.1,2.7755575615628914e-17,0.0,1.0,0.37505362034765155
187,0.95,0.04999999999999993,0.45184948899126065,0.04869904620489409,0.002312818747352481,0.4835068471418893,0.38676300835231586,0.1,2.7755575615628914e-17,0.0,1.0,0.37505362034765155
188,0.95,0.04999999999999993,0.4501022753521028,0.0482869172129451,0.002038066738527972,0.4840210540831612,0.387305654921633,0.1,2.7755575615628914e-17,0.0,1.0,0.37505362034765155
189,0.95,0.04999999999999993,0.44862706620168125,0.04830373539719649,0.0020176195020846664,0.4844560621265529,0.3877650098032845,0.1,2.7755575615628914e-17,0.0,1.0,0.37505362034765155
190,0.95,0.04999999999999993,0.4471720998153386,0.048306676442168024,0.0020176195020846664,0.48488586758141333,0.38821912997407854,0.1,2.7755575615628914e-17,0.0,1.0,0.37505362034765155
191,0.95,0.04999999999999993,0.44571713342899594,0.0482657774213104,0.0019929315957429995,0.4853164363532485,0.3886743150523411,0.1,2.7755575615628914e-17,0.0,1.0,0.37505362034765155
192,0.95,0.04999999999999993,0.4442290862369315,0.04815407672369354,0.0019624354168377134,0.48575758640901,0.38914095484404354,0.1,2.7755575615628914e-17,0.0,1.0,0.3741896425033058
193,0.95,0.04999999999999993,0.4427011552876431,0.047930948357769544,0.0019407177947937501,0.48621139581731376,0.38962126924465407,0.1,2.7755575615628914e-17,0.0,1.0,0.3740843663368698
194,0.95,0.04999999999999993,0.44119577754584255,0.04769781763749207,0.001904228437568408,0.4866593367249882,0.39009565489416753,0.1,2.7755575615628914e-17,0.0,1.0,0.3740843663368698
195,0.95,0.04999999999999993,0.43972059788693413,0.04748727642653146,0.001895055251259072,0.48709909329661955,0.3905616462963076,0.1,2.7755575615628914e-17,0.0,1.0,0.3734917282607737
196,0.95,0.04999999999999993,0.4382445818895242,0.04727776929607976,0.0019067306045413026,0.48753989532800523,0.39102901747435265,0.1,2.7755575615628914e-17,0.0,1.0,0.3719073108898978
197,0.95,0.04999999999999993,0.436758506403217,0.04702145779720136,0.0018933659317648122,0.4879845082768109,0.3915007053232826,0.1,2.7755575615628914e-17,0.0,1.0,0.37132991939610704
198,0.95,0.04999999999999993,0.43525342597592315,0.04668164616205009,0.0018796786582961776,0.4884356345553054,0.3919795867466519,0.1,2.7755575615628914e-17,0.0,1.0,0.37132991939610704
199,0.95,0.04999999999999993,0.43373121682044613,0.04626927903995148,0.0018777045026421683,0.4888927441154153,0.392465111212054,0.1,2.7755575615628914e-17,0.0,1.0,0.37097208665119097
200,0.95,0.04999999999999993,0.43220705325087166,0.045786845469687025,0.0017989685899442794,0.48935129861114646,0.3929524656592574,0.1,2.7755575615628914e-17,0.0,1.0,0.37132991939610704
201,0.95,0.04999999999999993,0.4307701904772551,0.045400419497275656,0.001804800827255297,0.48978437649671386,0.3934130151618663,0.1,2.7755575615628914e-17,0.0,1.0,0.3719073108898978
202,0.95,0.04999999999999993,0.42934917187734756,0.04494482095755215,0.0017613354131874334,0.49021343344558893,0.39386954921225,0.1,2.7755575615628914e-17,0.0,1.0,0.3734917282607737
203,0.95,0.04999999999999993,0.4279929545918367,0.04454399221149637,0.0017545821775501408,0.4906236261986389,0.39430625367404537,0.1,2.7755575615628914e-17,0.0,1.0,0.3740843663368698
204,0.95,0.04999999999999993,0.4266508324196825,0.044119638479276566,0.0016957951417078591,0.4910302321986112,0.3947393738818379,0.1,2.7755575615628914e-17,0.0,1.0,0.3742326692683473
205,0.95,0.04999999999999993,0.425382290710232,0.043743303952571574,0.0016863732666556113,0.49141516647197525,0.39514962432174533,0.1,2.7755575615628914e-17,0.0,1.0,0.3756224960588448
206,0.95,0.04999999999999993,0.42415599320621383,0.04334707012112741,0.0016875255874505076,0.49178785604496705,0.39554702428454763,0.1,2.7755575615628914e-17,0.0,1.0,0.37752432418141324
207,0.95,0.04999999999999993,0.4229970936626763,0.04289435409265055,0.0017375462711290979,0.49214058232056807,0.3959233182701306,0.1,2.7755575615628914e-17,0.0,1.0,0.3824763718655937
208,0.95,0.04999999999999993,0.4218515027123369,0.04239300031194095,0.0017509892945616412,0.49248975559526553,0.3962959952963513,0.1,2.7755575615628914e-17,0.0,1.0,0.3838072311854155
209,0.95,0.04999999999999993,0.4207428782500841,0.041823316905175954,0.00170539800021636,0.49282813365215905,0.3966573152049578,0.1,2.7755575615628914e-17,0.0,1.0,0.38750387999407976
210,0.95,0.04999999999999993,0.4197163556573198,0.04136426465335813,0.00170539800021636,0.49314186717151703,0.39699246466688526,0.1,2.7755575615628914e-17,0.0,1.0,0.38750387999407976
211,0.95,0.04999999999999993,0.4186898330645555,0.040874288329075734,0.00170539800021636,0.49345600038973086,0.3973281809664591,0.1,2.7755575615628914e-17,0.0,1.0,0.38750387999407976
212,0.95,0.04999999999999993,0.41768855064706356,0.04033417429664899,0.0016385144088229648,0.49376279549709456,0.39765619013937886,0.1,2.7755575615628914e-17,0.0,1.0,0.39002789752131073
213,0.95,0.04999999999999993,0.41681509213985257,0.03989683216382528,0.0016519762167065174,0.49403073679335596,0.3979427681911147,0.1,2.7755575615628914e-17,0.0,1.0,0.3936647954742323
214,0.95,0.04999999999999993,0.4159646754223661,0.039472622757747475,0.0016519762167065174,0.4942918893519547,0.39822218346185595,0.1,2.7755575615628914e-17,0.0,1.0,0.3936647954742323
215,0.95,0.04999999999999993,0.4151205049088798,0.039021893443309384,0.0016582855136764432,0.49455139698559486,0.398499934803297,0.1,2.7755575615628914e-17,0.0,1.0,0.3942894158742549
216,0.95,0.04999999999999993,0.4143240392377228,0.03852559531749831,0.0017064722230999507,0.4947964895559364,0.39876234562503704,0.1,2.7755575615628914e-17,0.0,1.0,0.3990599001071822
217,0.94,0.039999999999999925,0.4136339814945448,0.037980364635679886,0.0018139549786341572,0.5207885373106359,0.44095212018243163,0.1,2.7755575615628914e-17,0.0,0.0,0.4097006929050686
218,0.93,0.030000000000000027,0.41295444065582415,0.03741370169065991,0.001806030520737456,0.5496587571335252,0.48760156320388626,0.1,2.7755575615628914e-17,0.0,0.0,0.4107523833508173
219,0.92,0.020000000000000018,0.41238361780688443,0.0368656193896027,0.0018953737725623265,0.5818714156631671,0.5391377969728827,0.1,2.7755575615628914e-17,0.0,0.0,0.41978797055138606
220,0.91,0.010000000000000009,0.4118271045661829,0.036306634352749126,0.0019079026165413232,0.6180878794637481,0.5961141330125063,0.1,2.7755575615628914e-17,0.0,0.0,0.4210283261053067
221,0.91,0.010000000000000009,0.4112705913254815,0.03573024054068548,0.0019079026165413232,0.6183553579760385,0.5963891054170576,0.1,2.7755575615628914e-17,0.0,1.0,0.4210283261053067
222,0.91,0.010000000000000009,0.4107328241342353,0.03514157877816151,0.001926838020031427,0.6186140465518745,0.5966550565346274,0.1,2.7755575615628914e-17,0.0,1.0,0.422902931050827
223,0.9,0.0,0.4102151055535457,0.03454246640027288,0.0019325359460517606,0.6596890280684746,0.6596890280684746,0.1,2.7755575615628914e-17,0.0,0.0,0.4249077921064963
224,0.9,0.0,0.40974224842582374,0.03396798291697593,0.0019031323250898074,0.6599479112882333,0.6599479112882333,0.1,2.7755575615628914e-17,0.0,1.0,0.4279531710236002
225,0.9,0.0,0.40934385506177046,0.03349770073022217,0.0019181832238224497,0.660166184315141,0.660166184315141,0.1,2.7755575615628914e-17,0.0,1.0,0.4294432099981318
226,0.9,0.0,0.4089467849064426,0.03301673862400859,0.0019195197982926236,0.6603838760915419,0.6603838760915419,0.1,2.7755575615628914e-17,0.0,1.0,0.429575530870679
227,0.9,0.0,0.4085541132888546,0.03252669144198166,0.0019239627657065207,0.6605992976293975,0.6605992976293975,0.1,2.7755575615628914e-17,0.0,1.0,0.43001538464465483
228,0.9,0.0,0.40819255356679685,0.03204705233238897,0.0019553889228078117,0.6607977753508368,0.6607977753508368,0.1,2.7755575615628914e-17,0.0,1.0,0.43312657419768263
229,0.9,0.0,0.4079601812763539,0.03168545425479801,0.0020858812779744546,0.6609253987755557,0.6609253987755557,0.1,2.7755575615628914e-17,0.0,1.0,0.4460453173591803
230,0.89,-0.010000000000000009,0.4077473195692265,0.03134242085753051,0.002105588937888965,0.6200541449706497,0.5981358530730897,0.1,2.7755575615628914e-17,0.0,0.0,0.4479963756907168
231,0.89,-0.010000000000000009,0.4075705914985822,0.03104334694688754,0.0020699036788556268,0.6201396023675201,0.5982237398434035,0.1,2.7755575615628914e-17,0.0,1.0,0.4516097393390328
232,0.89,-0.010000000000000009,0.40747068852893054,0.03088324640223439,0.0020469326559147396,0.6201879211752946,0.5982734329616309,0.1,2.7755575615628914e-17,0.0,1.0,0.4521460451456629
233,0.89,-0.010000000000000009,0.40740651548580614,0.03078192966690295,0.002054635237480066,0.6202189629126639,0.5983053578754984,0.1,2.7755575615628914e-17,0.0,1.0,0.4529086007206302
234,0.89,-0.010000000000000009,0.40735844275524213,0.030704464954198527,0.002070898179460071,0.6202422186545089,0.5983292754109224,0.1,2.7755575615628914e-17,0.0,1.0,0.45451863197665077
235,0.89,-0.010000000000000009,0.40742362328007803,0.030821409809349908,0.002185295407136858,0.6202106872391868,0.5982968467280374,0.1,2.7755575615628914e-17,0.0,1.0,0.46584395751665264
236,0.89,-0.010000000000000009,0.4075060351868555,0.030970734817923173,0.002202700843441552,0.6201708246428886,0.5982558501015972,0.1,2.7755575615628914e-17,0.0,1.0,0.46756709571081734
237,0.89,-0.010000000000000009,0.4076501301240747,0.031243814566867607,0.0022650069347968376,0.6201011383079551,0.5981841821336163,0.1,2.7755575615628914e-17,0.0,1.0,0.4737353987549906
238,0.89,-0.010000000000000009,0.40783715134668624,0.031606448688955145,0.002308366819031358,0.6200107155690652,0.5980911896789826,0.1,2.7755575615628914e-17,0.0,1.0,0.4780280272942081
239,0.89,-0.010000000000000009,0.4081158688606918,0.03217700880115665,0.0024009893355911006,0.6198760075889357,0.597952656769776,0.1,2.7755575615628914e-17,0.0,1.0,0.4871976564336227
240,0.89,-0.010000000000000009,0.40856802554809946,0.033195028804806785,0.002574149527030044,0.6196575985503625,0.5977280546305264,0.1,2.7755575615628914e-17,0.0,1.0,0.5045415737738344
241,0.89,-0.010000000000000009,0.4090790347211917,0.03434884006605492,0.002628125267202015,0.6194109466908898,0.5974744214056401,0.1,2.7755575615628914e-17,0.0,1.0,0.5106278807300515
242,0.89,-0.010000000000000009,0.40960863305110334,0.03550010396630288,0.002613208349173982,0.6191555294079046,0.597211788713064,0.1,2.7755575615628914e-17,0.0,1.0,0.5117440877327888
243,0.89,-0.010000000000000009,0.4102678317883745,0.036941732103934824,0.002711852159863782,0.618837901927585,0.5968852083666705,0.1,2.7755575615628914e-17,0.0,1.0,0.5221111465812316
244,0.89,-0.010000000000000009,0.410957465626667,0.03839644245925388,0.002736520730691951,0.6185059582528776,0.5965439319313016,0.1,2.7755575615628914e-17,0.0,1.0,0.5245533350932203
245,0.89,-0.010000000000000009,0.41179444933956527,0.04022876772219048,0.0028853589878692467,0.6181035682455106,0.5961302609108965,0.1,2.7755575615628914e-17,0.0,1.0,0.5392883225537726
246,0.89,-0.010000000000000009,0.4126605720814822,0.04205335901767241,0.002902751851029693,0.6176877201640701,0.595702791802139,0.1,2.7755575615628914e-17,0.0,1.0,0.542202225455662
247,0.89,-0.010000000000000009,0.41365266759984537,0.04419809234297136,0.0028767331962729586,0.6172120762853988,0.5952139023361787,0.1,2.7755575615628914e-17,0.0,1.0,0.5559915125492811
248,0.9,0.0,0.4148400323441178,0.04643923635678142,0.0028519187354530055,0.6571676073697316,0.6571676073697316,0.1,2.7755575615628914e-17,0.0,1.0,0.5591533012256822
249,0.91,0.010000000000000009,0.41608358129136613,0.04857299752104898,0.0027867536908367085,0.616049705327398,0.5940193705701043,0.1,2.7755575615628914e-17,0.0,1.0,0.5591533012256822
250,0.91,0.010000000000000009,0.41739878781543405,0.050624511583995765,0.0027147585256192468,0.6154226465893844,0.593375085068075,0.1,2.7755575615628914e-17,0.0,1.0,0.5598677194906347
251,0.91,0.010000000000000009,0.418635574943287,0.052542885078628185,0.002705139901327008,0.6148341398420076,0.5927704889870076,0.1,2.7755575615628914e-17,0.0,1.0,0.5598677194906347
252,0.91,0.010000000000000009,0.41992980891940457,0.054538841548333675,0.0027172900392190367,0.6142195018314209,0.5921391281768434,0.1,2.7755575615628914e-17,0.0,1.0,0.5665646481220084
253,0.91,0.010000000000000009,0.421326365286134,0.05657119222809764,0.0026741626490479945,0.613557647392626,0.5914593587513439,0.1,2.7755575615628914e-17,0.0,1.0,0.5713028222031373
254,0.91,0.010000000000000009,0.422812999509944,0.05850642566838126,0.0026616498732443114,0.6128546688955931,0.5907374571024457,0.1,2.7755575615628914e-17,0.0,1.0,0.5713028222031373
255,0.91,0.010000000000000009,0.42433680560028847,0.06040342722358894,0.0026666889687530938,0.6121357829168091,0.58999933157742,0.1,2.7755575615628914e-17,0.0,1.0,0.5737812440520156
256,0.91,0.010000000000000009,0.42595153634382255,0.06237649451186997,0.0027385365841617196,0.6113758396080108,0.5892191728094297,0.1,2.7755575615628914e-17,0.0,1.0,0.5808941579774696
257,0.91,0.010000000000000009,0.42759295305169026,0.06431266835747734,0.0027596935896997666,0.6106052685183856,0.5884282324960337,0.1,2.7755575615628914e-17,0.0,1.0,0.5835627544108253
258,0.91,0.010000000000000009,0.42924859572484836,0.06617048571925216,0.002766758719826184,0.6098299842445993,0.587632585415338,0.1,2.7755575615628914e-17,0.0,1.0,0.5844112980547767
259,0.91,0.010000000000000009,0.43112394870154147,0.06846268095960475,0.00295293891766372,0.6089541912601342,0.5867339477880068,0.1,2.7755575615628914e-17,0.0,1.0,0.6062332326468464
260,0.91,0.010000000000000009,0.4332357053272121,0.07114654754751265,0.0031574870983869857,0.6079710036480289,0.5857253138755084,0.1,2.7755575615628914e-17,0.0,1.0,0.6264835025384496
261,0.91,0.010000000000000009,0.4354161703077866,0.07385348595957003,0.0032268894770775955,0.6069591528245598,0.5846874953814521,0.1,2.7755575615628914e-17,0.0,1.0,0.63335433802882
262,0.91,0.010000000000000009,0.4376832142358834,0.07662880516498957,0.0032939189161341653,0.6059106899501753,0.5836123610921852,0.1,2.7755575615628914e-17,0.0,1.0,0.6420122327810651
263,0.91,0.010000000000000009,0.440096028485137,0.0796875238072238,0.003287523980319805,0.6047987829763203,0.5824724309554987,0.1,2.7755575615628914e-17,0.0,1.0,0.6586112451823692
264,0.91,0.010000000000000009,0.44273909390316374,0.08264537970878771,0.0032894284733884665,0.6035854426842474,0.5812288189193329,0.1,2.7755575615628914e-17,0.0,1.0,0.6644042510127758
265,0.91,0.010000000000000009,0.44558063835490386,0.08576384126814957,0.0034116310616842073,0.6022864063030233,0.579897728701687,0.1,2.7755575615628914e-17,0.0,1.0,0.6786476933675087
266,0.91,0.010000000000000009,0.4484718657092307,0.0887422149659864,0.003427647493919586,0.6009703834917549,0.5785496080996235,0.1,2.7755575615628914e-17,0.0,1.0,0.681470597512707
267,0.92,0.020000000000000018,0.4513507202900184,0.09154043629118284,0.003402188807174185,0.565740195636759,0.5222843460416978,0.1,2.7755575615628914e-17,0.0,1.0,0.681470597512707
268,0.93,0.030000000000000027,0.4542547789706841,0.09415107801596816,0.0033638800000564515,0.53440276353181,0.4714840121181258,0.1,2.7755575615628914e-17,0.0,1.0,0.681470597512707
269,0.93,0.030000000000000027,0.4573349477676681,0.09690741185590251,0.0035034601993207725,0.5332988402483041,0.47032456076291973,0.1,2.7755575615628914e-17,0.0,1.0,0.6952890372398748
270,0.93,0.030000000000000027,0.46041511656465206,0.09949217343095024,0.0035034601993207725,0.5321994683425713,0.46917079795542016,0.1,2.7755575615628914e-17,0.0,1.0,0.6952890372398748
271,0.94,0.039999999999999925,0.4635784072907152,0.10211063656469273,0.0035825127293842057,0.5042933693908938,0.42345647075692644,0.1,2.7755575615628914e-17,0.0,1.0,0.7036012301477952
272,0.94,0.039999999999999925,0.4668118159058984,0.10474399528954323,0.003639719158472568,0.503261410205224,0.4223715279767779,0.1,2.7755575615628914e-17,0.0,1.0,0.7110990114914346
273,0.94,0.039999999999999925,0.47002688107244256,0.10722920315379476,0.0036317147965396397,0.502239484543769,0.4212982384470285,0.1,2.7755575615628914e-17,0.0,1.0,0.7110990114914346
274,0.94,0.039999999999999925,0.47323402192067326,0.10956982051738477,0.0035719629460079644,0.5012242042359657,0.4202330150906199,0.1,2.7755575615628914e-17,0.0,1.0,0.7110990114914346
275,0.94,0.039999999999999925,0.47650031710093016,0.11172234781602138,0.0035518304045923875,0.5001944079077963,0.41915366656308517,0.1,2.7755575615628914e-17,0.0,1.0,0.7110990114914346
276,0.94,0.039999999999999925,0.4797865434971886,0.11372354272057172,0.0035518304045923875,0.49916258923632556,0.4180733126991737,0.1,2.7755575615628914e-17,0.0,1.0,0.7110990114914346
277,0.94,0.039999999999999925,0.4831297855594236,0.11571054719573588,0.003559401302708321,0.4981172278470793,0.41697991479105123,0.1,2.7755575615628914e-17,0.0,1.0,0.7168005780890925
278,0.94,0.039999999999999925,0.4865428775739032,0.11756410562471152,0.003560725741271097,0.4970545328411038,0.4158695566096507,0.1,2.7755575615628914e-17,0.0,1.0,0.7188335256293757
279,0.94,0.039999999999999925,0.4899777385047556,0.11927847858415626,0.0035592323854171464,0.49598962792147383,0.4147580706838955,0.1,2.7755575615628914e-17,0.0,1.0,0.7191085891440853
280,0.94,0.039999999999999925,0.49343292282002355,0.12089701280520371,0.0035754892813494297,0.49492301582009357,0.4136459863713338,0.1,2.7755575615628914e-17,0.0,1.0,0.7207180218413813
281,0.94,0.039999999999999925,0.49688810713529136,0.12239666400595732,0.0035754892813494297,0.4938609813149015,0.4125398497398134,0.1,2.7755575615628914e-17,0.0,1.0,0.7207180218413813
282,0.94,0.039999999999999925,0.5003425444851508,0.12378042352361178,0.003576243791862887,0.4928037231255989,0.41143985042469833,0.1,2.7755575615628914e-17,0.0,1.0,0.7206433253005491
283,0.94,0.039999999999999925,0.5037892743583945,0.1250401538132666,0.0035840291217779435,0.49175332587525883,0.4103481363694362,0.1,2.7755575615628914e-17,0.0,1.0,0.7198725776389585
284,0.94,0.039999999999999925,0.5072360042316383,0.12619321293147198,0.003582554677667412,0.49070739688523285,0.40926220048816614,0.1,2.7755575615628914e-17,0.0,1.0,0.7198725776389585
285,0.94,0.039999999999999925,0.5106841938045512,0.12724094575272776,0.003582554677667412,0.4896654675678733,0.4081815407670733,0.1,2.7755575615628914e-17,0.0,1.0,0.7198725776389585
286,0.94,0.039999999999999925,0.5141323833774644,0.12818740008077198,0.003582554677667412,0.48862795357614613,0.40710657299554753,0.1,2.7755575615628914e-17,0.0,1.0,0.7198725776389585
287,0.94,0.039999999999999925,0.5175918162937306,0.12905247836451098,0.0035939115901454646,0.4875914653835208,0.4060337748278775,0.1,2.7755575615628914e-17,0.0,1.0,0.7209969119742857
288,0.94,0.039999999999999925,0.521051249209997,0.1298196420129595,0.0035939115901454646,0.4865593651254964,0.40496661582764154,0.1,2.7755575615628914e-17,0.0,1.0,0.7209969119742857
289,0.94,0.039999999999999925,0.5245106821262633,0.13049061797891465,0.0035939115901454646,0.4855316249966902,0.40390505164793855,0.1,2.7755575615628914e-17,0.0,1.0,0.7209969119742857
290,0.94,0.039999999999999925,0.5279701150425297,0.13106688352311138,0.0035939115901454646,0.484508217426153,0.40284903840564873,0.1,2.7755575615628914e-17,0.0,1.0,0.7209969119742857
291,0.94,0.039999999999999925,0.5314295479587959,0.13154968331470185,0.003585184541212679,0.4834891150749037,0.4017985326753871,0.1,2.7755575615628914e-17,0.0,1.0,0.7209969119742857
292,0.94,0.039999999999999925,0.5348976206535057,0.13192954797278675,0.003584121145592114,0.48247176168852457,0.4007508883452097,0.1,2.7755575615628914e-17,0.0,1.0,0.7209969119742857
293,0.94,0.039999999999999925,0.5383594072283873,0.1322059603849393,0.0035915341572008166,0.4814605131535884,0.39971057718279407,0.1,2.7755575615628914e-17,0.0,1.0,0.7202630238250242
294,0.94,0.039999999999999925,0.541831697863606,0.13240550597469813,0.003596158075964466,0.48045044568058376,0.39867252103029527,0.1,2.7755575615628914e-17,0.0,1.0,0.7213134298587216
295,0.94,0.039999999999999925,0.5453065976426851,0.1325017240832717,0.0035835046044408016,0.47944385320209093,0.3976390686534999,0.1,2.7755575615628914e-17,0.0,1.0,0.7209817061686885
296,0.94,0.039999999999999925,0.548797341595473,0.13248571961833477,0.0035776723671297837,0.4784369088576738,0.3966062847306481,0.1,2.7755575615628914e-17,0.0,1.0,0.7209817061686885
297,0.94,0.039999999999999925,0.5522938594631988,0.13236981514001833,0.0035776723671297837,0.47743253019896836,0.3955771567578006,0.1,2.7755575615628914e-17,0.0,1.0,0.7209817061686885
298,0.94,0.039999999999999925,0.5557903773309245,0.13216133603750607,0.003574057894958914,0.47643235967383973,0.3945533557973402,0.1,2.7755575615628914e-17,0.0,1.0,0.7209817061686885
299,0.94,0.039999999999999925,0.5592904735260995,0.13185473755378374,0.003570443422788045,0.4754353537314413,0.39353380094284657,0.1,2.7755575615628914e-17,0.0,1.0,0.7209817061686885
300,0.94,0.039999999999999925,0.5626724515321462,0.1313265191929574,0.003680308015455895,0.47447594979145485,0.39255364614686467,0.1,2.7755575615628914e-17,0.0,1.0,0.7095277200007806
301,0.94,0.039999999999999925,0.566048655623255,0.1307172796503996,0.0036643037995884617,0.4735220381832827,0.3915800225991008,0.1,2.7755575615628914e-17,0.0,1.0,0.7095277200007806
302,0.94,0.039999999999999925,0.569409015540655,0.13004151605091352,0.003658317556395572,0.4725764042080503,0.3906157520332574,0.1,2.7755575615628914e-17,0.0,1.0,0.7095277200007806
303,0.94,0.039999999999999925,0.5727634490772943,0.12928402453512303,0.003656819546986708,0.4716361973908206,0.389657906954874,0.1,2.7755575615628914e-17,0.0,1.0,0.7095277200007806
304,0.94,0.039999999999999925,0.5761163995846185,0.12843681978151972,0.0036427808925372385,0.4707001374946659,0.38870516829985857,0.1,2.7755575615628914e-17,0.0,1.0,0.7095277200007806
305,0.94,0.039999999999999925,0.5794554518240379,0.1275181365781935,0.0036235705074607895,0.46977164290317996,0.3877609976685007,0.1,2.7755575615628914e-17,0.0,1.0,0.7095277200007806
306,0.94,0.039999999999999925,0.5827754857822316,0.12653568143913976,0.0035735498237821992,0.46885206146763236,0.38682674150014845,0.1,2.7755575615628914e-17,0.0,1.0,0.7095277200007806
307,0.94,0.039999999999999925,0.5860858958728177,0.1255788873314095,0.003600406405636751,0.467938723199649,0.3858996651062418,0.1,2.7755575615628914e-17,0.0,1.0,0.713517380924203
308,0.94,0.039999999999999925,0.589473245701994,0.12464196520635389,0.0036542264497799815,0.467007833459511,0.38495563039513203,0.1,2.7755575615628914e-17,0.0,1.0,0.7225422141030471
309,0.94,0.039999999999999925,0.5929143883802233,0.12376555866919633,0.0037459025479007232,0.46606594547190067,0.38400132163681744,0.1,2.7755575615628914e-17,0.0,1.0,0.7316181478170005
310,0.94,0.039999999999999925,0.5963662352382538,0.12279833754224109,0.003756714850730337,0.46512493694901147,0.3830487861506769,0.1,2.7755575615628914e-17,0.0,1.0,0.7326885657971323
311,0.94,0.039999999999999925,0.5998464344495298,0.12175686166961004,0.003759858464844581,0.4641800382951652,0.3820931989220177,0.1,2.7755575615628914e-17,0.0,1.0,0.7355238011216734
312,0.94,0.039999999999999925,0.6033013934855334,0.12065090930273166,0.0037231221218857772,0.463245782332566,0.38114924648910736,0.1,2.7755575615628914e-17,0.0,1.0,0.7355238011216734
313,0.94,0.039999999999999925,0.6068350607271256,0.11962969351615484,0.003839361702812866,0.4622941251261628,0.38018860211580024,0.1,2.7755575615628914e-17,0.0,1.0,0.7470315196334552
314,0.94,0.039999999999999925,0.6103687279687178,0.11849435268236917,0.00383305240584294,0.4613463699293847,0.37923278796350574,0.1,2.7755575615628914e-17,0.0,1.0,0.7470315196334552
315,0.94,0.039999999999999925,0.6138961490063097,0.11725328743170091,0.0037848656964194326,0.4604041578074917,0.3782834445337487,0.1,2.7755575615628914e-17,0.0,1.0,0.7470315196334552
316,0.94,0.039999999999999925,0.6173758652015724,0.11598245177375452,0.003677382940885226,0.4594784514379934,0.3773515855999557,0.1,2.7755575615628914e-17,0.0,1.0,0.7470315196334552
317,0.95,0.04999999999999993,0.6207491734688563,0.11479270894165249,0.0036667598050695825,0.4384767316636168,0.340628393719564,0.1,2.7755575615628914e-17,0.0,1.0,0.7470315196334552
318,0.96,0.05999999999999994,0.6241119648316826,0.11351010286024144,0.00357549124748808,0.4193133015902323,0.3074830617700462,0.1,2.7755575615628914e-17,0.0,1.0,0.7470315196334552
319,0.97,0.06999999999999995,0.6273844003225034,0.11228287420814059,0.0035629624035090836,0.4017731287211734,0.27758217142455,0.1,2.7755575615628914e-17,0.0,1.0,0.7470315196334552
320,0.98,0.07999999999999996,0.6306444322577849,0.11096910412431393,0.0035629624035090836,0.38564379210669397,0.2505924699260784,0.1,2.7755575615628914e-17,0.0,1.0,0.7470315196334552
321,0.98,0.07999999999999996,0.6339044641930663,0.10954261583249882,0.00354402700001898,0.3850350497712371,0.2500208245674817,0.1,2.7755575615628914e-17,0.0,1.0,0.7470315196334552
322,0.98,0.07999999999999996,0.6371457500788926,0.10803628828349825,0.003523775878244542,0.3844317101467192,0.24945504606476115,0.1,2.7755575615628914e-17,0.0,1.0,0.7470315196334552
323,0.99,0.08999999999999997,0.6403669873541622,0.10645075167397647,0.0034930144750414728,0.3696457145121007,0.22520977911983178,0.1,2.7755575615628914e-17,0.0,1.0,0.7470315196334552
324,0.99,0.08999999999999997,0.6435577708402608,0.10480533556781312,0.0034779635763088302,0.36909825746827,0.22471032260873913,0.1,2.7755575615628914e-17,0.0,1.0,0.7470315196334552
325,0.99,0.08999999999999997,0.646733653936614,0.10306643413491708,0.0034766270018386563,0.3685549648422972,0.22421539346002722,0.1,2.7755575615628914e-17,0.0,1.0,0.7470315196334552
326,0.99,0.08999999999999997,0.6499082138242417,0.10120094925100892,0.003472184034424759,0.36801349462211375,0.22372284455469874,0.1,2.7755575615628914e-17,0.0,1.0,0.7470315196334552
327,0.99,0.08999999999999997,0.6530783751741298,0.09920878493554908,0.0034407578773234682,0.36747436003388656,0.22323313291207286,0.1,2.7755575615628914e-17,0.0,1.0,0.7470315196334552
328,0.99,0.08999999999999997,0.6562174246284874,0.09714429145822852,0.0033102655221568253,0.3669420707176599,0.22275033514385478,0.1,2.7755575615628914e-17,0.0,1.0,0.7470315196334552
329,0.99,0.08999999999999997,0.6592272866512303,0.09522973771517382,0.003290557862242315,0.3664331338958824,0.22228936402946634,0.1,2.7755575615628914e-17,0.0,1.0,0.7470315196334552
330,1.0,0.09999999999999998,0.6622176380906576,0.09322377164336035,0.0032540592395320523,0.35301119277801873,0.20072304014663592,0.1,2.7755575615628914e-17,0.0,1.0,0.7470315196334552
331,1.0,0.09999999999999998,0.6651718558936018,0.09116096352849708,0.0032486420091620513,0.3525488380361722,0.20031699244928425,0.1,2.7755575615628914e-17,0.0,1.0,0.7470315196334552
332,1.0,0.09999999999999998,0.6681207106384798,0.08896536186722019,0.003240939427596725,0.3520885289094217,0.19991331692283845,0.1,2.7755575615628914e-17,0.0,1.0,0.7470315196334552
333,1.0,0.09999999999999998,0.6711276675614054,0.08669317002066732,0.003291068135917124,0.3516203863005865,0.19950335958081877,0.1,2.7755575615628914e-17,0.0,1.0,0.7536042930131952
334,1.0,0.09999999999999998,0.674186037518443,0.08436097229844268,0.0032448662079090818,0.35114551466157173,0.19908811393386686,0.1,2.7755575615628914e-17,0.0,1.0,0.7603556276804009
335,1.0,0.09999999999999998,0.6771781807350875,0.0821969229725964,0.003274962301914509,0.3506821656680834,0.19868352956530583,0.1,2.7755575615628914e-17,0.0,1.0,0.7650582791811029
336,1.0,0.09999999999999998,0.6801564098066906,0.07991188574771028,0.0032160069549029904,0.35022218405445893,0.19828245623977198,0.1,2.7755575615628914e-17,0.0,1.0,0.7653900028711358
337,1.0,0.09999999999999998,0.6830802947293448,0.0776219564359235,0.0031800600822771722,0.3497717681450148,0.19789027344391338,0.1,2.7755575615628914e-17,0.0,1.0,0.7661238910203974
338,1.0,0.09999999999999998,0.6859689608432227,0.07527687458803103,0.003095222895632486,0.3493279138451752,0.197504335079729,0.1,2.7755575615628914e-17,0.0,1.0,0.7668946386819879
339,1.0,0.09999999999999998,0.6887659306657063,0.07300119277329628,0.0029200318113879234,0.34889922112095323,0.19713207947946798,0.1,2.7755575615628914e-17,0.0,1.0,0.7668946386819879
340,1.0,0.09999999999999998,0.6913921596170569,0.07102361747393249,0.0028612795211927825,0.3484976546110678,0.19678382332045544,0.1,2.7755575615628914e-17,0.0,1.0,0.7671644689088861
341,1.0,0.09999999999999998,0.6939575254988452,0.06905382190954258,0.002850004702983315,0.3481062859183494,0.1964448240037315,0.1,2.7755575615628914e-17,0.0,1.0,0.7671644689088861
342,1.0,0.09999999999999998,0.6965117293106061,0.06695880494611574,0.002745286936837428,0.3477174924187573,0.19610845808342536,0.1,2.7755575615628914e-17,0.0,1.0,0.7671644689088861
343,1.0,0.09999999999999998,0.6988738331969266,0.06489954478681652,0.002809940928591207,0.34735871196835666,0.19579841359769343,0.1,2.7755575615628914e-17,0.0,1.0,0.7583215352132733
344,1.0,0.09999999999999998,0.701211515198127,0.06275308827903425,0.0026611026714139113,0.3470043691675119,0.1954925383660652,0.1,2.7755575615628914e-17,0.0,1.0,0.7583215352132733
345,1.0,0.09999999999999998,0.703401847324722,0.06085701992729654,0.0026316693087685638,0.34667301686104474,0.19520680915292016,0.1,2.7755575615628914e-17,0.0,1.0,0.7583215352132733
346,1.0,0.09999999999999998,0.705563040422298,0.05890003955089368,0.0024923835805501886,0.3463466923485076,0.19492569859476566,0.1,2.7755575615628914e-17,0.0,1.0,0.7583215352132733
347,1.0,0.09999999999999998,0.707586340648938,0.05717726019593037,0.0024604463211926023,0.3460417449661364,0.19466325683669364,0.1,2.7755575615628914e-17,0.0,1.0,0.7583215352132733
348,1.0,0.09999999999999998,0.7095676642975982,0.0554047831661022,0.0024709096456527187,0.3457436441510178,0.19440694379469411,0.1,2.7755575615628914e-17,0.0,1.0,0.7572856660917218
349,1.0,0.09999999999999998,0.7115416019770967,0.05349410627689554,0.002471153874453186,0.34544716489176686,0.19415225656096746,0.1,2.7755575615628914e-17,0.0,1.0,0.756547069175523
350,1.0,0.09999999999999998,0.7135050782370453,0.051455533566816494,0.0024745046187969522,0.34515276090900093,0.19389958027194037,0.1,2.7755575615628914e-17,0.0,1.0,0.7562153454854901
351,1.0,0.09999999999999998,0.715421527981987,0.04921788865385675,0.002454360405355823,0.3448658916100526,0.19365358918098435,0.1,2.7755575615628914e-17,0.0,1.0,0.7515126939847883
352,1.0,0.09999999999999998,0.7171913679329167,0.04696377188204067,0.0024869450183727625,0.34460139122665556,0.19342697029618644,0.1,2.7755575615628914e-17,0.0,1.0,0.7435486432149823
353,1.0,0.09999999999999998,0.7188376578443137,0.044649333299682244,0.0025638826938488386,0.34435571921307195,0.1932166469846232,0.1,2.7755575615628914e-17,0.0,1.0,0.7359318133428507
354,1.0,0.09999999999999998,0.7204839477557108,0.04214391436351325,0.002538848129718755,0.34411039723719905,0.1930067805674377,0.1,2.7755575615628914e-17,0.0,1.0,0.7359318133428507
355,1.0,0.09999999999999998,0.7221054534486191,0.039505060054874544,0.002467000514310129,0.343869109928665,0.19280051878509355,0.1,2.7755575615628914e-17,0.0,1.0,0.7359318133428507
356,1.0,0.09999999999999998,0.7236558300022727,0.0368883651721511,0.0024400449947812835,0.3436387231804468,0.19260371675345722,0.1,2.7755575615628914e-17,0.0,1.0,0.7359318133428507
357,1.0,0.09999999999999998,0.7251795205915932,0.03411269780367799,0.0024314738468625826,0.34341260256821465,0.19241069325755777,0.1,2.7755575615628914e-17,0.0,1.0,0.7359318133428507
358,1.0,0.09999999999999998,0.7266947257444738,0.031054460195309785,0.002211050265124505,0.3431880361310366,0.19221912799048566,0.1,2.7755575615628914e-17,0.0,1.0,0.7359318133428507
359,1.0,0.09999999999999998,0.7279917115514339,0.028608405242489955,0.0020065020844012393,0.34299604484528157,0.19205545463114085,0.1,2.7755575615628914e-17,0.0,1.0,0.7359318133428507
360,1.0,0.09999999999999998,0.729086194659478,0.026736384281332362,0.0019370997057106295,0.34283419683959887,0.19191755283259637,0.1,2.7755575615628914e-17,0.0,1.0,0.7359318133428507
361,1.0,0.09999999999999998,0.7301119694126182,0.024952049451036053,0.0018496462233647194,0.34268264776225216,0.19178848775063254,0.1,2.7755575615628914e-17,0.0,1.0,0.7359318133428507
362,1.0,0.09999999999999998,0.7310511652182362,0.023333361372376044,0.0016819794314323546,0.34254400740325686,0.1916704683493987,0.1,2.7755575615628914e-17,0.0,1.0,0.7359318133428507
363,1.0,0.09999999999999998,0.7315797348098647,0.022260410385664665,0.0018705713826164077,0.3424660313783418,0.19160411211570103,0.1,2.7755575615628914e-17,0.0,1.0,0.711468204345223
364,1.0,0.09999999999999998,0.7319723346970406,0.02140184637568471,0.0018055261529208062,0.34240813694733674,0.19155485514675996,0.1,2.7755575615628914e-17,0.0,1.0,0.7036642397303545
365,1.0,0.09999999999999998,0.7321674836430299,0.02099992288528533,0.0018325842096755301,0.3423793667452275,0.191530380492289,0.1,2.7755575615628914e-17,0.0,1.0,0.6981625879664386
366,1.0,0.09999999999999998,0.7323053127854289,0.020709959799323604,0.0018619688178961023,0.3423590499364707,0.19151309838362116,0.1,2.7755575615628914e-17,0.0,1.0,0.695253511752602
367,1.0,0.09999999999999998,0.7324431419278277,0.020414948318481733,0.0018619688178961023,0.34233873553877175,0.19149581939345942,0.1,2.7755575615628914e-17,0.0,1.0,0.695253511752602
368,1.0,0.09999999999999998,0.7325477715215054,0.02017888573385515,0.0017559235163300763,0.34232331597444104,0.19148270455599484,0.1,2.7755575615628914e-17,0.0,1.0,0.6919335568804708
369,1.0,0.09999999999999998,0.7325035961238866,0.020265055227485226,0.0017666513890822575,0.3423298260604877,0.19148824151942145,0.1,2.7755575615628914e-17,0.0,1.0,0.6908714974780048
370,1.0,0.09999999999999998,0.7324408840393708,0.020389443745375546,0.0017014137707166768,0.3423390683056034,0.1914961024291762,0.1,2.7755575615628914e-17,0.0,1.0,0.6890178287882769
371,1.0,0.09999999999999998,0.7322751399286535,0.020688379872156683,0.0016457898148437443,0.3423634973830458,0.19151688142854686,0.1,2.7755575615628914e-17,0.0,1.0,0.6870268190760578
372,1.0,0.09999999999999998,0.7320242750820982,0.021091802628253685,0.0016560351910068032,0.3424004790657419,0.19154834041938432,0.1,2.7755575615628914e-17,0.0,1.0,0.686012526835915
373,1.0,0.09999999999999998,0.7317677818881461,0.021496781168127317,0.0016617203903975617,0.3424382987223997,0.19158051590433645,0.1,2.7755575615628914e-17,0.0,1.0,0.6854496920962299
374,1.0,0.09999999999999998,0.7315086460626634,0.02189684051583934,0.0016643897151761098,0.3424765165175544,0.19161303386996642,0.1,2.7755575615628914e-17,0.0,1.0,0.6851854289431536
375,1.0,0.09999999999999998,0.7312492652620906,0.02228721429106713,0.0016646371647619956,0.34251477898569677,0.19164559363301195,0.1,2.7755575615628914e-17,0.0,1.0,0.6851609314341509
376,1.0,0.09999999999999998,0.7309652124301154,0.02271905168084874,0.0016319668268084677,0.3425566907492346,0.19168126314340514,0.1,2.7755575615628914e-17,0.0,1.0,0.6826937282938923
377,1.0,0.09999999999999998,0.7306241439321632,0.023180465368576365,0.0016114320031692427,0.3426070286816489,0.19172410985784288,0.1,2.7755575615628914e-17,0.0,1.0,0.6826937282938923
378,1.0,0.09999999999999998,0.7302390051903758,0.02368756795646121,0.0016326341580031026,0.34266388868181435,0.191772515928126,0.1,2.7755575615628914e-17,0.0,1.0,0.6803196514506307
379,1.0,0.09999999999999998,0.7298511158134411,0.024179143382004498,0.001616377262070819,0.34272117385144035,0.19182129242299933,0.1,2.7755575615628914e-17,0.0,1.0,0.6803196514506307
380,1.0,0.09999999999999998,0.7294471321095338,0.024661048181671596,0.001616377262070819,0.3427808562659302,0.19187211913961452,0.1,2.7755575615628914e-17,0.0,1.0,0.6803196514506307
381,1.0,0.09999999999999998,0.7290431484056262,0.025127220588116752,0.0016156227515573619,0.3428405594705625,0.19192297279838813,0.1,2.7755575615628914e-17,0.0,1.0,0.6803196514506307
382,1.0,0.09999999999999998,0.7286487275517171,0.025561779251008568,0.0016167423555717476,0.34289886948638226,0.19197264869468283,0.1,2.7755575615628914e-17,0.0,1.0,0.6812012399096454
383,1.0,0.09999999999999998,0.7282620141744239,0.025980712923313862,0.0016167423555717476,0.34295605931182926,0.1920213788348041,0.1,2.7755575615628914e-17,0.0,1.0,0.6812012399096454
384,1.0,0.09999999999999998,0.7278753007971308,0.026387330957443365,0.0016167423555717476,0.3430132682170809,0.19207013372042425,0.1,2.7755575615628914e-17,0.0,1.0,0.6812012399096454
385,1.0,0.09999999999999998,0.7274885874198376,0.026782194302172012,0.0016167423555717476,0.34307049621168684,0.19211891337039697,0.1,2.7755575615628914e-17,0.0,1.0,0.6812012399096454
386,1.0,0.09999999999999998,0.7271018740425444,0.027165815536232037,0.001605385443093695,0.3431277433052034,0.19216771780359507,0.1,2.7755575615628914e-17,0.0,1.0,0.6812012399096454
387,1.0,0.09999999999999998,0.7267039173218981,0.027541226202123837,0.001605385443093695,0.3431866747564227,0.19221796707619843,0.1,2.7755575615628914e-17,0.0,1.0,0.6812012399096454
388,1.0,0.09999999999999998,0.7263059606012517,0.027905913505590588,0.001605385443093695,0.34324562645381923,0.19226824263469264,0.1,2.7755575615628914e-17,0.0,1.0,0.6812012399096454
389,1.0,0.09999999999999998,0.7259229287644479,0.02823706258250978,0.0016204610833386128,0.34330238637053456,0.19231665751426774,0.1,2.7755575615628914e-17,0.0,1.0,0.6826937282938923
390,1.0,0.09999999999999998,0.7255398969276439,0.02855923618060598,0.0016204610833386128,0.34335916506226555,0.19236509678259192,0.1,2.7755575615628914e-17,0.0,1.0,0.6826937282938923
391,1.0,0.09999999999999998,0.7251568650908402,0.02887273475746076,0.0016204610833386128,0.343415962538329,0.1924135604580982,0.1,2.7755575615628914e-17,0.0,1.0,0.6826937282938923
392,1.0,0.09999999999999998,0.7247738332540363,0.029177837938300377,0.0016130480717299102,0.34347277880804844,0.19246204855923854,0.1,2.7755575615628914e-17,0.0,1.0,0.6826937282938923
393,1.0,0.09999999999999998,0.724398140298725,0.029473869102555384,0.0016024379097733703,0.34352852474528267,0.1925096313753908,0.1,2.7755575615628914e-17,0.0,1.0,0.6826937282938923
394,1.0,0.09999999999999998,0.7240119432830767,0.029763353929981994,0.0015990871654296018,0.3435858481565687,0.19255856909739988,0.1,2.7755575615628914e-17,0.0,1.0,0.6826937282938923
395,1.0,0.09999999999999998,0.7236290635043287,0.030044812626568846,0.0015990871654296018,0.3436426980768272,0.192607111036524,0.1,2.7755575615628914e-17,0.0,1.0,0.6826937282938923
396,1.0,0.09999999999999998,0.7232461837255806,0.03031882419421866,0.0015990871654296018,0.3436995668130427,0.19265567745561823,0.1,2.7755575615628914e-17,0.0,1.0,0.6826937282938923
397,1.0,0.09999999999999998,0.7228633039468327,0.030585588786621366,0.0015990871654296018,0.3437564543745582,0.19270426837320523,0.1,2.7755575615628914e-17,0.0,1.0,0.6826937282938923
398,1.0,0.09999999999999998,0.7224804241680849,0.030845294430086257,0.0015990871654296018,0.3438133607707229,0.19275288380782654,0.1,2.7755575615628914e-17,0.0,1.0,0.6826937282938923
399,1.0,0.09999999999999998,0.7220975443893368,0.031098117976546005,0.0014833903354507336,0.3438702860108922,0.1928015237780423,0.1,2.7755575615628914e-17,0.0,1.0,0.6826937282938923
400,1.0,0.09999999999999998,0.721829204472268,0.03132040130249493,0.0014833903354507336,0.34391019309725784,0.19283562755995814,0.1,2.7755575615628914e-17,0.0,1.0,0.6826937282938923
401,1.0,0.09999999999999998,0.7215608645551991,0.031538835127399564,0.0014833903354507336,0.3439501094473514,0.19286974340893326,0.1,2.7755575615628914e-17,0.0,1.0,0.6826937282938923
402,1.0,0.09999999999999998,0.7212925246381303,0.03175349889406008,0.0014833903354507336,0.3439900350643989,0.19290387133137332,0.1,2.7755575615628914e-17,0.0,1.0,0.6826937282938923
403,1.0,0.09999999999999998,0.7213271186887575,0.0317425453548723,0.0017893842422146366,0.34398488738272287,0.19289947092362894,0.1,2.7755575615628914e-17,0.0,1.0,0.7129871250635187
404,1.0,0.09999999999999998,0.7213617127393849,0.03173155031983938,0.0017893842422146366,0.34397973985511077,0.1928950707166389,0.1,2.7755575615628914e-17,0.0,1.0,0.7129871250635187
405,1.0,0.09999999999999998,0.7213963067900123,0.03172051374581115,0.0017893842422146366,0.34397459248155565,0.19289067071038948,0.1,2.7755575615628914e-17,0.0,1.0,0.7129871250635187
406,1.0,0.09999999999999998,0.7214309008406397,0.03170943558941426,0.001749084636927541,0.3439694452620507,0.19288627090486693,0.1,2.7755575615628914e-17,0.0,1.0,0.7129871250635187
407,1.0,0.09999999999999998,0.7214255982820328,0.031710802777620575,0.0016579247058281072,0.3439702342152602,0.19288694529181,0.1,2.7755575615628914e-17,0.0,1.0,0.7129871250635186
408,1.0,0.09999999999999998,0.7213300473916374,0.03172168805127136,0.0015662486077073655,0.3439844515914475,0.19289909839807237,0.1,2.7755575615628914e-17,0.0,1.0,0.7129871250635186
409,1.0,0.09999999999999998,0.7211437371641025,0.031715428024029484,0.0015554363048777531,0.34401217677090185,0.19292279957832772,0.1,2.7755575615628914e-17,0.0,1.0,0.7129871250635187
410,1.0,0.09999999999999998,0.7209467227567665,0.0317042904446485,0.0015267975642258226,0.3440414997219803,0.1929478688116149,0.1,2.7755575615628914e-17,0.0,1.0,0.7129871250635187
411,1.0,0.09999999999999998,0.7207213559961849,0.03167996026259617,0.0015267975642258226,0.3440750486707281,0.19297655374979403,0.1,2.7755575615628914e-17,0.0,1.0,0.7129871250635187
412,1.0,0.09999999999999998,0.7204959892356034,0.03165400687949575,0.0014105579832987339,0.34410860416311523,0.1930052472182361,0.1,2.7755575615628914e-17,0.0,1.0,0.7129871250635187
413,1.0,0.09999999999999998,0.7201555452899041,0.03154968678328829,0.0014105579832987339,0.344159306234998,0.19304860838209656,0.1,2.7755575615628914e-17,0.0,1.0,0.7129871250635187
414,1.0,0.09999999999999998,0.7198151013442048,0.03144133452256283,0.0014105579832987339,0.3442100232502964,0.1930919890336452,0.1,2.7755575615628914e-17,0.0,1.0,0.7129871250635187
415,1.0,0.09999999999999998,0.7194746573985055,0.031328908261148834,0.0014105579832987339,0.3442607552156176,0.19313538918602244,0.1,2.7755575615628914e-17,0.0,1.0,0.7129871250635187
416,1.0,0.09999999999999998,0.7191342134528059,0.03121236397568967,0.0014105579832987339,0.34431150213757306,0.19317880885238045,0.1,2.7755575615628914e-17,0.0,1.0,0.7129871250635187
417,1.0,0.09999999999999998,0.7187937695071066,0.03109165535808693,0.0014105579832987339,0.34436226402277775,0.19322224804588325,0.1,2.7755575615628914e-17,0.0,1.0,0.7129871250635187
418,1.0,0.09999999999999998,0.7184420822180541,0.030968920360631414,0.0014219148957767878,0.34441471806607593,0.19326714236110348,0.1,2.7755575615628914e-17,0.0,1.0,0.7118627907281914
419,1.0,0.09999999999999998,0.7180743006020284,0.03084535228696354,0.0014381717917090703,0.3444695896691667,0.19331411350404684,0.1,2.7755575615628914e-17,0.0,1.0,0.7102533580308954
420,1.0,0.09999999999999998,0.7177037683508557,0.030717563564885926,0.0014409502110495705,0.3445248893400311,0.1933614590376302,0.1,2.7755575615628914e-17,0.0,1.0,0.7099782945161859
421,1.0,0.09999999999999998,0.7173129066242803,0.030590309517850203,0.0014614850346887942,0.3445832423070318,0.19341142735373576,0.1,2.7755575615628914e-17,0.0,1.0,0.7079453469759027
422,1.0,0.09999999999999998,0.7169220448977046,0.030457508362542445,0.0014614850346887942,0.34464161504413143,0.19346142150206283,0.1,2.7755575615628914e-17,0.0,1.0,0.7079453469759027
423,1.0,0.09999999999999998,0.7165558552025317,0.030313093726902465,0.0014864062785297904,0.3446963211152469,0.19350828336800818,0.1,2.7755575615628914e-17,0.0,1.0,0.7104125501161613
424,1.0,0.09999999999999998,0.7161663373222771,0.030168903072597262,0.0015099701018444203,0.34475453131254863,0.19355815550260486,0.1,2.7755575615628914e-17,0.0,1.0,0.708079731608013
425,1.0,0.09999999999999998,0.7157337541324982,0.03003306324638008,0.0015534704144954657,0.34481920030638186,0.19361357166329518,0.1,2.7755575615628914e-17,0.0,1.0,0.7037732006555595
426,1.0,0.09999999999999998,0.7152856929277732,0.029896711932999056,0.0015691047730267628,0.34488620876879345,0.19367100410319882,0.1,2.7755575615628914e-17,0.0,1.0,0.702225399160961
427,1.0,0.09999999999999998,0.7148376317230484,0.02975298914667283,0.0015691047730267628,0.3449532432796778,0.1937284706260839,0.1,2.7755575615628914e-17,0.0,1.0,0.702225399160961
428,1.0,0.09999999999999998,0.7143564670522895,0.02961721905930022,0.0016025426175054847,0.3450252594292384,0.1937902208537876,0.1,2.7755575615628914e-17,0.0,1.0,0.6989150525575676
429,1.0,0.09999999999999998,0.7138753023815306,0.029472969439307405,0.0016025426175054847,0.34509730565481,0.19385201045935255,0.1,2.7755575615628914e-17,0.0,1.0,0.6989150525575676
430,1.0,0.09999999999999998,0.7133941377107718,0.029320115133698706,0.0016025426175054847,0.3451693819752375,0.19391383948045737,0.1,2.7755575615628914e-17,0.0,1.0,0.6989150525575676
431,1.0,0.09999999999999998,0.7128685017761274,0.029183216726822038,0.0016474630860766962,0.3452481543103918,0.1939814280926656,0.1,2.7755575615628914e-17,0.0,1.0,0.6944679261690176
432,1.0,0.09999999999999998,0.7123288951087939,0.029045091053191897,0.0015951832869772046,0.3453290577224443,0.19405086215256775,0.1,2.7755575615628914e-17,0.0,1.0,0.6930708529001273
433,1.0,0.09999999999999998,0.7116248040367114,0.02888897221271065,0.00162674220039113,0.34543467937025024,0.1941415360742048,0.1,2.7755575615628914e-17,0.0,1.0,0.683195185804943
434,1.0,0.09999999999999998,0.7107874718841595,0.028677104680012614,0.0016456323203814106,0.3455603728296806,0.19424947935570794,0.1,2.7755575615628914e-17,0.0,1.0,0.6766224124252032
435,1.0,0.09999999999999998,0.7099031132166005,0.028351605778284154,0.0016422815760376442,0.3456932248858573,0.19436361539367789,0.1,2.7755575615628914e-17,0.0,1.0,0.6766224124252032
436,1.0,0.09999999999999998,0.7090011302900464,0.028004657518973203,0.0016493201018983597,0.3458288297980908,0.19448016427845352,0.1,2.7755575615628914e-17,0.0,1.0,0.6751917102157308
437,1.0,0.09999999999999998,0.708023030920812,0.027698890402144124,0.0017110070560113287,0.34597599840777377,0.19460670654765838,0.1,2.7755575615628914e-17,0.0,1.0,0.6683139540969563
438,1.0,0.09999999999999998,0.707021201511981,0.02736114887545549,0.0017271914630624934,0.3461268674388911,0.19473648973631905,0.1,2.7755575615628914e-17,0.0,1.0,0.666711697798891
439,1.0,0.09999999999999998,0.7060184361910177,0.026983379060203982,0.0017254112710052014,0.34627800923258556,0.1948665676320598,0.1,2.7755575615628914e-17,0.0,1.0,0.6666181065856647
440,1.0,0.09999999999999998,0.7049011306007141,0.02674049258289348,0.00183838295491574,0.34644657065692563,0.19501170843390817,0.1,2.7755575615628914e-17,0.0,1.0,0.6554339098785213
441,1.0,0.09999999999999998,0.7037838250104106,0.02644822107591852,0.00183838295491574,0.34661529626605725,0.1951570656048814,0.1,2.7755575615628914e-17,0.0,1.0,0.6554339098785213
442,1.0,0.09999999999999998,0.7026665194201069,0.02610490584203077,0.0017490603923337922,0.3467841862999801,0.19530263962916997,0.1,2.7755575615628914e-17,0.0,1.0,0.6554339098785213
443,1.0,0.09999999999999998,0.7016376431667595,0.02591798427517642,0.0017490603923337922,0.34693985513073,0.19543688437937612,0.1,2.7755575615628914e-17,0.0,1.0,0.6554339098785213
444,1.0,0.09999999999999998,0.7006087669134121,0.025688529270199337,0.0017490603923337922,0.34709566378139456,0.19557131380756726,0.1,2.7755575615628914e-17,0.0,1.0,0.6554339098785213
445,1.0,0.09999999999999998,0.6995798906600647,0.025415388853096046,0.0017490603923337922,0.34725161244043545,0.19570592829509292,0.1,2.7755575615628914e-17,0.0,1.0,0.6554339098785213
446,1.0,0.09999999999999998,0.6985510144067171,0.025097136736147108,0.0017490603923337922,0.3474077012966529,0.19584072822435306,0.1,2.7755575615628914e-17,0.0,1.0,0.6554339098785213
447,1.0,0.09999999999999998,0.6975221381533694,0.024732031486763187,0.0017385970678736758,0.34756393053918694,0.19597571397880204,0.1,2.7755575615628914e-17,0.0,1.0,0.6554339098785213
448,1.0,0.09999999999999998,0.6964887647491323,0.024369560921329025,0.0017461423940788004,0.3477209841486236,0.19611147718007602,0.1,2.7755575615628914e-17,0.0,1.0,0.6539483256680152
449,1.0,0.09999999999999998,0.6954627773140573,0.023976024264832713,0.001742791649735034,0.3478770557080801,0.19624645624026224,0.1,2.7755575615628914e-17,0.0,1.0,0.6539483256680152
450,1.0,0.09999999999999998,0.6944233753866957,0.02356930942862829,0.0017121908559771715,0.34803531078595334,0.19638338971120348,0.1,2.7755575615628914e-17,0.0,1.0,0.6522751527493418
451,1.0,0.09999999999999998,0.6934309999743411,0.02323145199332825,0.0016317458987064038,0.3481865402191777,0.19651430622853444,0.1,2.7755575615628914e-17,0.0,1.0,0.6522751527493418
452,1.0,0.09999999999999998,0.6924222505509701,0.023223437273471828,0.0016517925855683501,0.34834039966568037,0.19664756185699442,0.1,2.7755575615628914e-17,0.0,1.0,0.6426737008778776
453,1.0,0.09999999999999998,0.6914896694263204,0.023329738374940758,0.0016517925855683501,0.34848276256025773,0.1967709165337395,0.1,2.7755575615628914e-17,0.0,1.0,0.6426737008778776
454,1.0,0.09999999999999998,0.690557088301671,0.023398417283726273,0.0016517925855683501,0.34862524186671345,0.19689442606546642,0.1,2.7755575615628914e-17,0.0,1.0,0.6426737008778776
455,1.0,0.09999999999999998,0.6895061035114601,0.02369518882648939,0.0017713922477510101,0.3487859505282806,0.19703380274563073,0.1,2.7755575615628914e-17,0.0,1.0,0.6308333343217942
456,1.0,0.09999999999999998,0.6881155949625187,0.024975371251371208,0.0021143455393985494,0.34899880443571313,0.19721850899831886,0.1,2.7755575615628914e-17,0.0,1.0,0.5968809584486878
457,1.0,0.09999999999999998,0.6867250864135771,0.026119137365450868,0.0021143455393985494,0.34921191829887005,0.197403561875913,0.1,2.7755575615628914e-17,0.0,1.0,0.5968809584486878
458,1.0,0.09999999999999998,0.6853345778646355,0.027143737329951532,0.0021143455393985494,0.3494252925942632,0.19758896235505843,0.1,2.7755575615628914e-17,0.0,1.0,0.5968809584486878
459,1.0,0.09999999999999998,0.6837945106740196,0.02856125137061075,0.0022654148744230625,0.3496619212778627,0.19779471079317312,0.1,2.7755575615628914e-17,0.0,1.0,0.581925094281261
460,1.0,0.09999999999999998,0.6820625332533762,0.030530618248572863,0.0024592635916224396,0.3499284198109951,0.19802661038134717,0.1,2.7755575615628914e-17,0.0,1.0,0.5627340712785227
461,1.0,0.09999999999999998,0.6802650974075685,0.03253171202009471,0.002525383213000592,0.3502054202896222,0.198267850077757,0.1,2.7755575615628914e-17,0.0,1.0,0.5561882287620856
462,1.0,0.09999999999999998,0.6782313223763758,0.03523312333523321,0.0025170025012920864,0.3505193719913945,0.1985415193726926,0.1,2.7755575615628914e-17,0.0,1.0,0.5325543102235999
463,1.0,0.09999999999999998,0.676405795221239,0.03807815264431052,0.002474930347526407,0.3508016564703805,0.19878781058296377,0.1,2.7755575615628914e-17,0.0,1.0,0.5289154888315337
464,1.0,0.09999999999999998,0.6746230627044743,0.040833712364227275,0.0024549591254428957,0.35107776268719687,0.19902891859572597,0.1,2.7755575615628914e-17,0.0,1.0,0.5253909880538854
465,1.0,0.09999999999999998,0.6728441593909616,0.04355373909728305,0.0024772788751891072,0.35135370941651844,0.19927009242185248,0.1,2.7755575615628914e-17,0.0,1.0,0.5202722566151738
466,1.0,0.09999999999999998,0.6710103907827377,0.04634273491188915,0.0025620829730170075,0.3516386213811179,0.1995193171492444,0.1,2.7755575615628914e-17,0.0,1.0,0.5118766509302117
467,1.0,0.09999999999999998,0.6691766221745137,0.04890444309320006,0.0025285480753187125,0.35192399578970657,0.19976916606208445,0.1,2.7755575615628914e-17,0.0,1.0,0.5118766509302117
468,1.0,0.09999999999999998,0.6673959088526974,0.051230073728053445,0.002537876503259618,0.35220155727414554,0.20001238583488984,0.1,2.7755575615628914e-17,0.0,1.0,0.5138622246988274
469,1.0,0.09999999999999998,0.6655987609050676,0.05347790736526968,0.002546481081987609,0.3524821246967809,0.20025845154568467,0.1,2.7755575615628914e-17,0.0,1.0,0.5111567027150283
470,1.0,0.09999999999999998,0.6637756512685141,0.05570946656930926,0.0025713177271380946,0.3527672023184985,0.20050869133551558,0.1,2.7755575615628914e-17,0.0,1.0,0.5067068651329112
471,1.0,0.09999999999999998,0.6619556989456521,0.057851733344882326,0.0025779943544401627,0.35305224653454603,0.20075912229964413,0.1,2.7755575615628914e-17,0.0,1.0,0.5050315867898636
472,1.0,0.09999999999999998,0.6601022695170873,0.05998110243641973,0.002616369789498294,0.3533430078180051,0.20101480356581475,0.1,2.7755575615628914e-17,0.0,1.0,0.5006695839794235
473,1.0,0.09999999999999998,0.6581878126920944,0.06215729165371093,0.0026810294988862974,0.3536438461868596,0.20127958826017842,0.1,2.7755575615628914e-17,0.0,1.0,0.4940040095969349
474,1.0,0.09999999999999998,0.6562858317152994,0.06417917600468823,0.0026907145913884667,0.3539432318009541,0.20154333911603403,0.1,2.7755575615628914e-17,0.0,1.0,0.49498733126365235
475,1.0,0.09999999999999998,0.6543927927465226,0.06606375187532042,0.0026745782292933963,0.35424171363741547,0.20180653722091701,0.1,2.7755575615628914e-17,0.0,1.0,0.495857034556499
476,1.0,0.09999999999999998,0.6525419337198772,0.06781444877250105,0.002692262987604968,0.3545340319432375,0.20206453632279936,0.1,2.7755575615628914e-17,0.0,1.0,0.4976078256293446
477,1.0,0.09999999999999998,0.6506744035403011,0.06950870389986112,0.0026851219618453,0.35482947261770875,0.20232552876739365,0.1,2.7755575615628914e-17,0.0,1.0,0.49594071033629006
478,1.0,0.09999999999999998,0.6488418227826078,0.07110050750308938,0.002696443834017027,0.3551198633919488,0.20258229316948392,0.1,2.7755575615628914e-17,0.0,1.0,0.49706157568129106
479,1.0,0.09999999999999998,0.6470499018101853,0.07252832343886888,0.002737514324189445,0.3554042711913388,0.20283399165156973,0.1,2.7755575615628914e-17,0.0,1.0,0.5011275542083604
480,1.0,0.09999999999999998,0.6452089028431169,0.07398241003026146,0.0027870880561547233,0.3556969433174769,0.20309323598087634,0.1,2.7755575615628914e-17,0.0,1.0,0.49621975474379787
481,1.0,0.09999999999999998,0.6433941831746003,0.07531262976282066,0.0028047278682372463,0.35598590983883655,0.20334942911520176,0.1,2.7755575615628914e-17,0.0,1.0,0.49884768459898243
482,1.0,0.09999999999999998,0.6415585790283498,0.0765948394944622,0.0028169183663623925,0.35627867993475465,0.20360922900986433,0.1,2.7755575615628914e-17,0.0,1.0,0.49764082528459297
483,1.0,0.09999999999999998,0.6397487548446389,0.07776598124155389,0.002842958732564083,0.3565678100952467,0.20386603091303512,0.1,2.7755575615628914e-17,0.0,1.0,0.5002188215385603
484,1.0,0.09999999999999998,0.637966567904199,0.07883044159571378,0.0028708751399083993,0.35685298398877663,0.20411954508370428,0.1,2.7755575615628914e-17,0.0,1.0,0.5029825458656476
485,1.0,0.09999999999999998,0.6362012334618136,0.0798130025411656,0.00288789786521598,0.3571359113123843,0.2043712843628696,0.1,2.7755575615628914e-17,0.0,1.0,0.5046677956710981
486,0.99,0.08999999999999997,0.6344566913845022,0.08071186928867721,0.002908900254179776,0.37066407241937327,0.22614081302961658,0.1,2.7755575615628914e-17,0.0,0.0,0.5067470321785139
487,0.99,0.08999999999999997,0.632798184439599,0.08143505025899353,0.0029958044283294144,0.37095084603712836,0.22640345817346239,0.1,2.7755575615628914e-17,0.0,1.0,0.5153505454193281
488,0.99,0.08999999999999997,0.631144608110121,0.08211143812008802,0.002985709207705819,0.3712372092021392,0.22666593056365475,0.1,2.7755575615628914e-17,0.0,1.0,0.5158436069618391
489,0.99,0.08999999999999997,0.6295028667597002,0.08270346895559148,0.0030127393722510524,0.3715219605364007,0.22692712713698934,0.1,2.7755575615628914e-17,0.0,1.0,0.5185195932518172
490,0.99,0.08999999999999997,0.627863375603829,0.0832559732207806,0.003015012296038487,0.37180675785040457,0.22718856714089644,0.1,2.7755575615628914e-17,0.0,1.0,0.5187446127067732
491,0.99,0.08999999999999997,0.6262349446858423,0.0837586361638067,0.0030261842534975996,0.3720900664363047,0.2274488404385377,0.1,2.7755575615628914e-17,0.0,1.0,0.5198506364952253
492,0.99,0.08999999999999997,0.624608413800057,0.08422446135722786,0.0030281034779433827,0.3723734757841718,0.2277094060434182,0.1,2.7755575615628914e-17,0.0,1.0,0.5200406397153579
493,0.99,0.08999999999999997,0.6230244661414294,0.08460574344257484,0.003071116838708628,0.3726498805920742,0.22796372434580411,0.1,2.7755575615628914e-17,0.0,1.0,0.5242989624311172
494,0.99,0.08999999999999997,0.621355218472432,0.08505750208075753,0.0031572784653446013,0.37294161499991624,0.22823235390971477,0.1,2.7755575615628914e-17,0.0,1.0,0.5157689613941558
495,0.98,0.07999999999999996,0.6197158009015866,0.08543852237641139,0.0031874098776195096,0.3876986008112938,0.25252801812703546,0.1,2.7755575615628914e-17,0.0,0.0,0.5187519712093718
496,0.98,0.07999999999999996,0.6180806038164287,0.08578165037166033,0.003191672994475324,0.3880079364717605,0.25282019919433585,0.1,2.7755575615628914e-17,0.0,1.0,0.5191740197780974
497,0.98,0.07999999999999996,0.6164259754335265,0.0861145274307072,0.0032113005679544255,0.38832145087826836,0.25311654132140166,0.1,2.7755575615628914e-17,0.0,1.0,0.5172308900036664
498,0.98,0.07999999999999996,0.6146373979852071,0.08657576876675903,0.0033466026542342464,0.3886609159096317,0.25343765591885536,0.1,2.7755575615628914e-17,0.0,1.0,0.5038359834619641
499,0.98,0.07999999999999996,0.6128721141512754,0.08696891819836433,0.0033701315576559754,0.3889965423731065,0.2537553883805527,0.1,2.7755575615628914e-17,0.0,1.0,0.5061653449007153
500,0.98,0.07999999999999996,0.6111355751341236,0.08729053801098022,0.0033991667261207134,0.38932726975486004,0.2540687253616591,0.1,2.7755575615628914e-17,0.0,1.0,0.5090398265787244
501,0.98,0.07999999999999996,0.6094167549089337,0.08755642054170312,0.0034170644957789657,0.3896551768182691,0.25437962815184334,0.1,2.7755575615628914e-17,0.0,1.0,0.5108117057748913
502,0.98,0.07999999999999996,0.6076979346837438,0.08778785134613856,0.0031110705890150625,0.3899836367002816,0.2546912927750537,0.1,2.7755575615628914e-17,0.0,1.0,0.5108117057748913
503,0.98,0.07999999999999996,0.6056761804908574,0.08766772856284556,0.0031110705890150625,0.3903706955375389,0.2550588656893289,0.1,2.7755575615628914e-17,0.0,1.0,0.5108117057748913
504,0.98,0.07999999999999996,0.6035672271918184,0.08759751028393996,0.003199150494219776,0.3907752679662678,0.2554434244785849,0.1,2.7755575615628914e-17,0.0,1.0,0.5020917951596247
505,0.98,0.07999999999999996,0.6014131427822903,0.08752880840296899,0.003244737474512017,0.3911893647601455,0.25583741169009155,0.1,2.7755575615628914e-17,0.0,1.0,0.49757868411069284
506,0.98,0.07999999999999996,0.5992744225607534,0.08738924150405572,0.0032602568563216095,0.3916013771414044,0.25622979297173554,0.1,2.7755575615628914e-17,0.0,1.0,0.4991151029098426
507,0.97,0.06999999999999995,0.5971397076630083,0.08719251626277338,0.003264302637929296,0.4080079459314301,0.2836118802800332,0.1,2.7755575615628914e-17,0.0,0.0,0.49951563528900356
508,0.97,0.06999999999999995,0.5950816675283275,0.08686204587514046,0.003341751893549822,0.4084392414679973,0.2840317129889671,0.1,2.7755575615628914e-17,0.0,1.0,0.5071831115954357
509,0.96,0.05999999999999994,0.5929320783915566,0.08657696601569685,0.0034342256330347275,0.4263226330891491,0.31438968468386475,0.1,2.7755575615628914e-17,0.0,0.0,0.49802821138643005
510,0.96,0.05999999999999994,0.5906368356155425,0.0864060523804385,0.003581350521159288,0.42684788203736973,0.31491038234570423,0.1,2.7755575615628914e-17,0.0,1.0,0.48346284746209855
511,0.95,0.04999999999999993,0.5883381440511147,0.08617789182488228,0.0035848341458193556,0.4464556260947032,0.34860803460274303,0.1,2.7755575615628914e-17,0.0,0.0,0.48311796862075185
512,0.95,0.04999999999999993,0.5861105854977606,0.08580526164223548,0.00365668567215627,0.4470146807355864,0.34917021538389037,0.1,2.7755575615628914e-17,0.0,1.0,0.4902312697281064
513,0.95,0.04999999999999993,0.5838642996035257,0.08539364844510351,0.0036756021780965055,0.44757985501514386,0.3497389615993012,0.1,2.7755575615628914e-17,0.0,1.0,0.4883585356400231
514,0.95,0.04999999999999993,0.5816596200163204,0.08487594992599384,0.0037176287508538033,0.4481359523854785,0.3502989778764822,0.1,2.7755575615628914e-17,0.0,1.0,0.49251916634299553
515,0.95,0.04999999999999993,0.5794549404291152,0.08429743372576187,0.0037176287508538033,0.4486934333256123,0.3508607904717682,0.1,2.7755575615628914e-17,0.0,1.0,0.49251916634299553
516,0.95,0.04999999999999993,0.5772502608419099,0.08365683812752035,0.0037176287508538033,0.4492523030054575,0.3514244080418958,0.1,2.7755575615628914e-17,0.0,1.0,0.49251916634299553
517,0.95,0.04999999999999993,0.5750301482754484,0.08296821927992352,0.003721860706311415,0.44981649344776886,0.3519938037881663,0.1,2.7755575615628914e-17,0.0,1.0,0.4909758684173646
518,0.95,0.04999999999999993,0.5727904944511796,0.08226420111188648,0.003736699367106891,0.45038708750548706,0.3525700839327796,0.1,2.7755575615628914e-17,0.0,1.0,0.48789740830131656
519,0.95,0.04999999999999993,0.5705458561257798,0.08154196269853914,0.0037552126933260268,0.45096040574573465,0.3531495430017272,0.1,2.7755575615628914e-17,0.0,1.0,0.4857895254909126
520,0.95,0.04999999999999993,0.5682829344139977,0.08077749036149272,0.003755924356080175,0.4515398732554947,0.3537356532234466,0.1,2.7755575615628914e-17,0.0,1.0,0.4836861233379688
521,0.95,0.04999999999999993,0.5660333070338698,0.07998529668723985,0.0037630305618868206,0.45211741445836245,0.3543202517044201,0.1,2.7755575615628914e-17,0.0,1.0,0.48298260896311085
522,0.95,0.04999999999999993,0.5637574293271473,0.0791484750602707,0.003764624799454452,0.45270320015537463,0.35491364122491825,0.1,2.7755575615628914e-17,0.0,1.0,0.4803575763036567
523,0.95,0.04999999999999993,0.5614317138467144,0.07821643837490522,0.003766480917864841,0.45330338379241103,0.35552208175863625,0.1,2.7755575615628914e-17,0.0,1.0,0.47784100207287983
524,0.95,0.04999999999999993,0.5590546768117923,0.07733056248919983,0.003798384382558018,0.4539184583947563,0.3561461082318629,0.1,2.7755575615628914e-17,0.0,1.0,0.4703760281158018
525,0.95,0.04999999999999993,0.5567097401522944,0.07645703641212738,0.0037938257150372206,0.4545268644930919,0.3567638578042142,0.1,2.7755575615628914e-17,0.0,1.0,0.46927953470576234
526,0.95,0.04999999999999993,0.5543456883174833,0.0755708320866503,0.0038287683314605363,0.4551418832990912,0.35738881617138724,0.1,2.7755575615628914e-17,0.0,1.0,0.4658202156798541
527,0.95,0.04999999999999993,0.5519624029533109,0.07462168870259402,0.0038147582944175495,0.45576359282262424,0.3580210793410652,0.1,2.7755575615628914e-17,0.0,1.0,0.46389686274371633
528,0.95,0.04999999999999993,0.5496122210551724,0.07365105329416188,0.0038147582944175495,0.4563783323881617,0.35864675500467225,0.1,2.7755575615628914e-17,0.0,1.0,0.46389686274371633
529,0.95,0.04999999999999993,0.5472620391570339,0.07259140560661036,0.0038147582944175495,0.45699473253014894,0.3592746213513826,0.1,2.7755575615628914e-17,0.0,1.0,0.46389686274371633
530,0.95,0.04999999999999993,0.5449470650370499,0.0713997057270346,0.003805401238123723,0.45760352846085023,0.3598952346243662,0.1,2.7755575615628914e-17,0.0,1.0,0.46741764055917745
531,0.95,0.04999999999999993,0.5427166873125586,0.0701671281760408,0.003831819822889531,0.45819161326960284,0.3604952001338456,0.1,2.7755575615628914e-17,0.0,1.0,0.47143015371988284
532,0.95,0.04999999999999993,0.5404889911528565,0.06888279516496747,0.003743468809705573,0.4587805017863103,0.36109644438609684,0.1,2.7755575615628914e-17,0.0,1.0,0.47030123692991044
533,0.95,0.04999999999999993,0.5383728178969526,0.06770670675967806,0.003689972344098492,0.4593413130438175,0.361669449557529,0.1,2.7755575615628914e-17,0.0,1.0,0.4715778602145493
534,0.95,0.04999999999999993,0.536333215413405,0.06657392551397998,0.0037009249082994625,0.45988313120887553,0.36222344500618636,0.1,2.7755575615628914e-17,0.0,1.0,0.47266216407044537
535,0.94,0.039999999999999925,0.5342941861490001,0.06535737445564928,0.003687052380065199,0.48264847042252823,0.4009327826226972,0.1,2.7755575615628914e-17,0.0,0.0,0.4727194859847257
536,0.94,0.039999999999999925,0.532276423277426,0.06407851546191769,0.0036246097634471375,0.48324028987875417,0.4015422012500539,0.1,2.7755575615628914e-17,0.0,1.0,0.4734154230583121
537,0.94,0.039999999999999925,0.5303237843628773,0.06286699344726879,0.0036121158656507286,0.4838143916688932,0.4021337171985924,0.1,2.7755575615628914e-17,0.0,1.0,0.47305006264209126
538,0.94,0.039999999999999925,0.5283466516358124,0.061643662925403346,0.0036520961316756856,0.4843970865085249,0.4027344314132157,0.1,2.7755575615628914e-17,0.0,1.0,0.4689984250923942
539,0.94,0.039999999999999925,0.5262892190793598,0.060415582729025245,0.003621180752330537,0.48500493918500337,0.4033614517031479,0.1,2.7755575615628914e-17,0.0,1.0,0.4608748509404206
540,0.94,0.039999999999999925,0.5243059246724151,0.05939015881733055,0.0036592654165364174,0.4855923341403932,0.4039677286928917,0.1,2.7755575615628914e-17,0.0,1.0,0.45710446918403846
541,0.94,0.039999999999999925,0.5223024087860286,0.058302233886193974,0.003679691153346112,0.48618716452338806,0.4045820405501127,0.1,2.7755575615628914e-17,0.0,1.0,0.4550823212398787
542,0.94,0.039999999999999925,0.5202907072254083,0.05713279402252889,0.00368795951115822,0.4867858932115932,0.40520074497643843,0.1,2.7755575615628914e-17,0.0,1.0,0.45426375381648
543,0.94,0.039999999999999925,0.518277924825603,0.0558677584946928,0.0036890512679105493,0.48738642123388537,0.4058216785446446,0.1,2.7755575615628914e-17,0.0,1.0,0.4541556698979994
544,0.94,0.039999999999999925,0.5162329577945456,0.054536727347573255,0.0037215609964481307,0.48799807109763893,0.4064544928914764,0.1,2.7755575615628914e-17,0.0,1.0,0.4509372067727788
545,0.94,0.039999999999999925,0.5141775271063804,0.05310624773399423,0.003732130347061904,0.48861439958987524,0.40709253705502574,0.1,2.7755575615628914e-17,0.0,1.0,0.44989084106201527
546,0.94,0.039999999999999925,0.5121186157744954,0.05155848412615499,0.0037356461487993717,0.48923333451247053,0.4077336731075356,0.1,2.7755575615628914e-17,0.0,1.0,0.449542776690006
547,0.94,0.039999999999999925,0.5100587306740187,0.04987906117285847,0.0037216238523210326,0.48985413329360683,0.40837713647882223,0.1,2.7755575615628914e-17,0.0,1.0,0.4494453998308554
548,0.94,0.039999999999999925,0.5079969307307612,0.048118899691217715,0.0037385639380643843,0.49047708885527186,0.4090232350145289,0.1,2.7755575615628914e-17,0.0,1.0,0.44776833134226357
549,0.94,0.039999999999999925,0.5059215882497875,0.0462171812454227,0.003735342532538682,0.49110573832253274,0.40967564520523825,0.1,2.7755575615628914e-17,0.0,1.0,0.44641407757063467
550,0.94,0.039999999999999925,0.5038629774980004,0.04419284720291194,0.003735342532538682,0.4917309136051471,0.4103248549683422,0.1,2.7755575615628914e-17,0.0,1.0,0.44641407757063467
551,0.94,0.039999999999999925,0.5017962215126067,0.04198119568212426,0.0036465856788941973,0.4923601656955057,0.4109787065585168,0.1,2.7755575615628914e-17,0.0,1.0,0.44559955420997444
552,0.94,0.039999999999999925,0.4998071184287346,0.03992089315561859,0.003665132766968037,0.492967298014782,0.4116099622747543,0.1,2.7755575615628914e-17,0.0,1.0,0.4437633924906643
553,0.94,0.039999999999999925,0.49780859833970154,0.037656983579021475,0.0036746448933931805,0.4935788145165206,0.41224616254887353,0.1,2.7755575615628914e-17,0.0,1.0,0.4428216919745751
554,0.94,0.039999999999999925,0.4958027791546933,0.03514555104339582,0.0035624180554279274,0.49419409180197094,0.4128866669168929,0.1,2.7755575615628914e-17,0.0,1.0,0.4420917823770518
555,0.94,0.039999999999999925,0.4939123626951733,0.032840151563960744,0.003222496016379003,0.49477537551935874,0.41349214502756476,0.1,2.7755575615628914e-17,0.0,1.0,0.441791688369789
556,0.94,0.039999999999999925,0.4923465236876959,0.03160291750975366,0.0032375932958621264,0.4952578914217173,0.41399501107495673,0.1,2.7755575615628914e-17,0.0,1.0,0.4402970577009597
557,0.94,0.039999999999999925,0.4907806846802186,0.030234244358309997,0.0032375932958621264,0.4957413493631586,0.4144991017268335,0.1,2.7755575615628914e-17,0.0,1.0,0.4402970577009597
558,0.94,0.039999999999999925,0.48920748875679204,0.028727967062065485,0.0030939551890692718,0.49622803025049966,0.41500679855711486,0.1,2.7755575615628914e-17,0.0,1.0,0.4395613661060256
559,0.94,0.039999999999999925,0.4877827236714649,0.0276054356334885,0.002901245667399938,0.4966696181790299,0.4154676686673732,0.1,2.7755575615628914e-17,0.0,1.0,0.4394485857485513
560,0.94,0.039999999999999925,0.4865418192620779,0.026990548208861168,0.002843256908736216,0.49705486165264684,0.41586989998657065,0.1,2.7755575615628914e-17,0.0,1.0,0.4386436303398227
561,0.94,0.039999999999999925,0.48536637327785537,0.02648667893132181,0.0026045304588525214,0.4974203348897721,0.4162516323214815,0.1,2.7755575615628914e-17,0.0,1.0,0.4386436303398227
562,0.94,0.039999999999999925,0.48442726647901757,0.026461771905446588,0.0025677746872154895,0.4977127112764618,0.41655711622187913,0.1,2.7755575615628914e-17,0.0,1.0,0.4386436303398227
563,0.94,0.039999999999999925,0.4835245478941005,0.026468469272565052,0.002532173669259446,0.49799408292857217,0.4168511862872863,0.1,2.7755575615628914e-17,0.0,1.0,0.4386436303398227
564,0.94,0.039999999999999925,0.48265707431695987,0.026503628708429598,0.0024804693112926626,0.49826476884474863,0.41713416638671935,0.1,2.7755575615628914e-17,0.0,1.0,0.4386436303398227
565,0.94,0.039999999999999925,0.4818407880542063,0.026589449497226154,0.0023956652134647623,0.49851975117134556,0.41740079967116855,0.1,2.7755575615628914e-17,0.0,1.0,0.4386436303398227
566,0.94,0.039999999999999925,0.4811040133497452,0.026767150691218055,0.0024001546059468017,0.49875012075221015,0.41764175399796144,0.1,2.7755575615628914e-17,0.0,1.0,0.4381991804841008
567,0.94,0.039999999999999925,0.48036723864528397,0.02692352528471973,0.0023800983052537144,0.4989807033424051,0.41788298667842744,0.1,2.7755575615628914e-17,0.0,1.0,0.4381991804841008
568,0.94,0.039999999999999925,0.47961060820313667,0.02703453410944116,0.0023527698003668555,0.49921772203464393,0.41813101068194275,0.1,2.7755575615628914e-17,0.0,1.0,0.4381991804841008
569,0.94,0.039999999999999925,0.4788810329808274,0.02715752671318372,0.002307821946002036,0.49944647886369714,0.4183704449382756,0.1,2.7755575615628914e-17,0.0,1.0,0.4381991804841008
570,0.94,0.039999999999999925,0.47819595613433924,0.02731060762355514,0.0022908999425369087,0.4996614742560373,0.41859552535110855,0.1,2.7755575615628914e-17,0.0,1.0,0.4381991804841008
571,0.94,0.039999999999999925,0.4775276320712817,0.027463039555225575,0.002246839308088019,0.499871390615725,0.4188153351705993,0.1,2.7755575615628914e-17,0.0,1.0,0.4381991804841008
572,0.93,0.030000000000000027,0.47690292803632844,0.02763946559074293,0.0021795102739214675,0.5263908767129453,0.46308983136891324,0.1,2.7755575615628914e-17,0.0,0.0,0.4381991804841008
573,0.93,0.030000000000000027,0.4763610599028616,0.027829399601562804,0.002185921325430825,0.526579758971988,0.463287174729854,0.1,2.7755575615628914e-17,0.0,1.0,0.4398171962502446
574,0.93,0.030000000000000027,0.475857118920121,0.02794358770969171,0.0022253792390318616,0.5267555424267613,0.46347085638030777,0.1,2.7755575615628914e-17,0.0,1.0,0.44459323298959386
575,0.93,0.030000000000000027,0.475344480904452,0.02804203337374579,0.00220769448072029,0.5269344800161464,0.46365785751847766,0.1,2.7755575615628914e-17,0.0,1.0,0.44459323298959386
576,0.93,0.030000000000000027,0.47481433497805464,0.028117155054002405,0.0021908549323055976,0.52711965669886,0.46385140401512903,0.1,2.7755575615628914e-17,0.0,1.0,0.44459323298959386
577,0.93,0.030000000000000027,0.47430086020458767,0.028195401481164003,0.0021795330601338705,0.5272991343692934,0.46403901828743177,0.1,2.7755575615628914e-17,0.0,1.0,0.44459323298959386
578,0.93,0.030000000000000027,0.47377617677767064,0.02825509337168928,0.002138462569961453,0.5274826561569925,0.46423088483565644,0.1,2.7755575615628914e-17,0.0,1.0,0.44459323298959386
579,0.93,0.030000000000000027,0.47321505655456536,0.02826351382973436,0.002093154483533888,0.5276790640836663,0.46443625126341775,0.1,2.7755575615628914e-17,0.0,1.0,0.4450155318978275
580,0.93,0.030000000000000027,0.4727140179395776,0.028295346957456988,0.0020777244986047356,0.5278545654030716,0.46461978182440183,0.1,2.7755575615628914e-17,0.0,1.0,0.446115893245026
581,0.93,0.030000000000000027,0.472186700026038,0.02829476121657419,0.0020655340004795894,0.5280393978342838,0.464813095226033,0.1,2.7755575615628914e-17,0.0,1.0,0.446115893245026
582,0.93,0.030000000000000027,0.47167145070564237,0.028295684744782716,0.002039493634277899,0.5282201251259184,0.4650021397581122,0.1,2.7755575615628914e-17,0.0,1.0,0.446115893245026
583,0.93,0.030000000000000027,0.47116518893121373,0.0282332195718156,0.0020466959223949715,0.5283978205074261,0.46518803660009483,0.1,2.7755575615628914e-17,0.0,1.0,0.44959264409570343
584,0.93,0.030000000000000027,0.4706401808999569,0.02812460953325397,0.002038653991473822,0.5285822220538354,0.46538097403263573,0.1,2.7755575615628914e-17,0.0,1.0,0.4504817427399601
585,0.93,0.030000000000000027,0.4700983203706455,0.027985440664480287,0.002017651602510026,0.5287726778164724,0.4655802725637185,0.1,2.7755575615628914e-17,0.0,1.0,0.4504817427399601
586,0.93,0.030000000000000027,0.4695430487962596,0.02780304370004088,0.0019382033071479582,0.5289679897960176,0.46578468089798714,0.1,2.7755575615628914e-17,0.0,0.0,0.45121987473992964
587,0.92,0.020000000000000018,0.4689031450635944,0.0274758560332684,0.001934640033111205,0.5587625884113074,0.5150322673677408,0.1,2.7755575615628914e-17,0.0,0.0,0.451360172152802
588,0.91,0.010000000000000009,0.4682594223421291,0.02712034100581845,0.0019087327237428007,0.5921156233187285,0.5694886866493027,0.1,2.7755575615628914e-17,0.0,0.0,0.4514713348153081
589,0.9,0.0,0.46759524819415765,0.026691224896484574,0.001912831957928837,0.6297133624575771,0.6297133624575771,0.1,2.7755575615628914e-17,0.0,0.0,0.4521021784546817
590,0.9,0.0,0.4669311731648564,0.026232537502296902,0.0019040330441258823,0.6300446891737433,0.6300446891737433,0.1,2.7755575615628914e-17,0.0,1.0,0.4523371097766413
591,0.89,-0.010000000000000009,0.4662674503990057,0.02571984801184526,0.0019136415988065074,0.5929951842810325,0.570387962974162,0.1,2.7755575615628914e-17,0.0,0.0,0.4534783599101557
592,0.89,-0.010000000000000009,0.46561117265558016,0.02517080916944898,0.0018800676871589042,0.5932855381695358,0.5706848620670641,0.1,2.7755575615628914e-17,0.0,1.0,0.45441286537280234
593,0.89,-0.010000000000000009,0.46492624212494604,0.024487126609855463,0.0018079772119866026,0.5935888721610818,0.5709950534391613,0.1,2.7755575615628914e-17,0.0,1.0,0.4558059093677058
594,0.89,-0.010000000000000009,0.4643609053754716,0.023953576198664454,0.001812485972226946,0.5938394756275939,0.5712513373149685,0.1,2.7755575615628914e-17,0.0,1.0,0.45923528644671574
595,0.9,0.0,0.46376573852784503,0.023325917525303518,0.0018082228553711315,0.6316288223396354,0.6316288223396354,0.1,2.7755575615628914e-17,0.0,1.0,0.45923528644671574
596,0.9,0.0,0.4631884216023986,0.02265211556685629,0.0018108886231722645,0.6319185983367036,0.6319185983367036,0.1,2.7755575615628914e-17,0.0,1.0,0.4614423272334589
597,0.89,-0.010000000000000009,0.46262870739107625,0.021991734454863254,0.001677433591054336,0.5946086465449565,0.5720380282570096,0.1,2.7755575615628914e-17,0.0,0.0,0.46125946887143154
598,0.88,-0.020000000000000018,0.462210609429047,0.02159825948359354,0.0016616493178104217,0.5614026710990937,0.517773519008051,0.1,2.7755575615628914e-17,0.0,0.0,0.4620261872590352
599,0.87,-0.030000000000000027,0.4617934619226833,0.02114333909994713,0.001657103108995283,0.5317089768052333,0.4686563316973825,0.1,2.7755575615628914e-17,0.0,0.0,0.46445059426434554
600,0.86,-0.040000000000000036,0.4613718686250752,0.02061066803611423,0.001663749809574994,0.5050000305904675,0.42420006133332416,0.1,2.7755575615628914e-17,0.0,0.0,0.4668804968179039
601,0.86,-0.040000000000000036,0.46093345932196256,0.020011944852555204,0.0016646617150874606,0.5051406704888659,0.4243481137834791,0.1,2.7755575615628914e-17,0.0,1.0,0.4669707754636381
602,0.85,-0.050000000000000044,0.46049070163370426,0.019383430688983523,0.0016690540233156113,0.4809797082152342,0.38410143868375896,0.1,2.7755575615628914e-17,0.0,0.0,0.46653593694905116
603,0.84,-0.06000000000000005,0.46001890023263065,0.018715539116028416,0.001610311201762536,0.4590321863420485,0.3476799883168839,0.1,2.7755575615628914e-17,0.0,0.0,0.46363156566753894
604,0.84,-0.06000000000000005,0.4596364692157096,0.018236516641281255,0.0015669174315711828,0.4591335448741985,0.3477859494432498,0.1,2.7755575615628914e-17,0.0,1.0,0.4638486934675268
605,0.84,-0.06000000000000005,0.45932046962513495,0.017845918548682175,0.0015729135203241481,0.45921733037218926,0.3478735529913608,0.1,2.7755575615628914e-17,0.0,1.0,0.46597872505322013
606,0.84,-0.06000000000000005,0.45898910584656877,0.01740615414625716,0.001568867738716462,0.4593052224494345,0.34796546331993483,0.1,2.7755575615628914e-17,0.0,1.0,0.46597872505322013
607,0.85,-0.050000000000000044,0.45865373674421084,0.016938898476834423,0.001491418483095935,0.4815147186085039,0.3846641696405902,0.1,2.7755575615628914e-17,0.0,1.0,0.46597872505322013
608,0.85,-0.050000000000000044,0.45824169287878874,0.016240137122704223,0.0013989447436110294,0.48163488859161313,0.38479062054728697,0.1,2.7755575615628914e-17,0.0,1.0,0.46597872505322013
609,0.86,-0.040000000000000036,0.4579211980154566,0.015760973413019467,0.0012518198554864687,0.5061091137451068,0.4253681667880737,0.1,2.7755575615628914e-17,0.0,1.0,0.46597872505322013
610,0.86,-0.040000000000000036,0.45774635679136777,0.015572514001514243,0.001248336230826401,0.5061654393061877,0.42542752451249843,0.1,2.7755575615628914e-17,0.0,1.0,0.46597872505322013
611,0.87,-0.030000000000000027,0.4575749643556925,0.015385524006810059,0.0011764847044894865,0.5332130105320987,0.47023445205806996,0.1,2.7755575615628914e-17,0.0,1.0,0.46597872505322013
612,0.87,-0.030000000000000027,0.4573324389089436,0.015056474338458439,0.0011575681985492511,0.5332997375598534,0.4703255028385727,0.1,2.7755575615628914e-17,0.0,1.0,0.46597872505322013
613,0.87,-0.030000000000000027,0.45710864080307556,0.014756989183762772,0.0011155416257919535,0.53337979272847,0.4704095541424931,0.1,2.7755575615628914e-17,0.0,1.0,0.46597872505322013
614,0.87,-0.030000000000000027,0.45684323639017776,0.01435081952444596,0.0011155416257919535,0.5334747621118403,0.4705092703710853,0.1,2.7755575615628914e-17,0.0,1.0,0.46597872505322013
615,0.87,-0.030000000000000027,0.4565778319772801,0.013927757654122788,0.0011155416257919535,0.5335697653202264,0.47060902888382916,0.1,2.7755575615628914e-17,0.0,1.0,0.46597872505322013
616,0.87,-0.030000000000000027,0.4563124275643823,0.013486213942984937,0.0010999527578562879,0.5336648023717026,0.47070882970762595,0.1,2.7755575615628914e-17,0.0,1.0,0.46597872505322013
617,0.87,-0.030000000000000027,0.45606245613074087,0.01306653406807137,0.0010688572011285295,0.5337543440861496,0.4708028659377901,0.1,2.7755575615628914e-17,0.0,1.0,0.46597872505322013
618,0.87,-0.030000000000000027,0.45583475576112664,0.012703131510545388,0.0010561649880266792,0.5338359342873934,0.4708885567691853,0.1,2.7755575615628914e-17,0.0,1.0,0.46512737133989934
619,0.87,-0.030000000000000027,0.4556281342196165,0.012378105770274333,0.0010349185016333075,0.5339099930570648,0.47096634197252096,0.1,2.7755575615628914e-17,0.0,1.0,0.46512737133989934
620,0.87,-0.030000000000000027,0.4554425466996358,0.012091852929040444,0.0010278122958266617,0.5339765301816146,0.4710362305721672,0.1,2.7755575615628914e-17,0.0,1.0,0.46512737133989934
621,0.87,-0.030000000000000027,0.4552639943234037,0.011812469441012394,0.0010012968144180341,0.5340405607103857,0.4711034894558158,0.1,2.7755575615628914e-17,0.0,1.0,0.46512737133989934
622,0.87,-0.030000000000000027,0.45511169227376613,0.011583920833475446,0.000975876872693015,0.5340951897668555,0.47116087528686273,0.1,2.7755575615628914e-17,0.0,1.0,0.46512737133989934
623,0.87,-0.030000000000000027,0.4549845559664363,0.011402104247361622,0.0009004730953487927,0.5341408007102164,0.47120878963482116,0.1,2.7755575615628914e-17,0.0,1.0,0.46512737133989934
624,0.87,-0.030000000000000027,0.4549320693986773,0.011343060403421179,0.0008893974043382929,0.5341596328658081,0.4712285732911755,0.1,2.7755575615628914e-17,0.0,1.0,0.46512737133989934
625,0.87,-0.030000000000000027,0.4548905477650186,0.011297975016742894,0.0008544547879149773,0.5341745317490572,0.47124422513393666,0.1,2.7755575615628914e-17,0.0,1.0,0.46512737133989934
626,0.87,-0.030000000000000027,0.4548836193216191,0.011291480887703131,0.0008350269804792424,0.5341770179091588,0.4712468369557773,0.1,2.7755575615628914e-17,0.0,1.0,0.46512737133989934
627,0.87,-0.030000000000000027,0.4548946629788339,0.011300827104816745,0.0008363011509308778,0.5341730550819463,0.4712426738316095,0.1,2.7755575615628914e-17,0.0,1.0,0.46500122846518743
628,0.87,-0.030000000000000027,0.4549057066360486,0.011310154815201565,0.0008363011509308778,0.5341690923135305,0.4712385107809975,0.1,2.7755575615628914e-17,0.0,1.0,0.46500122846518743
629,0.87,-0.030000000000000027,0.4549167502932634,0.011319464064608546,0.0008007377386534928,0.5341651296039098,0.4712343478039392,0.1,2.7755575615628914e-17,0.0,1.0,0.46500122846518743
630,0.87,-0.030000000000000027,0.45489258617232353,0.011295305539507076,0.0007602073026867716,0.5341738003038978,0.4712434567191249,0.1,2.7755575615628914e-17,0.0,1.0,0.46500122846518743
631,0.87,-0.030000000000000027,0.45482829691977655,0.011219034236910772,0.0007488041027880606,0.5341968702904268,0.4712676929323283,0.1,2.7755575615628914e-17,0.0,1.0,0.46500122846518743
632,0.87,-0.030000000000000027,0.4547752968351294,0.01115816682240894,0.0007359089180947389,0.5342158906948384,0.4712876751506863,0.1,2.7755575615628914e-17,0.0,1.0,0.46500122846518743
633,0.87,-0.030000000000000027,0.45470953051763574,0.011078032182839283,0.0007249563538937684,0.5342394944640513,0.47131247288067024,0.1,2.7755575615628914e-17,0.0,1.0,0.46500122846518743
634,0.87,-0.030000000000000027,0.45463292116158316,0.010979669758340178,0.0007243773446586136,0.53426699246916,0.47134136235796825,0.1,2.7755575615628914e-17,0.0,1.0,0.46500122846518743
635,0.88,-0.020000000000000018,0.4545557385863878,0.01087892322542532,0.0007173476772486501,0.564453130645803,0.5209449368282161,0.1,2.7755575615628914e-17,0.0,1.0,0.46500122846518743
636,0.88,-0.020000000000000018,0.45447159664045655,0.010764668888633264,0.0007136571679938943,0.5644868453462443,0.5209800127726395,0.1,2.7755575615628914e-17,0.0,1.0,0.46500122846518743
637,0.88,-0.020000000000000018,0.4543911082986875,0.010654987347841061,0.0006727315361787725,0.5645190998591681,0.5210135700730062,0.1,2.7755575615628914e-17,0.0,1.0,0.46500122846518743
638,0.88,-0.020000000000000018,0.4543511363324154,0.010607505224364683,0.0005906752316133824,0.5645351194035063,0.521030236841874,0.1,2.7755575615628914e-17,0.0,1.0,0.46500122846518743
639,0.88,-0.020000000000000018,0.45439240010766313,0.010640776310367334,0.0005525905674075024,0.564518582156716,0.5210130314562541,0.1,2.7755575615628914e-17,0.0,1.0,0.46500122846518743
640,0.88,-0.020000000000000018,0.4544713677004746,0.010689799053817808,0.0005321648305978077,0.5644869370853302,0.5209801082164537,0.1,2.7755575615628914e-17,0.0,1.0,0.46500122846518743
641,0.88,-0.020000000000000018,0.45456536385871765,0.010735983927000972,0.0005291418404725878,0.5644492741676732,0.5209409246772854,0.1,2.7755575615628914e-17,0.0,1.0,0.4644819370641855
642,0.88,-0.020000000000000018,0.4546675456911946,0.010781158764676137,0.0005280500837202584,0.5644083370682397,0.5208983355175908,0.1,2.7755575615628914e-17,0.0,1.0,0.4644819370641855
643,0.88,-0.020000000000000018,0.45477080836285644,0.010825124652480457,0.000495540355182677,0.5643669729843804,0.520855302940524,0.1,2.7755575615628914e-17,0.0,1.0,0.4644819370641855
644,0.88,-0.020000000000000018,0.4549062556657704,0.01086098858138138,0.00048497100456890374,0.564312725845389,0.5207988688640585,0.1,2.7755575615628914e-17,0.0,1.0,0.4644819370641855
645,0.88,-0.020000000000000018,0.4550449257457923,0.010884567368262215,0.0004887692230333319,0.5642571987749997,0.5207411046861716,0.1,2.7755575615628914e-17,0.0,1.0,0.4637578490641978
646,0.88,-0.020000000000000018,0.45518707646953416,0.010904586826248003,0.0004877856183954475,0.5642002893064404,0.5206819039158695,0.1,2.7755575615628914e-17,0.0,1.0,0.4637578490641978
647,0.88,-0.020000000000000018,0.4553302009618676,0.010922199510782554,0.00047084553265209556,0.5641430015900759,0.5206223112028653,0.1,2.7755575615628914e-17,0.0,1.0,0.4637578490641978
648,0.88,-0.020000000000000018,0.4554900961390868,0.010927365166844605,0.00045716620162554103,0.5640790149133696,0.5205557518136114,0.1,2.7755575615628914e-17,0.0,1.0,0.4637578490641978
649,0.88,-0.020000000000000018,0.45566353385402253,0.01091957165379506,0.00045716620162554103,0.5640096252079704,0.5204835743262866,0.1,2.7755575615628914e-17,0.0,1.0,0.4637578490641978
650,0.88,-0.020000000000000018,0.4558369715689581,0.010909015511641558,0.0004489386929320033,0.5639402525723038,0.5204114168516789,0.1,2.7755575615628914e-17,0.0,1.0,0.4637578490641978
651,0.88,-0.020000000000000018,0.4560185545175004,0.01088820476144532,0.0004303916048581638,0.5638676402424525,0.5203358920485851,0.1,2.7755575615628914e-17,0.0,1.0,0.4637578490641978
652,0.88,-0.020000000000000018,0.4562184990832357,0.010844819128761838,0.0004208794784330202,0.5637877070017803,0.520252755552541,0.1,2.7755575615628914e-17,0.0,1.0,0.4637578490641978
653,0.88,-0.020000000000000018,0.4564278606541319,0.010786099537945971,0.0004135066542156133,0.5637040333440032,0.5201657319548935,0.1,2.7755575615628914e-17,0.0,1.0,0.4637578490641978
654,0.88,-0.020000000000000018,0.4566517622010033,0.010718360947659438,0.0004177894218188947,0.563614576104119,0.5200726968557936,0.1,2.7755575615628914e-17,0.0,1.0,0.4644819370641855
655,0.88,-0.020000000000000018,0.45687866468794736,0.010641272250389902,0.0004026921423357708,0.5635239488354081,0.5199784487581977,0.1,2.7755575615628914e-17,0.0,1.0,0.4644819370641855
656,0.88,-0.020000000000000018,0.4571205134815796,0.01053597574377904,0.0004026921423357708,0.5634273839352598,0.5198780300402741,0.1,2.7755575615628914e-17,0.0,1.0,0.4644819370641855
657,0.88,-0.020000000000000018,0.4573623622752119,0.010424006569554702,0.0003952609141041128,0.5633308521239708,0.5197776501007725,0.1,2.7755575615628914e-17,0.0,1.0,0.4644819370641855
658,0.88,-0.020000000000000018,0.45761156798479347,0.010292518558741371,0.0003941217185740693,0.5632314184606361,0.5196742571971862,0.1,2.7755575615628914e-17,0.0,1.0,0.4644819370641855
659,0.88,-0.020000000000000018,0.4578670944119599,0.010154692319813023,0.00039123622354652715,0.563129499258423,0.5195682845952068,0.1,2.7755575615628914e-17,0.0,1.0,0.46500122846518743
660,0.88,-0.020000000000000018,0.4581376132142268,0.009998100868327532,0.00039824917406502817,0.5630216403889863,0.5194561414035019,0.1,2.7755575615628914e-17,0.0,1.0,0.46569551056651903
661,0.88,-0.020000000000000018,0.45840813201649383,0.00983157693311068,0.00039824917406502817,0.5629138228290811,0.5193440466111394,0.1,2.7755575615628914e-17,0.0,1.0,0.46569551056651903
662,0.88,-0.020000000000000018,0.4587356126249802,0.009712467980137144,0.00045578635206450506,0.5627833578977037,0.5192084132870244,0.1,2.7755575615628914e-17,0.0,1.0,0.47139169118846724
663,0.88,-0.020000000000000018,0.4590630932334666,0.009580692899829081,0.00045578635206450506,0.5626529534272835,0.5190728507891584,0.1,2.7755575615628914e-17,0.0,1.0,0.47139169118846724
664,0.88,-0.020000000000000018,0.4593905738419531,0.009435721038617667,0.00045578635206450506,0.5625226093758015,0.5189373590620789,0.1,2.7755575615628914e-17,0.0,1.0,0.47139169118846724
665,0.88,-0.020000000000000018,0.4597180544504395,0.009276933733649255,0.0004512969595824657,0.5623923257012774,0.5188019380503813,0.1,2.7755575615628914e-17,0.0,1.0,0.47139169118846724
666,0.88,-0.020000000000000018,0.46004997955748306,0.009093043703895638,0.0004512969595824657,0.5622603354125408,0.5186647512377028,0.1,2.7755575615628914e-17,0.0,1.0,0.47139169118846724
667,0.88,-0.020000000000000018,0.4603819046645268,0.008892976979056045,0.0004512969595824657,0.5621284070640112,0.5185276369584705,0.1,2.7755575615628914e-17,0.0,1.0,0.47139169118846724
668,0.88,-0.020000000000000018,0.4606942356047509,0.00865366097995056,0.00047108904727893137,0.5620043232198393,0.5183986829801202,0.1,2.7755575615628914e-17,0.0,1.0,0.46943227450651714
669,0.88,-0.020000000000000018,0.4610156396949457,0.00840551017108713,0.00048025384522898954,0.5618766919428894,0.5182660498596576,0.1,2.7755575615628914e-17,0.0,1.0,0.4703395895035729
670,0.88,-0.020000000000000018,0.4613269755673036,0.008126592723119837,0.0004904237622358633,0.5617531140714136,0.5181376362655441,0.1,2.7755575615628914e-17,0.0,1.0,0.4693327677198924
671,0.88,-0.020000000000000018,0.46162636982762173,0.007814531750018457,0.0005024859966195386,0.5616343274185884,0.5180142081155124,0.1,2.7755575615628914e-17,0.0,1.0,0.46813860651590855
672,0.89,-0.010000000000000009,0.4619257640879397,0.007477501575419824,0.00048614240302212604,0.5949213524745224,0.5723578937313183,0.1,2.7755575615628914e-17,0.0,1.0,0.46813860651590855
673,0.89,-0.010000000000000009,0.4622089781905964,0.007164560417392702,0.00043789960767516415,0.5947953244816625,0.5722289777114155,0.1,2.7755575615628914e-17,0.0,1.0,0.46813860651590855
674,0.89,-0.010000000000000009,0.4624563735378995,0.006976679761843285,0.00044996184205883946,0.5946852792310746,0.5721164135158762,0.1,2.7755575615628914e-17,0.0,1.0,0.4693327677198924
675,0.88,-0.020000000000000018,0.46270376888520237,0.006774569071787721,0.00044996184205883946,0.5612072775705924,0.517570526188861,0.1,2.7755575615628914e-17,0.0,0.0,0.4693327677198924
676,0.88,-0.020000000000000018,0.4629511642325053,0.006556912596778876,0.00044996184205883946,0.5611093088723281,0.5174687539956071,0.1,2.7755575615628914e-17,0.0,1.0,0.4693327677198924
677,0.88,-0.020000000000000018,0.46320862779764516,0.006332658778040214,0.0004601317590657132,0.5610073894681694,0.5173628824835519,0.1,2.7755575615628914e-17,0.0,1.0,0.4703395895035729
678,0.87,-0.030000000000000027,0.46347661237963395,0.00610205272747556,0.00046649340327440704,0.5311112434806539,0.46802962525605013,0.1,2.7755575615628914e-17,0.0,0.0,0.47139169118846724
679,0.86,-0.040000000000000036,0.463754752300702,0.005884245092303042,0.0004699022059912052,0.5042369788621391,0.42339715600481703,0.1,2.7755575615628914e-17,0.0,0.0,0.47282952400462874
680,0.85,-0.050000000000000044,0.46402456382351603,0.005684455381805939,0.00047260444358507487,0.4799538180733476,0.3830235020078773,0.1,2.7755575615628914e-17,0.0,0.0,0.47309704552642184
681,0.84,-0.06000000000000005,0.4642985953794995,0.005471031651626828,0.0004768671033522934,0.45790095205208187,0.3464985916713161,0.1,2.7755575615628914e-17,0.0,0.0,0.4735190488433765
682,0.83,-0.07000000000000006,0.4646053404799857,0.00530023026452249,0.00047479239223707835,0.43777774118536317,0.313448551928367,0.1,2.7755575615628914e-17,0.0,0.0,0.47679040329364764
683,0.82,-0.08000000000000007,0.46488031901203786,0.005227026740417066,0.0004688428504492617,0.41935579454003524,0.28355808587878945,0.1,2.7755575615628914e-17,0.0,0.0,0.47709049730091047
684,0.82,-0.08000000000000007,0.4651537056536225,0.005181538096712811,0.0004762156746666686,0.4192953433270954,0.28349657842131676,0.1,2.7755575615628914e-17,0.0,1.0,0.47782040689843375
685,0.82,-0.08000000000000007,0.46543535005912745,0.005141674634488051,0.00047710097155602107,0.41923308438193074,0.2834332410024651,0.1,2.7755575615628914e-17,0.0,1.0,0.47864618329044917
686,0.83,-0.07000000000000006,0.46571716900123333,0.0051271051590348485,0.000483316004356092,0.4375099449559263,0.31317216441954915,0.1,2.7755575615628914e-17,0.0,1.0,0.47940176895052855
687,0.84,-0.06000000000000005,0.4659975849692107,0.005100982588616523,0.00048219314917926265,0.45745340966379816,0.3460318141299047,0.1,2.7755575615628914e-17,0.0,1.0,0.47940176895052855
688,0.85,-0.050000000000000044,0.46628274604388054,0.00507796693292979,0.0004817368834458297,0.47930055004510963,0.38233784963637873,0.1,2.7755575615628914e-17,0.0,1.0,0.4799874422822923
689,0.86,-0.040000000000000036,0.4665838665123874,0.005120772400571021,0.0005018565975985697,0.5033340230415057,0.4224478322739246,0.1,2.7755575615628914e-17,0.0,1.0,0.48221422530537317
690,0.86,-0.040000000000000036,0.4668930117917723,0.0051841281203763466,0.0005008077317019783,0.5032355504737864,0.4223443549393109,0.1,2.7755575615628914e-17,0.0,1.0,0.483251637715125
691,0.87,-0.030000000000000027,0.4672036431088094,0.005300363393448702,0.0005043971098443316,0.5297924424753877,0.4666478450460916,0.1,2.7755575615628914e-17,0.0,1.0,0.4845414916138646
692,0.87,-0.030000000000000027,0.46750492937121996,0.005419690825832856,0.0004903259583806601,0.5296861191080813,0.4665365008437027,0.1,2.7755575615628914e-17,0.0,1.0,0.4845414916138646
693,0.87,-0.030000000000000027,0.46779344421665825,0.00555546645559311,0.0004568565161449168,0.5295843427432498,0.46642992627451235,0.1,2.7755575615628914e-17,0.0,1.0,0.48465739391153595
694,0.87,-0.030000000000000027,0.4680519831537826,0.005749379908388607,0.0004612179933935428,0.5294931738876868,0.46633446587072425,0.1,2.7755575615628914e-17,0.0,1.0,0.4850891801591499
695,0.87,-0.030000000000000027,0.46833844678588443,0.0060106674543240115,0.00046713141471683886,0.5293921945692036,0.4662287404463926,0.1,2.7755575615628914e-17,0.0,1.0,0.4878816496568994
696,0.87,-0.030000000000000027,0.46858153969426186,0.006214953722890663,0.0004867998311175055,0.5293065337703735,0.46613905949364454,0.1,2.7755575615628914e-17,0.0,1.0,0.48575161807120604
697,0.88,-0.020000000000000018,0.4688624695500052,0.006505759754142801,0.0005154272855312696,0.5587785591550423,0.51504884031835,0.1,2.7755575615628914e-17,0.0,1.0,0.48935245444577236
698,0.89,-0.010000000000000009,0.4691511472491217,0.006828476556072976,0.0005065090604767001,0.5917227245139901,0.5690870353465257,0.1,2.7755575615628914e-17,0.0,1.0,0.4908939571706803
699,0.9,0.0,0.4694501425850512,0.007257246593523932,0.0005168754052550475,0.6287897440317831,0.6287897440317831,0.1,2.7755575615628914e-17,0.0,1.0,0.49435012785729504
700,0.91,0.010000000000000009,0.46976242721327316,0.007792134084219118,0.0005539314975486383,0.5914536923538978,0.5688120293805816,0.1,2.7755575615628914e-17,0.0,1.0,0.4981089596400947
701,0.91,0.010000000000000009,0.4700785756204084,0.00829742326247668,0.0005543539018162223,0.5913146473386083,0.5686699030628811,0.1,2.7755575615628914e-17,0.0,1.0,0.49858561617717245
702,0.91,0.010000000000000009,0.4704403482837416,0.008901743631195995,0.0005667096172068868,0.5911556165377284,0.5685073532150622,0.1,2.7755575615628914e-17,0.0,0.0,0.5027132032823605
703,0.92,0.020000000000000018,0.47085703238270027,0.009526581494473269,0.0005906454200458962,0.5579964921456313,0.514237423970358,0.1,2.7755575615628914e-17,0.0,1.0,0.5052999755634102
704,0.92,0.020000000000000018,0.4713121947977404,0.010241386606372464,0.0006101901455249679,0.557818329897278,0.5140526156226964,0.1,2.7755575615628914e-17,0.0,1.0,0.5093649349715317
705,0.92,0.020000000000000018,0.471784764028626,0.01104327751851572,0.0006492882583558523,0.5576334745148278,0.513860880132076,0.1,2.7755575615628914e-17,0.0,1.0,0.5132356481417892
706,0.92,0.020000000000000018,0.4722925279571357,0.011898839461684975,0.000684838457976031,0.5574349884835115,0.5136550244397335,0.1,2.7755575615628914e-17,0.0,1.0,0.5167551179041869
707,0.92,0.020000000000000018,0.47285720345013105,0.012884830764376482,0.0007423248867493912,0.557214421474433,0.5134262894936705,0.1,2.7755575615628914e-17,0.0,1.0,0.5224462743527496
708,0.92,0.020000000000000018,0.4734557851212246,0.013901651100490004,0.0007765735514950497,0.55698080093113,0.5131840423870887,0.1,2.7755575615628914e-17,0.0,1.0,0.5258368921625698
709,0.92,0.020000000000000018,0.47408314988935324,0.014927802379609693,0.0008056473868840811,0.5567361567897022,0.51293039193554,0.1,2.7755575615628914e-17,0.0,1.0,0.5287152018660839
710,0.91,0.010000000000000009,0.4747745922169213,0.01609232599355994,0.0008703721943986126,0.5892569664329989,0.5665671139517261,0.1,2.7755575615628914e-17,0.0,0.0,0.5351229578100225
711,0.91,0.010000000000000009,0.47549316574432604,0.017246461805500882,0.0008977774467589478,0.5889433675433677,0.5662467211380897,0.1,2.7755575615628914e-17,0.0,1.0,0.5378360777936957
712,0.91,0.010000000000000009,0.4763435742831292,0.01878441894766425,0.001030944124939215,0.5885726643926575,0.5658680144728866,0.1,2.7755575615628914e-17,0.0,1.0,0.5510195789335421
713,0.9,0.0,0.47725859788659597,0.020415087144391598,0.0010962118670235317,0.6249311614397253,0.6249311614397253,0.1,2.7755575615628914e-17,0.0,0.0,0.5574810853998895
714,0.9,0.0,0.4782204681830893,0.0220606093778062,0.0011435317589696269,0.6244591225821586,0.6244591225821586,0.1,2.7755575615628914e-17,0.0,1.0,0.5621657547025529
715,0.9,0.0,0.4792308540348788,0.023727616723577104,0.0011925373703799255,0.6239640420200671,0.6239640420200671,0.1,2.7755575615628914e-17,0.0,1.0,0.5670173102321725
716,0.9,0.0,0.4803335200517996,0.025576274415235998,0.0012857496583913452,0.6234246400130856,0.6234246400130856,0.1,2.7755575615628914e-17,0.0,1.0,0.576245326745303
717,0.9,0.0,0.4814925420112512,0.027456522468377216,0.0013340753204090603,0.622858674215863,0.622858674215863,0.1,2.7755575615628914e-17,0.0,1.0,0.5818809209983776
718,0.9,0.0,0.4827442347535331,0.029461823309708493,0.0014190826392951024,0.6222486090507303,0.6222486090507303,0.1,2.7755575615628914e-17,0.0,1.0,0.5902966455680958
719,0.9,0.0,0.4842036799383488,0.032053788922247625,0.0016289335913493715,0.6215387943243745,0.6215387943243745,0.1,2.7755575615628914e-17,0.0,1.0,0.6110718898214684
720,0.9,0.0,0.4856935559074325,0.034501536584256,0.0016596717572766662,0.6208158477688521,0.6208158477688521,0.1,2.7755575615628914e-17,0.0,1.0,0.6141149682482706
721,0.9,0.0,0.48724809413726367,0.03695479005573459,0.001724987172173077,0.6200633152330496,0.6200633152330496,0.1,2.7755575615628914e-17,0.0,1.0,0.6205811943230153
722,0.9,0.0,0.4888575670902937,0.039381480589774205,0.0017804767915659575,0.6192861093104092,0.6192861093104092,0.1,2.7755575615628914e-17,0.0,1.0,0.6260746666429104
723,0.9,0.0,0.4904670400433238,0.04160486404795759,0.0017804767915659575,0.6185108492950528,0.6185108492950528,0.1,2.7755575615628914e-17,0.0,1.0,0.6260746666429104
724,0.9,0.0,0.492128505432617,0.043818363777500216,0.0018329944039529146,0.6177125787446092,0.6177125787446092,0.1,2.7755575615628914e-17,0.0,1.0,0.6312739102692192
725,0.9,0.0,0.4937899708219103,0.04586515410795011,0.0018329944039529157,0.6169163660869084,0.6169163660869084,0.1,2.7755575615628914e-17,0.0,1.0,0.6312739102692191
726,0.9,0.0,0.4955107301911105,0.047938604026397644,0.001891613142498268,0.6160938992704759,0.6160938992704759,0.1,2.7755575615628914e-17,0.0,1.0,0.6372033082599209
727,0.9,0.0,0.4973222349715122,0.050124314927226306,0.001982001003563208,0.6152304253217441,0.6152304253217441,0.1,2.7755575615628914e-17,0.0,1.0,0.6461517065053499
728,0.9,0.0,0.49915900898209015,0.05222752449866094,0.0020075254784888454,0.6143573742539664,0.6143573742539664,0.1,2.7755575615628914e-17,0.0,1.0,0.648678629522988
729,0.9,0.0,0.5010257184551178,0.05426937287028171,0.00203776331934713,0.6134726294109911,0.6134726294109911,0.1,2.7755575615628914e-17,0.0,1.0,0.6516721757679582
730,0.9,0.0,0.5030490211423928,0.056609800914630255,0.0021959382832332517,0.6125165391128671,0.6125165391128671,0.1,2.7755575615628914e-17,0.0,1.0,0.6673314971926843
731,0.9,0.0,0.5050813038694745,0.05881248975402916,0.0022050090305127295,0.6115592006846188,0.6115592006846188,0.1,2.7755575615628914e-17,0.0,1.0,0.6682295011733526
732,0.9,0.0,0.5071147636882538,0.06087090791137992,0.0022061980120255975,0.6106042982547272,0.6106042982547272,0.1,2.7755575615628914e-17,0.0,1.0,0.6683472103431265
733,0.9,0.0,0.5092767330041967,0.06313404873017556,0.0023360055849180467,0.6095923136464548,0.6095923136464548,0.1,2.7755575615628914e-17,0.0,1.0,0.681198160059479
734,0.9,0.0,0.5115124736132595,0.0654429988090792,0.0024105220426147178,0.6085493198609103,0.6085493198609103,0.1,2.7755575615628914e-17,0.0,1.0,0.6885752893714494
735,0.9,0.0,0.5138408358210252,0.06784468902376975,0.002504079213022064,0.6074669044006424,0.6074669044006424,0.1,2.7755575615628914e-17,0.0,1.0,0.6978374492417767
736,0.9,0.0,0.516397772540435,0.07071348436636489,0.0027349625581168137,0.6062826560505753,0.6062826560505753,0.1,2.7755575615628914e-17,0.0,1.0,0.7206949004061569
737,0.9,0.0,0.5192190426772968,0.07415110757559215,0.0030019660100887046,0.6049813278867027,0.6049813278867027,0.1,2.7755575615628914e-17,0.0,1.0,0.7471282421513741
738,0.9,0.0,0.522122954784823,0.07757794188887826,0.0030854427481333646,0.6036477019543338,0.6036477019543338,0.1,2.7755575615628914e-17,0.0,1.0,0.7553924392177954
739,0.9,0.0,0.5250268668923489,0.08075532161836042,0.0030854427481333646,0.6023199428016521,0.6023199428016521,0.1,2.7755575615628914e-17,0.0,1.0,0.7553924392177954
740,0.9,0.0,0.5279307789998751,0.08371165665902816,0.003080197380446476,0.6009980118006256,0.6009980118006256,0.1,2.7755575615628914e-17,0.0,1.0,0.7553924392177954
741,0.9,0.0,0.530839884021411,0.08646565261324182,0.003080197380446476,0.5996795222386667,0.5996795222386667,0.1,2.7755575615628914e-17,0.0,1.0,0.7553924392177954
742,0.9,0.0,0.5338368695902009,0.08926237611937655,0.0031689656099956314,0.5983272389315761,0.5983272389315761,0.1,2.7755575615628914e-17,0.0,1.0,0.7641804939431618
743,0.9,0.0,0.5368613225290239,0.09194473652043958,0.0031967104282110506,0.5969687308352352,0.5969687308352352,0.1,2.7755575615628914e-17,0.0,1.0,0.7669272309464883
744,0.9,0.0,0.5399110886068088,0.09451539781729429,0.0032149652352432886,0.5956050851214482,0.5956050851214482,0.1,2.7755575615628914e-17,0.0,1.0,0.7694585448426675
745,0.9,0.0,0.5430037474409023,0.09700009161992763,0.003250977231514775,0.5942286079643145,0.5942286079643145,0.1,2.7755575615628914e-17,0.0,1.0,0.7730237324735447
746,0.9,0.0,0.5461408731849208,0.09942898628623392,0.0032958933021461742,0.5928388244295042,0.5928388244295042,0.1,2.7755575615628914e-17,0.0,1.0,0.7774704234660532
747,0.9,0.0,0.549312021617805,0.10178009517675705,0.00333025965453573,0.5914405598569276,0.5914405598569276,0.1,2.7755575615628914e-17,0.0,1.0,0.7808726923526192
748,0.9,0.0,0.5526329361529672,0.10432051785469094,0.0034815385457255365,0.5899833115065967,0.5899833115065967,0.1,2.7755575615628914e-17,0.0,1.0,0.7958493025804101
749,0.9,0.0,0.5559598003045614,0.10671060981127024,0.003487548259293406,0.5885306350077587,0.5885306350077587,0.1,2.7755575615628914e-17,0.0,1.0,0.7964442642236291
750,0.9,0.0,0.5592866644561557,0.10894678516114698,0.003487548259293406,0.5870850945948305,0.5870850945948305,0.1,2.7755575615628914e-17,0.0,1.0,0.7964442642236291
751,0.9,0.0,0.5626135286077502,0.11103834336587846,0.003487548259293406,0.5856466378139961,0.5856466378139961,0.1,2.7755575615628914e-17,0.0,1.0,0.7964442642236291
752,0.9,0.0,0.5659403927593445,0.11299331550035173,0.003487548259293406,0.5842152127242656,0.5842152127242656,0.1,2.7755575615628914e-17,0.0,1.0,0.7964442642236291
753,0.9,0.0,0.5692672569109388,0.11481867856720436,0.00348023423909151,0.5827907678912232,0.5827907678912232,0.1,2.7755575615628914e-17,0.0,1.0,0.7964442642236291
754,0.9,0.0,0.5725868801825332,0.11652726437712044,0.00348023423909151,0.5813763300985876,0.5813763300985876,0.1,2.7755575615628914e-17,0.0,1.0,0.7964442642236291
755,0.9,0.0,0.5759065034541276,0.11811789847936265,0.00348023423909151,0.5799687413865482,0.5799687413865482,0.1,2.7755575615628914e-17,0.0,1.0,0.7964442642236291
756,0.9,0.0,0.5792306843352801,0.11960357347982584,0.0034848378851097986,0.5785660335938287,0.5785660335938287,0.1,2.7755575615628914e-17,0.0,1.0,0.7969000251794397
757,0.9,0.0,0.5825548652164326,0.12097971433280014,0.0034848378851097986,0.5771700945860387,0.5771700945860387,0.1,2.7755575615628914e-17,0.0,1.0,0.7969000251794397
758,0.9,0.0,0.5861301149402732,0.12270806624139104,0.0037331974090270485,0.5756762220753725,0.5756762220753725,0.1,2.7755575615628914e-17,0.0,1.0,0.8220069094482494
759,0.9,0.0,0.5897001717501038,0.12431484531447895,0.0037261844585085475,0.5741922157196382,0.5741922157196382,0.1,2.7755575615628914e-17,0.0,1.0,0.8220069094482494
760,0.9,0.0,0.5932632857389212,0.12580690612248804,0.0037261844585085475,0.5727187045724484,0.5727187045724484,0.1,2.7755575615628914e-17,0.0,1.0,0.8220069094482494
761,0.9,0.0,0.5968263997277384,0.12718169258217787,0.0036686472805090705,0.5712527368137205,0.5712527368137205,0.1,2.7755575615628914e-17,0.0,1.0,0.8220069094482494
762,0.9,0.0,0.6003368523986298,0.12850884105905502,0.003672991208078169,0.5698157561917994,0.5698157561917994,0.1,2.7755575615628914e-17,0.0,1.0,0.8224369582775901
763,0.9,0.0,0.6038520871501712,0.1297355304739969,0.003677821592573451,0.5683840440552196,0.5683840440552196,0.1,2.7755575615628914e-17,0.0,1.0,0.8229151663426231
764,0.9,0.0,0.6073692076734641,0.13085944006379527,0.003679726412524365,0.5669587462063412,0.5669587462063412,0.1,2.7755575615628914e-17,0.0,1.0,0.8231037435177635
765,0.9,0.0,0.6110638142825262,0.1321771079771688,0.0038590052870385205,0.5654692010982938,0.5654692010982938,0.1,2.7755575615628914e-17,0.0,1.0,0.8408523520946649
766,0.9,0.0,0.6147642638157061,0.13338938464442515,0.0038649072305920974,0.5639851251290163,0.5639851251290163,0.1,2.7755575615628914e-17,0.0,1.0,0.841436644506469
767,0.9,0.0,0.6184647133488861,0.13448896365476776,0.003845115142895632,0.5625088186940962,0.5625088186940962,0.1,2.7755575615628914e-17,0.0,1.0,0.841436644506469
768,0.9,0.0,0.622187644893925,0.13546131521193897,0.003838867360136854,0.5610313219371325,0.5610313219371325,0.1,2.7755575615628914e-17,0.0,1.0,0.8417254290104058
769,0.9,0.0,0.6259166364314646,0.1363595251630062,0.0038439834456262573,0.5595591803777972,0.5595591803777972,0.1,2.7755575615628914e-17,0.0,1.0,0.8432387432575372
770,0.9,0.0,0.6296556961868411,0.13713877437316058,0.003831921211242582,0.558090800795695,0.558090800795695,0.1,2.7755575615628914e-17,0.0,1.0,0.8432387432575372
771,0.9,0.0,0.6334066975542575,0.1377979423021862,0.003831921211242582,0.5566254547684909,0.5566254547684909,0.1,2.7755575615628914e-17,0.0,1.0,0.8432387432575372
772,0.9,0.0,0.6371989030249218,0.1384142810393306,0.003873541517553726,0.5551518136595359,0.5551518136595359,0.1,2.7755575615628914e-17,0.0,1.0,0.8473591535823405
773,0.9,0.0,0.6412732026011502,0.13937108880049667,0.004146422824143732,0.5535772218958344,0.5535772218958344,0.1,2.7755575615628914e-17,0.0,1.0,0.875568564138735
774,0.9,0.0,0.6453291804841617,0.1402076028375382,0.004152867350584901,0.5520185578769375,0.5520185578769375,0.1,2.7755575615628914e-17,0.0,1.0,0.8749305560210593
775,0.91,0.010000000000000009,0.6494146160098212,0.14096990976536444,0.004182622545178581,0.5217379679518233,0.49807447210956834,0.1,2.7755575615628914e-17,0.0,1.0,0.8778763202858336
776,0.91,0.010000000000000009,0.6535111034287148,0.14162785430703817,0.004183616156691154,0.5203394248926753,0.49666607574382904,0.1,2.7755575615628914e-17,0.0,1.0,0.8789815096092589
777,0.91,0.010000000000000009,0.6575975226297718,0.14217806194777302,0.004172988866944747,0.5189517693086617,0.4952690542237675,0.1,2.7755575615628914e-17,0.0,1.0,0.8789815096092589
778,0.92,0.020000000000000018,0.6616734208139797,0.14262317810755237,0.004158465303145136,0.4921049173740032,0.4468842133746959,0.1,2.7755575615628914e-17,0.0,1.0,0.8789815096092589
779,0.93,0.030000000000000027,0.665734940670026,0.14297021672675297,0.0041557630655512665,0.46790312070321977,0.4032334083760699,0.1,2.7755575615628914e-17,0.0,1.0,0.8789815096092589
780,0.94,0.039999999999999925,0.6697937853108543,0.14320494424518415,0.004151500405784048,0.4459709040266941,0.363849808047722,0.1,2.7755575615628914e-17,0.0,1.0,0.8789815096092589
781,0.95,0.04999999999999993,0.6738515733754299,0.14333482564945485,0.004121651832464954,0.4260029441057631,0.32831554005823316,0.1,2.7755575615628914e-17,0.0,1.0,0.8792978553009398
782,0.96,0.05999999999999994,0.6778858197390316,0.14340894272966967,0.004127885068279216,0.40775137295635555,0.29625861145409305,0.1,2.7755575615628914e-17,0.0,1.0,0.8802150396538145
783,0.97,0.06999999999999995,0.6819170651625608,0.14337383803316386,0.004120512244061809,0.39100005894996487,0.2673342889820601,0.1,2.7755575615628914e-17,0.0,1.0,0.8802150396538145
784,0.97,0.06999999999999995,0.6859410114901145,0.1432359301852729,0.004112171068384885,0.39022796094784984,0.266607997088576,0.1,2.7755575615628914e-17,0.0,1.0,0.8802150396538145
785,0.97,0.06999999999999995,0.6899567000537484,0.1429969176716984,0.004104538890000245,0.38946048133733535,0.2658871192511013,0.1,2.7755575615628914e-17,0.0,1.0,0.8802150396538145
786,0.97,0.06999999999999995,0.6939498263377846,0.14263637088368786,0.0041196968930270325,0.3887003014749629,0.265174146875456,0.1,2.7755575615628914e-17,0.0,1.0,0.8787143973541626
787,0.97,0.06999999999999995,0.6979061884769234,0.14211650858555677,0.00415091650068342,0.38795004153290646,0.2644714997487729,0.1,2.7755575615628914e-17,0.0,1.0,0.8750379828644165
788,0.97,0.06999999999999995,0.7018238460014274,0.14145351175732576,0.004161603420972643,0.3872099697544338,0.26377938615638896,0.1,2.7755575615628914e-17,0.0,1.0,0.8717531947327025
789,0.97,0.06999999999999995,0.7058391067258551,0.1408603058669591,0.004272206356383648,0.38645438434640006,0.26307377840089996,0.1,2.7755575615628914e-17,0.0,1.0,0.8837402977481439
790,0.97,0.06999999999999995,0.7099003844624603,0.14023747863100927,0.0043161382728358,0.3856931333431668,0.2623639137784472,0.1,2.7755575615628914e-17,0.0,1.0,0.8893794113756465
791,0.97,0.06999999999999995,0.7139871726750455,0.13956376403118032,0.004354935257651261,0.3849301220282157,0.2616534468409623,0.1,2.7755575615628914e-17,0.0,1.0,0.8932203128723771
792,0.97,0.06999999999999995,0.7180001475450937,0.1386752230563482,0.004428323459227299,0.38418382372532583,0.2609595462329729,0.1,2.7755575615628914e-17,0.0,1.0,0.885838978618678
793,0.97,0.06999999999999995,0.7220115018816466,0.137665471175856,0.004424428154219446,0.38344071327848095,0.26026959431032576,0.1,2.7755575615628914e-17,0.0,1.0,0.8857928275668415
794,0.97,0.06999999999999995,0.7256663833910008,0.1361704580822554,0.004751933477194524,0.38276613853275115,0.2596441244093772,0.1,2.7755575615628914e-17,0.0,1.0,0.8505773310945592
795,0.97,0.06999999999999995,0.7292718451015413,0.13459079541017555,0.004752130232728993,0.3821030066703692,0.25903005040012067,0.1,2.7755575615628914e-17,0.0,1.0,0.8484278207109536
796,0.97,0.06999999999999995,0.732853841774736,0.13281695765036247,0.004760975676625111,0.3814464620212687,0.2584228425094999,0.1,2.7755575615628914e-17,0.0,1.0,0.8439512853906715
797,0.97,0.06999999999999995,0.7363749402574103,0.13096936598508993,0.004770546181196339,0.38080327469312913,0.2578287260924161,0.1,2.7755575615628914e-17,0.0,1.0,0.841462302713212
798,0.97,0.06999999999999995,0.7398624194882079,0.12901489756432835,0.004754023471864668,0.3801683630096626,0.25724296890648224,0.1,2.7755575615628914e-17,0.0,1.0,0.8396418802504327
799,0.97,0.06999999999999995,0.743441574962934,0.12710474226181098,0.004843568555669483,0.3795189588671592,0.25664457474899927,0.1,2.7755575615628914e-17,0.0,1.0,0.8522656753299092
800,0.97,0.06999999999999995,0.7472079215450002,0.12534732339427218,0.00506580376758591,0.3788379820707354,0.2560178831811887,0.1,2.7755575615628914e-17,0.0,1.0,0.8747436178467132
801,0.97,0.06999999999999995,0.7511153737748593,0.12361448955942925,0.005171456638405879,0.37813407059798515,0.255370939265648,0.1,2.7755575615628914e-17,0.0,1.0,0.8893308391630781
802,0.98,0.07999999999999996,0.7549497899179072,0.12178324766846078,0.005177408651485455,0.36371748877350873,0.23049761276987638,0.1,2.7755575615628914e-17,0.0,1.0,0.8861548175871503
803,0.98,0.07999999999999996,0.7568131323943423,0.11935043225434985,0.007101202944132972,0.3634077638807039,0.23022087754147252,0.1,2.7755575615628914e-17,0.0,1.0,0.6916342232069246
804,0.98,0.07999999999999996,0.7586291668418282,0.11692851195775555,0.007068830523087805,0.36310640968621277,0.22995180694521755,0.1,2.7755575615628914e-17,0.0,1.0,0.6909683797201387
805,0.98,0.07999999999999996,0.7603679267337914,0.1145348043293234,0.0070722373172257035,0.3628183464664595,0.2296947743610185,0.1,2.7755575615628914e-17,0.0,1.0,0.687111637338089
806,0.98,0.07999999999999996,0.7620546472978889,0.11215197516748904,0.007031765666473953,0.3625393410963154,0.22944598297430957,0.1,2.7755575615628914e-17,0.0,1.0,0.6854271743139496
807,0.98,0.07999999999999996,0.7636951385227283,0.10981049404295895,0.007008307128220574,0.3622683939755398,0.22920452687046966,0.1,2.7755575615628914e-17,0.0,1.0,0.6864953968366853
808,0.98,0.07999999999999996,0.7654146478799407,0.10739208616965415,0.007093298252903604,0.3619848304272135,0.22895198535890038,0.1,2.7755575615628914e-17,0.0,1.0,0.6977878278838193
809,0.98,0.07999999999999996,0.7670900041287885,0.10496582023405981,0.007044098709358418,0.36170897478739156,0.22870646322558102,0.1,2.7755575615628914e-17,0.0,1.0,0.6962508267508541
810,0.99,0.08999999999999997,0.7686967849324928,0.1026059244573096,0.007021236775891052,0.34883629833364654,0.20672954854098008,0.1,2.7755575615628914e-17,0.0,1.0,0.6958010381804501
811,0.99,0.08999999999999997,0.7702966811613069,0.10021315537706643,0.0069085212340204765,0.3485916425445377,0.20651827605744819,0.1,2.7755575615628914e-17,0.0,1.0,0.6978257006751096
812,0.99,0.08999999999999997,0.7717266328377832,0.09807138526935275,0.006881747977733463,0.34837326489236425,0.20632981053739047,0.1,2.7755575615628914e-17,0.0,1.0,0.6940147465811766
813,1.0,0.09999999999999998,0.7730835947585867,0.0960148099477188,0.006842887369635369,0.33645215704539266,0.18653339443264932,0.1,2.7755575615628914e-17,0.0,1.0,0.6931772774802245
814,1.0,0.09999999999999998,0.7744017966081249,0.09399365463193844,0.006802050063034485,0.3362646094771604,0.18637673745669328,0.1,2.7755575615628914e-17,0.0,1.0,0.6939859396563566
815,1.0,0.09999999999999998,0.7756746884997672,0.0920176948839757,0.006712075752195456,0.3360837067215761,0.18622571469820917,0.1,2.7755575615628914e-17,0.0,1.0,0.6943064993964232
816,1.0,0.09999999999999998,0.7768498661900236,0.09019561805372021,0.006660639483229938,0.3359168637772406,0.186086502405901,0.1,2.7755575615628914e-17,0.0,1.0,0.6937630957709349
817,1.0,0.09999999999999998,0.7779281499843723,0.08848668095405143,0.0066165795919971996,0.3357639227661012,0.18595895120166603,0.1,2.7755575615628914e-17,0.0,1.0,0.6897093004332577
818,1.0,0.09999999999999998,0.778817663705723,0.0870311630519715,0.006512398162469219,0.33563786120856215,0.1858538613323148,0.1,2.7755575615628914e-17,0.0,1.0,0.6792480177031552
819,1.0,0.09999999999999998,0.7794810833240403,0.08599665168491415,0.006500186926339472,0.33554390323337113,0.18577556020730107,0.1,2.7755575615628914e-17,0.0,1.0,0.677413851653198
820,1.0,0.09999999999999998,0.7800161593696986,0.08512814774341292,0.0065337733178987304,0.3354681604587679,0.18571245508053033,0.1,2.7755575615628914e-17,0.0,1.0,0.6676225728140868
821,1.0,0.09999999999999998,0.7804413315006898,0.08443413582961364,0.0065239823388282955,0.33540799952681727,0.18566234222275424,0.1,2.7755575615628914e-17,0.0,1.0,0.6630984074221646
822,1.0,0.09999999999999998,0.7807950443551834,0.08385884873716433,0.006540673806807031,0.3353579663673142,0.18562067250742073,0.1,2.7755575615628914e-17,0.0,1.0,0.6614459520922698
823,1.0,0.09999999999999998,0.7801988989011324,0.08515845091359557,0.007447609031333863,0.3354423005681246,0.185690913194987,0.1,2.7755575615628914e-17,0.0,1.0,0.5664601212378048
824,1.0,0.09999999999999998,0.7795665785934257,0.08648630769930883,0.007463586387502819,0.33553179864113725,0.1857654742949635,0.1,2.7755575615628914e-17,0.0,1.0,0.5680418794985316
825,1.0,0.09999999999999998,0.7789301720296915,0.08779935416921861,0.00740782100984646,0.3356219233134754,0.18584057771626689,0.1,2.7755575615628914e-17,0.0,1.0,0.5676332538958093
826,1.0,0.09999999999999998,0.7782278446416442,0.08919998330082304,0.007324126931009933,0.3357214395732068,0.18592353108628487,0.1,2.7755575615628914e-17,0.0,1.0,0.5669705694551965
827,1.0,0.09999999999999998,0.7773328817113129,0.09095239646163117,0.007402795950861782,0.3358483368690894,0.18602934441708344,0.1,2.7755575615628914e-17,0.0,1.0,0.5566554134722252
828,1.0,0.09999999999999998,0.7763916274694301,0.09274826757718511,0.007393792535634931,0.33598190137864276,0.18614076089117956,0.1,2.7755575615628914e-17,0.0,1.0,0.5545532053347133
829,1.0,0.09999999999999998,0.7754004326581717,0.09458725037541164,0.007255824750461905,0.336122667371085,0.1862582332008118,0.1,2.7755575615628914e-17,0.0,1.0,0.5525526946421169
830,1.0,0.09999999999999998,0.7742487368925499,0.09657632688625659,0.007250701215420933,0.3362863753645523,0.18639491378624642,0.1,2.7755575615628914e-17,0.0,1.0,0.5521619206305048
831,1.0,0.09999999999999998,0.7730389485287568,0.09863267101166628,0.007299120878721062,0.3364585127641355,0.18653870486480512,0.1,2.7755575615628914e-17,0.0,1.0,0.5472506647940181
832,1.0,0.09999999999999998,0.7717847016372993,0.10073114094690479,0.007213031928016988,0.3366371622016681,0.18668801454014955,0.1,2.7755575615628914e-17,0.0,1.0,0.542922521197369
833,1.0,0.09999999999999998,0.7703366897855547,0.10303727782724115,0.007204430079535793,0.3368436467585123,0.1868606881709956,0.1,2.7755575615628914e-17,0.0,1.0,0.5363969748850368
834,1.0,0.09999999999999998,0.7687935788261993,0.10537908900709866,0.007132416156089429,0.3370639713083092,0.18704505417911982,0.1,2.7755575615628914e-17,0.0,1.0,0.5342641934358996
835,1.0,0.09999999999999998,0.7671580067238442,0.10771116305259619,0.0069016948874630986,0.3372978122728986,0.1872408647282175,0.1,2.7755575615628914e-17,0.0,1.0,0.5342802390062731
836,1.0,0.09999999999999998,0.7651989388785755,0.11028916599881299,0.006730571467076903,0.3375783314814769,0.1874759444610786,0.1,2.7755575615628914e-17,0.0,1.0,0.5247881158792893
837,1.0,0.09999999999999998,0.7629507294474434,0.11289527748010131,0.006672153485003204,0.3379008284421256,0.18774644838502244,0.1,2.7755575615628914e-17,0.0,1.0,0.5223072990381641
838,1.0,0.09999999999999998,0.7605511330285952,0.11554940763156642,0.006741592896166536,0.33824572178821677,0.1880360296972005,0.1,2.7755575615628914e-17,0.0,1.0,0.5154327973329942
839,1.0,0.09999999999999998,0.7580981019397758,0.11820614733314785,0.006795567310279128,0.3385990237981055,0.18833298428337908,0.1,2.7755575615628914e-17,0.0,1.0,0.5100893303358477
840,1.0,0.09999999999999998,0.7556312848926661,0.12078276145727754,0.006809492520673167,0.33895505642732876,0.1886325550979912,0.1,2.7755575615628914e-17,0.0,1.0,0.5087107345068378
841,1.0,0.09999999999999998,0.7531198969227052,0.12334534858512335,0.00676574542531751,0.33931829188866336,0.18893851920933474,0.1,2.7755575615628914e-17,0.0,1.0,0.5042536422216815
842,1.0,0.09999999999999998,0.7503510497340349,0.12614202223019041,0.006909292194430763,0.33971966843654267,0.18927700221428148,0.1,2.7755575615628914e-17,0.0,1.0,0.48729577507614286
843,1.0,0.09999999999999998,0.7471347302400857,0.12972782115033352,0.007307970776536026,0.34018710508979955,0.1896717131167899,0.1,2.7755575615628914e-17,0.0,1.0,0.44529528155154263
844,1.0,0.09999999999999998,0.7437191513457683,0.13353562004036848,0.007447662074613979,0.340684911070213,0.19009268376292152,0.1,2.7755575615628914e-17,0.0,1.0,0.4279006554109481
845,1.0,0.09999999999999998,0.7402192529058462,0.137256385366618,0.007451905265897999,0.3411965198346989,0.19052598965466275,0.1,2.7755575615628914e-17,0.0,1.0,0.4230338884813216
846,1.0,0.09999999999999998,0.736663658040923,0.14080482382326348,0.007428881858029336,0.34171784605096245,0.19096821855096086,0.1,2.7755575615628914e-17,0.0,1.0,0.42191093697375326
847,1.0,0.09999999999999998,0.7330685615089775,0.14417931234527984,0.007283137288210281,0.34224658631453225,0.19141745264499818,0.1,2.7755575615628914e-17,0.0,1.0,0.42136303915804885
848,1.0,0.09999999999999998,0.7292957885230008,0.14738760777222046,0.007305319849140629,0.34280322031908694,0.19189116718433477,0.1,2.7755575615628914e-17,0.0,1.0,0.4185720039827253
849,1.0,0.09999999999999998,0.725511274614096,0.15044198300826458,0.007311169653681706,0.3433634086426441,0.1923687174195771,0.1,2.7755575615628914e-17,0.0,1.0,0.4179928733331587
850,1.0,0.09999999999999998,0.7217192433673922,0.15335710163548943,0.007318762924185819,0.3439265490138333,0.19284960619127298,0.1,2.7755575615628914e-17,0.0,1.0,0.4172411395532515
851,1.0,0.09999999999999998,0.7179168170706396,0.1561458100041781,0.007329262974740191,0.3444930909531591,0.19333423345842277,0.1,2.7755575615628914e-17,0.0,1.0,0.41620163454836867
852,1.0,0.09999999999999998,0.7141128374063596,0.1587974692023922,0.007330832032848816,0.3450617350648686,0.1938215020584957,0.1,2.7755575615628914e-17,0.0,1.0,0.41604629779561475
853,1.0,0.09999999999999998,0.7102860518128952,0.16135765026447757,0.007353868324953826,0.34563568571141745,0.19431417657098712,0.1,2.7755575615628914e-17,0.0,1.0,0.41376570487721875
854,1.0,0.09999999999999998,0.7063277498820365,0.16402852838818063,0.007486713110201011,0.3462313738529634,0.1948264251830315,0.1,2.7755575615628914e-17,0.0,1.0,0.4006140711377475
855,1.0,0.09999999999999998,0.7023693508552113,0.1665627426603932,0.007482207540916399,0.34682913351263633,0.1953413943655624,0.1,2.7755575615628914e-17,0.0,1.0,0.40060436154111356
856,1.0,0.09999999999999998,0.6982462715858477,0.16925309686616116,0.007643947574229882,0.34745396018934455,0.19588069026416832,0.1,2.7755575615628914e-17,0.0,1.0,0.3845920982430787
857,1.0,0.09999999999999998,0.6940411934914107,0.17195203639008266,0.007473169778659319,0.34809353644587143,0.19643378739481634,0.1,2.7755575615628914e-17,0.0,1.0,0.37639221573575476
858,1.0,0.09999999999999998,0.6895682116992061,0.17436592335923776,0.0074901746827801775,0.3487764492938516,0.19702556076304786,0.1,2.7755575615628914e-17,0.0,1.0,0.3747087302277897
859,1.0,0.09999999999999998,0.6850269918274536,0.17675478452178311,0.007559102035858847,0.349472527063168,0.19763002072820054,0.1,2.7755575615628914e-17,0.0,1.0,0.3678849222730015
860,1.0,0.09999999999999998,0.680464943708631,0.17903310286411303,0.007580140669263203,0.35017460057154487,0.19824099901911582,0.1,2.7755575615628914e-17,0.0,1.0,0.36580209756597026
861,1.0,0.09999999999999998,0.6758856857023037,0.18119748438216787,0.007593180466446204,0.35088216516290444,0.1988580931065465,0.1,2.7755575615628914e-17,0.0,1.0,0.36408110881551237
862,1.0,0.09999999999999998,0.6712683244599563,0.18327534060479903,0.007622494271573588,0.3515985183964197,0.19948422410216124,0.1,2.7755575615628914e-17,0.0,1.0,0.36070083404286846
863,1.0,0.09999999999999998,0.6662342398131064,0.18593521240423763,0.008036691798948508,0.35238286383055184,0.20017137253523384,0.1,2.7755575615628914e-17,0.0,1.0,0.31950670165761086
864,1.0,0.09999999999999998,0.6611836005722163,0.18844815570073858,0.007872229916644975,0.35317331318815326,0.200865554469799,0.1,2.7755575615628914e-17,0.0,1.0,0.31803981942875936
865,1.0,0.09999999999999998,0.655950675521932,0.19063915683674987,0.0078711761787734,0.3539960403587759,0.20158988743105455,0.1,2.7755575615628914e-17,0.0,1.0,0.3175598470662412
866,1.0,0.09999999999999998,0.6506953042564949,0.19268618695423204,0.00788794717981855,0.3548261634290205,0.20232260410472205,0.1,2.7755575615628914e-17,0.0,1.0,0.31589951796277127
867,1.0,0.09999999999999998,0.6454234136829676,0.19459784656407408,0.007901716334415358,0.3556628167285029,0.2030629950598579,0.1,2.7755575615628914e-17,0.0,1.0,0.31424758715375045
868,1.0,0.09999999999999998,0.6400916323027656,0.1964418601084751,0.007944009081045941,0.35651299735967096,0.2038173291781914,0.1,2.7755575615628914e-17,0.0,1.0,0.3085472909901914
869,1.0,0.09999999999999998,0.6347082644138125,0.1981697693093878,0.00798083066314655,0.35737553745110895,0.20458466906845377,0.1,2.7755575615628914e-17,0.0,1.0,0.3049019543622311
870,1.0,0.09999999999999998,0.6293150526985656,0.19975371323984487,0.007990773922029322,0.3582438499972266,0.20535922770590695,0.1,2.7755575615628914e-17,0.0,1.0,0.3039175717328366
871,1.0,0.09999999999999998,0.6238908379849665,0.20123021222951243,0.007980469775669744,0.35912142040059414,0.20614417715793426,0.1,2.7755575615628914e-17,0.0,1.0,0.30081727189763163
872,1.0,0.09999999999999998,0.6184185854359913,0.20251532643892806,0.00770242899442146,0.36001113027790754,0.20694218241583906,0.1,2.7755575615628914e-17,0.0,1.0,0.3001338986848172
873,1.0,0.09999999999999998,0.6126404646344183,0.20333728502242832,0.007719998757913315,0.36095536744500445,0.20779152519064975,0.1,2.7755575615628914e-17,0.0,1.0,0.29775648398144794
874,1.0,0.09999999999999998,0.6068579235523889,0.2040171203055216,0.007701153019514888,0.36190529878205646,0.2086485263375557,0.1,2.7755575615628914e-17,0.0,1.0,0.29667644781811786
875,1.0,0.09999999999999998,0.6010459248277118,0.20449161795484247,0.007689989490995441,0.3628651208239652,0.2095170461268154,0.1,2.7755575615628914e-17,0.0,1.0,0.29667644781811786
876,1.0,0.09999999999999998,0.5952228742098002,0.2047848622036376,0.007689989490995441,0.3638318873207064,0.21039449906438107,0.1,2.7755575615628914e-17,0.0,1.0,0.29667644781811786
877,1.0,0.09999999999999998,0.5893998235918888,0.20491227860901576,0.007689989490995441,0.3648038190106465,0.2112793324194971,0.1,2.7755575615628914e-17,0.0,1.0,0.29667644781811786
878,1.0,0.09999999999999998,0.5835767729739775,0.20487417656873552,0.007689989490995441,0.3657809573991779,0.21217163970249778,0.1,2.7755575615628914e-17,0.0,1.0,0.29667644781811786
879,1.0,0.09999999999999998,0.577753722356066,0.20467046364265276,0.007689989490995441,0.3667633444375813,0.21307151601012614,0.1,2.7755575615628914e-17,0.0,1.0,0.29667644781811786
880,1.0,0.09999999999999998,0.5719306717381546,0.20430064442796544,0.00768679407996836,0.36775102252902947,0.21397905805931897,0.1,2.7755575615628914e-17,0.0,1.0,0.29667644781811786
881,1.0,0.09999999999999998,0.5661044576633264,0.20375895456588225,0.007677529591555485,0.3687445754603803,0.21489486360342777,0.1,2.7755575615628914e-17,0.0,1.0,0.29667644781811786
882,1.0,0.09999999999999998,0.5602861052623301,0.20301223778268052,0.007694735164647088,0.3697421599258634,0.2158172901983238,0.1,2.7755575615628914e-17,0.0,1.0,0.2983797995541866
883,1.0,0.09999999999999998,0.5543719238245561,0.20221896504772718,0.0077915321714933095,0.37076172171292304,0.21676306050993974,0.1,2.7755575615628914e-17,0.0,1.0,0.28879689587641066
884,1.0,0.09999999999999998,0.548457742386782,0.20124884068301707,0.0077915321714933095,0.37178692191890733,0.21771715655483861,0.1,2.7755575615628914e-17,0.0,1.0,0.28879689587641066
885,1.0,0.09999999999999998,0.542543560949008,0.20009929246098057,0.007776374168466522,0.3728178074462013,0.2186796887577548,0.1,2.7755575615628914e-17,0.0,1.0,0.28879689587641066
886,1.0,0.09999999999999998,0.5367260736567047,0.19869287955772377,0.00782175151955399,0.37383743113510115,0.21963482343611873,0.1,2.7755575615628914e-17,0.0,1.0,0.2969656681238162
887,1.0,0.09999999999999998,0.530956150870932,0.1971565420829159,0.007799481297651124,0.3748542421846997,0.22059042617129118,0.1,2.7755575615628914e-17,0.0,1.0,0.2980457042871463
888,1.0,0.09999999999999998,0.5252190759664764,0.19549637993544178,0.007678399449010302,0.37587076361374927,0.2215488690636117,0.1,2.7755575615628914e-17,0.0,1.0,0.2980457042871463
889,1.0,0.09999999999999998,0.5194377716043419,0.19334507620751618,0.0076978443340612185,0.3769007141837807,0.22252316326990976,0.1,2.7755575615628914e-17,0.0,1.0,0.3056098615346896
890,1.0,0.09999999999999998,0.5136056727436583,0.19087841783970472,0.007664700518665788,0.3779454488349405,0.223514738780192,0.1,2.7755575615628914e-17,0.0,1.0,0.3061695253072727
891,1.0,0.09999999999999998,0.5077351648680072,0.18812052609139374,0.007590141586810242,0.37900292942238634,0.22452180933568697,0.1,2.7755575615628914e-17,0.0,1.0,0.3061695253072727
892,1.0,0.09999999999999998,0.5019384703348931,0.18529002347719584,0.007589675414569469,0.38005293623257524,0.22552516169228468,0.1,2.7755575615628914e-17,0.0,1.0,0.3061695253072727
893,1.0,0.09999999999999998,0.49614223731229745,0.18223229572619748,0.00723396332899086,0.38110869288285754,0.2265374409868506,0.1,2.7755575615628914e-17,0.0,1.0,0.3061695253072727
894,1.0,0.09999999999999998,0.4906981592544246,0.17967644691433857,0.0072122511028938335,0.38210566201808693,0.22749652937550077,0.1,2.7755575615628914e-17,0.0,1.0,0.3061695253072727
895,1.0,0.09999999999999998,0.4852689478466562,0.176967237003128,0.0071737289822157695,0.3831051169618966,0.22846112070791388,0.1,2.7755575615628914e-17,0.0,1.0,0.30550667993411895
896,1.0,0.09999999999999998,0.47986818442453694,0.17415723465769029,0.007165069932497705,0.3841045359213969,0.229428807756483,0.1,2.7755575615628914e-17,0.0,1.0,0.30387494317874775
897,1.0,0.09999999999999998,0.47449231082919224,0.17118433197151256,0.007146681826813067,0.38510454090808083,0.2304002106489315,0.1,2.7755575615628914e-17,0.0,1.0,0.30387494317874775
898,1.0,0.09999999999999998,0.4691346414584754,0.16802717539850986,0.0070191687452021935,0.386106353621716,0.23137654289318735,0.1,2.7755575615628914e-17,0.0,1.0,0.30387494317874775
899,1.0,0.09999999999999998,0.4636507341369638,0.16434193688919393,0.006792118820790032,0.3871371834640018,0.2323844861634834,0.1,2.7755575615628914e-17,0.0,1.0,0.30387494317874775
900,1.0,0.09999999999999998,0.457985998603644,0.1597737178837117,0.0066891683159376915,0.3882077996963168,0.23343492829719953,0.1,2.7755575615628914e-17,0.0,1.0,0.30827006451473093
901,1.0,0.09999999999999998,0.4521464345034961,0.15448579097783713,0.006686336132003469,0.38931767413348717,0.23452777709780886,0.1,2.7755575615628914e-17,0.0,1.0,0.30537442914829116
902,1.0,0.09999999999999998,0.44636758697277196,0.14884836535147838,0.00475073048539957,0.39042227399594154,0.23561938347063957,0.1,2.7755575615628914e-17,0.0,1.0,0.30827006451473093
903,1.0,0.09999999999999998,0.4426461045774451,0.14731401366010083,0.00485729690633616,0.39113694215557615,0.2363277552281174,0.1,2.7755575615628914e-17,0.0,1.0,0.3194859836742392
904,1.0,0.09999999999999998,0.4389555984179848,0.14566026426018244,0.004842903347930292,0.391848250206538,0.23703444964015205,0.1,2.7755575615628914e-17,0.0,1.0,0.32191776377410797
905,1.0,0.09999999999999998,0.43530365968234497,0.14396089843660126,0.004825888569908682,0.3925546760712084,0.23773793158582565,0.1,2.7755575615628914e-17,0.0,1.0,0.32191776377410797
906,1.0,0.09999999999999998,0.43166856557694666,0.14217760814456962,0.004815098443416403,0.3932603775817863,0.23844232780291058,0.1,2.7755575615628914e-17,0.0,1.0,0.32191776377410797
907,1.0,0.09999999999999998,0.4279989878599645,0.14027605923972625,0.004725075287744699,0.39397535179025595,0.2391576525477555,0.1,2.7755575615628914e-17,0.0,1.0,0.3195376251384726
908,1.0,0.09999999999999998,0.42419513997870545,0.13804839003941757,0.004731111492265801,0.3947192363193256,0.2399036955903977,0.1,2.7755575615628914e-17,0.0,1.0,0.3174030397579184
909,1.0,0.09999999999999998,0.4203777057551117,0.1357311910164925,0.004755817015458082,0.39546860736880113,0.2406570974692752,0.1,2.7755575615628914e-17,0.0,1.0,0.3145074043914785
910,1.0,0.09999999999999998,0.416564769417222,0.13327386397153893,0.00473536587914839,0.39621994119132475,0.24141435017587234,0.1,2.7755575615628914e-17,0.0,1.0,0.3145074043914785
911,1.0,0.09999999999999998,0.4127315864543856,0.13061511960457378,0.004696871393351087,0.3969781477226852,0.24218044269867603,0.1,2.7755575615628914e-17,0.0,1.0,0.3145074043914785
912,1.0,0.09999999999999998,0.40893651303248857,0.12787175069087645,0.004688412109503086,0.3977316802608048,0.24294372371086123,0.1,2.7755575615628914e-17,0.0,1.0,0.3145074043914785
913,1.0,0.09999999999999998,0.4051498143016011,0.12497234086516976,0.004680243804693671,0.398486406574318,0.24371013085523616,0.1,2.7755575615628914e-17,0.0,1.0,0.3145074043914785
914,1.0,0.09999999999999998,0.40135502894895225,0.12186707093013752,0.004677005827521281,0.3992456235894943,0.24448304109546004,0.1,2.7755575615628914e-17,0.0,1.0,0.3145074043914785
915,1.0,0.09999999999999998,0.3974706278092813,0.11861479492422582,0.004758799921831163,0.4000257720413366,0.24527929803491602,0.1,2.7755575615628914e-17,0.0,1.0,0.3058663854293119
916,1.0,0.09999999999999998,0.3935716043212302,0.11516945351508337,0.0047381114685564555,0.40081192943702915,0.24608378547590887,0.1,2.7755575615628914e-17,0.0,1.0,0.3038607469658308
917,1.0,0.09999999999999998,0.3897411124656026,0.1115701173007673,0.0046607183895116125,0.4015872836955408,0.2468792882942487,0.1,2.7755575615628914e-17,0.0,1.0,0.30666011487049394
918,1.0,0.09999999999999998,0.386015233437276,0.10800412464246441,0.004642191459714065,0.40234434604308894,0.24765801544896335,0.1,2.7755575615628914e-17,0.0,1.0,0.30666011487049394
919,1.0,0.09999999999999998,0.382307696069449,0.10423524311813707,0.004543289653258396,0.403100520216311,0.24843780089544393,0.1,2.7755575615628914e-17,0.0,1.0,0.30666011487049394
920,1.0,0.09999999999999998,0.37869807149001306,0.10047455545951481,0.0044975910129359505,0.4038394602371396,0.2492017251160425,0.1,2.7755575615628914e-17,0.0,1.0,0.30666011487049394
921,1.0,0.09999999999999998,0.37513368856449636,0.09656857993314057,0.004480899544957214,0.4045718019289408,0.24996069868625903,0.1,2.7755575615628914e-17,0.0,1.0,0.30666011487049394
922,1.0,0.09999999999999998,0.371614786545943,0.09239245367656464,0.0035506955501286765,0.40529740924618635,0.250714536542927,0.1,2.7755575615628914e-17,0.0,1.0,0.3095557502369337
923,1.0,0.09999999999999998,0.3692976319718757,0.09036007584123795,0.0037891516646076664,0.40577663584241797,0.2512134174423843,0.1,2.7755575615628914e-17,0.0,1.0,0.33474466383108054
924,1.0,0.09999999999999998,0.36692409456289704,0.08819990814471916,0.0038259991355943878,0.40626869976483837,0.25172650014533654,0.1,2.7755575615628914e-17,0.0,1.0,0.33068813860067287
925,1.0,0.09999999999999998,0.3645480064327499,0.08593225343229279,0.00382600937073541,0.4067624892607598,0.2522422377713195,0.1,2.7755575615628914e-17,0.0,1.0,0.3300244408810989
926,1.0,0.09999999999999998,0.3621595411596967,0.08355935330725255,0.0037410118227380403,0.4072600621309168,0.2527627961206479,0.1,2.7755575615628914e-17,0.0,1.0,0.3281240421498672
927,1.0,0.09999999999999998,0.3598688321532373,0.08130551063581377,0.003725227188253857,0.4077384150392508,0.25326407127808237,0.1,2.7755575615628914e-17,0.0,1.0,0.32758451282628936
928,1.0,0.09999999999999998,0.35759914522815306,0.07897364941640933,0.003705020009540762,0.4082134876337942,0.25376271099675946,0.1,2.7755575615628914e-17,0.0,1.0,0.32758451282628936
929,1.0,0.09999999999999998,0.3553494634099949,0.07655531432339718,0.003701072797302257,0.40868546664287986,0.25425889708797633,0.1,2.7755575615628914e-17,0.0,1.0,0.32758451282628936
930,1.0,0.09999999999999998,0.35310908462518853,0.0739983625258755,0.0036569139436365096,0.4091565797930576,0.2547549634608254,0.1,2.7755575615628914e-17,0.0,1.0,0.3281240421498672
931,1.0,0.09999999999999998,0.35096370182186265,0.07140312116013757,0.003659542213484154,0.4096087360939903,0.2552318134524213,0.1,2.7755575615628914e-17,0.0,1.0,0.3327123844614331
932,1.0,0.09999999999999998,0.3488562051612674,0.06876782129066983,0.0035990773954159296,0.41005388168378587,0.2557019838939856,0.1,2.7755575615628914e-17,0.0,1.0,0.33217285513785516
933,1.0,0.09999999999999998,0.34681147892694564,0.06615121928813082,0.0035800442866872457,0.4104866946102026,0.2561598091864329,0.1,2.7755575615628914e-17,0.0,1.0,0.33192435145285765
934,1.0,0.09999999999999998,0.34476165156321714,0.06343082717404065,0.0036065781131462303,0.4109215053706556,0.2566204251883315,0.1,2.7755575615628914e-17,0.0,1.0,0.3292814570630447
935,1.0,0.09999999999999998,0.3427116637437848,0.06051851617709007,0.0035106980815605357,0.4113572724045824,0.2570827369467099,0.1,2.7755575615628914e-17,0.0,1.0,0.3292814570630447
936,1.0,0.09999999999999998,0.3407274240941595,0.05770361913106787,0.003515107064441041,0.4117799444599421,0.25753181046241097,0.1,2.7755575615628914e-17,0.0,1.0,0.3263641509167494
937,1.0,0.09999999999999998,0.33875498628340894,0.05475909257476866,0.0034588053598801714,0.412200964293404,0.25797977060697225,0.1,2.7755575615628914e-17,0.0,1.0,0.3250635179631056
938,1.0,0.09999999999999998,0.3368512934897101,0.051813687836654056,0.0034048309457675803,0.41260812765352567,0.25841359843406286,0.1,2.7755575615628914e-17,0.0,1.0,0.3250635179631056
939,1.0,0.09999999999999998,0.3350010353659827,0.048810963261601704,0.003390905735373541,0.41300463392837733,0.258836649678507,0.1,2.7755575615628914e-17,0.0,1.0,0.3250635179631056
940,1.0,0.09999999999999998,0.33316456320054544,0.04558919226391564,0.0033458846011800427,0.4133989401916307,0.2592579207890374,0.1,2.7755575615628914e-17,0.0,1.0,0.3250635179631056
941,1.0,0.09999999999999998,0.3313726619579595,0.04222682892367683,0.00317459301385137,0.4137844030947859,0.2596702915780348,0.1,2.7755575615628914e-17,0.0,1.0,0.3250635179631056
942,1.0,0.09999999999999998,0.32974106079138155,0.03921538637754774,0.0027597179231458532,0.41413600899928843,0.260046915154143,0.1,2.7755575615628914e-17,0.0,1.0,0.32413565841835157
943,1.0,0.09999999999999998,0.3289548754948238,0.03764761765156643,0.003013722643719775,0.4143056433504491,0.2602287811373519,0.1,2.7755575615628914e-17,0.0,1.0,0.3666767518957643
944,1.0,0.09999999999999998,0.328342636459672,0.036514312319450154,0.0029645633818043554,0.41443784178430043,0.2603705849102108,0.1,2.7755575615628914e-17,0.0,1.0,0.3666767518957643
945,1.0,0.09999999999999998,0.32760666682813777,0.03532051402511151,0.0031273600995850403,0.4145968685979146,0.26054125123302574,0.1,2.7755575615628914e-17,0.0,1.0,0.34943692532790815
946,1.0,0.09999999999999998,0.3267837912855338,0.03404956163842894,0.0032209524712905595,0.4147748184354295,0.26073233556026787,0.1,2.7755575615628914e-17,0.0,1.0,0.33962338271335735
947,1.0,0.09999999999999998,0.3259663947210869,0.03272461948479508,0.003192760196792342,0.41495173472248675,0.26092242528130494,0.1,2.7755575615628914e-17,0.0,1.0,0.33962338271335735
948,1.0,0.09999999999999998,0.32517690850839315,0.03140676004441742,0.003186910392251265,0.41512275346733996,0.2611062876329344,0.1,2.7755575615628914e-17,0.0,1.0,0.33962338271335735
949,1.0,0.09999999999999998,0.32439321360219514,0.030028476013405008,0.003179317121747152,0.415292657175126,0.26128905771232497,0.1,2.7755575615628914e-17,0.0,1.0,0.33962338271335735
950,1.0,0.09999999999999998,0.3236170360337962,0.028587044741409908,0.00316881707119278,0.41546106827613616,0.2614703270065797,0.1,2.7755575615628914e-17,0.0,1.0,0.33962338271335735
951,1.0,0.09999999999999998,0.32285125351544613,0.027082755707297932,0.0031672480130841545,0.4156273578228684,0.261649415280282,0.1,2.7755575615628914e-17,0.0,1.0,0.33962338271335735
952,1.0,0.09999999999999998,0.32207408216968486,0.025463977605722683,0.0031572846451596087,0.4157962566069725,0.2618314179798806,0.1,2.7755575615628914e-17,0.0,1.0,0.3383291632194914
953,1.0,0.09999999999999998,0.32131971675310766,0.023799450165391825,0.003024439859912424,0.4159603304315514,0.26200832217735776,0.1,2.7755575615628914e-17,0.0,1.0,0.3383291632194914
954,1.0,0.09999999999999998,0.32069686767392513,0.02249540294188325,0.003024341783178748,0.416095897191542,0.2621545651011943,0.1,2.7755575615628914e-17,0.0,1.0,0.3383291632194914
955,1.0,0.09999999999999998,0.32007411569070887,0.02109294280525608,0.0028626017498652647,0.41623153119202205,0.26230094853448216,0.1,2.7755575615628914e-17,0.0,1.0,0.3383291632194914
956,1.0,0.09999999999999998,0.319611486340473,0.02015948851401262,0.0027797746538316894,0.4163323480959798,0.26240979958287886,0.1,2.7755575615628914e-17,0.0,1.0,0.3383291632194914
957,1.0,0.09999999999999998,0.31923085581531035,0.01942995366748959,0.0027627697497108303,0.4164153323173962,0.26249942507307356,0.1,2.7755575615628914e-17,0.0,1.0,0.3383291632194914
958,1.0,0.09999999999999998,0.3189781377663115,0.01886280344936121,0.0028060420138888965,0.4164704476209135,0.2625589653695372,0.1,2.7755575615628914e-17,0.0,1.0,0.34943692532790815
959,1.0,0.09999999999999998,0.3189660560625392,0.018831836081288873,0.0029591430427861175,0.4164730828862678,0.2625618124918242,0.1,2.7755575615628914e-17,0.0,1.0,0.3666767518957643
960,1.0,0.09999999999999998,0.3189748026058371,0.018853777627369738,0.002941759318034018,0.41647117508392323,0.2625597513129235,0.1,2.7755575615628914e-17,0.0,1.0,0.3666767518957643
961,1.0,0.09999999999999998,0.3190007590366396,0.018917537581508482,0.002907615128411352,0.416465513551379,0.26255363470441395,0.1,2.7755575615628914e-17,0.0,1.0,0.3666767518957643
962,1.0,0.09999999999999998,0.31906051821516856,0.019058087453471012,0.002491512781085518,0.41645247965819726,0.26253955359347997,0.1,2.7755575615628914e-17,0.0,1.0,0.3666767518957643
963,1.0,0.09999999999999998,0.31954091605305296,0.019659267908241136,0.002485480976251484,0.41634773117554624,0.2624264118536748,0.1,2.7755575615628914e-17,0.0,1.0,0.3675464854460465
964,1.0,0.09999999999999998,0.3200359827132258,0.02023028763282138,0.0024806327705694823,0.4162398393430134,0.2623099173442473,0.1,2.7755575615628914e-17,0.0,1.0,0.3675464854460465
965,1.0,0.09999999999999998,0.3204992698149007,0.020693454839911207,0.002500810539345755,0.4161389239917545,0.2622009945489327,0.1,2.7755575615628914e-17,0.0,1.0,0.3638885572337256
966,1.0,0.09999999999999998,0.32098320325026997,0.021141241477196062,0.0024882082510321707,0.4160335635993419,0.26208731417653297,0.1,2.7755575615628914e-17,0.0,1.0,0.3642928614997015
967,1.0,0.09999999999999998,0.3214836559937295,0.021563979641603902,0.0024306295019053113,0.41592466277725915,0.26196985690146907,0.1,2.7755575615628914e-17,0.0,1.0,0.3642928614997015
968,1.0,0.09999999999999998,0.3220411116988246,0.021939627309638655,0.0023938079198047024,0.4158034249508114,0.2618391448036078,0.1,2.7755575615628914e-17,0.0,1.0,0.3642928614997015
969,1.0,0.09999999999999998,0.32263502077019934,0.02226901692870736,0.00238386466092193,0.41567433683095467,0.2617000285651366,0.1,2.7755575615628914e-17,0.0,1.0,0.3642928614997015
970,1.0,0.09999999999999998,0.32324805226331554,0.022586839023053407,0.0023619208196042434,0.41554117642656613,0.261556588080703,0.1,2.7755575615628914e-17,0.0,1.0,0.3652207210444556
971,1.0,0.09999999999999998,0.3238920867547838,0.02285467494398257,0.0023550180598788453,0.4154013735325294,0.26140606261841753,0.1,2.7755575615628914e-17,0.0,1.0,0.3652207210444556
972,1.0,0.09999999999999998,0.3243727009402712,0.02285535236904434,0.0025029775458134266,0.4152971061527495,0.2612938450267071,0.1,2.7755575615628914e-17,0.0,1.0,0.3481953172335628
973,1.0,0.09999999999999998,0.32477167863747874,0.022735164725508353,0.002598543478823845,0.415210589245328,0.261200761728766,0.1,2.7755575615628914e-17,0.0,1.0,0.33765425370220126
974,1.0,0.09999999999999998,0.32518145669631965,0.02259393689673277,0.002598543478823845,0.4151217678337665,0.2611052276696508,0.1,2.7755575615628914e-17,0.0,1.0,0.33765425370220126
975,1.0,0.09999999999999998,0.32558195615971286,0.022439542891327224,0.0026079157974577246,0.4150349943159884,0.26101192428942543,0.1,2.7755575615628914e-17,0.0,1.0,0.3367263941574472
976,1.0,0.09999999999999998,0.32598245562310607,0.02227688008248752,0.0026079157974577246,0.41494825706742255,0.2609186875674674,0.1,2.7755575615628914e-17,0.0,1.0,0.3367263941574472
977,1.0,0.09999999999999998,0.3263700128915608,0.022100084536896592,0.0026209887216381883,0.41486435725357923,0.26082852719764504,0.1,2.7755575615628914e-17,0.0,1.0,0.3354321746635813
978,1.0,0.09999999999999998,0.3267575701600154,0.02191501050863902,0.0026209887216381883,0.4147804913608604,0.2607384291160735,0.1,2.7755575615628914e-17,0.0,1.0,0.3354321746635813
979,1.0,0.09999999999999998,0.3271451274284701,0.021721446392376303,0.0026209887216381883,0.41469665936869887,0.2606483932582262,0.1,2.7755575615628914e-17,0.0,1.0,0.3354321746635813
980,1.0,0.09999999999999998,0.32753268469692465,0.02151916308519762,0.0026209887216381883,0.4146128612565433,0.26055841955966585,0.1,2.7755575615628914e-17,0.0,1.0,0.3354321746635813
981,1.0,0.09999999999999998,0.3279202419653793,0.021307912265755246,0.002603783148546585,0.41452909700385965,0.2604685079560441,0.1,2.7755575615628914e-17,0.0,1.0,0.3354321746635813
982,1.0,0.09999999999999998,0.3282907657164732,0.02111226542143527,0.002506986141700364,0.41444904591225656,0.260382606056503,0.1,2.7755575615628914e-17,0.0,1.0,0.3354321746635813
983,1.0,0.09999999999999998,0.3287726872257124,0.020752215454566847,0.002522712122879612,0.41434497375156026,0.2602709625363281,0.1,2.7755575615628914e-17,0.0,1.0,0.3369890468003269
984,1.0,0.09999999999999998,0.32925460873495155,0.020374411516366805,0.002522712122879612,0.4142409538447931,0.26015941471327986,0.1,2.7755575615628914e-17,0.0,1.0,0.3369890468003269
985,1.0,0.09999999999999998,0.3297365302441907,0.019977846388477983,0.002440199271895718,0.41413698615261046,0.26004796246436834,0.1,2.7755575615628914e-17,0.0,1.0,0.3369890468003269
986,1.0,0.09999999999999998,0.3301367640309558,0.019716512246348204,0.0024292898157004645,0.41405068108208926,0.2599554743990984,0.1,2.7755575615628914e-17,0.0,1.0,0.3369890468003269
987,1.0,0.09999999999999998,0.3306324548125841,0.019525665057384182,0.002536620478828162,0.4139438418362735,0.25984101879967847,0.1,2.7755575615628914e-17,0.0,1.0,0.3476147824499689
988,1.0,0.09999999999999998,0.33114278354129484,0.01933325610753752,0.002475000655198956,0.413833905172192,0.25972328852842286,0.1,2.7755575615628914e-17,0.0,1.0,0.3490785771582209
989,1.0,0.09999999999999998,0.3314810614402356,0.019178871370690142,0.0025667305739551904,0.4137610644310397,0.2596453082968026,0.1,2.7755575615628914e-17,0.0,1.0,0.3394376514287706
990,1.0,0.09999999999999998,0.3317479256430267,0.01900973579513395,0.002633212451151043,0.4137036191572259,0.259583823470636,0.1,2.7755575615628914e-17,0.0,1.0,0.3328559455863812
991,1.0,0.09999999999999998,0.33195715338733406,0.018841456462814182,0.002691431096084053,0.4136585918802065,0.25953563829755205,0.1,2.7755575615628914e-17,0.0,1.0,0.32709229973801324
992,1.0,0.09999999999999998,0.3321573057582303,0.018672000643371243,0.0027005981399337276,0.41361552685918945,0.2594895599226609,0.1,2.7755575615628914e-17,0.0,1.0,0.3261847623968954
993,1.0,0.09999999999999998,0.3323377588536329,0.018506437415678277,0.0027204963980080933,0.41357670804332025,0.25944803066884453,0.1,2.7755575615628914e-17,0.0,1.0,0.3242148348475332
994,1.0,0.09999999999999998,0.3325182119490356,0.01833760390496797,0.0027138009901984594,0.41353789651324646,0.25940651470575893,0.1,2.7755575615628914e-17,0.0,1.0,0.3242148348475332
995,1.0,0.09999999999999998,0.33270529349816963,0.018155603806110088,0.0026973188007502653,0.4134976670371149,0.2593634877918469,0.1,2.7755575615628914e-17,0.0,1.0,0.3242148348475332
996,1.0,0.09999999999999998,0.33290869241485743,0.017944179176844644,0.0026973188007502653,0.4134539376013925,0.2593167242363432,0.1,2.7755575615628914e-17,0.0,1.0,0.3242148348475332
997,1.0,0.09999999999999998,0.3331120913315453,0.01772790006905362,0.0026973188007502653,0.4134102174139029,0.2592699775408527,0.1,2.7755575615628914e-17,0.0,1.0,0.3242148348475332
998,1.0,0.09999999999999998,0.33326977352303677,0.017536236464783615,0.002743497311049689,0.41337633030638654,0.25923374940878324,0.1,2.7755575615628914e-17,0.0,1.0,0.31964316232789025
999,1.0,0.09999999999999998,0.3333863351335504,0.017378493781479,0.002740638086421391,0.4133512838968397,0.25920697540694476,0.1,2.7755575615628914e-17,0.0,1.0,0.3155311042301086
1000,1.0,0.09999999999999998,0.3334208225638707,0.017331976337086462,0.0027498972916428182,0.41334387392300925,0.2591990547636075,0.1,2.7755575615628914e-17,0.0,1.0,0.3117188075467475
1001,1.0,0.09999999999999998,0.33347528378727603,0.01725213489440972,0.0027297217430718983,0.4133321729183722,0.25918654777404715,0.1,2.7755575615628914e-17,0.0,1.0,0.3108205514888288
1002,1.0,0.09999999999999998,0.3335259173345044,0.017185386552196678,0.0026418121328620906,0.4133212948849685,0.2591749208908577,0.1,2.7755575615628914e-17,0.0,1.0,0.3133334192375661
1003,1.0,0.09999999999999998,0.33346353457262734,0.01724744850445939,0.0026181144727728,0.41333469718342386,0.2591892458725258,0.1,2.7755575615628914e-17,0.0,1.0,0.3132477074865371
1004,1.0,0.09999999999999998,0.33337683400975165,0.017326878291856355,0.0026181144727728,0.41335332535623165,0.2592091575917419,0.1,2.7755575615628914e-17,0.0,1.0,0.3132477074865371
1005,1.0,0.09999999999999998,0.3332927164225392,0.017402558176889116,0.00262072353909931,0.4133714001649784,0.25922847902696194,0.1,2.7755575615628914e-17,0.0,1.0,0.3135060050528616
1006,1.0,0.09999999999999998,0.3332085988353268,0.01747750552345101,0.0025966817346989527,0.4133894765545182,0.259247803342834,0.1,2.7755575615628914e-17,0.0,1.0,0.3135060050528616
1007,1.0,0.09999999999999998,0.33319757598403094,0.017486469465399213,0.002624911528390577,0.4133918454195259,0.2592503358336856,0.1,2.7755575615628914e-17,0.0,1.0,0.3184353400088866
1008,1.0,0.09999999999999998,0.33320789898654063,0.017477444611951623,0.002595662686305326,0.41338962695466047,0.2592479641310354,0.1,2.7755575615628914e-17,0.0,1.0,0.3184353400088866
1009,1.0,0.09999999999999998,0.33329489997799233,0.0174056454951221,0.00264386635830301,0.41337093095242117,0.2592279774375822,0.1,2.7755575615628914e-17,0.0,1.0,0.32320750353665734
1010,1.0,0.09999999999999998,0.3333923820229956,0.017327272730641784,0.002654453281082244,0.413349984642168,0.2592055865977144,0.1,2.7755575615628914e-17,0.0,1.0,0.3242556088918015
1011,1.0,0.09999999999999998,0.3334965247306215,0.017244553909152124,0.002661181223125394,0.41332760947705816,0.2591816701304307,0.1,2.7755575615628914e-17,0.0,1.0,0.32492167515407333
1012,1.0,0.09999999999999998,0.3336006674382474,0.01716080439146609,0.002661181223125394,0.41330523673421016,0.25915775807620495,0.1,2.7755575615628914e-17,0.0,1.0,0.32492167515407333
1013,1.0,0.09999999999999998,0.33370481014587333,0.017076009012400018,0.002661181223125394,0.41328286641323037,0.25913385043381576,0.1,2.7755575615628914e-17,0.0,1.0,0.32492167515407333
1014,1.0,0.09999999999999998,0.33384439728992144,0.01697526536506445,0.0026097006643379904,0.41325288626609163,0.2591018128655001,0.1,2.7755575615628914e-17,0.0,1.0,0.328466118796287
1015,1.0,0.09999999999999998,0.3340897865104811,0.016744849962149845,0.002609029454494681,0.41320019277970993,0.2590455111630035,0.1,2.7755575615628914e-17,0.0,1.0,0.33040530748528046
1016,1.0,0.09999999999999998,0.3343552321156756,0.016471713463527212,0.0025807530110132353,0.4131432076273531,0.2589846352996082,0.1,2.7755575615628914e-17,0.0,1.0,0.33040530748528046
1017,1.0,0.09999999999999998,0.3345926840418234,0.016240282782665046,0.0025807530110132353,0.41309224540033695,0.2589302035952679,0.1,2.7755575615628914e-17,0.0,1.0,0.33040530748528046
1018,1.0,0.09999999999999998,0.3348301359679713,0.016001982954085635,0.0025807530110132353,0.41304129574440135,0.2588757947663222,0.1,2.7755575615628914e-17,0.0,1.0,0.33040530748528046
1019,1.0,0.09999999999999998,0.33506758789411917,0.015756502315879148,0.0025807530110132353,0.41299035865489514,0.25882140879835375,0.1,2.7755575615628914e-17,0.0,1.0,0.33040530748528046
1020,1.0,0.09999999999999998,0.3353264709832204,0.015498192198411715,0.002602400650360081,0.41293483856481006,0.2587621402708845,0.1,2.7755575615628914e-17,0.0,1.0,0.33254842378061816
1021,1.0,0.09999999999999998,0.3356226948493164,0.015228189421443314,0.0026108697648352594,0.41287132867817555,0.2586943562607658,0.1,2.7755575615628914e-17,0.0,1.0,0.33628250148010064
1022,1.0,0.09999999999999998,0.3358899623617482,0.01500119390467994,0.002356436294187312,0.4128140437462127,0.25863322871339633,0.1,2.7755575615628914e-17,0.0,1.0,0.33628250148010064
1023,1.0,0.09999999999999998,0.3357355092822298,0.01509143226997907,0.002487008217121207,0.4128471465945501,0.25866855061257865,0.1,2.7755575615628914e-17,0.0,1.0,0.31929935587923736
1024,1.0,0.09999999999999998,0.33558930981526686,0.01520997133119137,0.002512942219699767,0.41287848539515914,0.25870199388130266,0.1,2.7755575615628914e-17,0.0,1.0,0.31606819190438595
1025,1.0,0.09999999999999998,0.33544974732549976,0.015323994681200914,0.0024937462729196485,0.41290840595584655,0.2587339270039078,0.1,2.7755575615628914e-17,0.0,1.0,0.31606819190438595
1026,1.0,0.09999999999999998,0.3353291888230449,0.015428223033751293,0.002488296481772398,0.412934255775822,0.258761518194368,0.1,2.7755575615628914e-17,0.0,1.0,0.31606819190438595
1027,1.0,0.09999999999999998,0.33521402561382596,0.015528260152846326,0.002488296481772398,0.41295895177474345,0.258787880106373,0.1,2.7755575615628914e-17,0.0,1.0,0.31606819190438595
1028,1.0,0.09999999999999998,0.33515506153137653,0.01556826250278019,0.00254506327648921,0.4129715973809956,0.2588013796034341,0.1,2.7755575615628914e-17,0.0,1.0,0.3216881045813504
1029,1.0,0.09999999999999998,0.33509609744892715,0.015607939576075704,0.00253961348534196,0.41298424376173754,0.25881488050895324,0.1,2.7755575615628914e-17,0.0,1.0,0.3216881045813504
1030,1.0,0.09999999999999998,0.3350292223772528,0.015651934271905397,0.0024958077003656705,0.41299858779724663,0.2588301944850641,0.1,2.7755575615628914e-17,0.0,1.0,0.3214365349824371
1031,1.0,0.09999999999999998,0.33492311233169014,0.015703165312790552,0.002497073514498433,0.41302134938800755,0.25885449674586686,0.1,2.7755575615628914e-17,0.0,1.0,0.3221013799051585
1032,1.0,0.09999999999999998,0.33482239757936305,0.015752700925788742,0.0024945633762661346,0.41304295595916596,0.2588775675507314,0.1,2.7755575615628914e-17,0.0,1.0,0.3221013799051585
1033,1.0,0.09999999999999998,0.3347048312647066,0.015817628572538676,0.002487399391701934,0.4130681805951869,0.2589045037584746,0.1,2.7755575615628914e-17,0.0,1.0,0.32016771998720145
1034,1.0,0.09999999999999998,0.3345705180380298,0.015919805265108194,0.0025310113673770447,0.4130970021635239,0.2589352837960071,0.1,2.7755575615628914e-17,0.0,1.0,0.31585013439536547
1035,1.0,0.09999999999999998,0.33443620481135305,0.016020204293747956,0.0025015436285255772,0.4131258277541545,0.258966071153021,0.1,2.7755575615628914e-17,0.0,1.0,0.31585013439536547
1036,1.0,0.09999999999999998,0.33437381327086496,0.01606361040041489,0.002531586350939045,0.4131392192632949,0.2589803750691854,0.1,2.7755575615628914e-17,0.0,1.0,0.32012499686794255
1037,1.0,0.09999999999999998,0.33432742164731777,0.01609709553357924,0.002534610176600145,0.41314917716717875,0.25899101186060824,0.1,2.7755575615628914e-17,0.0,1.0,0.3204243556083915
1038,1.0,0.09999999999999998,0.33428558016784693,0.016126532042564132,0.0025392062817277683,0.4131581588000621,0.2590006061326579,0.1,2.7755575615628914e-17,0.0,1.0,0.3208793700160262
1039,1.0,0.09999999999999998,0.33423024234905496,0.016167524809904316,0.002552838947708714,0.4131700381378693,0.25901329621382363,0.1,2.7755575615628914e-17,0.0,1.0,0.31952973608391255
1040,1.0,0.09999999999999998,0.3341685403337242,0.01621409806146971,0.0025592674290611634,0.41318328447960584,0.25902744720034443,0.1,2.7755575615628914e-17,0.0,1.0,0.31889331643002006
1041,1.0,0.09999999999999998,0.3341068383183934,0.016260303783682768,0.002549895110427284,0.41319653167073206,0.25904159973320573,0.1,2.7755575615628914e-17,0.0,1.0,0.31889331643002006
1042,1.0,0.09999999999999998,0.334060779095049,0.016294969545695634,0.0021266155768563727,0.4132064209668527,0.2590521653018133,0.1,2.7755575615628914e-17,0.0,1.0,0.31952973608391255
1043,1.0,0.09999999999999998,0.3331984331811654,0.01681945117401482,0.0025214395725787634,0.41339166120266835,0.25925013889158777,0.1,2.7755575615628914e-17,0.0,1.0,0.28044216050739584
1044,1.0,0.09999999999999998,0.3323525225588998,0.01723645904087718,0.0023639012149419426,0.4135735324182796,0.2594446335560975,0.1,2.7755575615628914e-17,0.0,1.0,0.2820856896692067
1045,1.0,0.09999999999999998,0.3317031660016123,0.017794732710770967,0.002289174319137873,0.4137132530186286,0.2595941339444067,0.1,2.7755575615628914e-17,0.0,1.0,0.28450126959915467
1046,1.0,0.09999999999999998,0.3311547322891337,0.018377765334756654,0.0022919898935454502,0.413831331833939,0.25972053329055406,0.1,2.7755575615628914e-17,0.0,1.0,0.2847800114655048
1047,1.0,0.09999999999999998,0.33061402713096355,0.01890841128980046,0.002299796514059,0.41394781267967623,0.2598452719697906,0.1,2.7755575615628914e-17,0.0,1.0,0.28555286689634624
1048,1.0,0.09999999999999998,0.3300733219727935,0.019409509323344065,0.002299796514059,0.41406435911545636,0.25997013052568474,0.1,2.7755575615628914e-17,0.0,1.0,0.28555286689634624
1049,1.0,0.09999999999999998,0.32955135931635904,0.019842670144992244,0.0023187283339940377,0.41417692796484035,0.26009077497832916,0.1,2.7755575615628914e-17,0.0,1.0,0.287427117069915
1050,1.0,0.09999999999999998,0.32904287936468324,0.020225858419532273,0.0023323472276896378,0.4142866479436999,0.2602084108126472,0.1,2.7755575615628914e-17,0.0,1.0,0.28877538754577936
1051,1.0,0.09999999999999998,0.3285479805697381,0.02056356848893686,0.0023329926436411455,0.4143934932140547,0.2603230069033227,0.1,2.7755575615628914e-17,0.0,1.0,0.29013350321884457
1052,1.0,0.09999999999999998,0.3280349582079824,0.02094947303810265,0.0023643722009635444,0.41450430942972977,0.26044190618660457,0.1,2.7755575615628914e-17,0.0,1.0,0.28702692704392707
1053,1.0,0.09999999999999998,0.3275219358462268,0.02131605283024651,0.0023643722009635444,0.4146151849297259,0.2605609141310424,0.1,2.7755575615628914e-17,0.0,1.0,0.28702692704392707
1054,1.0,0.09999999999999998,0.3270135651315323,0.021655751892441382,0.002369070834358604,0.41472511363296877,0.26067895034775534,0.1,2.7755575615628914e-17,0.0,1.0,0.287492091750038
1055,1.0,0.09999999999999998,0.3265362601785869,0.021925414244516467,0.0024004503916810033,0.4148283778308343,0.26078987093182476,0.1,2.7755575615628914e-17,0.0,1.0,0.2905986679249555
1056,0.99,0.08999999999999997,0.3260608188393663,0.02217856002540436,0.0024023328297867693,0.4328933913024921,0.28833959241071616,0.1,2.7755575615628914e-17,0.0,0.0,0.29078502929742633
1057,0.99,0.08999999999999997,0.3256147973786538,0.0223749684745423,0.0023198502615282123,0.43299852650891557,0.28845433567017525,0.1,2.7755575615628914e-17,0.0,1.0,0.29372701714824595
1058,0.99,0.08999999999999997,0.3251278308184432,0.022381120648297326,0.002216551530121638,0.43311337153524165,0.2885797167739868,0.1,2.7755575615628914e-17,0.0,1.0,0.30074026930685127
1059,0.99,0.08999999999999997,0.3244627288368782,0.02212328470040335,0.00222234663686496,0.4332703260532127,0.2887511392747991,0.1,2.7755575615628914e-17,0.0,1.0,0.30016655373926243
1060,0.99,0.08999999999999997,0.32381036989623246,0.021828742102226666,0.0022352183953693074,0.43342438394384086,0.2889194753581692,0.1,2.7755575615628914e-17,0.0,1.0,0.30144085783119284
1061,0.99,0.08999999999999997,0.3231580109555868,0.02151039500383627,0.0022352183953693074,0.4335785514301384,0.2890880078291038,0.1,2.7755575615628914e-17,0.0,1.0,0.30144085783119284
1062,0.99,0.08999999999999997,0.322505652014941,0.021167169397482623,0.0022264332079927197,0.43373282862909535,0.28925673703147414,0.1,2.7755575615628914e-17,0.0,1.0,0.30144085783119284
1063,0.99,0.08999999999999997,0.32178534464411285,0.02084533520533695,0.0022862827985782774,0.4339033026288788,0.289443269686913,0.1,2.7755575615628914e-17,0.0,1.0,0.29551574836322264
1064,0.99,0.08999999999999997,0.32107862400304954,0.02047665174490659,0.0022630579982163878,0.43407069136743504,0.28962651784994703,0.1,2.7755575615628914e-17,0.0,1.0,0.2968744213397165
1065,0.99,0.08999999999999997,0.3204084826441095,0.02015876255316163,0.0022589741167418835,0.43422953554010485,0.2898004956938471,0.1,2.7755575615628914e-17,0.0,1.0,0.2968744213397165
1066,0.99,0.08999999999999997,0.3197315262949767,0.01980729183536089,0.0022617740637448044,0.43439011315382653,0.2899764551462732,0.1,2.7755575615628914e-17,0.0,1.0,0.2965972265864273
1067,0.99,0.08999999999999997,0.3191015852149644,0.019377113543153527,0.002309264234573548,0.4345396452116411,0.29014038608557097,0.1,2.7755575615628914e-17,0.0,1.0,0.3012987534984729
1068,0.99,0.08999999999999997,0.3184799307302966,0.018908854689170796,0.00231763453290137,0.43468731120162646,0.2903023423948292,0.1,2.7755575615628914e-17,0.0,1.0,0.3021274130329273
1069,0.99,0.08999999999999997,0.31788434114094,0.01838726040887764,0.002334590391349427,0.43482887997972147,0.29045767784287746,0.1,2.7755575615628914e-17,0.0,1.0,0.304733902564039
1070,0.99,0.08999999999999997,0.317320051271215,0.01778179824135386,0.002375578588399066,0.4349630940618886,0.2906050034629661,0.1,2.7755575615628914e-17,0.0,1.0,0.30879173407195326
1071,0.99,0.08999999999999997,0.3167557614014899,0.01713640878172561,0.0022036048125314623,0.43509739102255074,0.2907524786115725,0.1,2.7755575615628914e-17,0.0,1.0,0.30879173407195326
1072,0.99,0.08999999999999997,0.3163524318348465,0.016864172089655856,0.002106517034464491,0.4351934314119906,0.29085797911774425,0.1,2.7755575615628914e-17,0.0,1.0,0.3078623605692219
1073,0.99,0.08999999999999997,0.31606795986449127,0.01674193130083457,0.002120099823327617,0.4352611950641574,0.2909324356287455,0.1,2.7755575615628914e-17,0.0,1.0,0.30920705666667136
1074,0.99,0.08999999999999997,0.31581735012266177,0.01660393060867519,0.002144931775931944,0.4353209099311571,0.29099806077167245,0.1,2.7755575615628914e-17,0.0,1.0,0.31259327951925375
1075,0.99,0.08999999999999997,0.3155946687932979,0.016470807954839135,0.0021637699749400955,0.43537398381250736,0.2910563973731965,0.1,2.7755575615628914e-17,0.0,1.0,0.3144582612210608
1076,0.99,0.08999999999999997,0.315371987463934,0.01633356494350786,0.0021506970507596318,0.4354270706368626,0.29111475736897574,0.1,2.7755575615628914e-17,0.0,1.0,0.3144582612210608
1077,0.99,0.08999999999999997,0.31516224832950884,0.016208812143735263,0.0021506970507596318,0.43547708390620177,0.291169746900197,0.1,2.7755575615628914e-17,0.0,1.0,0.3144582612210608
1078,0.99,0.08999999999999997,0.31495250919508355,0.016080356260014632,0.0021506970507596318,0.4355271086659358,0.29122475720961494,0.1,2.7755575615628914e-17,0.0,1.0,0.3144582612210608
1079,0.99,0.08999999999999997,0.31474277006065843,0.015948107811839776,0.0021506970507596318,0.4355771449200247,0.29127978830900847,0.1,2.7755575615628914e-17,0.0,1.0,0.3144582612210608
1080,0.99,0.08999999999999997,0.3145330309262332,0.01581197163854398,0.0021506970507596318,0.4356271926724306,0.29133484021016565,0.1,2.7755575615628914e-17,0.0,1.0,0.3144582612210608
1081,0.99,0.08999999999999997,0.31432329179180796,0.015671846426287953,0.0021506970507596318,0.43567725192711765,0.29138991292488314,0.1,2.7755575615628914e-17,0.0,1.0,0.3144582612210608
1082,0.99,0.08999999999999997,0.3140960815813935,0.015528209377235893,0.0021526186210847325,0.43573149405541906,0.29144959664590847,0.1,2.7755575615628914e-17,0.0,1.0,0.3127111536221302
1083,0.99,0.08999999999999997,0.3135271385884352,0.015720102383857907,0.0024820772687375986,0.4358673776765591,0.29159915426657146,0.1,2.7755575615628914e-17,0.0,1.0,0.2800947475044965
1084,0.99,0.08999999999999997,0.3129581955954769,0.015889322175480006,0.0024820772687375986,0.4360033460752223,0.2917488654572921,0.1,2.7755575615628914e-17,0.0,1.0,0.2800947475044965
1085,0.99,0.08999999999999997,0.3123892526025186,0.016036586518799866,0.0024820772687375986,0.43613939933077234,0.2918987304547272,0.1,2.7755575615628914e-17,0.0,1.0,0.2800947475044965
1086,0.99,0.08999999999999997,0.3118055791592915,0.01619204768258961,0.002389625848305627,0.43627906339269423,0.2920526356730342,0.1,2.7755575615628914e-17,0.0,1.0,0.27862170247761964
1087,0.99,0.08999999999999997,0.31111564835956806,0.0161212626664279,0.0023748400431717683,0.4364442686035906,0.29223476866562315,0.1,2.7755575615628914e-17,0.0,1.0,0.27862170247761964
1088,0.99,0.08999999999999997,0.310411079612762,0.015985788013140306,0.002277456954995503,0.4366131080740746,0.29242100048839287,0.1,2.7755575615628914e-17,0.0,1.0,0.27862170247761964
1089,0.99,0.08999999999999997,0.3097781263232839,0.01607677974515055,0.002236019320190129,0.43676489738875174,0.2925885054038322,0.1,2.7755575615628914e-17,0.0,1.0,0.27614232248096227
1090,0.99,0.08999999999999997,0.309179027907063,0.01632005053156702,0.0022100857107791153,0.4369086651793057,0.2927472278319814,0.1,2.7755575615628914e-17,0.0,1.0,0.27294610396428465
1091,0.98,0.07999999999999996,0.30861440067491425,0.01666364289057875,0.0022243179340117034,0.45701795424685926,0.323701219126719,0.1,2.7755575615628914e-17,0.0,0.0,0.2706295765231406
1092,0.98,0.07999999999999996,0.30808268037738445,0.016940539526987056,0.002228491959985592,0.45715765782896156,0.3238572253029167,0.1,2.7755575615628914e-17,0.0,1.0,0.2730127326439178
1093,0.98,0.07999999999999996,0.30758538980561706,0.01718777577782871,0.0022433712026813176,0.45728839270040156,0.3240032659778565,0.1,2.7755575615628914e-17,0.0,1.0,0.27448577767079463
1094,0.98,0.07999999999999996,0.3070880992338497,0.017417313142011382,0.0022433712026813176,0.45741920236658884,0.32414943842383,0.1,2.7755575615628914e-17,0.0,1.0,0.27448577767079463
1095,0.98,0.07999999999999996,0.3065725466259376,0.017664002528491225,0.0022618177038376142,0.45755489479905176,0.32430111807979445,0.1,2.7755575615628914e-17,0.0,1.0,0.27265957405632124
1096,0.98,0.07999999999999996,0.306012924871288,0.017979862153664265,0.002306331993471409,0.45770227729585394,0.324465923979809,0.1,2.7755575615628914e-17,0.0,1.0,0.2682526593825756
1097,0.98,0.07999999999999996,0.30545888367981716,0.018261857239256878,0.0022657904156757366,0.45784828365120456,0.32462925152152966,0.1,2.7755575615628914e-17,0.0,1.0,0.268810715700447
1098,0.98,0.07999999999999996,0.30495316456981875,0.018559858250611527,0.0022268861483002,0.4579816370418091,0.32477847765438805,0.1,2.7755575615628914e-17,0.0,1.0,0.26907125132805054
1099,0.98,0.07999999999999996,0.3045035360415339,0.018840659938829742,0.0022034993138578545,0.4581002651238597,0.3249112679999243,0.1,2.7755575615628914e-17,0.0,1.0,0.2705682514016194
1100,0.98,0.07999999999999996,0.30408145399349507,0.01914462760292969,0.002205109340128902,0.4582116813958479,0.32503602179773156,0.1,2.7755575615628914e-17,0.0,1.0,0.269510602742867
1101,0.98,0.07999999999999996,0.30366835450603546,0.019438194311193938,0.002179726837616404,0.45832077904741564,0.32515821344120416,0.1,2.7755575615628914e-17,0.0,1.0,0.269510602742867
1102,0.98,0.07999999999999996,0.3032301263410885,0.01970747927685515,0.002178861062353485,0.45843656986752435,0.32528793841820247,0.1,2.7755575615628914e-17,0.0,1.0,0.269510602742867
1103,0.97,0.06999999999999995,0.3026900772694459,0.020160317845477508,0.002282576238318924,0.48061956535367867,0.3596756064009854,0.1,2.7755575615628914e-17,0.0,0.0,0.25924280032228847
1104,0.97,0.06999999999999995,0.3021713554016182,0.02054564755705446,0.0023015098021083196,0.48077029499703655,0.35984562363479367,0.1,2.7755575615628914e-17,0.0,1.0,0.26137552070376313
1105,0.97,0.06999999999999995,0.3016500505581272,0.020909570374798084,0.0023015098021083196,0.480921870478292,0.3600166494819145,0.1,2.7755575615628914e-17,0.0,1.0,0.26137552070376313
1106,0.96,0.05999999999999994,0.30112874571463627,0.02125448459734733,0.002251718539926249,0.5053863412714591,0.3980691235746941,0.1,2.7755575615628914e-17,0.0,0.0,0.26137552070376313
1107,0.96,0.05999999999999994,0.30060152809321594,0.02147143023076822,0.002295537299149381,0.505555738969517,0.39826064507443465,0.1,2.7755575615628914e-17,0.0,1.0,0.26571357786685323
1108,0.96,0.05999999999999994,0.3000875492221938,0.02165278653734287,0.002260706102301353,0.5057209923430879,0.39844753484641693,0.1,2.7755575615628914e-17,0.0,1.0,0.2670374529066692
1109,0.96,0.05999999999999994,0.2995152262294217,0.02179006216460202,0.002260848963837402,0.5059051315641651,0.39865584584746405,0.1,2.7755575615628914e-17,0.0,1.0,0.2659752042594562
1110,0.96,0.05999999999999994,0.29893242218309835,0.021899671549488072,0.002254121021794252,0.506092780811654,0.39886819563696135,0.1,2.7755575615628914e-17,0.0,1.0,0.2659752042594562
1111,0.96,0.05999999999999994,0.2983429574741521,0.02198534772900205,0.002254121021794252,0.5062827162899775,0.39908320253687324,0.1,2.7755575615628914e-17,0.0,1.0,0.2659752042594562
1112,0.95,0.04999999999999993,0.2977534927652059,0.02205494226400576,0.002254121021794252,0.5334927508155912,0.4412930250212477,0.1,2.7755575615628914e-17,0.0,0.0,0.2659752042594562
1113,0.95,0.04999999999999993,0.2971848837591853,0.022080141210432475,0.002239384927353178,0.5336963431985067,0.4415227277445615,0.1,2.7755575615628914e-17,0.0,1.0,0.2680607745520035
1114,0.95,0.04999999999999993,0.29659254993467116,0.02202747932263752,0.002231635160725693,0.533908595649988,0.44176226909863525,0.1,2.7755575615628914e-17,0.0,1.0,0.269232736344876
1115,0.95,0.04999999999999993,0.29597096604529227,0.02194140381182023,0.002241592916255815,0.5341315109635312,0.4420139189034119,0.1,2.7755575615628914e-17,0.0,1.0,0.26824691854739396
1116,0.95,0.04999999999999993,0.2953453029481355,0.02184240336155356,0.002245713328152761,0.534356077238355,0.4422675098848587,0.1,2.7755575615628914e-17,0.0,1.0,0.2678389977695963
1117,0.95,0.04999999999999993,0.2947038143130139,0.021745083465534217,0.0022616987200362983,0.5345865198374313,0.4425278174928588,0.1,2.7755575615628914e-17,0.0,1.0,0.2662564439731261
1118,0.95,0.04999999999999993,0.29404713214101474,0.021648360279481402,0.002277045726983401,0.5348226263919074,0.4427946080219693,0.1,2.7755575615628914e-17,0.0,1.0,0.2647370902853629
1119,0.95,0.04999999999999993,0.29342044828566144,0.0214932983181969,0.0022856994175818445,0.5350481417797148,0.44304951127325104,0.1,2.7755575615628914e-17,0.0,1.0,0.2677369219499465
1120,0.95,0.04999999999999993,0.29278575821790204,0.021264381356808165,0.0022615420171298423,0.5352767321702343,0.44330797034865965,0.1,2.7755575615628914e-17,0.0,1.0,0.26907941700468074
1121,0.95,0.04999999999999993,0.2921137273731478,0.02093854169765579,0.0022615420171298423,0.5355189842338753,0.4435819642579556,0.1,2.7755575615628914e-17,0.0,1.0,0.26907941700468074
1122,0.95,0.04999999999999993,0.2914416965283936,0.0205856234165635,0.002089995091868597,0.535761455670527,0.4438562970697571,0.1,2.7755575615628914e-17,0.0,1.0,0.26907941700468074
1123,0.95,0.04999999999999993,0.29081150133597666,0.020687528067238604,0.002186645762497769,0.5359890322137575,0.44411386042951106,0.1,2.7755575615628914e-17,0.0,1.0,0.2562798366375413
1124,0.95,0.04999999999999993,0.29021361778330823,0.020812537261804515,0.002186645762497769,0.5362051191475912,0.44435849436567537,0.1,2.7755575615628914e-17,0.0,1.0,0.2562798366375413
1125,0.95,0.04999999999999993,0.28960888906187043,0.020930735438525166,0.0021935600743860115,0.5364238573699149,0.444606203421018,0.1,2.7755575615628914e-17,0.0,1.0,0.2555953197606053
1126,0.95,0.04999999999999993,0.2890041603404326,0.02103088849925275,0.0021935600743860115,0.5366427741281554,0.4448541888028004,0.1,2.7755575615628914e-17,0.0,1.0,0.2555953197606053
1127,0.95,0.04999999999999993,0.2883994316189948,0.021113253242582165,0.002136793279669199,0.5368618696409854,0.44510245097365564,0.1,2.7755575615628914e-17,0.0,1.0,0.2555953197606053
1128,0.95,0.04999999999999993,0.28773850377078736,0.021095316469233183,0.002136793279669199,0.5371015310139349,0.44537410195573934,0.1,2.7755575615628914e-17,0.0,1.0,0.2555953197606053
1129,0.95,0.04999999999999993,0.2870775759225799,0.021056629363402947,0.0021342521726094694,0.5373414064576879,0.4456460847235541,0.1,2.7755575615628914e-17,0.0,1.0,0.2555953197606053
1130,0.95,0.04999999999999993,0.28641557645736515,0.0210065823256501,0.002131160115810654,0.5375818857108683,0.44591884168265966,0.1,2.7755575615628914e-17,0.0,1.0,0.2552365884609666
1131,0.95,0.04999999999999993,0.2857184527517074,0.020967446829896322,0.002159923541281257,0.5378353570553741,0.4462064316842191,0.1,2.7755575615628914e-17,0.0,1.0,0.2523890093393769
1132,0.95,0.04999999999999993,0.28501023975090073,0.02092259788664458,0.002151592931149215,0.5380931052982468,0.44649897654384985,0.1,2.7755575615628914e-17,0.0,1.0,0.25128007982449196
1133,0.95,0.04999999999999993,0.284315190606579,0.020897583286254403,0.00211421604910503,0.5383463029754175,0.4467864569592995,0.1,2.7755575615628914e-17,0.0,1.0,0.25066280555503034
1134,0.95,0.04999999999999993,0.2836633173181757,0.020920429054413853,0.00211421604910503,0.5385839888652518,0.4470564159529834,0.1,2.7755575615628914e-17,0.0,1.0,0.25066280555503034
1135,0.95,0.04999999999999993,0.28301144402977235,0.020922950051733134,0.0020710356200890996,0.5388218847297286,0.44732670137518044,0.1,2.7755575615628914e-17,0.0,1.0,0.25066280555503034
1136,0.95,0.04999999999999993,0.28231682211664316,0.020832127239773176,0.002068011794427999,0.5390756127515544,0.44761507151374347,0.1,2.7755575615628914e-17,0.0,1.0,0.25066280555503034
1137,0.95,0.04999999999999993,0.2816145176230132,0.02071910398363771,0.0020681520459633574,0.5393323900807132,0.44790700928614746,0.1,2.7755575615628914e-17,0.0,1.0,0.25019390624539517
1138,0.95,0.04999999999999993,0.28092423466020217,0.020548628151348496,0.0020712584455331467,0.5395850105723499,0.44819432120695735,0.1,2.7755575615628914e-17,0.0,1.0,0.25185107373491794
1139,0.95,0.04999999999999993,0.2802474480367122,0.02037981153565387,0.0020648299641806973,0.5398329217174598,0.4484763737160947,0.1,2.7755575615628914e-17,0.0,1.0,0.25185107373491794
1140,0.95,0.04999999999999993,0.2795831983524558,0.020191018873079947,0.002071065057811623,0.5400764621174665,0.44875354683092844,0.1,2.7755575615628914e-17,0.0,1.0,0.25246834800437956
1141,0.95,0.04999999999999993,0.2789189486681994,0.019978371123575138,0.0020646365764591737,0.5403202223584432,0.4490310627617936,0.1,2.7755575615628914e-17,0.0,1.0,0.25246834800437956
1142,0.95,0.04999999999999993,0.2782483347874041,0.0197278881785079,0.0016698125807367826,0.5405665413873237,0.4493115859874837,0.1,2.7755575615628914e-17,0.0,1.0,0.25246834800437956
1143,0.95,0.04999999999999993,0.27779901635172743,0.020179319560125256,0.001824504519149257,0.5407317034411002,0.44949973570871576,0.1,2.7755575615628914e-17,0.0,1.0,0.2355103169397337
1144,0.95,0.04999999999999993,0.2773332626244327,0.02060794984158872,0.0018001047218770556,0.5409030134016846,0.44969493402071287,0.1,2.7755575615628914e-17,0.0,1.0,0.2355103169397337
1145,0.95,0.04999999999999993,0.27684335309783853,0.021010125414826653,0.0017972891474694783,0.5410833253382784,0.449900439109077,0.1,2.7755575615628914e-17,0.0,1.0,0.2355103169397337
1146,0.95,0.04999999999999993,0.27634596715948445,0.021401450647166725,0.0017942188836189102,0.5412665120021943,0.45010927260695194,0.1,2.7755575615628914e-17,0.0,1.0,0.23504141763009853
1147,0.95,0.04999999999999993,0.27581511984783097,0.021820753007534787,0.0018202116300744112,0.5414621593357232,0.4503323692469311,0.1,2.7755575615628914e-17,0.0,1.0,0.23246813573100392
1148,0.95,0.04999999999999993,0.2753099533277642,0.02217140100045332,0.0018272200036612298,0.5416484732268089,0.4505448786075717,0.1,2.7755575615628914e-17,0.0,1.0,0.2350362148896677
1149,0.95,0.04999999999999993,0.27478604430596176,0.022495511222598116,0.00181360110996563,0.5418418351583926,0.45076548437970426,0.1,2.7755575615628914e-17,0.0,1.0,0.2350362148896677
1150,0.95,0.04999999999999993,0.27422297178781396,0.022840359259961633,0.0018258229633555147,0.5420498053535785,0.4510028219694336,0.1,2.7755575615628914e-17,0.0,1.0,0.23246813573100392
1151,0.95,0.04999999999999993,0.2736331982067485,0.02318081628722344,0.0018076958365250927,0.542267808806704,0.4512516823096512,0.1,2.7755575615628914e-17,0.0,1.0,0.23115614511229818
1152,0.95,0.04999999999999993,0.2730744903874322,0.023522057095179558,0.0018076958365250927,0.5424744909402396,0.4514876876213465,0.1,2.7755575615628914e-17,0.0,1.0,0.23115614511229818
1153,0.95,0.04999999999999993,0.2724857321376691,0.023899266453324915,0.0018333511732783795,0.542692460153245,0.4517366539013899,0.1,2.7755575615628914e-17,0.0,1.0,0.22815110206761188
1154,0.95,0.04999999999999993,0.271902498139516,0.024235233164582832,0.0018122503014823949,0.542908556959574,0.45198355503236365,0.1,2.7755575615628914e-17,0.0,1.0,0.22916869193472691
1155,0.95,0.04999999999999993,0.27129178569261003,0.02452416275705658,0.0018139914118578283,0.5431350194638433,0.4522423780784443,0.1,2.7755575615628914e-17,0.0,1.0,0.22952742323436567
1156,0.96,0.05999999999999994,0.27067920963197944,0.024793185833160133,0.0017842743628596505,0.5153596587104746,0.4094410027316779,0.1,2.7755575615628914e-17,0.0,1.0,0.22952742323436567
1157,0.96,0.05999999999999994,0.27002495681348115,0.025038380658559928,0.0017258141181863483,0.5155782715524748,0.4096924787969532,0.1,2.7755575615628914e-17,0.0,1.0,0.22830173529841727
1158,0.96,0.05999999999999994,0.2692903663827181,0.025203508559877043,0.0017303271838458225,0.5158239496369043,0.409975202732809,0.1,2.7755575615628914e-17,0.0,1.0,0.22728122623054048
1159,0.96,0.05999999999999994,0.2685615131076308,0.025353498885512405,0.0017174554253414748,0.5160679404837251,0.41025610450675354,0.1,2.7755575615628914e-17,0.0,1.0,0.22728122623054048
1160,0.96,0.05999999999999994,0.26781991679162437,0.025465271418027433,0.0017174554253414748,0.5163164342134923,0.4105423128378641,0.1,2.7755575615628914e-17,0.0,1.0,0.22728122623054048
1161,0.96,0.05999999999999994,0.267080896621427,0.02555104443343142,0.0017200575928254585,0.5165643029045869,0.4108279244778064,0.1,2.7755575615628914e-17,0.0,1.0,0.22753884081145487
1162,0.96,0.05999999999999994,0.2663418764512296,0.02561521800142742,0.001660208002239901,0.5168124096992674,0.4111139337907599,0.1,2.7755575615628914e-17,0.0,1.0,0.22753884081145487
1163,0.96,0.05999999999999994,0.2655635638082441,0.025897835681879578,0.0017460229898185176,0.5170739657265783,0.4114155806080562,0.1,2.7755575615628914e-17,0.0,1.0,0.217684484064678
1164,0.96,0.05999999999999994,0.2647716644354937,0.026137925571215834,0.0017460229898185176,0.5173403595022545,0.4117229478203193,0.1,2.7755575615628914e-17,0.0,1.0,0.217684484064678
1165,0.96,0.05999999999999994,0.263929887571895,0.02644418041172608,0.0017936043467027714,0.5176238331235689,0.41205017841073677,0.1,2.7755575615628914e-17,0.0,1.0,0.21269673497984767
1166,0.96,0.05999999999999994,0.2630609028047323,0.02678204913190358,0.0017763968537496523,0.5179167952401398,0.41238853183844976,0.1,2.7755575615628914e-17,0.0,1.0,0.20969874987016085
1167,0.95,0.04999999999999993,0.2621478667357167,0.027018196338813708,0.00177102046175263,0.546548472250225,0.45615336887372476,0.1,2.7755575615628914e-17,0.0,0.0,0.20999514659691002
1168,0.94,0.039999999999999925,0.26124630251698067,0.02717284789209561,0.001764650310553626,0.5785262215286103,0.5045576575033871,0.1,2.7755575615628914e-17,0.0,0.0,0.21197099115932033
1169,0.94,0.039999999999999925,0.26037236975652434,0.027165516272796134,0.0017779008545048933,0.5788942872505446,0.5049753934729999,0.1,2.7755575615628914e-17,0.0,1.0,0.21734062651841007
1170,0.94,0.039999999999999925,0.2595225341071132,0.026966054828309546,0.0018432295677617025,0.5792526536496222,0.50538227502756,0.1,2.7755575615628914e-17,0.0,1.0,0.22380816913083418
1171,0.94,0.039999999999999925,0.25872264979807125,0.02667752741426467,0.0018842978559859083,0.5795903616942106,0.505765840505031,0.1,2.7755575615628914e-17,0.0,1.0,0.22880330316776193
1172,0.94,0.039999999999999925,0.2579320592240567,0.02637934792151324,0.0018707150671227824,0.57992453311887,0.5061455219373207,0.1,2.7755575615628914e-17,0.0,1.0,0.22880330316776193
1173,0.94,0.039999999999999925,0.25712802168906757,0.02602723786868371,0.0018365107958845765,0.5802647838451708,0.5065322464092683,0.1,2.7755575615628914e-17,0.0,1.0,0.22880330316776193
1174,0.94,0.039999999999999925,0.2562642619884809,0.025601988268408336,0.0018437937454337987,0.5806307527850979,0.5069483549105717,0.1,2.7755575615628914e-17,0.0,1.0,0.22621730946058188
1175,0.94,0.039999999999999925,0.2553896822427852,0.02508775200416649,0.0018517026059480593,0.5810017767412821,0.5073703730046368,0.1,2.7755575615628914e-17,0.0,1.0,0.2270002866514937
1176,0.94,0.039999999999999925,0.25453156569608437,0.024513667358522426,0.0018683320998822315,0.5813662776500754,0.5077851304529665,0.1,2.7755575615628914e-17,0.0,1.0,0.22864660655097674
1177,0.94,0.039999999999999925,0.25367344914938356,0.023895015088728714,0.0018683320998822315,0.5817312361971158,0.5082005665553465,0.1,2.7755575615628914e-17,0.0,1.0,0.22864660655097674
1178,0.94,0.039999999999999925,0.2528153326026827,0.023228234474479848,0.0018683320998822315,0.5820966532448054,0.5086166829788301,0.1,2.7755575615628914e-17,0.0,1.0,0.22864660655097674
1179,0.94,0.039999999999999925,0.25195721605598187,0.02250904883589735,0.0018683320998822315,0.5824625296577153,0.5090334813959345,0.1,2.7755575615628914e-17,0.0,1.0,0.22864660655097674
1180,0.94,0.039999999999999925,0.25109017352746144,0.021741657317386396,0.0018773482431343827,0.5828326792954128,0.5094553096607054,0.1,2.7755575615628914e-17,0.0,1.0,0.22775400836901377
1181,0.94,0.039999999999999925,0.25023056636545227,0.020902388898949836,0.0018672111628536142,0.5832001194083477,0.5098742112415078,0.1,2.7755575615628914e-17,0.0,1.0,0.22849754502014827
1182,0.94,0.039999999999999925,0.24939357846035104,0.020041786262289755,0.0015429526979468182,0.5835583363369059,0.5102827525286504,0.1,2.7755575615628914e-17,0.0,1.0,0.2290123631120092
1183,0.94,0.039999999999999925,0.24870026586597405,0.020166549909718223,0.0017272847691106028,0.5838553960156898,0.5106216607055694,0.1,2.7755575615628914e-17,0.0,1.0,0.21076348806679454
1184,0.94,0.039999999999999925,0.24800695327159702,0.020266842606384505,0.0017272847691106028,0.5841527582842607,0.5109610193585699,0.1,2.7755575615628914e-17,0.0,1.0,0.21076348806679454
1185,0.94,0.039999999999999925,0.24731364067722,0.02034302628656132,0.0017124055264148771,0.5844504236051886,0.5113008293864069,0.1,2.7755575615628914e-17,0.0,1.0,0.21076348806679454
1186,0.94,0.039999999999999925,0.24660225365654584,0.020479147899909584,0.0017455417653703654,0.5847561644530183,0.5116499682713062,0.1,2.7755575615628914e-17,0.0,1.0,0.2074830004102012
1187,0.94,0.039999999999999925,0.24590126736326287,0.020570656425499934,0.001756047550614045,0.5850577483245583,0.5119944693466587,0.1,2.7755575615628914e-17,0.0,1.0,0.2085230731493255
1188,0.94,0.039999999999999925,0.24520028106997993,0.020637963787128105,0.0017310033082235665,0.5853596434361317,0.5123394346493608,0.1,2.7755575615628914e-17,0.0,1.0,0.2085230731493255
1189,0.94,0.039999999999999925,0.24452408857666355,0.020720675412074608,0.0016987182727015704,0.5856511559276378,0.5126726393387165,0.1,2.7755575615628914e-17,0.0,1.0,0.2085230731493255
1190,0.94,0.039999999999999925,0.243879858268514,0.0208282015155814,0.0016753190056193075,0.5859291594579298,0.5129904975594218,0.1,2.7755575615628914e-17,0.0,1.0,0.2085230731493255
1191,0.95,0.04999999999999993,0.24325879323477584,0.0209469282919993,0.0016512467215710534,0.5537374691189291,0.46445060323550125,0.1,2.7755575615628914e-17,0.0,1.0,0.2085230731493255
1192,0.95,0.04999999999999993,0.24260439390111568,0.021029205855798167,0.0016459662048492853,0.5539899181236974,0.46474346856242427,0.1,2.7755575615628914e-17,0.0,1.0,0.2075727992779037
1193,0.95,0.04999999999999993,0.24192475935047844,0.021086026846732064,0.0016565770803122358,0.5542523459553816,0.4650480187176808,0.1,2.7755575615628914e-17,0.0,1.0,0.2065223226070716
1194,0.95,0.04999999999999993,0.24123138129343527,0.0211438614451911,0.0016520129088589352,0.5545203369212384,0.46535913907020404,0.1,2.7755575615628914e-17,0.0,1.0,0.20514797196647497
1195,0.95,0.04999999999999993,0.2405562652725368,0.021207307854957058,0.0016074986192251407,0.554781518726629,0.4656624654469661,0.1,2.7755575615628914e-17,0.0,1.0,0.20514797196647497
1196,0.95,0.04999999999999993,0.23992521839837574,0.021312396772278572,0.001601861686721389,0.5550258740902327,0.46594634953422237,0.1,2.7755575615628914e-17,0.0,1.0,0.20514797196647497
1197,0.95,0.04999999999999993,0.2393170912311345,0.02134708859268295,0.0016280181653298867,0.5552615581899596,0.46622025060824474,0.1,2.7755575615628914e-17,0.0,1.0,0.20799799897631976
1198,0.95,0.04999999999999993,0.23872745935688883,0.021331411063974983,0.001634210739608609,0.5554902655045323,0.46648612903683695,0.1,2.7755575615628914e-17,0.0,1.0,0.21010806390348213
1199,0.95,0.04999999999999993,0.2381228574819075,0.021277121330994714,0.0016235274198232311,0.5557249751293829,0.4667590728631575,0.1,2.7755575615628914e-17,0.0,1.0,0.21010806390348213
1200,0.95,0.04999999999999993,0.23752883209351364,0.021221673049940305,0.0016235274198232311,0.5559557721549407,0.46702755324799317,0.1,2.7755575615628914e-17,0.0,1.0,0.21010806390348213
1201,0.95,0.04999999999999993,0.23693480670511982,0.021149401637378353,0.0016235274198232311,0.5561867609638479,0.467296342671074,0.1,2.7755575615628914e-17,0.0,1.0,0.21010806390348213
1202,0.95,0.04999999999999993,0.23634078131672595,0.021060133899754974,0.0015198122438577918,0.5564179417952505,0.46756544166629166,0.1,2.7755575615628914e-17,0.0,1.0,0.21010806390348213
1203,0.95,0.04999999999999993,0.2358639866319613,0.021075960286110543,0.0015129692899271505,0.5566036382504059,0.46778165838973956,0.1,2.7755575615628914e-17,0.0,0.0,0.21156333184582332
1204,0.95,0.04999999999999993,0.2353753674820961,0.021045222082215008,0.0015225680159011083,0.5567940686008171,0.46800344483773537,0.1,2.7755575615628914e-17,0.0,1.0,0.21251360571724515
1205,0.95,0.04999999999999993,0.23488426983379848,0.02100572915660995,0.0015250715496712168,0.5569855962423672,0.4682265682998116,0.1,2.7755575615628914e-17,0.0,1.0,0.21226575587400442
1206,0.96,0.05999999999999994,0.2343830558914745,0.020965576906243483,0.0014914712692626045,0.5277745965653226,0.4238751669771264,0.1,2.7755575615628914e-17,0.0,1.0,0.21125412647136693
1207,0.96,0.05999999999999994,0.23382059733276392,0.020871769880395324,0.001496143283765168,0.527971691149617,0.42410685603722326,0.1,2.7755575615628914e-17,0.0,1.0,0.2094677219957972
1208,0.96,0.05999999999999994,0.23323787578337338,0.02074934454041014,0.001492508691653734,0.5281760415322242,0.4243471591531349,0.1,2.7755575615628914e-17,0.0,1.0,0.20876529796761614
1209,0.96,0.05999999999999994,0.2326836407652107,0.020607217673717898,0.0015105531813059537,0.5283705490107069,0.4245759677830273,0.1,2.7755575615628914e-17,0.0,1.0,0.21055170244318588
1210,0.95,0.04999999999999993,0.23214654628135617,0.020431704970530384,0.0015278668523243228,0.5580557253239302,0.46947432460685634,0.1,2.7755575615628914e-17,0.0,0.0,0.21226575587400442
1211,0.95,0.04999999999999993,0.2316471431676246,0.02020785088221958,0.0015659389433576117,0.5582513770387798,0.4697026521937933,0.1,2.7755575615628914e-17,0.0,1.0,0.2160348928863
1212,0.96,0.05999999999999994,0.231141864175857,0.019973535495125407,0.0015508078071056414,0.5289123862236731,0.4252137698261607,0.1,2.7755575615628914e-17,0.0,1.0,0.21544730508269777
1213,0.96,0.05999999999999994,0.23059786543640823,0.01969954230396751,0.0015570142988500578,0.52910383278947,0.4254392687729641,0.1,2.7755575615628914e-17,0.0,1.0,0.21366090060712806
1214,0.96,0.05999999999999994,0.23004214707903073,0.0193831168641223,0.0015470565433199363,0.5292995469344971,0.42566987283952307,0.1,2.7755575615628914e-17,0.0,1.0,0.21366090060712806
1215,0.96,0.05999999999999994,0.22949628689962812,0.01906553599464223,0.00154293613142299,0.5294919302137796,0.42589662960919944,0.1,2.7755575615628914e-17,0.0,1.0,0.21366090060712806
1216,0.96,0.05999999999999994,0.22894040051116907,0.01874721949076866,0.00154119863533173,0.529687990916131,0.42612779980554627,0.1,2.7755575615628914e-17,0.0,1.0,0.2122503589236926
1217,0.96,0.05999999999999994,0.22840033966067474,0.01843982854579158,0.0015258516283846273,0.5298786090669676,0.42635262927740203,0.1,2.7755575615628914e-17,0.0,1.0,0.2122503589236926
1218,0.96,0.05999999999999994,0.22787547234705804,0.018142668365478322,0.0014955502984393381,0.530063996061363,0.4265713610633039,0.1,2.7755575615628914e-17,0.0,1.0,0.2122503589236926
1219,0.96,0.05999999999999994,0.22732060671679555,0.017759522223375703,0.0014819897423309118,0.5302601197885609,0.42680283843845995,0.1,2.7755575615628914e-17,0.0,1.0,0.2122503589236926
1220,0.96,0.05999999999999994,0.22674807571999533,0.017321535311032792,0.0014862729908060152,0.5304626397396808,0.42704194889726205,0.1,2.7755575615628914e-17,0.0,1.0,0.21182631732465734
1221,0.96,0.05999999999999994,0.2261755447231951,0.01685274333678473,0.0014862729908060152,0.530665314445041,0.4272813274229801,0.1,2.7755575615628914e-17,0.0,1.0,0.21182631732465734
1222,0.95,0.04999999999999993,0.22559110159285015,0.01636096007645796,0.0013690167583547918,0.560634924705096,0.47248926151644327,0.1,2.7755575615628914e-17,0.0,0.0,0.210635103970189
1223,0.94,0.039999999999999925,0.22516591861404842,0.01610843366191582,0.0014005969077202159,0.5941215506915264,0.5223989826775293,0.1,2.7755575615628914e-17,0.0,0.0,0.21376153875736598
1224,0.94,0.039999999999999925,0.2247555623502392,0.01583088395499973,0.0014086590756224007,0.5943037597199973,0.5226091587347222,0.1,2.7755575615628914e-17,0.0,1.0,0.21524421025661827
1225,0.94,0.039999999999999925,0.22435205125519928,0.015551457083117113,0.0014086590756224007,0.5944830383266326,0.5228159938137863,0.1,2.7755575615628914e-17,0.0,1.0,0.21524421025661827
1226,0.94,0.039999999999999925,0.22394854016015944,0.015256248084367225,0.0014086590756224007,0.5946624251288393,0.5230229926775349,0.1,2.7755575615628914e-17,0.0,1.0,0.21524421025661827
1227,0.94,0.039999999999999925,0.22354502906511953,0.01494432171119998,0.0014086590756224007,0.5948419202245916,0.5232301555205875,0.1,2.7755575615628914e-17,0.0,1.0,0.21524421025661827
1228,0.94,0.039999999999999925,0.22312007608382686,0.014627745446164965,0.0014303175465848338,0.5950310705674807,0.5234485041368211,0.1,2.7755575615628914e-17,0.0,1.0,0.2131000216313374
1229,0.94,0.039999999999999925,0.22269512310253417,0.014291534284153593,0.0014266939981036348,0.5952203412422814,0.5236670350667905,0.1,2.7755575615628914e-17,0.0,1.0,0.2131000216313374
1230,0.94,0.039999999999999925,0.22231135187002576,0.013923065437965468,0.0014359047501965117,0.5953913733946291,0.5238645452510112,0.1,2.7755575615628914e-17,0.0,1.0,0.2168594652101219
1231,0.94,0.039999999999999925,0.22197424692740625,0.01359497817911858,0.0014430776830492641,0.5955416892762467,0.5240381613027886,0.1,2.7755575615628914e-17,0.0,1.0,0.21867851507742933
1232,0.94,0.039999999999999925,0.22169810405860496,0.013273562885227021,0.0014872191335287635,0.595664878590246,0.5241804663861382,0.1,2.7755575615628914e-17,0.0,1.0,0.2236657929443614
1233,0.94,0.039999999999999925,0.22141405685767254,0.01295069053447219,0.0015014384010295348,0.5957916472679292,0.524326925479673,0.1,2.7755575615628914e-17,0.0,1.0,0.22225808546178505
1234,0.94,0.039999999999999925,0.22113000965674007,0.012613165080444464,0.0015014384010295348,0.595918469914611,0.5244734664391394,0.1,2.7755575615628914e-17,0.0,1.0,0.22225808546178505
1235,0.94,0.039999999999999925,0.22084596245580762,0.012259776333551303,0.0015014384010295348,0.5960453465647626,0.5246200893331973,0.1,2.7755575615628914e-17,0.0,1.0,0.22225808546178505
1236,0.94,0.039999999999999925,0.22054708853988264,0.011887909764880732,0.0015116785241569804,0.5961789042741269,0.5247744541959468,0.1,2.7755575615628914e-17,0.0,1.0,0.22077541396253275
1237,0.94,0.039999999999999925,0.22024302966061213,0.01150853468740729,0.001504913151981881,0.5963148404206348,0.5249315902777966,0.1,2.7755575615628914e-17,0.0,1.0,0.21978801831834482
1238,0.94,0.039999999999999925,0.21991815869045603,0.011061549274071429,0.0015091964004569853,0.596460149582571,0.5250995859620914,0.1,2.7755575615628914e-17,0.0,1.0,0.21936397671930952
1239,0.94,0.039999999999999925,0.21959328772029998,0.010585758911842987,0.0015029613068260597,0.596605529579233,0.5252676892092976,0.1,2.7755575615628914e-17,0.0,1.0,0.21936397671930952
1240,0.94,0.039999999999999925,0.2192622440074493,0.010056914623699374,0.0015029613068260597,0.5967537448027604,0.5254390972736626,0.1,2.7755575615628914e-17,0.0,1.0,0.21936397671930952
1241,0.94,0.039999999999999925,0.21893120029459864,0.0094871276937468,0.0015029613068260597,0.5969020336870579,0.5256106172440744,0.1,2.7755575615628914e-17,0.0,1.0,0.21936397671930952
1242,0.94,0.039999999999999925,0.21860015658174792,0.008868510141331557,0.0013316680637488287,0.5970503962870513,0.5257822492301581,0.1,2.7755575615628914e-17,0.0,1.0,0.21936397671930952
1243,0.94,0.039999999999999925,0.21857699702790861,0.008827248082890087,0.0014713689206831302,0.5970607783764493,0.5257942606620861,0.1,2.7755575615628914e-17,0.0,1.0,0.23319436155580536
1244,0.94,0.039999999999999925,0.21855383747406937,0.008785731191938704,0.0014713689206831309,0.5970711608269212,0.525806272642826,0.1,2.7755575615628914e-17,0.0,1.0,0.2331943615558053
1245,0.94,0.039999999999999925,0.2185306779202301,0.008743955838592426,0.0014666325640201492,0.597081543638486,0.5258182851724155,0.1,2.7755575615628914e-17,0.0,1.0,0.2331943615558053
1246,0.93,0.030000000000000027,0.21852628443431288,0.008735765293984942,0.0014548590850654193,0.6349982095444234,0.5811215955392909,0.1,2.7755575615628914e-17,0.0,0.0,0.23460206903838166
1247,0.93,0.030000000000000027,0.2185642102908897,0.008804175558568298,0.001445672955688074,0.6349789789685759,0.5810998551875224,0.1,2.7755575615628914e-17,0.0,1.0,0.23626072138868826
1248,0.93,0.030000000000000027,0.2185764553558799,0.00882789629638898,0.001445672955688074,0.6349727702698534,0.5810928362598117,0.1,2.7755575615628914e-17,0.0,1.0,0.23626072138868826
1249,0.93,0.030000000000000027,0.21857198082068435,0.008819661875501029,0.0014366212472023312,0.6349750390098395,0.5810954010643572,0.1,2.7755575615628914e-17,0.0,1.0,0.23458876137011303
1250,0.93,0.030000000000000027,0.21859318707707545,0.008855525239737379,0.001423368816710354,0.6349642868675625,0.5810832458342048,0.1,2.7755575615628914e-17,0.0,1.0,0.23458876137011303
1251,0.93,0.030000000000000027,0.21861429922518297,0.008887908409182518,0.0014367163060745734,0.6349535828024254,0.5810711450511812,0.1,2.7755575615628914e-17,0.0,1.0,0.2332673599230553
1252,0.92,0.020000000000000018,0.2186354113732905,0.008920124049743558,0.001406362335926227,0.6779914643350643,0.6421695579669773,0.1,2.7755575615628914e-17,0.0,0.0,0.2332673599230553
1253,0.92,0.020000000000000018,0.21869978796631556,0.009011330577911075,0.001409431139764032,0.6779542527948221,0.6421287839237383,0.1,2.7755575615628914e-17,0.0,1.0,0.23458876137011303
1254,0.92,0.020000000000000018,0.21877070826085518,0.009120687113363193,0.0014226960763189457,0.6779132635334012,0.6420838713061111,0.1,2.7755575615628914e-17,0.0,1.0,0.23626072138868826
1255,0.92,0.020000000000000018,0.21883804124239845,0.009224117091156758,0.0014226960763189457,0.6778743521903512,0.6420412362864955,0.1,2.7755575615628914e-17,0.0,1.0,0.23626072138868826
1256,0.92,0.020000000000000018,0.21890537422394168,0.009325913968189067,0.0014103153900972452,0.6778354453139663,0.6419986069285207,0.1,2.7755575615628914e-17,0.0,1.0,0.2362607213886882
1257,0.92,0.020000000000000018,0.21896824448465865,0.009409861262618545,0.0014168957027305622,0.6777991211539864,0.641958808085477,0.1,2.7755575615628914e-17,0.0,1.0,0.23458876137011303
1258,0.92,0.020000000000000018,0.21904247297731452,0.009503951085403828,0.0014180604918822262,0.677756239630228,0.641911825477753,0.1,2.7755575615628914e-17,0.0,1.0,0.23470407549612776
1259,0.92,0.020000000000000018,0.21912493676061692,0.009610260716534143,0.0014263789672827847,0.6777086069715108,0.6418596384410377,0.1,2.7755575615628914e-17,0.0,1.0,0.23552760456078306
1260,0.92,0.020000000000000018,0.21920740054391938,0.00971470716463739,0.001423776799798801,0.6776609810075626,0.6418074598891804,0.1,2.7755575615628914e-17,0.0,1.0,0.23552760456078306
1261,0.92,0.020000000000000018,0.21928728818141266,0.009815218534614409,0.001423776799798801,0.6776148492485609,0.6417569194703173,0.1,2.7755575615628914e-17,0.0,1.0,0.23552760456078306
1262,0.92,0.020000000000000018,0.2193671758189059,0.009914067298569789,0.0013242378427606508,0.6775687237699689,0.6417063870106413,0.1,2.7755575615628914e-17,0.0,1.0,0.23552760456078306
1263,0.92,0.020000000000000018,0.21941047940006583,0.009916079974297531,0.0014607303920546714,0.6775437237973494,0.641678998908463,0.1,2.7755575615628914e-17,0.0,1.0,0.22201484218067502
1264,0.92,0.020000000000000018,0.21945676404420436,0.00991871727880767,0.0014133602628932603,0.6775170048405699,0.6416497279659035,0.1,2.7755575615628914e-17,0.0,1.0,0.22231294847852565
1265,0.92,0.020000000000000018,0.2195541064852681,0.009899644262686311,0.0013842698133782452,0.6774608183823003,0.6415881761971528,0.1,2.7755575615628914e-17,0.0,1.0,0.22243097908622597
1266,0.92,0.020000000000000018,0.21968142877742877,0.009853843360900812,0.0013812759070474456,0.6773873414951015,0.6415076853307513,0.1,2.7755575615628914e-17,0.0,1.0,0.22243097908622597
1267,0.93,0.030000000000000027,0.21980578710232193,0.009809185676313732,0.001361317881164513,0.634350071176309,0.5803890395903879,0.1,2.7755575615628914e-17,0.0,1.0,0.22243097908622597
1268,0.94,0.039999999999999925,0.21991038698159102,0.009780810730838942,0.0013070791401636067,0.5964636266007626,0.5251036061470511,0.1,2.7755575615628914e-17,0.0,1.0,0.22243097908622597
1269,0.94,0.039999999999999925,0.21992538437648768,0.009778008303897927,0.0012780192458779949,0.5964569168882444,0.5250958482815313,0.1,2.7755575615628914e-17,0.0,1.0,0.21884036600807744
1270,0.94,0.039999999999999925,0.21986895559532427,0.009771718441282308,0.001234382285844223,0.5964821634506451,0.5251250390021065,0.1,2.7755575615628914e-17,0.0,1.0,0.21816529101449308
1271,0.94,0.039999999999999925,0.21976106983066224,0.009731957559501252,0.0012359031374900298,0.5965304381142328,0.5251808575576132,0.1,2.7755575615628914e-17,0.0,1.0,0.21801472670155822
1272,0.94,0.039999999999999925,0.21965318406600015,0.009690832570410913,0.0012359031374900298,0.5965787205924106,0.5252366879809311,0.1,2.7755575615628914e-17,0.0,1.0,0.21801472670155822
1273,0.94,0.039999999999999925,0.21954939332534784,0.009647762429555885,0.001213918376821224,0.5966251777878157,0.5252904104509672,0.1,2.7755575615628914e-17,0.0,1.0,0.21842422910252648
1274,0.94,0.039999999999999925,0.2194714625217673,0.00962503483507573,0.0012060095163069632,0.5966600647170242,0.5253307549464106,0.1,2.7755575615628914e-17,0.0,1.0,0.21842422910252648
1275,0.94,0.039999999999999925,0.21938570194627766,0.009595732163347059,0.001189380022372791,0.5966984614804032,0.5253751600495813,0.1,2.7755575615628914e-17,0.0,1.0,0.21842422910252648
1276,0.94,0.039999999999999925,0.21928347817179314,0.00955087570906159,0.001189380022372791,0.5967442356110813,0.5254280992743429,0.1,2.7755575615628914e-17,0.0,1.0,0.21842422910252648
1277,0.94,0.039999999999999925,0.21917301910666206,0.00950571729523356,0.0011976984977733495,0.5967937052649117,0.5254853153512693,0.1,2.7755575615628914e-17,0.0,1.0,0.2176007000378712
1278,0.94,0.039999999999999925,0.219062560041531,0.009459053513630359,0.0011976984977733495,0.5968431831214175,0.5255425438905518,0.1,2.7755575615628914e-17,0.0,1.0,0.2176007000378712
1279,0.94,0.039999999999999925,0.2189509478351398,0.009411034555058666,0.0011898471436728622,0.5968931858373804,0.5256003825315018,0.1,2.7755575615628914e-17,0.0,1.0,0.21748538591185648
1280,0.94,0.039999999999999925,0.21884826161056822,0.00937035575128665,0.0011823366724492813,0.596939197078322,0.5256536068785902,0.1,2.7755575615628914e-17,0.0,1.0,0.21748538591185648
1281,0.94,0.039999999999999925,0.21873814001948533,0.00932088663912214,0.0011771364897032112,0.5969885478123464,0.5257106971062792,0.1,2.7755575615628914e-17,0.0,1.0,0.21748538591185648
1282,0.94,0.039999999999999925,0.2186228702474838,0.009264218150822044,0.0009928044185394268,0.5970402144334662,0.5257704695859119,0.1,2.7755575615628914e-17,0.0,1.0,0.21748538591185648
1283,0.94,0.039999999999999925,0.21863839268225063,0.00925232933394253,0.001045023149533113,0.5970332563923134,0.5257624197244098,0.1,2.7755575615628914e-17,0.0,1.0,0.21231573154348155
1284,0.94,0.039999999999999925,0.2186539151170175,0.009240399145571798,0.001045023149533113,0.5970262985133399,0.5257543701094005,0.1,2.7755575615628914e-17,0.0,1.0,0.21231573154348155
1285,0.94,0.039999999999999925,0.21870348162521014,0.009211188933581482,0.0010462748635329635,0.5970040815791139,0.5257286675891171,0.1,2.7755575615628914e-17,0.0,1.0,0.21572013888606006
1286,0.94,0.039999999999999925,0.21878585300996872,0.009147088491817251,0.0010357690782892837,0.5969671643452291,0.525685959785315,0.1,2.7755575615628914e-17,0.0,1.0,0.21572013888606006
1287,0.94,0.039999999999999925,0.21889255593027887,0.009088798409082614,0.0010708521721708706,0.596919348983247,0.5256306469148316,0.1,2.7755575615628914e-17,0.0,1.0,0.21919336518033716
1288,0.93,0.030000000000000027,0.218999258850589,0.009028871144187645,0.0010708521721708706,0.634758467780916,0.5808505873066327,0.1,2.7755575615628914e-17,0.0,0.0,0.21919336518033716
1289,0.93,0.030000000000000027,0.21914142470147083,0.008974558719873122,0.0011066733141625385,0.6346864419868782,0.5807691775104566,0.1,2.7755575615628914e-17,0.0,1.0,0.2227396582375123
1290,0.93,0.030000000000000027,0.21928359055235272,0.008917649468119005,0.0011066733141625385,0.634614432536463,0.5806877905312537,0.1,2.7755575615628914e-17,0.0,1.0,0.2227396582375123
1291,0.93,0.030000000000000027,0.21942575640323458,0.008858093338733893,0.001097074588188581,0.634542439424108,0.5806064263594329,0.1,2.7755575615628914e-17,0.0,1.0,0.2227396582375123
1292,0.93,0.030000000000000027,0.21957318457684027,0.008781951350752978,0.0010907469612007339,0.6344677987099261,0.5805220745411213,0.1,2.7755575615628914e-17,0.0,1.0,0.22231561663847704
1293,0.93,0.030000000000000027,0.21973111751715435,0.00868732905258821,0.0010768646314977376,0.6343878590657637,0.5804317395515634,0.1,2.7755575615628914e-17,0.0,1.0,0.22231561663847704
1294,0.93,0.030000000000000027,0.21990279396387435,0.008566231860108795,0.0010768646314977383,0.6343009858282028,0.5803335753920175,0.1,2.7755575615628914e-17,0.0,1.0,0.2223156166384771
1295,0.93,0.030000000000000027,0.22007871082658473,0.008441138063429486,0.0010811478799728413,0.6342119914959597,0.5802330210112181,0.1,2.7755575615628914e-17,0.0,1.0,0.2227396582375123
1296,0.93,0.030000000000000027,0.2202546276892951,0.00831043932926783,0.0010523597283582473,0.6341230221325574,0.5801325014704912,0.1,2.7755575615628914e-17,0.0,1.0,0.2227396582375123
1297,0.93,0.030000000000000027,0.22040204428190704,0.008221993340294227,0.0010310459412151932,0.6340484859062544,0.5800482939061113,0.1,2.7755575615628914e-17,0.0,1.0,0.2227396582375123
1298,0.93,0.030000000000000027,0.22052503556011818,0.008158835301419056,0.0010344041888204296,0.6339863129227113,0.5799780573161483,0.1,2.7755575615628914e-17,0.0,1.0,0.2224071917245939
1299,0.93,0.030000000000000027,0.22061740740618316,0.008092394386559615,0.0010653329081600042,0.6339396263012776,0.5799253177392211,0.1,2.7755575615628914e-17,0.0,1.0,0.219345248509976
1300,0.93,0.030000000000000027,0.2207109323935082,0.008024152283824939,0.0010664976973116676,0.633892363863408,0.5798719295489669,0.1,2.7755575615628914e-17,0.0,1.0,0.21946056263599067
1301,0.93,0.030000000000000027,0.22080445738083332,0.007954225229014835,0.0010664976973116676,0.6338451084721762,0.5798185511876904,0.1,2.7755575615628914e-17,0.0,1.0,0.21946056263599067
1302,0.93,0.030000000000000027,0.2208979823681584,0.007882568380120207,0.001051798021126403,0.6337978601260066,0.5797651826526775,0.1,2.7755575615628914e-17,0.0,1.0,0.21946056263599067
1303,0.94,0.039999999999999925,0.22096784690742827,0.007830312029682235,0.00105139906144721,0.595990897267634,0.5245571635134905,0.1,2.7755575615628914e-17,0.0,1.0,0.21854978577280898
1304,0.94,0.039999999999999925,0.22100137941035988,0.007801161528498835,0.0010759958283074016,0.5959759190770668,0.5245398541890104,0.1,2.7755575615628914e-17,0.0,1.0,0.21586685601040928
1305,0.94,0.039999999999999925,0.22103739041172388,0.007768999068172693,0.0010657773494928814,0.5959598346371444,0.52452126674706,0.1,2.7755575615628914e-17,0.0,1.0,0.21586685601040928
1306,0.94,0.039999999999999925,0.2210835177071143,0.007724340782265695,0.0010477328598406618,0.5959392329872929,0.5244974596021124,0.1,2.7755575615628914e-17,0.0,1.0,0.21586685601040928
1307,0.94,0.039999999999999925,0.22113429503278983,0.00766427151009266,0.0010539851570010323,0.595916556159879,0.5244712549898504,0.1,2.7755575615628914e-17,0.0,1.0,0.21454545456335156
1308,0.94,0.039999999999999925,0.22119070644520505,0.007593457387042042,0.0010373448628459442,0.5958913652091066,0.5244421458693113,0.1,2.7755575615628914e-17,0.0,1.0,0.21440643920913555
1309,0.94,0.039999999999999925,0.2212306439664067,0.007547761903200616,0.0010214353873247064,0.5958735320889713,0.5244215394730305,0.1,2.7755575615628914e-17,0.0,1.0,0.21454545456335156
1310,0.95,0.04999999999999993,0.22125318587522286,0.007524283620067041,0.0009836209509149695,0.5623547990009253,0.47450570835358175,0.1,2.7755575615628914e-17,0.0,1.0,0.21451994675561992
1311,0.95,0.04999999999999993,0.22122055182723016,0.007553864254184124,0.000995346919248175,0.5623677775703325,0.4745209432693394,0.1,2.7755575615628914e-17,0.0,1.0,0.21277148808703034
1312,0.94,0.039999999999999925,0.22119379365727349,0.007578965112210789,0.0009773024295959556,0.5958899866522425,0.5244405529156214,0.1,2.7755575615628914e-17,0.0,0.0,0.21277148808703034
1313,0.94,0.039999999999999925,0.2212101879117933,0.007564411955121401,0.0010028462474957658,0.5958826661048787,0.5244320938959303,0.1,2.7755575615628914e-17,0.0,1.0,0.21530032605911154
1314,0.94,0.039999999999999925,0.22127354709928107,0.007527358041476766,0.0010502855737259734,0.5958543759368816,0.5243994047265524,0.1,2.7755575615628914e-17,0.0,1.0,0.2199968193559021
1315,0.94,0.039999999999999925,0.22133690628676883,0.0074895848462453556,0.001036037677933696,0.595826088454969,0.5243667196321167,0.1,2.7755575615628914e-17,0.0,1.0,0.2199968193559021
1316,0.94,0.039999999999999925,0.22141437089109092,0.007435064579692218,0.001036037677933696,0.5957915070867765,0.5243267635140344,0.1,2.7755575615628914e-17,0.0,1.0,0.2199968193559021
1317,0.94,0.039999999999999925,0.22149183549541307,0.007379328418591626,0.001036037677933696,0.5957569297325125,0.5242868134847051,0.1,2.7755575615628914e-17,0.0,1.0,0.2199968193559021
1318,0.94,0.039999999999999925,0.2215693000997351,0.007322348597603682,0.001036037677933696,0.595722356391478,0.5242468695427371,0.1,2.7755575615628914e-17,0.0,1.0,0.2199968193559021
1319,0.94,0.039999999999999925,0.22163177086867109,0.0072690317954408135,0.0010468997177274196,0.5956944778938251,0.5242146614731888,0.1,2.7755575615628914e-17,0.0,1.0,0.2184974358172882
1320,0.94,0.039999999999999925,0.22166513667079396,0.007231507726343043,0.0010805819225793622,0.5956795889838116,0.524197460679747,0.1,2.7755575615628914e-17,0.0,1.0,0.2151628975369459
1321,0.94,0.039999999999999925,0.22170712398676037,0.007186308043663165,0.0010772580642953759,0.5956608539304622,0.5241758169131757,0.1,2.7755575615628914e-17,0.0,1.0,0.2160250489212996
1322,0.95,0.04999999999999993,0.22176400864549808,0.007120654303758132,0.0010486932777851116,0.5621517227012481,0.4742673627138718,0.1,2.7755575615628914e-17,0.0,1.0,0.2163235698439604
1323,0.96,0.05999999999999994,0.22178687564024901,0.007098556183141872,0.0010364979253836147,0.5322240522772282,0.42912520679603045,0.1,2.7755575615628914e-17,0.0,1.0,0.21604823823245628
1324,0.96,0.05999999999999994,0.22179630607354955,0.0070904798088956495,0.0010379021208807462,0.5322206930224543,0.4291212275810492,0.1,2.7755575615628914e-17,0.0,1.0,0.2161872535866723
1325,0.96,0.05999999999999994,0.2218057365068501,0.00708238166786764,0.0010379021208807467,0.5322173338100856,0.42911724843986465,0.1,2.7755575615628914e-17,0.0,1.0,0.21618725358667223
1326,0.96,0.05999999999999994,0.22181516694015063,0.00707426168530638,0.0010379021208807467,0.5322139746401212,0.4291132693724746,0.1,2.7755575615628914e-17,0.0,1.0,0.21618725358667223
1327,0.96,0.05999999999999994,0.22182459737345112,0.007066119785914732,0.0010162436499183136,0.5322106155125603,0.42910929037887724,0.1,2.7755575615628914e-17,0.0,1.0,0.21618725358667223
1328,0.96,0.05999999999999994,0.22185546969300446,0.007034608017486517,0.0010162436499183136,0.5321996190653207,0.429096264901668,0.1,2.7755575615628914e-17,0.0,1.0,0.21618725358667223
1329,0.96,0.05999999999999994,0.2218863420125578,0.007002818353366473,0.0009782694723548338,0.532188623072485,0.42908324021520333,0.1,2.7755575615628914e-17,0.0,1.0,0.21618725358667223
1330,0.95,0.04999999999999993,0.2218845385572919,0.007004135805205833,0.0009648635756835896,0.5621038277242361,0.474211159373185,0.1,2.7755575615628914e-17,0.0,0.0,0.2166791196835265
1331,0.95,0.04999999999999993,0.2218766880662492,0.007008163631490098,0.0009267531557108887,0.5621069470257762,0.47421481966741263,0.1,2.7755575615628914e-17,0.0,1.0,0.21789346597316117
1332,0.95,0.04999999999999993,0.22184550800027858,0.007007070438090669,0.0009393452051205339,0.5621193364050804,0.47422935794211596,0.1,2.7755575615628914e-17,0.0,1.0,0.22054778634729238
1333,0.95,0.04999999999999993,0.22182840500913364,0.0070081297237798695,0.0009393452051205339,0.5621261324996432,0.474237332902408,0.1,2.7755575615628914e-17,0.0,1.0,0.22054778634729238
1334,0.95,0.04999999999999993,0.22181130201798868,0.0070091471165668546,0.0009393452051205339,0.5621329287585392,0.47424530813092913,0.1,2.7755575615628914e-17,0.0,1.0,0.22054778634729238
1335,0.95,0.04999999999999993,0.22181315530063794,0.007009289504984611,0.0009435164766373536,0.5621321923069814,0.47424444392102916,0.1,2.7755575615628914e-17,0.0,1.0,0.22244341372670984
1336,0.95,0.04999999999999993,0.22184850165508166,0.007012878562391202,0.0009523976891223102,0.562118146854555,0.47422796205725426,0.1,2.7755575615628914e-17,0.0,1.0,0.22431004940690846
1337,0.95,0.04999999999999993,0.22191101662617793,0.007022089977910464,0.0009655837943952964,0.5620933072260343,0.47419881438086503,0.1,2.7755575615628914e-17,0.0,1.0,0.2260395154279694
1338,0.95,0.04999999999999993,0.2219604773530539,0.007021394502114652,0.0009830531481433867,0.5620736561117523,0.4741757557994197,0.1,2.7755575615628914e-17,0.0,1.0,0.22431004940690846
1339,0.95,0.04999999999999993,0.22199127172312794,0.007016690571850612,0.001001908054003979,0.5620614219737511,0.47416140060265777,0.1,2.7755575615628914e-17,0.0,1.0,0.22244341372670984
1340,0.95,0.04999999999999993,0.22200310981940777,0.007013245764302386,0.001021055805311226,0.5620567190186638,0.4741558823511527,0.1,2.7755575615628914e-17,0.0,1.0,0.22054778634729238
1341,0.95,0.04999999999999993,0.22201494791568754,0.00700977927176501,0.001021055805311226,0.5620520161422783,0.4741503642280881,0.1,2.7755575615628914e-17,0.0,1.0,0.22054778634729238
1342,0.95,0.04999999999999993,0.2220002428082261,0.007016863889934475,0.0009081662652873408,0.5620578579973481,0.47415721877796185,0.1,2.7755575615628914e-17,0.0,1.0,0.21789346597316117
1343,0.95,0.04999999999999993,0.2218531174937776,0.006934366757350606,0.0009141093373862348,0.5621163127273184,0.4742258097946933,0.1,2.7755575615628914e-17,0.0,1.0,0.21848183011095174
1344,0.94,0.039999999999999925,0.22170599217932907,0.006847715975763653,0.0009141093373862348,0.5956613589359189,0.5241764003177373,0.1,2.7755575615628914e-17,0.0,0.0,0.21848183011095174
1345,0.94,0.039999999999999925,0.2215956375084897,0.006749908208776995,0.0009370321341371816,0.5957106026180599,0.5242332902759501,0.1,2.7755575615628914e-17,0.0,1.0,0.22215889447187182
1346,0.95,0.04999999999999993,0.22147759095323705,0.006623450451384324,0.0009267277572779254,0.5622655692629384,0.4744009733201118,0.1,2.7755575615628914e-17,0.0,1.0,0.22279741351311205
1347,0.95,0.04999999999999993,0.22134295787448127,0.006456313164432769,0.0009267277572779254,0.5623190997437304,0.4744638041387121,0.1,2.7755575615628914e-17,0.0,1.0,0.22279741351311205
1348,0.95,0.04999999999999993,0.22119618133282917,0.006279937592554977,0.0009221053963795366,0.5623774701130541,0.4745323210565105,0.1,2.7755575615628914e-17,0.0,1.0,0.22158306722347731
1349,0.95,0.04999999999999993,0.2210661243913628,0.006134214388553345,0.0009221053963795366,0.5624292015275374,0.4745930496176276,0.1,2.7755575615628914e-17,0.0,1.0,0.22158306722347731
1350,0.95,0.04999999999999993,0.22093606744989644,0.005982117229462945,0.0009087579070153172,0.5624809424601314,0.4746537937242831,0.1,2.7755575615628914e-17,0.0,1.0,0.22158306722347731
1351,0.95,0.04999999999999993,0.22081922452290065,0.005852832871689808,0.0009087579070153172,0.5625274345416005,0.4747083793841577,0.1,2.7755575615628914e-17,0.0,1.0,0.22158306722347731
1352,0.96,0.05999999999999994,0.22071452505880124,0.005721386389115329,0.0009076765417888223,0.5326063156107209,0.4295781719085238,0.1,2.7755575615628914e-17,0.0,1.0,0.22279741351311205
1353,0.96,0.05999999999999994,0.22059661158023122,0.005553269175542948,0.000890788056752709,0.5326483820175507,0.4296280373885062,0.1,2.7755575615628914e-17,0.0,1.0,0.22279741351311205
1354,0.96,0.05999999999999994,0.2204498350385791,0.005326663380513453,0.0009030541808904336,0.5327007547962793,0.42969012520264194,0.1,2.7755575615628914e-17,0.0,1.0,0.22158306722347731
1355,0.96,0.05999999999999994,0.2202966733065146,0.00508453443220895,0.000909503868175688,0.532755416919548,0.4297549331466322,0.1,2.7755575615628914e-17,0.0,1.0,0.22094454818223708
1356,0.96,0.05999999999999994,0.22014351157445008,0.004825424435528527,0.0008926153831395751,0.5328100902620774,0.4298197606428668,0.1,2.7755575615628914e-17,0.0,1.0,0.22094454818223708
1357,0.96,0.05999999999999994,0.2200070694425713,0.004602810957178594,0.0008914505939879112,0.5328588047481833,0.42987752784692895,0.1,2.7755575615628914e-17,0.0,1.0,0.22094454818223708
1358,0.96,0.05999999999999994,0.21986947416943245,0.0043607000633870295,0.0008831321185873526,0.5329079399669225,0.42993579899796797,0.1,2.7755575615628914e-17,0.0,1.0,0.22094454818223708
1359,0.96,0.05999999999999994,0.219723643605647,0.00406868846894111,0.0008831321185873526,0.5329600258970564,0.42999757501452623,0.1,2.7755575615628914e-17,0.0,1.0,0.22094454818223708
1360,0.96,0.05999999999999994,0.21957781304186152,0.0037483614507004374,0.0008831321185873526,0.533012122009847,0.43005936878640827,0.1,2.7755575615628914e-17,0.0,1.0,0.22094454818223708
1361,0.96,0.05999999999999994,0.21942058515171095,0.003388517339789316,0.0008946445694612046,0.5330683010833369,0.4301260119243763,0.1,2.7755575615628914e-17,0.0,1.0,0.21980481554572573
1362,0.96,0.05999999999999994,0.21926335726156032,0.0029773217394373475,0.000758152020167184,0.5331244920005387,0.4301926757199395,0.1,2.7755575615628914e-17,0.0,1.0,0.21980481554572573
1363,0.96,0.05999999999999994,0.21932428454736944,0.003093093441477102,0.0008390070597429981,0.5331027160860066,0.43016684042022524,0.1,2.7755575615628914e-17,0.0,1.0,0.22810757076158195
1364,0.96,0.05999999999999994,0.21938223077019997,0.003200938818415959,0.0008378148313823887,0.5330820072783912,0.4301422720743514,0.1,2.7755575615628914e-17,0.0,1.0,0.22810757076158195
1365,0.96,0.05999999999999994,0.21943899668695357,0.0033032035763247577,0.0008378148313823887,0.5330617218483041,0.4301182068819428,0.1,2.7755575615628914e-17,0.0,1.0,0.22810757076158195
1366,0.96,0.05999999999999994,0.21949576260370712,0.003401448761254156,0.0008378148313823887,0.533041437962006,0.43009414438213667,0.1,2.7755575615628914e-17,0.0,1.0,0.22810757076158195
1367,0.96,0.05999999999999994,0.21952569798850252,0.003440102315946858,0.0008649163788149181,0.5330307419196052,0.43008145615854265,0.1,2.7755575615628914e-17,0.0,1.0,0.22542451756576154
1368,0.96,0.05999999999999994,0.21954518620057273,0.003461956190227565,0.0008392002595660539,0.5330237789278666,0.43007319641007347,0.1,2.7755575615628914e-17,0.0,1.0,0.22437980029325055
1369,0.96,0.05999999999999994,0.21957807401461266,0.0034707146087125267,0.0008551151877235553,0.5330120287715566,0.43005925818679475,0.1,2.7755575615628914e-17,0.0,1.0,0.22212914741207357
1370,0.96,0.05999999999999994,0.21958173496172015,0.003469415296313418,0.0008899353632174176,0.5330107208206276,0.4300577066923622,0.1,2.7755575615628914e-17,0.0,1.0,0.21853138572524633
1371,0.96,0.05999999999999994,0.2195827265185505,0.003468981446781805,0.0008941525686786245,0.5330103665670438,0.4300572864765538,0.1,2.7755575615628914e-17,0.0,1.0,0.21811388238458684
1372,0.96,0.05999999999999994,0.2195837180753807,0.0034685472595265806,0.0008900161807900563,0.533010012313931,0.4300568662615665,0.1,2.7755575615628914e-17,0.0,1.0,0.21811388238458684
1373,0.96,0.05999999999999994,0.21958624942270213,0.0034677924270585993,0.0008957079126090552,0.5330091079426196,0.430055793497649,0.1,2.7755575615628914e-17,0.0,1.0,0.21867736383466774
1374,0.96,0.05999999999999994,0.21961021996842814,0.0034679619250943456,0.0009173636685732475,0.5330005441676661,0.4300456352452529,0.1,2.7755575615628914e-17,0.0,1.0,0.22082128367512277
1375,0.96,0.05999999999999994,0.2195994372864273,0.0034733048520842118,0.0009524679390043207,0.5330043963805802,0.43005020467738336,0.1,2.7755575615628914e-17,0.0,1.0,0.2173459609024465
1376,0.96,0.05999999999999994,0.21954826178829986,0.003527521020942577,0.0009849502879741324,0.5330226800601018,0.4300718929033149,0.1,2.7755575615628914e-17,0.0,1.0,0.21330667928977987
1377,0.96,0.05999999999999994,0.21950532158081895,0.003576758902262528,0.0009849502879741324,0.5330380224515087,0.4300900926929626,0.1,2.7755575615628914e-17,0.0,1.0,0.21330667928977987
1378,0.96,0.05999999999999994,0.21946238137333804,0.0036248194732703192,0.0009837854988224686,0.5330533657261641,0.4301082940230336,0.1,2.7755575615628914e-17,0.0,1.0,0.21330667928977987
1379,0.96,0.05999999999999994,0.21942059430711722,0.0036711594388918072,0.0009837854988224686,0.5330682978116753,0.4301260080431339,0.1,2.7755575615628914e-17,0.0,1.0,0.21330667928977987
1380,0.96,0.05999999999999994,0.21937880724089653,0.003716451899315048,0.0009837854988224686,0.5330832307337761,0.430143723522399,0.1,2.7755575615628914e-17,0.0,1.0,0.21330667928977987
1381,0.96,0.05999999999999994,0.21931631781261518,0.003799373670575554,0.0010046969756513043,0.5331055633616282,0.43017021841799474,0.1,2.7755575615628914e-17,0.0,1.0,0.21123644308372513
1382,0.96,0.05999999999999994,0.219227692695641,0.003941745821450939,0.000978877930205976,0.5331372396360713,0.43020780018301186,0.1,2.7755575615628914e-17,0.0,1.0,0.2086228742144377
1383,0.96,0.05999999999999994,0.21943721981038172,0.0041215449937429425,0.0012278230696313843,0.5330623567958017,0.4301189601254658,0.1,2.7755575615628914e-17,0.0,1.0,0.23326844301755312
1384,0.96,0.05999999999999994,0.21966469111204834,0.004343943005934246,0.0012115605580153262,0.532981084698725,0.4300225532152112,0.1,2.7755575615628914e-17,0.0,1.0,0.2350628617101419
1385,0.96,0.05999999999999994,0.21985811834028915,0.004587795592790134,0.0012115605580153262,0.5329119955339033,0.42994060886041224,0.1,2.7755575615628914e-17,0.0,1.0,0.2350628617101419
1386,0.96,0.05999999999999994,0.22005154556852996,0.004811555650555676,0.0011764774641337395,0.5328429242785128,0.4298586957300124,0.1,2.7755575615628914e-17,0.0,1.0,0.2350628617101419
1387,0.96,0.05999999999999994,0.22021299870896263,0.0050452552442799194,0.0011792634996232944,0.5327852844124613,0.42979034697604007,0.1,2.7755575615628914e-17,0.0,1.0,0.23533867922360785
1388,0.97,0.06999999999999995,0.2203818287884537,0.005285089104159748,0.0011508938112258723,0.5057808145929014,0.38882573864510955,0.1,2.7755575615628914e-17,0.0,1.0,0.2360763731294382
1389,0.96,0.05999999999999994,0.2205509463562744,0.005617930404093943,0.0011870053454697547,0.5326646751708011,0.42964735227134787,0.1,2.7755575615628914e-17,0.0,0.0,0.23965141501958254
1390,0.96,0.05999999999999994,0.22073743303050705,0.005985016617469225,0.0012045498974010012,0.5325981438123887,0.4295684854954118,0.1,2.7755575615628914e-17,0.0,1.0,0.24138832566077595
1391,0.96,0.05999999999999994,0.2209352884860679,0.006363038395337648,0.0012117502664291315,0.5325275746730338,0.4294848424158017,0.1,2.7755575615628914e-17,0.0,1.0,0.2425252037935961
1392,0.96,0.05999999999999994,0.2211373843576191,0.00671487946660416,0.0012117502664291315,0.5324555124074423,0.4293994403280001,0.1,2.7755575615628914e-17,0.0,1.0,0.2425252037935961
1393,0.96,0.05999999999999994,0.22133948022917027,0.007043384797021042,0.0012117502664291309,0.5323834696423152,0.42931407219746964,0.1,2.7755575615628914e-17,0.0,1.0,0.2425252037935961
1394,0.96,0.05999999999999994,0.22156308571828853,0.0074159119721732844,0.0012291939043854044,0.532303781882818,0.42921965764922604,0.1,2.7755575615628914e-17,0.0,1.0,0.24467616555030236
1395,0.96,0.05999999999999994,0.22180061876398113,0.007819237361710288,0.0012475453918244918,0.5322191567947752,0.4291194078459509,0.1,2.7755575615628914e-17,0.0,1.0,0.24649296280677202
1396,0.96,0.05999999999999994,0.22203815180967376,0.008195874057287429,0.0012475453918244918,0.532134558609668,0.4290192048610174,0.1,2.7755575615628914e-17,0.0,1.0,0.24649296280677202
1397,0.96,0.05999999999999994,0.22227201754548606,0.008539033508136732,0.0012478914976336568,0.5320512928198223,0.4289205946334545,0.1,2.7755575615628914e-17,0.0,1.0,0.24612623181874627
1398,0.96,0.05999999999999994,0.2224721415796834,0.008771209137538797,0.0012544035527831817,0.5319800611461528,0.4288362476866336,0.1,2.7755575615628914e-17,0.0,1.0,0.24241959514432543
1399,0.96,0.05999999999999994,0.22267278258445042,0.008925512213113164,0.0012836452904764295,0.5319086646077721,0.42875171614612606,0.1,2.7755575615628914e-17,0.0,1.0,0.2394093489866792
1400,0.96,0.05999999999999994,0.22287227044795727,0.009073197663345325,0.0012836452904764295,0.5318376974024169,0.4286677034648015,0.1,2.7755575615628914e-17,0.0,1.0,0.2394093489866792
1401,0.96,0.05999999999999994,0.22307175831146417,0.009214199509152423,0.0012836452904764295,0.5317667491314118,0.4285837237011195,0.1,2.7755575615628914e-17,0.0,1.0,0.2394093489866792
1402,0.96,0.05999999999999994,0.22327124617497104,0.009348820168097221,0.001274445524181665,0.5316958197871797,0.42849977683573737,0.1,2.7755575615628914e-17,0.0,1.0,0.2394093489866792
1403,0.96,0.05999999999999994,0.223479479730815,0.00947242660161309,0.0012477109571823952,0.5316218010305651,0.42841218475143605,0.1,2.7755575615628914e-17,0.0,1.0,0.23937314135720722
1404,0.96,0.05999999999999994,0.22369637461171832,0.009543682886569123,0.0012660624446214838,0.5315447254261227,0.428320987404886,0.1,2.7755575615628914e-17,0.0,1.0,0.23755634410073745
1405,0.96,0.05999999999999994,0.22387652460032992,0.009564196541631303,0.0013031784974413213,0.5314807244478857,0.4282452696201369,0.1,2.7755575615628914e-17,0.0,1.0,0.23388185487157354
1406,0.96,0.05999999999999994,0.22405667458894157,0.009581279658673909,0.0012898310080771019,0.5314167388799496,0.42816957860115346,0.1,2.7755575615628914e-17,0.0,1.0,0.23388185487157354
1407,0.96,0.05999999999999994,0.2242500385920238,0.009582496484327076,0.0012884268125799704,0.5313480771069895,0.42808836540704714,0.1,2.7755575615628914e-17,0.0,1.0,0.23388185487157354
1408,0.96,0.05999999999999994,0.22448153764093984,0.009621447928315988,0.0013241386699026764,0.5312658972644108,0.42799117594418484,0.1,2.7755575615628914e-17,0.0,1.0,0.23755634410073745
1409,0.96,0.05999999999999994,0.22469013691874662,0.009629890598564436,0.001345607901710501,0.5311918683809352,0.42790363820507643,0.1,2.7755575615628914e-17,0.0,1.0,0.2354053823440312
1410,0.96,0.05999999999999994,0.2248622463823391,0.009600341976797086,0.0013650627558577154,0.5311308047391717,0.4278314402066469,0.1,2.7755575615628914e-17,0.0,1.0,0.2317308931148674
1411,0.96,0.05999999999999994,0.2250104378947702,0.009526656405387775,0.0014068835011579863,0.5310782383230376,0.4277692950387056,0.1,2.7755575615628914e-17,0.0,1.0,0.22759063933014057
1412,0.97,0.06999999999999995,0.22517312323025276,0.009454902023563723,0.0013959799085626735,0.5042441428114174,0.3869999522906459,0.1,2.7755575615628914e-17,0.0,1.0,0.2290400216352858
1413,0.97,0.06999999999999995,0.2253286881585792,0.009419092023765618,0.0013668920697715544,0.504194406265597,0.38694095956149455,0.1,2.7755575615628914e-17,0.0,1.0,0.23085681889175558
1414,0.97,0.06999999999999995,0.22545004260914647,0.00942778690354477,0.001379775357861229,0.5041556141575232,0.38689495248302647,0.1,2.7755575615628914e-17,0.0,1.0,0.23213226441263335
1415,0.97,0.06999999999999995,0.22557139705971385,0.009434913006477086,0.001379775357861229,0.5041168280182258,0.386848956343693,0.1,2.7755575615628914e-17,0.0,1.0,0.23213226441263335
1416,0.97,0.06999999999999995,0.22569275151028115,0.009440473885117508,0.001379775357861229,0.5040780478463276,0.38680297113959317,0.1,2.7755575615628914e-17,0.0,1.0,0.23213226441263335
1417,0.97,0.06999999999999995,0.22581410596084847,0.009444472304265384,0.001379775357861229,0.5040392736404514,0.38675699686682774,0.1,2.7755575615628914e-17,0.0,1.0,0.23213226441263335
1418,0.97,0.06999999999999995,0.22596052917133394,0.009466626719393478,0.0013899520493077684,0.503992497604407,0.38670154001842544,0.1,2.7755575615628914e-17,0.0,1.0,0.23463914040445466
1419,0.97,0.06999999999999995,0.2261219462172056,0.009475609283148027,0.001356269844455826,0.5039409417306469,0.3866404227785544,0.1,2.7755575615628914e-17,0.0,1.0,0.23463914040445466
1420,0.97,0.06999999999999995,0.22631670864588072,0.009448473811771281,0.0013475612446138695,0.5038787495321383,0.38656670570875085,0.1,2.7755575615628914e-17,0.0,1.0,0.23463914040445466
1421,0.97,0.06999999999999995,0.22650284956071226,0.009427218838896705,0.0013445458817587098,0.5038193247291963,0.3864962781255104,0.1,2.7755575615628914e-17,0.0,1.0,0.23463914040445466
1422,0.97,0.06999999999999995,0.2266852894592369,0.009404966180698773,0.0013424877918245958,0.5037610950617704,0.38642727574232594,0.1,2.7755575615628914e-17,0.0,1.0,0.23456755969642784
1423,0.97,0.06999999999999995,0.22692565526827363,0.009437140377547707,0.0013968134896577779,0.5036843976240212,0.3863364022382359,0.1,2.7755575615628914e-17,0.0,1.0,0.2400848191361289
1424,0.97,0.06999999999999995,0.22716224953939548,0.009461502942526488,0.0013992189284180922,0.503608926436465,0.3862469963443017,0.1,2.7755575615628914e-17,0.0,1.0,0.23984668069885773
1425,0.97,0.06999999999999995,0.22739884381051734,0.009479899981491268,0.0013992189284180922,0.5035334778624615,0.38615763182138213,0.1,2.7755575615628914e-17,0.0,1.0,0.23984668069885773
1426,0.97,0.06999999999999995,0.2276354380816392,0.009492366179644753,0.0013992189284180922,0.5034580518918484,0.3860683086407682,0.1,2.7755575615628914e-17,0.0,1.0,0.23984668069885773
1427,0.97,0.06999999999999995,0.22787203235276107,0.00949892488756457,0.0013992189284180922,0.5033826485144699,0.3859790267737775,0.1,2.7755575615628914e-17,0.0,1.0,0.23984668069885773
1428,0.97,0.06999999999999995,0.22810862662388287,0.009499588341210806,0.0013992189284180922,0.5033072677201761,0.3858897861917543,0.1,2.7755575615628914e-17,0.0,1.0,0.23984668069885773
1429,0.97,0.06999999999999995,0.22834522089500475,0.00949435777644215,0.0013942505840054229,0.503231909498823,0.38580058686606905,0.1,2.7755575615628914e-17,0.0,1.0,0.23984668069885773
1430,0.98,0.07999999999999996,0.22856551026666827,0.009476666433684966,0.001393485710867489,0.4790574268387145,0.3490116917389852,0.1,2.7755575615628914e-17,0.0,1.0,0.2387080568498785
1431,0.98,0.07999999999999996,0.22876003177512325,0.009455228473955387,0.001380436414474461,0.4790012940091762,0.3489453898812922,0.1,2.7755575615628914e-17,0.0,1.0,0.23734561681865707
1432,0.98,0.07999999999999996,0.22892599657375648,0.009455281344377578,0.001382470259000154,0.4789534121523816,0.348888841372724,0.1,2.7755575615628914e-17,0.0,1.0,0.23714426621061346
1433,0.98,0.07999999999999996,0.2290919613723897,0.009452420667702102,0.001382470259000154,0.47890553986734824,0.3488323111891762,0.1,2.7755575615628914e-17,0.0,1.0,0.23714426621061346
1434,0.98,0.07999999999999996,0.2292579261710229,0.009446643797047625,0.001363322507692907,0.47885767715120664,0.34877579932174274,0.1,2.7755575615628914e-17,0.0,1.0,0.23714426621061346
1435,0.98,0.07999999999999996,0.22940493469586193,0.009453837068385857,0.0013444676018323147,0.4788152892390544,0.34872575745339784,0.1,2.7755575615628914e-17,0.0,1.0,0.23714426621061346
1436,0.98,0.07999999999999996,0.229533276863899,0.009470900567811195,0.0013269982480842244,0.47877828965244623,0.34868208137320217,0.1,2.7755575615628914e-17,0.0,1.0,0.23714426621061346
1437,0.98,0.07999999999999996,0.22963761205425867,0.00948928924625972,0.0013163090129894028,0.4787482152178371,0.34864658316083824,0.1,2.7755575615628914e-17,0.0,1.0,0.23647303446393986
1438,0.98,0.07999999999999996,0.229759241904829,0.009498169157064109,0.0012974541071288106,0.4787131603971568,0.3486052098679924,0.1,2.7755575615628914e-17,0.0,1.0,0.23647303446393986
1439,0.97,0.06999999999999995,0.22989953811220132,0.009492685131002238,0.0012783063558215637,0.5027374006510269,0.3852156114700468,0.1,2.7755575615628914e-17,0.0,0.0,0.23647303446393986
1440,0.97,0.06999999999999995,0.23006751641691497,0.009474320163251771,0.0012871203190005253,0.5026840162336463,0.38515249815801694,0.1,2.7755575615628914e-17,0.0,1.0,0.23734561681865707
1441,0.97,0.06999999999999995,0.23023787610600135,0.009454755733967935,0.0012627144408504226,0.5026298865778802,0.3850885112242979,0.1,2.7755575615628914e-17,0.0,1.0,0.23758375525592812
1442,0.97,0.06999999999999995,0.23043477899882903,0.009400500520151645,0.001256771368751528,0.5025673376735097,0.3850145811716993,0.1,2.7755575615628914e-17,0.0,1.0,0.23758375525592812
1443,0.97,0.06999999999999995,0.23063573935820206,0.009357531392366012,0.0012668128919063556,0.5025035159092791,0.3849391569485051,0.1,2.7755575615628914e-17,0.0,1.0,0.23857786604825604
1444,0.98,0.07999999999999996,0.23083431833320237,0.009308077105390212,0.0012320762664149523,0.4784035367441563,0.348239941199664,0.1,2.7755575615628914e-17,0.0,1.0,0.23833972761098488
1445,0.98,0.07999999999999996,0.23099612666459352,0.00929649392815994,0.0012256265791296974,0.4783569703714855,0.34818503135891193,0.1,2.7755575615628914e-17,0.0,1.0,0.23833972761098488
1446,0.98,0.07999999999999996,0.23112648104565403,0.009271976984500763,0.0012509485588450642,0.4783194626370103,0.3481408080444705,0.1,2.7755575615628914e-17,0.0,1.0,0.23583285161916356
1447,0.97,0.06999999999999995,0.23125683542671452,0.009245557339424471,0.0012386824347073396,0.5023063682563959,0.38470623453865577,0.1,2.7755575615628914e-17,0.0,0.0,0.23583285161916356
1448,0.96,0.05999999999999994,0.23142440203058962,0.009220526430431824,0.0012640044144227064,0.5288130088413293,0.42509674622054067,0.1,2.7755575615628914e-17,0.0,0.0,0.23833972761098488
1449,0.96,0.05999999999999994,0.2316116517362283,0.009208893328558038,0.0012838863353960663,0.5287471678486723,0.42501922524475255,0.1,2.7755575615628914e-17,0.0,1.0,0.2403080377873475
1450,0.96,0.05999999999999994,0.23182037538605418,0.009215763747527934,0.0013055771881103735,0.5286737954797822,0.42493284741858756,0.1,2.7755575615628914e-17,0.0,1.0,0.24245543220606391
1451,0.96,0.05999999999999994,0.23202909903588,0.009217904069784313,0.001293311063972649,0.5286004434713137,0.42484650469489504,0.1,2.7755575615628914e-17,0.0,1.0,0.24245543220606391
1452,0.96,0.05999999999999994,0.23222567922280957,0.009228540281523232,0.001293311063972649,0.5285313776653563,0.42476521743749096,0.1,2.7755575615628914e-17,0.0,1.0,0.24245543220606391
1453,0.96,0.05999999999999994,0.2324155470922723,0.009227927029361342,0.001287825058488193,0.5284646872738603,0.42468673529485745,0.1,2.7755575615628914e-17,0.0,1.0,0.2417842004593903
1454,0.96,0.05999999999999994,0.23260036987558969,0.009194141926364986,0.0012987375419521783,0.5283997851135531,0.42461036639641175,0.1,2.7755575615628914e-17,0.0,1.0,0.24006534555521553
1455,0.96,0.05999999999999994,0.23279157784931948,0.009148462280537988,0.0012987375419521783,0.5283326575120918,0.42453138803326235,0.1,2.7755575615628914e-17,0.0,1.0,0.24006534555521553
1456,0.96,0.05999999999999994,0.23298278582304927,0.009098536006208613,0.0012987375419521783,0.5282655469641667,0.42445243904491076,0.1,2.7755575615628914e-17,0.0,1.0,0.24006534555521553
1457,0.96,0.05999999999999994,0.23317399379677908,0.009044292776977483,0.0012987375419521783,0.5281984534632804,0.424373519414972,0.1,2.7755575615628914e-17,0.0,1.0,0.24006534555521553
1458,0.96,0.05999999999999994,0.23336520177050887,0.008985654413378242,0.0012987375419521783,0.5281313770029383,0.4242946291270729,0.1,2.7755575615628914e-17,0.0,1.0,0.24006534555521553
1459,0.96,0.05999999999999994,0.2335211903043841,0.008903703498994373,0.0013343127337244237,0.528076668268559,0.4242302917106438,0.1,2.7755575615628914e-17,0.0,1.0,0.23654340156976322
1460,0.96,0.05999999999999994,0.23367717883825934,0.008818232357674882,0.0013228002828505718,0.5280219708674797,0.4241659738027134,0.1,2.7755575615628914e-17,0.0,1.0,0.23654340156976322
1461,0.96,0.05999999999999994,0.23384456469849968,0.00871154013834531,0.0013228002828505718,0.5279632895939698,0.4240969781854386,0.1,2.7755575615628914e-17,0.0,1.0,0.23654340156976322
1462,0.96,0.05999999999999994,0.23401195055874005,0.008600267739881227,0.0012389340685489939,0.5279046213619976,0.42402800501042126,0.1,2.7755575615628914e-17,0.0,1.0,0.23654340156976322
1463,0.96,0.05999999999999994,0.2342065307068273,0.00868418890720303,0.001350269260473651,0.5278364380013996,0.4239478543246163,0.1,2.7755575615628914e-17,0.0,1.0,0.24756558557030428
1464,0.96,0.05999999999999994,0.23440111085491452,0.008762987269548857,0.001350269260473651,0.527768272251446,0.42386773393359506,0.1,2.7755575615628914e-17,0.0,1.0,0.24756558557030428
1465,0.96,0.05999999999999994,0.2345956910030017,0.008836799869211884,0.001350269260473651,0.5277001241053149,0.42378764382018497,0.1,2.7755575615628914e-17,0.0,1.0,0.24756558557030428
1466,0.96,0.05999999999999994,0.2347650596380465,0.008873057618942184,0.0013486338878314753,0.5276408201564822,0.42371795551917085,0.1,2.7755575615628914e-17,0.0,1.0,0.24504443426605926
1467,0.96,0.05999999999999994,0.23495902897789997,0.0088787600668851,0.0013403335387652592,0.5275729187124073,0.423638173178531,0.1,2.7755575615628914e-17,0.0,1.0,0.24482145155110369
1468,0.96,0.05999999999999994,0.23516344549047852,0.008868149029487609,0.0013175996712786228,0.5275013790131252,0.4235541262766175,0.1,2.7755575615628914e-17,0.0,1.0,0.24482145155110369
1469,0.96,0.05999999999999994,0.23539036853186882,0.008821928059624597,0.0012812586441389537,0.5274219854183955,0.42346086474925504,0.1,2.7755575615628914e-17,0.0,1.0,0.24482145155110369
1470,0.96,0.05999999999999994,0.2356532691901274,0.008706577869030755,0.001277041438677747,0.5273300342076701,0.4233528683710398,0.1,2.7755575615628914e-17,0.0,1.0,0.24482145155110369
1471,0.96,0.05999999999999994,0.23582141063577114,0.008526733578087971,0.001376975020517543,0.5272712424544117,0.42328382679612686,0.1,2.7755575615628914e-17,0.0,1.0,0.23492802694896386
1472,0.96,0.05999999999999994,0.23596448054435912,0.008346543445693853,0.0013966080736034136,0.5272212274496135,0.4232250977266932,0.1,2.7755575615628914e-17,0.0,1.0,0.2324208732433818
1473,0.96,0.05999999999999994,0.23605502924372335,0.008206451319048519,0.001422312312308811,0.5271895779416778,0.42318793661987686,0.1,2.7755575615628914e-17,0.0,1.0,0.22773223377109242
1474,0.96,0.05999999999999994,0.23610270530463204,0.00813131606570022,0.0014088579813232164,0.5271729152440618,0.42316837302873955,0.1,2.7755575615628914e-17,0.0,1.0,0.22558888976599
1475,0.96,0.05999999999999994,0.23620656803331846,0.007955501670237591,0.001389707096398325,0.5271366190535268,0.4231257598308543,0.1,2.7755575615628914e-17,0.0,1.0,0.22773223377109242
1476,0.96,0.05999999999999994,0.23635082357813164,0.007664417233564382,0.001389707096398325,0.5270862153553405,0.4230665883496946,0.1,2.7755575615628914e-17,0.0,1.0,0.22773223377109242
1477,0.96,0.05999999999999994,0.23649507912294473,0.0073590051576789646,0.001389707096398325,0.5270358212952244,0.42300743341574115,0.1,2.7755575615628914e-17,0.0,1.0,0.22773223377109242
1478,0.96,0.05999999999999994,0.23663933466775788,0.007037400298896877,0.001389707096398325,0.5269854368704144,0.4229482950220539,0.1,2.7755575615628914e-17,0.0,1.0,0.22773223377109242
1479,0.96,0.05999999999999994,0.236783590212571,0.0066972703169771676,0.001389707096398325,0.5269350620781474,0.42288917316169655,0.1,2.7755575615628914e-17,0.0,1.0,0.22773223377109242
1480,0.96,0.05999999999999994,0.23696733917132143,0.006290335295477482,0.0014086879568798614,0.5268709099236332,0.42281388920618546,0.1,2.7755575615628914e-17,0.0,1.0,0.23168157516481924
1481,0.96,0.05999999999999994,0.23717179049213236,0.005760652798387177,0.0013822882713315037,0.5267995483239472,0.4227301547651874,0.1,2.7755575615628914e-17,0.0,1.0,0.23168157516481924
1482,0.95,0.04999999999999993,0.23740237750163617,0.005028217251840713,0.0011333431319060954,0.5560049283807817,0.4670847465374173,0.1,2.7755575615628914e-17,0.0,0.0,0.23168157516481924
1483,0.95,0.04999999999999993,0.2375631411297683,0.005149023750999379,0.0012936341619400233,0.555942436829138,0.46701203826225707,0.1,2.7755575615628914e-17,0.0,1.0,0.2493448058307669
1484,0.95,0.04999999999999993,0.2377532358186496,0.005398085678731183,0.0013413869373693796,0.5558685619193059,0.4669260936837114,0.1,2.7755575615628914e-17,0.0,1.0,0.25407233059827317
1485,0.95,0.04999999999999993,0.2380070520451209,0.005843924434152306,0.0014057521268542553,0.5557699540438837,0.466811388973055,0.1,2.7755575615628914e-17,0.0,1.0,0.26044448435727585
1486,0.95,0.04999999999999993,0.23821329911341382,0.0060949355211251215,0.0014510157460904066,0.5556898525978335,0.4667182232265116,0.1,2.7755575615628914e-17,0.0,1.0,0.2556875685394309
1487,0.95,0.04999999999999993,0.23838454191527383,0.0062503446864908855,0.0014761361018883008,0.5556233635165092,0.46664089782827595,0.1,2.7755575615628914e-17,0.0,1.0,0.25246295940960906
1488,0.95,0.04999999999999993,0.23854840777807554,0.00640067954509223,0.0014400245676444185,0.5555597536027671,0.4665669275041878,0.1,2.7755575615628914e-17,0.0,1.0,0.25246295940960906
1489,0.96,0.05999999999999994,0.2386609807498512,0.006517026236602215,0.0014381794825056792,0.5262803446312869,0.4221212458156555,0.1,2.7755575615628914e-17,0.0,1.0,0.25090871219715083
1490,0.96,0.05999999999999994,0.23871824478125842,0.006565715974502986,0.0014650189296050403,0.5262604000555208,0.4220978663802917,0.1,2.7755575615628914e-17,0.0,1.0,0.24711472880149393
1491,0.96,0.05999999999999994,0.23876414003133742,0.006608070819359338,0.0014650189296050403,0.5262444162209984,0.4220791303962599,0.1,2.7755575615628914e-17,0.0,1.0,0.24711472880149393
1492,0.96,0.05999999999999994,0.2388100352814164,0.006649839163583843,0.0014650189296050403,0.5262284333573841,0.4220603960754514,0.1,2.7755575615628914e-17,0.0,1.0,0.24711472880149393
1493,0.96,0.05999999999999994,0.23885593053149537,0.00669103199076487,0.001443292043173664,0.5262124514645893,0.4220416634176449,0.1,2.7755575615628914e-17,0.0,1.0,0.24711472880149393
1494,0.96,0.05999999999999994,0.23883074995469106,0.00667379707775041,0.001475007433831803,0.5262212198613576,0.42205194094480275,0.1,2.7755575615628914e-17,0.0,1.0,0.24215810786986852
1495,0.96,0.05999999999999994,0.23875658804346891,0.006629296920105742,0.0015061320417642308,0.526247046267925,0.42208221325726825,0.1,2.7755575615628914e-17,0.0,1.0,0.23907677168455815
1496,0.96,0.05999999999999994,0.23868242613224677,0.006583660675999701,0.0015024276883498291,0.5262728752096847,0.42211248991269984,0.1,2.7755575615628914e-17,0.0,1.0,0.23907677168455815
1497,0.96,0.05999999999999994,0.2386204247159482,0.006542332022525002,0.001473565888651977,0.5262944708679246,0.4221378053708714,0.1,2.7755575615628914e-17,0.0,1.0,0.2399260901888916
1498,0.96,0.05999999999999994,0.23864505587571014,0.006561198590929465,0.0014932262399042918,0.526285891398357,0.42212774799361624,0.1,2.7755575615628914e-17,0.0,1.0,0.24488271112051702
1499,0.96,0.05999999999999994,0.23869978949704848,0.006590111772211902,0.0014932262399042918,0.5262668277091695,0.42210540091667925,0.1,2.7755575615628914e-17,0.0,1.0,0.24488271112051702
