t,cov_w,gap_w,width_mean_w,width_std_w,width_step_mean_w,ces_w,rcs_w,control_state,control_std_w,control_step_mean_w,covered_t,width_t
1,nan,nan,nan,nan,nan,nan,nan,0.0912962726872146,nan,nan,1.0,0.13071127366015745
2,nan,nan,nan,0.0017767613245984748,0.0035535226491969496,nan,nan,0.07676399089896992,0.007266140894122343,0.014532281788244686,0.0,0.1271577510109605
3,nan,nan,nan,0.010827004213130384,0.014045360005749297,nan,nan,0.07259400303630782,0.008016309090035874,0.00935113482545339,1.0,0.15169494837326214
4,nan,nan,nan,0.010593468337280018,0.018216458868749525,nan,nan,0.0764264578464155,0.0071338275783220835,0.007511574820338152,1.0,0.12513629177851215
5,nan,nan,nan,0.009481018892254672,0.01558744169509807,nan,nan,0.07141448716009875,0.007112461257643003,0.0068866737868328,1.0,0.13283668195265586
6,nan,nan,nan,0.010596761749228004,0.015885310912913786,nan,nan,0.07637232754995595,0.00651155813135043,0.006500907107437679,1.0,0.1499134697368325
7,nan,nan,nan,0.009846315976399553,0.015914931258818193,nan,nan,0.07308071946760347,0.0062217996515778655,0.005966023936590144,1.0,0.13385043674849229
8,nan,nan,nan,0.012737400679696993,0.01773469256835068,nan,nan,0.0745485278170636,0.005869510327727237,0.005323421709857285,1.0,0.1625036971740379
9,nan,nan,nan,0.012440041621514436,0.019718928916761025,nan,nan,0.07169258084824234,0.005741532153892645,0.0050149873672277814,1.0,0.12889511381840446
10,nan,nan,nan,0.012128174176039926,0.019583507389942537,nan,nan,0.07100128198771317,0.005651237953405787,0.004534577533150157,1.0,0.14739524899379908
11,nan,nan,nan,0.011863190996679863,0.019385027377459375,nan,nan,0.07179964540576009,0.005493312809685346,0.004160956121639833,0.0,0.12979654172868815
12,nan,nan,nan,0.011592407725368249,0.019146836513413333,nan,nan,0.07147209832056708,0.005358408721061094,0.0038124643910537577,1.0,0.14656146960164107
13,nan,nan,nan,0.011230172255958761,0.018642083279421313,nan,nan,0.07524421312941638,0.005149148591238612,0.003809101925870053,1.0,0.13347167189613196
14,nan,nan,nan,0.010822118053279007,0.017621051300380327,nan,nan,0.07583890880889244,0.004967725851216571,0.0035618399069166683,1.0,0.13884033944802043
15,nan,nan,nan,0.0104741602736317,0.016568491856142207,nan,nan,0.07353656203151294,0.004812534869255679,0.003471876111949727,0.0,0.13595512036697377
16,nan,nan,nan,0.01262925663055759,0.017694093716014676,nan,nan,0.07413973888970232,0.004663088177281919,0.0032806294950323703,1.0,0.16940764012120302
17,nan,nan,nan,0.0123567822682567,0.018836242599778424,nan,nan,0.07594755650912767,0.004531545573558359,0.0031885787528069314,1.0,0.13343916426496838
18,nan,nan,nan,0.01201047248309303,0.018051773782451628,nan,nan,0.07590104533839964,0.0044099281612156455,0.0030037512479787606,1.0,0.1389394369701913
19,nan,nan,nan,0.011715636239896783,0.017289247625051338,nan,nan,0.07736248234021877,0.004326026871242406,0.0029180671231921144,1.0,0.1432657399194377
20,nan,nan,nan,0.01178047607084864,0.01690610854612274,nan,nan,0.07857382301678051,0.004284872062089968,0.002828239415474726,1.0,0.15327534504484563
21,nan,nan,nan,0.011651117081586048,0.01713603277531469,nan,nan,0.07500311499105998,0.0041819383730618,0.0028653628459870163,1.0,0.13177075191488385
22,nan,nan,nan,0.011481553290186087,0.017065581270029023,nan,nan,0.07635309265160438,0.0040923792364755745,0.002793201646680225,1.0,0.1474273030791995
23,nan,nan,nan,0.011265593865600864,0.0168039043068598,nan,nan,0.0786468653068215,0.0040605744025737096,0.0027705003288864475,1.0,0.13611861499889333
24,nan,nan,nan,0.012065330809860823,0.017322602968686124,nan,nan,0.08061117024439099,0.004107434258928951,0.0027354483553509276,1.0,0.16485258852775853
25,nan,nan,nan,0.012240149039697553,0.01825349143280645,nan,nan,0.07592227119594276,0.004024798623462097,0.0028168421342299817,1.0,0.12518866242018456
26,nan,nan,nan,0.01200712306531108,0.01807560900798526,nan,nan,0.0800296302170404,0.004035038199347207,0.0028684628097046883,1.0,0.1389950932324613
27,nan,nan,nan,0.011899306430714142,0.017654478759570304,nan,nan,0.07907091863965988,0.004006643143116617,0.0027950108392306816,0.0,0.13186887068326492
28,nan,nan,nan,0.011685168791103154,0.017330674507348907,nan,nan,0.0779659892562384,0.003952196800975138,0.0027324152297562667,1.0,0.1407806346328575
29,nan,nan,nan,0.011488395257363547,0.016802194474179712,nan,nan,0.07326562253302606,0.003915885042328285,0.0028026992116654127,1.0,0.13824740105424604
30,nan,nan,nan,0.011299543809092191,0.0162336186028741,nan,nan,0.07535693451451064,0.003851425569873882,0.002778168617521246,1.0,0.13856089526056303
31,nan,nan,nan,0.011365289778565048,0.01608371011765298,nan,nan,0.07943839488191742,0.0038398074028321615,0.002821611675850764,1.0,0.12682453121432258
32,nan,nan,nan,0.011187779813142996,0.016017084216947277,nan,nan,0.07486437610661231,0.0037846942880729794,0.002878140937123485,1.0,0.14084283841009881
33,nan,nan,nan,0.011017473910160423,0.015528911304863363,nan,nan,0.07610938252970996,0.00372696983055013,0.0028271054835601775,1.0,0.1404472873798368
34,nan,nan,nan,0.01158243643361193,0.01580146304769972,nan,nan,0.0805660955704097,0.003752299896757739,0.002876487530746225,1.0,0.11592416856137366
35,nan,nan,nan,0.011415915783019176,0.016029696397300817,nan,nan,0.08186229727605158,0.003819875406518743,0.0028300085358902148,1.0,0.13948556549551072
36,nan,nan,nan,0.011713148799263655,0.01612545820936937,nan,nan,0.08183906416997452,0.0038753538928595413,0.0027498149521812676,1.0,0.15886692531521085
37,nan,nan,nan,0.011778143995509907,0.015817981995850692,nan,nan,0.08270467997458518,0.003955230505304036,0.002697476086970973,1.0,0.1538106107925139
38,nan,nan,nan,0.011906903117799185,0.015456492006046678,nan,nan,0.08284468527166511,0.004028371301403247,0.0026283552548117552,1.0,0.15625346316561606
39,nan,nan,nan,0.01177448568158533,0.015581746973355529,nan,nan,0.07797204087335466,0.003980886818303209,0.002687415495430142,1.0,0.136037282401833
40,nan,nan,nan,0.011626459757026792,0.015286541228603777,nan,nan,0.08208571711771637,0.00401630935637685,0.002723986283864285,1.0,0.14010600532987016
41,nan,nan,nan,0.011930335594377051,0.015421404023161578,nan,nan,0.0784298675554885,0.0039736973198602485,0.002747282865823374,0.0,0.11942495231895434
42,nan,nan,nan,0.011978025543247572,0.01588452717831023,nan,nan,0.07510437369328052,0.0039364435603443755,0.0027613855730522674,1.0,0.1538344057032106
43,nan,nan,nan,0.011916962531158542,0.01604723605399408,nan,nan,0.07938359283713084,0.0039079393570423445,0.002797524467595078,1.0,0.1311161057461787
44,nan,nan,nan,0.011965048879135489,0.016206984579596864,nan,nan,0.08131552450639756,0.003916766641839453,0.0027773944025176744,1.0,0.1540325284010926
45,nan,nan,nan,0.01184018196814241,0.016220873416374557,nan,nan,0.08072090966438378,0.003909904056521906,0.002727785776142586,1.0,0.13721443500327735
46,nan,nan,nan,0.011716784175366868,0.01587061716341435,nan,nan,0.07925374135979787,0.0038791369099372528,0.0026997720545524377,1.0,0.13767377703644268
47,nan,nan,nan,0.011591744174959482,0.015568242497352747,nan,nan,0.07795423883448196,0.003839144214138968,0.002669331412612513,1.0,0.13963515956102324
48,nan,nan,nan,0.011486667536497536,0.01531658762849699,nan,nan,0.08045041826357316,0.0038267333603387342,0.00266564732785674,1.0,0.135894695899891
49,nan,nan,nan,0.01151439607914306,0.015353777431732779,nan,nan,0.0807842139557048,0.003819490330013247,0.0026170670854458004,0.0,0.1529963940837058
50,nan,nan,nan,0.01139972207354705,0.01532104095687444,nan,nan,0.08140013825793994,0.0038230577081134736,0.002576227436808848,1.0,0.13924670392003158
51,nan,nan,nan,0.011287533006843271,0.015043996051107511,nan,nan,0.08538521082848541,0.003942176837981428,0.0026044043394835804,1.0,0.14071549958855956
52,nan,nan,nan,0.011279884167217421,0.014971883821422742,nan,nan,0.0819793643059959,0.00395010131124393,0.00262011889209154,1.0,0.1293492272513752
53,nan,nan,nan,0.011173161167686765,0.014900618592097169,nan,nan,0.08584501137413303,0.004067084607175256,0.0026440713570154936,1.0,0.14061531914786807
54,nan,nan,nan,0.011425655168008714,0.015006718027220863,nan,nan,0.0844316759765826,0.004126083619737252,0.0026208499238180396,1.0,0.16113920780152102
55,nan,nan,nan,0.011380615976409263,0.015271387920315625,nan,nan,0.08251416641057516,0.00413339057403809,0.0026078251023771027,1.0,0.131840315547183
56,nan,nan,nan,0.011496207008895348,0.015144371631990299,nan,nan,0.08180675183719816,0.004126501940453428,0.0025732721836680098,1.0,0.12355482348476032
57,nan,nan,nan,0.011488923854575143,0.015368290475375064,nan,nan,0.07988690338107794,0.004096775896436404,0.0025616039028189424,1.0,0.15123865034629747
58,nan,nan,nan,0.011470442388524953,0.015474619087968624,nan,nan,0.07452717534025671,0.004088491383931505,0.002610693799976877,1.0,0.12980962895308945
59,nan,nan,nan,0.01137786111834225,0.015339699511196257,nan,nan,0.06855324618254753,0.0042361475918586125,0.002668680616489503,1.0,0.13745891258826082
60,nan,nan,nan,0.011450276341525642,0.015294439096612142,nan,nan,0.06774549466809153,0.004397983222250981,0.002637139445268596,1.0,0.1247895775375274
61,nan,nan,nan,0.011363255068694964,0.015236275265977284,nan,nan,0.06326273316812651,0.00473385328251897,0.0026678998128468697,1.0,0.13659418679604807
62,nan,nan,nan,0.011338626795939395,0.015095694682767693,nan,nan,0.05877945753541089,0.005255155539254697,0.00269766007218898,1.0,0.1299333271058558
63,nan,nan,nan,0.011349481470446458,0.01489188400230812,nan,nan,0.05347099372413533,0.005998463086619071,0.002739769809916183,1.0,0.12747389461158165
64,nan,nan,nan,0.011368570061526943,0.014666676730184808,nan,nan,0.06369952699941975,0.006170293753282188,0.0028586390712712346,1.0,0.1267700687530422
65,nan,nan,nan,0.01137012136013889,0.014450888339447982,nan,nan,0.06810824570457757,0.006211792996437288,0.002882859065550713,1.0,0.12762628847607016
66,nan,nan,nan,0.011601051891243802,0.014392911886143075,nan,nan,0.06899135865858765,0.006232365295251744,0.0028520937407577798,1.0,0.1169438696014411
67,nan,nan,nan,0.01194964645563164,0.014245055471996134,nan,nan,0.07173177682323664,0.006211341821223608,0.0028504016865743133,0.0,0.11230948104899618
68,nan,nan,nan,0.011984904075362913,0.01420730602653954,nan,nan,0.07187428824683298,0.006188618832290888,0.0028099854139925526,1.0,0.12402532367540053
69,nan,nan,nan,0.011911211813359647,0.014135214587327341,nan,nan,0.07039060498081726,0.006183371542486351,0.002790480970639952,1.0,0.13333041183551053
70,nan,nan,nan,0.011895468660894918,0.01401964760357847,nan,nan,0.06896942309188013,0.006198122961350121,0.002770636056412375,1.0,0.12716931912685525
71,nan,nan,nan,0.011868458733044259,0.014112805249343057,nan,nan,0.08538003084382438,0.006251526333023299,0.0029654927949199733,1.0,0.14771000193395478
72,nan,nan,nan,0.012120051566676962,0.014391231856478425,nan,nan,0.08810947592806208,0.006362695238574717,0.002962168179276561,1.0,0.11382890757800057
73,nan,nan,nan,0.012857639819471406,0.014400667559373893,nan,nan,0.09098465255596186,0.006543694273610817,0.0029609599632852168,1.0,0.0987583051130485
74,nan,nan,nan,0.012842120698586852,0.014568126832097466,nan,nan,0.08091958405404232,0.006518809003288865,0.0030582765186089747,1.0,0.12538349958124329
75,nan,nan,nan,0.013035463634081826,0.014531035964083902,nan,nan,0.0791655146126289,0.006481798528720728,0.0030406520986468724,1.0,0.11356009698214953
76,nan,nan,nan,0.013008918990921237,0.014499684715202828,nan,nan,0.07697218216754309,0.00643911789219388,0.0030293545032660583,1.0,0.12573978928015284
77,nan,nan,nan,0.013497085692874966,0.014619444602378205,nan,nan,0.07044621339122287,0.006435677697686117,0.0030753625858062445,0.0,0.10213835313962139
78,nan,nan,nan,0.013549486610457443,0.014646441010218001,nan,nan,0.07135571431364993,0.0064211888077613235,0.0030472345122558656,1.0,0.1188365211456639
79,nan,nan,nan,0.013466049924700012,0.014646299603458224,nan,nan,0.07381858827231816,0.006387497544078355,0.003039742710286793,1.0,0.13347193242861932
80,nan,nan,nan,0.013454129436693902,0.014590290016321067,nan,nan,0.07779200846385988,0.006349139810000132,0.0030515614125811593,1.0,0.12325039020899653
81,nan,nan,nan,0.01346726259052783,0.01443505309940112,nan,nan,0.06824892525912712,0.006375111422055116,0.0031327054349830547,1.0,0.12107905354627113
82,nan,nan,nan,0.013443269431917412,0.014293726747875404,nan,nan,0.06514519592041126,0.00645516837582463,0.0031323477053995085,1.0,0.12406667217208911
83,nan,nan,nan,0.013491540892413311,0.01419050499905581,nan,nan,0.06950123621902615,0.006458289585465892,0.003147270785804575,1.0,0.11823712882742043
84,nan,nan,nan,0.013868830257297668,0.014208670439621995,nan,nan,0.06444900580807311,0.0065443857625764965,0.003170222106589496,1.0,0.10253889226137125
85,nan,nan,nan,0.013878532531708137,0.014247130010069315,nan,nan,0.06716701516882798,0.006575597473690423,0.0031648386215200356,1.0,0.1199781666185682
86,nan,nan,nan,0.013872307702197027,0.014093320302408523,nan,nan,0.07196988267038962,0.00655099959017203,0.0031841095495205255,1.0,0.12115147147747019
87,nan,nan,nan,0.01386391894173476,0.013930099431268533,nan,nan,0.07727109997823639,0.006514928629776788,0.0032087270815940867,0.0,0.12120779686183947
88,nan,nan,nan,0.01379912449508987,0.013852069864701994,nan,nan,0.0738735871833879,0.006481352604415241,0.0032108970323211487,1.0,0.1283493240018192
89,nan,nan,nan,0.014123008036730632,0.013988850598432278,nan,nan,0.07462735674191139,0.00644617524758583,0.0031829751292098115,1.0,0.1024605495688522
90,nan,nan,nan,0.014104677395456063,0.014044439941379284,nan,nan,0.07285683353726169,0.006417983859982277,0.0031671048828664397,1.0,0.12139685168956804
91,nan,nan,nan,0.014172853355895276,0.013967946076456713,nan,nan,0.07861126896680104,0.006389225126312372,0.003195853000051694,1.0,0.11423685959122021
92,nan,nan,nan,0.014147741238976172,0.013897315278471318,nan,nan,0.07566343571457705,0.0063544377106207394,0.0031931275083173236,1.0,0.12177740305100593
93,nan,nan,nan,0.01427403430891714,0.013872983447300086,nan,nan,0.07007236226962153,0.006348252237501047,0.003219192138063391,1.0,0.11011861624028785
94,nan,nan,nan,0.014197911239363538,0.01396961690297438,nan,nan,0.06757598887633431,0.006370406804876045,0.0032114198934959054,1.0,0.13297851106529723
95,nan,nan,nan,0.014138856266459264,0.013889511082120025,nan,nan,0.07101919237277726,0.0063548068459992986,0.0032138856765059802,1.0,0.12653884132263227
96,nan,nan,nan,0.014065181332893837,0.013804745320385016,nan,nan,0.07000989764739408,0.006347554638594324,0.0031906794559678456,1.0,0.1323756050399265
97,nan,nan,nan,0.013999163521153801,0.01369874607211133,nan,nan,0.06766094565456036,0.006365422805879658,0.0031819114615601984,1.0,0.1287467875538153
98,nan,nan,nan,0.01408410435575234,0.013815984395008423,nan,nan,0.06676189393723464,0.006393664527902771,0.0031583768250216986,1.0,0.15381765094694466
99,nan,nan,nan,0.014054119463175084,0.013995360957823841,nan,nan,0.0700504747412043,0.006383956960890443,0.00315970543705178,1.0,0.12242276339602531
100,0.9,0.0,0.13313436045979044,0.013992453398947946,0.014012005519142536,0.8565875214485781,0.8565875214485781,0.06897404270957978,0.006383768604473397,0.0031386622713403933,0.0,0.13806593592439986
101,0.9,0.0,0.13290714551556995,0.014212702474990613,0.014279910913456609,0.8567972278703943,0.8567972278703943,0.07129930930414272,0.006190044714352625,0.0030153590875658296,1.0,0.1079897792381097
102,0.91,0.010000000000000009,0.13297649452701132,0.014201394341593494,0.014295725818049415,0.789126153412514,0.7752042673160345,0.07535578682841326,0.006187861131568563,0.003014212518491168,1.0,0.13409265215509913
103,0.91,0.010000000000000009,0.13280576115792436,0.014077418453522079,0.014032799582844532,0.7892598775837781,0.775346888850168,0.07424947589680764,0.006183365657784231,0.0029866757116376124,1.0,0.13462161146456575
104,0.91,0.010000000000000009,0.13277724290028894,0.01409580313191766,0.01407963549471779,0.7892822184688572,0.7753707165939618,0.07530442186269552,0.006181984016437666,0.002946705764966614,1.0,0.12228446601496956
105,0.91,0.010000000000000009,0.13282090274750916,0.014102679468006791,0.014057831584369632,0.78924801634532,0.7753342382546081,0.07093768464647823,0.006185006719000768,0.002940735025838937,1.0,0.13720266667467862
106,0.9,0.0,0.13263869816071458,0.01399798316185917,0.013951231812945006,0.857045121810777,0.857045121810777,0.07637037867367297,0.006185002693267657,0.0029623621565949194,0.0,0.1316930110573764
107,0.9,0.0,0.13235621583954912,0.014253377601718936,0.013925348439206483,0.8573061310807418,0.8573061310807418,0.08333463703339998,0.006235571199871414,0.0030178818536683223,1.0,0.10560220463194447
108,0.9,0.0,0.13184272910202385,0.014081949570954355,0.013641956877933093,0.8577809922098503,0.8577809922098503,0.075622139735403,0.006235370957286174,0.003066937917599391,1.0,0.11115502342151218
109,0.9,0.0,0.13185877685457478,0.014079495517359972,0.013650489509009734,0.8577661436415911,0.8577661436415911,0.08116271569005888,0.006253165312318407,0.003115920514509762,1.0,0.1304998890734943
110,0.9,0.0,0.13146691938847574,0.014186532483809713,0.013697880210267186,0.8581288662111697,0.8581288662111697,0.0769435868043861,0.006240237732672733,0.003150473701051437,1.0,0.1082095023838956
111,0.91,0.010000000000000009,0.13105394158145392,0.01481627071701998,0.01372763590202915,0.7906345849213482,0.7768133027481303,0.08363158061914568,0.0062836080619379005,0.0032147206377137263,1.0,0.08849876102650822
112,0.91,0.010000000000000009,0.13086489025488024,0.014737596156622066,0.013990946793062026,0.7907832257190102,0.7769718855831816,0.07641842798572288,0.006271324601072511,0.0032494785955377004,1.0,0.12765633694427203
113,0.91,0.010000000000000009,0.13051483482244255,0.015083204105839616,0.01423156841669858,0.7910586029127616,0.777265695274286,0.07355976731571423,0.006274328105273403,0.0032723469287754036,1.0,0.0984661286523647
114,0.91,0.010000000000000009,0.13030425628918277,0.015112468016221863,0.014397539511533199,0.7912243505860783,0.7774425458144918,0.07665037077691508,0.006275270231022762,0.0032803091175008714,1.0,0.11778248612203868
115,0.91,0.010000000000000009,0.12996476945122684,0.015360982442140167,0.01421898930745671,0.7914917090870416,0.777727827159489,0.07812238801616656,0.0062773625891668575,0.0032890852829661455,0.0,0.10200643657138175
116,0.91,0.010000000000000009,0.12964299509360772,0.01486023915782199,0.014211467003736274,0.7917452851937612,0.7779984174904983,0.07933470736358991,0.006286832891979856,0.0032830701489055193,1.0,0.137230204359293
117,0.91,0.010000000000000009,0.12948676216444288,0.014901577052666573,0.014352013067429044,0.7918684640453025,0.7781298666652514,0.07684904736080625,0.006287945251450637,0.003307708015895981,1.0,0.11781587134848581
118,0.91,0.010000000000000009,0.129285873123403,0.014908199266737901,0.014318764164080249,0.7920269074883363,0.7782989532946925,0.07415590797670842,0.00628958194934382,0.003320149454100815,1.0,0.11885053286620151
119,0.91,0.010000000000000009,0.12903317773398504,0.01488323723630617,0.014226286656637341,0.792226301243504,0.7785117492778507,0.07862829300719175,0.006294369010564622,0.0033530892960596196,1.0,0.11799620097764141
120,0.91,0.010000000000000009,0.12867177673377828,0.014728167612354749,0.014017765068996026,0.7925116456089852,0.778816289063547,0.0772594325174244,0.006289562243530765,0.003330848411858072,1.0,0.11713524502416983
121,0.91,0.010000000000000009,0.1283967588933048,0.014923210805283482,0.013989580483059857,0.7927289238648335,0.7790481965187994,0.07782292078659064,0.006293102409835361,0.0033229040745714243,1.0,0.10426896786753481
122,0.91,0.010000000000000009,0.12822123582854167,0.014801069155294605,0.01413399806543408,0.7928676584189281,0.779196277703122,0.07421569621611049,0.006294264490004303,0.0033361712656346876,1.0,0.12987499660288893
123,0.91,0.010000000000000009,0.1282427065700002,0.014814061279530518,0.01392851037869661,0.7928506852007761,0.7791781607494823,0.07647023009542968,0.006287505267273438,0.0033391028711069067,1.0,0.13826568914474469
124,0.91,0.010000000000000009,0.12783054330786325,0.014356040253365501,0.013675636648626996,0.793176638694864,0.7795260902033458,0.06981784943982537,0.006293092915922576,0.003358936018653937,1.0,0.12363626231406255
125,0.91,0.010000000000000009,0.1278967944090439,0.014358982148906447,0.013618778864908898,0.793124226870903,0.7794701430838692,0.07425232357557196,0.00629412918001412,0.0033622402117312,1.0,0.13181377253824755
126,0.91,0.010000000000000009,0.12788587709934282,0.014350952609469987,0.013608307826271634,0.7931328631731592,0.7794793618803221,0.0753556354307229,0.006277424495680268,0.0033637008205975676,1.0,0.1379033622623549
127,0.92,0.020000000000000018,0.12783788821256498,0.0143455760544896,0.013627718092001764,0.734882121662588,0.7053387620870321,0.0745698158003173,0.006267233511093432,0.0033604774897590243,1.0,0.12706998200547948
128,0.91,0.010000000000000009,0.1276499784972857,0.014297800977568005,0.013653446226566768,0.7933195202648329,0.7796786126921241,0.07666906893293553,0.006263204659288786,0.003334203615106558,0.0,0.12198966310493264
129,0.91,0.010000000000000009,0.12753311123243427,0.01425841039592151,0.013696451451393579,0.7934120251867459,0.7797773618985256,0.07769518655350144,0.006263865801515026,0.0033234440761073796,1.0,0.12656067456910391
130,0.91,0.010000000000000009,0.12734234079900986,0.014237192813530123,0.013649385376694018,0.7935630736591907,0.7799386107387981,0.07583290692133664,0.006264005217858752,0.0033010281090847327,1.0,0.11948385191812005
131,0.91,0.010000000000000009,0.1272114357612226,0.01430138817524453,0.013565865349287415,0.7936667551044015,0.7800492968987555,0.07470784693972551,0.006251282744127973,0.0032661901414716625,1.0,0.11373402743559757
132,0.91,0.010000000000000009,0.1269778114013086,0.01426758220985091,0.01359971205588174,0.7938518612436186,0.7802469150010329,0.07898298892474552,0.0062613981434950705,0.0032967975713900696,1.0,0.11748040241869795
133,0.91,0.010000000000000009,0.12676009160128232,0.014226438349174801,0.013364073532043821,0.7940244435656905,0.7804311699168757,0.0849048832397097,0.0063320147673574245,0.0033115973822412264,1.0,0.1186753073772071
134,0.91,0.010000000000000009,0.12708581648025966,0.014346987894432886,0.013427305371920242,0.7937662755191708,0.7801555432542421,0.07567135209856471,0.006311515721058997,0.003391772427044288,1.0,0.1484966564591097
135,0.91,0.010000000000000009,0.1268746650374875,0.014318293197882552,0.013535839467083022,0.7939336140408915,0.7803341962821135,0.07761538564686755,0.0062824247907577475,0.003411174451713235,1.0,0.11837042121829433
136,0.91,0.010000000000000009,0.12640068097233717,0.014033078972506007,0.013554481769056931,0.7943095057379963,0.7807355273799109,0.07834603338612865,0.00625620597862513,0.0034098111379218254,1.0,0.11146851880018027
137,0.91,0.010000000000000009,0.12621902331929902,0.013792599798234852,0.013774011812646982,0.7944536631817217,0.7808894497303853,0.0793719950605869,0.006225844613027204,0.003418760192238778,1.0,0.13564484548869737
138,0.91,0.010000000000000009,0.1258234319311117,0.013489471441987297,0.013761227372021014,0.7947677724062855,0.7812248527164856,0.07632876640292921,0.0061808531757567755,0.0034002812453634975,1.0,0.1166943243468852
139,0.91,0.010000000000000009,0.12581439628375668,0.013482927906489717,0.013906385658802905,0.794774949832446,0.7812325169746501,0.08125248904254025,0.0062037655553688975,0.0034084635321841978,1.0,0.13513371766632964
140,0.91,0.010000000000000009,0.12542685785996668,0.013622799514297412,0.014038713958848797,0.7950829113137866,0.7815613781920125,0.08160484265842165,0.006198690967672896,0.003375094886261506,1.0,0.10135216295087046
141,0.92,0.020000000000000018,0.12539528950253911,0.013640317692903966,0.013841809920879812,0.7365447454231767,0.7072102298348184,0.07784775726724423,0.006196020665525643,0.0033794543966551367,1.0,0.11626811657619718
142,0.92,0.020000000000000018,0.12476482690511471,0.013767697491412656,0.013869705584095917,0.7369751098090326,0.7076948905952181,0.08152152563611235,0.006226888738659507,0.0033733387322613774,1.0,0.0907881459607709
143,0.92,0.020000000000000018,0.12423452375692941,0.014513931560909379,0.0137665331838758,0.7373374932845003,0.7081030696171666,0.07762581165946089,0.006217972422680212,0.0033931749171844552,1.0,0.07808579092764867
144,0.92,0.020000000000000018,0.1238772987691675,0.014212613593648015,0.014002958893971141,0.7375818044888002,0.708378294370184,0.07981090700470665,0.006205301254494566,0.003409240376813061,1.0,0.11831002962490289
145,0.92,0.020000000000000018,0.12362847178883321,0.014194741217773327,0.014058705869949822,0.7377520764530376,0.7085701300976717,0.07890908066247565,0.0061921496262804685,0.003403529851940789,1.0,0.11233173696984822
146,0.92,0.020000000000000018,0.12340908052834418,0.014145422008120452,0.014073266794122638,0.7379022708226916,0.7087393582657594,0.07379666100160957,0.006181158508912386,0.003442044166441296,1.0,0.11573465098753766
147,0.92,0.020000000000000018,0.12315614127570314,0.014079005201622452,0.014049559248965933,0.7380755079261871,0.7089345641348771,0.07789918170788601,0.006180920224227075,0.0034582698359078134,1.0,0.11434123429691945
148,0.92,0.020000000000000018,0.12283620602886922,0.014149235310991872,0.013982270005497293,0.7382947468707107,0.7091816282403952,0.07800907732555748,0.006165137819733505,0.0034560082189940746,1.0,0.10390117121649989
149,0.92,0.020000000000000018,0.12234440849038297,0.013945610938993281,0.013844238094565411,0.7386320103342903,0.7095617458232434,0.08108962934042704,0.006167965110085196,0.0034809034484146245,0.0,0.10381664023508197
150,0.92,0.020000000000000018,0.12220356398933228,0.013844954095377641,0.014045014033063906,0.7387286550266202,0.7096706816894898,0.08007051048198223,0.006156071381249008,0.003450944320009567,1.0,0.12516225381496082
151,0.92,0.020000000000000018,0.12188172612611321,0.013784826865740684,0.014098188459438908,0.7389495887110665,0.7099197320562426,0.07509738672745425,0.006070648874324439,0.0034667754031614704,1.0,0.10853171326665123
152,0.92,0.020000000000000018,0.12161318442894455,0.01389784625528631,0.014045365871920184,0.7391340370654397,0.7101276736423948,0.07645883565612399,0.0060329477844068185,0.0034414804724597803,1.0,0.10249505753451205
153,0.91,0.010000000000000009,0.1215523531100202,0.013827676058823481,0.014161661236236,0.798174998842022,0.7848645295929716,0.07452977754176479,0.005934895006717153,0.0034466897928315853,0.0,0.1345321872554308
154,0.9,0.0,0.12087458156478233,0.013528525060881808,0.014281572768795167,0.868051220466443,0.868051220466443,0.07289510588835997,0.005861042270662812,0.0034438328442194387,0.0,0.09336205327773528
155,0.9,0.0,0.1207260670967657,0.013488789723288996,0.014436535631475605,0.8681919725795929,0.8681919725795929,0.07097462238659116,0.0058220862069650655,0.003456086065718345,1.0,0.11698886874552139
156,0.9,0.0,0.12063313727013648,0.013500987216968173,0.014184446753315474,0.8682800684937598,0.8682800684937598,0.0738756744555762,0.005778793860349761,0.0034659972133230404,1.0,0.11426184082183721
157,0.9,0.0,0.12027418723664124,0.013155250794764858,0.013978919326868261,0.8686205150568235,0.8686205150568235,0.07127014083563157,0.0057640689816839,0.003438177067657621,1.0,0.11534364699677102
158,0.9,0.0,0.12002451108637942,0.013208730390786632,0.014007730937319687,0.8688574781590822,0.8688574781590822,0.06907642727970852,0.005789734486582202,0.003399993071679983,1.0,0.1048420139269084
159,0.9,0.0,0.11968220354886959,0.013196021181315415,0.013896059422561065,0.8691825662456678,0.8691825662456678,0.07114236782706276,0.005768858563325022,0.0034127020518102684,1.0,0.10322815883727854
160,0.9,0.0,0.11966855903741504,0.013191437786251111,0.013980830718483002,0.8691955294248129,0.8691955294248129,0.07256369225581516,0.005732075154329638,0.0033817784450303427,1.0,0.12342512639207093
161,0.9,0.0,0.11926749165887877,0.013280137263166087,0.014185647059487636,0.8695767424936639,0.8695767424936639,0.07176092086865224,0.005625837132732777,0.0033446016344692037,1.0,0.0964874489424199
162,0.9,0.0,0.11920316517050417,0.01324384785711146,0.0144336652093028,0.869637915703295,0.869637915703295,0.07144933670657128,0.005405251875973673,0.0032941281026591584,1.0,0.12350067826839539
163,0.89,-0.010000000000000009,0.11898722325617703,0.01328322144253806,0.014604545504565294,0.8002353928241642,0.7870667974474286,0.06913813242251404,0.004996962863925752,0.0032141550825457517,0.0,0.10587970317886919
164,0.89,-0.010000000000000009,0.11860119465114817,0.013608378309594242,0.014774810910683323,0.8005463845147213,0.7873992889784379,0.0664810612685996,0.00494176889327956,0.003196461672937233,1.0,0.08816720825015634
165,0.89,-0.010000000000000009,0.11865705160368409,0.013656685857387574,0.01512190542184368,0.800501370177558,0.7873511612661543,0.07197796303366641,0.004902923845469552,0.0032430656003216442,1.0,0.1332119837296608
166,0.89,-0.010000000000000009,0.11847554466951536,0.013798134271746728,0.015422758138941122,0.8006476625836044,0.7875075735735279,0.06763971087479345,0.004921308561698132,0.003259205337637038,1.0,0.09879317618456906
167,0.89,-0.010000000000000009,0.11849647762336575,0.01379034960390312,0.015462089024022579,0.8006307881468827,0.7874895315795132,0.07165135947634027,0.004921847466619582,0.0032982875313537093,0.0,0.11440277643403762
168,0.89,-0.010000000000000009,0.11848494266600237,0.01378620196645215,0.015453644209324735,0.8006400865988692,0.7874994733914796,0.06578578172281549,0.004997088012589984,0.0033425490918335995,1.0,0.12287182793906104
169,0.89,-0.010000000000000009,0.11831341302343716,0.013706907310865872,0.015459030953278443,0.8007783839609971,0.7876473419218091,0.07038080463789016,0.0049971771027316385,0.0033746080920976154,1.0,0.11617744757898874
170,0.89,-0.010000000000000009,0.11820907904779347,0.01367878051999384,0.01525719046011074,0.8008625275656884,0.7877373110421951,0.07132507603050363,0.004974532532483941,0.0032183824723063955,1.0,0.11673592156248569
171,0.89,-0.010000000000000009,0.11770773438605357,0.013506001503741266,0.015108496434318457,0.8012671004032296,0.7881699166608039,0.07166637690904926,0.004873155503545375,0.00319425980356203,1.0,0.09757553575996747
172,0.89,-0.010000000000000009,0.11768702396183729,0.013513519310743027,0.015099523979080588,0.8012838219990621,0.7881877977119851,0.06974138559617783,0.004712089745610408,0.003184661972097097,1.0,0.11175786515637043
173,0.89,-0.010000000000000009,0.11757431739661613,0.013716397491591703,0.015075736323497173,0.8013748335112878,0.7882851209928583,0.0687710383327316,0.004452351861661631,0.003092796101001408,1.0,0.08748764859093372
174,0.89,-0.010000000000000009,0.11719850860121245,0.014008998332041153,0.014959489544212804,0.8016784517747374,0.7886098095134285,0.06756724290044157,0.004455311830025226,0.0030872377776769286,1.0,0.08780262004087502
175,0.89,-0.010000000000000009,0.11709850563371071,0.014070174019618083,0.014995625785557245,0.8017592835537204,0.7886962544043854,0.06828372130488491,0.004467418586673805,0.003072320060094682,1.0,0.10355980023197797
176,0.88,-0.020000000000000018,0.11698980708862854,0.014044960983175056,0.014871471223935262,0.7423241139672319,0.7137269218285207,0.06313960446120871,0.004590851674591216,0.003058361959764944,0.0,0.11486993477193308
177,0.89,-0.010000000000000009,0.1171668909411456,0.01396801825774781,0.01475307360386813,0.8017040063714773,0.7886371385055779,0.07133519256103119,0.00458476345573896,0.003131958799940655,1.0,0.11984673839132953
178,0.88,-0.020000000000000018,0.11696251513684629,0.014091069777906527,0.01482188558763219,0.7423430268547264,0.7137482766371993,0.06545835683466146,0.004656246533735274,0.0031664432622406707,0.0,0.09839894071573219
179,0.88,-0.020000000000000018,0.11684602622333294,0.01400197544455413,0.014955244760782978,0.7424237626511354,0.7138394387000453,0.0696173358171576,0.004676406715396855,0.003168317593462432,1.0,0.12182304107728292
180,0.88,-0.020000000000000018,0.1168407586298788,0.013999664002568708,0.014942408933748375,0.7424274139144584,0.7138435615712958,0.06759338051275243,0.0047023407311412935,0.0030923668065904364,1.0,0.12272363086358262
181,0.87,-0.030000000000000027,0.11687500584839507,0.014014171617856274,0.0149302122257534,0.6910964233842621,0.645888111904011,0.07052247242715783,0.0046807281252438425,0.003090602792203462,0.0,0.12450377539789814
182,0.86,-0.040000000000000036,0.11652814407902926,0.014258996231887755,0.015226108557245543,0.6466047233806143,0.5846460728198524,0.06688999736794451,0.0046513816221274455,0.003083294052411527,0.0,0.08938049523550728
183,0.86,-0.040000000000000036,0.116628311415996,0.014305756131271835,0.015460200786766146,0.6465520618420378,0.5845818473449017,0.06532963299922145,0.004708767435630352,0.0030480226782475875,1.0,0.1282538625240961
184,0.86,-0.040000000000000036,0.11691266826581774,0.014305482717482169,0.015311528467192932,0.6464026120414477,0.5843995997674408,0.06306452745827516,0.004738279779934888,0.003043447892188915,1.0,0.1309745772435449
185,0.85,-0.050000000000000044,0.11693346582500362,0.014311434828673645,0.015389744122218047,0.6071462551153827,0.5287745680544422,0.06377836481774278,0.004797477117138652,0.0030021445574202883,0.0,0.12205792253715653
186,0.84,-0.06000000000000005,0.11698718510883346,0.014337225454219468,0.015434281010490061,0.5723714601279792,0.47842683828122573,0.06441639869016502,0.0048841402207168,0.002955041694436202,0.0,0.12652339986045535
187,0.84,-0.06000000000000005,0.11703597833211311,0.014359791269846671,0.015366551248173608,0.5723513587773447,0.478401248352397,0.059203806356894054,0.005079314319390879,0.0029733758311879448,0.0,0.12608711918980453
188,0.84,-0.06000000000000005,0.11705079794946797,0.014372218572858461,0.015142868340239625,0.5723452538171584,0.47839347664798326,0.06317105206048984,0.0051826244326233445,0.003005835186188675,1.0,0.12983128573730718
189,0.84,-0.06000000000000005,0.11745290525671105,0.01452013478231634,0.015081289475948072,0.5721796548955153,0.4781826998488281,0.0631801087605852,0.0052802319208608405,0.0029880425952335814,1.0,0.14267128029315934
190,0.83,-0.07000000000000006,0.11747096858671774,0.014526152202621498,0.015205613753772086,0.5412059190466332,0.43266903602167234,0.053200446285856046,0.005646502875407527,0.0030307216562961044,0.0,0.12320318469023417
191,0.83,-0.07000000000000006,0.1177559551119438,0.014737919034943469,0.015326742884719627,0.5411009671682313,0.432533974528347,0.05033117625022159,0.006057184214425537,0.0030299280884517653,1.0,0.1427355121138263
192,0.83,-0.07000000000000006,0.11780800170081644,0.014761200448119982,0.015368103120728099,0.5410818043865036,0.43250931759028427,0.048769832000459444,0.0065057372474205555,0.0029892237531467824,1.0,0.12698206193826933
193,0.83,-0.07000000000000006,0.11804881818532302,0.014830065490824258,0.015210106231108553,0.540993156996097,0.43239526798362465,0.052832005660060716,0.006791506833251323,0.0030050399174529844,1.0,0.1342002646909437
194,0.83,-0.07000000000000006,0.1181789647060009,0.01501645135163376,0.015264179248274978,0.5409452606155205,0.432333656208788,0.04938360602679416,0.007152019604781416,0.0030050924036835254,1.0,0.14599316313308464
195,0.83,-0.07000000000000006,0.11814500160633447,0.015001338349370048,0.015436036501404266,0.5409577588605772,0.4323497327544846,0.05183524566217693,0.007433008889714497,0.003019661544188572,1.0,0.12314253135599085
196,0.83,-0.07000000000000006,0.11835720061310719,0.015347227942860194,0.015706987580950713,0.5408796801902098,0.432249307248921,0.050234683800782304,0.007740363784055009,0.0030121020479114097,1.0,0.1535955057172005
197,0.83,-0.07000000000000006,0.1188050025732631,0.016269434325785734,0.015655074595688857,0.5407149853079904,0.4320375330961428,0.049237289864579176,0.00805010841042441,0.003013095403657646,1.0,0.173526983569406
198,0.83,-0.07000000000000006,0.11868355840054542,0.016051493670991585,0.015659709568853597,0.5407596407506928,0.432094945869215,0.05278125906629024,0.008252313028061651,0.003015675084442913,1.0,0.14167323367517737
199,0.82,-0.08000000000000007,0.11872299205343749,0.016065469068119724,0.01565631494725331,0.5130046622574443,0.3909588054272785,0.04452251445170978,0.008676848859653849,0.003088223696391964,0.0,0.12636612868523112
200,0.83,-0.07000000000000006,0.11895124329347415,0.01649506479092985,0.01570125206398608,0.540661221875726,0.4319684179914969,0.056703080191242,0.008793944217955178,0.0031877721726037743,1.0,0.1608910599280653
201,0.82,-0.08000000000000007,0.11921496684653858,0.016528491494800377,0.01570555562425397,0.5128418928808542,0.39074846063997853,0.0379932621558727,0.009391022687403033,0.0033357857131199238,0.0,0.13436213454455448
202,0.81,-0.08999999999999997,0.11918480606938356,0.016504049308176512,0.01573340007673366,0.48783324923032445,0.3535754904833542,0.01369042287145539,0.010963289352946385,0.0035700940803200403,0.0,0.13107657443959875
203,0.81,-0.08999999999999997,0.11934708530695383,0.016733227726010127,0.01580850932251543,0.4877846882370678,0.35351275109651753,0.010263138686835056,0.012469864271454174,0.0035940570926304696,1.0,0.15084953522159017
204,0.8,-0.09999999999999998,0.11951693590518658,0.016847991429775385,0.01577479021871376,0.4650517241135702,0.319812168941427,0.013725178676961639,0.013635192629924922,0.0035849187368113713,0.0,0.1392695258382466
205,0.8,-0.09999999999999998,0.1195653112488613,0.01690554935634149,0.01574712374989153,0.4650385676448859,0.31979525633317957,0.015255181479227654,0.014640798999172411,0.0035454976133272426,1.0,0.14204020104214798
206,0.81,-0.08999999999999997,0.11980736875958829,0.017247301026656933,0.015623565716179377,0.487647004029985,0.3533349202556515,0.012770803279750643,0.015626792868897715,0.0035002462985772426,1.0,0.15589876213007692
207,0.81,-0.08999999999999997,0.12019819272307579,0.01736339682448628,0.015680750992541154,0.4875301581851813,0.35318406552879433,0.013405509804007135,0.0164548706878197,0.003428753462478855,1.0,0.14468460098069347
208,0.81,-0.08999999999999997,0.12118135715427356,0.01947820120180144,0.016139761092628168,0.4872364659459166,0.352805141417454,0.010515362714584267,0.017364352410165335,0.003401981453739127,1.0,0.20947146654129023
209,0.8,-0.09999999999999998,0.12196582807608138,0.02132943095340411,0.01591990350270306,0.4643866413669142,0.318958247325145,0.014105809088292929,0.018060751835371314,0.0033956311253354487,0.0,0.20894698125427724
210,0.8,-0.09999999999999998,0.12297696302111252,0.022985704587418863,0.015724603242858078,0.4641125866845359,0.3186069961483319,0.016230804224430545,0.018682143282240927,0.003349540229591793,1.0,0.2093229968870114
211,0.8,-0.09999999999999998,0.12379038062193287,0.023189554411956588,0.015727885059632886,0.4638923553200427,0.31832498964031575,0.014368263094179635,0.019256874005110138,0.0032954936487516718,1.0,0.16984052110854164
212,0.8,-0.09999999999999998,0.12458634229588685,0.02462989410473731,0.01581093329134216,0.46367705235184015,0.31804951783476393,0.015252770961630947,0.019828158721152248,0.0032755527113521037,1.0,0.20725250433966735
213,0.8,-0.09999999999999998,0.12544259664428706,0.025188977152517163,0.01584976746687353,0.46344566359240363,0.31775371135233255,0.014503749145227429,0.02039938732503751,0.003251900371505666,1.0,0.18409156349238787
214,0.8,-0.09999999999999998,0.12635948644847958,0.02652669636246745,0.01594677608806793,0.46319814500399825,0.31743756685972846,0.012982500749308668,0.020955383590081856,0.0032523976559164468,1.0,0.20947146654129023
215,0.81,-0.08999999999999997,0.12741596351660442,0.027617150073646797,0.015609337253416535,0.48538226087285186,0.3504210429024865,0.01123644480640172,0.02150798574088045,0.003257788934658705,1.0,0.207654143383867
216,0.81,-0.08999999999999997,0.12769447734628867,0.027854141652088743,0.015843258698318968,0.4852997586248142,0.35031529150543983,0.011697853924013537,0.02200636980028484,0.003237341956020606,1.0,0.16508158732771894
217,0.8,-0.09999999999999998,0.12814609509510835,0.028055701739291096,0.015854059502152823,0.46271660057208297,0.31682334615299235,0.05513146175721384,0.021958069269743776,0.0036488618393448733,0.0,0.16297764623045174
218,0.8,-0.09999999999999998,0.1284377007855128,0.028109063954356344,0.015996607102508827,0.4626380991522138,0.31672332019114324,0.06807972167187112,0.021929949371742214,0.003734476737164812,1.0,0.148011101906647
219,0.8,-0.09999999999999998,0.12841624721768263,0.028117842316588613,0.016312761665726542,0.4626438736308653,0.316730676995758,0.0676628392734608,0.021868518666000474,0.003724860796848074,1.0,0.11585084419462177
220,0.8,-0.09999999999999998,0.1286428860967326,0.028117339527866988,0.01642470117661454,0.462582878407632,0.3166529758111333,0.07069043387048676,0.021828875517854913,0.003749750759755747,1.0,0.13979913292916857
221,0.8,-0.09999999999999998,0.1292252679740953,0.028209442072971103,0.016395428388122458,0.462426215964396,0.31645348594740946,0.06885580545230818,0.021776940854823554,0.0037318457481163377,1.0,0.16250715560380657
222,0.8,-0.09999999999999998,0.12923526029420804,0.02820984742002099,0.016630198433049605,0.46242352892674843,0.31645006535808384,0.07471163856149887,0.021780082084825937,0.00376822250801403,1.0,0.1308742286141631
223,0.8,-0.09999999999999998,0.1292364979085298,0.02821024628524627,0.016558337777818052,0.46242319612170196,0.3164496417008286,0.07211422569449491,0.021752780913583507,0.003727263237422107,1.0,0.1383894505769212
224,0.8,-0.09999999999999998,0.1293938193905028,0.028222440992379427,0.016485625148628665,0.46238089493384343,0.31639579701261183,0.07115585449113783,0.021758839862281006,0.0036921510865898896,1.0,0.13936841051135684
225,0.8,-0.09999999999999998,0.12948779466024884,0.028245978666866265,0.016442729181733635,0.46235563020424125,0.3163636418746853,0.07029834176341218,0.02173765327881817,0.003689668267120948,1.0,0.1412112995128565
226,0.79,-0.10999999999999999,0.12929593559236213,0.02825332343687048,0.016560511644181104,0.4419701928576485,0.28631706760572934,0.06475912231178686,0.021691254164423617,0.0037376824067292275,0.0,0.11871745547368162
227,0.79,-0.10999999999999999,0.129201066935325,0.028276556329050382,0.01652065326308384,0.44199349826274853,0.28634645159574945,0.06980723342028224,0.021665514789144934,0.0037674688509300065,1.0,0.11758311630176421
228,0.8,-0.09999999999999998,0.1293588916894596,0.02827991015554528,0.016678410947452135,0.4623902857562107,0.3164077497490335,0.07062225238378722,0.021628566159907638,0.0037653365412627245,1.0,0.13777213851839676
229,0.79,-0.10999999999999999,0.12931451741928446,0.02828774636835236,0.01676499749609684,0.44196562833959785,0.28631131289989625,0.06617509164790897,0.021566667736250735,0.0037914464514012445,0.0,0.12212324755158688
230,0.78,-0.12,0.1295373828880882,0.02829720826425142,0.016905374534120932,0.42320883095737766,0.25900275318030835,0.07018989559305107,0.021533237321603917,0.0038206357843662037,0.0,0.1417703987984944
231,0.78,-0.12,0.12953553448272462,0.02829824651472272,0.017152595109031568,0.42320924728203363,0.25900327088877734,0.06361246938071934,0.021486817824236854,0.0038438911806016763,1.0,0.1135491868992412
232,0.78,-0.12,0.12974541361063424,0.028285886766796407,0.017392233728747816,0.4231619804949572,0.25894450035821814,0.06499823596881624,0.021408867251822738,0.003798071708613117,1.0,0.13846831520965908
233,0.77,-0.13,0.12995498320829008,0.028280726599138783,0.017102765070679423,0.40593891779473706,0.23424959784468977,0.05585887449983834,0.021265095302756356,0.00379712049980335,0.0,0.1396322671427903
234,0.77,-0.13,0.12995195370883939,0.028278756365975585,0.01688493884977472,0.405939545589908,0.23425036491977413,0.06939489411673189,0.02122701823592319,0.003914211268172952,1.0,0.14819370651404018
235,0.77,-0.13,0.13018709031198156,0.02827923637900741,0.016878956249405174,0.405890824625429,0.23419084281309058,0.06025802392952334,0.021149924466154654,0.003999122606031007,1.0,0.14188408153251086
236,0.77,-0.13,0.13044835416626385,0.028225730446775014,0.016678075952592887,0.4058367037357549,0.2341247423625264,0.06316599197036571,0.02106799435269635,0.004018132771348018,1.0,0.13759490422841014
237,0.77,-0.13,0.13047909692958998,0.028233046858104096,0.016498012280381672,0.40583033631170606,0.23411696681516084,0.0685735510027802,0.020992310104825034,0.004042014896345562,1.0,0.13871912182131196
238,0.77,-0.13,0.13070404737674063,0.028211926928922403,0.016316505754333126,0.4057837507793549,0.23406008741852946,0.06490327546471455,0.020929658168761474,0.004029353814511771,1.0,0.13918936906195023
239,0.77,-0.13,0.13088180114267872,0.028295152339645482,0.016113861011734405,0.4057469468858695,0.23401516138910636,0.061500186960715866,0.020812207648920555,0.004060169318432146,1.0,0.15290909426013632
240,0.77,-0.13,0.1312558883810531,0.028149183100945416,0.016106106000082932,0.40566951397830836,0.23392066975591702,0.05837829683316574,0.020686384513245063,0.0040537532046581335,1.0,0.13876088678830567
241,0.76,-0.14,0.13167339447098417,0.028233284602084956,0.016043256183573596,0.3897745312419271,0.2115648331756802,0.05323745931584086,0.0206025731872935,0.004068572084945575,0.0,0.15801872556930796
242,0.76,-0.14,0.13238654436766337,0.028091874851263018,0.01595620623434388,0.38963833002225295,0.21140217680606102,0.051565396132996696,0.020481473648887017,0.00404611096581621,1.0,0.16210313562868817
243,0.76,-0.14,0.1335516022974101,0.028231277404200342,0.015878066937135622,0.38941602562393035,0.21113698591103608,0.04688373379698473,0.020416543155349357,0.004071328814207787,1.0,0.19459158390232467
244,0.76,-0.14,0.13435080232360633,0.028911524360018905,0.01585443214609669,0.38926367710654114,0.2109554561291448,0.051435069369318916,0.020305290769326766,0.004108192543804789,1.0,0.19823003224452496
245,0.76,-0.14,0.13449231077127036,0.02883794224178951,0.01654478099953692,0.38923671430051765,0.21092334651409794,0.05408238865986899,0.02019345551295525,0.004083292540064223,1.0,0.1264825817362525
246,0.76,-0.14,0.1349477640787656,0.02889769489384181,0.016882194972367117,0.38914995826694265,0.21082006614644136,0.03940750932988164,0.02020155943153831,0.004190084041313828,1.0,0.16127998173706026
247,0.76,-0.14,0.13540849066178004,0.028932740062333227,0.016785488164874938,0.38906223710399906,0.21071569284686323,0.04191742475556714,0.02014480191384725,0.0042143266656372025,1.0,0.16041389259836647
248,0.75,-0.15000000000000002,0.13573231085267293,0.028758983417480448,0.017028378784179603,0.37443505970831026,0.1905971219369343,0.04146900058324542,0.020083482152495218,0.004187739515712476,0.0,0.13628319030578662
249,0.76,-0.14,0.13623482042585391,0.02863568295693277,0.016992407003043417,0.38890500506369496,0.21052875423487866,0.04347136185318405,0.019965360104782982,0.004197671257242717,1.0,0.1540675975531829
250,0.75,-0.15000000000000002,0.13659468165286545,0.02872026590692295,0.016895944764807238,0.3742830764392002,0.1904207248698061,0.05157821412566944,0.019819807237430462,0.004229325080656428,0.0,0.1611483765161108
251,0.74,-0.16000000000000003,0.13697285074359322,0.02859697105544384,0.01698446091071169,0.3607178126945985,0.1722298972932882,0.05206080848911132,0.019724566076004587,0.004220447761815742,0.0,0.1463486223394308
252,0.74,-0.16000000000000003,0.1372000893790988,0.02841178421935025,0.01687428486559495,0.3606806337011797,0.17218792239869582,0.050074134769259405,0.019615795602670114,0.0042210297376287995,1.0,0.1252189210850696
253,0.75,-0.15000000000000002,0.1379417067525921,0.02928689116197856,0.01730160678016055,0.3740459249543242,0.19014584463956935,0.050683371911507576,0.019521961344060777,0.004210671813273683,1.0,0.20869392460475988
254,0.76,-0.14,0.13861895115293454,0.029030099730541666,0.01754383522283727,0.3884520698575913,0.20999125233245866,0.05114270522614441,0.01943999679044301,0.004195912720474369,1.0,0.16108649331197866
255,0.76,-0.14,0.1390551622472533,0.02902953424174735,0.017521102770422046,0.3883693129801745,0.20989320549109491,0.04978822642627088,0.019375395383617287,0.004180290768261123,1.0,0.16060997817740175
256,0.76,-0.14,0.13953064628843614,0.02900894040170918,0.01752229934201584,0.3882791454946149,0.2097864355395148,0.05019717098516038,0.0192798721826007,0.004158102999967637,1.0,0.1618102449401213
257,0.76,-0.14,0.1400014345583858,0.028994606913069498,0.017422406372134536,0.3881899097230513,0.20968082699073318,0.05179578603222712,0.019203870797988624,0.0041520919039185825,1.0,0.1624224739917346
258,0.76,-0.14,0.14041014196235843,0.02878340722438215,0.01757488985271973,0.38811247435065166,0.20958923078026517,0.05591299858007816,0.01914459457388343,0.0041728118231155195,1.0,0.1457127543241703
259,0.76,-0.14,0.14141317543556187,0.02921466280455458,0.017954907875736517,0.3879225664143781,0.20936477782528873,0.050118625777635484,0.01906821851830188,0.0042169840289103715,1.0,0.2035315061576246
260,0.76,-0.14,0.14220573469629627,0.029785402483023617,0.017691400565054312,0.38777263971017917,0.20918776327817942,0.05555265941519369,0.018973787046387327,0.0042637644556820405,1.0,0.20268105246551182
261,0.76,-0.14,0.14264137399446075,0.02943000535932545,0.018051162629505513,0.3876902801217945,0.20909059262187485,0.05303366590134841,0.01888398661962944,0.004286061519841277,1.0,0.14005137875886775
262,0.75,-0.15000000000000002,0.14354120770021064,0.030196667005162093,0.018614917124404398,0.3730633134710221,0.18901163985191133,0.050970004742538697,0.018796100280993013,0.004283561084232715,0.0,0.2134840488433838
263,0.75,-0.15000000000000002,0.1438974505467546,0.02995946265664129,0.01916307435754992,0.3730009739152536,0.18893993884781732,0.05391716402358587,0.018726477914185437,0.004286491267335066,0.0,0.14150398783326446
264,0.74,-0.16000000000000003,0.1446628167209743,0.029500068994635344,0.01894241842178585,0.35946388552262004,0.17082070685254372,0.05437777262507368,0.01867716338105104,0.004235619619218106,0.0,0.16470382567212605
265,0.74,-0.16000000000000003,0.14487280926757598,0.029492549595115207,0.018700739429232362,0.35942976637073887,0.17078254898473919,0.05347899837516665,0.018577135673501326,0.004200877418117441,1.0,0.15421123838982953
266,0.74,-0.16000000000000003,0.1453366874043879,0.0291266702971123,0.018634281330996,0.35935441936873463,0.17069831781157715,0.05609060079000765,0.018518860865709454,0.004186735537443645,1.0,0.14518098986576056
267,0.75,-0.15000000000000002,0.14661456397745368,0.030511757854556683,0.01952862872867107,0.37252618608028415,0.18839484995711434,0.05653394159012168,0.018422940527564855,0.004131965467207173,1.0,0.24219043374061577
268,0.75,-0.15000000000000002,0.14716639449852298,0.03057630798592475,0.020108842600737257,0.3724299069599576,0.18828452947636087,0.056155266792942374,0.018377293018211616,0.004089376092278936,1.0,0.1780548800459909
269,0.75,-0.15000000000000002,0.14770545045133507,0.03050030504993961,0.02018372505732613,0.3723359046871175,0.18817688753312528,0.05676017469401176,0.018292324507999575,0.004085948178222935,1.0,0.17008304286019582
270,0.74,-0.16000000000000003,0.14819048054580963,0.030389413718527773,0.02003911622952546,0.35889157627606993,0.1701819473002741,0.05598768629402186,0.018194227044787493,0.004090303607732473,0.0,0.16523893100994402
271,0.74,-0.16000000000000003,0.14891001847038518,0.030032207197836266,0.019939197722567623,0.35877506599528003,0.1700522455723135,0.059572787583840284,0.01810247602404688,0.004107072395378403,1.0,0.16952932821752142
272,0.74,-0.16000000000000003,0.1490667094905111,0.029878442179462696,0.02011932039411432,0.3587497040270444,0.1700240271329844,0.056249741344279666,0.018018266248354693,0.004130837031500771,1.0,0.12742696716896162
273,0.74,-0.16000000000000003,0.14984447261870526,0.029271489437210505,0.02049833072534107,0.3586238685398755,0.16988409849986089,0.05977766861384215,0.01795494667847423,0.004154313110665138,1.0,0.16526396141035082
274,0.74,-0.16000000000000003,0.15057353049164582,0.02861777252954745,0.02038518298679885,0.3585059932815808,0.1697531414849163,0.055209843896983454,0.017886785925387918,0.004193215598669333,1.0,0.16070840733492742
275,0.74,-0.16000000000000003,0.15106314291118142,0.028225382263491985,0.02035363986164158,0.3584268754357425,0.16966530812246428,0.05736423379069273,0.017816831320409208,0.004163016336548455,1.0,0.15252104218554186
276,0.74,-0.16000000000000003,0.1514286940400404,0.02799000541066015,0.0203144397698064,0.3583678277675635,0.1695997898101208,0.05793851874736368,0.01778986008339375,0.004086033476516622,0.0,0.15142504765782916
277,0.74,-0.16000000000000003,0.15185969758990644,0.027831765571660887,0.02021417964904386,0.3582982325224062,0.16952260532916835,0.0557745780944722,0.017681489137914938,0.004048529485875428,1.0,0.16294709337793556
278,0.75,-0.15000000000000002,0.15252538911319466,0.02733682140794845,0.01999798671273139,0.3714974929331282,0.18721985552538178,0.05987736089427202,0.017644929882267707,0.004047961847666375,1.0,0.1649680930445523
279,0.75,-0.15000000000000002,0.1528646957576948,0.027163662385815725,0.0200819644675895,0.37143861394422734,0.18715285048381605,0.05857438031689976,0.017562868142786955,0.004040679274666043,1.0,0.15575370552729995
280,0.75,-0.15000000000000002,0.15328650235187719,0.02701946176076102,0.020156413358702684,0.3713654449732098,0.18706962049411494,0.05685233285965771,0.017493515234623058,0.004028486906411866,1.0,0.16490429028182052
281,0.76,-0.14,0.15355594969693176,0.02686499656472721,0.019937549724521577,0.3856381880347252,0.206685188653798,0.056307754497451096,0.017390546675105086,0.003997296030684526,1.0,0.15144850990335934
282,0.77,-0.13,0.15418375491571376,0.02608003968259805,0.01955208649140798,0.4009794029543203,0.22827140886823102,0.061523471937476135,0.017348762379688677,0.004034218788980506,1.0,0.15216101711370245
283,0.77,-0.13,0.1546194113664876,0.02600702362509626,0.019723175135532532,0.4008913349966353,0.22816670666743266,0.05986807669186339,0.017311037258282588,0.004028060099128652,1.0,0.17181950760148168
284,0.77,-0.13,0.15470800042775928,0.02594133544508621,0.019956199070122246,0.4008734314494765,0.2281454276283991,0.05883600334574372,0.017285687409285024,0.004031274604044329,1.0,0.13983348337071166
285,0.78,-0.12,0.15501122657943323,0.025734312377448162,0.0200378311611378,0.4175479940275282,0.2520592300637153,0.060328418997437294,0.01726269636522275,0.004039904723026868,1.0,0.15238053770455062
286,0.79,-0.10999999999999999,0.15533275544435146,0.025576751487411117,0.020097017706360826,0.4356655687355867,0.27847430136620127,0.0637083136132146,0.017257140956708432,0.004021392624870366,1.0,0.15867628635228104
287,0.8,-0.09999999999999998,0.15569828904929403,0.02541687545251674,0.020099240199131285,0.4554152387924168,0.3076433926950292,0.0666429317065108,0.017310378256601876,0.004010962042948148,1.0,0.16264047968405926
288,0.8,-0.09999999999999998,0.15588240961316616,0.025295224867942882,0.020114968916340244,0.4553672216111166,0.30758383568033376,0.06344713007435457,0.017312406187557035,0.004043151385696238,1.0,0.14824334212452073
289,0.8,-0.09999999999999998,0.1559985307758901,0.025260941115554828,0.01997933213692717,0.4553369433401459,0.3075462861166591,0.06555670526575585,0.017331288147394926,0.003963655554551512,1.0,0.1542833965655519
290,0.81,-0.08999999999999997,0.1562957802572594,0.025047269611201337,0.01979572543303623,0.4769741540327828,0.33978502828935825,0.06385366535059872,0.017379508187188215,0.0039518754523244675,1.0,0.15292813282716322
291,0.8,-0.09999999999999998,0.15650732762170627,0.025021169306316905,0.019747328115417993,0.45520432343339184,0.30738186686587365,0.0664097586543165,0.017449358697387448,0.003961923422566445,0.0,0.16389024855851497
292,0.8,-0.09999999999999998,0.15669543638348649,0.024868737339018215,0.019857218092080103,0.45515531170025864,0.30732112345085016,0.06751007821432563,0.0175260952561889,0.003932005704388747,1.0,0.14579293811629168
293,0.79,-0.10999999999999999,0.1567015831099137,0.024863251877957484,0.019848986802590077,0.4353390901354083,0.2780738562247865,0.0663277220805644,0.017590962440642163,0.003909116376110915,0.0,0.13481493733366356
294,0.79,-0.10999999999999999,0.15689123540316,0.02485317630357296,0.019922651684882563,0.4352938948241599,0.27801846501237354,0.06628797034574394,0.017653730806395755,0.00388475387206483,1.0,0.16495839245771404
295,0.79,-0.10999999999999999,0.15728784878612928,0.024626873784344014,0.01963680873986827,0.43519940973437626,0.2779026985554706,0.06899609407798359,0.017740547604025367,0.0038959413657097294,1.0,0.1628038696529197
296,0.79,-0.10999999999999999,0.15728587605733077,0.024627177378807645,0.019530487113235608,0.43519987959547574,0.27790327413161275,0.06617370550850614,0.017799531852813577,0.003914375654934723,1.0,0.153398232837348
297,0.79,-0.10999999999999999,0.15704226194976484,0.024585771806666778,0.019251486205460907,0.4352579109778596,0.27797437089426913,0.06548529046936562,0.01785032404009355,0.0038855316734946158,1.0,0.14916557281281473
298,0.79,-0.10999999999999999,0.15715146191810242,0.02454147752689251,0.01913149178835154,0.4352318965101985,0.2779424972885772,0.06632347461603681,0.017907997052126437,0.0038105765172531084,1.0,0.1525932305089337
299,0.8,-0.09999999999999998,0.15759813093728586,0.024383072367102913,0.018969015716147574,0.45492026142750475,0.30702996223965984,0.07042422816481314,0.017985040166328712,0.003728962252700018,1.0,0.17103303060357544
300,0.8,-0.09999999999999998,0.1574876232459206,0.02439293777168738,0.01891511485178922,0.45494902319458086,0.307065576499398,0.06561119004437474,0.01802881064702303,0.0035885907384077863,1.0,0.14984029079154193
301,0.81,-0.08999999999999997,0.1577214668404862,0.024281958697160377,0.018961788014462123,0.4765666165415844,0.33927666711971277,0.0650711721962329,0.01801443078083873,0.0033485622390514694,1.0,0.1577464940011155
302,0.82,-0.08000000000000007,0.15772861562099508,0.0242742171984372,0.019024233274347387,0.5004124599102593,0.37495589276988983,0.06899691887374983,0.017656035856244756,0.0033535972137271925,1.0,0.1317914524904833
303,0.81,-0.08999999999999997,0.1577424386483144,0.024270689271148883,0.019113732022627148,0.47656062687446976,0.33926920049413745,0.07132245794227741,0.017211579858086665,0.0033421174064383143,0.0,0.15223183795352324
304,0.81,-0.08999999999999997,0.15769495174067394,0.02431139745754887,0.019264644423388978,0.4765741896198118,0.3392861078026603,0.07441325679298198,0.01685448051055493,0.0033578830230892075,0.0,0.13452083507420087
305,0.8,-0.09999999999999998,0.15757430066040645,0.0244184905991117,0.019170575544306893,0.45492646341106974,0.30703764152831875,0.06968114356043523,0.01645583459643183,0.0033805874173626392,0.0,0.129975093015398
306,0.79,-0.10999999999999999,0.15767178196501072,0.024431061656121116,0.01941762239709197,0.4351079845095082,0.27779072508932195,0.07568566288414871,0.01602874812591574,0.0034348279506904882,0.0,0.1656468925905039
307,0.78,-0.12,0.1574960267910139,0.024586581714218073,0.01915248041172726,0.4170039136668557,0.2514018130999292,0.07796585600842595,0.015612273048344472,0.0034286667995274012,0.0,0.12710908358101358
308,0.78,-0.12,0.1568482298238429,0.024056296183569605,0.019324785471890506,0.41714562081955886,0.25157287352481794,0.07804035555942948,0.015072062697001884,0.003393152185156642,1.0,0.14469176982418808
309,0.79,-0.10999999999999999,0.15625007837756455,0.023490428458259494,0.01936583649380487,0.4354467242745206,0.2782058148071032,0.0747033785332817,0.014548842657579076,0.0034053944264698763,1.0,0.14913183662644403
310,0.79,-0.10999999999999999,0.15573343191898034,0.022877626431011856,0.01905315001525613,0.4355699528532265,0.27835696570292345,0.08091463424649784,0.014131784034712791,0.0034493208363988175,1.0,0.15765835102858872
311,0.79,-0.10999999999999999,0.15543743856129685,0.022884671211002707,0.018851182161289143,0.435640583511056,0.2784436360083853,0.07499261183770138,0.013528395824511763,0.003500204821664931,1.0,0.1402411853401948
312,0.79,-0.10999999999999999,0.1546871717446506,0.022398327099225016,0.018698196523085853,0.4358197166703832,0.27866356485437005,0.08007784756073069,0.01297026887603168,0.003544004962135898,1.0,0.13222582267504102
313,0.79,-0.10999999999999999,0.1542106400807986,0.022274244535659772,0.01848438512291661,0.43593356954300094,0.2788034330721211,0.07762573102209488,0.012288147212030986,0.0035534076706481917,1.0,0.13643839710718852
314,0.79,-0.10999999999999999,0.15363054535100465,0.021571820064721647,0.018617781822889173,0.43607224599507266,0.2789738880011282,0.07740865398760136,0.011466106238644648,0.003537963439250076,1.0,0.1514619935618955
315,0.79,-0.10999999999999999,0.1531484816573523,0.020886932411188136,0.018268420453198146,0.4361875544578689,0.27911569615754994,0.0774402068184993,0.010459730453957063,0.003533621456555997,1.0,0.15944777401863175
316,0.79,-0.10999999999999999,0.15278622355993995,0.020990714118908536,0.01855617858789389,0.4362742458525836,0.27922235614324536,0.07942848081162053,0.009358603935653314,0.003114981720797622,1.0,0.1288557775864858
317,0.8,-0.09999999999999998,0.1526955717662569,0.02096606531405728,0.018658099243973214,0.4561997553104464,0.30861793955603134,0.07729372255789052,0.009454968316800712,0.003005754431293306,1.0,0.15391246686214366
318,0.8,-0.09999999999999998,0.15280604138799964,0.02097019460381504,0.018385223885455566,0.4561708451513319,0.30858197670493565,0.08145373747144843,0.009629694125649658,0.0030435638506382317,1.0,0.1590580640809216
319,0.8,-0.09999999999999998,0.1532137083494086,0.02064149409845866,0.0181679737340501,0.4560641894549432,0.3084493352016462,0.07659427646327219,0.009719399952832318,0.003062067551760962,1.0,0.15661754033551611
320,0.8,-0.09999999999999998,0.15338642112491216,0.02060074469746259,0.01794317421353869,0.4560190185872354,0.3083931744924883,0.08382478100407573,0.009916531832872461,0.0031165713509793956,1.0,0.15707041047952464
321,0.8,-0.09999999999999998,0.1532953686461228,0.020580342950498712,0.01766070528187212,0.4560428311097666,0.30842277931768175,0.08537612235883715,0.010154337597936726,0.003073091636288191,1.0,0.1534019077248716
322,0.8,-0.09999999999999998,0.15355893958235967,0.020459933734622605,0.017623474903591504,0.45597390747290273,0.3083370973820255,0.08263772977845943,0.010277560700825252,0.0030745156737970163,1.0,0.15723132223784897
323,0.8,-0.09999999999999998,0.1534757429037546,0.0205382140818934,0.01788794540447025,0.45599566110263656,0.3083641379093665,0.0858702411145894,0.010490725401923206,0.003097486786249268,1.0,0.13006978271641745
324,0.8,-0.09999999999999998,0.15353759736846506,0.020504921511483358,0.018025735154616564,0.45597948767345425,0.30834403356148177,0.08838668116220103,0.010761772641751752,0.0031142436278642775,1.0,0.14555385698240197
325,0.8,-0.09999999999999998,0.15374150269674358,0.020482704203249547,0.017960625369961344,0.4559261795428572,0.30827777746176055,0.0866496769877897,0.010991042234935834,0.0030758374129429243,1.0,0.1616018323407098
326,0.81,-0.08999999999999997,0.15365698968716712,0.020643842888002556,0.01846770959877706,0.4777303034156089,0.34072997993479825,0.08053184974762509,0.011123150940288658,0.003086642626394129,1.0,0.11026615451603616
327,0.81,-0.08999999999999997,0.15398300169146384,0.020326566766719414,0.01866699384118883,0.47763675441277526,0.3406129504828239,0.08559844678591094,0.011322401695267277,0.0031295878594727235,1.0,0.15018431673143406
328,0.81,-0.08999999999999997,0.15413316004773206,0.020261617138080286,0.01853522380529969,0.4775936788603186,0.3405590747494871,0.0806807276634628,0.011428333720468854,0.003134340974488581,1.0,0.15278797414521916
329,0.82,-0.08000000000000007,0.15433843968216673,0.020039036800260864,0.01843915927906997,0.5014823299572934,0.3762946167823017,0.081666884300225,0.011564727565234623,0.003103748577434239,1.0,0.14265121099505462
330,0.83,-0.07000000000000006,0.15461318415171557,0.020053178407966218,0.018422719105929235,0.527862228170455,0.41574957159051124,0.08148280380874849,0.011680384346723255,0.0030391693277286302,1.0,0.16924484575337528
331,0.83,-0.07000000000000006,0.15473943029377552,0.019832788320114488,0.018606071796209253,0.5278179950134863,0.4156943186756657,0.0866311976863425,0.011895521154925199,0.003077175663986177,1.0,0.12617380110523535
332,0.83,-0.07000000000000006,0.1547519923589358,0.019822873597873308,0.01873119067183878,0.5278135940187647,0.41568882156277537,0.0823122519463055,0.012030826430695493,0.0030284845960170765,1.0,0.13972452172568972
333,0.84,-0.06000000000000005,0.1548400855334059,0.01977500211949128,0.01873276262631211,0.5571902741076163,0.45936459756984654,0.08846392256611313,0.012235209495696989,0.0029538952122081285,1.0,0.14844158458979928
334,0.83,-0.07000000000000006,0.154956614305739,0.01976982641739869,0.018784231052332553,0.5277419170854372,0.41559930022881864,0.09321326972779613,0.012551663629955816,0.0029095767978088802,0.0,0.1598465837473526
335,0.83,-0.07000000000000006,0.15511568447015567,0.019727953900556004,0.01876166851161613,0.5276862099140587,0.4155297342623613,0.08758211198148026,0.012742358672550498,0.0029370837645308345,1.0,0.1577910979741779
336,0.83,-0.07000000000000006,0.15507241787795317,0.019771029862203006,0.018998018363869846,0.5277013609277694,0.4155486536839698,0.0893481940991579,0.012964306895827626,0.0029003011694324833,1.0,0.13326824500815837
337,0.83,-0.07000000000000006,0.15503835359706739,0.019802086392617338,0.019013919388960118,0.5277132901056062,0.4155635503723158,0.091349857943893,0.013214107509897753,0.002883446505863488,1.0,0.1353126937327338
338,0.83,-0.07000000000000006,0.15505215186038313,0.019791515793184177,0.018928432282521758,0.5277084579428137,0.41555751610983543,0.09269855328349964,0.01348358930385298,0.0028626950597585173,1.0,0.1405691953935222
339,0.83,-0.07000000000000006,0.154763751896991,0.020029340783169803,0.018952188747175986,0.5278094742479492,0.4156836757645047,0.08872304653938955,0.013663642230567827,0.002871317449824779,1.0,0.12406909792092313
340,0.82,-0.08000000000000007,0.15476620350575274,0.020027396778110954,0.018908543403363398,0.501347084332836,0.3761251732148015,0.08803375714513662,0.013810175214946744,0.002826352317268497,0.0,0.13900604766447944
341,0.83,-0.07000000000000006,0.1544467650891362,0.02022673255894136,0.018997904551822382,0.5279205481369892,0.4158224290413481,0.09381343530684444,0.014007265922733549,0.0028678433776610592,1.0,0.12607488390765975
342,0.83,-0.07000000000000006,0.154231094241387,0.020258901147479864,0.01881581080103928,0.5279961470945375,0.4159168866810332,0.09945742499173854,0.014288216676340101,0.002877563855932597,1.0,0.14053605085376897
343,0.83,-0.07000000000000006,0.15366772315506463,0.019909006027506546,0.018802105015599715,0.5281937273709698,0.416163829623182,0.09299474038418788,0.014360881295729554,0.0028968704118438743,1.0,0.1382544752700854
344,0.83,-0.07000000000000006,0.15318202849903725,0.019401938068754145,0.018192596337452537,0.5283641844245601,0.4163769600848612,0.09930544337054714,0.014599517928084865,0.002933874287559118,1.0,0.14966056664178717
345,0.83,-0.07000000000000006,0.15320830629019153,0.01936750777875989,0.018048685284819215,0.5283549592826063,0.416365423390614,0.0969787413510824,0.014801588323174698,0.0028091452238164652,1.0,0.12911036085167837
346,0.83,-0.07000000000000006,0.15291657417158114,0.019463208339749228,0.018070203667502577,0.5284573935001405,0.4164935379093383,0.10108736677481048,0.014848142237286815,0.00282529380965528,1.0,0.1321067698760252
347,0.83,-0.07000000000000006,0.15255974398747335,0.019648699450501707,0.0179009631967537,0.528582739240966,0.4166503475570574,0.09944559851807032,0.014885173061603606,0.0028373477903059705,1.0,0.12473087418758455
348,0.84,-0.06000000000000005,0.15249220489315207,0.019716023657972308,0.017769791473912062,0.5581084442737865,0.4605026634785616,0.10231401963045665,0.014949418518441475,0.002846095869522615,1.0,0.12952928087365878
349,0.84,-0.06000000000000005,0.1522208308541736,0.019878563594424577,0.0177245218603302,0.558214763853833,0.4606345677021102,0.09594384474075396,0.014908104991493544,0.0028285536737369305,1.0,0.1269301936553351
350,0.85,-0.050000000000000044,0.15187675630027644,0.020018345350224117,0.01757694123762574,0.5913686720688625,0.5092648781709415,0.09914906780826138,0.015034581408244941,0.002856054973777997,1.0,0.1267409211263968
351,0.86,-0.040000000000000036,0.15194015741283784,0.020010775129418543,0.01762560902767434,0.6285069713694238,0.5627870576284619,0.1003432043361921,0.01517330188167883,0.0028480495475969748,1.0,0.15268873359556934
352,0.86,-0.040000000000000036,0.1516954444713236,0.02048017929404418,0.01730708481698982,0.6286285581012991,0.5629325030981612,0.10109167754186302,0.015281316147180604,0.002849455972480032,1.0,0.10074762693364647
353,0.86,-0.040000000000000036,0.15097384812933576,0.019716170550746946,0.017187683121833726,0.6289873605431445,0.563361822875647,0.10480055336451578,0.015452375153577419,0.0028822796341771624,1.0,0.1365342904059743
354,0.85,-0.050000000000000044,0.1506468662828386,0.019816631249091967,0.017265152481521932,0.5919100559866097,0.5099270799773372,0.09828169622487959,0.015492629170745557,0.0029344450719525433,0.0,0.1283883086622648
355,0.85,-0.050000000000000044,0.15030613791672148,0.019934967532357396,0.017271727232368975,0.5920602162184851,0.5101108409169408,0.10301855924399236,0.015578651092369646,0.0029781614200356066,1.0,0.12653714156568796
356,0.84,-0.06000000000000005,0.1499874368348573,0.02000314113798692,0.017299916789302323,0.5590913093262646,0.46172300927992427,0.10400873591419892,0.01567077681074846,0.0029720155778451,0.0,0.12994013675370275
357,0.84,-0.06000000000000005,0.14973324597475673,0.020005014275129965,0.017202477714154975,0.559191246733641,0.4618472149746178,0.10518482804053503,0.01579045829017466,0.002942307290759091,1.0,0.13700338798167966
358,0.84,-0.06000000000000005,0.1493592251361691,0.020421982240899438,0.016908275347314792,0.5593383613460099,0.46203009493732694,0.10726955163752983,0.015987736543181787,0.0029048360866636576,1.0,0.10831067046540355
359,0.84,-0.06000000000000005,0.1485652674051093,0.019835394500427934,0.017059534023013075,0.5596509075596008,0.46241878626165916,0.10285327433016449,0.0160034877546157,0.002894555719692012,1.0,0.12413573305164638
360,0.84,-0.06000000000000005,0.14781030475942494,0.01918746917923584,0.016457709590071524,0.5599484272732549,0.462788994165527,0.10516752428436066,0.016122102988825073,0.0028924876029278795,1.0,0.12718478789707666
361,0.84,-0.06000000000000005,0.14767652488372882,0.019287476721305253,0.015721131071115037,0.5600011809582782,0.46285465708361895,0.10827885263079265,0.016245404015370772,0.002903070099772549,1.0,0.1266733911892528
362,0.85,-0.050000000000000044,0.14687652501615678,0.018167958509209808,0.015062854403305018,0.5935759128815428,0.5119678954975799,0.10466502678860656,0.016252957608038937,0.0029098041054406187,1.0,0.13348406208618036
363,0.86,-0.040000000000000036,0.1468425133435944,0.01818116324486787,0.014875166733123087,0.6310495130762555,0.5658324573278308,0.10530385680497406,0.01630019320284153,0.002911604321752535,1.0,0.13810282057703072
364,0.87,-0.030000000000000027,0.14646634485840956,0.018196860760247662,0.01488045214868971,0.6737687921796421,0.6255913829122202,0.10665670158999666,0.01636052462244451,0.002916190892814308,1.0,0.12708697715363848
365,0.87,-0.030000000000000027,0.14623279925546287,0.018245766116709142,0.014827315304421575,0.6739021456946006,0.6257465766960143,0.11544959938232024,0.016558579375935818,0.002978628219859588,1.0,0.1308566780951621
366,0.87,-0.030000000000000027,0.14606639675022723,0.01833028418224133,0.013870815252685326,0.6739971930044145,0.6258572000908541,0.12143488964329385,0.016907008080626566,0.0030346075073430174,1.0,0.12854073934219556
367,0.87,-0.030000000000000027,0.14472236371538696,0.016013981733553947,0.013432613791988186,0.6747658740695353,0.6267521410990288,0.11305081410411988,0.01705155441043425,0.0031154701411005388,1.0,0.1077871302565876
368,0.87,-0.030000000000000027,0.14418927930906153,0.015781103923559952,0.013523396337150486,0.6750712422198779,0.627107811235736,0.11725420528657066,0.017253413996233317,0.0031518184570740885,1.0,0.12474643941345054
369,0.86,-0.040000000000000036,0.14364420592237268,0.01581861665731537,0.013567099603533216,0.6326552552112306,0.5677600520490025,0.11040134333037706,0.01731452809260792,0.0032132363717832166,0.0,0.11557570419130858
370,0.87,-0.030000000000000027,0.14324080092902916,0.015777091505327426,0.013617931222489863,0.6756152455100232,0.627741628350679,0.11803183640561099,0.01748638451012679,0.0032540989150702426,1.0,0.12489843167559411
371,0.87,-0.030000000000000027,0.142789602346446,0.01566359983520782,0.013197593855498244,0.6758743399945312,0.6280435900287151,0.11654445632815297,0.01765736373839596,0.0032355568326247618,1.0,0.12440946995920465
372,0.87,-0.030000000000000027,0.14270766132539817,0.015764857708983133,0.012867690932807705,0.675921414804741,0.6280984596892731,0.11651965221499506,0.017759922668801064,0.0032001717502368365,1.0,0.11923286506417874
373,0.87,-0.030000000000000027,0.14225530097543848,0.015760137871204786,0.01282970615780551,0.6761814122062224,0.6284015436048552,0.11804906112244282,0.017921578854627866,0.003169480681454907,1.0,0.12002792641438464
374,0.87,-0.030000000000000027,0.1417707221113483,0.015929369917197688,0.012825565151129684,0.6764601494200878,0.6287265387620924,0.11524417883595385,0.017944058544331856,0.003176051311685005,1.0,0.1122505209259057
375,0.86,-0.040000000000000036,0.14146252000109677,0.01601630883908705,0.01290995217847078,0.6337552889045049,0.569082489434661,0.11825600114036902,0.018033758845054065,0.003200672901056159,0.0,0.12170083116038688
376,0.87,-0.030000000000000027,0.14113309149711012,0.016146270728868047,0.012826079331815383,0.6768272746833845,0.6291546945120571,0.116168310353581,0.01807561066336504,0.003199902700388448,1.0,0.11848219725916476
377,0.87,-0.030000000000000027,0.14055372829237242,0.01639073241047001,0.012941740187253586,0.6771611973249708,0.629544230858045,0.11883076403677262,0.01810838931654242,0.0031853539214328087,1.0,0.10501077290416605
378,0.87,-0.030000000000000027,0.1400637339869602,0.016385959143983112,0.012959351319394158,0.677443868455065,0.6298740564787569,0.11390570888615664,0.018106716093162157,0.0032219405332837557,1.0,0.11596866250333515
379,0.87,-0.030000000000000027,0.13996776429815128,0.016321762822435183,0.01317185121220781,0.6774992597183123,0.6299386962009121,0.11539741959309663,0.018090516527437667,0.0032196138994423206,1.0,0.14615673664640716
380,0.87,-0.030000000000000027,0.13952857296104437,0.016235521035096952,0.013290192623286772,0.6777528654089584,0.6302346798609592,0.11400879270820061,0.018006875083804916,0.0032281396420957495,1.0,0.12098515657112863
381,0.87,-0.030000000000000027,0.13907533923594376,0.016526456625111905,0.013433096784574524,0.6780147788478407,0.6305404188554332,0.11112535871822082,0.017856620369494636,0.003204581223408424,1.0,0.1061251373932981
382,0.86,-0.040000000000000036,0.1386819006995212,0.016677875853637687,0.013302122396598445,0.6351628695082219,0.5707769286755376,0.10859329860892514,0.017748674917271685,0.0032134364240516858,0.0,0.11281716347144544
383,0.86,-0.040000000000000036,0.13838349897040272,0.016345954245461262,0.013273598628794594,0.6353142953884656,0.5709593668770782,0.10580760230302805,0.017572615856476972,0.003231149787281761,1.0,0.14197933468963408
384,0.86,-0.040000000000000036,0.13835876085354248,0.016345613047413842,0.0131935239689068,0.6353268521462642,0.5709744966142545,0.10544879261311013,0.01736108626959995,0.003219699222011299,1.0,0.13735967168468655
385,0.86,-0.040000000000000036,0.13828098919935836,0.016297142906793127,0.013203099241166616,0.6353663312956511,0.5710220666823181,0.09768615421379812,0.017112244089139073,0.0032639693612389223,1.0,0.14460337228613862
386,0.86,-0.040000000000000036,0.13772601154781017,0.016536354431052818,0.013581489723559517,0.6356481965563037,0.5713617563904168,0.09802289568051825,0.01691090425754912,0.0032377281831926998,1.0,0.10317852119746318
387,0.86,-0.040000000000000036,0.1373427937019565,0.016398000368049923,0.01364960120175842,0.6358429734622149,0.5715965516518554,0.09544105861795121,0.016737668849864162,0.0032315265208736174,1.0,0.12431869509869298
388,0.86,-0.040000000000000036,0.13709987092020395,0.016414644963910593,0.013592303996792721,0.6359665048745308,0.5717454889349044,0.09118936540579435,0.016501854550654043,0.003253164076638825,1.0,0.1239510639492658
389,0.85,-0.050000000000000044,0.1368380612416539,0.0163471351958247,0.013620547441468414,0.598057288578262,0.5174820323712944,0.09208568502726436,0.016293222576905953,0.0032450153868036013,0.0,0.1281024287105481
390,0.85,-0.050000000000000044,0.13664071793886104,0.016270641871463373,0.013561247018296446,0.5981460649663891,0.5175916239517226,0.0913433682676914,0.016048629308121357,0.0032266944116102186,1.0,0.13319380254787494
391,0.86,-0.040000000000000036,0.13664600458921622,0.016279578351707975,0.013693851064800805,0.6361974342413267,0.5720239649348401,0.08942736447366258,0.015841903232257648,0.0032349336462972876,1.0,0.16441891359402994
392,0.86,-0.040000000000000036,0.13646201760472298,0.016279131049021428,0.013956948773330409,0.636291095481106,0.5721369299958698,0.09356168782964981,0.015644174073926743,0.003264751497026843,1.0,0.12739423966697117
393,0.87,-0.030000000000000027,0.13639638011918995,0.016298860322039196,0.013661125480293392,0.6795670321411607,0.632353646913832,0.09556002839217692,0.01542177938509466,0.003284535222559233,1.0,0.12825118878035702
394,0.87,-0.030000000000000027,0.13587957497001424,0.016204089803560164,0.013790608191762263,0.6798672996415182,0.6327046421862618,0.09561465703565314,0.015189888045017478,0.0032577322418646526,1.0,0.1132778775401444
395,0.87,-0.030000000000000027,0.1355882585621716,0.015977709736966578,0.013901605308054597,0.6800366735366351,0.6329026654792097,0.09915404249261081,0.015004587194949487,0.003264974634667484,1.0,0.13367222886865715
396,0.87,-0.030000000000000027,0.13543299943724726,0.015879021398950685,0.0139012763328195,0.6801269770217517,0.633008254027314,0.09428895842313909,0.01475114767293444,0.0033071632107314355,1.0,0.1378723203449157
397,0.87,-0.030000000000000027,0.13522978974681682,0.015831937982117274,0.013957842584122778,0.6802452062752317,0.6331465060163444,0.09538050903396726,0.014474969350594667,0.0033097224679451416,1.0,0.12884460376977214
398,0.87,-0.030000000000000027,0.13498089126871982,0.015752456541653206,0.013783109462667236,0.6803900737006479,0.6333159242893176,0.09596389093016458,0.01420446428325374,0.0032741934613534345,1.0,0.1277033826992291
399,0.87,-0.030000000000000027,0.13458369741256004,0.015333591998744697,0.01360550867959992,0.6806213819498952,0.6335864709712073,0.09376783615312975,0.013999211037946218,0.0032477592861675396,1.0,0.13131364498759845
400,0.87,-0.030000000000000027,0.13416212444008638,0.015487096631831163,0.01376434149004284,0.6808670596364059,0.6338738763523397,0.09019121935498985,0.013700453354514641,0.003278432002834187,1.0,0.10768299354417588
401,0.87,-0.030000000000000027,0.13369921284379163,0.015467049919551671,0.01354027380637451,0.6811370323790416,0.6341897646438747,0.08611437749256924,0.013399632625334749,0.003279958216823113,1.0,0.11145533437164357
402,0.87,-0.030000000000000027,0.13358202563783766,0.015525344270175207,0.01342084968577251,0.6812054106040706,0.6342697824861327,0.0830129398953602,0.01319797930298704,0.003287795575698683,1.0,0.12007273189508538
403,0.88,-0.020000000000000018,0.13338888063819979,0.015411854944138598,0.013371694162694993,0.7311314519165832,0.7011223202169276,0.08890099123696193,0.012994159764196872,0.003316050651364312,1.0,0.1329173379897335
404,0.89,-0.010000000000000009,0.13337305093567212,0.015411497110401219,0.01332598491797681,0.7888157317538501,0.7748732076578042,0.08368581273014304,0.012876734821021479,0.0033209300985791823,1.0,0.13293786482143632
405,0.9,0.0,0.13308089283955024,0.015746428292698993,0.013290699886089146,0.8566368597731323,0.8566368597731323,0.08967949902027483,0.012627437034725592,0.003320820673997549,1.0,0.10075928340320917
406,0.91,0.010000000000000009,0.1325175531930196,0.015578073391079082,0.012987829537854208,0.7894857147015455,0.7755877614858646,0.08858453855070414,0.01248767529561701,0.0033088486269803106,1.0,0.10931292793744074
407,0.92,0.020000000000000018,0.13235452734563918,0.015718491547390884,0.012825313221312374,0.7318274340577446,0.7019041720457591,0.11138449883521984,0.012452894472928256,0.0035383987353996256,1.0,0.11080649884297356
408,0.92,0.020000000000000018,0.13204774068521213,0.015773993189241435,0.012812854010567466,0.7320341155177965,0.7021364027952776,0.09150779441275886,0.012328625662273026,0.003705466688897738,1.0,0.11401310378148355
409,0.92,0.020000000000000018,0.13187710906781944,0.01568027700732666,0.012909107108583036,0.7321491201716976,0.7022656336901716,0.11011537401891183,0.012211959702779638,0.0038306820817556857,1.0,0.13206867488716978
410,0.92,0.020000000000000018,0.1314493247856905,0.015554112210890024,0.012906799900331356,0.7324376030501949,0.7025898329647449,0.10210062367282816,0.012120935658880701,0.00385182074778889,1.0,0.11487992281569226
411,0.92,0.020000000000000018,0.13125281657576995,0.015565924106526265,0.012883517868687902,0.7325701975840163,0.7027388584235018,0.10964724230912878,0.011985975749531736,0.0038766832014582972,1.0,0.12059036434814407
412,0.91,0.010000000000000009,0.13103410514905597,0.01570375790424513,0.012944357362752092,0.7906501786075193,0.7768299391983852,0.11035751943069827,0.011932272368865564,0.0038590888639121732,0.0,0.11035468000364168
413,0.91,0.010000000000000009,0.13082750816880942,0.015767071396735395,0.012847391934713567,0.7908126238429631,0.7770032506461051,0.10741643773859993,0.01180380233950304,0.0038866040624738374,1.0,0.11577869908253469
414,0.91,0.010000000000000009,0.1302820502632358,0.015985773750684405,0.012957257749069782,0.7912418331357075,0.7774611998311844,0.1046649366107439,0.011643675792054803,0.003914078287695637,1.0,0.09691620300453319
415,0.91,0.010000000000000009,0.12977530797730996,0.0158558487015132,0.012768018819669467,0.7916409956088735,0.777887128571518,0.10438957291250905,0.011473931925625878,0.003896776163504865,1.0,0.10877354542604789
416,0.91,0.010000000000000009,0.12962821096638458,0.015931747359309457,0.01256918893878301,0.7917569398132153,0.7780108544594719,0.10698327487460188,0.011346861013592833,0.0039014119585388325,1.0,0.11414607649394659
417,0.91,0.010000000000000009,0.12914171776651812,0.01592555213877277,0.012606939771102903,0.7921406435171419,0.7784203329482386,0.10186961860068526,0.01114699132678564,0.003911044699552557,1.0,0.1052631468754992
418,0.91,0.010000000000000009,0.1286108443951079,0.015803811400391252,0.012589435289476593,0.7925597750223841,0.7788676580543952,0.11120824635523624,0.011075514173627992,0.003956288808101797,1.0,0.10597072693989995
419,0.91,0.010000000000000009,0.12797104671616333,0.01595142572287135,0.012719537151646634,0.7930654934544148,0.7794074487230674,0.10787287973279705,0.010873965262630118,0.0039169439806435715,1.0,0.09263777244105742
420,0.91,0.010000000000000009,0.12750874304591162,0.015770264453140604,0.012866342891632942,0.7934313162590317,0.7797979554104355,0.10190536979131501,0.010762202489963629,0.0039615517441457995,1.0,0.11084004345435505
421,0.91,0.010000000000000009,0.12704323463634257,0.015685897454839382,0.012867954630758299,0.7938000161542044,0.7801915647218295,0.09756660806493064,0.01066854869682264,0.003977717089054957,1.0,0.1068510667679674
422,0.9,0.0,0.12648322530323564,0.015597550840316908,0.0126503701693379,0.862768924361571,0.862768924361571,0.08867216691853722,0.010588268657969035,0.004034908299259639,0.0,0.1012303889271553
423,0.9,0.0,0.12640304718987724,0.015599515693088015,0.01270428439345342,0.8628439842032865,0.8628439842032865,0.09083670748337022,0.010534207572811097,0.004031353759029552,1.0,0.12205197138057633
424,0.9,0.0,0.12640009440204522,0.015595917942823499,0.01277659380214348,0.8628467487455067,0.8628467487455067,0.07663985950506066,0.010725413910582775,0.004157210767149737,1.0,0.14525857819919996
425,0.9,0.0,0.12596487816631716,0.015209990951281678,0.012532580586048763,0.863254412973468,0.863254412973468,0.0832102853403916,0.010772800829573258,0.0041617824701312145,1.0,0.11808020876790337
426,0.9,0.0,0.12602933248786585,0.015156892992002539,0.012143191291923499,0.8631940147296886,0.8631940147296886,0.0854033332522077,0.010696655131779517,0.004132756721378995,1.0,0.11671158667090653
427,0.9,0.0,0.12572912091512925,0.014971665418540793,0.012151756093671801,0.8634754061581817,0.8634754061581817,0.08860597842472429,0.010660932080258654,0.004115432742086756,1.0,0.12016315945777345
428,0.9,0.0,0.12527406088795462,0.014833234429389195,0.012179477557104645,0.8639022886343974,0.8639022886343974,0.08642192084590752,0.010572903242054638,0.00412753275160246,1.0,0.1072819714277573
429,0.9,0.0,0.12481237969369488,0.015002707748831227,0.012019934578320362,0.8643358138466075,0.8643358138466075,0.08454715233640554,0.010527129791210697,0.00414461040835019,1.0,0.09648309156908064
430,0.9,0.0,0.12427330606485495,0.014350816552252241,0.011775321918241202,0.8648425626036522,0.8648425626036522,0.08061692506433432,0.010542609278537299,0.004132305695163091,1.0,0.11533748286938361
431,0.9,0.0,0.12417485574491041,0.0143711962310401,0.011648458944715367,0.8649351736491914,0.8649351736491914,0.08486137571562362,0.010566292750499709,0.004131553219519176,1.0,0.11632876911078038
432,0.9,0.0,0.12391937516247233,0.014319489101932868,0.011582148265571829,0.8651755937404486,0.8651755937404486,0.08027053851849959,0.010602094670225002,0.004115787225350654,1.0,0.11417646348188115
433,0.89,-0.010000000000000009,0.12352060090838374,0.014185668340302793,0.011523636196313134,0.7966012192719041,0.7831830475059168,0.036792310377362386,0.012271683661453677,0.00450698804332494,0.0,0.10856415918093854
434,0.9,0.0,0.12309682218727139,0.013719478167994155,0.011592818688050566,0.8659505662186808,0.8659505662186808,0.049461307466262046,0.01322468733410663,0.004578077329613665,1.0,0.11746871163611905
435,0.9,0.0,0.1224488455602525,0.013595198373199937,0.01159233811631129,0.8665620390190256,0.8665620390190256,0.05701397597647552,0.013822234049923953,0.004636527697215037,1.0,0.09299343527228787
436,0.9,0.0,0.12224443333113762,0.013584654403802719,0.011772026379945698,0.8667551148841519,0.8667551148841519,0.07748855841316049,0.013951219625347311,0.00482312283450746,1.0,0.11282702209666962
437,0.9,0.0,0.12196722376953849,0.013597985540525203,0.011771812065431127,0.8670170883575533,0.8670170883575533,0.0815470551855785,0.014035038542119063,0.004850494566152019,1.0,0.1075917375728237
438,0.9,0.0,0.12162402582310863,0.01355719705733714,0.011618703371993644,0.8673416428147765,0.8673416428147765,0.0808166642410814,0.014132458078827901,0.004817715618681181,1.0,0.10624940075053546
439,0.89,-0.010000000000000009,0.12258143539884248,0.016710061023409398,0.012614902412399872,0.7973513861710101,0.7839844807789345,0.07351460583230868,0.014314769589024588,0.004884511265292492,0.0,0.21981005549430832
440,0.9,0.0,0.12240210960307145,0.01662886173008833,0.013481623863411086,0.8666061754918336,0.8666061754918336,0.07106658019519227,0.01453190820255382,0.004850858209488538,1.0,0.1210734680873784
441,0.9,0.0,0.12228466037007651,0.01664397642689693,0.01340366770717983,0.8667171119707514,0.8667171119707514,0.0632957465595037,0.0149300111135147,0.004872341481718785,1.0,0.11432996060816358
442,0.9,0.0,0.12256975935001962,0.017189407154584644,0.013933308239060983,0.866447871391947,0.866447871391947,0.08405494892669389,0.014989576312808511,0.0050167507520181755,1.0,0.16904594884808133
443,0.9,0.0,0.1222430571404079,0.01719866142094796,0.014459122412469744,0.866756415045191,0.866756415045191,0.08308783901536121,0.015051401241146343,0.004962775064391644,1.0,0.10558425430891227
444,0.89,-0.010000000000000009,0.12192747316467557,0.016980831331072064,0.01437798815963676,0.7978745793733901,0.7845435063278949,0.07882707604292408,0.015162513373859432,0.004982311033613587,0.0,0.11810216906855575
445,0.89,-0.010000000000000009,0.12166416967002296,0.017071309795510147,0.014502490671331645,0.7980854255224851,0.7847688108351065,0.07877892124614118,0.015272433842218195,0.004941296178795959,1.0,0.10278001138641524
446,0.89,-0.010000000000000009,0.12179907381248835,0.01720606962161489,0.014860483368783262,0.7979773841007987,0.7846533593965741,0.08377771592223825,0.015322894740248422,0.004975205536567241,1.0,0.14559718412256584
447,0.89,-0.010000000000000009,0.12175483814463613,0.017204161536249832,0.01506746791458256,0.7980128081396164,0.7846912126930415,0.08182705153733744,0.015392657918706401,0.00496593526659264,1.0,0.12030730740236106
448,0.89,-0.010000000000000009,0.12273221552531156,0.020143279052530744,0.016121615634991815,0.7972308539950745,0.7838557026290968,0.07682869488257614,0.015506981660176843,0.004952078516744747,1.0,0.22726701894120116
449,0.89,-0.010000000000000009,0.12328187767877362,0.020982786997877503,0.016577992780554697,0.7967917677692614,0.7833866057009702,0.08154057039268486,0.015577045236843248,0.004967297228286174,1.0,0.1818964090015378
450,0.89,-0.010000000000000009,0.12387110545640619,0.021879794952981195,0.01635394709791777,0.7963216121888241,0.7828843655091342,0.07113281227023037,0.01577274848022445,0.005060364113079343,1.0,0.18566369888965473
451,0.89,-0.010000000000000009,0.12408537230361098,0.022262521639167383,0.015945938753591335,0.7961507823032581,0.782701890467156,0.061421446443138586,0.01613559910876685,0.005150898381982584,1.0,0.17411541831604893
452,0.89,-0.010000000000000009,0.1250710683028333,0.023362364797590882,0.01583902102700043,0.795365853431628,0.7818635415089782,0.03997137506924801,0.01704641577739031,0.005330102377449632,1.0,0.19931722685587738
453,0.89,-0.010000000000000009,0.12506552089088738,0.02335970789863173,0.01639651290478612,0.7953702666127617,0.7818682546393168,0.03309215437450482,0.01809307959494193,0.005333742413359805,1.0,0.1359795492113849
454,0.9,0.0,0.12569009509236753,0.024257901981203863,0.01693201808157723,0.8635119989427366,0.8635119989427366,0.0359548279986888,0.018993956018742316,0.005314811207350423,1.0,0.19084572881028183
455,0.9,0.0,0.12621846436939352,0.024839065006411108,0.01701351974171845,0.8630168335976393,0.8630168335976393,0.03722989686130479,0.01977975986439129,0.00531768890626365,1.0,0.17937406926828636
456,0.91,0.010000000000000009,0.12686431701183967,0.02575037654520573,0.017095217524567496,0.7939418167140058,0.7803429537416412,0.04614541643630586,0.020287674471562753,0.005395864941098649,1.0,0.19452540099831905
457,0.91,0.010000000000000009,0.12677749188004062,0.0257306735555253,0.01747412468295408,0.7940106479386033,0.780416440969433,0.04039139028761926,0.02089376450956812,0.005432928603236949,1.0,0.12832087480177146
458,0.91,0.010000000000000009,0.12687245490259572,0.02567981718886639,0.017420476597041084,0.7939353659564139,0.7803360666868364,0.06328525526763995,0.021024458901750875,0.005619570902960741,1.0,0.117806972720915
459,0.91,0.010000000000000009,0.12677281886163544,0.025709554057580214,0.017426393656837708,0.794014352844767,0.7804203965205656,0.08680950903678324,0.020996767880304277,0.005833813365737984,1.0,0.11417212895561901
460,0.91,0.010000000000000009,0.1263771577562675,0.026002949696362482,0.01768944471630755,0.7943281700275817,0.7807554556755683,0.09516559948354111,0.020953414014692962,0.005886790760690772,1.0,0.08761867736028095
461,0.91,0.010000000000000009,0.1263325745541177,0.02600622535799811,0.017970108582136476,0.7943635465851906,0.780793228269845,0.0899871036603623,0.020881710682738898,0.005902595507973525,1.0,0.1222150709742722
462,0.91,0.010000000000000009,0.12605026648741238,0.02608018402428669,0.018094785926255387,0.7945876298562826,0.7810324953332284,0.08756602694302965,0.020837781047594903,0.005920597999902469,1.0,0.10525325541564956
463,0.91,0.010000000000000009,0.12565964061989718,0.026189047103997977,0.018046272574404346,0.7948978994307272,0.7813638078806602,0.08567356429177174,0.02079141833740177,0.0059260486854199965,1.0,0.09904023382551053
464,0.91,0.010000000000000009,0.12548956511903042,0.02623441099371539,0.01811970178955513,0.7950330641480324,0.7815081466670593,0.08689001858486423,0.02073050612403656,0.005849518953104529,1.0,0.11007942706696205
465,0.91,0.010000000000000009,0.12519607664668114,0.026336692303085104,0.01818289024868403,0.7952664174355015,0.7817573483778824,0.09225702612854614,0.02057675050517946,0.005843273673131886,1.0,0.10150783086023485
466,0.91,0.010000000000000009,0.12498543552321223,0.026393274011734413,0.01803354870372909,0.795433983082972,0.7819363022091987,0.08898996886476247,0.02033359939876717,0.005791586619845116,1.0,0.1074766269953038
467,0.9,0.0,0.12499217197947728,0.026388969180330454,0.017872183448485904,0.8641669346131345,0.8641669346131345,0.06783956421707993,0.020312449642705215,0.005962768574039377,0.0,0.10846077588309178
468,0.9,0.0,0.12496761737356826,0.026390328760201708,0.017919248778963826,0.8641899949097477,0.8641899949097477,0.04640448610782343,0.020558082973658433,0.006110063686696577,1.0,0.12229097882254791
469,0.91,0.010000000000000009,0.12494090951159519,0.026401169398203278,0.01791988850971393,0.795469412700436,0.7819741405472485,0.04838801961116143,0.020823485727845675,0.006053023691020862,1.0,0.11290491799400226
470,0.91,0.010000000000000009,0.12471031567492533,0.026501047414781195,0.01802672596697659,0.7956529481239317,0.7821701584866003,0.08767298062209355,0.020602688994759553,0.0064348174378236304,1.0,0.10183904800860932
471,0.91,0.010000000000000009,0.12439655462440136,0.02668783346586726,0.01806338332260057,0.7959028144832846,0.7824370311928414,0.09260446076499292,0.020403515569127513,0.006484379821962433,1.0,0.09303336490680958
472,0.91,0.010000000000000009,0.1242067576417814,0.026791170692298062,0.01812827969174366,0.7960540371649586,0.7825985533965185,0.09476096370150809,0.020206855518447517,0.006490714105084326,1.0,0.10025316680218155
473,0.91,0.010000000000000009,0.12401032435618724,0.026892909245616672,0.018051047626736674,0.7962106079147186,0.7827657935088485,0.0957207544753046,0.019986677096708923,0.0064720768170773305,1.0,0.10038459785496867
474,0.9,0.0,0.12402294046116441,0.026887684900492544,0.018088191296778838,0.8650781174731851,0.8650781174731851,0.0902546634420219,0.01978664658153966,0.006496867410298214,0.0,0.11351213142362404
475,0.91,0.010000000000000009,0.12407303988517471,0.02688797894799066,0.018188999460784585,0.7961606126606742,0.7827123907581207,0.09829586838948823,0.019566828647028064,0.0065570039169717325,1.0,0.12671077356141547
476,0.91,0.010000000000000009,0.12399659081897559,0.026914621357473852,0.01821326267863474,0.7962215567857771,0.7827774886930162,0.08588580361092905,0.019338424607771288,0.006655464635106759,1.0,0.11083729063925163
477,0.91,0.010000000000000009,0.12395090659361321,0.02695066168725836,0.018207576321787818,0.79625798006443,0.7828163949091993,0.08402390446669994,0.0190592685317802,0.006624523665345276,1.0,0.1004423503679277
478,0.91,0.010000000000000009,0.12380741032281124,0.02703086267017573,0.017914531987567015,0.7963724089476673,0.7829386262953881,0.08563559237976166,0.018849619739145656,0.006625735556316203,1.0,0.1016190354231401
479,0.91,0.010000000000000009,0.12341972439746714,0.026985518995843314,0.017718547428108196,0.7966817276203709,0.7832690515331434,0.08127919321598669,0.01861400173715733,0.0066557130540826565,1.0,0.10738814411199571
480,0.91,0.010000000000000009,0.12320610837981355,0.02708829838397714,0.01764687641930408,0.7968522657614023,0.7834512359561766,0.07951529587868868,0.018395858682858722,0.006644404603045467,1.0,0.0996235548057729
481,0.9,0.0,0.12313978408655753,0.02713811283550699,0.017580601880515506,0.8659100550849098,0.8659100550849098,0.07693847391857382,0.018221905277956592,0.006644856742952731,0.0,0.09949270806769417
482,0.91,0.010000000000000009,0.12323579626764646,0.027118399458410443,0.017517606954196876,0.796828560374602,0.7834259112921761,0.08137861826688156,0.018063242902398115,0.0066615683393407175,1.0,0.12241838158033835
483,0.91,0.010000000000000009,0.12283950105244433,0.027131155151639847,0.017673656503752157,0.7971451131682076,0.7837640980639394,0.07458951838384863,0.01795782321134569,0.006726520765533798,1.0,0.10234981316941782
484,0.91,0.010000000000000009,0.12247769861795377,0.027176311612379496,0.01761230988084645,0.7974343335166104,0.7840731047650584,0.0780530888617484,0.017836476300760153,0.006683095837034685,1.0,0.10117942823563064
485,0.91,0.010000000000000009,0.12211673839970484,0.027119695287695984,0.017267896457987278,0.7977230898213197,0.784381635052944,0.07240015703832056,0.0178154398824702,0.006736794729526681,1.0,0.10850735046124793
486,0.9,0.0,0.1221226911030994,0.027115602765767886,0.017102173074382214,0.8668701463747405,0.8668701463747405,0.07432014451065239,0.017777397036034707,0.006730109380130366,0.0,0.10377379153691968
487,0.9,0.0,0.12201343826651373,0.027128541355323076,0.01719562750623857,0.8669734029186169,0.8669734029186169,0.07849435320857148,0.01774060312247716,0.006729326708269378,1.0,0.11339341144012627
488,0.9,0.0,0.12193037755519853,0.027135196406644732,0.017176437775090446,0.8670519213413806,0.8670519213413806,0.0776305545425522,0.01772951349116615,0.006728998213769876,1.0,0.11564499281774432
489,0.91,0.010000000000000009,0.12178634480965017,0.027140278679985485,0.017144664692511715,0.7979875771973639,0.7846642514704635,0.08135024793634556,0.0177060039546016,0.006759072725226648,1.0,0.11369915415571197
490,0.91,0.010000000000000009,0.12151818503587986,0.02715871390580024,0.01690321234845831,0.7982023740027693,0.7848937832780983,0.0778232048105349,0.01769174492394963,0.006775345849790101,1.0,0.10637782517084382
491,0.91,0.010000000000000009,0.12103946321298731,0.02681807216872977,0.016631941966709543,0.7985861192765284,0.7853038800475262,0.08118055904992083,0.01767917279786652,0.006767497676895139,1.0,0.11654673130477433
492,0.91,0.010000000000000009,0.12086490886920381,0.026832945046230034,0.016690032642495047,0.7987261345311806,0.7854535185604025,0.08042369454082035,0.017645761329082674,0.0067549575147393135,1.0,0.10993880528862343
493,0.91,0.010000000000000009,0.12056896971425907,0.026912925878531464,0.01665274194312665,0.7989636283852053,0.7857073457974337,0.07443827600903549,0.01761377836433224,0.006814864483308089,1.0,0.09865727328588236
494,0.91,0.010000000000000009,0.12073140072632922,0.026917447500013507,0.016758492994972753,0.7988332585431872,0.7855680082882914,0.07261689628148989,0.017587557263198196,0.006797510890081705,1.0,0.12952097874715962
495,0.9,0.0,0.12037443154200324,0.026980090790068176,0.017034710942799437,0.8685254113675458,0.8685254113675458,0.0721993536087569,0.01752895355273198,0.006752586229508586,0.0,0.09797531043605945
496,0.9,0.0,0.12030129985532102,0.02694244745588925,0.017272651595986215,0.8685947907423187,0.8685947907423187,0.07279050880229393,0.017505356145698276,0.0067475317303440285,1.0,0.13055915167669396
497,0.9,0.0,0.12014282283054117,0.026938337400663266,0.017438520578959588,0.8687451745153489,0.8687451745153489,0.07069493138620486,0.01748204954763428,0.006762806432565156,1.0,0.11299690129178708
498,0.9,0.0,0.1199986789030973,0.026936060848530806,0.01740500367365337,0.8688820023958396,0.8688820023958396,0.07063483309080294,0.017450677286886172,0.006741231114568864,1.0,0.11328898995484127
499,0.9,0.0,0.11977279567969769,0.026934939239635042,0.017212407874297623,0.869096507595821,0.869096507595821,0.07058499967986,0.017433624881301287,0.006705607039950714,1.0,0.1087253226476379
500,0.9,0.0,0.11972627886628849,0.026959783522166145,0.01723181867850888,0.8691406944503813,0.8691406944503813,0.07555594147595494,0.017415404979041597,0.00671463835241207,1.0,0.10303131220325579
501,0.89,-0.010000000000000009,0.11974372575811745,0.026954989482907112,0.017247488515153748,0.7996266407964341,0.7864160255270836,0.07062710766504081,0.017434807226094983,0.006733096900025252,0.0,0.11320002355453962
502,0.89,-0.010000000000000009,0.11965457707206845,0.026968492698484458,0.01713837290070634,0.7996983299466355,0.7864926586395133,0.06980643545161377,0.017465084501467096,0.006681911252265914,1.0,0.11115786329018529
503,0.89,-0.010000000000000009,0.1195159947093321,0.02693556999572038,0.017217976048122564,0.7998097968437389,0.7866118150988648,0.0648195029055551,0.01751140135310687,0.006679605737510759,1.0,0.11905910171609446
504,0.89,-0.010000000000000009,0.11947738022949714,0.026919063703182734,0.016994124873411693,0.7998408614274003,0.7866450231924057,0.06394762197208809,0.017581011935663984,0.006627870329867681,1.0,0.12907641683794568
505,0.89,-0.010000000000000009,0.11952895976819869,0.026888072327504665,0.01714165553028392,0.7997993672519521,0.7866006658975315,0.059875591629506245,0.01766522392175163,0.006657941742726378,1.0,0.10591723727336388
506,0.89,-0.010000000000000009,0.11980601346821276,0.026924092764088317,0.01744072108341473,0.7995765595976897,0.7863624912429171,0.05608084539438962,0.017795616722382293,0.006465969883641541,1.0,0.1370182979388468
507,0.88,-0.020000000000000018,0.1196791071449811,0.02699602522716801,0.01780128498725845,0.7404651861946473,0.7116289055277986,0.04657212163099274,0.017794909807861223,0.006361242806277256,0.0,0.0981158665198083
508,0.88,-0.020000000000000018,0.11985528982916786,0.027015955807374745,0.017957445942558097,0.7403437281429904,0.7114918897139343,0.037282437425429873,0.018215593796709572,0.00626712265071574,1.0,0.1316313722001594
509,0.88,-0.020000000000000018,0.12030767254545655,0.02758935444839072,0.018245191621794457,0.740032043810029,0.7111403169712057,0.0345681760529869,0.018437089561966564,0.0062135823580527026,1.0,0.17730694651603685
510,0.88,-0.020000000000000018,0.12093194278245999,0.0281598532171347,0.018187510394193935,0.7396023624770037,0.710655730671552,0.035048276236196586,0.01874107288241271,0.006142203383779056,1.0,0.17730694651603685
511,0.88,-0.020000000000000018,0.12104284815411923,0.028180121851918576,0.0185449887846734,0.7395260791884692,0.7105697100704853,0.035523640456919775,0.01888725947444869,0.006139830526194751,1.0,0.1316809015140672
512,0.89,-0.010000000000000009,0.12136008426796055,0.02823652170812276,0.01859522485330788,0.7983290673991106,0.7850291728312103,0.04035095788723685,0.01889545222540026,0.006158883412439384,1.0,0.1420782913877734
513,0.89,-0.010000000000000009,0.12150773460458396,0.028245552445278495,0.0185212052832563,0.7982107471714869,0.7849027310609091,0.04086525931236492,0.018921908563268485,0.006136285435644151,1.0,0.1305437327448784
514,0.89,-0.010000000000000009,0.12214090723360221,0.028396473614606614,0.01870133044224585,0.7977037490168347,0.7843609691884047,0.03668285457621315,0.019048881141695482,0.006175750496633212,1.0,0.16023346590635867
515,0.89,-0.010000000000000009,0.1221640012895343,0.028386530269637996,0.019143532299005506,0.7976852691660457,0.7843412233436117,0.04161238356869781,0.019067495110744053,0.006199344709061412,1.0,0.11108295101925392
516,0.89,-0.010000000000000009,0.12252854484004003,0.02851500733342088,0.019452972207155163,0.7973936750075948,0.7840296635232548,0.0458228708542926,0.018956294924181553,0.006190221789987455,1.0,0.15060043154451752
517,0.89,-0.010000000000000009,0.12275085080292923,0.028466152103141292,0.019679225826505612,0.7972159596644054,0.7838397895660009,0.0387621974874066,0.019023063455941364,0.006167212149708011,1.0,0.12749374316442252
518,0.89,-0.010000000000000009,0.12293921386382771,0.02841677124870764,0.019571688004645354,0.7970654408652924,0.7836789785736086,0.038852497784033546,0.018893963759632072,0.006134433701972534,1.0,0.12480703302974572
519,0.89,-0.010000000000000009,0.1234776748928287,0.02834756930037334,0.019606784684424276,0.7966354760275526,0.7832196425199166,0.040479278485961265,0.018778502334525667,0.006090587952078045,1.0,0.1464838753411568
520,0.89,-0.010000000000000009,0.12345171645445568,0.02836031561539778,0.01995275134137088,0.7966561933766209,0.7832417741022422,0.040940966449793545,0.01874223708857561,0.006051425590840145,1.0,0.10824419961705534
521,0.89,-0.010000000000000009,0.12405353459192975,0.02863883167385313,0.020489801877305282,0.7961761611207996,0.782728998883202,0.04011178955129862,0.01876906867451265,0.005969958275204807,1.0,0.1670328805153729
522,0.9,0.0,0.12406125481887548,0.028632781571190445,0.02093635628579238,0.8650420613405384,0.8650420613405384,0.049141852153400264,0.01877587361954756,0.006039306982651965,1.0,0.10200241162172885
523,0.9,0.0,0.123950579627882,0.028661709421322616,0.020792673799336577,0.8651462216022041,0.8651462216022041,0.050780843663470396,0.01873365931202451,0.0059124599476192445,1.0,0.110984452281228
524,0.9,0.0,0.12355635392659062,0.028637025719247727,0.02057014930216354,0.8655174449793934,0.8655174449793934,0.05619671896350302,0.01875668643032438,0.005900797821000069,1.0,0.10583600807006222
525,0.9,0.0,0.12373231834612194,0.028656891193110587,0.02085774546937542,0.8653517083950726,0.8653517083950726,0.05745096958389081,0.01872876077260918,0.005891315020076549,1.0,0.1356766507210354
526,0.9,0.0,0.12358260824967957,0.028732185086951956,0.02116566972096629,0.8654927126450702,0.8654927126450702,0.05179026020442978,0.01871808036250092,0.005916143951459828,1.0,0.10174057702667216
527,0.9,0.0,0.12384666587648135,0.02882074796742598,0.021488368277342684,0.8652440412732346,0.8652440412732346,0.05205865171311298,0.018665655166164457,0.005896793789135247,1.0,0.1465689221379507
528,0.9,0.0,0.12399658571569531,0.028773145128851155,0.021624692387747956,0.8651029206307823,0.8651029206307823,0.055802996760278736,0.01860326166327893,0.0059156784006268,1.0,0.12227395534915209
529,0.9,0.0,0.12458356692816515,0.028804586782914816,0.02176664053084501,0.8645508335875716,0.8645508335875716,0.054149680001895975,0.018565015448466844,0.005892679304528937,1.0,0.15518121281606434
530,0.9,0.0,0.12443826373547,0.02888739135963547,0.02230586035887331,0.8646874333298731,0.8646874333298731,0.06693408584858614,0.01851345725607279,0.005978941478219854,1.0,0.10080716359986708
531,0.9,0.0,0.12436867080285668,0.028915213660655047,0.02237060790049638,0.8647528730360348,0.8647528730360348,0.06398466717554595,0.018425221829722293,0.005962361493128099,1.0,0.10936947584945056
532,0.9,0.0,0.12426894918334218,0.028967340982919795,0.022366091436032538,0.8648466606508782,0.8648466606508782,0.06386106662970556,0.018374965581311246,0.005524435961862474,1.0,0.1042043015304277
533,0.91,0.010000000000000009,0.1244797390447812,0.02892896173053116,0.02253310447986318,0.795836554555148,0.7823662600849333,0.06668753097934607,0.018133269657045672,0.005425016439243695,1.0,0.12964314532484145
534,0.91,0.010000000000000009,0.12441935348193389,0.028949828180540104,0.022469849061778534,0.7958846531262045,0.7824176332533249,0.06813244056482756,0.01805128895028478,0.005363321904650441,1.0,0.11143015535139034
535,0.9,0.0,0.1252284746143143,0.029189909665955062,0.022900574378289188,0.8639450754428575,0.8639450754428575,0.06612925686957608,0.0180244649446034,0.005176742119383438,0.0,0.17390554851032647
536,0.9,0.0,0.12518996220370807,0.029208780928701265,0.023503548953546092,0.8639812260989898,0.8639812260989898,0.0652965644839001,0.01799380931130371,0.005144158236689074,1.0,0.10897578103604677
537,0.9,0.0,0.12551270903941933,0.02919085005938601,0.023802016663501784,0.8636783650786178,0.8636783650786178,0.06500195291751186,0.017933446086812556,0.005139756424788982,1.0,0.1398664211439491
538,0.9,0.0,0.12549059848475078,0.029206265951636817,0.023016839099021927,0.8636991065322719,0.8636991065322719,0.06615592319185033,0.01787677125017956,0.005077654524441162,1.0,0.10403834528368239
539,0.91,0.010000000000000009,0.12481958867176551,0.027766933052880718,0.022511123356649905,0.7955659644459852,0.7820772579454582,0.06539651134228353,0.017863120654239454,0.005060597819516419,1.0,0.15270907419578195
540,0.91,0.010000000000000009,0.12464198814103028,0.02784700791960163,0.02294195317182881,0.7957073479903164,0.782228259670335,0.0626454489642095,0.017860820006287904,0.005009893059338495,1.0,0.10331341501385594
541,0.91,0.010000000000000009,0.12481836763119061,0.027836990722547514,0.022678705761429056,0.7955669363157206,0.7820782959146816,0.06259365100678081,0.017862147710297482,0.0048007273582297925,1.0,0.13196790962419813
542,0.91,0.010000000000000009,0.12418064305952496,0.027545427791446735,0.022307319129141332,0.7960748487221604,0.7826207828093,0.06334537352108212,0.017775156158626022,0.004798551727956749,1.0,0.10527349168151323
543,0.91,0.010000000000000009,0.12431989358082976,0.02748619942113986,0.022324671654376058,0.7959638880345723,0.7825022637218564,0.05912761301122475,0.017706063903009595,0.004798117359647862,1.0,0.11950930643939417
544,0.92,0.020000000000000018,0.124487318913418,0.02749880438104693,0.022324805373626997,0.7371647008834192,0.7079084322374161,0.0707487368629603,0.01766515472024294,0.004915016036970616,1.0,0.13484470232737777
545,0.92,0.020000000000000018,0.1244767676846008,0.027507332503153705,0.02222685225328892,0.7371719113172027,0.7079165539222606,0.06701867278940507,0.01761738261569525,0.00490220057633888,1.0,0.10172488850469641
546,0.92,0.020000000000000018,0.12419423396695257,0.027433949528809495,0.022129165860691375,0.7373650399418183,0.7081341002710457,0.06669411048130222,0.0175235807813098,0.00488577530283587,1.0,0.11734381235774438
547,0.92,0.020000000000000018,0.12423282845857264,0.02743116881912571,0.021117683362386157,0.7373386523407203,0.7081043752583313,0.06886605484447958,0.01745014138291447,0.004857225683728962,1.0,0.12416675656436738
548,0.92,0.020000000000000018,0.12299094371767687,0.025480214640752757,0.02087240661261929,0.7381886950043368,0.70906211340951,0.06894512587332628,0.017415985443073406,0.00481042967886773,1.0,0.10307854485162382
549,0.91,0.010000000000000009,0.1220206423082465,0.02506264598664277,0.02101831557125571,0.797799998785053,0.7844638139949696,0.0692659007436844,0.017344159329815242,0.004708540959149583,0.0,0.08486626805850128
550,0.91,0.010000000000000009,0.12125679322933935,0.02426256210036515,0.021148257413344917,0.7984118609689573,0.7851176513150385,0.07362320133741763,0.017354485542319678,0.0046544594921459626,1.0,0.10927879099893834
551,0.91,0.010000000000000009,0.12059421926730343,0.023708391839868857,0.020908044891593935,0.7989433598792229,0.7856856828354458,0.07818783801570618,0.017398138731992394,0.004483899545725739,1.0,0.10785802211245676
552,0.91,0.010000000000000009,0.11935355782766705,0.022784544844045723,0.020597633392358844,0.7999404903727101,0.7867515282198271,0.08193108854829428,0.017286286514042317,0.004452223079441346,1.0,0.07525108289223814
553,0.91,0.010000000000000009,0.11914399205710381,0.022726963496382483,0.0204451658132066,0.8001091659930427,0.7869318505692849,0.07868434966602914,0.01701718256037484,0.004456102526492671,1.0,0.11502297215506285
554,0.91,0.010000000000000009,0.11822231376380653,0.021643534780826944,0.02049439220848453,0.8008518530095184,0.7877258973631315,0.09222923754849435,0.016936659964293173,0.004580040092349733,1.0,0.09867789948055261
555,0.91,0.010000000000000009,0.11742466153860744,0.020829680464833075,0.020350751961391515,0.8014957138496273,0.7884143875200553,0.09643214728695004,0.016927303121289566,0.0045324379727886685,1.0,0.09960884674837711
556,0.91,0.010000000000000009,0.11652252731933027,0.01937358836870912,0.019729525760640798,0.8022251607472642,0.7891945126078025,0.08432066736547515,0.01687416558104218,0.004596654677564308,1.0,0.10431197907060352
557,0.9,0.0,0.1162795935885788,0.019376433007525014,0.019626198238046105,0.8724272879861827,0.8724272879861827,0.07704327738245051,0.016672207267426197,0.004438912505877479,0.0,0.10402750172662145
558,0.9,0.0,0.11606485328239818,0.019477048104905317,0.019667205468939727,0.8726328767722036,0.8726328767722036,0.09360442332348683,0.016855784968692042,0.004368578083371348,1.0,0.09633294210285692
559,0.9,0.0,0.11574266644860982,0.01976996853380764,0.019544236225815845,0.8729415148815192,0.8729415148815192,0.08771440227042404,0.01686588069919652,0.004343668291515842,1.0,0.08195344557678341
560,0.9,0.0,0.11560090440373381,0.020020365518481034,0.019280747125715973,0.8730773846695146,0.8730773846695146,0.09614406557360712,0.01688165025397209,0.00437650836707144,1.0,0.07344247287267924
561,0.9,0.0,0.11542021122284364,0.02004138514267038,0.019419549796968024,0.8732506287685872,0.8732506287685872,0.0942233325476484,0.01694081560889358,0.004371454390390897,1.0,0.10414575288525496
562,0.89,-0.010000000000000009,0.11526449612440814,0.0201797890841718,0.019502893087099512,0.8032445981053642,0.7902849825181385,0.08135296552906446,0.016882095065572266,0.004482342313293179,0.0,0.08968174557209885
563,0.89,-0.010000000000000009,0.115180270893634,0.020264727163586158,0.019400840278357534,0.80331294201653,0.7903580971564402,0.08011722698932783,0.01683437673063369,0.004482537103663323,1.0,0.09061771074809477
564,0.89,-0.010000000000000009,0.11505161442002572,0.020337413220585573,0.01938088545766374,0.8034173617695696,0.7904698079989405,0.07757407146316547,0.016757340261931746,0.004454013345910599,1.0,0.09721377970613632
565,0.88,-0.020000000000000018,0.11510232039692157,0.0203098846246236,0.01941518700017498,0.7436343875138053,0.7152068190733185,0.04077392320767653,0.016804082866803162,0.004792731436735905,0.0,0.10657842854981792
566,0.88,-0.020000000000000018,0.11553059376286727,0.020594126352575137,0.019846918173430234,0.7433366790813051,0.7148704903015132,0.03621385637757941,0.016957769930210188,0.004625152266861305,1.0,0.1503039635898762
567,0.89,-0.010000000000000009,0.11596092576559497,0.020889391567878994,0.019719239482789124,0.8026799309759602,0.7896809405379754,0.03799835762822022,0.017205589838363705,0.004426661591521753,1.0,0.15149397615586224
568,0.89,-0.010000000000000009,0.11620299940371513,0.02110053845291998,0.019674891732210865,0.8024838428748688,0.789471196351161,0.03524381576909617,0.017373909181249064,0.004434449554711511,1.0,0.14649834263456407
569,0.89,-0.010000000000000009,0.11603371582776513,0.021194017576012626,0.020073436300394414,0.8026209584089095,0.7896178600274688,0.03713147942210572,0.01752889383180675,0.004056699076348657,1.0,0.09597656039899971
570,0.89,-0.010000000000000009,0.11667382570816517,0.021715856234830928,0.02069028268976627,0.8021027313759707,0.7890635688371815,0.03359564006127456,0.017707733643043434,0.004042601694711603,1.0,0.16585003604861304
571,0.89,-0.010000000000000009,0.11721297543464881,0.02179138537108233,0.02080828164530229,0.8016667596723486,0.7885973056150589,0.02924327424404418,0.017883969487079328,0.0040647821278501405,1.0,0.146948337555175
572,0.88,-0.020000000000000018,0.117577669502572,0.021809662256507586,0.020910244603967836,0.741916968496289,0.713267254119033,0.039852739049276595,0.017821703691806808,0.00416225358271313,0.0,0.13672257359449858
573,0.88,-0.020000000000000018,0.1182078499496485,0.022210526891089256,0.021047138900932134,0.741481009842783,0.7127751537385913,0.04834756674419906,0.017627577294969245,0.004192846882325653,1.0,0.16340264256261983
574,0.89,-0.010000000000000009,0.11852890453867232,0.022371787359996585,0.02109346627566771,0.8006046496220467,0.7874615846375539,0.06789561481796538,0.017440728184012953,0.004309077620975148,1.0,0.14561759032600685
575,0.89,-0.010000000000000009,0.11876590905850948,0.02258176460463213,0.02098154862210167,0.8004136580211899,0.7872573839323603,0.07398068482791337,0.017131985856524926,0.0042451887849285705,1.0,0.15041122554513287
576,0.89,-0.010000000000000009,0.11860643635206197,0.022693228329184495,0.02143736948350883,0.8005421600859876,0.78739477235096,0.0721302346577136,0.017011045348817987,0.004245073138726253,1.0,0.09489001999449997
577,0.89,-0.010000000000000009,0.11856025034359502,0.022734811344039107,0.02143491538726157,0.8005793841754884,0.7874345713295147,0.07626807355103132,0.016936771946693817,0.004270589815294497,1.0,0.09582374952123351
578,0.89,-0.010000000000000009,0.11857740552521234,0.022722665410045292,0.021452508269835132,0.8005655573759671,0.7874197880559791,0.0683282699980608,0.01680117510469466,0.004306785819225764,1.0,0.10333455358487131
579,0.89,-0.010000000000000009,0.11858820484040461,0.022717601028959512,0.02142593183286673,0.8005568535471671,0.7874104821593666,0.07385898277546138,0.01673955353098567,0.004344834460034881,1.0,0.1084680756312224
580,0.89,-0.010000000000000009,0.11860225674404751,0.02270629793217665,0.021499754900776647,0.800545528541686,0.7873983737984241,0.07531331129209418,0.01670480026921624,0.004333496142423951,1.0,0.10102874517006222
581,0.9,0.0,0.1187073597740107,0.022641833867740897,0.02135883159149692,0.8701097057461336,0.8701097057461336,0.08051690695518351,0.016737215833685523,0.004341207771866189,1.0,0.11000301106401378
582,0.9,0.0,0.11851858681071127,0.02268875156687763,0.02122139075718074,0.8702894696855812,0.8702894696855812,0.07608591398928431,0.016689207386567644,0.00431738851007696,1.0,0.10354108525039551
583,0.9,0.0,0.11824043623848914,0.02305284280270716,0.021502561912427255,0.8705544811632207,0.8705544811632207,0.07326480598651813,0.01668095982569486,0.004310898990126115,1.0,0.07453475594720338
584,0.9,0.0,0.11827008149589029,0.023032781217780532,0.02172762530437598,0.8705262285851606,0.8705262285851606,0.07459349235196525,0.016654374992365842,0.004267219743075806,1.0,0.10414395397574472
585,0.9,0.0,0.11806343525901157,0.02321145057811933,0.02184447043849759,0.870723205133217,0.870723205133217,0.07512327158712663,0.01667112635241379,0.0042531772356296385,1.0,0.08784272677337723
586,0.91,0.010000000000000009,0.11806790140078886,0.02320874347065501,0.02191273366110431,0.8009764131309931,0.7878590838702589,0.08138014160445631,0.016731531776719002,0.004274214218653988,1.0,0.10422040571464941
587,0.91,0.010000000000000009,0.11794178278680129,0.023267993863914604,0.021924726330757476,0.8010781782301194,0.7879678993676136,0.07950480273565344,0.016740828802936092,0.004284431796459883,1.0,0.10078155004136757
588,0.91,0.010000000000000009,0.11804289862750643,0.023279760988137072,0.022157344393230822,0.8009965858118105,0.787880653945315,0.08751916673803908,0.01685221381679352,0.004327812307657785,1.0,0.12575657688826114
589,0.91,0.010000000000000009,0.11772085004277072,0.023558711318450276,0.02253048532475864,0.8012565111833599,0.7881585932307805,0.09965222609542171,0.017139783741497695,0.00441474176454235,1.0,0.08149429568213917
590,0.91,0.010000000000000009,0.1173433968984158,0.02403498318154283,0.02255768612084812,0.8015613683711862,0.788484598310491,0.08853767543616005,0.017259632688719363,0.004493097283935035,1.0,0.06863251073535004
591,0.91,0.010000000000000009,0.1169633742362425,0.024343032342937936,0.02259106014444354,0.8018685353231941,0.7888130952383703,0.07901491203424418,0.017239402288196794,0.004581641717195796,1.0,0.07854446508744717
592,0.91,0.010000000000000009,0.11687688903307532,0.024383165412653784,0.022706861032137652,0.8019384729793402,0.7888878925007179,0.08714542961162781,0.017316344853907092,0.004603309384323057,1.0,0.10129028497190506
593,0.91,0.010000000000000009,0.11684036750737309,0.024413144415100424,0.02245859293915751,0.8019680103646443,0.7889194826278789,0.08839588188331524,0.017455286643140996,0.004597542440324489,1.0,0.09500512071566125
594,0.91,0.010000000000000009,0.11620974364041972,0.02488732986355445,0.022428298599286203,0.8024783811793563,0.7894653544169777,0.07607248998808884,0.017475363651302568,0.0047178035435819984,1.0,0.06645859205182036
595,0.92,0.020000000000000018,0.1161420632476469,0.02494595954981313,0.022349155547430884,0.7429120372357804,0.7143908430327588,0.10792317432014494,0.01799243002668129,0.0050335563631629995,1.0,0.09120727115877858
596,0.92,0.020000000000000018,0.11566235909197144,0.02512469930201878,0.02225881498848872,0.7432451321419143,0.7147670768581132,0.11193288413468701,0.01858304434030483,0.005052891033854445,1.0,0.08258873610914663
597,0.92,0.020000000000000018,0.11517524242233432,0.02563860907311912,0.02244074845432725,0.7435836799111755,0.7151495300834072,0.1006041500969331,0.018910692263866467,0.005166715637312544,1.0,0.06428523432807753
598,0.92,0.020000000000000018,0.11475172546685795,0.026013329074819153,0.02246184333081134,0.7438782764019836,0.7154823816012523,0.10109332627634335,0.01923724129048414,0.005171153443054638,1.0,0.07093729440720553
599,0.92,0.020000000000000018,0.11438082572116044,0.02635873228392368,0.022411379120975967,0.7441364643940384,0.7157741346602782,0.10174290498318882,0.01956551963954473,0.005127503310839997,1.0,0.07163534807788619
600,0.92,0.020000000000000018,0.11425345471663192,0.026443904390191647,0.02249713823533188,0.7442251703042181,0.7158743807250701,0.10375116394520421,0.019903188244180157,0.005098002554790515,1.0,0.0902942117504042
601,0.93,0.030000000000000027,0.11380332745772881,0.02683816826707864,0.022699812516360406,0.6929462839728332,0.6480706849968517,0.10558990307500334,0.020282059727625677,0.005108286058996293,1.0,0.06818729766422504
602,0.93,0.030000000000000027,0.11337130252863725,0.027222251877225778,0.022622344727040073,0.6932072575391817,0.6483788429678894,0.10382124592199155,0.020616954099501324,0.005075778226743295,1.0,0.06795537038102828
603,0.93,0.030000000000000027,0.112946845501159,0.02746013032825064,0.022608614560023825,0.693463851067227,0.6486818883860377,0.10882588170618733,0.02103433928939728,0.005117523225235504,1.0,0.07661339896827046
604,0.93,0.030000000000000027,0.11243858571083526,0.027626748016817852,0.02239121919914221,0.693771355220829,0.6490451385449939,0.10818567271758431,0.021421024453182624,0.005082858363074102,1.0,0.07825043780557261
605,0.93,0.030000000000000027,0.11237136943250363,0.027650699309552603,0.022288634461456822,0.6938120424113406,0.6490932080682708,0.10699092156816414,0.02175851644730486,0.005056595786450905,1.0,0.099195609440202
606,0.93,0.030000000000000027,0.11199164702154235,0.027570235978425964,0.02189719124103707,0.6940419846991741,0.6493648992172703,0.09332972206681955,0.02186636017059246,0.005098539985824114,1.0,0.09904605684271917
607,0.94,0.039999999999999925,0.11169544790225533,0.02787514229098274,0.02186723767104981,0.6491556752557713,0.5877615641470524,0.09978120477125754,0.02197157618684021,0.0050698712837925495,1.0,0.0684959545911068
608,0.94,0.039999999999999925,0.1110654709126811,0.028128196535279242,0.02140725933100691,0.6494896940093187,0.5881701390402743,0.10032326126634672,0.021953757227526214,0.005047929820384936,1.0,0.06863367324273706
609,0.94,0.039999999999999925,0.1100629389317898,0.0275296024620404,0.021492310595493443,0.6500219536864608,0.588821508973514,0.10639002660454464,0.021966222950333018,0.005104360781546433,1.0,0.07705374842690382
610,0.94,0.039999999999999925,0.109020125640418,0.026931238710381823,0.021072129646463895,0.650576525781976,0.5895005832780814,0.10216741952910582,0.02189936295634674,0.0051422117194728535,1.0,0.07302561737885926
611,0.94,0.039999999999999925,0.10849019934355957,0.0270014055656433,0.02102430403611699,0.6508587053862601,0.5898462689520275,0.10491681234106942,0.02185955940926274,0.005121222581913728,1.0,0.0786882718282218
612,0.94,0.039999999999999925,0.10783134124243322,0.026977613593042266,0.020933003348341105,0.6512098812278452,0.5902766262259933,0.10479297947326904,0.021872160616087946,0.005117278455072034,1.0,0.07619248127513956
613,0.94,0.039999999999999925,0.10718378681509495,0.02720091841703099,0.020738199894832093,0.6515554015931202,0.5907002124476605,0.10517720696957558,0.021879012540360336,0.0050789130284069305,1.0,0.06578829001105158
614,0.93,0.030000000000000027,0.10642159831123205,0.026768161159905577,0.02042583434555847,0.697432549038291,0.6533765649835749,0.10865386617512429,0.021852640492867028,0.005064237576013638,0.0,0.08401461552006806
615,0.93,0.030000000000000027,0.10613994279961803,0.026865634431632687,0.020037750862093345,0.6976048767082348,0.6535807361628024,0.10655590710703189,0.02185055982576259,0.005042898907149978,1.0,0.08291739985785207
616,0.93,0.030000000000000027,0.10541222752825861,0.026636075954453105,0.019855748913297187,0.6980505154000666,0.6541088458583911,0.11049562863661272,0.021949695045137267,0.005011374141116592,1.0,0.0778289044085767
617,0.93,0.030000000000000027,0.10476858195789944,0.026871339475422237,0.019977092429917364,0.6984451462040265,0.6545766571577317,0.11138310382950262,0.021935925555409175,0.0050194264127960166,1.0,0.06312918612850238
618,0.92,0.020000000000000018,0.10421097944527823,0.027027819732935453,0.01981790812009627,0.7512863237635735,0.7238675802896241,0.1113338403608517,0.02189885230213792,0.00500349189528817,0.0,0.06904678176762502
619,0.91,0.010000000000000009,0.10352978786889873,0.026811365738031376,0.019525769334353658,0.8128800394412116,0.8006037574546028,0.10904998519299695,0.021831274582072815,0.00502189762462173,0.0,0.07836471770320808
620,0.9,0.0,0.10311984171044615,0.027048503696094062,0.01904421835488995,0.8852077690349875,0.8852077690349875,0.09693103993805596,0.021609424558946867,0.005135935688828255,0.0,0.06724958377179768
621,0.89,-0.010000000000000009,0.1021737880977085,0.026444242398903212,0.018439647310204768,0.8140083794640618,0.8018135338674792,0.09873890377499996,0.02137236103205951,0.005062984186149895,0.0,0.07242751924160884
622,0.89,-0.010000000000000009,0.1020978931253156,0.026455513866005222,0.0185709943251677,0.8140716249512127,0.8018813528069569,0.08458907443558403,0.02117708179913556,0.005189356285436217,1.0,0.09441291438243815
623,0.89,-0.010000000000000009,0.10191654541493557,0.02645613183774567,0.018534780071915676,0.8142227870761913,0.8020434496577147,0.088578764504779,0.02101093590444936,0.0051749503740136146,1.0,0.0928496812432229
624,0.89,-0.010000000000000009,0.1017553512461948,0.026480855258290654,0.018265006813292094,0.8143571973792773,0.8021875873786801,0.08674157349357395,0.020896876443147177,0.0051808386607895465,1.0,0.0897165911959843
625,0.89,-0.010000000000000009,0.10126631285901072,0.026300850859005142,0.017951953333483924,0.814765249302369,0.8026251963001674,0.08177190276882161,0.02078067333330456,0.005173858472358146,1.0,0.08677281200262965
626,0.88,-0.020000000000000018,0.10109101956616719,0.026355464924099792,0.01752501615317112,0.7535074184165781,0.7263873470609189,0.0825561996526354,0.020592235582127996,0.005179069637763505,0.0,0.08421124774231892
627,0.88,-0.020000000000000018,0.10049267666463071,0.0259929063315043,0.017305101177950765,0.7539348794712813,0.7268725915871226,0.08990137032640033,0.020422345799944903,0.005215441613789759,1.0,0.08673463198430253
628,0.88,-0.020000000000000018,0.10030323178228409,0.02590234589731488,0.017140329235155558,0.754070321547815,0.7270263628808601,0.08919210550025992,0.0202903878682876,0.005205905735686301,1.0,0.10332946711448909
629,0.88,-0.020000000000000018,0.09964575741518993,0.025329128944441916,0.016731456930020636,0.7545407552401624,0.7275605360342516,0.09310660614667092,0.020150202222999833,0.005116310733663278,1.0,0.08943377610664904
630,0.88,-0.020000000000000018,0.09943973696333189,0.025402523978180696,0.01673818769207117,0.7546882870565156,0.7277280814469357,0.08537806556367433,0.020104060035767143,0.005164584692349706,1.0,0.08020511841406264
631,0.88,-0.020000000000000018,0.09921769220219386,0.02541180070720526,0.01675631604563242,0.7548473585366662,0.7279087449969942,0.0998829437995275,0.020112463524530465,0.005309850123561956,1.0,0.0871649997356494
632,0.88,-0.020000000000000018,0.09906830324716388,0.02542595357893097,0.016520574252676525,0.7549544175906832,0.7280303436727268,0.09291235356817538,0.020063276092939338,0.0053517099809529825,1.0,0.08926540602742938
633,0.88,-0.020000000000000018,0.09868722034392134,0.025249816038199136,0.016359528383986695,0.7552276568651197,0.7283407192031491,0.08687602663414287,0.020010355937873203,0.005398087933968652,1.0,0.09153485500058722
634,0.88,-0.020000000000000018,0.0983537388287504,0.02529948469020619,0.0158643511921418,0.755466927912432,0.728612542664262,0.09157622892042405,0.019982243261597744,0.005425330545999254,1.0,0.07808200383429531
635,0.89,-0.010000000000000009,0.09749628447722639,0.02415133615694613,0.015310294041125152,0.8179247284805305,0.8060148469504052,0.09682165425427089,0.019966148561101776,0.005469903606081789,1.0,0.08816011335792662
636,0.89,-0.010000000000000009,0.09726118069786549,0.02415287554378242,0.015025486668903593,0.8181225695106351,0.8062271785232207,0.10076840573134452,0.01996932463802187,0.0055067939082099225,1.0,0.08546540309995865
637,0.89,-0.010000000000000009,0.09666550489787232,0.023827121350915453,0.014715774407237528,0.8186242624447408,0.8067656581597697,0.09964112529413516,0.019954007037535484,0.005506524313895487,1.0,0.08029884114463237
638,0.89,-0.010000000000000009,0.09635669987277087,0.02392945601888385,0.01429628217955063,0.8188845879441934,0.807045095252704,0.10081680263297484,0.019952888519289787,0.005510729015807334,1.0,0.07315784277353576
639,0.89,-0.010000000000000009,0.09560885002730193,0.023317403291245285,0.013845480035039796,0.819515718832427,0.8077226259069518,0.09680956575914966,0.01990910339229806,0.005523417647077549,1.0,0.0779240896488893
640,0.88,-0.020000000000000018,0.09525437089850204,0.023466550046840392,0.013657642589632556,0.7576979802757634,0.7311486017645278,0.09305765514710546,0.01981203983730766,0.005560792522376696,0.0,0.06786550213386389
641,0.87,-0.030000000000000027,0.09463389046557542,0.023307370231154853,0.013408753157864769,0.7047182634578016,0.6620319270018226,0.09576165141773005,0.019722598270844757,0.005580512459309253,0.0,0.0699198663315379
642,0.87,-0.030000000000000027,0.09444285958349127,0.023297667464246087,0.013429103889013014,0.7048375889423514,0.6621740839465673,0.09659066948464588,0.01964029864917766,0.005546282737663379,1.0,0.08617040347309501
643,0.87,-0.030000000000000027,0.0938140636055925,0.02346062661457545,0.01357259175704932,0.7052306454851661,0.6626424383063316,0.09623728255698515,0.019497892121573823,0.005432467213177775,1.0,0.05662970864951711
644,0.87,-0.030000000000000027,0.09330772417827472,0.023113453287485545,0.013516644657285692,0.705547473958989,0.6630200635770546,0.09640814126045932,0.019472510867864116,0.005396515643783017,1.0,0.08421075959559943
645,0.87,-0.030000000000000027,0.09315609542256206,0.023107472627750203,0.013382627783394677,0.7056424070292985,0.6631332312590311,0.09519182668356053,0.019404830525803596,0.005405523242457723,1.0,0.0865620129334368
646,0.87,-0.030000000000000027,0.09276626881032353,0.023024807788867636,0.013396546142919168,0.7058865904256494,0.6634243546309468,0.09343008368605335,0.019322159365402627,0.005401379794319642,1.0,0.07836115113388908
647,0.86,-0.040000000000000036,0.09228775994385664,0.022863924704747546,0.013204193309620858,0.6596060614213533,0.6006148414600064,0.09208258325831681,0.01925204202475312,0.005414192212490245,0.0,0.07631586991767825
648,0.86,-0.040000000000000036,0.09203323079322218,0.02288404767591622,0.013033460815452936,0.6597453525789421,0.6007871461325659,0.09587764427374763,0.01919405707520447,0.005449286011935425,1.0,0.07762562978817655
649,0.87,-0.030000000000000027,0.09196895615759841,0.02291309532821538,0.012795083560579311,0.706386545577966,0.6640205862407522,0.09219503120555772,0.019121420895956916,0.005442470986424887,1.0,0.07843880449612461
650,0.87,-0.030000000000000027,0.09166217470402829,0.022884637556616898,0.012782367118754256,0.7065791017083217,0.6642502834821375,0.09420035673453703,0.01908797655267658,0.005416619358654086,1.0,0.0786006456419257
651,0.87,-0.030000000000000027,0.09147808320206398,0.022827585916521436,0.01256258213950053,0.7066946999971595,0.6643881950777291,0.09277315393486782,0.019074888901735323,0.005393224937109451,1.0,0.08944887191602557
652,0.87,-0.030000000000000027,0.09148737139624114,0.02282116956908965,0.012294875880341418,0.7066888666689622,0.6643812354832058,0.09340974569081832,0.019076979281039543,0.005366859814621423,1.0,0.07617990230995297
653,0.86,-0.040000000000000036,0.09153040535921139,0.0228695164163815,0.012565597026479051,0.6600206969312615,0.6011278268369057,0.07969845294161162,0.019072622930985484,0.005368540671861237,0.0,0.11932636845208888
654,0.86,-0.040000000000000036,0.09139802436961553,0.022866074091184675,0.012898482083684082,0.6600932262328645,0.6012175835548996,0.07763271507124242,0.019090879152776657,0.0053469530772341,1.0,0.08543980052096645
655,0.86,-0.040000000000000036,0.09127601025665574,0.02285448596791212,0.0128708507969084,0.6601600898166324,0.6013003350827861,0.07729726435668174,0.019093727630961375,0.00522800328726527,1.0,0.08740743545240037
656,0.86,-0.040000000000000036,0.09122700360571474,0.02283172341376391,0.012989228586606588,0.6601869492141228,0.6013335784311201,0.09269979547150228,0.019099936631333844,0.005310075419909673,1.0,0.09941131397650316
657,0.87,-0.030000000000000027,0.09098909231548909,0.022821051781531237,0.013105192037603398,0.7070019403441679,0.6647547993656782,0.09612762091418553,0.019093470726797415,0.005177415616896005,1.0,0.08023637270405448
658,0.86,-0.040000000000000036,0.09065712698219296,0.022981783132132377,0.013132671506338105,0.6604994457998286,0.6017204206654406,0.09853193706497178,0.019115950285907627,0.00514220647646897,0.0,0.06313640877324489
659,0.85,-0.050000000000000044,0.09061003114622133,0.023004385538301645,0.013189201612421665,0.6195991912265951,0.5444880991427615,0.09089963998617574,0.019119139164524464,0.005134152272182234,0.0,0.07724386197962141
660,0.85,-0.050000000000000044,0.09065888576905888,0.022973041058356153,0.012890017704989732,0.6195756062277477,0.5444580708404522,0.08087245761289966,0.019109746536051245,0.005216035598922811,1.0,0.07832793515643566
661,0.84,-0.06000000000000005,0.09059395546950626,0.02294398791102703,0.012939116497519,0.5834556354835049,0.49268214699929186,0.08727076934643727,0.01909691557159267,0.005150661303114261,0.0,0.0976527229299895
662,0.84,-0.06000000000000005,0.09045814658622665,0.0229891347140624,0.013147357916810464,0.5835137804568661,0.49275769624811566,0.09193050006086108,0.019093603478563502,0.0051852470826565565,0.0,0.07610085724413862
663,0.84,-0.06000000000000005,0.09040442493823608,0.022994975240966383,0.0131731015506171,0.5835367839464761,0.4927875875089365,0.09492241698085142,0.019094791780073835,0.0051897800260285575,1.0,0.0852455459490371
664,0.84,-0.06000000000000005,0.09022540702736329,0.02301094494434523,0.013138444060581733,0.583613452109506,0.4928872210427546,0.09056384768488035,0.01907139911977634,0.00486208730926575,1.0,0.07931198861885691
665,0.85,-0.050000000000000044,0.0899184656712976,0.022995474264259505,0.012731395178112542,0.6199332432551691,0.5449135227287744,0.0906596102815522,0.018484199883031707,0.004816993327109939,1.0,0.07588429294324861
666,0.85,-0.050000000000000044,0.08926393924670631,0.022184591674108734,0.012809950891461152,0.6202497359863193,0.5453167741530345,0.08897561655368805,0.017734304563100718,0.004815978099607146,1.0,0.08485132113074711
667,0.84,-0.06000000000000005,0.08841978877704369,0.021392510126366473,0.012939009057318191,0.5843878737257597,0.4938944062361926,0.07591804235551955,0.017040162203447992,0.004920049133334866,0.0,0.06707892918960212
668,0.83,-0.07000000000000006,0.087722221797956,0.020610324988204014,0.012526291211869987,0.5523900462772082,0.4472472162974482,0.0710910257054368,0.01626547743547927,0.004949739567648738,0.0,0.07674164472579426
669,0.83,-0.07000000000000006,0.08793695291166712,0.020806135115135037,0.012231690720907414,0.5523076615078117,0.44713846965975057,0.07199515958181955,0.015498357610216909,0.0049231566839674406,1.0,0.11744967177011278
670,0.83,-0.07000000000000006,0.08712431620880096,0.019278035665540174,0.012372717059439523,0.5526195711528532,0.44755029351032444,0.06981508556379873,0.014579339086029418,0.004901214342561285,1.0,0.08458636576199585
671,0.83,-0.07000000000000006,0.0865183263919647,0.018316449049923918,0.012287234495286764,0.5528523941224425,0.447857888020058,0.06819347530340861,0.013424285696091385,0.004810427933017421,1.0,0.08634935587154913
672,0.84,-0.06000000000000005,0.08609522171413415,0.01762758467270997,0.012099180767728927,0.5853879014947602,0.4951971411336457,0.06940294672651716,0.012608011958652507,0.0047368384757263725,1.0,0.09441210581144444
673,0.83,-0.07000000000000006,0.08537844296881338,0.015835735358948524,0.011946678601509646,0.5532908724981167,0.4484376288559956,0.07046132704923333,0.01204401679402018,0.004550074155008693,0.0,0.0917247680305402
674,0.82,-0.08000000000000007,0.0849908522870884,0.014796846863324768,0.012051124247003013,0.5244167956015212,0.40594182394397194,0.07594000083879768,0.01191593742504357,0.004543948940661384,0.0,0.10685852215350966
675,0.81,-0.08999999999999997,0.08443790358070961,0.013299170293130685,0.011608911738877969,0.4984585587958741,0.36754224791954127,0.0787620036659097,0.011856868403458468,0.0045537626038625175,0.0,0.09511635490725623
676,0.8,-0.09999999999999998,0.08447584591480678,0.013334301943582785,0.01163551950625398,0.4747813824091818,0.3325516342898734,0.07657549476667298,0.011793906690391258,0.004534052199881902,0.0,0.09868425340421494
677,0.79,-0.10999999999999999,0.08450397256832097,0.013361148348233001,0.01156013601603099,0.453254109495114,0.30089554130703317,0.07371564296386382,0.011828741401771894,0.004482739555940878,0.0,0.09863641487265329
678,0.78,-0.12,0.08453188393896797,0.013403305012291571,0.011583931508258946,0.4335943684273455,0.2722529065910913,0.0712105227282717,0.011776619132865774,0.00445217801511453,0.0,0.106125690649572
679,0.77,-0.13,0.08436752093654572,0.013208127840322187,0.01165114953653585,0.41561095902170525,0.24639065110809272,0.07429595116768938,0.011770290208394048,0.004468653771910336,0.0,0.09203177538899832
680,0.76,-0.14,0.08416234270285311,0.013106689611723316,0.01167687264455852,0.39906804832247816,0.2229954992748745,0.07301372876377203,0.011803372843609794,0.004429043941009609,0.0,0.08051092180080222
681,0.75,-0.15000000000000002,0.08387116653921525,0.012850311727284642,0.011615383221182819,0.38380759773711076,0.20184150614498758,0.06974981839616685,0.011947729371441855,0.004417255227895528,0.0,0.08088539470022593
682,0.74,-0.16000000000000003,0.08373507527499449,0.012712602631517444,0.011413769431535352,0.36964463601678754,0.18266202573313067,0.062065039896943175,0.012201514980104498,0.0044663832127082295,0.0,0.08993195882831873
683,0.73,-0.17000000000000004,0.08426806680148856,0.013413679508080322,0.011497534600623747,0.3563828384372991,0.16517926973807856,0.057604667489516106,0.012522621696500758,0.0044980164050514625,0.0,0.12783390859661137
684,0.73,-0.17000000000000004,0.0844860707138471,0.01390316097695851,0.011351962238832296,0.3563480223097429,0.1651383348703269,0.05930404351470263,0.012808470668709875,0.004509830514041615,1.0,0.12594434521159759
685,0.73,-0.17000000000000004,0.08536327426190221,0.016594153993759037,0.011687730495660761,0.35620799799988373,0.16497382612553843,0.05678417050016698,0.013154670399999235,0.004472083069568948,1.0,0.17556308157888778
686,0.73,-0.17000000000000004,0.0854766645598226,0.01676052674834165,0.012259092014841745,0.3561899060151485,0.16495258508781124,0.05966713182580713,0.013476495150850485,0.004482261074183466,1.0,0.11555943550668846
687,0.73,-0.17000000000000004,0.08570819663604919,0.01712628108596959,0.01209141823009878,0.3561529696303585,0.1649092299154593,0.060554404488336044,0.013755224981949492,0.0044102702525687515,1.0,0.1239347576640284
688,0.73,-0.17000000000000004,0.08571130623351425,0.017133579013420015,0.011665867702468644,0.35615247360743196,0.16490864778780806,0.05956098215173998,0.014082271218281305,0.004297748666500201,1.0,0.126067536634767
689,0.73,-0.17000000000000004,0.08618298221694896,0.017652386516069665,0.011562156313014636,0.356077250893386,0.1648203959397981,0.05366465107077538,0.014494044402698547,0.004245039377830533,1.0,0.12866189402560924
690,0.73,-0.17000000000000004,0.08681202501736433,0.018130100492954125,0.011491074923107377,0.3559769808087499,0.1647028472163576,0.06431360196508887,0.014704363497749446,0.004256415009066873,1.0,0.13153679077688785
691,0.73,-0.17000000000000004,0.08727043333091551,0.018491197567671213,0.011333556483207064,0.3559039456050161,0.1646172903829872,0.054592288157938124,0.015066211308767426,0.0042724836578524,1.0,0.12438529644256091
692,0.73,-0.17000000000000004,0.0875695466929802,0.01895175055080185,0.011338921740576458,0.35585630598102075,0.164561512093287,0.05663988353451138,0.015400446975614795,0.004280535608406802,1.0,0.13120162117837464
693,0.73,-0.17000000000000004,0.08757480006694862,0.01895388363469892,0.011410887744637353,0.3558554693929434,0.164560532788375,0.0581055163689337,0.015693250664433507,0.004170861274459286,1.0,0.09553045811250516
694,0.72,-0.18000000000000005,0.08814900635729708,0.019173970882950146,0.011447252228144461,0.3435420604807519,0.14880373701050756,0.06796316440093327,0.015776068747980234,0.003948709392640533,0.0,0.12387922108666705
695,0.72,-0.18000000000000005,0.08845159065810046,0.019456518031334618,0.011384575306911329,0.34349715756971494,0.14875278275766973,0.0590239834447982,0.015909669509942007,0.003998502030434402,1.0,0.12146570123911515
696,0.72,-0.18000000000000005,0.08887391315866616,0.01978032700109982,0.01123358321747228,0.343434505368054,0.14868172327936052,0.05997760969097157,0.015953453640795364,0.003893702961832578,1.0,0.12482098616571835
697,0.72,-0.18000000000000005,0.089468144216229,0.019924772707530257,0.011177629540727136,0.3433463889570884,0.14858185356361694,0.05693584109856427,0.01617229250040777,0.003919486723580023,1.0,0.12370834008435949
698,0.72,-0.18000000000000005,0.09000795113139087,0.02014542540541828,0.0111827971383873,0.34326638209407245,0.14849124689161958,0.06616444811822124,0.016232607968023696,0.0040061435752245834,1.0,0.1249179859233962
699,0.71,-0.19000000000000006,0.09034652736096767,0.02011829674417663,0.011190536039552074,0.33182736602421997,0.13430906546969495,0.06292809840915657,0.016321376740507564,0.004018548532265485,0.0,0.10549297103556543
700,0.71,-0.19000000000000006,0.09076514914041024,0.0205438856647645,0.011236561338268392,0.33176941042479857,0.13424560375875513,0.05777172522779375,0.01645807192993989,0.004052059987331786,1.0,0.13215638969466004
701,0.71,-0.19000000000000006,0.091197112992326,0.02051873024800694,0.011444043960042755,0.33170962891672595,0.13418018227154704,0.05911259640287739,0.016537531000481605,0.004047738916847662,1.0,0.11138368285580147
702,0.7,-0.20000000000000007,0.09145406421439022,0.02038653162698928,0.011535712259851939,0.3210264628258648,0.12137606474949039,0.06334890324412432,0.016565698546339495,0.004039978018434038,0.0,0.09365049258744995
703,0.7,-0.20000000000000007,0.09199858603214761,0.020707545405878203,0.01189710669742017,0.32095590803067703,0.12130156946825768,0.06216771035097072,0.01653199431222412,0.004045442502318387,1.0,0.13106558074400687
704,0.7,-0.20000000000000007,0.09201970604584166,0.020694585620923814,0.012197692252313097,0.32095317209247193,0.12129868191034758,0.05878276833012954,0.016542057086954512,0.004067565642433751,1.0,0.08036243917497754
705,0.7,-0.20000000000000007,0.09210258954782738,0.02073970828732793,0.012470136372174865,0.32094243561169544,0.12128735128990215,0.06242217710351643,0.016505499981895672,0.0039663354330604405,1.0,0.10748395963877533
706,0.69,-0.21000000000000008,0.0924328104302471,0.021107268722533046,0.012409874586258737,0.31092218437755686,0.10970450574301634,0.0628558229310977,0.01659541328695293,0.0039055492019810798,0.0,0.132068145084691
707,0.68,-0.21999999999999997,0.09316300575958492,0.02152544933188075,0.012503911190183657,0.3014629625004196,0.09918315023274439,0.059236705735204134,0.016671268217607168,0.0039366306232013265,0.0,0.1415154875248883
708,0.67,-0.22999999999999998,0.09341268431513315,0.021383817971671763,0.01290283930678123,0.2926140359164261,0.08971940943841047,0.054367737716391085,0.016804235806784484,0.0039245316603792576,0.0,0.09360152879756178
709,0.67,-0.22999999999999998,0.09389396673138725,0.02155116651872168,0.013181145672505562,0.29256222295229833,0.08967084258108367,0.05986343364949592,0.016765407947588733,0.003937391143790025,1.0,0.12518199005231523
710,0.67,-0.22999999999999998,0.09448680477696553,0.021783110735354,0.013195941404172283,0.2924984255656951,0.08961109072077586,0.05755717014609836,0.0168028311341825,0.003932915090168146,1.0,0.13230942193668316
711,0.67,-0.22999999999999998,0.09491283426630406,0.02188632547762673,0.013282026359945237,0.29245259621362685,0.08956820056490691,0.06050625223170315,0.016752900354914543,0.00396145296105506,1.0,0.12129122076207843
712,0.67,-0.22999999999999998,0.09545578097996009,0.022087717331034085,0.01326982171968842,0.2923942105123485,0.08951359933458762,0.061008017666022415,0.016687005928339556,0.003962640212954178,1.0,0.1304871526407414
713,0.66,-0.24,0.09568210425738005,0.021897702383632655,0.013510631915432612,0.28406468400258,0.08097467768072175,0.061002924238414725,0.01660352484245627,0.0039275738919648745,0.0,0.08842061775304977
714,0.67,-0.22999999999999998,0.09609497239157189,0.022062426217387517,0.013872082375270843,0.29232550502085985,0.0894494045485721,0.061034579385278766,0.016449116202286975,0.003906702135184789,1.0,0.12530142893925067
715,0.67,-0.22999999999999998,0.09639313707996137,0.022083790275675353,0.013947628484292793,0.292293466897618,0.08941949098135199,0.06136674470067904,0.016312841986893846,0.0038702621734253905,1.0,0.11273386869680224
716,0.67,-0.22999999999999998,0.09668979274501656,0.02203161086118305,0.013852069691390127,0.2922615978892001,0.08938974865697084,0.06184424661488393,0.016084046593896662,0.0038661210291962484,1.0,0.10749447091409192
717,0.67,-0.22999999999999998,0.09727468224049085,0.021908921951223702,0.013934959278488283,0.29219878496334817,0.08933116629309842,0.062398280971692144,0.01581294104952539,0.0038712197250362216,1.0,0.12161813567593216
718,0.68,-0.21999999999999997,0.09781977546178322,0.02187790488224712,0.013860414150057435,0.3009316968962123,0.09866594508231163,0.06357249882104916,0.015511875244849163,0.0038600112672736177,1.0,0.12355610389686134
719,0.69,-0.21000000000000008,0.09826488003148032,0.021930283662804854,0.013755018142911303,0.3102147894371965,0.10898841025862685,0.06271316043921994,0.015247595189151185,0.0037462778645149133,1.0,0.1228751746729182
720,0.7,-0.20000000000000007,0.09891063133844968,0.02195822136773454,0.013793115156305304,0.32006298824145,0.12036382827491036,0.06305017478431486,0.015174494887832268,0.00373142079894068,1.0,0.13182471446873545
721,0.71,-0.19000000000000006,0.09924639510454587,0.021806887445918428,0.013831856807584872,0.3305995788553804,0.13297266746520017,0.054928392229525655,0.015159665617626415,0.0036705314374798044,1.0,0.10600389585122894
722,0.7,-0.20000000000000007,0.09956785125896243,0.021969590521678344,0.014023689139237877,0.31997834509404266,0.12027541904752209,0.047395954430022015,0.015401188508229198,0.0037063167680889833,0.0,0.12655852982409177
723,0.69,-0.21000000000000008,0.09975508197890319,0.021991309442123283,0.014143413245698002,0.3100345529288454,0.108806931641338,0.06439212510074632,0.015387408030232233,0.0038594377747507938,0.0,0.11157275323730076
724,0.69,-0.21000000000000008,0.09980983298318828,0.021973056811696232,0.014279143371147038,0.3100279349091223,0.10880027550664027,0.061990369185786036,0.01540344779853122,0.00383349924131855,1.0,0.09519169162449193
725,0.69,-0.21000000000000008,0.10022510669538885,0.022114704040551936,0.014587698192741841,0.3099777479562395,0.10874981676416283,0.060891120401972365,0.015454928267048397,0.0038366805736417815,1.0,0.12830018322268844
726,0.7,-0.20000000000000007,0.10070164238723525,0.02227732758625433,0.01459821586407805,0.3198324296767632,0.12012320635978566,0.06066663784604824,0.015501741699619489,0.003764754431037329,1.0,0.13186481692695673
727,0.69,-0.21000000000000008,0.101099797523483,0.02237971121942613,0.014484274815468875,0.30987209233747903,0.10864368849975414,0.058479225277420166,0.015511160136229713,0.0037796852163149825,0.0,0.1265501456090785
728,0.69,-0.21000000000000008,0.1012439409494189,0.022439946837923358,0.014432867188127049,0.3098546878829154,0.10862621912107291,0.06513145357463679,0.01546791324288817,0.003807339030969585,1.0,0.11774380970807918
729,0.69,-0.21000000000000008,0.1020225201359043,0.023348946152469935,0.014840132110900014,0.3097607129038239,0.10853195671087668,0.05768412837214988,0.015437767021006677,0.003804498471570497,1.0,0.167291694755189
730,0.69,-0.21000000000000008,0.1024904113287337,0.023375847382783862,0.015176875300158607,0.3097042655699085,0.10847538788444853,0.05847414837156453,0.01546984387431822,0.0036659645499903105,1.0,0.12699423769700147
731,0.69,-0.21000000000000008,0.1032077438563718,0.023987193207177043,0.015477921850771528,0.3096177650685416,0.10838877559862375,0.040919481648572065,0.01558142647816382,0.0037728744135422333,1.0,0.15889825249946066
732,0.69,-0.21000000000000008,0.10340255970203596,0.023952253118392462,0.015961576526856952,0.3095942812821581,0.10836527698785703,0.014748551817889723,0.01649868802959766,0.00397625424078112,1.0,0.10874699059384585
733,0.69,-0.21000000000000008,0.10409354198409156,0.024588165384797737,0.01634979108691766,0.3095110165681061,0.108282013071962,0.010128210899083022,0.017552473944028018,0.0039754475603015794,1.0,0.16063308320614778
734,0.69,-0.21000000000000008,0.1047399530923426,0.02474502914427218,0.016428900774019872,0.309433163304738,0.10820423577460817,0.01000346169427524,0.01847170926822116,0.003923723558998155,1.0,0.14272311465939724
735,0.69,-0.21000000000000008,0.10522119479753224,0.024885465857852198,0.01646672017325762,0.3093752283472366,0.10814640446090772,0.01000009346574543,0.019246720405754484,0.0038838914049724596,1.0,0.1362842838768923
736,0.69,-0.21000000000000008,0.10672465511637473,0.027993949583725204,0.017419857437419122,0.3091943718443779,0.1079661296527025,0.010000002523575125,0.019894799491115212,0.0038725056524973175,1.0,0.2358114349842071
737,0.69,-0.21000000000000008,0.10733458383558903,0.02807587538734824,0.0183024708065812,0.30912106166177616,0.10789316642984244,0.010000000068136528,0.02049995384459451,0.003860630148624579,1.0,0.14129171306606447
738,0.69,-0.21000000000000008,0.10896111975769576,0.03064297107289726,0.01920907156458917,0.30892573056902595,0.10769907202635913,0.010000000001839685,0.021031100803740946,0.0038201530091545965,1.0,0.2358114349842071
739,0.69,-0.21000000000000008,0.11023010487945342,0.031931843322867644,0.019420488187261154,0.3087735091774008,0.10754812839208183,0.01000055004879729,0.021571486497298523,0.0037822604781941253,1.0,0.2048226018246555
740,0.7,-0.20000000000000007,0.11190956420795686,0.03400854515281335,0.019712755550512443,0.31839713266690717,0.11863900268756666,0.010000014851317525,0.022114741935010496,0.0037549527905866025,1.0,0.2358114349842071
741,0.71,-0.19000000000000006,0.11307510167520896,0.03454257217337899,0.020046970548349828,0.32870975428535404,0.13094812089811142,0.010000000400985573,0.022578760614997126,0.003746579016681714,1.0,0.18647361305674848
742,0.71,-0.19000000000000006,0.11408292213835698,0.03520672646037006,0.019753416426204085,0.32857287034214155,0.1308029817250279,0.010000000010826609,0.022989764231836414,0.003743009455696848,1.0,0.18695244978789738
743,0.71,-0.19000000000000006,0.11580075130081208,0.0365276161684044,0.019893609599547977,0.32833981435569676,0.13055633229640826,0.010000000000292317,0.02336655694284148,0.0037412836103136167,1.0,0.22841262489502479
744,0.71,-0.19000000000000006,0.11731675805469813,0.038288573134691965,0.019944595021278728,0.3281344138508769,0.13033943234248047,0.010000000000007891,0.023703541520440418,0.0037289976044892295,1.0,0.2358114349842071
745,0.71,-0.19000000000000006,0.11880925227520585,0.03993417877988673,0.01986175803340451,0.3279324498925951,0.13012659926696826,0.010000000000000212,0.02402229815739736,0.0037112022206761035,1.0,0.2358114349842071
746,0.71,-0.19000000000000006,0.11980784242633238,0.0401581564649542,0.020422828614429293,0.3277974596750123,0.12998458572142174,0.010000000000000005,0.024331710739075738,0.003697591105244423,1.0,0.17822016624654236
747,0.72,-0.18000000000000005,0.12140279807699766,0.0415425861649531,0.020991328703996632,0.33867651857858033,0.1434052127452354,0.01,0.024627207196053824,0.0036592571555936065,1.0,0.2358114349842071
748,0.72,-0.18000000000000005,0.12298465612895797,0.04283705344362261,0.020983114818057768,0.33844850000119236,0.14315815206058863,0.01,0.024838154013169647,0.0036220590437937086,1.0,0.2358114349842071
749,0.72,-0.18000000000000005,0.12384550722534865,0.04279817582212778,0.02170155602718114,0.3383245406845843,0.14302405837515697,0.01187467871641352,0.0250361827720673,0.0036207393790203164,1.0,0.16452391413519174
750,0.72,-0.18000000000000005,0.12541761511877145,0.04397846115162727,0.02231205395218029,0.3380983972400122,0.1427798202903911,0.010050616325343164,0.02521153179813886,0.003624748061761742,1.0,0.2358114349842071
751,0.71,-0.19000000000000006,0.12615839952865457,0.043990251982689126,0.02290816660343076,0.32694158020666336,0.12908865113959817,0.010001366640784264,0.02537968462781139,0.0036188153135658678,0.0,0.16352731290433808
752,0.71,-0.19000000000000006,0.12731522547511798,0.04418139660055442,0.02275855769342893,0.32678615306299774,0.12892677465692928,0.010000036899301174,0.02551048856065826,0.0034803308387403764,1.0,0.19186249695629287
753,0.72,-0.18000000000000005,0.12848007614043916,0.04547213415836165,0.022860197795416728,0.3376587374826183,0.14230643251190966,0.01000000099628113,0.0257844305340169,0.0034594651623025066,1.0,0.2358114349842071
754,0.72,-0.18000000000000005,0.12949627915186912,0.04563413039606391,0.023332760405404718,0.33751309967077986,0.14215004318364877,0.010000000026899589,0.02605648720724213,0.0034560767810380704,1.0,0.1870601016639616
755,0.72,-0.18000000000000005,0.1309803191471872,0.04664317633110144,0.023703946817486967,0.3373006390506409,0.14192227226858392,0.010000000000726287,0.026311441387924447,0.003300495658930522,1.0,0.2358114349842071
756,0.72,-0.18000000000000005,0.13234432035726423,0.04768285862398362,0.023510260542007687,0.3371055993921915,0.1417135677496598,0.010000000000019608,0.02635755711053963,0.0032658711595166174,1.0,0.2358114349842071
757,0.72,-0.18000000000000005,0.13390007098006573,0.04848852134846365,0.02333753363361567,0.33688341649554054,0.1414762719058581,0.01000000000000053,0.026321929737796606,0.003241585137791697,1.0,0.2358114349842071
758,0.73,-0.17000000000000004,0.13562682124217537,0.04900958414774966,0.02319503410627854,0.3483643950370287,0.15606540994928234,0.010000000000000012,0.026215260397394614,0.0031644912279048735,1.0,0.2358114349842071
759,0.74,-0.16000000000000003,0.13669488963829565,0.04888927889420168,0.02370691956300323,0.3607633009219151,0.1722812693375831,0.01,0.026209210275728048,0.0030632065574677414,1.0,0.18405070159164794
760,0.74,-0.16000000000000003,0.13826972463657336,0.04951621317691246,0.024034555377336616,0.3605057313091248,0.17199061682101982,0.01,0.02631873298161312,0.0029985771460178667,1.0,0.2358114349842071
761,0.75,-0.15000000000000002,0.13909056503292214,0.04951645516890623,0.024383270596866805,0.37384389920511985,0.18991202954896808,0.01,0.026322221527170828,0.0029515091590034846,1.0,0.17973676256486748
762,0.76,-0.14,0.13982552232344292,0.04911991349982302,0.0245953462288239,0.38822324828553634,0.2097202756732541,0.01,0.026228457371553902,0.002921287775973279,1.0,0.14959658629621642
763,0.76,-0.14,0.14133118121379462,0.04972767951170547,0.025406268363751285,0.38793808369987137,0.2093831079671988,0.01,0.026055074480113495,0.002877261823488723,1.0,0.2358114349842071
764,0.76,-0.14,0.14289617567744814,0.05021149552613984,0.025371645175108776,0.38764212491940764,0.2090338001700602,0.01,0.02593155034287098,0.002876294524532442,1.0,0.2358114349842071
765,0.76,-0.14,0.14399533404739917,0.04993483455951092,0.025786233830243668,0.38743453101155156,0.20878916321780985,0.01,0.02578058190326178,0.002859284486877248,1.0,0.18580012993835426
766,0.76,-0.14,0.14550493518593377,0.0504036767325737,0.02611187941715992,0.38714978044328197,0.20845410680030899,0.01,0.025633253977814758,0.0027273897980068596,1.0,0.2358114349842071
767,0.77,-0.13,0.14602072457770204,0.049859461040687884,0.027197645589701173,0.4026367441395994,0.23025116931136447,0.01,0.02565918116098427,0.0026786320540666294,1.0,0.11865786836643055
768,0.78,-0.12,0.14699450613885381,0.04944610476626297,0.027346674937481198,0.4193130829752746,0.2542038975589353,0.01,0.025725454821471285,0.002669499388648622,1.0,0.17411980084097156
769,0.77,-0.13,0.1472317493662979,0.0493606199655577,0.027347508274030024,0.4023900046485605,0.22995529574870321,0.01,0.025766863983983018,0.002647478438971644,0.0,0.14117399451452028
770,0.77,-0.13,0.1482341565229009,0.049095372819964504,0.02777064056492115,0.4021859984647335,0.2297109655378461,0.01,0.025817899920171306,0.0026310985373515414,1.0,0.18482708142229531
771,0.77,-0.13,0.14972877731402748,0.049462331652807855,0.028204192116658696,0.4018822026530062,0.22934762415860377,0.01,0.02587242158467349,0.002618881654289839,1.0,0.2358114349842071
772,0.77,-0.13,0.15060102667199776,0.04924777624859291,0.02872426338529336,0.4017051217030249,0.22913611152582056,0.01,0.02590061766161002,0.0026081909439593727,1.0,0.18163704160847072
773,0.78,-0.12,0.15198676146506573,0.04952045573312506,0.029062924512625696,0.41821216008853923,0.2528640834060109,0.01,0.025902956875691045,0.002552850804670844,1.0,0.23029824733734117
774,0.78,-0.12,0.1525510313972869,0.049324113514848826,0.02962121304510514,0.4180880873407445,0.2527135333311015,0.01,0.025819550872946143,0.0025243457256091065,0.0,0.16328551537562241
775,0.79,-0.10999999999999999,0.15395769294863626,0.04967068398003669,0.030317466541767864,0.43599402780464147,0.27887773339294036,0.01,0.02567652455412094,0.002502259777131968,1.0,0.23578251004219042
776,0.79,-0.10999999999999999,0.15483392704381604,0.04946031475068991,0.030816729254782304,0.4357846658931684,0.27862051853249625,0.01446733659067954,0.02550297905893535,0.0025184969972114665,0.0,0.1863076629221989
777,0.8,-0.09999999999999998,0.15538703266619844,0.04913698273670615,0.031067955618766026,0.45549643501944337,0.30774412648064225,0.018345548044424585,0.025323294050757724,0.002532366605475638,1.0,0.1539469771108921
778,0.81,-0.08999999999999997,0.1557800567211357,0.04889799188671739,0.03101164214105915,0.47712174713193095,0.3399692967310474,0.019823746874700846,0.02515497210995278,0.0025161319629590576,1.0,0.145428096143299
779,0.82,-0.08000000000000007,0.15672451429387985,0.04856857550938691,0.031309910655522945,0.5007288576109319,0.3753514017911588,0.017896199371619476,0.02494366033894446,0.0025226503983041488,1.0,0.18647753266341005
780,0.83,-0.07000000000000006,0.15762893907714937,0.047979454331371366,0.03146293752053539,0.526807613721254,0.41443369822453574,0.016616441865147054,0.024746898098382427,0.0025026084502118985,1.0,0.17095340012775395
781,0.84,-0.06000000000000005,0.15919340266983903,0.04800218914367474,0.032042046507538884,0.5554958205458206,0.4572692716897619,0.032594769891936784,0.024513180079628532,0.002586381677763071,1.0,0.2373317539691926
782,0.85,-0.050000000000000044,0.1600844182888407,0.04753294731623013,0.0322480695729168,0.5877809538344928,0.5048893380439148,0.016440556004256264,0.024438850352621343,0.0027045012886747215,1.0,0.17903352072848555
783,0.86,-0.040000000000000036,0.16073804598174468,0.047534378243640256,0.03237204526759876,0.624166726708333,0.5576074842819863,0.03026365239464883,0.024337575448125086,0.0028269631105454903,1.0,0.19319667788701333
784,0.86,-0.040000000000000036,0.16134540242672887,0.04747390927098146,0.03193667104345437,0.6238693116709982,0.5572534316519202,0.04361359955546132,0.024229194984580274,0.0029363577988917216,1.0,0.18667998971001742
785,0.86,-0.040000000000000036,0.16154189290485685,0.047572908056054734,0.03141675683748943,0.6237731533540031,0.5571389856449256,0.03707841062559401,0.02412794637498653,0.0029732489868132084,1.0,0.19521212939168697
786,0.86,-0.040000000000000036,0.1625587850242185,0.04766587954139983,0.03155474871520484,0.6232759809741877,0.5565474465398466,0.047445566130483605,0.024030456383436094,0.0030690053791602853,1.0,0.21724864744285233
787,0.86,-0.040000000000000036,0.1636440379898374,0.048008353626433915,0.031686856066844495,0.6227462595454744,0.5559175251209955,0.02098571447988673,0.023920204308679464,0.003326242038897667,1.0,0.23246005422591698
788,0.86,-0.040000000000000036,0.16435293672875376,0.04797163071915956,0.03201926299925538,0.6224007258032517,0.5555068231366032,0.016661903872983976,0.023840549814564318,0.0033103579937051233,1.0,0.19695741052639693
789,0.86,-0.040000000000000036,0.16543963532818956,0.04837992364995168,0.032398045289068686,0.6218717874069793,0.5548784187999966,0.017644502844764477,0.023804687702436857,0.0032127180752956983,1.0,0.2373317539691926
790,0.86,-0.040000000000000036,0.16581251894111287,0.04826073516571943,0.033017793850337866,0.6216904975845586,0.5546631191836308,0.01739805195404629,0.023646737065662813,0.003117012389271127,1.0,0.16882515206921633
791,0.86,-0.040000000000000036,0.16674437875390866,0.04835139852673427,0.03344132719293491,0.6212379046184314,0.5541258015671434,0.0171341396499915,0.023592547311392566,0.0030989953885386177,1.0,0.21757127772213658
792,0.86,-0.040000000000000036,0.16742824161657707,0.048327468055800175,0.03326266261930906,0.6209061797807377,0.5537321427701145,0.017700253234457085,0.0235081241364279,0.0030899093355087515,1.0,0.1995879074452257
793,0.86,-0.040000000000000036,0.168846254575144,0.04827738088999921,0.03335756245314548,0.6202194646514042,0.5529176575129168,0.015869815265640453,0.023412179660898265,0.003008826405577612,1.0,0.23733175396919248
794,0.87,-0.030000000000000027,0.16957796787222038,0.04814462154273917,0.03374006430493676,0.6608281767663217,0.6106050632997719,0.019775989274621097,0.02315007447196113,0.0029579879515659498,1.0,0.19705055079430356
795,0.87,-0.030000000000000027,0.17073662839952114,0.0483665167504861,0.03411305337815176,0.6601924940719264,0.6098726282112946,0.02030570268850469,0.023000856806907343,0.002953706003765043,1.0,0.23733175396919248
796,0.87,-0.030000000000000027,0.1711376382638771,0.04814991977009756,0.03483322646185398,0.6599727704761444,0.6096195431765,0.015541910020431284,0.022857373825813737,0.0029711001863475285,1.0,0.1649219726013138
797,0.86,-0.040000000000000036,0.17155407427964264,0.04791743643503277,0.034825350938829346,0.6189123330486271,0.5513689644427204,0.06034389314572938,0.022899811841116745,0.003330427217717642,0.0,0.1653519416609106
798,0.86,-0.040000000000000036,0.17273454329659882,0.04820718828817552,0.035413107818327086,0.6183442143634253,0.5506965266999388,0.05232471490535616,0.022722982705277762,0.0033787386170237885,1.0,0.24296488761901835
799,0.87,-0.030000000000000027,0.17323023210083288,0.04776605745953379,0.036031689813286166,0.6588285534275075,0.6083022675842342,0.05392117755776853,0.02260997049826618,0.003342779924812168,1.0,0.15506185145897422
800,0.87,-0.030000000000000027,0.1732240713125486,0.04777139413181882,0.03605945581080017,0.6588319162842693,0.6083061374090436,0.0581116356398686,0.022614179619398753,0.003371563630943647,1.0,0.13154031086622975
801,0.87,-0.030000000000000027,0.17379443366637418,0.04736844146164935,0.03625285396336362,0.6585207303378023,0.6079480797826582,0.05413667826872054,0.022555338811182407,0.0033689237373062844,1.0,0.16841991823836278
802,0.88,-0.020000000000000018,0.1742658250438357,0.046799676218844545,0.03615401759718384,0.7046482018663534,0.6715598396617466,0.06482508142919943,0.02257770180829855,0.003464956164248964,1.0,0.14078963033360392
803,0.88,-0.020000000000000018,0.17442322915063133,0.046680431999765445,0.03570263597618317,0.7045499309002213,0.6714508214826823,0.060408168790767644,0.022553226275944374,0.003475380109881193,1.0,0.14680599142356743
804,0.88,-0.020000000000000018,0.17515552575541168,0.04576452240349919,0.03549722777179577,0.7040931016238022,0.670944097446995,0.054189855231996965,0.02249895179707958,0.0035014296531678977,1.0,0.1535920996530119
805,0.88,-0.020000000000000018,0.17533916589286858,0.04552884498558743,0.035529146365963785,0.7039786341182851,0.670817144718947,0.05541388546531074,0.02240809608998807,0.003509413334033883,1.0,0.12584797338446307
806,0.89,-0.010000000000000009,0.17528016230837593,0.045588668298839785,0.03543694910142608,0.7573328048720094,0.7414126737307356,0.06295221429527992,0.022409521147713243,0.003549001330337676,1.0,0.1261677866354276
807,0.9,0.0,0.1753309481043931,0.04555384161626759,0.0351592957859094,0.8193448483891845,0.8193448483891845,0.07281189975854624,0.022627637939949492,0.0035994126176553862,1.0,0.14659406712660306
808,0.91,0.010000000000000009,0.17575452835957106,0.044985299292702376,0.03494772054910627,0.7569908128142944,0.7410504508568837,0.06959672712415307,0.02284195897118651,0.0035763770287795113,1.0,0.13595955431535967
809,0.91,0.010000000000000009,0.17580981226030729,0.044926473628996016,0.03492874824915731,0.7569509762310237,0.7410082594513756,0.07027395360333244,0.023000712250447714,0.003559922109342963,1.0,0.13071038012593905
810,0.91,0.010000000000000009,0.17584632839001202,0.04489257299700564,0.034870490204779635,0.7569246656648354,0.740980393813013,0.0699263301193996,0.023180233461902334,0.003533644749730115,1.0,0.1359610349071545
811,0.9,0.0,0.1760982648277996,0.044655772261080716,0.034883903313416204,0.818697571747103,0.818697571747103,0.07010442334631789,0.023324568328625225,0.003530375333493742,0.0,0.14648486454083698
812,0.9,0.0,0.1763664599303213,0.044461146803741775,0.03456829991406652,0.8184715745837164,0.8184715745837164,0.0727762497160068,0.02350773630951239,0.003557312029878401,1.0,0.1573066628929114
813,0.91,0.010000000000000009,0.17683348568025514,0.04377488802235928,0.034419841923766265,0.7562140924656399,0.7402278825511326,0.06917193340391138,0.023627465704482528,0.003593399516395889,1.0,0.13512319274643614
814,0.91,0.010000000000000009,0.17691936392244678,0.043682032789774526,0.03430536090705496,0.7561523388693174,0.7401624897187847,0.06443106526287118,0.023673607333684805,0.00363793186817003,1.0,0.13388925315840738
815,0.9,0.0,0.17712757069998852,0.043424462397989964,0.034255818572961165,0.8178308962704697,0.8178308962704697,0.058712817813904694,0.02364058875125328,0.0036908686917534804,0.0,0.13355454645098208
816,0.9,0.0,0.17726110371013487,0.04323022756277211,0.03424150655033914,0.8177185959311095,0.8177185959311095,0.0723959042240317,0.023802826876150394,0.0038234853791607407,1.0,0.12084777192872254
817,0.9,0.0,0.17766243271872167,0.04289680329671742,0.034635095402712514,0.81738126656649,0.81738126656649,0.07096228914251002,0.02393177943536729,0.0038261055532230106,1.0,0.1617510365346153
818,0.9,0.0,0.17785042267583343,0.042700017826476214,0.03482413588455731,0.8172233509289323,0.8172233509289323,0.07432820416501254,0.024102456782024276,0.003851424509189407,1.0,0.14235509960803805
819,0.9,0.0,0.1780508787671015,0.0424879907447645,0.03473945047441456,0.8170550306759077,0.8170550306759077,0.06055203043678186,0.02407486838339216,0.003987173593867546,1.0,0.14292078379972395
820,0.9,0.0,0.17796233655830526,0.042593326043649335,0.03468015220767825,0.817129369814167,0.817129369814167,0.07109471978272508,0.024195398789516223,0.004011627197818597,1.0,0.12297049358911216
821,0.9,0.0,0.17859680365930672,0.04198491632298051,0.03494202572676306,0.8165969763229404,0.8165969763229404,0.07593326736375461,0.02449199798443219,0.003984416185510778,1.0,0.16945060595137162
822,0.91,0.010000000000000009,0.17873194060812483,0.041838696789582464,0.035087405571800165,0.7548512944165959,0.7387849757662861,0.06537766701806463,0.024675849938497776,0.00391935991960134,1.0,0.1400722247059074
823,0.92,0.020000000000000018,0.17879160732743007,0.04174703179759313,0.03514954433872219,0.7018335468580671,0.6684393387492684,0.07289822315655137,0.02480396269496205,0.003971064972364233,1.0,0.11753942516781923
824,0.91,0.010000000000000009,0.17944369437769583,0.040937542105433794,0.03524805423655106,0.754341630018328,0.7382454612847371,0.06259337057473202,0.0248114644769285,0.004064050869313786,0.0,0.16040039665107464
825,0.91,0.010000000000000009,0.1795489453449765,0.04081927540318441,0.03542997830721826,0.7542663215299887,0.7381657471639551,0.05946833404745576,0.024794969993287043,0.004093349394276939,1.0,0.13882527995075344
826,0.91,0.010000000000000009,0.17991969186556198,0.04055198688492155,0.03568047848617655,0.7540011671164083,0.7378850912497196,0.057870852766880136,0.024763530910283642,0.004087390492377419,1.0,0.16893946898550283
827,0.92,0.020000000000000018,0.18031796492180263,0.040220092702836434,0.035617404565483235,0.7008893448611258,0.6673934531744986,0.06160012156673369,0.024799591482829467,0.00405786564896971,1.0,0.16637745123314274
828,0.92,0.020000000000000018,0.18082606899977396,0.039744512775934326,0.035138908416240414,0.7005755959805139,0.6670460175424247,0.053588194614492254,0.024668935459994167,0.0040635686969470305,1.0,0.1685542175052137
829,0.92,0.020000000000000018,0.18082266022115387,0.039745688036879244,0.03474805936122875,0.7005776999292473,0.6670483472201301,0.06268621165510826,0.024727373695658403,0.004147487858979368,1.0,0.1669508168931807
830,0.92,0.020000000000000018,0.18100563509692996,0.03953904045860401,0.03464457528866417,0.7004647829848633,0.6669233188371664,0.04725649235387364,0.024629346606651187,0.004126023743608075,1.0,0.1452917252746151
831,0.92,0.020000000000000018,0.1812578679261759,0.03947761167652309,0.03453021719011688,0.7003091854252866,0.6667510426879206,0.040787171509126634,0.024628830331243173,0.003927017592234992,1.0,0.18412153542404797
832,0.91,0.010000000000000009,0.1816084481153503,0.03898471251571217,0.034413352880020495,0.7527957393759113,0.7366093945019008,0.04605307475344819,0.024616140935736594,0.003933538423805848,0.0,0.14380500951128816
833,0.91,0.010000000000000009,0.18166976956886277,0.0389564834392143,0.03446436551132715,0.7527520408712028,0.7365631548906447,0.04835968319946234,0.02457724175328287,0.003955577406040256,1.0,0.1667652285573984
834,0.91,0.010000000000000009,0.18170439559757756,0.03892337553696871,0.03460720066530721,0.7527273681316113,0.7365370476025391,0.04488953844895249,0.024510925716380236,0.003990595350706721,1.0,0.14618571753086806
835,0.91,0.010000000000000009,0.1818290146539484,0.038797502513408966,0.03362773926001226,0.7526385843404825,0.7364431028029765,0.04559109227602728,0.02444303631848838,0.003997680834392624,1.0,0.14874618951398322
836,0.91,0.010000000000000009,0.1808845896388819,0.038621023126139076,0.03274751233191416,0.7533119544925329,0.7371556610583563,0.05686403974495356,0.024453678690657846,0.0041115489658419945,1.0,0.14136893347755308
837,0.9,0.0,0.18095294864265216,0.03855687993728467,0.031861037160675724,0.8146259471188132,0.8146259471188132,0.05013353545620147,0.02440036272081601,0.004179533856977907,0.0,0.148127613443091
838,0.9,0.0,0.18032489604715632,0.038167728740950896,0.03179931724988765,0.8151504127676568,0.8151504127676568,0.054486443703081394,0.024373151267506016,0.004223497071118537,1.0,0.17300617543462382
839,0.89,-0.010000000000000009,0.17993718657551175,0.038113791164376465,0.03155654641771469,0.753988659670871,0.7378718529894204,0.04732973949735248,0.02428909399084494,0.0042957816065553964,0.0,0.166051654660196
840,0.89,-0.010000000000000009,0.17991071372970205,0.0380758736805993,0.03173608857746809,0.7540075859918492,0.7378918851963815,0.05000658851109875,0.024214408918338322,0.004322820339519177,1.0,0.233164150403241
841,0.89,-0.010000000000000009,0.17972723802454948,0.0380880107314749,0.03238820242727219,0.7541387850144131,0.7380307525784995,0.0460586916500431,0.024111713651772098,0.004362698081649447,1.0,0.16812604254148622
842,0.89,-0.010000000000000009,0.17929637915666458,0.03824720598160402,0.0322144580276252,0.7544470613059773,0.738357062604571,0.04296839766510583,0.023991473602483833,0.004393913172299982,1.0,0.14386656299941047
843,0.89,-0.010000000000000009,0.17857147289287675,0.03799556338649147,0.032261494648106515,0.7549662954329549,0.7389067204008855,0.05195943296831754,0.023909991548330765,0.00448473171071339,1.0,0.1559219985162429
844,0.89,-0.010000000000000009,0.17815372122332498,0.03759143236009158,0.03264648726944783,0.7552658463445733,0.7392238510903525,0.05333351057068682,0.02383028744565205,0.004498611282454415,1.0,0.19403626802903262
845,0.89,-0.010000000000000009,0.17718563003478038,0.0373398284942593,0.03262065578623187,0.7559609354937076,0.7399598121935321,0.04339576601678891,0.02369335567862252,0.004598992540574594,1.0,0.13900231612974756
846,0.89,-0.010000000000000009,0.17698509658284195,0.03738755176010578,0.03223250665679027,0.7561050784352079,0.7401124447435605,0.049266829216926315,0.023574215349491157,0.004658296209262851,1.0,0.15816682105269464
847,0.88,-0.020000000000000018,0.17657490253923014,0.036962497961625505,0.03260245826861181,0.7032093352849628,0.6699641122585472,0.05040933251203878,0.02345395520032111,0.004669836646587219,0.0,0.1947920306230262
848,0.88,-0.020000000000000018,0.17576504469598875,0.03654053937271445,0.03228608310814661,0.7037133163629528,0.6705229141844646,0.0488889108869494,0.023318351945728705,0.004666258292129399,1.0,0.15482565066006537
849,0.88,-0.020000000000000018,0.17575070225954856,0.03654522996087019,0.03164948208776374,0.7037222482871065,0.6705328188664279,0.06790385463505656,0.023361936614542472,0.004839903558362095,1.0,0.1630896704911765
850,0.88,-0.020000000000000018,0.1752042863510129,0.036048245690737085,0.031101967457052595,0.7040627042914175,0.6709103839509761,0.051893984446747386,0.02322558199667642,0.005001121947288865,1.0,0.1811698441306424
851,0.89,-0.010000000000000009,0.17552788309778894,0.0360871933896023,0.030964411491389416,0.7571541731492073,0.7412234715602816,0.05056237730909072,0.023073265613366176,0.0050145590927047606,1.0,0.19588698758194245
852,0.89,-0.010000000000000009,0.17497598771579162,0.03625478993984721,0.031118604327727464,0.7575522608142307,0.7416451258861425,0.05114868734491822,0.022915624174261174,0.005020481053642209,1.0,0.1366729587565615
853,0.89,-0.010000000000000009,0.17443705594835635,0.0357434159096388,0.031083189844534193,0.7579414018719762,0.742057339077363,0.047180362344459895,0.0227334235559208,0.005060565134764197,1.0,0.1819182582406731
854,0.89,-0.010000000000000009,0.17441000190942346,0.035734874175379065,0.030615362634531733,0.7579609470492097,0.7420780440016923,0.05227866146480839,0.022564802614387758,0.0051120631054124305,1.0,0.1843546977706748
855,0.89,-0.010000000000000009,0.17435571787870444,0.035645570925640205,0.03108029530262901,0.7580001675613893,0.7421195919953811,0.05038836548669022,0.022378030689163164,0.0051311570041741635,1.0,0.23038303191230525
856,0.89,-0.010000000000000009,0.17402023169363215,0.03522093391020028,0.03136433788278379,0.7582426482701571,0.7423764701819375,0.0556401916084035,0.02221024537465656,0.005184205752878145,1.0,0.20226281647698197
857,0.89,-0.010000000000000009,0.1734626838914316,0.03467544061650621,0.03158864254654974,0.7586459726873542,0.7428037721539625,0.06220405887435875,0.02208288076366763,0.005250507442433244,1.0,0.18005665476415245
858,0.89,-0.010000000000000009,0.17290636482417182,0.03411237580993798,0.031067048002120668,0.7590488361325518,0.7432306229848505,0.06603040267703661,0.02198036009743613,0.00528915737983403,1.0,0.18017952825823313
859,0.89,-0.010000000000000009,0.17249739269476577,0.03422129891137504,0.0309182127113594,0.7593452699625937,0.7435447309132289,0.06928945835626643,0.02189987740802653,0.005322077134169684,1.0,0.14315348865104016
860,0.89,-0.010000000000000009,0.1715761383068382,0.03374111550777217,0.030357180742885365,0.7600138684973546,0.7442532668940627,0.07314748105284638,0.021851917812077654,0.005361047060397765,1.0,0.14368599619145073
861,0.88,-0.020000000000000018,0.17121810094329284,0.033842431111492634,0.030055229770665413,0.7065563841706366,0.6736776958841423,0.05981539312291882,0.021648252646216472,0.005495714615245518,0.0,0.14393302621032678
862,0.88,-0.020000000000000018,0.1715631797973206,0.03379610555488345,0.02959014488986417,0.7063398113768989,0.6734372310481085,0.060179409793982924,0.021433700746358964,0.0054993915513168725,1.0,0.1841044716989947
863,0.88,-0.020000000000000018,0.17128502902059897,0.033378058123785956,0.029831477067773757,0.7065143694756777,0.6736310442834731,0.0593733090676309,0.021199508896894093,0.005507533982896186,1.0,0.20799635731204358
864,0.88,-0.020000000000000018,0.1704281805764602,0.03280549952933723,0.02991085546874205,0.7070526414923662,0.6742287911912116,0.0644877837967511,0.020990984202245558,0.00555919534379639,1.0,0.15012659057032984
865,0.88,-0.020000000000000018,0.1701693648149392,0.03278529194702682,0.029504599490661955,0.7072153908245324,0.6744095525786503,0.06762000772364947,0.020796075167709205,0.005590833969320616,1.0,0.15991855378625275
866,0.88,-0.020000000000000018,0.16966594733207793,0.03215391303754392,0.028579322382521016,0.7075321660639292,0.6747614257801376,0.05257835015093866,0.020484801936210734,0.005742769904398503,1.0,0.18546968669807717
867,0.88,-0.020000000000000018,0.1703645264052638,0.03179498435282113,0.02804986941799984,0.7070926617600237,0.6742732393754,0.053689885070983774,0.020163103777257024,0.005753997529853504,1.0,0.18851577568502176
868,0.88,-0.020000000000000018,0.17015851999532444,0.03183669634618423,0.028070584665591102,0.7072222119332288,0.6744171289032981,0.053872883724874046,0.019827146788704304,0.005755846001104921,1.0,0.15351915984703624
869,0.89,-0.010000000000000009,0.17023491587512524,0.03177616141550634,0.027677175478163424,0.7609893655355537,0.7452872173297673,0.051682732588858665,0.019470025478825963,0.005777968739852551,1.0,0.14881358249460097
870,0.89,-0.010000000000000009,0.1702731111715529,0.03179596778945019,0.027564535831785072,0.7609615507172013,0.7452577327774215,0.05599111810891483,0.01910957163819797,0.005821487785509684,1.0,0.1886466110650562
871,0.89,-0.010000000000000009,0.16946611777600704,0.0311396559780105,0.02735605221824662,0.7615496571947918,0.7458811813162493,0.08257868431294116,0.019017537224742132,0.006090049060297829,1.0,0.1551120954296269
872,0.88,-0.020000000000000018,0.1688464966221918,0.03150562739803772,0.027222476091719443,0.708048412444343,0.6753349823621573,0.07624652992688657,0.01879758918367827,0.006154010215712522,0.0,0.11967492622694709
873,0.88,-0.020000000000000018,0.16848009043025222,0.030997791051307892,0.027292879828635784,0.7082794887760588,0.675591755938848,0.06320120552334046,0.01841450820163836,0.006285781169283694,1.0,0.19365762814338328
874,0.89,-0.010000000000000009,0.169404828812873,0.03218562987956909,0.027187877109724097,0.761594359432318,0.745928573165731,0.07014708358718512,0.018068583391349972,0.0063559415537669745,1.0,0.255759353637695
875,0.89,-0.010000000000000009,0.16871761817525108,0.03148709991484282,0.02758406963737766,0.7620959487597083,0.7464603732042623,0.06413662912057136,0.017642049097819395,0.006371528603018835,1.0,0.1670614462800014
876,0.9,0.0,0.1683112427483834,0.03151967790017209,0.027473268023572247,0.8253142388976071,0.8253142388976071,0.06725608180076996,0.01731559560059776,0.006363864372983012,1.0,0.1456701202354299
877,0.9,0.0,0.16839699161155575,0.03149213536613794,0.027557438349078357,0.8252407953850123,0.8252407953850123,0.06377478451095604,0.017021836764504136,0.00638409769075612,1.0,0.1625218634281277
878,0.9,0.0,0.1685494735695514,0.031417379419917665,0.02716143971236273,0.825110227562554,0.825110227562554,0.06395728678755844,0.016741605294887545,0.006366470971296737,1.0,0.1606762919428627
879,0.9,0.0,0.16856797631943107,0.03142847529271992,0.02728393853229059,0.8250943867694078,0.8250943867694078,0.06041551778405381,0.016385111411207118,0.0063893195722768605,1.0,0.18832780765137613
880,0.9,0.0,0.16833526272530275,0.03149603505524969,0.027024013412038188,0.8252936645782489,0.8252936645782489,0.05982427278389119,0.01597787051057239,0.006233894491199818,1.0,0.14768204071492463
881,0.9,0.0,0.1675401482731198,0.030738713404119634,0.026537549117040878,0.8259752656155678,0.8259752656155678,0.0600845845428675,0.015848559928688,0.006073350025253311,1.0,0.1578203087508976
882,0.9,0.0,0.16694274797513667,0.031088069061430527,0.026783646699487323,0.8264881200728929,0.8264881200728929,0.05708728725348553,0.015395785863481193,0.005963998519182496,1.0,0.11929349093017261
883,0.9,0.0,0.16650910935111093,0.031021199284557214,0.027026299592186987,0.8268607879950363,0.8268607879950363,0.05386193703836391,0.015204156952776857,0.005861729863165416,1.0,0.14983281548443572
884,0.9,0.0,0.16654460971998758,0.031046283509973932,0.027348169000586817,0.8268302664390376,0.8268302664390376,0.05621102499156508,0.015164702005155918,0.005819446014916263,1.0,0.1902300265976885
885,0.89,-0.010000000000000009,0.1658541462899748,0.031168593277962297,0.027772691446608194,0.7641931047387062,0.7486844664621931,0.04857232286616013,0.015073756023090374,0.005791885879769954,0.0,0.12616578639040665
886,0.88,-0.020000000000000018,0.16512528553023462,0.030808357621193383,0.02780284678292496,0.7104022507749762,0.677951877737684,0.05012910259180239,0.01506294223009018,0.005540339698709807,0.0,0.1443625714688309
887,0.88,-0.020000000000000018,0.16447519023346108,0.030057388975630775,0.02767744586757356,0.7108150729552366,0.6784111315769201,0.04898709138671628,0.014685941673548407,0.0055082003108126686,1.0,0.16745052454856246
888,0.88,-0.020000000000000018,0.1644715206461823,0.030053445267869607,0.027563966916130764,0.7108174045707971,0.67841372568909,0.0501240822638732,0.0141775273372103,0.005509759825008389,1.0,0.19659045179852153
889,0.88,-0.020000000000000018,0.1637317658794209,0.029147703803771914,0.027207679770731696,0.7112877492072801,0.6789370800710374,0.05063121127061796,0.013667787427455263,0.005512392937291486,1.0,0.1633562772930529
890,0.88,-0.020000000000000018,0.16372811049575486,0.029147087732605444,0.026766843515748272,0.7112900748879658,0.6789396681505633,0.055493870266827144,0.01311121393612095,0.005558844924080925,1.0,0.16845961370261364
891,0.88,-0.020000000000000018,0.16309686964799266,0.02865352938156664,0.026726732914533976,0.7116919202131006,0.6793868944981938,0.05812583999887291,0.012510515060502003,0.005579712157894866,1.0,0.15444719294591802
892,0.88,-0.020000000000000018,0.16265459838510463,0.028427304733418354,0.026354710103286858,0.7119737388913226,0.679700589407684,0.06194523777178719,0.011893855075946013,0.005599802660966559,1.0,0.1553607811564206
893,0.88,-0.020000000000000018,0.1614983755292603,0.027708718197715376,0.02628774151335526,0.7127115485954026,0.6805220473533997,0.057490703717130415,0.01115051076322364,0.0056053416513269245,1.0,0.12170946838476016
894,0.87,-0.030000000000000027,0.16084665395394426,0.027631181389557332,0.025983577086113374,0.665658146937599,0.6161815682701438,0.05929902830806909,0.0104883383520357,0.0056182569157416234,0.0,0.13187839326270223
895,0.87,-0.030000000000000027,0.16009256175539072,0.026541013542750385,0.025555641323317967,0.6660786084300706,0.6166679731588265,0.062004770125017816,0.009792760747552542,0.0055974685233060205,1.0,0.16192253411383595
896,0.87,-0.030000000000000027,0.15998004509738573,0.02654415117071856,0.025634654032948522,0.6661413902312591,0.6167406145501156,0.053771998625698064,0.008814221236818,0.005228082547286037,1.0,0.15367030680081395
897,0.88,-0.020000000000000018,0.16032112962010167,0.0268286046867305,0.025313211014499872,0.7134643463291913,0.6813604840358205,0.05804725651113325,0.008812799283153797,0.00519026516996343,1.0,0.1994603939325047
898,0.88,-0.020000000000000018,0.1593439746702452,0.025549772265853293,0.024972887430046244,0.714090403436175,0.682057986290464,0.05744672377731554,0.008790812349349088,0.005180205271795807,1.0,0.14524939263336945
899,0.87,-0.030000000000000027,0.1596609771330557,0.025690942785547392,0.025154616364530206,0.6663194874664458,0.6169466997398853,0.06089983894893602,0.008780374758775139,0.005172757363609145,0.0,0.18676209774002617
900,0.87,-0.030000000000000027,0.15985638760869736,0.025550239447296924,0.02514250658612111,0.6662104020213386,0.6168204682668057,0.061760334100225134,0.00878518689064538,0.005141298149267135,1.0,0.15108135843039383
901,0.87,-0.030000000000000027,0.15980561865801135,0.025538214190400213,0.02498726796828891,0.6662387397162619,0.6168532590820367,0.06086593247753225,0.008775006966098597,0.005042368840804649,1.0,0.163343023169765
902,0.87,-0.030000000000000027,0.1600069453504189,0.02546676742817652,0.02495094839763682,0.6661263794098269,0.6167232460378669,0.06424378097305015,0.00877124732262917,0.00503187324340148,1.0,0.16092229957435888
903,0.87,-0.030000000000000027,0.15994205820481674,0.02550855173279514,0.025090533392400086,0.666162588747725,0.6167651429673673,0.0611994224945407,0.008772999439266231,0.0049998130910756085,1.0,0.1403172768633505
904,0.87,-0.030000000000000027,0.16026571416588414,0.025630965111781326,0.025271304025004635,0.6659820163381356,0.6165562184054919,0.06191944990694015,0.008765513456794202,0.004994722153490615,1.0,0.18595769575974963
905,0.87,-0.030000000000000027,0.16092081382704101,0.025580044428278482,0.025322621504695914,0.6656168260574681,0.6161337750729686,0.05825360201990397,0.008758632846916768,0.00495560618437008,1.0,0.1913579395001508
906,0.87,-0.030000000000000027,0.1611157314195558,0.025388028952370956,0.025577895374615845,0.665508245063547,0.6160081934965949,0.05425425657921283,0.008761852394413754,0.004896410830606694,1.0,0.14565954588690233
907,0.87,-0.030000000000000027,0.16107548466987245,0.02541419433991837,0.02550168972731669,0.6655306620569353,0.6160341194928697,0.05927096148568545,0.008649471472070059,0.004914608126284264,1.0,0.1425693921582748
908,0.87,-0.030000000000000027,0.1612927938725094,0.025291115713131564,0.02560140597207789,0.6654096411737177,0.6158941600009376,0.05910552355825789,0.008580606318771887,0.004909438544953439,1.0,0.15769047457905394
909,0.87,-0.030000000000000027,0.16149327220380047,0.025126823835015192,0.02561839189675257,0.665298032535589,0.6157650969344317,0.0593128816295692,0.008500978586712178,0.004908021722603725,1.0,0.1507582132550458
910,0.87,-0.030000000000000027,0.1615022023636259,0.025117905110579278,0.025652536671819912,0.6652930618818936,0.6157593491734356,0.06039859925353992,0.008425822729264084,0.004917189645806275,1.0,0.13685405088969615
911,0.88,-0.020000000000000018,0.16145122734231587,0.02515347733817522,0.025589016602810495,0.7127416672788074,0.6805555867108779,0.05799614391184294,0.008343915059490418,0.004914468726331609,1.0,0.14138736240983796
912,0.88,-0.020000000000000018,0.16128158525325154,0.025237921323770705,0.025375495777324453,0.7128500572226384,0.6806762907427916,0.058921973393953386,0.008216744067110015,0.004887413303806509,1.0,0.1403424539864807
913,0.88,-0.020000000000000018,0.1611374934718938,0.02542728009828018,0.025561298805483967,0.7129421481256231,0.6807788488097009,0.06075159474853696,0.008146505890177201,0.0048580067706099775,1.0,0.12071401461066
914,0.88,-0.020000000000000018,0.16141865165790317,0.025279445883758387,0.025974999314991625,0.7127624784043325,0.6805787616970105,0.06284849636219911,0.008135711817875774,0.004821427519748318,1.0,0.16200507175934398
915,0.89,-0.010000000000000009,0.16136039847249392,0.02535020078601072,0.026192868702133387,0.7675076163692836,0.7522016602470385,0.06530451906418508,0.00816722150091998,0.004708022835827701,1.0,0.1277292279100506
916,0.89,-0.010000000000000009,0.1614774938864241,0.02518933140443307,0.02582847295269702,0.7674208839949651,0.752109592017602,0.06422440017798203,0.008064462019320925,0.004704452167188118,1.0,0.13255731332174314
917,0.89,-0.010000000000000009,0.16176468547921374,0.025353992919971285,0.026217533008911758,0.7672082446435525,0.7518838782174744,0.06381183442831347,0.00798104368434157,0.004674620356351412,1.0,0.1904701958135795
918,0.89,-0.010000000000000009,0.16193446713081058,0.025280188468573418,0.026526333482186207,0.7670825921289679,0.7517505046569583,0.06640662511800917,0.007856850588532078,0.004561677093335907,1.0,0.15933326476772325
919,0.89,-0.010000000000000009,0.16227611803530714,0.02525176535422081,0.026504134686944222,0.7668298668041362,0.7514822609596493,0.06087408692829918,0.007857997758051193,0.004511069505899208,1.0,0.17708587424937822
920,0.89,-0.010000000000000009,0.1623796449918898,0.02511123922463452,0.026476685925729486,0.7667533189231341,0.7514010156219454,0.0644867345072396,0.007774233117755972,0.004498686677595278,1.0,0.1333231892473774
921,0.88,-0.020000000000000018,0.1622615679318021,0.025105473025864668,0.026425588243403873,0.7122243683105874,0.6799796019150189,0.056850465408558974,0.007559242047133821,0.004469198483181042,0.0,0.1576428999426055
922,0.88,-0.020000000000000018,0.1626040715953529,0.025033946559704364,0.026366465936134096,0.7120059491598342,0.6797364455734448,0.058267401478114975,0.007519640880635317,0.0044075457552120445,1.0,0.17432259106098585
923,0.88,-0.020000000000000018,0.16305023187379303,0.02462099125482207,0.02605642721457753,0.7117216276412817,0.6794199601600507,0.0631665721321373,0.007382592457707055,0.00435294290745652,1.0,0.16215545301182976
924,0.89,-0.010000000000000009,0.16284620969892366,0.024726409775711437,0.026062307589803494,0.7664085303056274,0.7510350853170593,0.05937604405550734,0.007367278822699056,0.004359665044318678,1.0,0.13999817916413781
925,0.89,-0.010000000000000009,0.163101245837365,0.024608580410623162,0.02600388865642978,0.7662201911201378,0.7508352091236069,0.06422565406042763,0.007395410625936418,0.004392514829413069,1.0,0.16432889379488935
926,0.89,-0.010000000000000009,0.16297049689805237,0.024611947913278486,0.02606350785833168,0.7663167350823021,0.7509376660168526,0.06354384407941475,0.007419711174212934,0.004361732417101546,1.0,0.15586457505424184
927,0.89,-0.010000000000000009,0.1626109582981022,0.024821274128920708,0.0262984999547362,0.7665823409623389,0.751219550248978,0.06537385496239229,0.007449686403253237,0.004299288820442314,1.0,0.13042359123812342
928,0.89,-0.010000000000000009,0.16232927006681158,0.024911901467769122,0.026382928263079614,0.7667905642576847,0.7514405463948836,0.06202163387967692,0.007451524210679464,0.004241250477433217,1.0,0.14038539437615455
929,0.89,-0.010000000000000009,0.1628261245166707,0.0254879359117564,0.026934360342719742,0.7664233667518132,0.7510508309391511,0.0640782105436942,0.007462146967378882,0.004106168228572436,1.0,0.21663626187909313
930,0.88,-0.020000000000000018,0.16289320137359456,0.025450501044815117,0.027195037522140576,0.7118216714979182,0.6795313167005054,0.060731116128722076,0.0073937173230810855,0.004074630587867639,0.0,0.15199941096699793
931,0.88,-0.020000000000000018,0.16288307558704923,0.02544225318043357,0.027102037723047197,0.7118281235840815,0.6795384985491603,0.061263449635883774,0.007199794972591024,0.004026816752138752,1.0,0.1831089567695135
932,0.89,-0.010000000000000009,0.16306356514999368,0.025370189889562494,0.027084813196963008,0.7662480117405804,0.7508647334259066,0.06651512010324445,0.007146841894148267,0.004056564853364474,1.0,0.16185396580573785
933,0.89,-0.010000000000000009,0.16258470206293554,0.025744961271245974,0.027311030721484428,0.7666017447319445,0.7512401438650791,0.06888072071148345,0.007154728820363789,0.004045407841826385,1.0,0.11887891985158694
934,0.89,-0.010000000000000009,0.1627876627055456,0.025694833005933577,0.02776600435741541,0.7664517791796983,0.7510809846189489,0.06977456491718317,0.007111457005287078,0.0040473501688832025,1.0,0.166481781791869
935,0.89,-0.010000000000000009,0.16286871560277516,0.025663176472886205,0.027788762403056833,0.7663919064124096,0.751017442773475,0.0665943051579353,0.007030988930730531,0.00396560584858342,1.0,0.15685147923693776
936,0.88,-0.020000000000000018,0.16263959179372087,0.02595473222545193,0.028108320450524235,0.7119833051227756,0.679711238389676,0.06664566839780749,0.007069823023093372,0.0038981397773826133,0.0,0.11845655257212728
937,0.89,-0.010000000000000009,0.16271500482661744,0.02592339417825041,0.028232904310818038,0.7665054586035749,0.7511379542857638,0.06690458197817847,0.007056301030010575,0.003856786295902726,1.0,0.1556689167327467
938,0.89,-0.010000000000000009,0.16237905141453893,0.02600540833700743,0.02832687968184374,0.7667537577709495,0.7514014813963678,0.0820280930200454,0.007397282070525157,0.003937259092227352,1.0,0.13941083422677414
939,0.9,0.0,0.1620754337560555,0.02613766081634463,0.02768656099166066,0.8306904510958664,0.8306904510958664,0.0821353474096722,0.00763396426377563,0.0039113035909736195,1.0,0.13568988881185418
940,0.9,0.0,0.1610345389320089,0.02534656386920938,0.027096430819453787,0.8315946892252782,0.8315946892252782,0.08518177681016041,0.007977457633542321,0.003902197859048696,1.0,0.12907466799857986
941,0.9,0.0,0.1605342202255624,0.025693069846645662,0.02696229967359187,0.8320300231255178,0.8320300231255178,0.08160587853574067,0.008132223885896989,0.0039071029528818515,1.0,0.11809417189683458
942,0.9,0.0,0.16045050998854152,0.025760785667230886,0.027016298985547967,0.8321029050193771,0.8321029050193771,0.08290368935599382,0.008241165067171256,0.0038293936146701494,1.0,0.13549553929732105
943,0.9,0.0,0.16030511941730213,0.025826877227705547,0.026690775072236852,0.832229518934742,0.832229518934742,0.08347521738548305,0.008491937840455613,0.0038212870533279267,1.0,0.14138294139231028
944,0.9,0.0,0.1595517080448318,0.025930599035009678,0.02636404637234826,0.8328862476718131,0.8328862476718131,0.08448141482077699,0.008763929175745323,0.0037310694056652606,1.0,0.11869513078199548
945,0.89,-0.010000000000000009,0.15947561868707563,0.02600185216146445,0.026298730661733986,0.7689063718810593,0.7536867074178165,0.07863424795175895,0.00873613077777017,0.0037308280285832467,0.0,0.13139338035412945
946,0.89,-0.010000000000000009,0.15917142016041277,0.02619262724641368,0.02596561149403085,0.7691326053373544,0.7539269398920408,0.08169755577784547,0.008862860383915446,0.0037502300945526815,1.0,0.1277469683864086
947,0.9,0.0,0.15880247505679082,0.025946975756190444,0.025866461715358727,0.8335403628978887,0.8335403628978887,0.07928616792575816,0.008943866616355083,0.003759229753411247,1.0,0.15789752026082993
948,0.9,0.0,0.15865662640052902,0.02600983450743278,0.025961337628447934,0.8336678150414317,0.8336678150414317,0.0801850002902212,0.009009617175774332,0.003576238729334034,1.0,0.14024078503388793
949,0.89,-0.010000000000000009,0.15829145019923102,0.026200683556790512,0.025916777638882758,0.7697877921251192,0.7546227351824462,0.07833016604770544,0.009127548148992736,0.0034332585682654133,0.0,0.1265720503613745
950,0.89,-0.010000000000000009,0.15813278029938937,0.02610953908957918,0.026159339864476716,0.7699060495290904,0.7547483327086024,0.0857582134623978,0.009338262605247553,0.0034948387730839555,1.0,0.16530285414647627
951,0.89,-0.010000000000000009,0.15743673554773532,0.0260214170855607,0.02595536322714898,0.7704252444579389,0.7552997916469041,0.09328982088267024,0.009717736032193095,0.003564993292118752,1.0,0.12628251241654098
952,0.88,-0.020000000000000018,0.15744956034736762,0.026011494529531987,0.025616248346534223,0.715307278105988,0.6834143128786584,0.08128552841372359,0.009791536165875228,0.0036461646806893416,0.0,0.1379554387197918
953,0.88,-0.020000000000000018,0.15716276743195592,0.025897986730753372,0.025746016916733314,0.715491860724344,0.6836201156698513,0.08633637298402745,0.009894311816340302,0.0036456853418000016,1.0,0.15323896669950335
954,0.88,-0.020000000000000018,0.1565108718123964,0.026025467106993685,0.02562526435858333,0.715911781451477,0.6840883778109441,0.09267369801465482,0.010211891672391855,0.003690604827178883,1.0,0.11916513581472109
955,0.88,-0.020000000000000018,0.15559628538233353,0.02500020706376355,0.02554081019349216,0.7165017468734002,0.6847464153524083,0.0879805779721008,0.0103661461306035,0.0036849613314297995,1.0,0.1389243889060185
956,0.88,-0.020000000000000018,0.15497772474756474,0.02459994519644296,0.025331478904413944,0.7169013086602087,0.6851921828333595,0.08203003912740116,0.010456198387217857,0.00367876609485146,1.0,0.14040675300010472
957,0.88,-0.020000000000000018,0.15458068962930333,0.0245122198791978,0.025330779273787855,0.7171580100327798,0.6854786132730274,0.07728686791294574,0.010517406305561491,0.0036880269777987075,1.0,0.14035314293800683
958,0.88,-0.020000000000000018,0.1542164427291579,0.02439949246997993,0.024991139432358502,0.717393674064105,0.685741600229305,0.07860277234123508,0.01059705841915276,0.0036683991873851674,1.0,0.14375483824369392
959,0.88,-0.020000000000000018,0.15413282584120405,0.02445153408248535,0.02507629630960729,0.717447795198365,0.6858020002631853,0.08259027952147238,0.010724101038135985,0.0036697071114625145,1.0,0.13479179985565348
960,0.88,-0.020000000000000018,0.15408339531272655,0.024477585623287217,0.025113711597174678,0.7174797930098158,0.6858377110402593,0.07833329610859983,0.010771822119180168,0.0035780393890680194,1.0,0.13874294334370074
961,0.89,-0.010000000000000009,0.15409579974524024,0.024472752438844506,0.024772894229794163,0.7729270998962519,0.7579579883803488,0.07664863685366813,0.010807269466676787,0.00359137921314749,1.0,0.14517346946169804
962,0.89,-0.010000000000000009,0.15367225022451583,0.024315742228849902,0.024566147403754734,0.7732454354425884,0.7582963201400862,0.08171741300796492,0.010902442641157301,0.003634436540702488,1.0,0.14174951962655247
963,0.89,-0.010000000000000009,0.15293554140622484,0.02376856055964193,0.024056594650238516,0.7737997635086336,0.7588855239892921,0.08047564033379476,0.010971121767440663,0.003595318338127235,1.0,0.13432547548294432
964,0.89,-0.010000000000000009,0.15294403161635842,0.02376770729781915,0.024125869123822568,0.773793370620892,0.7588787284867784,0.07691951486873345,0.011018282920047346,0.0035996001718460523,1.0,0.15097561158368833
965,0.88,-0.020000000000000018,0.1525977591916691,0.02391535689482992,0.02412721424861592,0.7184428220338313,0.6869127379102782,0.07718235106973562,0.011068146087951964,0.003450319147889399,0.0,0.12529131131732246
966,0.88,-0.020000000000000018,0.15202561243705984,0.023806238701193184,0.024126382035816723,0.7188143927291163,0.6873276506429735,0.08305736709838102,0.011094962611234244,0.003498435118683341,1.0,0.12825501123714672
967,0.88,-0.020000000000000018,0.15146658744172892,0.02359825332550323,0.023816903743663152,0.7191778131388159,0.6877335320716189,0.08006709564021958,0.011089049505028384,0.0035267914096355764,1.0,0.13261327615192814
968,0.88,-0.020000000000000018,0.15132013069635605,0.02363048543967375,0.02383260709523273,0.7192730849695972,0.6878399465966625,0.08222234749263156,0.01110557376240754,0.00352643889161938,1.0,0.13887348530975174
969,0.88,-0.020000000000000018,0.15121011091129602,0.023667482182538845,0.023440979345239796,0.7193446707351705,0.6879199079253908,0.08487122054594082,0.011122550389771736,0.003509676139430017,1.0,0.13781160398859643
970,0.88,-0.020000000000000018,0.15084935754958817,0.02336713893717138,0.02325133444897966,0.7195794994715085,0.6881822304946974,0.07924715696787896,0.011114778898311336,0.0032979235876525984,1.0,0.15257127489427208
971,0.88,-0.020000000000000018,0.15066569141579025,0.02340506211397766,0.023053239738290328,0.7196991139843818,0.688315860582516,0.07407362909191598,0.011035976695033898,0.0032862202895708645,1.0,0.13674548204983605
972,0.89,-0.010000000000000009,0.1510159949127966,0.023199851878396044,0.02248735177830356,0.7752478444493728,0.7604250456609072,0.07549942974715171,0.011030657969591068,0.003168851362820256,1.0,0.15470527592758188
973,0.89,-0.010000000000000009,0.15047281221951816,0.02282801851236761,0.022015272905755383,0.7756585987740761,0.7608618255378639,0.08038635405797376,0.011088049843137208,0.0031480538501634614,1.0,0.13933935881553966
974,0.89,-0.010000000000000009,0.1492158021061985,0.02031879185770172,0.021213082089110102,0.7766108200085821,0.7618745295056589,0.08918161247221758,0.011281764149200815,0.003176183182967805,1.0,0.13005834230572882
975,0.89,-0.010000000000000009,0.14889798452079567,0.020285703764365445,0.021049748951629494,0.7768519463522817,0.7621310047772728,0.09404675872613853,0.011558482164766348,0.0031938164513892428,1.0,0.13527968773971966
976,0.89,-0.010000000000000009,0.14879762224747906,0.02032621152146871,0.020883107153360288,0.776928121732653,0.7622120318986024,0.08322603459195789,0.011647744846029748,0.0032679520760798167,1.0,0.13563389290376632
977,0.88,-0.020000000000000018,0.1486530575034657,0.020279442535368772,0.020990035685054857,0.7210124733457479,0.6897836013821603,0.08470742761594491,0.011742624791767945,0.0032810721846392573,0.0,0.14806538902679386
978,0.88,-0.020000000000000018,0.14841118223172245,0.020278841298550725,0.02082766304414316,0.7211706335888447,0.6899604136716864,0.08755864067915312,0.011874440707625866,0.00327409687211101,1.0,0.13648876476853833
979,0.88,-0.020000000000000018,0.14773603317162706,0.020061377301289905,0.02057544179353962,0.7216124753646783,0.6904544317033886,0.08437972063406803,0.011934771121564474,0.0033002350038779035,1.0,0.12081290164183701
980,0.88,-0.020000000000000018,0.14795339641372637,0.02017703690823829,0.020963999321287546,0.7214701659754301,0.6902953061294095,0.08573770513336625,0.012002560436189426,0.003311322607315499,1.0,0.1694183649248545
981,0.88,-0.020000000000000018,0.1480504368485617,0.02024747058467015,0.020593970986638024,0.7214066509765601,0.6902242892098088,0.0861651356899433,0.012072215252006946,0.0032853643574891865,1.0,0.16752435223443196
982,0.88,-0.020000000000000018,0.1481465867023582,0.020133190195044438,0.02067555231361124,0.721343729910361,0.6901539384527579,0.08060758637667696,0.012046655062456973,0.003308921924137113,1.0,0.12890847630982089
983,0.88,-0.020000000000000018,0.14791003675012793,0.020250610481273103,0.02029508206043103,0.7214985493994511,0.6903270426746835,0.08346231016579567,0.012003295650827788,0.003314029356823149,1.0,0.12617782026140875
984,0.88,-0.020000000000000018,0.14727459936317874,0.019906735140044846,0.01965310455976517,0.7219147658033,0.690792477835278,0.09087450965162158,0.012083823394640415,0.0033117414513728553,1.0,0.1266862879027701
985,0.89,-0.010000000000000009,0.14728803181313954,0.01989293544021096,0.019477609190121675,0.7780757120555463,0.7634328762091348,0.09210533008689088,0.012055074819283564,0.00330844893328828,1.0,0.12750903138648853
986,0.9,0.0,0.1472930619977527,0.019892258649790065,0.01941971631601991,0.8437193096340787,0.8437193096340787,0.09907090841523004,0.012176331791341477,0.00336727284362417,1.0,0.1448655899301454
987,0.89,-0.010000000000000009,0.14690247705842377,0.019876082473754973,0.0192917732055605,0.7783693544066783,0.7637453114175784,0.09269523199644747,0.012132447486908692,0.0034201888591961454,0.0,0.12839203061566812
988,0.89,-0.010000000000000009,0.14639204935058234,0.019238698616176223,0.01912936387114883,0.7787584423556189,0.764159331311098,0.10006427426886216,0.01223755088724222,0.0034895011144049325,1.0,0.1455476810143813
989,0.89,-0.010000000000000009,0.14604100719543064,0.019246221318583657,0.019252518243138124,0.7790262599959223,0.7644443304494313,0.09802895387785066,0.012288325122744855,0.0034609421385948555,1.0,0.12825206177788034
990,0.89,-0.010000000000000009,0.14562477211297126,0.0192069291332776,0.019125281228638224,0.7793440535231638,0.7647825330919366,0.0993455367870981,0.012428379115133037,0.0034476554030110347,1.0,0.12683610545667456
991,0.89,-0.010000000000000009,0.14529531914986282,0.019334900247881582,0.019169933962083642,0.7795957731977476,0.7650504350790718,0.09616478831856262,0.012527855707422703,0.0034412043999365,1.0,0.12150189663507575
992,0.88,-0.020000000000000018,0.14501409641885618,0.019390890396934438,0.018887967281770716,0.7233993134331098,0.6924533152271445,0.09334917363408764,0.012613241217013588,0.0034246496588235527,0.0,0.12723850805575654
993,0.88,-0.020000000000000018,0.1450246038382632,0.0193785401298592,0.018830486199471242,0.7233923987362939,0.6924455767384925,0.0937800329054886,0.012643918392369566,0.0034107358677171115,1.0,0.12276021032546237
994,0.89,-0.010000000000000009,0.14531590234808442,0.019397667432560835,0.018913353806221004,0.7795800417719484,0.7650336918979722,0.09458612696564744,0.012700081571035294,0.003391547506537416,1.0,0.16100824424482235
995,0.89,-0.010000000000000009,0.1450240078874643,0.019365168974687482,0.019115605613089413,0.7798031916303588,0.7652711988213853,0.0951332026030299,0.012785904482393922,0.0033139142150026956,1.0,0.13273308805182787
996,0.89,-0.010000000000000009,0.14481532291545954,0.019383303548708274,0.01865377363750172,0.7799628071511605,0.7654410907735973,0.09324023329472146,0.012720150886489926,0.003289850694021618,1.0,0.13280180960033722
997,0.89,-0.010000000000000009,0.14415784412234306,0.018618594569775056,0.018115386806404572,0.7804661161991434,0.765976842589627,0.08704399423900018,0.01264177751486545,0.003346372980101451,1.0,0.13371251462085493
998,0.89,-0.010000000000000009,0.14409691785908207,0.018624890462918348,0.017751058994078923,0.7805127889782043,0.7660265268102822,0.08885926537032882,0.012563958653845797,0.0033298291009065846,1.0,0.13915676630727244
999,0.9,0.0,0.14349017107478368,0.018208751954281316,0.017522661091931985,0.8471374570142333,0.8471374570142333,0.08612260159751331,0.012502637337696526,0.0033487802991038203,1.0,0.1260874193101871
1000,0.9,0.0,0.1434397457164561,0.01819463657254387,0.01760033521868025,0.847182966836058,0.847182966836058,0.0810427960381884,0.01241939738822002,0.0033910571065445486,1.0,0.14603882259763667
1001,0.89,-0.010000000000000009,0.14288625160622825,0.01842121938399607,0.017960178520248456,0.7814413830539454,0.7670151406199155,0.08310957464242895,0.012329507425508441,0.0033778139763296256,0.0,0.10799361214697843
1002,0.89,-0.010000000000000009,0.14235671591382915,0.01865476502661861,0.017752298309152714,0.7818482375767531,0.7674483549606296,0.08668355657529767,0.012297648786444003,0.0033831637081918405,1.0,0.10796873033444832
1003,0.89,-0.010000000000000009,0.1422826233141576,0.018677418303927305,0.017543195962338068,0.7819051984235351,0.7675090093122617,0.08537074363727695,0.01221561234245186,0.0033891514407738735,1.0,0.13290801689619713
1004,0.88,-0.020000000000000018,0.14193730879990737,0.01817931931917495,0.017675700848177735,0.725429780893231,0.694726768273818,0.08422814545833723,0.012131249237407438,0.003363664069985021,0.0,0.15142624433472573
1005,0.88,-0.020000000000000018,0.14122408283447285,0.017616808261448215,0.017531180724589646,0.7259020892331666,0.6952559073127571,0.08319755313606234,0.011982539668950945,0.003333676664748493,1.0,0.1200353429566984
1006,0.88,-0.020000000000000018,0.14128968302197065,0.017645393246163807,0.017825060198845794,0.7258586221789475,0.6952072051810321,0.08804142651642284,0.011781804097703547,0.003331930891757461,1.0,0.15221956463668462
1007,0.88,-0.020000000000000018,0.14116694080729386,0.01767872318975022,0.017893780517283287,0.725939956105239,0.6952983355959539,0.08871887803983178,0.011668067802922247,0.003337102746262324,1.0,0.13029517069059351
1008,0.88,-0.020000000000000018,0.14106499565416342,0.017612414765414985,0.017997503014772234,0.7260075229200418,0.6953740433192225,0.09286540010704883,0.01158519703361767,0.0033768922815745027,1.0,0.14749595926600728
1009,0.88,-0.020000000000000018,0.1408504654267664,0.017623690763996915,0.018040802069169342,0.7261497495264608,0.6955334141753267,0.08885527434703751,0.011455132910546933,0.003406431757696125,1.0,0.12930519051534398
1010,0.88,-0.020000000000000018,0.14060381063321997,0.01784906064421564,0.018167906184928414,0.7263133425639292,0.695716740127955,0.08554303516318473,0.011312476133089446,0.0034156214934754764,1.0,0.11218857153505382
1011,0.87,-0.030000000000000027,0.14022673318964723,0.018222914117283835,0.01824330057946509,0.6773498102142811,0.6297642998838622,0.08533283485839138,0.01111680283240148,0.0034083929159268184,0.0,0.1036796180525655
1012,0.87,-0.030000000000000027,0.14009048830197662,0.018272404616365978,0.01827774409250582,0.677428428159403,0.6298560386588796,0.09130412051848147,0.010973810423282023,0.003450227908911733,1.0,0.12671796521941847
1013,0.87,-0.030000000000000027,0.1402029742418705,0.018187200563443123,0.017913638902929536,0.6773635186235193,0.629780295747587,0.09062105737748624,0.01084745865498335,0.0034359467122181287,1.0,0.1319626086000503
1014,0.87,-0.030000000000000027,0.13992621412540132,0.01806348200882721,0.01759132180861726,0.6775232442310571,0.6299666861488799,0.09350986977658939,0.010778691807587833,0.0034403183253203223,1.0,0.1343290601124278
1015,0.86,-0.040000000000000036,0.13996685093135106,0.018040553561601058,0.017568170962109293,0.6345116370435048,0.5699926600977006,0.0785970430099289,0.010668702971062163,0.003580042647345145,0.0,0.1317929085050235
1016,0.86,-0.040000000000000036,0.1399180667530543,0.018067100457069517,0.017024748038080236,0.6345363372238952,0.5700223961294302,0.08333127665876837,0.010538817769176943,0.003623695858447881,1.0,0.12767889549206396
1017,0.86,-0.040000000000000036,0.1395894484833561,0.017432338320309965,0.017012551495714998,0.634702771832378,0.5702227838128149,0.0783539935022477,0.01039891706105964,0.0036477614389208604,1.0,0.15760836884376184
1018,0.86,-0.040000000000000036,0.13956303631874362,0.0174043824395954,0.01684248797102441,0.6347161525369657,0.5702388957675439,0.08286386550739641,0.010292751590205072,0.0036374314774606452,1.0,0.15669204830647515
1019,0.86,-0.040000000000000036,0.13945587395813,0.017204864129258732,0.016498194080918738,0.6347704480028612,0.5703042763178272,0.08397203388627865,0.010086836900987533,0.0036121337077630877,1.0,0.16636963818801453
1020,0.85,-0.050000000000000044,0.13945182684963814,0.017206353783315698,0.01659043094046009,0.5968839472510119,0.5160348833423294,0.07402150829398056,0.009968780022921538,0.003635510035981446,0.0,0.13291847839819257
1021,0.86,-0.040000000000000036,0.13940430185259636,0.01716255088953273,0.016623685796236402,0.6347965811180902,0.5703357461855546,0.08535366485253588,0.009656272637868316,0.003735663778294571,1.0,0.15289040023842781
1022,0.86,-0.040000000000000036,0.13899298883253822,0.016810030359970616,0.01669976633294449,0.6350050826641309,0.5705868582906548,0.07957698185394918,0.009360730240639197,0.0037445275393507764,1.0,0.13319128905517139
1023,0.86,-0.040000000000000036,0.13867208688202895,0.01667051855695818,0.016507531557657384,0.6351678484451808,0.5707829268376057,0.08833828773658807,0.009181823874674018,0.00379473741617915,1.0,0.1300652579609028
1024,0.86,-0.040000000000000036,0.13863827462057676,0.01667122359736708,0.016327945501367125,0.6351850033377483,0.5708035937084733,0.08122758203044206,0.008884887995777488,0.003817576766696581,1.0,0.13661695301891846
1025,0.86,-0.040000000000000036,0.13831999676791618,0.016480441874619015,0.01628402151903825,0.6353465293081729,0.5709982061927374,0.07564622623605065,0.008718707616534432,0.003867067128447879,1.0,0.13250110852882946
1026,0.86,-0.040000000000000036,0.13809199219006912,0.01639362982123671,0.016032728841508834,0.6354622921168959,0.5711377022636434,0.07900746820860068,0.008510442393874638,0.0038825341091506317,1.0,0.13306411726953604
1027,0.86,-0.040000000000000036,0.13829032383175335,0.01641960822264588,0.01610576757887227,0.6353615925061536,0.5710163566114996,0.07704459433151974,0.008346995696454513,0.003868500298992708,1.0,0.15025675540654743
1028,0.86,-0.040000000000000036,0.1382873723270695,0.016419257881851442,0.015438248831355481,0.635363090849899,0.5710181620586571,0.08007145523596121,0.008080758854718807,0.003878301149906084,1.0,0.14009024390777136
1029,0.86,-0.040000000000000036,0.1374519034134564,0.014414531847162716,0.014856067240223071,0.6357875044651016,0.571529681142448,0.07533066101500854,0.007889046624501066,0.0038923789257240696,1.0,0.13308937051778436
1030,0.87,-0.030000000000000027,0.13729076321641578,0.014340885678811465,0.014570072037623442,0.6790480153470133,0.6317471336860239,0.06691237312908623,0.007734158865782928,0.003972035030560035,1.0,0.1358853912629362
1031,0.87,-0.030000000000000027,0.13676308020757008,0.013596783590592831,0.014411382587262045,0.679354137571955,0.6321048336432511,0.06779886838154218,0.007572525211896058,0.003927942351621604,1.0,0.13034065588493884
1032,0.87,-0.030000000000000027,0.1365809062736983,0.013379695819336632,0.01411159340119609,0.6794598853680005,0.6322284177853801,0.07115762913400522,0.0074819917976056746,0.003937974272270332,1.0,0.14363657241856037
1033,0.87,-0.030000000000000027,0.13705766238134645,0.013588213354274532,0.01386225093915126,0.6791832089978229,0.6319050955876567,0.07083772393576938,0.007446100434327024,0.0039321769085585755,1.0,0.1665545306164043
1034,0.87,-0.030000000000000027,0.13667986893141829,0.013286727369256101,0.014147319537761554,0.6794024357278176,0.6321612769656977,0.06469281713477092,0.0075565172958753845,0.003962122838273227,1.0,0.12870243679905413
1035,0.86,-0.040000000000000036,0.1365024518729013,0.013133763859064004,0.013864616607674391,0.6362705094668503,0.5721121001778673,0.05233095805190979,0.007996232611163645,0.004086471281131702,0.0,0.13910977338523609
1036,0.87,-0.030000000000000027,0.13695620473970727,0.013285415716918679,0.01373845197845087,0.6792420691420215,0.6319738735224962,0.06803701341823729,0.0079682912274638,0.004242503016343384,1.0,0.16383183925272649
1037,0.87,-0.030000000000000027,0.13676118052239164,0.013151760978643774,0.01385367684456775,0.6793552401258569,0.6321061221127098,0.06364630995549303,0.008041908793223355,0.004134090818574468,1.0,0.13616649500118294
1038,0.87,-0.030000000000000027,0.13674257638606185,0.013149315308291156,0.013830070583736366,0.679366037926803,0.6321187407240072,0.05323161413342347,0.008581417138630735,0.004238206388599143,1.0,0.13755042059379585
1039,0.87,-0.030000000000000027,0.1367020371944114,0.013158743954625969,0.013822992100238522,0.6793895679758692,0.6321462389511904,0.0158094687682832,0.010881906243393342,0.004585435842787547,1.0,0.13163596964680785
1040,0.87,-0.030000000000000027,0.13683842840765892,0.013149660981502711,0.013823975166650416,0.6793104092896123,0.6320537326454154,0.010820190555947542,0.013000551443578943,0.004599712407817,1.0,0.1427137893233308
1041,0.87,-0.030000000000000027,0.1374893381246729,0.013800601763578153,0.014057005337099047,0.6789328884647707,0.6316126307255747,0.010535125873330308,0.014801486431304417,0.0045894826488509805,1.0,0.1831851435982316
1042,0.87,-0.030000000000000027,0.13808841685079906,0.014953205703232683,0.014120953480702244,0.6785857997016888,0.631207196850579,0.01231008715843225,0.016298719840934367,0.004601638540321816,1.0,0.19540341190993726
1043,0.87,-0.030000000000000027,0.13862862155597533,0.01600150265901425,0.013891783676557651,0.6782731249734147,0.63084205271742,0.012600963133247722,0.01762906100817837,0.004594413071024054,1.0,0.19540341190993726
1044,0.87,-0.030000000000000027,0.13939570436725476,0.016843989995249928,0.013763518529364376,0.677829626173148,0.6303242786330566,0.011239775767526793,0.01888468775870845,0.004549100146748326,1.0,0.19540341190993726
1045,0.88,-0.020000000000000018,0.13978362813506165,0.0170999829154486,0.013981409870853235,0.7268578565645684,0.6963270355983524,0.011128464835022282,0.02004895866654005,0.004519281996308104,1.0,0.17018575713481957
1046,0.88,-0.020000000000000018,0.14046019257029696,0.017928705139139287,0.013931582627425923,0.7264086307642297,0.6958235286476363,0.012072025290554511,0.021094284835052976,0.0045044554569489605,1.0,0.19540341190993726
1047,0.88,-0.020000000000000018,0.1405593111045656,0.01805180923316047,0.014031959425358223,0.7263428645893288,0.6957498246532765,0.01005594468284497,0.02213225300200154,0.004515740792739329,1.0,0.16780937368769772
1048,0.88,-0.020000000000000018,0.14110022286398796,0.01882788345015049,0.014161796320468451,0.7259841737438563,0.6953478806051361,0.010001510506436813,0.02310305430844933,0.0044975549334857175,1.0,0.19433196097612354
1049,0.89,-0.010000000000000009,0.1416752974328261,0.019248895951437583,0.013874136218911214,0.7823724109291609,0.7680065455096899,0.010000040783673792,0.024017241620959008,0.004422538997203603,1.0,0.1840795072451881
1050,0.89,-0.010000000000000009,0.14194986794737463,0.01977266709213848,0.013567672144428422,0.7821611161877337,0.7677815307688849,0.010000001101159192,0.024856962482655856,0.00434646255540807,1.0,0.19275990560132708
1051,0.89,-0.010000000000000009,0.14263036243297045,0.020383313459765056,0.013465643145151104,0.7816379357424871,0.767224423044133,0.010000000029731297,0.02560061757829863,0.004225207086746264,1.0,0.19433196097612354
1052,0.9,0.0,0.14319412765553374,0.021016032931426447,0.01331126407464897,0.847404711628807,0.847404711628807,0.010007141930639157,0.02636196130092746,0.004174260595136202,1.0,0.19433196097612354
1053,0.9,0.0,0.14326941415061603,0.02106530937829323,0.013306117750240985,0.8473367303972368,0.8473367303972368,0.010000192832127256,0.027061863301006118,0.004110317403902713,1.0,0.16076761620773183
1054,0.9,0.0,0.14402108240223005,0.021527794326982336,0.013445563120716684,0.8466585962652856,0.8466585962652856,0.010000005206467434,0.027681879023974756,0.004062914046156308,1.0,0.19433196097612354
1055,0.9,0.0,0.14457515812293112,0.02209504493915796,0.013430589746028945,0.846159419138136,0.846159419138136,0.01000000014057462,0.02829679428640332,0.004002807644350178,1.0,0.19433196097612354
1056,0.89,-0.010000000000000009,0.1451144102026913,0.022638106288886413,0.013430048230250178,0.7797340664763174,0.765197625048846,0.03689411807291174,0.02847145348429693,0.004226554580894438,0.0,0.19433196097612354
1057,0.89,-0.010000000000000009,0.14544332624023118,0.022804870800719853,0.013608689836093016,0.7794826677556788,0.7649300566133801,0.05747608827815305,0.028490508637493004,0.004421161305914154,1.0,0.17324474669199552
1058,0.89,-0.010000000000000009,0.14551635073254254,0.022811038015648016,0.013742269844468004,0.7794268753063658,0.7648706776277324,0.05881217211631143,0.028498950468713626,0.004394379251953761,1.0,0.15105728747483116
1059,0.89,-0.010000000000000009,0.1455891910820182,0.022788294390285485,0.013793081048342417,0.7793712315026362,0.764811457558848,0.055576718555195886,0.02850468851040354,0.00438406076860268,1.0,0.1420758348032172
1060,0.89,-0.010000000000000009,0.14552647279067316,0.022815664705673505,0.013825143618807285,0.779419142443414,0.7648624477256502,0.05658100478545433,0.028519854669667964,0.004377188313808001,1.0,0.13247111420919758
1061,0.89,-0.010000000000000009,0.14546244263024868,0.02282554814159431,0.013854187955927565,0.7794680616071696,0.764914511460453,0.05902273629124272,0.028528582951981504,0.004350652509277613,1.0,0.13877045341925054
1062,0.89,-0.010000000000000009,0.14568894443481728,0.022899840264135628,0.01403807889047862,0.7792950413528844,0.7647303717756407,0.05734827317947307,0.028524357567694385,0.004355023119758415,1.0,0.16439970008341326
1063,0.89,-0.010000000000000009,0.14605254193455103,0.023004941585754383,0.013933385852823686,0.7790174569674663,0.7644349624108104,0.05344796016593993,0.028541592060627008,0.004358499761662172,1.0,0.1706852254563186
1064,0.89,-0.010000000000000009,0.14590101130301808,0.02302191428519634,0.014026096729182877,0.779133117271474,0.7645580476372927,0.06066304922204177,0.028540302143837636,0.0044287245379763095,1.0,0.1358225484303929
1065,0.9,0.0,0.14604251366644191,0.022938137758036544,0.014032715914127204,0.8448402903166542,0.8448402903166542,0.06614847943299153,0.028527784741778466,0.004424789327696556,1.0,0.1394415476597058
1066,0.9,0.0,0.14617699232654058,0.022872788446371084,0.014011534749203207,0.8447196018959026,0.8447196018959026,0.06450795853820587,0.028491985635675624,0.004411155483622053,1.0,0.1417028772470113
1067,0.9,0.0,0.14634546703947662,0.022834275860988195,0.014026662638503174,0.8445684522291662,0.8445684522291662,0.05733518181976442,0.028486981987705214,0.004461837552975886,1.0,0.1494607474455319
1068,0.9,0.0,0.14639360245469243,0.022823544970298093,0.014074256974796535,0.8445252767395045,0.8445252767395045,0.06242276903896578,0.02845595816575944,0.0044864710293990384,1.0,0.14368702683133389
1069,0.9,0.0,0.14652555544488363,0.022811688053776372,0.013999107533086513,0.844406942962623,0.844406942962623,0.05978084514417626,0.02841458305057522,0.004456348406335681,1.0,0.15100690300771724
1070,0.9,0.0,0.14629487922056814,0.022865953837902183,0.014056455590667927,0.8446138321821396,0.8446138321821396,0.055693784401759476,0.028413946800474252,0.004445373990845316,1.0,0.12950365246272122
1071,0.89,-0.010000000000000009,0.14629068345423582,0.022867744135275248,0.013943955177295584,0.7788357576755227,0.7642416049966745,0.05561487583919597,0.028429140359659398,0.004431769020212263,0.0,0.1363259054166054
1072,0.89,-0.010000000000000009,0.14607454805043066,0.0228893223123201,0.01382141227585618,0.7790006629943156,0.7644170905894109,0.05761837396628579,0.02843192689257663,0.004402643503204867,1.0,0.13309173554706455
1073,0.89,-0.010000000000000009,0.14627873312812506,0.022919382380251947,0.01399701949331179,0.7788448736194867,0.7642513056528736,0.0650637724169119,0.028400171381198554,0.004389008554077415,1.0,0.15975786658498103
1074,0.89,-0.010000000000000009,0.14643674256027459,0.022861405693661897,0.01408466833806237,0.7787243581548983,0.7641230616695885,0.053744506880275156,0.028339202885102135,0.004454201678145252,1.0,0.1458592855206829
1075,0.89,-0.010000000000000009,0.14654121356922306,0.022834035949029323,0.014082428860507524,0.7786446974911487,0.7640382942988825,0.04927091755861537,0.028252521835939855,0.004390089205291506,1.0,0.14572678863456612
1076,0.89,-0.010000000000000009,0.14657524022836463,0.022820287945080845,0.014024436271554133,0.7786187551871876,0.7640106892600872,0.051065838173223035,0.028237155644909123,0.004393256150651311,1.0,0.13903655881792398
1077,0.89,-0.010000000000000009,0.1465889692970019,0.022821593258401305,0.014012568724224267,0.7786082884817677,0.7639995517501418,0.05869996825848326,0.02818001064773887,0.004441568443803351,0.0,0.14943829589052282
1078,0.89,-0.010000000000000009,0.14668122283580393,0.02279921315435877,0.013891844624376619,0.7785379639427733,0.7639247208115711,0.05711454122489547,0.028103057554270405,0.004425472554798327,1.0,0.145714118648739
1079,0.89,-0.010000000000000009,0.14699923469348827,0.022657521429382023,0.013470577002947475,0.7782956419960708,0.7636668796057539,0.05577786980473513,0.02805058710931809,0.004425257271170671,1.0,0.15261408741027138
1080,0.89,-0.010000000000000009,0.14673206565320504,0.022548845483075362,0.01355157310217289,0.778499212076509,0.7638834862117475,0.059967519503011484,0.027975185071547847,0.004463259484723189,1.0,0.1427014608965326
1081,0.89,-0.010000000000000009,0.14632057315710423,0.02254111741174523,0.013326426459219077,0.7788129581562004,0.7642173431611663,0.05882435171179384,0.02789586951183835,0.004418669772379263,1.0,0.1263751026243494
1082,0.89,-0.010000000000000009,0.1463771092390488,0.022504434834701284,0.013381540861557649,0.7787698367375187,0.7641714563478076,0.0595194972627916,0.027851118483903217,0.004396855850782083,1.0,0.1345620845042805
1083,0.89,-0.010000000000000009,0.146510766169502,0.022423616805410728,0.013426722287427214,0.7786679123934109,0.7640629972587577,0.05574636276220776,0.02779433875714265,0.00436009761860792,1.0,0.13954351330672862
1084,0.89,-0.010000000000000009,0.14682267114441427,0.022362537209966987,0.013603596313725699,0.7784301630763554,0.7638100142765881,0.05778095238761752,0.02766631856689733,0.004368216499316409,1.0,0.15787678539399702
1085,0.89,-0.010000000000000009,0.14692459920229953,0.022297408155526926,0.013632064896304776,0.7783524999674395,0.7637273777704965,0.05279599293113939,0.02753511659364554,0.0043482102480854904,1.0,0.13770183717501164
1086,0.89,-0.010000000000000009,0.14673623410967457,0.022393364213590825,0.013583571938657155,0.7784960350934805,0.7638801057028636,0.03983662638467102,0.02739043089081199,0.004414712168567166,1.0,0.12602908066764884
1087,0.9,0.0,0.1471452055529453,0.02242803505760195,0.01384725318993371,0.8438516917795584,0.8438516917795584,0.04180292001716859,0.02729636438561621,0.004360138949982144,1.0,0.16928917494274115
1088,0.9,0.0,0.14696808813014353,0.022509738847170613,0.01409126952298456,0.8440103272175948,0.8440103272175948,0.04419621087269508,0.027081246055607997,0.004363754813260072,1.0,0.1278359387342058
1089,0.9,0.0,0.1471714603354057,0.022431459359463418,0.014286596666910676,0.843828181726077,0.843828181726077,0.04409149923937378,0.026882382941958764,0.004351513689260819,1.0,0.14858928230409707
1090,0.9,0.0,0.14759909244685243,0.022447323238171116,0.01444493833838191,0.8434454395063026,0.8434454395063026,0.04537015196966115,0.026644705640164138,0.004332300600995686,1.0,0.16959931660134814
1091,0.89,-0.010000000000000009,0.1480715693937272,0.02239021853015589,0.014395575852100254,0.7774796441216446,0.7627987216250983,0.04746982673708514,0.026428947258334275,0.004325068884661838,0.0,0.16874959132255146
1092,0.9,0.0,0.148336801762909,0.02229877023857357,0.01450173290885095,0.8427859853508644,0.8427859853508644,0.05116682480089052,0.02622621857561629,0.004358060185595216,1.0,0.1537617449739386
1093,0.9,0.0,0.1486533066016152,0.02215766865527794,0.014121944174535616,0.842503370910895,0.842503370910895,0.048719535625330296,0.02601782030916474,0.004374637914033613,1.0,0.15441069419608056
1094,0.9,0.0,0.14897715668799802,0.02256873023565278,0.014230099755283403,0.8422143938526385,0.8422143938526385,0.04782324632184228,0.02579226357035393,0.004378165324802357,1.0,0.19339325288310621
1095,0.9,0.0,0.14936864566429586,0.022623039916969744,0.014446691125515573,0.8418653259943691,0.8418653259943691,0.05044296712241892,0.02553916108107857,0.004385506248966682,1.0,0.17188198568161225
1096,0.9,0.0,0.14935332062359183,0.022634773265690702,0.014847721177345488,0.8418789849964083,0.8418789849964083,0.050880908000438554,0.02530181557788802,0.004327341620909089,1.0,0.13126930552993288
1097,0.9,0.0,0.1496135662145971,0.022603033163303435,0.015080281950123578,0.8416470917405392,0.8416470917405392,0.04588607571376321,0.02515391641184748,0.004359458400256026,1.0,0.15973707372138146
1098,0.9,0.0,0.14994307840926457,0.02268821439349285,0.01507322705169484,0.841353661310841,0.841353661310841,0.045423825484270694,0.02497777184211608,0.004336484526081047,1.0,0.17210798577402125
1099,0.9,0.0,0.15003868138984178,0.02260748949347793,0.015239983265014698,0.8412685651975296,0.8412685651975296,0.047338605303962694,0.024819431492357057,0.004304514569115058,1.0,0.13564771736790585
1100,0.9,0.0,0.15006316150562993,0.022604470255146596,0.014985376258528726,0.8412467782400979,0.8412467782400979,0.04511363225365871,0.02471954241158026,0.004306112492812668,1.0,0.1484868341764531
1101,0.91,0.010000000000000009,0.15053964600537115,0.022211434206860354,0.015057399956832921,0.775608035636426,0.7608080566008624,0.047753058317330954,0.02458190903739058,0.004296672534537956,1.0,0.15564206212109832
1102,0.91,0.010000000000000009,0.15105960224646509,0.02181382308798547,0.014849147489772303,0.7752148874816548,0.7603900022126857,0.047600910338498975,0.02439551899478317,0.004284948646061302,1.0,0.15996435444384619
1103,0.9,0.0,0.15148369727033623,0.021868989140036602,0.014817177160488809,0.8399844512291723,0.8399844512291723,0.0546349298970743,0.02420721047425306,0.004344457952926308,0.0,0.17531751928330877
1104,0.91,0.010000000000000009,0.15131929375580058,0.02193051298943288,0.014907487514267808,0.775018679320915,0.7601813774456004,0.051869741986283954,0.02402943821987023,0.00436197912048707,1.0,0.13498589288116053
1105,0.91,0.010000000000000009,0.1514731855213317,0.021763807112072302,0.014586824937991693,0.7749024543007287,0.7600578015633881,0.05393952280883331,0.023857410883015767,0.004333957983539482,1.0,0.13542451950981169
1106,0.9,0.0,0.1514826853923296,0.021764338159692805,0.014544609163047957,0.8399853490633975,0.8399853490633975,0.05854363106797348,0.023620127772319085,0.004373621182890303,0.0,0.1531695517364729
1107,0.9,0.0,0.15139201766144456,0.02187103807313729,0.0146935017444517,0.8400658058730343,0.8400658058730343,0.05576101461317935,0.023362605735335454,0.004359844358522395,1.0,0.12122839760208876
1108,0.9,0.0,0.15155459926110604,0.021901878834070652,0.01493930934929418,0.8399215450308478,0.8399215450308478,0.06030959964150784,0.023039440341960718,0.004365283341030648,1.0,0.16375411923215744
1109,0.9,0.0,0.1517670725997825,0.021787767925786187,0.014899763650999988,0.8397330892463584,0.8397330892463584,0.05601549246904786,0.022764046331053937,0.004375201199501429,1.0,0.15055252438299216
1110,0.9,0.0,0.15214615751176697,0.021422568419348097,0.014818415248646483,0.8393970652796083,0.8393970652796083,0.0563507275560096,0.0225316841762759,0.00437646417709909,1.0,0.15009706273350087
1111,0.91,0.010000000000000009,0.152375575190451,0.021021391257157074,0.014822832719814983,0.7742216355686619,0.759333985754931,0.05901554958460028,0.022302382489660905,0.004343065554558692,1.0,0.12662138592096625
1112,0.9,0.0,0.1525462082006508,0.020881218037545488,0.014943188648479641,0.839042748598469,0.839042748598469,0.06144971888177675,0.021978555700322505,0.0043607534955302195,0.0,0.14378126623939924
1113,0.9,0.0,0.15270870890352187,0.02078340225494883,0.014964046841766302,0.8388989104763955,0.8388989104763955,0.061681572271851726,0.021659118889487464,0.0043339155257420565,1.0,0.14821267888715617
1114,0.9,0.0,0.1527706916511907,0.02073768818514593,0.0150160588862152,0.838844059201055,0.838844059201055,0.058990419095540786,0.021265063453173236,0.0042104642773546875,1.0,0.14052733487931102
1115,0.91,0.010000000000000009,0.15277500957231335,0.020733364325122773,0.015058368191761281,0.7739206593164729,0.7590140354122775,0.06266366773886321,0.021121222416819983,0.0041997472570969386,1.0,0.13222470061728933
1116,0.91,0.010000000000000009,0.1529333093413497,0.020601160185384364,0.01487003181223313,0.7738014442077962,0.7588873105380068,0.06086243574088469,0.02089887710035671,0.00416766593226318,1.0,0.14350887239570023
1117,0.91,0.010000000000000009,0.1527606599658747,0.020633576559952103,0.014892750201749815,0.7739314677803922,0.759025524900059,0.06266528228049223,0.020752772412486454,0.004140322240692057,1.0,0.14034343129626192
1118,0.91,0.010000000000000009,0.15299477276187434,0.020808924278116484,0.015196611885877431,0.7737551661775939,0.7588381181795065,0.05964373761566348,0.02052400444893841,0.0041596492738834355,1.0,0.18010332790643516
1119,0.91,0.010000000000000009,0.15276782115557064,0.020785563051215317,0.015226689568291225,0.7739260737647242,0.759019791012807,0.06151641147219748,0.02028129476482937,0.00407805481190602,1.0,0.14367447755764767
1120,0.92,0.020000000000000018,0.15300952796428452,0.020693670160863823,0.015160454819520462,0.7181756436416243,0.6866144388755939,0.06194023793337523,0.02017701186698501,0.003967869659407258,1.0,0.15708915926957756
1121,0.92,0.020000000000000018,0.1527483766334807,0.020857660635732647,0.015267674828896967,0.7183450700377292,0.6868035955515782,0.06660936967923987,0.01993761969696242,0.003956682273016126,1.0,0.12677526715804702
1122,0.92,0.020000000000000018,0.15265934072850118,0.02095970861016838,0.01526122571280163,0.7184028518797329,0.6868681097088842,0.06316547177621765,0.019762495538677552,0.0039029710813028263,1.0,0.12428769855721672
1123,0.92,0.020000000000000018,0.15293764512215768,0.02084229354535548,0.01553452170988568,0.7182222708937401,0.6866664945367802,0.05873349145456423,0.019406101033066225,0.003875913249136234,1.0,0.15789569732655348
1124,0.92,0.020000000000000018,0.15302193562209537,0.0207931052415684,0.01562274241517635,0.7181675959499834,0.6866054543753055,0.06139504058308541,0.019184095095261536,0.003846420252511282,1.0,0.14504600301268822
1125,0.92,0.020000000000000018,0.15280362473972328,0.0211194547709276,0.015964287606897165,0.718309220216475,0.6867635696480935,0.05872119100053014,0.01902769611145396,0.003839476895036588,1.0,0.1106700202916211
1126,0.92,0.020000000000000018,0.15327371692885022,0.021197883696843403,0.016491668190266852,0.718004327829701,0.6864231879750039,0.055781725175628835,0.01880587460472541,0.003849341460166086,1.0,0.18007333618223154
1127,0.92,0.020000000000000018,0.153262477707712,0.021199778194816474,0.016701506487142897,0.7180116143434622,0.6864313220691124,0.06040343502143815,0.018631668298501592,0.0038654510454324284,1.0,0.1491328332927271
1128,0.92,0.020000000000000018,0.15301170860793667,0.02150029308945145,0.01697543200201671,0.7181742292481867,0.6866128598342364,0.0601544177147862,0.018404001658338512,0.003820079561449592,1.0,0.11501333393023261
1129,0.92,0.020000000000000018,0.15310303320976454,0.021434772726861118,0.017222022668937825,0.7181149999421107,0.6865467366489881,0.05807200089472278,0.018234975648811245,0.0037560808638146545,1.0,0.14222183070057487
1130,0.92,0.020000000000000018,0.1531956247882824,0.021380126552492523,0.017195537649100937,0.7180549589010332,0.6864797091154847,0.06612208895416828,0.018227239011861313,0.003828440387117579,1.0,0.14514454911472033
1131,0.92,0.020000000000000018,0.15359910303465815,0.021325654050625437,0.017319254971062313,0.7177934404486873,0.6861877817899634,0.05861741742604179,0.018153605084207162,0.003870318273740443,1.0,0.170688480522518
1132,0.92,0.020000000000000018,0.15335214204931968,0.02158106152489832,0.017610467581566994,0.717953488056074,0.6863664351981362,0.05582628924208464,0.01802652373506016,0.003895280122081061,1.0,0.1189404738847108
1133,0.92,0.020000000000000018,0.1530310702854694,0.02162105475802595,0.017384758354590375,0.7181616712601687,0.6865988400309664,0.05502557403010199,0.01789808634004433,0.0038412983888586796,1.0,0.1344473542313758
1134,0.92,0.020000000000000018,0.15298010753952565,0.021684253266611435,0.017389140732777388,0.7181947266510452,0.6866357434182698,0.05656481248456022,0.017841653319029954,0.0037319789885717817,1.0,0.12360616220467932
1135,0.93,0.030000000000000027,0.1533342436916343,0.021743934676309792,0.017653738313827192,0.6698707116025664,0.6210617519807549,0.07051059975717634,0.0179751330890631,0.003714198502776717,1.0,0.17452338859610037
1136,0.93,0.030000000000000027,0.1528528946113934,0.02203702965554359,0.0179684970321698,0.6701424451784137,0.6213770807147753,0.08697864226435828,0.01827869237870692,0.0038361918264579057,1.0,0.11569693122863897
1137,0.92,0.020000000000000018,0.1526898805081798,0.02221939916295575,0.017996620545892746,0.7183830313592564,0.6868459796509161,0.09150258216993422,0.01871368451800258,0.003776689241442818,0.0,0.11986508467982337
1138,0.92,0.020000000000000018,0.15285058432031084,0.022167374836168062,0.018277845456802732,0.7182787515314358,0.686729552246753,0.08721768465558709,0.01909524326320807,0.003441969566182281,1.0,0.1536208018069001
1139,0.91,0.010000000000000009,0.15256175936355926,0.022625332995713936,0.018679759680628263,0.774081315531717,0.759184817090077,0.08331908133877383,0.019097224028597103,0.003430952648045691,0.0,0.10275347397164962
1140,0.91,0.010000000000000009,0.15254944604370585,0.022631023523996905,0.01866215997448119,0.7740905940489334,0.7591946805735565,0.08819741376758906,0.01906787173627131,0.003477349291946681,1.0,0.14148245733799045
1141,0.91,0.010000000000000009,0.15192529214668507,0.022638190880455614,0.018747962349533027,0.7745612074186808,0.759694989895904,0.08465047667902136,0.018935359235038418,0.0034952480374362345,1.0,0.12076975389615305
1142,0.91,0.010000000000000009,0.15126282460500554,0.022323294139558296,0.01883267854999595,0.7750613357543745,0.7602267325436356,0.07620547549629124,0.01868321887031547,0.0035776129385262823,1.0,0.12915665774198262
1143,0.91,0.010000000000000009,0.15080144711436774,0.021878586885972266,0.019035799813674488,0.7754100333342414,0.7605975062487617,0.06877934183611786,0.01833139534518575,0.0036388750223086295,1.0,0.14926566284615755
1144,0.91,0.010000000000000009,0.15004863580309646,0.021624629455516707,0.019075453624666696,0.7759796634389917,0.7612032600703561,0.06263557606689699,0.0178806031101632,0.0036998089095481882,1.0,0.12012228078281093
1145,0.91,0.010000000000000009,0.14965253963391428,0.021614912703999897,0.018926324378794684,0.7762797138739851,0.7615223686173194,0.06546766818152874,0.0174172588409142,0.00371888498691283,1.0,0.13057614021659916
1146,0.91,0.010000000000000009,0.1490294874934598,0.02118077657702453,0.01867307204976084,0.7767521576583182,0.7620248623948623,0.06598349677614915,0.016951040245147007,0.003703730926174557,1.0,0.1330981978644885
1147,0.9,0.0,0.14843095622253094,0.0214851187254818,0.018659126231389624,0.8427018928609936,0.8427018928609936,0.059251319720937834,0.016367813839521378,0.0037711828744452953,0.0,0.10795624659481295
1148,0.9,0.0,0.1479921005416629,0.020985455196757194,0.018984759489607497,0.8430939927602155,0.8430939927602155,0.08762999331218359,0.01606999776379062,0.004057821297359262,1.0,0.15044639288931755
1149,0.9,0.0,0.14749822745245714,0.020709690580760408,0.0190562119765627,0.8435356850913404,0.8435356850913404,0.0850336923914328,0.015678410603997595,0.004084046158351548,1.0,0.13469219832461357
1150,0.9,0.0,0.14706938953724363,0.020205883557838443,0.019193705515760322,0.8439195891871548,0.8439195891871548,0.09291231327860698,0.01540446779430748,0.0041636281766924185,1.0,0.1498761140799747
1151,0.89,-0.010000000000000009,0.14623480132998753,0.01995859140599241,0.01958767494838114,0.778878387494065,0.7642869693295543,0.09838998765514227,0.015216692296706491,0.004218886080486635,0.0,0.11087314025051334
1152,0.89,-0.010000000000000009,0.14558460401835072,0.01943329567970133,0.019434894592760345,0.7793747353929635,0.7648151866255057,0.08837011469963411,0.014741000441534077,0.004320026725506799,1.0,0.12931222981244597
1153,0.88,-0.020000000000000018,0.14499330331354204,0.019857279400373982,0.01937540307071178,0.72341299729854,0.6924686294123076,0.07310861743923228,0.013974694506301403,0.004474181368281972,0.0,0.1016375457268624
1154,0.87,-0.030000000000000027,0.14428401972694688,0.01934235204079951,0.019595262228183925,0.6750169516219475,0.627044571607931,0.06140979790138096,0.013067633834675439,0.004592351211433068,0.0,0.12340360231660485
1155,0.87,-0.030000000000000027,0.14352506994487302,0.018846307507331257,0.019645430102404795,0.6754521099750472,0.6275515322378693,0.06567954399149539,0.012082131809755741,0.004363822202925767,1.0,0.1184369827687386
1156,0.88,-0.020000000000000018,0.1428029312163639,0.018260093353029107,0.019469610820307254,0.7248573784471317,0.6940856479714204,0.06284788906101035,0.011851502721122656,0.004184526089039341,1.0,0.12211808812521022
1157,0.88,-0.020000000000000018,0.14221241686287636,0.018220877153912875,0.019325543320961838,0.7252477646525253,0.6945228820657242,0.06347654656277492,0.011850549059966815,0.004177380368469706,1.0,0.11419331134324215
1158,0.88,-0.020000000000000018,0.14210500186580385,0.018200068157405814,0.01949868497502978,0.725318821397461,0.6946024744920432,0.066436274925752,0.011862711437988883,0.004174595265458206,1.0,0.1403157877675824
1159,0.88,-0.020000000000000018,0.14203467901469943,0.018213625893587857,0.019454922525340788,0.7253653486345951,0.6946545922405064,0.06441368726867855,0.01185660218374672,0.004184881138456338,1.0,0.1350435496927732
1160,0.88,-0.020000000000000018,0.14219107234964692,0.01819797354790144,0.019523281705150112,0.725261883282267,0.6945386964832106,0.0644858731485625,0.011854166017590583,0.004160946334154272,1.0,0.14811044770394943
1161,0.88,-0.020000000000000018,0.14226540540566507,0.018199030909679323,0.019283659907359415,0.7252127170085753,0.6944836253029426,0.06523364018064895,0.011860235935828927,0.004151585767692826,1.0,0.14620375902106592
1162,0.88,-0.020000000000000018,0.141741784665943,0.018307606718911344,0.019565282205712492,0.7255591985838418,0.6948717465713832,0.06889557517673035,0.011880311916475936,0.004149177908930688,1.0,0.11203762611120602
1163,0.88,-0.020000000000000018,0.1412188848184266,0.018220000631868495,0.019277352282152348,0.7259055336905129,0.6952597666554162,0.07451838935828833,0.011929195464283103,0.004133094324339336,1.0,0.11839524070467745
1164,0.88,-0.020000000000000018,0.141363100382658,0.018233786397756625,0.0195625024328548,0.7258099815943321,0.6951527076045914,0.06138021270572275,0.011929009955476664,0.004210394793446566,1.0,0.15024410485353318
1165,0.88,-0.020000000000000018,0.1413687934829551,0.01823327441635119,0.019643026852822584,0.7258062100649708,0.695148481983315,0.06357687100136021,0.01192137235522162,0.0042160123429501204,1.0,0.1400108576894169
1166,0.88,-0.020000000000000018,0.1415547738948337,0.018330325819818385,0.019769614636124963,0.725683024479843,0.6950104689603496,0.061370045487007245,0.011917037374634253,0.004165851219676498,1.0,0.16030091843487287
1167,0.87,-0.030000000000000027,0.1415866772820616,0.01834682708583278,0.019788565258876047,0.6765660750601146,0.6288500612148885,0.06017609906032906,0.011910992013152653,0.004126521514701518,0.0,0.15265108616831793
1168,0.86,-0.040000000000000036,0.1417422320262425,0.01842973231917342,0.0197812070659945,0.633614040819428,0.5689125967243392,0.053972501913093135,0.011932718396070822,0.004162498012200976,0.0,0.15924250124942846
1169,0.86,-0.040000000000000036,0.1417414243914489,0.018429328066704845,0.01964800616878317,0.6336144485656323,0.5689130871230607,0.06520884903032066,0.011938389947390268,0.004234713026087953,1.0,0.15092613952835404
1170,0.86,-0.040000000000000036,0.14178848417915874,0.01840400953136382,0.019747948141922208,0.6335906906210399,0.5688845136629863,0.0648952473369988,0.01193047662294325,0.004237083663772381,1.0,0.1342096312337056
1171,0.87,-0.030000000000000027,0.1419767606461865,0.018443426242040567,0.019926834515822552,0.6763416048091662,0.6285883127006088,0.06818083080446088,0.01193540625977087,0.004250034020745839,1.0,0.155153552119381
1172,0.87,-0.030000000000000027,0.1425690860071436,0.019088436398452167,0.02003294147022132,0.6760010407309728,0.6281912748453884,0.07215613863773866,0.011975801267433677,0.004214982600368581,1.0,0.19232427164277527
1173,0.87,-0.030000000000000027,0.14213895625547143,0.01918066059912567,0.020655979845582075,0.676248314520988,0.6284795425005181,0.0648158071884477,0.01197511732390124,0.00417479134696105,1.0,0.11674489141776224
1174,0.87,-0.030000000000000027,0.14188492799845412,0.01929756742914168,0.020692132083108057,0.6763944357418575,0.628649913401638,0.06718559903469952,0.011961218172740342,0.004153540867411473,1.0,0.12045645981895121
1175,0.87,-0.030000000000000027,0.14182798518572773,0.019294547983537264,0.020822291858121546,0.6764271988462627,0.6286881163088193,0.0663624245907596,0.011903369630934319,0.004143725249525941,1.0,0.1400325073619292
1176,0.87,-0.030000000000000027,0.14173288587627053,0.019331473076727602,0.0208233438017289,0.6764819230767272,0.62875192874592,0.0735930027599836,0.011908591946577538,0.004139648967545776,1.0,0.1295266278722022
1177,0.88,-0.020000000000000018,0.14185472924940373,0.01941786014372687,0.021109927923848654,0.7254844347779165,0.6947879924274148,0.07976320110091514,0.012031070482713362,0.004185959788832077,1.0,0.16162263320384151
1178,0.88,-0.020000000000000018,0.14171773913343697,0.01943846082008476,0.021339297190416776,0.7255751175432162,0.6948895801619093,0.07851531535606802,0.01212553140584374,0.004185062963828914,1.0,0.1320151070520652
1179,0.88,-0.020000000000000018,0.14138691786234578,0.019531489961260372,0.021365262041297347,0.7257942034008561,0.6951350297671999,0.07607644402073413,0.012179565664569727,0.004167378333900201,1.0,0.11953196030115004
1180,0.88,-0.020000000000000018,0.14140092758335293,0.01953293024164894,0.02144853592436719,0.7257849228027514,0.6951246318757944,0.07290205607505094,0.012217487955070633,0.004187895709197834,1.0,0.14410243299724862
1181,0.88,-0.020000000000000018,0.14127306242545987,0.019672227203561248,0.021674059806006327,0.725869634587555,0.6952195438064983,0.07512824364735633,0.012270375481683837,0.004203360780120133,1.0,0.11358858683504358
1182,0.88,-0.020000000000000018,0.14093060496161378,0.02007992545917462,0.021757805461692432,0.7260966130855359,0.6954738713315588,0.0754074201024951,0.012325900690574515,0.0041680682746105865,1.0,0.1003163381196717
1183,0.88,-0.020000000000000018,0.14067248441566715,0.020261181494775238,0.021708127163764395,0.726267787483828,0.6956656886941814,0.07499481950551563,0.012357551883125213,0.004151684547050684,1.0,0.11373145871206447
1184,0.88,-0.020000000000000018,0.14032192601013568,0.02026374790849208,0.021596152799216912,0.7265003919567152,0.6959263689865136,0.07238078670630836,0.012376092041910581,0.004127735792936838,1.0,0.12282094484084911
1185,0.88,-0.020000000000000018,0.14007303838250895,0.02044642400897984,0.021579335768117373,0.7266656257296469,0.6961115640419546,0.07440575466057488,0.012374510062842955,0.004017287322308535,1.0,0.11281307441234042
1186,0.87,-0.030000000000000027,0.13991804794216864,0.020610380752396934,0.02116542610653791,0.6775279582962338,0.6299721875266325,0.0580012924657639,0.012152756732665252,0.004163127408796551,0.0,0.11053003663361526
1187,0.87,-0.030000000000000027,0.13925157538827398,0.02072708555387114,0.020826384499182393,0.677912911943007,0.63042149955779,0.05406337943364406,0.011989134396596922,0.004178729653004564,1.0,0.10264191955327566
1188,0.87,-0.030000000000000027,0.13985521422360814,0.021258029937823764,0.021480976005692067,0.6775642323003156,0.6300145204328307,0.05816436512746867,0.011836785417898501,0.004219096057656112,1.0,0.18819982226762433
1189,0.87,-0.030000000000000027,0.14000570625262276,0.021372290221693065,0.021516847750791202,0.6774773595046663,0.6299131390734228,0.06859057798696075,0.011669508650082126,0.004311495654920806,1.0,0.16363848520555818
1190,0.87,-0.030000000000000027,0.1393420640421699,0.02147317695898864,0.022118399916151808,0.6778606201564302,0.6303604577352434,0.08332165879805686,0.011658696801591432,0.004439085614957899,1.0,0.10323509555606215
1191,0.88,-0.020000000000000018,0.138727565515517,0.021502065013064217,0.022008064529814315,0.7275601734649608,0.6971144274881564,0.07950428075922647,0.011616275694938165,0.004440301574301585,1.0,0.10729973865726343
1192,0.88,-0.020000000000000018,0.13854327596632693,0.021451336011365292,0.022284671622496394,0.727682871277346,0.697252014834601,0.08463489172677427,0.011689376828801506,0.004467405834826714,1.0,0.13533279005493132
1193,0.88,-0.020000000000000018,0.13854619622867845,0.021453515678926127,0.022086564265822395,0.7276809266783582,0.6972498341944449,0.08428227328995795,0.011713693347917047,0.004461914209910837,1.0,0.1547027204312313
1194,0.88,-0.020000000000000018,0.13782728615690482,0.020798064081841226,0.02220463706909507,0.7281599618452713,0.6977870760586049,0.08744964525856833,0.011766338482377384,0.004467446039890977,1.0,0.12150224570574317
1195,0.88,-0.020000000000000018,0.13732058660191546,0.020578293583945643,0.021797339446583845,0.7284979727470322,0.698166230564261,0.09075891517857024,0.011906820492469833,0.004496449363547363,1.0,0.12121203018267536
1196,0.87,-0.030000000000000027,0.13735567698320136,0.020570935454128244,0.02164681970198182,0.6790103762888182,0.6317031586173959,0.07807516482678997,0.01185334873140125,0.004574115202588827,0.0,0.13477834365852423
1197,0.87,-0.030000000000000027,0.13706218765157632,0.02045857878516632,0.021566206480234416,0.6791805839225389,0.6319020282646524,0.07768907030277412,0.011709702644373517,0.004573345953038557,1.0,0.13038814055887737
1198,0.87,-0.030000000000000027,0.13652622503633466,0.020234260728964507,0.021317884741879945,0.6794916329980011,0.6322655221699774,0.07952063422887888,0.011564188861155174,0.0045725053884568675,1.0,0.11851172424985434
1199,0.87,-0.030000000000000027,0.13647949063333922,0.02024163152140774,0.02131408106521292,0.6795187690905242,0.6322972376194191,0.07447576211800448,0.011402608084854856,0.0046009892173515185,1.0,0.1309742770683655
1200,0.87,-0.030000000000000027,0.13636485050961755,0.020205734170983994,0.021302902446942946,0.6795853434733147,0.6323750495236127,0.0810252116973912,0.011244338580894788,0.004640484404378938,1.0,0.13702282180428368
1201,0.87,-0.030000000000000027,0.13611989321172052,0.02011884464265538,0.021318601408055447,0.6797276400193681,0.6325413783166676,0.07246127525140209,0.01106143801005418,0.004725451964653252,1.0,0.131146332331398
1202,0.87,-0.030000000000000027,0.13589723168038584,0.01997642757972021,0.02122969942966672,0.6798570365882066,0.6326926439617105,0.07489373657794852,0.010877929298934443,0.004678971578471142,1.0,0.1376982013103767
1203,0.87,-0.030000000000000027,0.13539010099096166,0.019609593460051516,0.02095456937479135,0.6801519323072313,0.6330374345935625,0.08477679483829229,0.010899954703215108,0.004750869258769661,0.0,0.12460445034089063
1204,0.86,-0.040000000000000036,0.13513862238507612,0.01977372909910952,0.02109929454064621,0.6369656024313286,0.5729507899882305,0.07031409461119587,0.010762682876263847,0.0048760502628559955,0.0,0.1098380322926082
1205,0.86,-0.040000000000000036,0.13506175841378407,0.019787402837320275,0.02110086078166979,0.6370048223384819,0.5729981308524289,0.07749381897798063,0.010682582037578913,0.004902066587175637,1.0,0.12773812238060378
1206,0.87,-0.030000000000000027,0.13468491395510396,0.01979779863416597,0.020901990704677468,0.6805624229518519,0.6335175058665067,0.07463349219622417,0.010637712714257196,0.004902851539973237,1.0,0.11548510586845966
1207,0.87,-0.030000000000000027,0.13480053924296795,0.01975258350487919,0.020647244228818497,0.6804950833062404,0.6334387415597085,0.07708213122068022,0.010570823370676054,0.004881639964176546,1.0,0.1327909263884905
1208,0.86,-0.040000000000000036,0.13447536979356994,0.019539772201901746,0.020529589251515146,0.6373041866789485,0.5733595478905326,0.07936639922840444,0.010568799191114746,0.004861338558472143,0.0,0.1312371742923572
1209,0.86,-0.040000000000000036,0.13430846655900205,0.019472900445906362,0.020551504049336897,0.6373894459145686,0.5734625010458406,0.08116319915360751,0.010531090620103165,0.004876101839666501,1.0,0.13386220092620182
1210,0.85,-0.050000000000000044,0.13416306108366227,0.019408644661243056,0.020331490286314542,0.59926290467104,0.5189715131033557,0.0852062022052394,0.010540324747073063,0.004890022860101261,0.0,0.13555651519952341
1211,0.85,-0.050000000000000044,0.13407766394410037,0.019460358091060084,0.020334671729913694,0.5993014730251512,0.5190192047759967,0.08170095640486329,0.010532988190006164,0.004900841814679035,1.0,0.11808167196477468
1212,0.86,-0.040000000000000036,0.1339319356296682,0.019441702477935315,0.020402301529748583,0.6375818731441868,0.5736948975027187,0.0835466468366843,0.010565983511572891,0.004917143198939096,1.0,0.12920843479618563
1213,0.86,-0.040000000000000036,0.13379409225925465,0.019388756080709266,0.020377398126130073,0.6376523474569483,0.5737800221113578,0.08576879840200606,0.01062444052650951,0.004912405808929105,1.0,0.1344283418457986
1214,0.86,-0.040000000000000036,0.13368922204829758,0.019380412987414154,0.02033785664936412,0.6377059742259858,0.5738448012025108,0.08120818809861301,0.010597512246417706,0.004921369058020728,1.0,0.13004031378360648
1215,0.86,-0.040000000000000036,0.13372701308448262,0.01938120491809328,0.02028411239354366,0.6376866482404009,0.5738214557192265,0.08018225807785943,0.010594848969168909,0.004913537724917444,1.0,0.136003804235792
1216,0.86,-0.040000000000000036,0.13348789028876454,0.019406539217935163,0.020417867649225086,0.6378089531685103,0.5739692062977503,0.08075754713774101,0.010576785391426601,0.004901138154415162,1.0,0.11959659282389269
1217,0.86,-0.040000000000000036,0.13316775649621798,0.01955429524681912,0.020130055974195937,0.6379727665264927,0.5741671315807949,0.08582583198989845,0.010626140226456748,0.004921812297721513,1.0,0.10833005204160538
1218,0.86,-0.040000000000000036,0.13259482459694616,0.019002250803943282,0.019908351283174336,0.6382661475342946,0.5745216922810127,0.07987688493991174,0.010579519922847244,0.004962986774423055,1.0,0.1228101379792546
1219,0.86,-0.040000000000000036,0.1324408455840112,0.018974211753558557,0.01982806599603258,0.6383450415156734,0.5746170573463584,0.08549314761033035,0.010603976292266427,0.005015435625021447,1.0,0.12827657626415073
1220,0.86,-0.040000000000000036,0.1318003434317797,0.019210938900382224,0.019877800744579965,0.6386734239889319,0.5750140846958154,0.0802524229566089,0.010577356459031148,0.005021209290757374,1.0,0.09303894404642912
1221,0.86,-0.040000000000000036,0.1318233691384325,0.019206281516820592,0.020216703019085704,0.6386616129617836,0.5749998022698984,0.08472526310791138,0.010626044759146844,0.005031602646800609,1.0,0.12907783782332774
1222,0.85,-0.050000000000000044,0.1319078425814741,0.019191523183933835,0.019914169749072667,0.6002831090562728,0.5202339308840839,0.087935882224109,0.010684586364295959,0.005019265664927319,0.0,0.13273504286137341
1223,0.85,-0.050000000000000044,0.1316953864438391,0.019019480199569373,0.019823920722686954,0.6003793979568479,0.5203531754091933,0.07815358776240768,0.010596802923506924,0.005091192385464492,1.0,0.13665008356305353
1224,0.85,-0.050000000000000044,0.13167637377545593,0.019007071106435323,0.019542291125618783,0.600388016342253,0.520363849249056,0.07873867479751717,0.010541496616967459,0.005070093773874132,1.0,0.14314473617437168
1225,0.85,-0.050000000000000044,0.13187973746903656,0.01888965894804963,0.01896385709161954,0.6002958450204693,0.5202497022070247,0.0772583185605962,0.01044208010225729,0.005055355293187461,1.0,0.13100638964968636
1226,0.85,-0.050000000000000044,0.13151310531052712,0.018297214644699158,0.018776616968307343,0.6004620356332336,0.5204555272922532,0.07970622227624619,0.010301720872696941,0.005033397655509084,1.0,0.14341012033128328
1227,0.85,-0.050000000000000044,0.13116496301559524,0.01828985569590746,0.018725829262946206,0.600619930177125,0.5206511230833774,0.08317898329487614,0.010251384929805629,0.005065960723306841,1.0,0.11431860379954142
1228,0.85,-0.050000000000000044,0.13147860637190356,0.01827911273572753,0.018774824909321763,0.6004776783866014,0.5204749031722039,0.07623951020970635,0.0101558583226015,0.005115021897701855,1.0,0.14637766956106404
1229,0.85,-0.050000000000000044,0.13137555787429478,0.018247276411712303,0.01889137006293005,0.6005244082205848,0.5205327876114626,0.08049762697297344,0.01004117191707471,0.005076719157336417,1.0,0.1319169809396979
1230,0.85,-0.050000000000000044,0.13123645385221708,0.018194727128739853,0.018640247867222466,0.600587499841048,0.5206109455966357,0.07700733646771749,0.010008041296177717,0.005036169854075098,1.0,0.13123414690695157
1231,0.85,-0.050000000000000044,0.13103796337301268,0.017868599287400783,0.018315573918306474,0.6006775495702964,0.5207225115320085,0.08007260967317047,0.009890893632204389,0.005038938995706369,1.0,0.15083943260207566
1232,0.85,-0.050000000000000044,0.13102035197895856,0.01788137728927613,0.01849893975442881,0.6006855406848205,0.5207324127125911,0.07598631120701971,0.009704071140231287,0.005072126705344431,1.0,0.11717933447929926
1233,0.85,-0.050000000000000044,0.1309465166674,0.017882318078858348,0.018489276083413886,0.600719045539061,0.5207739272533937,0.07337023356038497,0.009494231228538859,0.005083003868901769,1.0,0.12706382307551817
1234,0.85,-0.050000000000000044,0.13108484989157865,0.017878505029359528,0.018079765327409892,0.600656275996802,0.5206961536207116,0.07491159555644653,0.009306409849995667,0.004957706643886067,1.0,0.13743948462254393
1235,0.85,-0.050000000000000044,0.13063874082914462,0.017337433685464178,0.017561589013292564,0.6008587477741091,0.5209470482008182,0.06967636810227797,0.009311209460218212,0.0048442438655728,1.0,0.1299124823526983
1236,0.85,-0.050000000000000044,0.13076494089090646,0.017274027072814075,0.017535603068814704,0.6008014565667726,0.5208760479604456,0.07632374427462836,0.009239303934799629,0.00486569271675234,1.0,0.12831693740482214
1237,0.86,-0.040000000000000036,0.1310096596663369,0.017291213173441435,0.017356454661652768,0.6390792701470955,0.5755049622926248,0.07245221693360754,0.009099392806167905,0.004861517260456115,1.0,0.14433696222286738
1238,0.86,-0.040000000000000036,0.13076211259079504,0.01714228936556032,0.01699891466301542,0.6392064384024568,0.5756588184456582,0.0706077620839841,0.00902888146748346,0.004840768286040056,1.0,0.12886609425271411
1239,0.87,-0.030000000000000027,0.13101992910863372,0.01691142725101575,0.016611055926963443,0.682703821604378,0.6360242955312994,0.07425100017511789,0.008990145740758751,0.0048282925856594355,1.0,0.12853512575551918
1240,0.87,-0.030000000000000027,0.13102344934324728,0.016913641227942502,0.01653617361991283,0.6827017583156476,0.6360218782301644,0.07338275669998386,0.008891173022539651,0.004801235074412631,1.0,0.14183448079934574
1241,0.87,-0.030000000000000027,0.1311045980140791,0.016883691469736818,0.016582264084298515,0.6826541987105718,0.6359661595450491,0.07437591010393801,0.00883527970582255,0.004725963884728026,1.0,0.12888462097933318
1242,0.87,-0.030000000000000027,0.13130584407576065,0.01697894298199551,0.016585169516890742,0.6825362810269106,0.635828021136921,0.07543402313779175,0.008834246400769625,0.0046616404440581296,1.0,0.14928126391013846
1243,0.86,-0.040000000000000036,0.13109219228783597,0.016885771275411597,0.016506759393588744,0.6390368832781251,0.5754536846652125,0.07019814149163744,0.008825970077754304,0.004652469897360487,0.0,0.1279004840536897
1244,0.86,-0.040000000000000036,0.13133358569495932,0.01689976182851982,0.01656642886841368,0.638912941404674,0.5753037590546577,0.07098351285043258,0.00875113095126737,0.004631795950331835,1.0,0.14426162149514649
1245,0.86,-0.040000000000000036,0.13135614427202605,0.01690024130380478,0.01665640428178725,0.6389013613064702,0.5752897522721113,0.06888742650339627,0.008721499761101942,0.004647758149851188,1.0,0.13283199792327333
1246,0.86,-0.040000000000000036,0.13134845239749804,0.01689962171588353,0.016407525859988396,0.638905309764664,0.5752945281356278,0.06774308267936241,0.008705526674806596,0.0045913153899403035,1.0,0.13232901041168438
1247,0.87,-0.030000000000000027,0.1315602065751452,0.016737071514369296,0.01601062888784344,0.6823872986832188,0.6356535086200248,0.07427800719789697,0.00856470282077072,0.004370671459912917,1.0,0.1291316643595303
1248,0.87,-0.030000000000000027,0.13138883037489926,0.01663021008829581,0.01589368862461609,0.682487668075463,0.6357710755317214,0.08109884310298347,0.008492220725069942,0.004413343530461764,1.0,0.13330877286472653
1249,0.87,-0.030000000000000027,0.1313639887158819,0.016627112166418892,0.015751434328520008,0.6825022194666006,0.6357881209301731,0.07512408482002403,0.008430600720338697,0.004394112595065656,1.0,0.13220803242287799
1250,0.87,-0.030000000000000027,0.13127136004894813,0.01654934376129024,0.015442366057148865,0.6825564836310485,0.6358516872454633,0.07386123129343909,0.008231326848552914,0.004351538647086359,1.0,0.14061324738659647
1251,0.88,-0.020000000000000018,0.1316776631803418,0.01654231540609977,0.015366114708071617,0.7322835912771446,0.7024167478977394,0.0774615120349208,0.007881859401947465,0.004286694281288113,1.0,0.1515034533898819
1252,0.87,-0.030000000000000027,0.13182528203797939,0.01658635509199069,0.015161616260880627,0.6822321108528154,0.6354717480773587,0.07470451650563446,0.0077553588183661305,0.004160386182994016,0.0,0.14407411557620653
1253,0.88,-0.020000000000000018,0.1321892142535304,0.016317071269542426,0.015002801025572582,0.7319387906010022,0.7020292913279588,0.07239322869359513,0.0077567210638084414,0.004065562630208036,1.0,0.13803076728196056
1254,0.89,-0.010000000000000009,0.13238964849551574,0.016331018171812827,0.015007342840575753,0.7895859810599014,0.775694707046239,0.07737298039490907,0.007654951429614638,0.0040727344040585355,1.0,0.14344702651514074
1255,0.89,-0.010000000000000009,0.13256446422466228,0.016274192976596366,0.01504620511810381,0.7894489468417056,0.77554854493371,0.07337276016894584,0.007605585511531742,0.004084538093911852,1.0,0.1359185556833914
1256,0.89,-0.010000000000000009,0.13268955793105897,0.016241459304284694,0.014979198250796202,0.7893509178196233,0.7754439888346575,0.07917775867719573,0.0075294195489251795,0.004136824366704633,1.0,0.13462745876487636
1257,0.88,-0.020000000000000018,0.13285794082684751,0.016135768477801238,0.01475165664896223,0.7314885383293008,0.7015234318005718,0.07927696998542832,0.007459289561795234,0.004107930255040547,0.0,0.1310316009220997
1258,0.88,-0.020000000000000018,0.1328761863885726,0.01614521993452966,0.014810611244347871,0.7314762613918713,0.7015096401259744,0.07931790502679921,0.007425200949840702,0.004087913561952642,1.0,0.14214034394008757
1259,0.88,-0.020000000000000018,0.13284117463350506,0.016144278145037452,0.014785672575084157,0.731499820203718,0.7015361057105325,0.08092076886896492,0.0073733044894738545,0.0041033749555110435,1.0,0.13154237418601888
1260,0.88,-0.020000000000000018,0.13268163638954758,0.016071261415247423,0.014772617630026592,0.731607189977456,0.7016567268610232,0.07609929634827385,0.007296649480575765,0.004144523495799979,1.0,0.13215662330820302
1261,0.88,-0.020000000000000018,0.13253276566489883,0.016014163539205564,0.014435989386007918,0.7317074089074536,0.7017693200997206,0.07677023856440462,0.00722917496398625,0.0041143114475176495,1.0,0.13131668655619158
1262,0.88,-0.020000000000000018,0.1327612256325812,0.015882568990776197,0.01440780071661175,0.7315536222100871,0.7015965471014162,0.07932972969579347,0.007211153678588503,0.004083368790445234,1.0,0.134883622879442
1263,0.87,-0.030000000000000027,0.13254458870180288,0.01622117837672311,0.014471469515639409,0.68181134982369,0.6349790474531176,0.07666492666458366,0.007211656947673917,0.003977577137704266,0.0,0.09673154762684769
1264,0.87,-0.030000000000000027,0.13212618937555973,0.01629866369638669,0.01448600868168238,0.6820560308526595,0.6352655437798932,0.07809338365011087,0.007076434540276481,0.0039698175285112335,1.0,0.10840417222921811
1265,0.86,-0.040000000000000036,0.1319823406713919,0.016291918001506648,0.014455016300853673,0.6385800804945236,0.5749012144828828,0.07387905215355481,0.006974903627701384,0.003990095366715306,0.0,0.12562598727263213
1266,0.86,-0.040000000000000036,0.13172041767725484,0.016043184865970433,0.014463428416833294,0.6387144252634028,0.5750636666901323,0.07513300034287093,0.006824889959591352,0.003990701445125789,1.0,0.1341086190211696
1267,0.87,-0.030000000000000027,0.13139982475555465,0.015941723076170578,0.01453338205260869,0.6824812281427436,0.6357635318990253,0.07389480642346626,0.006644114786488753,0.003940545856965877,1.0,0.12059179399829528
1268,0.88,-0.020000000000000018,0.13108006117905202,0.015698885716765167,0.01451679607159654,0.7326868044926292,0.7028699227468201,0.08339027858730014,0.006305914078967528,0.003922961261477053,1.0,0.12726614359916721
1269,0.88,-0.020000000000000018,0.13061720517342013,0.015789002253360534,0.0145764839134082,0.7329994073465066,0.703221318759322,0.07728878752755265,0.0062077575312041895,0.003981424790430847,1.0,0.10464053896516479
1270,0.88,-0.020000000000000018,0.1305894436350396,0.015785101494986735,0.014635564898709352,0.7330181653637654,0.7032424062326472,0.07831766028076918,0.0061019035637241694,0.003958629732711195,1.0,0.13143347739565478
1271,0.88,-0.020000000000000018,0.1305191723785761,0.015690952634299888,0.014428718732587964,0.7330656507930218,0.7032957894476597,0.07424669807772044,0.006048545362801705,0.003959595938466458,1.0,0.14812642647303106
1272,0.88,-0.020000000000000018,0.1299085691956165,0.014409719024364548,0.013835618660882955,0.7334785217910001,0.7037599899351231,0.0733879391519113,0.006040756214751261,0.0038941255089363384,1.0,0.1312639533468139
1273,0.88,-0.020000000000000018,0.13005034709300178,0.014349124067107465,0.013801575264815636,0.7333826145087095,0.7036521511312824,0.07594169354129157,0.005924011797801615,0.003895983716442686,1.0,0.1309226811562893
1274,0.88,-0.020000000000000018,0.13021860341677777,0.014334280796220915,0.013668073886000352,0.733268828131273,0.7035242152385095,0.07205635054026724,0.005865219350430706,0.003926914711968791,1.0,0.13728209219655402
1275,0.88,-0.020000000000000018,0.1303151413193807,0.014432223336984129,0.013687248895454305,0.7332035585707988,0.7034508323849774,0.07190371575004334,0.005792445000725622,0.0038554203344031337,1.0,0.14968629762222285
1276,0.88,-0.020000000000000018,0.1303361361893642,0.014432588078580312,0.013545472909798097,0.7331893654155726,0.7034348752553967,0.07618860580739807,0.005783754203455288,0.003836376816387206,1.0,0.13162611487054843
1277,0.88,-0.020000000000000018,0.12971455303743562,0.01441025591907507,0.013571273624018184,0.733609806900849,0.703907615671015,0.06895100854611083,0.00582901552608571,0.003896878952916904,1.0,0.09946431801098343
1278,0.88,-0.020000000000000018,0.12969669445856818,0.014408500281351187,0.013755938112941653,0.7336218936455755,0.7039212072698553,0.0683268699411897,0.005885749154852066,0.0038785483192763717,1.0,0.1302292491653219
1279,0.88,-0.020000000000000018,0.12972310889226774,0.01439225359258262,0.013589123696761051,0.7336040164113571,0.7039011042668062,0.06997964641073874,0.005922647405973877,0.003863178506386128,1.0,0.12217340367110269
1280,0.88,-0.020000000000000018,0.12951422755984537,0.014333503703172639,0.013291417130313662,0.7337454106680736,0.7040601071323522,0.07376820590788215,0.0059179071788239375,0.003878960040980451,1.0,0.12321429975501585
1281,0.88,-0.020000000000000018,0.12962968237405062,0.01425102088361022,0.013176745612992221,0.7336672511954568,0.7039722127255813,0.07280329201602188,0.005928121133526152,0.003885886681755416,1.0,0.12513406825556536
1282,0.88,-0.020000000000000018,0.1296208076275323,0.01426953715354034,0.01330088787759153,0.7336732585439013,0.703978968188232,0.0700245986888694,0.005962646036802314,0.003909786608322819,1.0,0.09942886346784108
1283,0.88,-0.020000000000000018,0.12947899876625313,0.014495415036803886,0.013210304271404877,0.7337692628287499,0.7040869307734573,0.07295014877349998,0.005971280172844945,0.00391293324756952,1.0,0.09955057258414735
1284,0.88,-0.020000000000000018,0.12941332146092668,0.014540242793892304,0.013277928223885165,0.7338137347323113,0.7041369437471733,0.07240549068551717,0.005971111005332047,0.0038979806226575636,1.0,0.1162532143082041
1285,0.88,-0.020000000000000018,0.12982723062250867,0.014650509562454733,0.013638208410588295,0.7335335555246753,0.7038218724307143,0.07544407243051197,0.0059683933766400046,0.003762971729225077,1.0,0.15420399057053907
1286,0.89,-0.010000000000000009,0.1298692194597227,0.014601076677697796,0.01395726854326687,0.7915669908429027,0.7778081585482999,0.07825742009697552,0.00567384819799932,0.0037516124831073363,1.0,0.11472892035502032
1287,0.89,-0.010000000000000009,0.1301851742387805,0.014348141479438494,0.013290102628011164,0.7913181115570552,0.7775425903298794,0.07684350949885477,0.005197971580979096,0.0037244703104234596,1.0,0.1342373974590543
1288,0.88,-0.020000000000000018,0.12963739922535347,0.01311552148319761,0.0130502414105573,0.7336620277104879,0.7039663387588807,0.08083834825502434,0.004858184258673226,0.003659506935642424,0.0,0.13342232092492057
1289,0.88,-0.020000000000000018,0.12921883198604392,0.012684560585223083,0.012557687572181772,0.7339454605097431,0.7042850882927401,0.07694003081772209,0.004781510007081703,0.0035500850833818792,1.0,0.121781761274602
1290,0.88,-0.020000000000000018,0.129123925156047,0.012912082275292069,0.012799836113767945,0.7340097571279717,0.7043574023922098,0.07569628936628496,0.00474446510588518,0.003524088754216291,1.0,0.0937444125563699
1291,0.88,-0.020000000000000018,0.12937420301564584,0.012727879203097469,0.012906402383092295,0.7338402254654582,0.7041667356443566,0.07401096293293732,0.0047487685246008484,0.003489287900335481,1.0,0.13232752461714847
1292,0.88,-0.020000000000000018,0.12943250234115708,0.012768326223259387,0.0127999909448358,0.7338007462753208,0.7041223368583317,0.07302527139304464,0.004704899258730698,0.003495682578144333,1.0,0.14116272260605517
1293,0.88,-0.020000000000000018,0.12938479845679196,0.012682447311857512,0.012553214527292134,0.7338330501191471,0.7041586660999535,0.06905012298559668,0.0047127774882733875,0.003503841936112389,1.0,0.14993233199472072
1294,0.87,-0.030000000000000027,0.12932589433963007,0.012732501688452687,0.012896954754384043,0.6836981826926742,0.6371897039777276,0.07340045023195597,0.004602324416278316,0.0035143576666816566,0.0,0.11561183398955399
1295,0.87,-0.030000000000000027,0.12917718916953963,0.012911969481032067,0.012853560889132276,0.6837856076624705,0.6372922093939862,0.07033454237188981,0.004423291993947201,0.0034172077425229275,1.0,0.10634151317363005
1296,0.88,-0.020000000000000018,0.1289886608483801,0.012966331525702257,0.012906023467610009,0.7341014142358536,0.7044604924723846,0.07556271408341302,0.0044213452752839754,0.003466117613103811,1.0,0.11592551154257247
1297,0.88,-0.020000000000000018,0.12867327320425312,0.013307534078759847,0.01295854588263395,0.7343152145328838,0.7047009786557545,0.07489928819156702,0.004422326941189408,0.003454318239020388,1.0,0.09884937614617895
1298,0.88,-0.020000000000000018,0.12882192506271983,0.013276183077637426,0.013181424479925248,0.7342144283896622,0.7045876096970145,0.07747241640705325,0.004412724873915394,0.0034293511289659627,1.0,0.13337691009652852
1299,0.88,-0.020000000000000018,0.12892667577133252,0.013333951263261274,0.013201867844543257,0.7341434238952961,0.7045077437435754,0.07691495417306363,0.004408675788165008,0.0033688260042649817,1.0,0.1414493479296295
1300,0.88,-0.020000000000000018,0.1293153311986099,0.014108214967052632,0.013490378219588815,0.7338800966469746,0.7042115761027624,0.07325006720492705,0.004395662725352492,0.0033193406560038455,1.0,0.17588836453202533
1301,0.88,-0.020000000000000018,0.12948615620952386,0.0142322249976795,0.013703586927975216,0.7337644166534586,0.7040814808417878,0.07463773328781335,0.004381660898008024,0.003308787168694147,1.0,0.14822883342279297
1302,0.88,-0.020000000000000018,0.12954328116318056,0.014276467229286695,0.013619994865119254,0.7337257406754105,0.7040379868955985,0.0758479696609072,0.004379444074988238,0.003221182907206774,1.0,0.1434106966760471
1303,0.89,-0.010000000000000009,0.12974704755986222,0.014349750336684829,0.013486701686177105,0.791663268284175,0.7779108958526174,0.07266359117114773,0.004312903036774544,0.003107260465415492,1.0,0.1449810900090565
1304,0.9,0.0,0.12994415429297929,0.014209616045732622,0.013461775366144244,0.8595413296999906,0.8595413296999906,0.0745617681308802,0.004274762849208314,0.0030539115017078934,1.0,0.12954870560431386
1305,0.9,0.0,0.13013475075817438,0.01430624474276429,0.013512240485171063,0.8593642845851037,0.8593642845851037,0.07431257271170791,0.004277705365609248,0.003027536437439366,1.0,0.14679776890011298
1306,0.9,0.0,0.1303191897580228,0.014234903008399025,0.013467421722815277,0.8591930285657198,0.8591930285657198,0.07274918592413526,0.004289064131055284,0.0030185944956526655,1.0,0.13392900585330497
1307,0.9,0.0,0.1302937878791352,0.014232735873299984,0.013488881472890473,0.859216610764283,0.859216610764283,0.07050967459379302,0.004326219825399075,0.0030181424080023417,1.0,0.13025073849972735
1308,0.91,0.010000000000000009,0.13060962515590882,0.014595966873937926,0.013791357602548534,0.7909840155145691,0.7771861135996385,0.07501836371178096,0.0043159978590043115,0.003045535228131481,1.0,0.1628209019697202
1309,0.91,0.010000000000000009,0.1306087308509062,0.014595770297380337,0.014067658787098612,0.7909847191480605,0.7771868643415021,0.071868418172198,0.004307212977995931,0.0030365144451814925,1.0,0.13377277042594088
1310,0.92,0.020000000000000018,0.13059289771831162,0.014591252545388142,0.013893169779819563,0.7330158314439188,0.7032397824658989,0.07171051920934406,0.004229304097089062,0.0030027028609640976,1.0,0.13397320194006362
1311,0.92,0.020000000000000018,0.13074317585935663,0.01453891645874418,0.013789502638803158,0.7329143030753521,0.7031256481806529,0.07167943160307715,0.004209985356643086,0.002984373539493854,1.0,0.13310948606927686
1312,0.91,0.010000000000000009,0.13069926658714234,0.014550111508680524,0.01382053366349919,0.7909134925573055,0.7771108697013277,0.06860691543216477,0.0041984426659163,0.0029929630809644656,0.0,0.12481750757475651
1313,0.91,0.010000000000000009,0.130532870364537,0.01460156907418412,0.013847208006199197,0.7910444102538293,0.7772505521938152,0.06817569814837252,0.004140085885334849,0.0029512520403624375,1.0,0.11778871958526343
1314,0.91,0.010000000000000009,0.1305796317774769,0.014607403276732295,0.0139579579560997,0.7910076147971449,0.7772112929204745,0.06276283706303515,0.004289906359046178,0.0029955644753582337,1.0,0.13471645507759855
1315,0.91,0.010000000000000009,0.1303392376977384,0.014713581978564212,0.014022047323814438,0.7911968116912397,0.7774131617427518,0.06609067628044443,0.00435866340836976,0.003023368012302957,1.0,0.11196439626194038
1316,0.91,0.010000000000000009,0.13048732144850933,0.014679196956056125,0.014134916322367531,0.7910802549165928,0.777288797309934,0.06927645793108148,0.004361337486406298,0.0030043528284492164,1.0,0.13440496790098372
1317,0.91,0.010000000000000009,0.130386440688764,0.014864616492159498,0.014353935573844909,0.7911596544706172,0.7773735151711574,0.07043472323429223,0.004248862134807605,0.002955962103734308,1.0,0.09824197606707358
1318,0.91,0.010000000000000009,0.1305669595144654,0.014881115903024569,0.014729224525334043,0.7910175859649053,0.7772219317247085,0.06897210855653206,0.004259838163006867,0.0029140060634044247,1.0,0.14086202054939395
1319,0.91,0.010000000000000009,0.13070827540552107,0.014925726895026487,0.014388906470814868,0.7909064058099425,0.7771033086173235,0.07104720210470022,0.004137901628582628,0.0028820299916311586,1.0,0.1424081653697169
1320,0.91,0.010000000000000009,0.13107867062877465,0.014437946947793061,0.014149419654865665,0.7906151459461677,0.7767925639497573,0.06521032859202736,0.004204512761899641,0.0028958081063924753,1.0,0.13007846637178921
1321,0.91,0.010000000000000009,0.1315867976000714,0.015230957511504035,0.01461563039772593,0.7902159297062948,0.7763666727351697,0.06687338963908071,0.0041452781869503455,0.00288017620670415,1.0,0.1798905349530011
1322,0.91,0.010000000000000009,0.13159628676480606,0.01523196549610754,0.015042817619104521,0.7902084782614148,0.776358723747969,0.07230575724442401,0.003917530769197995,0.002836237551589422,0.0,0.13368395933484056
1323,0.9,0.0,0.13126955121266204,0.015468649542945367,0.01527729012794161,0.858311676106821,0.858311676106821,0.0735973174493875,0.003897361089233822,0.002843373644214209,0.0,0.10397652834865057
1324,0.9,0.0,0.13105605580934715,0.015450597797923803,0.015334667107431981,0.8585095113687176,0.8585095113687176,0.07225135983107905,0.0038739115865870613,0.0028420160824100434,1.0,0.12179519584288245
1325,0.9,0.0,0.1310163169026396,0.015455783984026928,0.015262278950406234,0.858546345447399,0.858546345447399,0.06798908656882299,0.003906981618048868,0.0028603430475272764,1.0,0.12703249897893032
1326,0.9,0.0,0.13076960635343504,0.015452884451566585,0.015052197304308887,0.8587750927311786,0.8587750927311786,0.07065049110927242,0.0038777072011954112,0.0028521475275456545,1.0,0.1187390654108258
1327,0.89,-0.010000000000000009,0.13084192733235525,0.01539252853597615,0.014756768723694951,0.7908012840253696,0.7769911520921167,0.07153851373204777,0.0037698763339094575,0.0027910217652992466,0.0,0.12155070169156879
1328,0.89,-0.010000000000000009,0.1307862604307335,0.015346239378166463,0.01480524942153284,0.7908450645403491,0.7770378620841986,0.07814638561054235,0.003787161095628182,0.0028147566654530593,1.0,0.14081097939888587
1329,0.89,-0.010000000000000009,0.13075407103402875,0.01534720978545279,0.014920705018471396,0.7908703828437381,0.777064874708991,0.07390138796824157,0.0037264978251704975,0.0028223799698676535,1.0,0.12869804126922235
1330,0.89,-0.010000000000000009,0.13074594373465737,0.015347168598947806,0.01474007966499129,0.7908767755600719,0.7770716952545742,0.0738610063582687,0.0037117912739838884,0.0027918255093072487,1.0,0.13042141696981602
1331,0.89,-0.010000000000000009,0.13056287944049708,0.015215009836832523,0.014421407827551424,0.7910207964238369,0.7772253571502742,0.07187608948625077,0.0036598591639636423,0.002770599432598836,1.0,0.13253300318604588
1332,0.89,-0.010000000000000009,0.13049402424240023,0.015290812287324176,0.014546202776240445,0.7910749799574432,0.7772831690774625,0.07391288099582849,0.0036521354703699144,0.0027647480574770475,1.0,0.11029381466961419
1333,0.89,-0.010000000000000009,0.13030531394015699,0.015447624906217783,0.014462620556759587,0.7912235179288669,0.7774416573645255,0.07338482478103768,0.0036521274844630402,0.0027545126455450195,1.0,0.10819279285119326
1334,0.89,-0.010000000000000009,0.1303412925575639,0.01546837490069126,0.014718353397589859,0.7911951940753202,0.7774114357478632,0.07436845585724655,0.0036505429074428354,0.002711567227585831,1.0,0.14103734636323578
1335,0.89,-0.010000000000000009,0.13028837760035228,0.015478798477032846,0.014868058597426478,0.7912368516170358,0.777455884504726,0.0712212263796088,0.0036372688988630815,0.002676212210467521,1.0,0.12462098663153415
1336,0.88,-0.020000000000000018,0.13032434504686552,0.015478354531948166,0.014779903755068564,0.7331973365102127,0.7034438370121424,0.07580117335446106,0.003633707602968927,0.002683367964344606,0.0,0.13191368205614573
1337,0.88,-0.020000000000000018,0.13017389879104566,0.015414406928360186,0.014650110597948454,0.7332990569972295,0.7035582024459756,0.07204147280977607,0.0036352145052918517,0.0027027138804563396,1.0,0.1292923366408833
1338,0.88,-0.020000000000000018,0.13021107209116886,0.01541569050356907,0.01468001079115001,0.7332739205713641,0.7035299407856895,0.07321127089426688,0.0036231505018701985,0.002677729637964997,1.0,0.13258342426503267
1339,0.88,-0.020000000000000018,0.13023273629401103,0.015414842264839666,0.014564682742477984,0.73325927212525,0.7035134712386745,0.0704105172828692,0.003636420995270406,0.0026972499423716994,1.0,0.1307015460397371
1340,0.88,-0.020000000000000018,0.1301926340347456,0.015389803788428883,0.014505822631498735,0.7332863880905168,0.7035439583610827,0.06878535422437451,0.0036673744960261114,0.0027036338782761497,1.0,0.13782425487280403
1341,0.88,-0.020000000000000018,0.13029749411256308,0.015416235334894677,0.014315415873493397,0.7332154890314364,0.7034642456865939,0.0678984089955909,0.0037086540002809983,0.002701904910548169,1.0,0.13937062876108086
1342,0.88,-0.020000000000000018,0.13023972231183856,0.015355692080928837,0.014141200471676812,0.7332545485910896,0.7035081604968987,0.07092160112437576,0.0037117514396719353,0.0026795545113828213,1.0,0.1435040838376877
1343,0.89,-0.010000000000000009,0.13026370717800015,0.015353892625581669,0.01410932143860996,0.791256275019084,0.7774766094867114,0.07042302147820773,0.0037098725145831967,0.0026766576253966887,1.0,0.13029897066984913
1344,0.88,-0.020000000000000018,0.13017781750676813,0.015299274256232996,0.014048150328814207,0.7332964070972317,0.7035552230658274,0.06738602838765835,0.0037504693597950065,0.0026861617339170234,0.0,0.1356726543719428
1345,0.88,-0.020000000000000018,0.1301699626140861,0.015298111138220253,0.014079697381392833,0.7333017187240829,0.7035611951272187,0.06921168992296452,0.003746725298263277,0.002693043731000581,1.0,0.13204650865506984
1346,0.88,-0.020000000000000018,0.1300855593831622,0.015309245892966587,0.01412980319233848,0.7333587986398045,0.7036253731568963,0.06834623218170045,0.0037381226039142615,0.002635776389816031,1.0,0.12388868731929681
1347,0.88,-0.020000000000000018,0.13008954618754645,0.015309048872869284,0.014144596616312826,0.7333561022580112,0.7036223414306879,0.06402547083888388,0.0038511270996870912,0.0026105231114092633,1.0,0.12953034479795333
1348,0.88,-0.020000000000000018,0.13023589286447934,0.015408748855114065,0.01431946889225438,0.7332571378305123,0.7035110716169677,0.06222611357629594,0.003925202738938809,0.0025683473435267235,1.0,0.14794344055801545
1349,0.87,-0.030000000000000027,0.13020057522659897,0.015408235618572045,0.014429185629218579,0.6831844028672253,0.6365874359126227,0.06336258699408423,0.004037230148615613,0.0025670707767712015,0.0,0.12867626863484105
1350,0.87,-0.030000000000000027,0.13020967318028698,0.015414648468225359,0.014448948943534467,0.6831790628672544,0.6365811774312465,0.06263006378807903,0.004165248799688941,0.002538103528938105,1.0,0.1415230427553994
1351,0.87,-0.030000000000000027,0.1299975745658511,0.015265392927932263,0.014487333923286308,0.6833035748400746,0.6367271120586661,0.060978070712290694,0.004303906001777232,0.002526941887993681,1.0,0.13029359194629198
1352,0.88,-0.020000000000000018,0.12984429941695466,0.015200094975400633,0.014441916175462902,0.7335220060821199,0.7038088855667555,0.061140637535993275,0.004449839410524368,0.0025052376355862395,1.0,0.12874660068656307
1353,0.88,-0.020000000000000018,0.12997660201552755,0.01532781664118771,0.014614624935255872,0.7334324970806216,0.7037082388311025,0.0616851583948013,0.004579603362178007,0.0024604373240457757,1.0,0.15126102713924733
1354,0.88,-0.020000000000000018,0.1300481479721282,0.015407019029190474,0.01454524043154168,0.7333841019377085,0.7036538235696055,0.057230452478399835,0.004796759315855092,0.0024650280885956566,1.0,0.150601622175203
1355,0.88,-0.020000000000000018,0.13012515229336902,0.015455334540919817,0.014602730708806464,0.7333320217813369,0.7035952662760285,0.05537128302182319,0.0050808182345374615,0.002425171229487846,1.0,0.14361898780747423
1356,0.88,-0.020000000000000018,0.13020435036657946,0.015498434595534698,0.014577234384349646,0.7332784656450271,0.7035350509277843,0.05577161427392418,0.005283330654343403,0.002428212845082476,1.0,0.14254726608592283
1357,0.89,-0.010000000000000009,0.13018261137556023,0.015498783614096802,0.014603303285842183,0.7913201297086702,0.7775447437536143,0.06243319248803235,0.005312007589318877,0.002495088028645479,1.0,0.12885770182017364
1358,0.89,-0.010000000000000009,0.13016264105413883,0.015484643249072816,0.014610249146687727,0.791335855885494,0.7775615240526933,0.06407168336486635,0.0053091877264547305,0.002495447897682533,1.0,0.1401433117979507
1359,0.89,-0.010000000000000009,0.1301182633546804,0.015486984420062242,0.014735748726845218,0.7913708045588691,0.7775988155333524,0.06416663456023988,0.0052741344082283086,0.0024477052580328604,1.0,0.12710460424017467
1360,0.89,-0.010000000000000009,0.13021026743907516,0.015526099694147871,0.01487122843144615,0.7912983522157793,0.7775215066146883,0.06567869766495744,0.005282262478729347,0.002456201428624646,1.0,0.14135703174767855
1361,0.89,-0.010000000000000009,0.1303311732157757,0.015581223286865424,0.014855908190590747,0.7912031602341372,0.7774199356387913,0.06192266306104183,0.005333394419910938,0.002468287726326937,1.0,0.14340726422624406
1362,0.89,-0.010000000000000009,0.13044185588221674,0.01565231894202208,0.014496236978921127,0.791116037227086,0.777326976195116,0.06301997448655744,0.005328613075144822,0.002452454477784571,1.0,0.14595188952354632
1363,0.9,0.0,0.1307681584004748,0.015281898812698374,0.014545908347290037,0.8587764356168939,0.8587764356168939,0.06923701532207024,0.005299944432101353,0.00250082401162281,1.0,0.12936179945265414
1364,0.9,0.0,0.13092265688716842,0.015132386980857664,0.014427584746387593,0.8586331716232551,0.8586331716232551,0.06456603172887104,0.005286281838031143,0.0025054366590636493,1.0,0.12385402089858233
1365,0.91,0.010000000000000009,0.13092695527812842,0.015130942818118503,0.014364142056705885,0.7907344211977538,0.776919816142158,0.07083919788631693,0.005276803160270049,0.0025561358304588993,1.0,0.12605582636863077
1366,0.91,0.010000000000000009,0.13079125136762465,0.015162619883211775,0.014283341787766083,0.7908411391054265,0.7770336739692857,0.07104818942474973,0.00525808339856985,0.002545739846812719,1.0,0.12053822797079661
1367,0.91,0.010000000000000009,0.13092474799101875,0.015130967218970467,0.014351310260150274,0.790736156783644,0.7769216678256277,0.07422758010695923,0.005260236844022919,0.002481941043968028,1.0,0.1339414563377037
1368,0.91,0.010000000000000009,0.1309030501513199,0.01513775232434798,0.014212113210396927,0.7907532181615975,0.7769398705179804,0.06939611591083086,0.005103504268460383,0.0024691124897900578,1.0,0.125096359629283
1369,0.91,0.010000000000000009,0.13113014872645715,0.014910700527259157,0.013964245517660713,0.7905746831804797,0.7767493958468471,0.06902345508565161,0.005059949696662191,0.00246248408647655,1.0,0.1273503964788879
1370,0.91,0.010000000000000009,0.13085296109642486,0.01515807697387055,0.01403437413391412,0.7907926068434742,0.7769818943483676,0.06978560934591357,0.00499789940915835,0.002429061784024158,1.0,0.10371471439242452
1371,0.91,0.010000000000000009,0.1305851401182283,0.015086947481767957,0.014042123034264957,0.7910032806386471,0.7772066685682163,0.06758584082932487,0.0049899241069549,0.0024426073354461737,1.0,0.12134432865337497
1372,0.91,0.010000000000000009,0.13046432673892483,0.015129340906554902,0.014060511327662775,0.7910983518086223,0.7773081062317597,0.06957626419042184,0.004980625698294646,0.002436917123039272,1.0,0.1191826154164668
1373,0.91,0.010000000000000009,0.13052847302723591,0.015144739007987894,0.014179655605750307,0.7910478705912831,0.7772542442509344,0.07869445630947396,0.005019480000478339,0.002489774184837532,1.0,0.13733730998739746
1374,0.91,0.010000000000000009,0.13036683845678324,0.015158045080266084,0.014218185599795145,0.7911750845194522,0.7773899789185056,0.07683379286789908,0.0050587939810801735,0.0025070269994976434,1.0,0.12111863515128951
1375,0.91,0.010000000000000009,0.13009029245805784,0.015054972057349982,0.014044982365923608,0.7913928340044619,0.77762232188275,0.07541670677364562,0.005081799857915309,0.0024780592826986404,1.0,0.1220316977496817
1376,0.9,0.0,0.13006276292080762,0.015054655504316923,0.01378922142184564,0.8594311455373088,0.8594311455373088,0.06919710712559193,0.005049081746594,0.0024677764785245642,0.0,0.12887316114552771
1377,0.9,0.0,0.13038953365243755,0.01473826420877856,0.013511476966028562,0.8591277305578526,0.8591277305578526,0.06889014730268203,0.00504924646592347,0.002464572652443643,1.0,0.1321413911739754
1378,0.9,0.0,0.1303593202450334,0.014741658302833251,0.013479937948400751,0.8591557754904005,0.8591557754904005,0.07001834419370297,0.005045484182646491,0.0024592738688221463,1.0,0.12720790842490937
1379,0.9,0.0,0.13078338586067284,0.015105531801459167,0.01384691936987773,0.8587623133110993,0.8587623133110993,0.07022381486378938,0.005045385835842409,0.0024230810523872275,1.0,0.16457996523504337
1380,0.9,0.0,0.13088887912234237,0.015089130851050294,0.014138803923539578,0.8586644891253166,0.8586644891253166,0.07224754413440564,0.005037213464421323,0.0024337761572231463,1.0,0.13376362592197089
1381,0.9,0.0,0.1307324932096203,0.015228362070692246,0.014124288207891968,0.858809514174237,0.858809514174237,0.06910169711002147,0.005032213738068896,0.002437484780427507,1.0,0.10949547698336004
1382,0.9,0.0,0.1310501173781329,0.014899834185308544,0.0143422083515226,0.8585150155126061,0.8585150155126061,0.0742604266413703,0.005047907823116202,0.002460042148576176,1.0,0.13119128031909866
1383,0.89,-0.010000000000000009,0.1313174451156163,0.014568411116871807,0.01422306988952819,0.7904274995908616,0.7765923747737925,0.077708696640481,0.005094910726113256,0.002489371561819892,0.0,0.12628334633248817
1384,0.89,-0.010000000000000009,0.13136315234177107,0.014528191214436293,0.013894874264745099,0.7903915896855895,0.776554065477395,0.07387567338659268,0.005102953263588494,0.0024973962235258873,1.0,0.12082393692367932
1385,0.89,-0.010000000000000009,0.13120782821348148,0.014365281281155376,0.013676415381940865,0.7905136334631016,0.77668426506825,0.08227159716847046,0.00521498281741102,0.0025537858812573447,1.0,0.1386715777415789
1386,0.89,-0.010000000000000009,0.131268320807492,0.014308384903970022,0.013660101451450662,0.7904660977665086,0.7766335522957872,0.07720568763674439,0.005200219584976024,0.00259067475937457,1.0,0.12077817975607485
1387,0.89,-0.010000000000000009,0.1311898720231525,0.014313395984775098,0.013708578852813229,0.7905277447208008,0.7766993195608191,0.07258816464626551,0.0051647417411334945,0.0025969644991150676,1.0,0.1263925190251024
1388,0.9,0.0,0.13080967167625024,0.014747421028704105,0.01390403009665252,0.8587379363185456,0.8587379363185456,0.07837063275081996,0.00512038806583914,0.002615996324036808,1.0,0.09540228623469382
1389,0.89,-0.010000000000000009,0.13070089904020965,0.014853340478534958,0.013777412548345642,0.7909122083858571,0.7771094995756808,0.07557240457681538,0.005104567851904056,0.002631698210123348,0.0,0.11090449767054489
1390,0.89,-0.010000000000000009,0.1309854950971342,0.014408500246562653,0.013501820715189074,0.7906883942235202,0.7768707105658703,0.07579150884597322,0.005105576544144877,0.002616887885232541,1.0,0.12220401824882354
1391,0.89,-0.010000000000000009,0.13107870256488793,0.014446976475168774,0.013608982888469805,0.7906151208424902,0.7767925371675323,0.07401308029582646,0.005105591787462889,0.0026248953297805617,1.0,0.14164827139252245
1392,0.89,-0.010000000000000009,0.13097814813588796,0.014411389650048043,0.013626875638952589,0.79069417048297,0.7768768731545276,0.07430137814515371,0.005113884468911287,0.00258765441505207,1.0,0.13110727970606117
1393,0.88,-0.020000000000000018,0.13057431837140748,0.014440373742656522,0.013497960751621517,0.7330283856609592,0.7032538958109508,0.07550525007278952,0.005137764340388285,0.0025558720380952672,0.0,0.10954935554667089
1394,0.89,-0.010000000000000009,0.13053562497962817,0.014485527710309122,0.013426474069288458,0.791042242617075,0.7772482394038269,0.0812823268652666,0.005242372421880331,0.0025832575828670947,1.0,0.1117424948116219
1395,0.89,-0.010000000000000009,0.1304920680638568,0.01456454524221631,0.013428218259653946,0.7910765194219336,0.7772848116419399,0.07159079153584678,0.005243483807514636,0.0026283420638559493,1.0,0.10198582159649572
1396,0.89,-0.010000000000000009,0.13055043606938807,0.014517672402704719,0.013455494573823746,0.791030587812146,0.7772358041673217,0.06980989178907868,0.005219181265347334,0.0026396296785521317,1.0,0.12176231209569921
1397,0.89,-0.010000000000000009,0.13085126073093079,0.014165060641261005,0.013179151101645937,0.7907939440339056,0.776983321004699,0.07577820094601716,0.005227404123571849,0.0026739244355364978,1.0,0.12893184230044563
1398,0.89,-0.010000000000000009,0.13052463024867988,0.014476225148554634,0.013382641430897473,0.7910508945620758,0.7772574707226018,0.07474458221927453,0.0051977541873169325,0.0026787340970794576,1.0,0.10071386187144238
1399,0.89,-0.010000000000000009,0.13042787605321637,0.014435160063938066,0.013348510621901916,0.7911270402829571,0.77733871625704,0.07941521755126345,0.00523477446331379,0.0026888931714618047,1.0,0.13177392838327806
1400,0.88,-0.020000000000000018,0.12994595577749027,0.013694876846844842,0.013110309210938585,0.7334532287744284,0.7037315498236885,0.07250643867514409,0.005231324400540128,0.002744661987555068,0.0,0.12769633695941573
1401,0.88,-0.020000000000000018,0.1298100888798865,0.013579731134781583,0.013131800826658302,0.7335451546929792,0.703834915279959,0.0723390331389289,0.005217891002778739,0.002734128342738111,1.0,0.13464214366241334
1402,0.88,-0.020000000000000018,0.12967993146872286,0.013510951561875909,0.013158839157665551,0.7336332392544405,0.7039339655281562,0.07363489492536686,0.0051994986671283,0.0027150524164419347,1.0,0.13039495555968572
1403,0.88,-0.020000000000000018,0.12969794768204176,0.013532526881193625,0.013168489373589987,0.7336210454468262,0.7039202534640319,0.0772453203918779,0.005239264380645888,0.0027323478559043448,1.0,0.14678271134094734
1404,0.88,-0.020000000000000018,0.12968754709074626,0.013533037251835507,0.013178842924806002,0.7336280847683546,0.7039281692451093,0.06808571620626087,0.005228019481306189,0.002822351984858332,1.0,0.12850864647476268
1405,0.88,-0.020000000000000018,0.12934836902517455,0.013524991964740374,0.013206720915563717,0.7338577211088785,0.7041864117243355,0.06979095797067653,0.005213367137199778,0.0028237848634123015,1.0,0.11287996234294129
1406,0.88,-0.020000000000000018,0.1295927426480385,0.013823035468641935,0.0136290253442827,0.7336922564788572,0.7040003321216596,0.06807184000951912,0.005212501157373612,0.002818528364733667,1.0,0.1583663681396985
1407,0.88,-0.020000000000000018,0.1295536484546614,0.013826647069077276,0.013623519137289654,0.7337187220234509,0.7040300939962735,0.06821581529703215,0.00521653238029976,0.002774440346244022,1.0,0.1263413191620173
1408,0.88,-0.020000000000000018,0.12918440694717226,0.01342037470756343,0.013334594252415228,0.7339687811708431,0.7043113166769798,0.07363920481587699,0.005205766180760133,0.002797404426842627,1.0,0.1258967512208059
1409,0.88,-0.020000000000000018,0.12883627624299776,0.013744455631467423,0.013604661118053514,0.7342046997361366,0.7045766667368898,0.07049581187017129,0.005203300025396598,0.0028275609317199167,1.0,0.09895970000849319
1410,0.88,-0.020000000000000018,0.12864476912709258,0.0138048313109736,0.013756166920783491,0.734334543493962,0.7047227213857066,0.06901549757410355,0.005202593876148898,0.0028421995851522493,1.0,0.11482249034954806
1411,0.87,-0.030000000000000027,0.12858549505237804,0.013798257562845011,0.01379725388799316,0.684133690994061,0.6377004027564969,0.06783926176180784,0.0052058012127047856,0.0028230452380955144,0.0,0.12718207859782538
1412,0.87,-0.030000000000000027,0.12833322461387764,0.014092317499867685,0.014004959210049937,0.6842822050737868,0.6378745961766096,0.06725901049061161,0.0052115852055346105,0.002824550631907676,0.0,0.09959046372471125
1413,0.87,-0.030000000000000027,0.12830506869734987,0.014116149465481643,0.013989352429397832,0.6842987847378168,0.6378940438167114,0.06820731078804233,0.005211465708424949,0.0027794540582924566,1.0,0.11497312793248782
1414,0.87,-0.030000000000000027,0.12822001883770465,0.014102879673748066,0.013873052251265798,0.6843488713857291,0.6379527960094484,0.06754654989777356,0.005165079907092409,0.0027525138731698258,1.0,0.1262114691130748
1415,0.87,-0.030000000000000027,0.1280394260350657,0.014421902587645832,0.013972706609609068,0.6844552484726345,0.6380775848811551,0.06167202057960788,0.005218748368308861,0.0027796729405185996,1.0,0.09390511599804757
1416,0.87,-0.030000000000000027,0.1282674363867568,0.014698332437865181,0.014246826763529598,0.6843209458487747,0.6379200387712728,0.06573129769779933,0.005236676473450457,0.0028089760901648694,1.0,0.15720600307009025
1417,0.86,-0.040000000000000036,0.12875791960245814,0.014505302909507481,0.013916479904444347,0.6402378858150767,0.5769075058309435,0.0671255380318786,0.0052450942972757306,0.0028082854402286988,0.0,0.14729029763720974
1418,0.86,-0.040000000000000036,0.12864047439503784,0.0144542803176679,0.014084425894439537,0.640298431632773,0.5769808466439316,0.06374318242166178,0.005281979729306691,0.0028214901075221195,1.0,0.12911749980736326
1419,0.86,-0.040000000000000036,0.12839558541720347,0.01442637163311952,0.014072996937097655,0.6404247146069699,0.5771338320499523,0.06309199339170447,0.005326001705170348,0.0027691094561815587,1.0,0.11791926758628174
1420,0.86,-0.040000000000000036,0.1282536946575096,0.014478804983961853,0.01359034853914481,0.6404979068327028,0.577222510223871,0.06899205589869045,0.005305494158035112,0.0028119074507263323,1.0,0.11588939040240137
1421,0.86,-0.040000000000000036,0.12776397159570693,0.013520478162765841,0.013275421900277834,0.6407506517142744,0.5775287843323643,0.0671938347493786,0.0053036995808847225,0.0027751989006654094,1.0,0.13091822877273096
1422,0.87,-0.030000000000000027,0.1274429188118482,0.013755234886181732,0.013271705908738156,0.6848068525513322,0.6384901160436142,0.07357227583435452,0.005310684046838569,0.0028265815358170503,1.0,0.1015786809489691
1423,0.88,-0.020000000000000018,0.12753050130758378,0.013632879202540223,0.013204407216606928,0.7350909402512301,0.7055737304843537,0.09409744106335327,0.005816457321232314,0.003020310905622003,1.0,0.11273477792220965
1424,0.87,-0.030000000000000027,0.12714316490666774,0.014323103705717617,0.013451234681605754,0.6849836753298112,0.6386976206361887,0.10171132477076529,0.006604395487999489,0.0030541655565831734,0.0,0.083061555751278
1425,0.87,-0.030000000000000027,0.12680829202921162,0.014708067934354117,0.013473358135281874,0.6851813225693681,0.6389295958929858,0.09861823715935872,0.0071663369495941825,0.003058525991643346,1.0,0.09354521123331816
1426,0.87,-0.030000000000000027,0.12664995849496477,0.014878319864772152,0.013539508281464505,0.6852748132310977,0.6390393363817586,0.09205967985814421,0.007471250343969726,0.003115804119708389,1.0,0.10290571198614173
1427,0.88,-0.020000000000000018,0.1265785564700324,0.014919695814210763,0.013461169993634963,0.7357383829065428,0.706302396985706,0.09744705816566014,0.00791985071134792,0.0031034759018197158,1.0,0.11441049919833424
1428,0.88,-0.020000000000000018,0.12616544075334907,0.015090852955797441,0.013489434168767505,0.7360197087416792,0.7066190850526671,0.09407828051522271,0.008210917605834875,0.003094625194831197,1.0,0.09949940773054922
1429,0.88,-0.020000000000000018,0.12593521071190847,0.015225480708872464,0.013534406428303083,0.73617658545343,0.7067956990788753,0.09885369783329248,0.008648870163386202,0.003142453838347327,1.0,0.10567503712516524
1430,0.88,-0.020000000000000018,0.12592439918773024,0.015222674843070329,0.013752119975884861,0.7361839539742212,0.706803994983601,0.09564792110473519,0.008968889740914294,0.0031547857560901478,1.0,0.1293402645519912
1431,0.88,-0.020000000000000018,0.12566767485596927,0.01532519107079779,0.013754549329678945,0.7363589660437502,0.7070010420709704,0.09007987781784313,0.009148991475121953,0.0031904549659620106,1.0,0.1068605700099452
1432,0.88,-0.020000000000000018,0.1256091625877303,0.015394789543431766,0.013757750949333531,0.7363988662064118,0.707045968156148,0.09754739800443435,0.009491469332023052,0.0032605505616367624,1.0,0.10444258784572075
1433,0.88,-0.020000000000000018,0.12546497928244568,0.015623057905629767,0.013533746626211809,0.7364972048544051,0.7071566973719833,0.09801299251443576,0.009828839499329941,0.003255317869048809,1.0,0.0937744623227284
1434,0.88,-0.020000000000000018,0.1250120731845539,0.01582028974832349,0.01338784677287474,0.7368062754072058,0.7075047437521086,0.10038756021648292,0.010209520109795898,0.003247513204648902,1.0,0.09574673657406035
1435,0.88,-0.020000000000000018,0.12480342791106253,0.01596103118872388,0.01339508947271032,0.7369487456593367,0.7076651974324676,0.09856348097747016,0.010523557563720478,0.0032196761568121395,1.0,0.10375645928239402
1436,0.89,-0.010000000000000009,0.1244838234908067,0.016134501258447835,0.013407027592271633,0.7958333014043539,0.7823627854758656,0.09980192098671964,0.01085051836947081,0.0031942088786764277,1.0,0.09995324003056122
1437,0.89,-0.010000000000000009,0.12419031578077137,0.01631036450547057,0.01337390220610051,0.7960671400901411,0.7826125489897243,0.09874278783227554,0.011139412288258082,0.0031930910511001995,1.0,0.09994156563735279
1438,0.89,-0.010000000000000009,0.12377726680935278,0.016612790147192715,0.013442398774675112,0.7963964506067253,0.782964307656968,0.09847156580374285,0.011410177182061188,0.003167540227030856,1.0,0.09127852712317203
1439,0.88,-0.020000000000000018,0.12343863502385644,0.016812129892587614,0.013426612224512129,0.7378820343704877,0.7087165565977402,0.1010156124402702,0.011719220287675544,0.0031768218793342164,0.0,0.09683836749010338
1440,0.87,-0.030000000000000027,0.12288824212853627,0.017227957719608958,0.013552945843310479,0.6875035089431457,0.6416577028911096,0.10246119589245109,0.012038619005251569,0.0031824646896715623,0.0,0.0827849653407896
1441,0.87,-0.030000000000000027,0.12254305515454064,0.017240062862745483,0.013734092418503607,0.6877087474791946,0.641899047681537,0.10179989941216623,0.012321259775470866,0.003158607157868532,1.0,0.10485193136151627
1442,0.87,-0.030000000000000027,0.12215479446331462,0.0172007840115368,0.013602464170812588,0.6879397429227921,0.642170725414575,0.104945259834475,0.012672450817465403,0.003185342317223489,1.0,0.10467801471508864
1443,0.87,-0.030000000000000027,0.12174621926960084,0.017485376434952724,0.013702089218434056,0.6881829920955882,0.6424568662628013,0.09865864295393892,0.012875702673081123,0.0032181667999506276,1.0,0.0894414512984697
1444,0.88,-0.020000000000000018,0.12139595454629855,0.01755358548727851,0.013778640582336799,0.7392833091894939,0.7102959717741255,0.09825828267412354,0.013046748813071302,0.003203769817571933,1.0,0.10064618204171394
1445,0.88,-0.020000000000000018,0.12097296606371546,0.017799754110670002,0.013806324423843646,0.7395741438781643,0.7106239097017832,0.09922239480770406,0.01323564766415414,0.0032047663265852306,1.0,0.08974766039676252
1446,0.88,-0.020000000000000018,0.12062337265566231,0.018080153541478544,0.013757603781461085,0.739814687001102,0.7108951739474724,0.09705105171002751,0.013375006505538578,0.0031830550311797755,1.0,0.08892934651397955
1447,0.87,-0.030000000000000027,0.12032848081845225,0.018172724718518676,0.013683853466338944,0.6890283920362267,0.6434517434249659,0.09753832031992432,0.01348062185710418,0.0031698016104455213,0.0,0.10004116107694938
1448,0.86,-0.040000000000000036,0.11984971198233825,0.018069263949379057,0.013489492092061085,0.6448630186888227,0.5825238415395289,0.09911086073720253,0.013583283584457682,0.003174206327612086,0.0,0.10006655694661593
1449,0.87,-0.030000000000000027,0.11957482817909498,0.018141838224701154,0.013371053276337256,0.6894786425343197,0.643981863473689,0.1005923305142759,0.013711627731237738,0.003181771444491563,1.0,0.101187888310515
1450,0.87,-0.030000000000000027,0.11912174200657276,0.01815381089447704,0.013307861478339603,0.6897496106131028,0.6443009853867517,0.1020078886795589,0.013844901652643335,0.003179383213072317,1.0,0.09621442550317516
1451,0.87,-0.030000000000000027,0.11886548905186842,0.018175150700392453,0.013377627940086604,0.6899029569456705,0.6444816119398774,0.09973177071515506,0.013909370318450682,0.0032007322144935423,1.0,0.10466829647585701
1452,0.87,-0.030000000000000027,0.11858094347851601,0.0182408470740588,0.013194414068085072,0.690073313997218,0.6446822999826729,0.09764047742652077,0.013934745968969086,0.003216356178431181,1.0,0.10029204335132424
1453,0.87,-0.030000000000000027,0.11819382554962093,0.01795167340862151,0.013311563420957497,0.6903052161154062,0.6449555323790475,0.09788779153066825,0.013960709776974339,0.0031738572712366963,1.0,0.11254923424973856
1454,0.87,-0.030000000000000027,0.11797787817868106,0.017688485368902572,0.013407270657965068,0.6904346466349576,0.6451080512360857,0.09800229284656342,0.01391523198542659,0.003156234360724762,1.0,0.12900688508121694
1455,0.87,-0.030000000000000027,0.11754890792124292,0.01758128267629647,0.013682151479136843,0.6906918988732133,0.645411237521981,0.10065616141275932,0.013863469653709288,0.0031789973638974385,1.0,0.10072196206365985
1456,0.87,-0.030000000000000027,0.117059141936892,0.017560239485262617,0.013616108349309396,0.690985844615178,0.6457577414397256,0.09624609048946892,0.013745567040195713,0.00315625486601039,1.0,0.09357066765082811
1457,0.87,-0.030000000000000027,0.116787156074309,0.01758600530082512,0.013583813782978802,0.6911491920533731,0.6459503291022827,0.09824969721016603,0.013743739441172452,0.00315994290483729,1.0,0.10165911556187651
1458,0.87,-0.030000000000000027,0.11639426904860946,0.01749847372241119,0.013460235992838417,0.6913852858991189,0.6462287273245605,0.09227081804558579,0.013691104728922997,0.003219376520687863,1.0,0.1008546092279986
1459,0.87,-0.030000000000000027,0.11608877137402601,0.017575328495145228,0.013359704123532002,0.6915689771985871,0.6464453676917339,0.09908985429577097,0.013705916209779805,0.003272982310036021,1.0,0.09655483678182952
1460,0.87,-0.030000000000000027,0.1157390179714915,0.017416293188979685,0.013438255863267697,0.6917793987012777,0.6466935699365576,0.09946603344688304,0.013735012314668256,0.0032388423559672978,1.0,0.10638169149422821
1461,0.87,-0.030000000000000027,0.11530183404729692,0.01726432425760923,0.013480156816703476,0.6920426010013023,0.6470040853310164,0.0946975293010497,0.013653314578632446,0.003275925110717983,1.0,0.09968887180678349
1462,0.86,-0.040000000000000036,0.1148472617879821,0.01704841693808745,0.013320719460283171,0.647489704659557,0.5857259332467493,0.09459891865838121,0.013578263430503234,0.0032141227855377362,0.0,0.10049466359206549
1463,0.86,-0.040000000000000036,0.11460072479205846,0.017014965401501006,0.013307645295779642,0.6476197096628294,0.5858846531936458,0.08826879214777811,0.013528476436839364,0.0032308818049054527,1.0,0.104708099860288
1464,0.86,-0.040000000000000036,0.11447430980075168,0.016992693464346016,0.013351106067876305,0.6476863916372937,0.5859660722391486,0.0921820724758609,0.013443337460953069,0.003207044574305825,1.0,0.1112125217679063
1465,0.86,-0.040000000000000036,0.1141674635290189,0.01705770938979358,0.013455386110045193,0.6478483054845199,0.5861637943080271,0.09073968920644367,0.013413997492522863,0.0032195030766390023,1.0,0.09537119919535242
1466,0.85,-0.050000000000000044,0.1139877117374988,0.01708431728024395,0.013392644910616163,0.6085148851223179,0.5304877943313693,0.09215485287508313,0.013392379456672916,0.0032016826017544553,0.0,0.10256304881878558
1467,0.85,-0.050000000000000044,0.1136551157207786,0.017016233893260815,0.013322302460562459,0.6086698006841057,0.5306819271767536,0.08485082006925274,0.013363842241095164,0.003226658042256496,1.0,0.10068185466568147
1468,0.85,-0.050000000000000044,0.11369413534584577,0.017046871049793296,0.013585559335519198,0.6086516221578278,0.5306591444697515,0.08406327286965788,0.01329198370354874,0.00323084881371524,1.0,0.12899832213600337
1469,0.84,-0.06000000000000005,0.11347949770480056,0.017008656020288192,0.013580266483753288,0.5738202311534079,0.48027366829944323,0.08180588797963506,0.013215000773568153,0.003245952153409793,0.0,0.10588663237436508
1470,0.84,-0.06000000000000005,0.1135894651573294,0.01698069357083868,0.01349132924142999,0.5737747002301238,0.4802155529446494,0.08119850955538682,0.013145506555124144,0.0032298674050023142,1.0,0.11471145964530893
1471,0.84,-0.06000000000000005,0.11342143468438741,0.016986260245531203,0.013572222827785802,0.5738442744810485,0.48030435898993107,0.08067524749692687,0.013050472803442873,0.003215047593864566,1.0,0.10454128135917551
1472,0.84,-0.06000000000000005,0.11325628902835361,0.017009709135338953,0.013407763605312654,0.5739126706950247,0.4803916723866832,0.08728174725074891,0.012977480483453934,0.0031896769639127476,1.0,0.10266804981308625
1473,0.84,-0.06000000000000005,0.11303851028887174,0.016838552979597157,0.013374154629454248,0.5740028901945952,0.4805068617226913,0.07394671754550837,0.013005029790759686,0.003305579653444724,1.0,0.11555943603921193
1474,0.84,-0.06000000000000005,0.11289971973546865,0.016828576749028358,0.013448970726725351,0.5740604019494169,0.48058030079753755,0.08216618880949811,0.012987132786141225,0.003374290614755192,1.0,0.10723957981098059
1475,0.84,-0.06000000000000005,0.11275633068440599,0.01681123510188565,0.013384442943256534,0.5741198313256284,0.4806561966830028,0.07991236917899705,0.012965491904459689,0.0033342322307395094,1.0,0.10769279264341364
1476,0.85,-0.050000000000000044,0.11265527245938879,0.016744288961069175,0.013463294619740827,0.6091359799710659,0.5312663818550231,0.08394688945186136,0.012880629905045175,0.0033718843564966242,1.0,0.11876733864380629
1477,0.85,-0.050000000000000044,0.11249242119968925,0.016632800954707525,0.013442866242879409,0.6092119773912877,0.5313616978939619,0.08326575921787069,0.012790191567547815,0.0033673685316781368,1.0,0.11585626520402065
1478,0.85,-0.050000000000000044,0.11227764366887268,0.016579980849311938,0.013167654657532264,0.6093122361261081,0.5314874584343587,0.08427419352279468,0.01271025151716087,0.0033754792754643746,1.0,0.10573015534325403
1479,0.84,-0.06000000000000005,0.11163076791266226,0.015768827904682824,0.012915345833453273,0.5745867625610696,0.4812527912008581,0.08012747147529523,0.012638040646739191,0.003396923646948043,0.0,0.09989238961400138
1480,0.83,-0.07000000000000006,0.1111371540303009,0.015840693588639813,0.012826679196984145,0.5435490234661896,0.43569269366428465,0.07008342530922448,0.012660777786422476,0.0034666024261569978,0.0,0.08440223768583432
1481,0.83,-0.07000000000000006,0.11124452804166665,0.015865573268014646,0.012969455329290846,0.5435091329380745,0.4356410829982775,0.07111727575264751,0.012637919700470296,0.0034249369808244147,1.0,0.12023287811993633
1482,0.82,-0.08000000000000007,0.11099493135481894,0.015745687684618686,0.013061307172715041,0.5155751102525584,0.3942929247231633,0.0764566128510311,0.012622065973150905,0.0034440386686958578,0.0,0.10623161163433048
1483,0.83,-0.07000000000000006,0.11106383037273675,0.01582729776711264,0.013278299365453721,0.5435762673092115,0.4357279446276567,0.07479511528179132,0.012641026862078889,0.0034221040658206203,1.0,0.1331732481242684
1484,0.83,-0.07000000000000006,0.1110218396859487,0.015806905010607473,0.013265175517590044,0.5435918704296187,0.43574813457132217,0.08707706407414553,0.012598689004230619,0.00346135684370422,1.0,0.11662486824487261
1485,0.83,-0.07000000000000006,0.11078516480351576,0.015566493953508665,0.013100805626287862,0.5436798320838153,0.4358619674872283,0.08142051215462673,0.012600539393625298,0.0034673229284294,1.0,0.11500408949828467
1486,0.83,-0.07000000000000006,0.11074350006357596,0.015545252663468257,0.013060333676740216,0.5436953199837842,0.435882013028031,0.08227668171475523,0.012580944039988912,0.003429329459435961,1.0,0.11661170576209523
1487,0.83,-0.07000000000000006,0.11059262135230062,0.015465650549197232,0.01280090766738787,0.5437514130268136,0.4359546185038535,0.08548602741871905,0.012522791535907083,0.0034033383240764602,1.0,0.11130464789756878
1488,0.83,-0.07000000000000006,0.11062480357508152,0.015437330185721576,0.01277244229313467,0.5437394474863748,0.43593912982582356,0.0867228507674182,0.012507736795057222,0.003387566558164284,1.0,0.09862050851278442
1489,0.84,-0.06000000000000005,0.11069701101106873,0.015455346412078628,0.012855323224227621,0.5749747013622414,0.481748845822231,0.08303093883511092,0.01247441823243047,0.0034226454234486223,1.0,0.11812524126926527
1490,0.83,-0.07000000000000006,0.1105604511416259,0.01541334334599417,0.012755656121409702,0.543763374627425,0.4359701025007215,0.0796755732305925,0.012451964914354845,0.0034385740805634875,0.0,0.10854803130454038
1491,0.83,-0.07000000000000006,0.1100640957215883,0.015201987979905716,0.012816204709584616,0.5439479973473104,0.4362091451656487,0.08056812427830616,0.01241136410380348,0.003444677648223956,1.0,0.09201272938876243
1492,0.83,-0.07000000000000006,0.10989537375816187,0.015060471005160982,0.012822916121860022,0.5440107831647399,0.4362904606556899,0.07503818434974392,0.012405213958796887,0.0034883753047989696,1.0,0.11423508336341764
1493,0.84,-0.06000000000000005,0.10970328136571156,0.01518564358418631,0.013042126503646142,0.5753881322540845,0.48227788521077763,0.08901174735819348,0.012374256954631253,0.003571168094859298,1.0,0.09034011630164052
1494,0.84,-0.06000000000000005,0.10965211376466348,0.015187306606575739,0.01310807544495973,0.5754094360982851,0.4823051571512627,0.08999911270118245,0.012377295255836864,0.0034832471859054513,1.0,0.10662573470681197
1495,0.84,-0.06000000000000005,0.10974179455602263,0.01516823870641602,0.012952031763408178,0.5753720981671052,0.4822573600088262,0.08860850061019993,0.012305061299409798,0.0034793048863520615,1.0,0.11095390073241157
1496,0.84,-0.06000000000000005,0.10959120739588117,0.01512283594576439,0.0129225446366012,0.5754347967756764,0.48233762380162193,0.0808841015357358,0.012213540398745445,0.0034970431683472697,1.0,0.10670359608155577
1497,0.84,-0.06000000000000005,0.1093937472406918,0.014997407051851486,0.012662587568630979,0.5755170321771632,0.4824429116557398,0.08012000887780119,0.012186470091869102,0.0034943206828037554,1.0,0.10918582678150668
1498,0.84,-0.06000000000000005,0.10953618177376521,0.01498192442460238,0.012407147385655643,0.5754577107033093,0.4823669594292492,0.07824585446706446,0.012160298204424241,0.003466073400770905,1.0,0.11495731517878427
1499,0.84,-0.06000000000000005,0.109349368086219,0.014819057480232042,0.01238479550814319,0.575535517812292,0.48246658141938636,0.07717048286494499,0.012173781351654187,0.0034071500949729265,1.0,0.11309255962865455
