t,cov_w,gap_w,width_mean_w,width_std_w,width_step_mean_w,ces_w,rcs_w,control_state,control_std_w,control_step_mean_w,covered_t,width_t
1,nan,nan,nan,nan,nan,nan,nan,0.14880408892925692,nan,nan,1.0,0.250436743956709
2,nan,nan,nan,0.012445877524121518,0.024891755048243036,nan,nan,0.15835452029677258,0.0047752156837578275,0.009550431367515655,0.0,0.22554498890846597
3,nan,nan,nan,0.013928418571819945,0.016326207980077334,nan,nan,0.1731534827350541,0.010017279555653865,0.012174696902898588,1.0,0.21778432799655434
4,nan,nan,nan,0.05683422815772781,0.05812875764466371,nan,nan,0.16108154578004566,0.008685538569297914,0.012140443586935204,1.0,0.3595181849703908
5,nan,nan,nan,0.058689056582769995,0.08597766241639032,nan,nan,0.16030517258089094,0.00776860111597331,0.009299425989990083,1.0,0.18999380823882062
6,nan,nan,nan,0.054131929890388245,0.08466891857674193,nan,nan,0.15422774506926348,0.0074485618629025144,0.008655026294317558,1.0,0.26942775145696896
7,nan,nan,nan,0.057128629149488803,0.08073372957095466,nan,nan,0.16307890619572507,0.007020279778656906,0.00868771543300823,1.0,0.33048553599898733
8,nan,nan,nan,0.07237767893237905,0.08068994304762248,nan,nan,0.15048767330334042,0.007261341822667559,0.009245360784347718,1.0,0.4109127599066167
9,nan,nan,nan,0.0705655947763455,0.07959864913008421,nan,nan,0.1362775863256167,0.009821666829906883,0.009865951558519718,1.0,0.3389531681993003
10,nan,nan,nan,0.06701331696376854,0.07752809405163306,nan,nan,0.1391011502482116,0.010635881407900309,0.009083464043416959,1.0,0.27798951477527645
11,nan,nan,nan,0.07324372647095334,0.08314214315991146,nan,nan,0.14522526015893067,0.010484640470288489,0.00878752863014717,1.0,0.4116580999096935
12,nan,nan,nan,0.07936439460134503,0.07751393086480207,nan,nan,0.14662306866134148,0.010224177221055883,0.008115735891262047,1.0,0.43288990782340164
13,nan,nan,nan,0.08037026900967653,0.0733822983685737,nan,nan,0.1599542330729244,0.009993381067052215,0.008550354934622119,1.0,0.40495556691334
14,nan,nan,nan,0.08673879328345534,0.07263542401725863,nan,nan,0.16372694426932005,0.009977442539224024,0.008182843877835468,1.0,0.4686284987148177
15,nan,nan,nan,0.09086309883554623,0.0674471794445973,nan,nan,0.17477800832298718,0.010907286930287665,0.00838771674753773,1.0,0.4686284987148177
16,nan,nan,nan,0.08904703193741648,0.07550252745846833,nan,nan,0.18290616972166815,0.012448742600974387,0.008370413057613945,1.0,0.28035109906215494
17,nan,nan,nan,0.08729743495639145,0.07079120068970077,nan,nan,0.16724119246880315,0.012297908874944979,0.008826323319817137,1.0,0.28022979990396757
18,nan,nan,nan,0.08858337390467012,0.07612864312509074,nan,nan,0.16421215900826258,0.012036907899287365,0.008485306269271456,1.0,0.44175752199529783
19,nan,nan,nan,0.08669928654756207,0.07547393453665095,nan,nan,0.1870606923389232,0.013359778648254543,0.00928326332823752,1.0,0.3774136334621232
20,nan,nan,nan,0.08487273955564524,0.0754413676016111,nan,nan,0.17979870037191725,0.013730152792271657,0.009176880625014806,1.0,0.30255847069122943
21,nan,nan,nan,0.08351817676256397,0.07246388686857458,nan,nan,0.17577431570958146,0.01377251709864318,0.008919255826880855,1.0,0.2866667177503488
22,nan,nan,nan,0.0819310821054704,0.06960888412789153,nan,nan,0.1775225514977873,0.01386198364039144,0.008577778682182045,1.0,0.2991755470645794
23,nan,nan,nan,0.08253529339801326,0.06931613917267826,nan,nan,0.17411684582249012,0.013771266565953266,0.00834268445459637,1.0,0.23600705195137972
24,nan,nan,nan,0.08126779669929685,0.06843653047953575,nan,nan,0.1698568641639287,0.013555395250993512,0.008165175637377458,1.0,0.2850921911817803
25,nan,nan,nan,0.08014077298632576,0.06576905410336308,nan,nan,0.17966191982308571,0.01367371882908901,0.008233503971618273,1.0,0.2806750937303888
26,nan,nan,nan,0.07936575889339312,0.06367151024735153,nan,nan,0.1789370451525867,0.013723267707123819,0.007933158799573504,1.0,0.2673446360273144
27,nan,nan,nan,0.0792773791978184,0.06210209026153837,nan,nan,0.16383277221634399,0.01346704717655204,0.008208970881753088,1.0,0.24447804541110507
28,nan,nan,nan,0.08063260544987338,0.06119747777075895,nan,nan,0.15206563614856355,0.013417860171407444,0.00834075477753188,1.0,0.20680049240061105
29,nan,nan,nan,0.08069873085495109,0.059910114971007324,nan,nan,0.11860339927211998,0.015557340122612704,0.009237950566778726,1.0,0.23195181177832436
30,nan,nan,nan,0.0821120167423548,0.059110139657868876,nan,nan,0.10549412480180667,0.018383418041888148,0.009371444494486814,1.0,0.19524098088833197
31,nan,nan,nan,0.08372771890474363,0.0575005954909866,nan,nan,0.11813821425382301,0.019565988251202496,0.009480532659737799,1.0,0.18441716623693138
32,nan,nan,nan,0.08481178121546726,0.05582237218112737,nan,nan,0.11906538172471895,0.020475673878829148,0.009204617653646125,1.0,0.18989283912228205
33,nan,nan,nan,0.0843262442801113,0.05544072183462709,nan,nan,0.10924476997352439,0.02181317395395823,0.009223867469194515,1.0,0.23350240021540025
34,nan,nan,nan,0.08540495230334516,0.055314802319101464,nan,nan,0.12408176881546934,0.022169736092035205,0.009393962359277861,1.0,0.18221702239311877
35,nan,nan,nan,0.08476374187913054,0.0552749763434694,nan,nan,0.12275312506999621,0.0225165132973204,0.009156747105930663,1.0,0.23617774154073023
36,nan,nan,nan,0.08386277061394852,0.05415554743596226,nan,nan,0.1171146512803122,0.023033523314425323,0.00905622501118076,1.0,0.2522727061214496
37,nan,nan,nan,0.08423751503313287,0.05424184005021111,nan,nan,0.11738658263723215,0.02345897950704228,0.00881221685411796,1.0,0.1950106245725287
38,nan,nan,nan,0.0839958018078223,0.053314944624767026,nan,nan,0.15152506831347232,0.02314870780313859,0.009496710606067209,1.0,0.21495733388130867
39,nan,nan,nan,0.08525476969870535,0.053281961756524096,nan,nan,0.1533207758001373,0.022850455938084584,0.009294052629240835,0.0,0.1628957382497731
40,nan,nan,nan,0.08453108277715124,0.05379337318476122,nan,nan,0.1545398709965114,0.022565414526499496,0.009087002438654509,1.0,0.236122745707545
41,nan,nan,nan,0.08405066846013362,0.05281633443167599,nan,nan,0.15552765576879019,0.02229346629766955,0.008884521996995113,0.0,0.22141092264619244
42,nan,nan,nan,0.08336280606682173,0.05185287504719231,nan,nan,0.15636712083507356,0.022034114780545455,0.008688301096246047,1.0,0.2347254223140378
43,nan,nan,nan,0.08384737060337787,0.05196869874842772,nan,nan,0.11969081358154852,0.02233579985769554,0.00935468219522888,1.0,0.178007951814958
44,nan,nan,nan,0.08381175196390245,0.051172511358827034,nan,nan,0.10865030963281183,0.023001417059271063,0.009393887352287201,1.0,0.195740592810556
45,nan,nan,nan,0.08372636167998412,0.05002186037533327,nan,nan,0.11581652977410306,0.023324986530246523,0.009343258552037293,1.0,0.19628446089565754
46,nan,nan,nan,0.08412508681434737,0.04941173481239176,nan,nan,0.12594569440782585,0.023337904624598033,0.009360723131630305,1.0,0.17371825085269244
47,nan,nan,nan,0.08433798726450857,0.0484402499648519,nan,nan,0.12416814312731964,0.02337806520765191,0.009195871569649346,1.0,0.17844168267825045
48,nan,nan,nan,0.084560095161285,0.04746923297510065,nan,nan,0.12731778459208845,0.023340670559660912,0.009067228375928485,1.0,0.175639231231707
49,nan,nan,nan,0.0849988844868156,0.04672107808843895,nan,nan,0.13008782479135744,0.023249124292483218,0.008936036955581409,1.0,0.16408143281636867
50,nan,nan,nan,0.08464570427204196,0.04652568631515923,nan,nan,0.13336976203143497,0.023109227766451395,0.008820647165469086,1.0,0.2012283140141009
51,nan,nan,nan,0.08391457276564067,0.04628363753546144,nan,nan,0.1408931178192758,0.022902321509419527,0.00879470133791652,1.0,0.23565156134437082
52,nan,nan,nan,0.08316805985157047,0.04641868216881905,nan,nan,0.149118678312546,0.022681772324050917,0.00878354171351169,1.0,0.2888224751810706
53,nan,nan,nan,0.08251314016743208,0.04663793417601865,nan,nan,0.1589802692579878,0.022518073812172332,0.008804273429510345,1.0,0.23100268863787288
54,nan,nan,nan,0.08265346569350869,0.046829618499271225,nan,nan,0.16091791391124743,0.02237620343093874,0.00867471439599618,1.0,0.17420548532946767
55,nan,nan,nan,0.08203643793524565,0.04695067975416277,nan,nan,0.16407847921032334,0.02227229645561892,0.00857260052383099,1.0,0.2275724115928821
56,nan,nan,nan,0.0814889468200795,0.046222040832959575,nan,nan,0.16393718528730386,0.02216637988592217,0.008419304040179872,1.0,0.22069687250489523
57,nan,nan,nan,0.0818598188993312,0.04647347591858074,nan,nan,0.14530139884601062,0.021975952053580456,0.008601741225914042,1.0,0.16039446687714998
58,nan,nan,nan,0.08202738418857904,0.04579351875927362,nan,nan,0.1539414482025901,0.021796098493485495,0.008602413298381855,1.0,0.16811038471522477
59,nan,nan,nan,0.08195580399848053,0.04520955454544112,nan,nan,0.13286947905231056,0.021708873306772528,0.008817405640655954,1.0,0.18003397907221386
60,nan,nan,nan,0.08130792209315497,0.045420016026412394,nan,nan,0.1384912194433678,0.021565940682154783,0.008763241822866145,1.0,0.2376607609949597
61,nan,nan,nan,0.08138558366979659,0.04578884771216935,nan,nan,0.14602150530208463,0.021390599716368145,0.00874269255679699,1.0,0.17011084382313024
62,nan,nan,nan,0.0814562924032342,0.04505704252800633,nan,nan,0.15387767181769013,0.02122871041365719,0.008728159343006966,1.0,0.168962112344905
63,nan,nan,nan,0.0813562339138733,0.0444830915615792,nan,nan,0.14762438404849734,0.02105981645936529,0.00868824205955835,1.0,0.17843419495442925
64,nan,nan,nan,0.08144155241799152,0.043983949914339765,nan,nan,0.15445167429711687,0.020907886650821415,0.0086587031419244,1.0,0.16539702716893445
65,nan,nan,nan,0.08121304291759243,0.04361741298142935,nan,nan,0.1708991427378752,0.020928068088182504,0.00878040259971868,1.0,0.185922613377008
66,nan,nan,nan,0.08117283594900614,0.04317224443316952,nan,nan,0.162776493480479,0.020838086111980857,0.008770283317529104,1.0,0.17124115603246737
67,nan,nan,nan,0.08090652408926206,0.0427704794798029,nan,nan,0.1615732092554489,0.020737225995104663,0.008655631816127605,1.0,0.18789691354344007
68,nan,nan,nan,0.08078640731467802,0.0423183042261205,nan,nan,0.15174426386895873,0.0205863093065543,0.008673143958968838,1.0,0.17542217606035826
69,nan,nan,nan,0.08028646679530899,0.04228976127913958,nan,nan,0.13062601870507407,0.020558364581057892,0.008856160153158776,1.0,0.21579955989177657
70,nan,nan,nan,0.08031098365791034,0.042425520468471214,nan,nan,0.14850346339998005,0.020411094198482027,0.008986903407386995,1.0,0.164142414548754
71,nan,nan,nan,0.08023492825611199,0.0419072487083273,nan,nan,0.1428933163880173,0.020279795788666583,0.008938664030309506,1.0,0.17028891180715133
72,nan,nan,nan,0.08005512626377034,0.04142514095612344,nan,nan,0.1567722513188829,0.020159233909473648,0.009008245310599027,1.0,0.17796651010900422
73,nan,nan,nan,0.07994304885324438,0.040937534050712404,nan,nan,0.1349809287281349,0.02008749985760403,0.009185788050601098,1.0,0.17164906634247568
74,nan,nan,nan,0.07982045815649623,0.04037874310448821,nan,nan,0.13150386883769577,0.02005183514817497,0.00910758629498244,1.0,0.17179486131882205
75,nan,nan,nan,0.08003492931476286,0.04017609320636313,nan,nan,0.1330170829621493,0.019998121856756767,0.009004959644029347,1.0,0.14641221067558963
76,nan,nan,nan,0.0802697227693156,0.03967997632848121,nan,nan,0.13988949491575067,0.019889936744961517,0.008976525674823639,1.0,0.14344488331036986
77,nan,nan,nan,0.0804627090315233,0.03917144871566841,nan,nan,0.14671014556547488,0.01976119622105387,0.008948158898177594,1.0,0.1444767610650779
78,nan,nan,nan,0.08043963853842254,0.03884731296142021,nan,nan,0.11778168593871811,0.01993194958605506,0.009207643323224077,1.0,0.15868975670363472
79,nan,nan,nan,0.08034626045065132,0.03841309729838981,nan,nan,0.12178385026267749,0.020019514520678586,0.009140906412977094,1.0,0.16366824794868395
80,nan,nan,nan,0.08017063687173098,0.03801564223706089,nan,nan,0.1464547801010413,0.019894387608211158,0.00933748898798199,1.0,0.1706823954020884
81,nan,nan,nan,0.07996773395264108,0.037570599996181085,nan,nan,0.1538731550340462,0.01978348796924221,0.009313500062294776,1.0,0.17309465836876514
82,nan,nan,nan,0.07976705922745711,0.03711321771359352,nan,nan,0.15215084028767722,0.01966872504726155,0.009219781725061124,1.0,0.1725720232621768
83,nan,nan,nan,0.07948364609126732,0.036776846106066956,nan,nan,0.13580194780991428,0.01959287650358142,0.009306722100094074,1.0,0.18210276915859214
84,nan,nan,nan,0.07904086630894018,0.03669747438041221,nan,nan,0.1429409566650337,0.019482316113294155,0.009280605073046186,1.0,0.21229176203531508
85,nan,nan,nan,0.07857492629174204,0.036530616396281884,nan,nan,0.13358115799877493,0.01942539384661823,0.009281547853917764,1.0,0.2349731657487797
86,nan,nan,nan,0.07813851576379638,0.03632959647214552,nan,nan,0.14085042861207356,0.019324617883182023,0.009257874004028128,1.0,0.2155292429040887
87,nan,nan,nan,0.07785502575788564,0.03626527370851401,nan,nan,0.1587031159123557,0.019251944571119846,0.009357813693519453,1.0,0.18473140410425315
88,nan,nan,nan,0.0774393727586359,0.036165820407488336,nan,nan,0.14032372620056965,0.019156881540699586,0.009461509969591483,1.0,0.21234424062353363
89,nan,nan,nan,0.07720536173147495,0.03613638690485496,nan,nan,0.12897906026152176,0.019146659438369677,0.009482909469244396,1.0,0.17876856844778244
90,nan,nan,nan,0.07696226953444925,0.035744256393410036,nan,nan,0.11936200850381595,0.019260732089344475,0.009484416685968682,1.0,0.18000533983403888
91,nan,nan,nan,0.07666538136061947,0.035438767253742676,nan,nan,0.12927131955577217,0.019241510870030377,0.009489137734479654,1.0,0.18825557365738677
92,nan,nan,nan,0.07641727810299412,0.035128632644688934,nan,nan,0.11231014585062905,0.01946414954510924,0.00957124801987156,1.0,0.18103905582753477
93,nan,nan,nan,0.07625141226722253,0.034864153516780745,nan,nan,0.11041497323943052,0.019708422753722803,0.009487812417603375,1.0,0.1702425029503991
94,nan,nan,nan,0.076006747545647,0.034600724702567115,nan,nan,0.13777567816463454,0.01962077184672649,0.00967999405747005,1.0,0.18060777674531225
95,nan,nan,nan,0.07583748261688147,0.034341420236509254,nan,nan,0.12878148859844957,0.01959396920562422,0.00967269826500957,1.0,0.170381671852184
96,nan,nan,nan,0.07599096003473027,0.034320973725478994,nan,nan,0.13306687264549433,0.019532996280163674,0.00961598969429415,1.0,0.13798267016354915
97,nan,nan,nan,0.0758369269536314,0.03426961528893723,nan,nan,0.10543052010913416,0.019848006568458396,0.00980370180723234,1.0,0.16737323398101922
98,nan,nan,nan,0.07567594454605106,0.03392286672841727,nan,nan,0.10703618699024904,0.02011236091710988,0.009719185983251747,1.0,0.1680082388995201
99,nan,nan,nan,0.07561426349357117,0.03369895407470056,nan,nan,0.09064337609930091,0.020726371721041834,0.009787284196595587,1.0,0.15602881223533993
100,0.96,0.05999999999999994,0.22436227925055302,0.0754872022654388,0.033429446149132805,0.531308229623067,0.42804123827909485,0.09357297172472798,0.021226470677894814,0.009718014615068632,0.0,0.16304648167883262
101,0.96,0.05999999999999994,0.22372690285921448,0.07553244415474367,0.033418949867272,0.5315338787248531,0.42830815437213193,0.08888629290441882,0.021905822068763445,0.009668885801460485,1.0,0.1868991048228561
102,0.97,0.06999999999999995,0.2232569256313901,0.07566576625383106,0.03342492136004895,0.5048575870372894,0.3877280834907087,0.094961215711585,0.022364693952296382,0.009580764189024977,1.0,0.178547266126027
103,0.97,0.06999999999999995,0.2227682509308453,0.07585709140306211,0.0320905430894441,0.5050142684336011,0.38791421246531277,0.06586995965390852,0.023410701030512293,0.009752676503193341,1.0,0.168916857942071
104,0.97,0.06999999999999995,0.2209569810923729,0.07472419553667274,0.030473876083883637,0.5055958563192564,0.38860565986491313,0.056360498499516624,0.02480279804924268,0.009840889512842201,1.0,0.17839120112315565
105,0.97,0.06999999999999995,0.22111280568661712,0.07467569618037069,0.029946109652792128,0.5055457693177845,0.38854607734946306,0.05295718832640512,0.02619524011654136,0.009813878226594566,1.0,0.20557626766324444
106,0.96,0.05999999999999994,0.22006494225756035,0.07472555405852342,0.029742847779761123,0.5328381410951933,0.42985302361654587,0.046406184681822185,0.02772745704057984,0.009790644312636196,0.0,0.16464140855129528
107,0.96,0.05999999999999994,0.21896420631113692,0.07389702929476402,0.0294937902938795,0.5332314368341088,0.4303195712220332,0.07553058092437029,0.02830089782646787,0.009957645962637847,1.0,0.22041194135664366
108,0.95,0.04999999999999993,0.21643099531203053,0.07157916737964556,0.02940147402775173,0.564279103449952,0.47676756352849003,0.09163098169946882,0.028628888971241006,0.009976740041399208,0.0,0.15759165999597657
109,0.95,0.04999999999999993,0.21467985084750793,0.07069691181179595,0.028848781182570324,0.5649811646218169,0.47759428664638204,0.08902221397401874,0.029018124878415975,0.00997457038284219,1.0,0.16383872174704184
110,0.95,0.04999999999999993,0.2134286725001545,0.07067254952799769,0.027609371653001594,0.565483852530843,0.478186731794524,0.06684933957792788,0.029824079102772957,0.010136679115017663,1.0,0.15287168003992968
111,0.95,0.04999999999999993,0.21142437892052598,0.0678062784856034,0.02798437421858955,0.5662909876332338,0.4791388536387859,0.06100553699256073,0.030711583423618162,0.010181588146158636,1.0,0.2112287419468455
112,0.95,0.04999999999999993,0.20889406177884523,0.06411539076406993,0.02801908338405882,0.5673132504793957,0.48034628671218516,0.06254335024189463,0.03151117875908497,0.010062463386943998,1.0,0.1798581936553263
113,0.95,0.04999999999999993,0.20645882990322748,0.06117988193494337,0.027562041793172856,0.5683005897148564,0.48151410710741327,0.06650433286707896,0.03210036741563829,0.010064365118547925,1.0,0.1614323793515584
114,0.95,0.04999999999999993,0.20354416811294776,0.05527871383166117,0.027720930079387914,0.56948683638413,0.48291932623204975,0.07333043316013704,0.03248761807475476,0.010021688716925612,1.0,0.17716231968684903
115,0.95,0.04999999999999993,0.20040789161099912,0.04864943461182954,0.026042991407814558,0.5707688224895997,0.48444058021607317,0.06381633396823033,0.0328969220592249,0.010035688088574355,1.0,0.15500084851994944
116,0.95,0.04999999999999993,0.19933087728845458,0.04805625406194525,0.026220037055587966,0.5712103958507352,0.48496520022813216,0.07701325668160666,0.03290697557865546,0.010010758244741137,1.0,0.1726496668077051
117,0.95,0.04999999999999993,0.19876033680427338,0.04742696976904095,0.02509880839484866,0.5714445930725311,0.4852435745155489,0.0786640930740144,0.033077381748277346,0.009996837062234745,1.0,0.2231757514858439
118,0.95,0.04999999999999993,0.1961318753741618,0.040692408912987484,0.024895985000591366,0.5725260170764388,0.4865301742716439,0.08187140575769673,0.03321161731401189,0.00979844089408345,1.0,0.17891137898414167
119,0.95,0.04999999999999993,0.19409056004593547,0.03644578904032896,0.024196733642750545,0.5733687002981448,0.48753408974426243,0.08892407647356927,0.03290139371277618,0.009796326538011395,1.0,0.17328210063948846
120,0.95,0.04999999999999993,0.19314019317701134,0.03480723262346578,0.024382066271219777,0.5737618717677337,0.48800289336335245,0.11854837390001433,0.03248118862146182,0.01005491151542664,1.0,0.20752178379882258
121,0.95,0.04999999999999993,0.1924206718638849,0.033588810167107956,0.024328369032074786,0.5740599001328611,0.4883584239963442,0.10527121596682523,0.03216632355254948,0.010171365274466874,1.0,0.21471458643769936
122,0.95,0.04999999999999993,0.19137237481059582,0.03183049278175369,0.023896048320850787,0.574494663172624,0.48887733781620324,0.09602111027179089,0.031875021941032845,0.010230399618100582,1.0,0.19434584173567582
123,0.95,0.04999999999999993,0.19072345565282142,0.03157435965768985,0.023634892425207735,0.5747641212995065,0.4891991099589781,0.07369413240684276,0.031891146137500215,0.010412894529276209,1.0,0.1711151361739378
124,0.95,0.04999999999999993,0.18961925667740093,0.030153652315800677,0.023626206162726943,0.575223211935517,0.4897476111906996,0.06524639504811582,0.032082160140341306,0.010399184243413278,1.0,0.17467229363973136
125,0.95,0.04999999999999993,0.1884276156082042,0.028858479399981814,0.023624497568039447,0.5757194817188565,0.4903409301389115,0.042066304684613504,0.03256391686472434,0.010626004603948663,1.0,0.16151098681071918
126,0.95,0.04999999999999993,0.18770731860774892,0.02775767274486985,0.02373497593728041,0.5760198714206287,0.490700264151708,0.06769430208737115,0.03248255741361973,0.010732304851085174,1.0,0.1953149359817845
127,0.95,0.04999999999999993,0.18712379790224637,0.027165120137046805,0.023447212382840418,0.5762634504267331,0.49099175105164805,0.062282952666070715,0.032694925974844316,0.010668104985969215,1.0,0.18612597486085014
128,0.94,0.039999999999999925,0.18660072850278225,0.027284533284989664,0.023512678070001406,0.6117481481975353,0.5429188993917207,0.05497564146325821,0.03314789174014552,0.010403913817548703,0.0,0.1544935524541986
129,0.94,0.039999999999999925,0.18618431241409897,0.026904325835856224,0.023503645944403476,0.6119441847326487,0.5431492686342355,0.06628477777399222,0.03355089728170789,0.01038573060381558,1.0,0.19031020290999523
130,0.94,0.039999999999999925,0.1859881041010675,0.026909106895325483,0.023542698860296453,0.6120365974306581,0.5432578825507007,0.07486501092938028,0.03380136557018505,0.010344681550314285,1.0,0.17562014958518946
131,0.94,0.039999999999999925,0.18564489598177783,0.027144792146289967,0.023745205147083073,0.6121983131049318,0.5434479747954699,0.074565509764611,0.03407093596063319,0.010338341486616033,1.0,0.1500963543079632
132,0.94,0.039999999999999925,0.1855495415683401,0.027146450492916547,0.023610371635743997,0.6122432581666254,0.5435008122400955,0.08675684725754479,0.03420397066985952,0.010362288211280067,1.0,0.18035739777851223
133,0.94,0.039999999999999925,0.18518308864351027,0.026740967271577,0.023259001253235087,0.6124160462578547,0.5437039654669157,0.07909198795807332,0.0344016352910844,0.010289842357315688,1.0,0.19685710773241194
134,0.94,0.039999999999999925,0.1853095109276218,0.0267565254410439,0.022734123857078774,0.6123564252223151,0.5436338626501365,0.04952545942208836,0.035031479547845454,0.010575073516815808,1.0,0.19485925080427613
135,0.94,0.039999999999999925,0.18466266143486154,0.02629689121740369,0.02280757329100657,0.6126616032246838,0.5439927396956481,0.052246680093372154,0.03558871254724981,0.010545606313599644,1.0,0.17149279226470426
136,0.94,0.039999999999999925,0.18404375502759998,0.025411796019770325,0.022419969165568796,0.6129538828110898,0.5443365575449279,0.05966999560707886,0.03601191265513422,0.01061784251720355,1.0,0.19038206539528524
137,0.94,0.039999999999999925,0.1842234889838249,0.025551902861799747,0.022446789827093666,0.6128689744198043,0.5442366661061502,0.0674224739149567,0.03631345976627441,0.010351317190250396,1.0,0.2129840201950277
138,0.94,0.039999999999999925,0.1839864917704499,0.02537504027386849,0.022140373786888472,0.6129809395754888,0.5443683906705941,0.060956528956209316,0.036494731713146086,0.010398491306130015,1.0,0.19125761254380658
139,0.95,0.04999999999999993,0.18399733961794149,0.02536625199450686,0.021676233201909742,0.5775720444121494,0.4925594322759211,0.0732163913580279,0.03648167136826773,0.01051001420719511,1.0,0.16398052299892973
140,0.95,0.04999999999999993,0.1831538251060092,0.025018989263100384,0.021650954468811386,0.5779261200842999,0.49298410698700446,0.06995073949046714,0.03647250916559345,0.010533022965733312,1.0,0.1517712945143146
141,0.96,0.05999999999999994,0.18261881124860385,0.024765932488498777,0.021679477122584077,0.5465519711627063,0.4463145347350122,0.07256994791118548,0.03640338152233017,0.010551000171333666,1.0,0.16790953690565757
142,0.95,0.04999999999999993,0.18178252505356926,0.024401586391406965,0.021276398977089103,0.5785026677576263,0.49367606503636324,0.06684536938293273,0.0363675543378448,0.010238356446835965,0.0,0.1510968028105808
143,0.95,0.04999999999999993,0.18167199291677838,0.024443431831096582,0.021257462556176863,0.5785491898525897,0.49373192416149864,0.07876597086474414,0.03648293465419038,0.010247246320907429,1.0,0.16695473813586648
144,0.95,0.04999999999999993,0.18142299139735282,0.02442566945025112,0.02129121846170245,0.5786540200258076,0.49385780725674283,0.06796727292895925,0.036713937599173636,0.010283938015801302,1.0,0.1708404408680022
145,0.95,0.04999999999999993,0.18102933145514336,0.024500090704019165,0.021203902948069387,0.5788198292325598,0.4940569536508504,0.062165072005528746,0.03699964744049343,0.010240231311656935,1.0,0.1569184666747101
146,0.95,0.04999999999999993,0.1809239688238853,0.02455390195074683,0.021219459404903968,0.5788642239973976,0.49411028220366227,0.05608723098184083,0.03731894422975324,0.010283668581790082,1.0,0.1631819877268912
147,0.95,0.04999999999999993,0.1809711314564944,0.024553618181143936,0.021392929170214334,0.5788443510817152,0.4940864097465387,0.03159630875647469,0.03803895606202741,0.01049923707432137,1.0,0.18315794593916102
148,0.95,0.04999999999999993,0.1805972902685998,0.02491390575072124,0.021729747706391873,0.5790019139900732,0.49427570145907057,0.022046036810644504,0.0389014113450394,0.010567724263680576,1.0,0.1382551124422462
149,0.94,0.039999999999999925,0.18072452436875863,0.024861669339393287,0.0217439179002532,0.6145261655796928,0.5461879131938909,0.029906677987142576,0.0395444104999145,0.010613973798391897,0.0,0.17680484283224995
150,0.94,0.039999999999999925,0.1804751623974437,0.0247796858214873,0.02140138738125695,0.6146446113951134,0.5463275076626344,0.040554578310044,0.03994711476540367,0.010645534854301598,1.0,0.17629211688260904
151,0.94,0.039999999999999925,0.1798603236706261,0.02415798615351196,0.02088576631442161,0.6149368521999918,0.5466720034774156,0.04412744180528146,0.04020664421910848,0.01059853791492753,1.0,0.174167688662608
152,0.94,0.039999999999999925,0.1786537673929985,0.02155904418551473,0.020362342624533705,0.6155111525384449,0.5473493046413969,0.04339300221996487,0.04036386738763226,0.010506344466845457,1.0,0.16816684741831245
153,0.93,0.030000000000000027,0.1778564346877033,0.02107727631959261,0.019959314604347425,0.6563130025212834,0.6054102081854641,0.0606000795869526,0.04015458922112827,0.010660581160923516,0.0,0.15126941810834937
154,0.93,0.030000000000000027,0.17785340005889702,0.021077823590040592,0.019648866908156308,0.656314646339248,0.6054120962628738,0.06571593224780675,0.03984377793958036,0.010680331538315217,1.0,0.17390202244884323
155,0.93,0.030000000000000027,0.1770994875564992,0.020629520124183873,0.019798819655709374,0.6567232859849679,0.6058815287464179,0.05742308906418116,0.039534691509427226,0.01076267041973548,1.0,0.152181161353103
156,0.93,0.030000000000000027,0.17663508296113858,0.0201602316433527,0.019412686786901105,0.6569752583895152,0.6061710582358569,0.04757929510550736,0.039309649986080636,0.010673862414860538,1.0,0.17425641296882977
157,0.93,0.030000000000000027,0.17645358777462308,0.02038605496348713,0.0196580963515996,0.6570737849468908,0.6062842852373814,0.0384640135702046,0.039448967732217594,0.010678662739898146,1.0,0.14224494822560407
158,0.93,0.030000000000000027,0.17651893408549418,0.020369673188022918,0.019864929414425272,0.6570383076152196,0.6062435136258675,0.047760677786442614,0.03931690359593055,0.01055972026581692,1.0,0.1746450158023347
159,0.93,0.030000000000000027,0.17645888847047048,0.020368073100399228,0.01928905887209948,0.6570709069898554,0.6062809777627215,0.03562247562001699,0.03958041931061977,0.010625543112032763,1.0,0.17402941756984203
160,0.93,0.030000000000000027,0.1759503574625639,0.019447726777085176,0.018735809634348295,0.657347123406211,0.6065984502280589,0.030121972754191907,0.03984242083422914,0.010605040253518702,1.0,0.18680766020430406
161,0.93,0.030000000000000027,0.1761701073832166,0.019504571879776892,0.01877752119198334,0.6572277343779167,0.6064612210551715,0.029665817422257316,0.03998643510254293,0.010530292665804854,1.0,0.19208583588839878
162,0.93,0.030000000000000027,0.17701970714066548,0.02096760972497237,0.01930645219796179,0.6567665587637407,0.6059312475585426,0.02689123024339165,0.04002397810724109,0.010495154276003572,1.0,0.25392208808978944
163,0.93,0.030000000000000027,0.17696401560216846,0.02097117452057096,0.01999352168482612,0.6567967691512814,0.6059659591223105,0.024740529940139262,0.04015074409213776,0.010447915993727134,1.0,0.1728650411047259
164,0.93,0.030000000000000027,0.17760834991609775,0.02158670076139708,0.02036160078835204,0.656447413919346,0.6055645998009827,0.019455229710544097,0.04022044949917597,0.010335166819877,1.0,0.22983045856186557
165,0.93,0.030000000000000027,0.17847891836240315,0.023568898429059813,0.020649151718666624,0.6559759854060334,0.605023161731528,0.027032617879757373,0.03981305488240111,0.010329659132117579,1.0,0.2729794580075495
166,0.93,0.030000000000000027,0.17991543978232719,0.027184450649607936,0.020904283865195467,0.6551995618788466,0.6041318508135582,0.035555418243989896,0.03939909495043783,0.01040359363857417,1.0,0.314893298024878
167,0.93,0.030000000000000027,0.1805604327229721,0.028115403590191865,0.02140956015745681,0.6548515480832892,0.6037325091316519,0.03129800009246966,0.0390188446878936,0.010347315585695687,1.0,0.25239620760792314
168,0.93,0.030000000000000027,0.18150309814228993,0.02947476541860021,0.0211763796175861,0.6543435859647563,0.6031498148945239,0.023407026471283468,0.038891100152890025,0.010213706782234084,1.0,0.2696887179921412
169,0.93,0.030000000000000027,0.18147631112879925,0.02944478619007891,0.02122598279037812,0.6543580094631521,0.603166357350658,0.015519427511170126,0.03916856621419505,0.01011279924955941,1.0,0.21312085854270824
170,0.93,0.030000000000000027,0.18216989720681448,0.029842510588121558,0.02136975719996569,0.6539847520393065,0.6027383219702176,0.022797487344290702,0.039027948689937086,0.010129646853813531,1.0,0.2335010223502747
171,0.93,0.030000000000000027,0.18282392445129264,0.030288312497271066,0.021314333115145925,0.6536331733118614,0.602335255831456,0.029077910906183464,0.03885532234812863,0.010052894213722897,1.0,0.23569163625497058
172,0.93,0.030000000000000027,0.18330609587331176,0.030589444256341306,0.02134656079370682,0.6533742193332543,0.6020384466280252,0.04025326427243799,0.0382634965460576,0.009945662201354274,1.0,0.22618365231091375
173,0.93,0.030000000000000027,0.183740907023088,0.030729365433510993,0.02145673933930748,0.6531408764430356,0.6017710415995351,0.05641398129128452,0.03789737822012788,0.010073779950126068,1.0,0.21513018132010142
174,0.93,0.030000000000000027,0.18438161158161104,0.031138815951607255,0.021409794745446773,0.6527973437301462,0.601377446555019,0.0697543032587182,0.03751451727259574,0.010193245685913746,1.0,0.2358653171711238
175,0.93,0.030000000000000027,0.18481601582139093,0.030908246775050996,0.021844596312641955,0.6525646305362384,0.6011108778479215,0.05872398169402969,0.03713033263248933,0.010235244772894423,1.0,0.1898526346535807
176,0.93,0.030000000000000027,0.18510001001196139,0.03065625569853644,0.022016075651343545,0.6524125826603557,0.6009367347834804,0.0729495581877497,0.03657532161760547,0.010310042003641856,1.0,0.1718443023674161
177,0.93,0.030000000000000027,0.18515589376259556,0.030587167747124982,0.02209250161700379,0.652382671357299,0.6009024791754017,0.06373231643490779,0.035885797896753974,0.010110938792794233,1.0,0.1500651361284948
178,0.92,0.020000000000000018,0.18510282101382283,0.030637606744433495,0.02207572236905249,0.6979458376657675,0.6641358984770279,0.07031626055884606,0.03562578803132419,0.010137017376632402,0.0,0.15338248182636538
179,0.92,0.020000000000000018,0.1851901732463719,0.030588782948087437,0.022197003600606224,0.6978923308386736,0.6640767241726008,0.08018727934273549,0.03530950065191969,0.009987523325577103,1.0,0.17240347120358912
180,0.92,0.020000000000000018,0.18515317800577788,0.030608537629944185,0.022227390841962104,0.6979149909401641,0.6641017842668413,0.07288417130047119,0.034546405938347194,0.00998635901354942,1.0,0.16698287134267975
181,0.92,0.020000000000000018,0.18525233025436705,0.030585365828153906,0.02238400070841077,0.6978542621160985,0.664034624082755,0.08879088812246079,0.03361866982944067,0.010129635802192054,1.0,0.1830098832276854
182,0.92,0.020000000000000018,0.1855029246024143,0.03058310532818013,0.022435423222984505,0.6977008250501446,0.6638649460298075,0.08844554559538463,0.03269266735660796,0.009967983782488147,1.0,0.19763145806690074
183,0.92,0.020000000000000018,0.1855334035167662,0.030581220264718607,0.022256552562341995,0.6976821676384534,0.6638443145960812,0.05726705176056275,0.03208302565062596,0.010210806863091204,1.0,0.18515066059378582
184,0.92,0.020000000000000018,0.18501769653678615,0.03056045653435831,0.0222742110759078,0.6979979877952298,0.6641935737980114,0.04554519199212171,0.03135437305916333,0.010234666066143549,1.0,0.16072106403730624
185,0.92,0.020000000000000018,0.18420291278729248,0.03030278993507582,0.02215080047381892,0.6984975464138072,0.6647461304151034,0.04863149790986958,0.030766216416605922,0.010192413897501622,1.0,0.15349479079941486
186,0.92,0.020000000000000018,0.18358757268913048,0.030285179278902705,0.021844766165623367,0.6988752967268299,0.6651640413509942,0.03567692369737583,0.030088287605554688,0.01014293800772598,1.0,0.15399523308789087
187,0.92,0.020000000000000018,0.18335413098304407,0.030365326542376385,0.021640515295809633,0.6990187108694393,0.6653227218310309,0.029015554201849095,0.028928785337893042,0.010024574167157707,1.0,0.1613872334956119
188,0.92,0.020000000000000018,0.18297696170840208,0.030236866707498315,0.021435105270435614,0.6992505479848775,0.6655792602305691,0.02173724467846009,0.028315792622959902,0.00998349985992883,1.0,0.17462731315933477
189,0.92,0.020000000000000018,0.1835000508136304,0.03060970398330521,0.021992816325233783,0.6989290586064485,0.6652235249060294,0.02415206800962987,0.0278887797137578,0.009910750077842607,1.0,0.23107747897061026
190,0.92,0.020000000000000018,0.18323106178939177,0.030757067645653207,0.02269706690843667,0.6990943417200429,0.6654064077958783,0.03451017574605169,0.027497618038111946,0.009915283377685694,1.0,0.1531064374101767
191,0.92,0.020000000000000018,0.18322485093233326,0.03075611509942503,0.02297294097622969,0.69909815896932,0.6654106316818625,0.023295008851876037,0.026989291684518187,0.009857242904847638,1.0,0.18763448795153725
192,0.92,0.020000000000000018,0.18315208515117307,0.03076980515403814,0.02300400620211747,0.6991428845860965,0.6654601223030867,0.017306409901512547,0.026897698691824987,0.009898590645647286,1.0,0.17376247771151143
193,0.92,0.020000000000000018,0.1836744049706966,0.030988772633324,0.023391346943494522,0.6988219666152872,0.6651050369846379,0.02487239018238234,0.02669544265325364,0.00969864393206815,1.0,0.22247448490275312
194,0.92,0.020000000000000018,0.18373088906916024,0.030988279280126676,0.023653894351756636,0.6987872799314206,0.6650666604678466,0.03056879783674269,0.02572073137634293,0.009665333003665882,1.0,0.18625618659167564
195,0.92,0.020000000000000018,0.18442310604031462,0.03145202080161074,0.023865492136476964,0.698362471460043,0.6645967127476099,0.018424163648683895,0.025097634691395188,0.009744719368726628,1.0,0.2396033689676227
196,0.92,0.020000000000000018,0.185498767817217,0.03168389159375635,0.023628673096766844,0.6977033696686529,0.6638677598920784,0.04413179812706433,0.02399846791424841,0.009725237368140974,1.0,0.24554884785379127
197,0.92,0.020000000000000018,0.18625029975028715,0.032133166292122664,0.023652788406335046,0.6972436132026434,0.6633594110368796,0.04877102250647848,0.023531919617116467,0.00975587936307329,1.0,0.2425264272880383
198,0.92,0.020000000000000018,0.18625557217508773,0.03213021581342063,0.024279167388600493,0.6972403898893602,0.6633558474299972,0.04355401895453884,0.023031188702046106,0.009642992420255023,1.0,0.1685354813795794
199,0.91,0.010000000000000009,0.186413141958183,0.03202004240503363,0.024241113244376205,0.749387154144672,0.7330039089998095,0.0573288929188508,0.02277607656561361,0.009752540686304366,0.0,0.17178579054486764
200,0.91,0.010000000000000009,0.1863888537216258,0.032038673310392514,0.024112987076474524,0.7494043072776739,0.7330220463484605,0.0580390380133731,0.022466578540874502,0.009712373678973185,0.0,0.16061765802311
201,0.9,0.0,0.1862390518419968,0.03207094220712671,0.024142779199100947,0.8102383000501012,0.8102383000501012,0.07523557700723772,0.02230679538089231,0.009824713236414585,0.0,0.17191891685995486
202,0.9,0.0,0.1861510024944836,0.03210400852778387,0.024067488060730172,0.8103109969155253,0.8103109969155253,0.12921393173347268,0.023152613337743908,0.010076098071450526,1.0,0.16974233137470573
203,0.9,0.0,0.18615960483185914,0.03209950438435156,0.023972138738748733,0.81030389392604,0.81030389392604,0.12883195428007166,0.02423948160626928,0.009983901266390014,1.0,0.16977709167962796
204,0.89,-0.010000000000000009,0.18600758833658845,0.03217184833361153,0.023764082915955418,0.7496736720906779,0.7333068756476794,0.12106454026443948,0.025069537438032544,0.010027983123385173,0.0,0.16318955159607818
205,0.89,-0.010000000000000009,0.1859151421754107,0.032128738064444745,0.02368536817693967,0.749739014673019,0.7333759721089415,0.11639646989235214,0.025742524169435944,0.010008963595380168,1.0,0.19633165154546894
206,0.9,0.0,0.1861790659426254,0.032061229569486,0.02317554326246849,0.8102878252569996,0.8102878252569996,0.10832086736958922,0.02619579056696419,0.009796349517402539,1.0,0.1910337852727675
207,0.9,0.0,0.18612818678419973,0.03201086131161766,0.022786350927929525,0.8103298365554586,0.8103298365554586,0.10693223544025354,0.026581493406232174,0.009647745791687763,1.0,0.2153240255140778
208,0.91,0.010000000000000009,0.18685262821047113,0.03217616944582977,0.022871853103262577,0.7490769104305721,0.7326758756740454,0.12980312583237028,0.02731175127808561,0.00985241369741167,1.0,0.23003580262311463
209,0.9,0.0,0.18702570896578255,0.032098365837190126,0.023254903241018345,0.8095893846286942,0.8095893846286942,0.13293426973264383,0.02812604813101423,0.009660072985332707,0.0,0.18114679727818106
210,0.9,0.0,0.18779384129545945,0.032190808658969075,0.023155721966498472,0.808956752570396,0.808956752570396,0.12845478517747883,0.02893678213917076,0.009646291995128644,1.0,0.22968491300762905
211,0.9,0.0,0.18755495289894977,0.03210453565110577,0.02326657512225842,0.8091533945610913,0.8091533945610913,0.10736975179000846,0.029311580607312315,0.009843738663190627,1.0,0.18733990229587483
212,0.9,0.0,0.18762857673786207,0.03209524117285435,0.02308166108635488,0.8090927805970358,0.8090927805970358,0.09113984307967994,0.029465541374301928,0.009967667209505213,1.0,0.1872205775465572
213,0.9,0.0,0.18811145611447336,0.03206071389972487,0.023150042895757336,0.808695454558355,0.808695454558355,0.10638638383032788,0.02980312175104845,0.010052722163622284,1.0,0.20972031701269023
214,0.9,0.0,0.18804703021311023,0.0320891120273978,0.023320134979547807,0.8087484433486615,0.8087484433486615,0.10702390687896915,0.03012301752298879,0.009963059778336775,1.0,0.1707197295505336
215,0.9,0.0,0.18817928726992547,0.03197970653752336,0.023167047677136763,0.8086396725298489,0.8086396725298489,0.11137886338062,0.030522399952320697,0.009873746988319346,1.0,0.16822655420147092
216,0.9,0.0,0.18827324887414373,0.03194772767579429,0.022796271801883435,0.8085624144235734,0.8085624144235734,0.10361225945131364,0.030763766146987878,0.009935522417984989,1.0,0.18204582722952978
217,0.89,-0.010000000000000009,0.1880601922181941,0.0317848832527519,0.022549401965112226,0.748225783598029,0.7317760575463637,0.08022461024351801,0.030772285442681273,0.010139364201056841,0.0,0.20187008589088218
218,0.89,-0.010000000000000009,0.18835858397713104,0.03183761405921029,0.022562040254428366,0.748015766193101,0.7315540509236905,0.08969720789560967,0.03083095082776514,0.010163807907483297,1.0,0.208750554877833
219,0.89,-0.010000000000000009,0.18872328318795917,0.03187168730638699,0.022226300695692355,0.7477592395930411,0.7312828937194017,0.08677865921757387,0.030813459619047023,0.009894052869620576,1.0,0.209752021722303
220,0.89,-0.010000000000000009,0.18843942571040412,0.0318293762665011,0.02246289850417831,0.7479588875618335,0.7314939270088777,0.06624041125171988,0.030300874649362278,0.009967397213384866,1.0,0.17913603604331718
221,0.89,-0.010000000000000009,0.1881819150540309,0.031719738142370266,0.02235642113099687,0.748140097038589,0.7316854781997801,0.07125944180787168,0.03000481823558779,0.009924659080668882,1.0,0.18896352080037893
222,0.89,-0.010000000000000009,0.1883683176196177,0.031810054653283945,0.022364419837383135,0.7480089173382914,0.7315468112595032,0.07028270836407213,0.02982040626971935,0.009709000046111827,1.0,0.21298609829435677
223,0.89,-0.010000000000000009,0.18841883821779615,0.03178661629843398,0.022700397057956713,0.7479733716900985,0.7315092374775753,0.07332862822259875,0.029818944978748554,0.00965443623297849,1.0,0.17616719599177966
224,0.89,-0.010000000000000009,0.18863143973653332,0.031765053822804486,0.02276710354980179,0.7478238249884887,0.7313511612283123,0.0683869110230161,0.029824435143357426,0.009470210241423745,1.0,0.19593244551345435
225,0.89,-0.010000000000000009,0.18919164063998792,0.03177580085653687,0.022643817514161946,0.7474300585447408,0.730934960357316,0.08294173734074997,0.029833762025684173,0.009358360028443707,1.0,0.2175310771561756
226,0.89,-0.010000000000000009,0.18951705798469282,0.03200266428707892,0.022655298647244432,0.7472015123259155,0.730693409206082,0.09011774343371345,0.029959513494046398,0.009376184843308991,1.0,0.22785667045227576
227,0.89,-0.010000000000000009,0.18985669771675773,0.03214478477072773,0.022414230970257385,0.7469631264956333,0.7304414712554834,0.07034496021132106,0.02997033366610717,0.009502098702092626,1.0,0.22008994806734172
228,0.9,0.0,0.1900750828592246,0.031977541054598074,0.022494445423900417,0.8070837420314997,0.8070837420314997,0.05718879355899744,0.029965709544888988,0.009520755574229897,1.0,0.1763320667008842
229,0.89,-0.010000000000000009,0.19023063539105953,0.03201611690012917,0.02264437811145396,0.7467008435394208,0.7301642926369175,0.045632146131134275,0.030009050279877682,0.009550820364860957,0.0,0.20586545609348983
230,0.89,-0.010000000000000009,0.19053919126247953,0.03202250622384708,0.022392726448388033,0.7464845585761087,0.7299357361657834,0.03866895947289817,0.030071708870834775,0.009618130319340421,1.0,0.2064757367271901
231,0.89,-0.010000000000000009,0.19248160038341433,0.03523989500861813,0.02347960004640521,0.7451258815632364,0.7285002152998802,0.057513566489183154,0.030047097450477893,0.009685335062000533,1.0,0.34433726640143913
232,0.89,-0.010000000000000009,0.19376279489726966,0.03705789734111812,0.0236751627462385,0.744232414921279,0.7275564458010423,0.04433683867989632,0.029988547373117926,0.009741010501493617,1.0,0.3084768491640435
233,0.89,-0.010000000000000009,0.19408068434266423,0.037219072669489844,0.024461354059006544,0.7440110600296211,0.7273226566210159,0.05252615935385801,0.029946435991440524,0.009525079108947926,1.0,0.2286460522718715
234,0.89,-0.010000000000000009,0.1945343092899625,0.037501166760586534,0.02434225541984145,0.7436954168066693,0.7269893019405934,0.05009251247097807,0.029944330331622703,0.009522174323206475,1.0,0.2402217455340987
235,0.89,-0.010000000000000009,0.1950222276205265,0.03751561164097961,0.02435283973380521,0.7433562102367481,0.7266310870635955,0.06897438566425819,0.029942069702867537,0.009637917330070852,1.0,0.22028462532110593
236,0.89,-0.010000000000000009,0.19522182953235329,0.03754348142742495,0.024224965127172832,0.7432175338046623,0.7264846471035924,0.08136695919502734,0.030009465444516752,0.009684786978786927,1.0,0.2103422565779678
237,0.89,-0.010000000000000009,0.1956979577961043,0.03806402860869269,0.02451312858516207,0.7428869453533321,0.7261355690030371,0.0922146252142113,0.03016091858072117,0.009729046787478204,1.0,0.2605968465701235
238,0.89,-0.010000000000000009,0.19661028471795874,0.03902780908164182,0.024458748470154553,0.7422543135958569,0.7254676239664523,0.0990976924277047,0.03039111443050293,0.009674735724969871,1.0,0.2824903047292554
239,0.89,-0.010000000000000009,0.19875769466095675,0.042890051399739344,0.025307455380102664,0.7407694867311959,0.7239002731092494,0.08938712138986556,0.030493505883503975,0.009739835918609045,1.0,0.37872151729873393
240,0.89,-0.010000000000000009,0.1992760897813514,0.0426315151564482,0.02691323788872501,0.7404119320728011,0.7235229213060896,0.09413327979825059,0.030650237867379495,0.00976132026191881,1.0,0.20361080655377872
241,0.88,-0.020000000000000018,0.19966723864085364,0.04252122819681346,0.026777893264553564,0.6891364622888934,0.65441321652559,0.08183665117670258,0.030694976192637703,0.009827704606295529,0.0,0.20702442285588218
242,0.89,-0.010000000000000009,0.20034991210314662,0.0422833018428624,0.026742355798479937,0.7396723774111981,0.7227425113304625,0.0847995004693441,0.030772621743089472,0.009737222260950378,1.0,0.21936414903987922
243,0.89,-0.010000000000000009,0.2007786851848898,0.04215970233086492,0.026799390141889645,0.7393774886786681,0.7224313667812607,0.0703480319098751,0.030739837528430083,0.009774118933916885,1.0,0.20983204631018348
244,0.89,-0.010000000000000009,0.20125754631056123,0.04208882830002479,0.026748607646249957,0.7390484296993526,0.7220841917338559,0.07391076126239465,0.030756021534748077,0.00975149800895819,1.0,0.21872655343514769
245,0.89,-0.010000000000000009,0.2019904862630581,0.04194826096809614,0.026801359034503102,0.7385453422307607,0.7215534548948782,0.0652799140419813,0.030757146473419338,0.009777285950339254,1.0,0.2302124619243906
246,0.89,-0.010000000000000009,0.203133041543831,0.04242891364102263,0.02707660242508417,0.7377624608204768,0.7207276614844733,0.05834161530880411,0.030753170532056732,0.009599986723145425,1.0,0.2774375158041855
247,0.89,-0.010000000000000009,0.20404757846531774,0.04297066660143217,0.026651582669724963,0.7371370130377984,0.7200680314009515,0.07096779169734352,0.03060475721817724,0.009631056464990973,1.0,0.2746116380878323
248,0.89,-0.010000000000000009,0.2048896836923471,0.042495585761614184,0.0267889187561153,0.7365620380466548,0.719461711155999,0.06073865984245798,0.030327324735730177,0.009654980613257513,1.0,0.2224656351451859
249,0.9,0.0,0.20532160185169,0.04242738361039822,0.026808678861458834,0.7947849077000547,0.7947849077000547,0.06027930076334441,0.030141586413573472,0.009552066055239453,1.0,0.21999665876653451
250,0.89,-0.010000000000000009,0.2055446405163665,0.04233271032245056,0.027003388429097896,0.7361154645070221,0.7189908442068361,0.07504221944695556,0.030071615560092867,0.009665096915728076,0.0,0.1985959833502664
251,0.89,-0.010000000000000009,0.20643172171208746,0.04259454128218615,0.02759206503152355,0.735511482760059,0.7183540783260445,0.07998329862050757,0.03004533691246972,0.009707588224700152,1.0,0.26287580823470247
252,0.89,-0.010000000000000009,0.2073738740074966,0.042779314073132776,0.027426371111983327,0.7348710894714199,0.7176790151629494,0.05918408877690379,0.029975733001404607,0.009743872391130618,1.0,0.262382076959222
253,0.9,0.0,0.20839948335196476,0.04265117562639252,0.0272841400015143,0.7923474213202828,0.7923474213202828,0.05654925639002259,0.029983840940778685,0.009718811580282406,1.0,0.25383035255516195
254,0.9,0.0,0.2098048340108554,0.043791400530958785,0.027676926614514347,0.7912394377564342,0.7912394377564342,0.05549107868850615,0.029997138825486516,0.009645734151170194,1.0,0.3144370883379064
255,0.9,0.0,0.21113497678885015,0.044040322859666636,0.027749314468752763,0.7901935989907017,0.7901935989907017,0.038819080872191575,0.030097681415813194,0.009714705907307978,1.0,0.28519543915257595
256,0.9,0.0,0.21212952083732867,0.044318370839060026,0.027541972616153428,0.7894134328747034,0.7894134328747034,0.030712894395889784,0.03023765659649136,0.00970451302792413,1.0,0.27371081781668405
257,0.9,0.0,0.21372543907213945,0.04464534032248363,0.027498799750630888,0.7881647355233387,0.7881647355233387,0.033281494061142024,0.03028594981598104,0.009636552779934375,1.0,0.3018367717066823
258,0.9,0.0,0.2144121056620913,0.04456697835975795,0.02808374418170834,0.7876286803637991,0.7876286803637991,0.02346212639625527,0.030512263550274348,0.00961313020921176,1.0,0.24331167479752103
259,0.9,0.0,0.21621048901395554,0.04648819783050164,0.029071399083973812,0.7862281986152616,0.7862281986152616,0.028445554598244646,0.030586813893154742,0.00960790723280938,1.0,0.35386775275626414
260,0.9,0.0,0.21648450159549118,0.046394743819357744,0.030428779475027347,0.7860152498460841,0.7860152498460841,0.02766048322396803,0.03061482904321421,0.00961122961707546,1.0,0.21420891835786926
261,0.9,0.0,0.21738538127409845,0.046785238752836966,0.030490684860783577,0.7853159439028017,0.7853159439028017,0.035246888108516325,0.030557755387886663,0.00965983383632478,1.0,0.2821738037491268
262,0.9,0.0,0.21774128857998934,0.04719540505140326,0.0297460582743663,0.7850400143903791,0.7850400143903791,0.03664081102087693,0.030455341506670685,0.009652189620255167,1.0,0.2895128186788798
263,0.9,0.0,0.21954013459338703,0.048849812601928506,0.029809405812835765,0.7836483578931228,0.7836483578931228,0.0264828751028185,0.030433446755960856,0.009701408162562876,1.0,0.3527496424444967
264,0.9,0.0,0.21997869704580136,0.0491362539894642,0.030172172875416757,0.7833098168828687,0.7833098168828687,0.03087221486155113,0.030287649773490855,0.009669205653366101,1.0,0.27368670380329463
265,0.9,0.0,0.2199677011355163,0.049124513666663865,0.02976705163104221,0.7833183014183962,0.7833183014183962,0.03570025861071041,0.030194014655280692,0.009631884879476473,1.0,0.27187986697904587
266,0.9,0.0,0.2197100453489964,0.048691619897676834,0.02930998862070775,0.7835171633850828,0.7835171633850828,0.026716163540462034,0.03029017134590235,0.009679629090776756,1.0,0.2891277193728887
267,0.9,0.0,0.21982441489069118,0.04878160934070488,0.029390817380417572,0.7834288790778104,0.7834288790778104,0.026955097386657564,0.03034008522163019,0.009602335759716243,1.0,0.2638331617773986
268,0.9,0.0,0.22018479535101929,0.049279236849030864,0.029242592560196626,0.7831508237229606,0.7831508237229606,0.04122877345912219,0.03015319922025972,0.009666841589133935,1.0,0.3057267640249579
269,0.9,0.0,0.2212955228069782,0.05034767919143097,0.029223266058237756,0.7822950704836005,0.7822950704836005,0.04784224625997002,0.029801632597837843,0.009660128588807947,1.0,0.32419360413859666
270,0.9,0.0,0.22332438750102862,0.05469852207222973,0.030334410237147096,0.7807367623069543,0.7807367623069543,0.05803044622260258,0.029514018869629278,0.009699601077704309,1.0,0.43638749175531677
271,0.9,0.0,0.22469525754776684,0.056673497178665815,0.030880883640000304,0.7796873492918391,0.7796873492918391,0.05300344345665718,0.02931980185776945,0.009637496526186033,1.0,0.3727786409287923
272,0.9,0.0,0.22679729594221082,0.06046139747058992,0.031411746062583255,0.7780836885971789,0.7780836885971789,0.04448231730201466,0.029287051425544195,0.009560328941699125,1.0,0.43638749175531677
273,0.9,0.0,0.229009869046563,0.06394219569680307,0.031202300245906252,0.7764028110311247,0.7764028110311247,0.05109718292584546,0.029307557990967292,0.00949239503923849,1.0,0.43638749175531677
274,0.9,0.0,0.2310150907924049,0.06718756051972508,0.030737525675021988,0.774885718035851,0.774885718035851,0.04093541842186478,0.029401216008457874,0.009483621735594978,1.0,0.43638749175531677
275,0.9,0.0,0.23329797315469375,0.06958573010683292,0.03073993263044309,0.7731657560764803,0.7731657560764803,0.04346451986820617,0.029471561488948566,0.009365475522995194,1.0,0.418140870882463
276,0.9,0.0,0.23531910566169117,0.07069776867461477,0.03096623719182072,0.7716493607392317,0.7716493607392317,0.03458233874352956,0.02960962642440852,0.009362091072205645,1.0,0.37395755306715595
277,0.9,0.0,0.23666791784223462,0.07034416426411708,0.03183183166845149,0.7706406922372501,0.7706406922372501,0.021457464379233706,0.02991357519121339,0.009428161074633498,1.0,0.28494635418283987
278,0.9,0.0,0.23770611285672696,0.06987185010458541,0.03191994663340117,0.7698661036090731,0.7698661036090731,0.03465789994146266,0.030045793369006993,0.00946179154714198,0.0,0.25720198327559674
279,0.9,0.0,0.23861975163516017,0.06960882294270619,0.031931509925425476,0.7691857323104072,0.7691857323104072,0.02242813516619392,0.03027232693148645,0.009511555756566264,1.0,0.2637673490469119
280,0.9,0.0,0.23950382824579772,0.06925388656755614,0.03185423522598578,0.768528519301978,0.768528519301978,0.03549109780148817,0.030376804734202005,0.009482830966801668,1.0,0.25539053240643605
281,0.9,0.0,0.2400042644251747,0.06902427672420518,0.03193216912903465,0.7681569979988713,0.7681569979988713,0.04102453699867127,0.030334742694502696,0.009535235983671432,1.0,0.23305350116538293
282,0.9,0.0,0.2406116988071301,0.06891590567296868,0.03206187213533708,0.7677065240975621,0.7677065240975621,0.024996990317050514,0.030438253741856866,0.00938219611343708,1.0,0.2583748962624389
283,0.9,0.0,0.2414024855930924,0.06872841750513538,0.031874244320903786,0.7671208669159,0.7671208669159,0.032853106399456766,0.030567748424457204,0.009343148197416523,1.0,0.2642293391900217
284,0.9,0.0,0.24206402852357542,0.06826546118276382,0.03217856461248486,0.7666316138054244,0.7666316138054244,0.024715099017900432,0.030743618943262826,0.009394175484929742,1.0,0.22687535708560302
285,0.9,0.0,0.2429636069596628,0.0676826279977765,0.03234095688555634,0.7659673187150093,0.7659673187150093,0.021648057695270277,0.030967791023192744,0.00929430141533516,1.0,0.24345263440815523
286,0.9,0.0,0.24351903513560808,0.06717625022920916,0.03260886176755651,0.7655577364544331,0.7655577364544331,0.0280449464733931,0.031038539516027742,0.009291629892937142,1.0,0.2095380506824176
287,0.9,0.0,0.2444411959049715,0.06667352407102071,0.03292022722296877,0.7648786857673765,0.7648786857673765,0.02116458973017199,0.031128036621811742,0.00928761016788494,1.0,0.25360331043195417
288,0.9,0.0,0.24541572552290147,0.06635742994374032,0.032536659533161746,0.7641623802487744,0.7641623802487744,0.025126533914671872,0.03108764856817989,0.009303237651251912,1.0,0.27208027495233444
289,0.9,0.0,0.24605257430032812,0.0665221615653726,0.031978185191752696,0.7636950036496426,0.7636950036496426,0.022495061058036878,0.031107462957073215,0.009225190834284368,1.0,0.29476235671327233
290,0.9,0.0,0.24693168802105694,0.0658656874505625,0.03217229121891276,0.763050769882533,0.763050769882533,0.027874409303220205,0.031169851392658418,0.009166243171163234,1.0,0.24101780948306484
291,0.9,0.0,0.24708233672102076,0.06574701133268747,0.032419224969368575,0.7629404802922486,0.7629404802922486,0.026047112530916183,0.031138245720435897,0.0091242098158293,1.0,0.20269935794791394
292,0.9,0.0,0.24788118074813703,0.0653353217064805,0.032441805931833066,0.7623561806529435,0.7623561806529435,0.03735158835094023,0.03092356289154363,0.009161972397032878,1.0,0.25364688042314043
293,0.89,-0.010000000000000009,0.24769595552706977,0.06543326916842704,0.03257793339967183,0.7084712445882314,0.6899309129647406,0.05095408421920949,0.03072997858722949,0.009241831873941047,0.0,0.203951962796026
294,0.89,-0.010000000000000009,0.2479461810591264,0.06524541198580665,0.03211308082013008,0.7083133365238549,0.6897654148196471,0.05613682305241825,0.030582364348015395,0.009171509698639533,1.0,0.2112787397973397
295,0.89,-0.010000000000000009,0.24873579860342104,0.06561642031050427,0.03313672632228738,0.7078154993547275,0.6892436852039368,0.0770522534234661,0.030317921272495666,0.009123103596545263,1.0,0.3185651233970812
296,0.89,-0.010000000000000009,0.24942399263133985,0.06593948456277678,0.03314858947567781,0.707382177968749,0.68878961314906,0.07647451141235105,0.030300586382688063,0.009082078522118,1.0,0.31436825064567575
297,0.89,-0.010000000000000009,0.25023918282200497,0.06635178173070201,0.03249895563527797,0.706869579395936,0.6882525221971528,0.09856019810803787,0.03048614552892441,0.009252469260943728,1.0,0.3240454463545508
298,0.89,-0.010000000000000009,0.2514607932754178,0.06595968181547276,0.032802982003645634,0.7061028095708131,0.6874492260770176,0.10260677205689703,0.030683046074664988,0.009154203604221985,1.0,0.2906965267208639
299,0.9,0.0,0.2522964983996721,0.06547252791438865,0.03304714454131036,0.7591427541436522,0.7591427541436522,0.07814265961522149,0.030713244262396192,0.009394142668334642,1.0,0.25535630297029854
300,0.91,0.010000000000000009,0.2538497147613365,0.06512060647188311,0.03354493981790029,0.70460814920081,0.6858837461436788,0.08913322415358667,0.030814769670597757,0.009331456057673031,1.0,0.3159392941895467
301,0.92,0.020000000000000018,0.2555196429581118,0.06513934023401188,0.033754998978129405,0.65732020247236,0.6196269233227314,0.12078378665689662,0.03131453833108574,0.009105922802896012,1.0,0.3389117365374785
302,0.92,0.020000000000000018,0.25673548661096623,0.06465987433839947,0.034235304832396146,0.6566602381260985,0.6189107469748025,0.11291799437425636,0.03101652046283924,0.009181516892080247,1.0,0.2913266966601493
303,0.92,0.020000000000000018,0.2581249409894586,0.06426801434470207,0.034344479506993805,0.6559076579837044,0.6180943319005985,0.09180780346506001,0.03045620664266215,0.009316292416257662,1.0,0.3087225295288669
304,0.93,0.030000000000000027,0.25947515814167416,0.06367492783697515,0.034115885191456835,0.6148916349897654,0.5585588822483052,0.08277416000728492,0.02996837203475567,0.009360389114092892,1.0,0.298211266817636
305,0.93,0.030000000000000027,0.2599982076089722,0.06336818266169449,0.03456312561842311,0.6146430417236644,0.5582820104339397,0.08179254368836082,0.029549396719194074,0.00928873268779149,1.0,0.2486365982752725
306,0.93,0.030000000000000027,0.26194974683602007,0.06421366718263515,0.03570717480489759,0.6137172918606026,0.5572513977764422,0.08703410477964803,0.029296951417569748,0.00932765116417484,1.0,0.3861877079775553
307,0.93,0.030000000000000027,0.26476980468200034,0.06817433893906265,0.036681218492024006,0.6123844593438419,0.5557688225126042,0.09311696087123854,0.029119976359756387,0.009158075060129119,1.0,0.4973298101121073
308,0.93,0.030000000000000027,0.26518970568432043,0.0680883703252116,0.03846318719820635,0.6121864982425897,0.5555487445036793,0.09293404579184592,0.028492651490318266,0.009128294971029311,1.0,0.2720259028551215
309,0.94,0.039999999999999925,0.2669620175953733,0.06818426167249769,0.038845146489104344,0.5761304824593181,0.5018425210280651,0.07679581383923124,0.027632949849826945,0.009246060096256076,1.0,0.35837798838347124
310,0.94,0.039999999999999925,0.2696384665664181,0.07182428234068827,0.03982097286301224,0.5750154580282896,0.500581147397068,0.08482964175585904,0.026909070781049888,0.009114229737964736,1.0,0.4973298101121073
311,0.94,0.039999999999999925,0.2727383656445804,0.07483195241276681,0.03981976756251408,0.5737294039676682,0.49912810961211423,0.07515075341615396,0.02654442634604221,0.009048057815029147,1.0,0.4973298101121073
312,0.94,0.039999999999999925,0.27454819484461135,0.0749302916947349,0.0408968036543961,0.5729812170216789,0.4982836690075083,0.10256071997323676,0.026698622985257017,0.009170920701962832,1.0,0.3682034975496542
313,0.94,0.039999999999999925,0.2755848591063512,0.07474310491007029,0.04105656291602057,0.5725535363184124,0.4978012619994471,0.08572929461672849,0.026424901683213504,0.009334495472749367,1.0,0.3133867431866755
314,0.94,0.039999999999999925,0.27870290230252454,0.07677942998023714,0.042739836962809724,0.5712710124443168,0.49635590825775006,0.1005951487124271,0.026319878006610536,0.009440666155517528,1.0,0.4825240491678644
315,0.94,0.039999999999999925,0.2819699058092219,0.07892962380594572,0.042725529717105484,0.5699333673106247,0.494850481509762,0.12032863137666577,0.026506627546175936,0.009561543718496641,1.0,0.4949269048712033
316,0.94,0.039999999999999925,0.28479825613609616,0.08035298317488032,0.04282878008370037,0.5687803736240542,0.4935545406444936,0.1055436422210821,0.026538511773576537,0.009474648162413692,1.0,0.4648808599169576
317,0.95,0.04999999999999993,0.28640676571425766,0.08028675728951586,0.043791197732417256,0.5375850877705347,0.44592247413567754,0.11109496961486545,0.026939158236463142,0.00943503937192573,1.0,0.36272104370703473
318,0.95,0.04999999999999993,0.2877422804662809,0.0800944300896347,0.043987334568603174,0.5371001609252339,0.4453725487368713,0.10940572565908183,0.027218216066042265,0.00942262215250904,1.0,0.342302030080158
319,0.95,0.04999999999999993,0.28881805867274474,0.07976145601879167,0.04393032650832527,0.5367101804183709,0.4449305605047046,0.12241978322422803,0.027777018757341128,0.009346620229269567,1.0,0.31732984236868544
320,0.95,0.04999999999999993,0.2917750853715958,0.08111030273962315,0.045422057607342206,0.535641140193933,0.44372016047224855,0.10885234252784995,0.02816803643109614,0.00943296780644357,1.0,0.4748387059284245
321,0.95,0.04999999999999993,0.2930747389431581,0.08049138598340153,0.04675425205661333,0.5351726284673488,0.44319025396803885,0.10775246042496114,0.028518661949191986,0.009434211732292957,1.0,0.31892887795660685
322,0.95,0.04999999999999993,0.29384153178867684,0.0800890103556113,0.0466779348122477,0.534896591773047,0.44287820349659474,0.1209015098998365,0.0290964598298966,0.009536263546599512,1.0,0.2896653828462259
323,0.95,0.04999999999999993,0.29570199142861026,0.07949253154881483,0.04721109165686614,0.5342280296070252,0.4421229028518778,0.12280550903803988,0.029683273052405843,0.009505579525777498,1.0,0.3622131599851257
324,0.95,0.04999999999999993,0.29880862196631475,0.08157593096235831,0.048451331128139395,0.5331153694861596,0.44086741387987277,0.11704491239251916,0.03015515721069763,0.009416748923027872,1.0,0.5065954992838995
325,0.95,0.04999999999999993,0.30010028130993005,0.08130090229603923,0.04996216844601911,0.5326541161478282,0.44034750909260034,0.1154174078881457,0.030530546429083334,0.009360703452436052,1.0,0.34669701151770793
326,0.95,0.04999999999999993,0.3008004438175583,0.08097656886313118,0.050376889334076344,0.5324044205800589,0.4400661994034864,0.10664145779534087,0.030714163595517745,0.009249624329914965,1.0,0.2978729212151072
327,0.95,0.04999999999999993,0.302332645696594,0.08088443469275522,0.05069688260063535,0.5318588146943835,0.43945184697398404,0.0834420024025006,0.030766969969834485,0.009351071690930284,1.0,0.3733101359709068
328,0.95,0.04999999999999993,0.30401226833171535,0.0799894806457211,0.05069165448311297,0.5312619967505008,0.438780352460989,0.07205353264980414,0.030766884252178023,0.009349372926534663,1.0,0.34429433021301636
329,0.96,0.05999999999999994,0.3058971955564329,0.07987527734389227,0.05119118547016887,0.5038593551583288,0.3963452275210156,0.07778693129577824,0.030733794323524827,0.009336950825400703,1.0,0.3943581785652499
330,0.96,0.05999999999999994,0.3066158811629607,0.07929873125709237,0.05097050215209851,0.5036300124597982,0.3960867013152538,0.07093443986638265,0.030624475581592328,0.009215818344725051,1.0,0.27834429737996746
331,0.96,0.05999999999999994,0.3065494043964807,0.07926986239698314,0.051207723113069,0.5036512173691025,0.39611060023898886,0.08202981315165335,0.030658813105857687,0.009194794561654182,1.0,0.33768958975344265
332,0.96,0.05999999999999994,0.30621059536750106,0.07933328038919177,0.0510386609574649,0.503759319187316,0.3962324495871799,0.0844975270200462,0.03064064938374611,0.009137000553517122,1.0,0.274595946266077
333,0.96,0.05999999999999994,0.30750558454052446,0.07911322006553617,0.05176566429126192,0.5033463846329101,0.39576712326299945,0.08692056016593531,0.03068044103668433,0.009136893344052568,1.0,0.3581449695742085
334,0.96,0.05999999999999994,0.3080238144694111,0.07884004220312867,0.05223195834114528,0.5031813257121215,0.39558121461371476,0.09002011976570737,0.030726067258172268,0.008977476035027234,1.0,0.29204473842276135
335,0.96,0.05999999999999994,0.30927528680989413,0.07842957373772023,0.05267079422198881,0.502783171288503,0.3951329835719962,0.10041329968223656,0.03090755067927616,0.008957280139933901,1.0,0.3454318593694081
336,0.96,0.05999999999999994,0.31094197512486554,0.07807960123977922,0.05248215420899435,0.5022538937330293,0.39453761237915796,0.08492315696277028,0.030926029951644944,0.009004173843977158,1.0,0.3770110880751121
337,0.96,0.05999999999999994,0.3117260084420628,0.07796368211851588,0.05264495675067245,0.5020052994286268,0.39425816158140964,0.06765733483067576,0.030822936166191424,0.009109050156286259,1.0,0.3390001782898482
338,0.96,0.05999999999999994,0.3119118722075933,0.07791590339661976,0.05205598992681452,0.5019464034799047,0.39419197271683826,0.05109822759749413,0.030690499712698896,0.009178227289572545,1.0,0.3010766812823056
339,0.96,0.05999999999999994,0.31122168935900413,0.07762618851825132,0.050374331749163594,0.5021651761883751,0.39443786917523743,0.04252223101811811,0.030693291025953577,0.009216912523622962,1.0,0.30970323243982034
340,0.96,0.05999999999999994,0.313147947108023,0.07732133581849397,0.05121392500889843,0.5015550710836676,0.3937523527019587,0.041920546852313126,0.030652695686843798,0.009098781771544748,1.0,0.39623658145567253
341,0.97,0.06999999999999995,0.31397031318144264,0.07662242824914517,0.052169842433886685,0.47736498327130467,0.3560177054374765,0.03561043012475214,0.03074945651800498,0.009132592553715652,1.0,0.289261030197838
342,0.97,0.06999999999999995,0.3149716233772358,0.07603154520347115,0.05237895390551964,0.4770782132010384,0.3556965974378312,0.025971848361250306,0.030925704430789014,0.009083977535574569,1.0,0.3194951686191949
343,0.97,0.06999999999999995,0.3157887990947487,0.07533306502821926,0.052571388687668655,0.4768444335015133,0.35543496806815206,0.02407146503810014,0.031177408882045576,0.009067186161540536,1.0,0.2915496180614763
344,0.97,0.06999999999999995,0.31790667025922864,0.07555125725443522,0.05385904670112742,0.47623961257015196,0.3547586921641592,0.024441574126400786,0.03140575888455668,0.008983744362226265,1.0,0.43051366988313533
345,0.97,0.06999999999999995,0.31850507930960953,0.0750898774977356,0.054800816893459336,0.47606899701988364,0.354568074998733,0.027305926994932624,0.031609325952632314,0.008942593393896513,1.0,0.29005336696247963
346,0.97,0.06999999999999995,0.31869908831019544,0.07500853990352761,0.05484080852157998,0.47601370833242873,0.3545063193528287,0.037658960958138664,0.03170660202912477,0.008919632359297188,1.0,0.2968384158627757
347,0.97,0.06999999999999995,0.3201411960595656,0.07553152423026013,0.05554624280662472,0.47560313860515324,0.35404795065073696,0.03887539716264766,0.031784487896455084,0.008828595029495404,1.0,0.4188224130248528
348,0.97,0.06999999999999995,0.3222289517432644,0.07568803996219146,0.05564674597946879,0.4750100054704949,0.3533864613168438,0.03801339727647692,0.0318771278410003,0.008832662108354566,1.0,0.431241203515065
349,0.97,0.06999999999999995,0.32383632325081363,0.0752051162934988,0.05594075323782573,0.4745543568810964,0.35287885970395916,0.04578097992063626,0.03191865149183885,0.008762002148360103,1.0,0.3807338095214594
350,0.98,0.07999999999999996,0.32690479133981276,0.07628467532044428,0.05655114877160635,0.4522638016819079,0.3184248532690025,0.019064639357098737,0.03217646471446801,0.008981954283612485,1.0,0.5054427922501785
351,0.98,0.07999999999999996,0.32926225155808436,0.07789521408382429,0.05661506019496835,0.45165822218277785,0.3177572669178236,0.023442381809214527,0.03234363321849332,0.008816080875617655,1.0,0.498621830061861
352,0.98,0.07999999999999996,0.3304373823377222,0.07776368545988181,0.057727938485218816,0.451356962294852,0.3174255373492604,0.035075199884191735,0.03244572532150124,0.008906969619941857,1.0,0.3798951549230043
353,0.98,0.07999999999999996,0.3313414542609585,0.07739245121458287,0.05747592711412259,0.4511254652173221,0.3171707964570144,0.02938361003906894,0.032592957170811274,0.008953771762806567,1.0,0.3442375448787869
354,0.98,0.07999999999999996,0.3323754474243841,0.07784907547137417,0.057923979746611,0.45086099138174146,0.3168799483470004,0.0392810318158926,0.03265749020299124,0.008885341701801608,1.0,0.41783640468047056
355,0.98,0.07999999999999996,0.3326502387429025,0.07773046220749524,0.05887021421469341,0.45079075765480553,0.3168027430092651,0.03643261478293447,0.03267404165005642,0.008832232919545612,1.0,0.3126745710044201
356,0.98,0.07999999999999996,0.33332981848919,0.0775089524898702,0.0588789845939966,0.450617158264088,0.31661196983000095,0.051087413593605184,0.03255239929785879,0.008954315739196302,1.0,0.3416687924454329
357,0.98,0.07999999999999996,0.3338243288357029,0.07746418494324102,0.05838498375564688,0.45049091907681116,0.3164732941170396,0.04669549830380562,0.0324676004721246,0.008899492987932797,1.0,0.35128780635797296
358,0.98,0.07999999999999996,0.33484707200113933,0.07693576481050128,0.057325849786536515,0.45023005627600515,0.31618687096903325,0.05433476650185244,0.03225903871574909,0.00892631965455964,1.0,0.34558599134115653
359,0.98,0.07999999999999996,0.3338819329063974,0.07729563089537293,0.056806388308361586,0.45047621844074676,0.31645714808613096,0.06771249433121015,0.032099999963560506,0.009053518204610965,1.0,0.25735384328207966
360,0.98,0.07999999999999996,0.3343520795536047,0.0767070373012119,0.05615896259528343,0.4503562722474369,0.3163254307349028,0.037640665739790316,0.03201061968418505,0.009280643696599566,1.0,0.26122358307859916
361,0.98,0.07999999999999996,0.3342968408519201,0.07674657107685585,0.05624065285358967,0.4503703617130815,0.31634090085000405,0.038259822121598376,0.031987390933327406,0.009272817772048532,1.0,0.27664993358067025
362,0.98,0.07999999999999996,0.3343676352583865,0.07670848341916141,0.0558033346917637,0.45035230468893156,0.3163210744873137,0.04053737840058902,0.031959520739875916,0.009193217977714512,1.0,0.2965922593255157
363,0.98,0.07999999999999996,0.33431222887939216,0.0766971862871813,0.05551599940467627,0.45036643667554227,0.3163365911369259,0.03828979460656002,0.0318516477425594,0.009171584079081143,1.0,0.3472090045450631
364,0.98,0.07999999999999996,0.3354326338615724,0.07662169098088883,0.055886821229443995,0.4500808377206732,0.3160231153948505,0.02941957153476989,0.031865984351552815,0.00921241417324913,1.0,0.3857272020213165
365,0.98,0.07999999999999996,0.33612864989228425,0.07635689512325615,0.056159527083759486,0.4499036007671511,0.31582869120387047,0.029880937989837156,0.031918464860067323,0.009126326005419018,1.0,0.3414814700502389
366,0.98,0.07999999999999996,0.3370405601552286,0.07633466200544443,0.05629632221529061,0.44967159858352646,0.31557432115814726,0.014000426607032351,0.03208178619263136,0.009284321738112042,1.0,0.3803187456673083
367,0.98,0.07999999999999996,0.3374446623686253,0.0760524860956615,0.0566415925213782,0.44956886605988744,0.3154617310606089,0.022009065415235805,0.03213860740090093,0.009221038533422534,1.0,0.3042433831170763
368,0.98,0.07999999999999996,0.3372718370249783,0.07614394884712809,0.05661464619151132,0.44961279668284704,0.3155098734557397,0.022337513247651986,0.0323113619472099,0.009157553432731306,1.0,0.28844422966025873
369,0.98,0.07999999999999996,0.338045767013714,0.07639997033960264,0.05662422685550314,0.44941613758455295,0.315294401121777,0.032747276576539974,0.032408328330683835,0.009159791446531866,1.0,0.40158660301217
370,0.98,0.07999999999999996,0.3375034427146099,0.07589075505554205,0.056177991404399545,0.44955392658946997,0.315445360498502,0.04200136711236451,0.03246224607498912,0.00920248930279327,1.0,0.38215506184490167
371,0.98,0.07999999999999996,0.3374228561272895,0.07585752574943076,0.05571158967532514,0.4495744085338954,0.31546780461838553,0.05144753806685197,0.03246637394710094,0.00921183318966039,1.0,0.36471998219674373
372,0.98,0.07999999999999996,0.33576332561310274,0.07548870550452924,0.05666396888603316,0.4499966113338089,0.3159307105623536,0.053274947656731186,0.032433869954726996,0.009163475047903305,1.0,0.27043444033665076
373,0.98,0.07999999999999996,0.33454248153049493,0.0748358696767481,0.05710708649368851,0.4503077141013284,0.3162721184745518,0.043786717045323484,0.03246414912019514,0.009156671675251053,1.0,0.3143030834945313
374,0.98,0.07999999999999996,0.33357503815926537,0.07413506289997109,0.05717873750646604,0.450554549454072,0.3165431876031251,0.06225087478800857,0.03240264203210226,0.009317631839860587,1.0,0.3396431546323604
375,0.98,0.07999999999999996,0.3328151046627494,0.07365223096608814,0.05675773799922559,0.4507486301874462,0.3167564403531797,0.06987361778457343,0.03236576901537497,0.00930491024260693,1.0,0.3421475212308629
376,0.98,0.07999999999999996,0.331784924564089,0.07378989562061417,0.05657790748554296,0.451011996793639,0.3170459889736679,0.05608005811089613,0.0322586605938539,0.009311664639671391,1.0,0.2709395432011268
377,0.98,0.07999999999999996,0.33186570417379246,0.0737429827307063,0.056520739819328945,0.4509913342833167,0.31702326544481546,0.07789449023614797,0.032045497603117666,0.009398674705964552,1.0,0.29302431515318106
378,0.99,0.08999999999999997,0.3326571608553792,0.0733611291125705,0.05689203245074082,0.43134445562521456,0.28665321669043436,0.08530778275140709,0.03200797791512289,0.009350023471014959,1.0,0.3363476514342729
379,0.99,0.08999999999999997,0.33308095175116464,0.07308382713137943,0.0571124808968857,0.4312453210201881,0.2865455473179249,0.08095832680917596,0.03180236770100106,0.00926200825189311,1.0,0.3061464386254542
380,0.99,0.08999999999999997,0.3351643469082722,0.07380541378531588,0.05847860794992295,0.4307586280500726,0.2860174087811496,0.08348232911402723,0.03174274878573088,0.009231609899445313,1.0,0.46373004811719465
381,0.99,0.08999999999999997,0.33638350330408673,0.07311230274113133,0.059321431306218954,0.43047433534725915,0.285709255870121,0.09040388654694555,0.0317706376455784,0.00913963021006448,1.0,0.3549691407468334
382,0.99,0.08999999999999997,0.3378605360045252,0.07301333590034624,0.059778548302500456,0.43013041128191565,0.28533681074112927,0.10208633057748191,0.03174608927248159,0.00917827998731832,1.0,0.406078166306284
383,0.99,0.08999999999999997,0.33815694625589754,0.07277358848413525,0.06053464749315304,0.43006145895373593,0.28526218557632205,0.09623384024307127,0.03173187402707199,0.00915519395653907,1.0,0.29387036432725977
384,0.99,0.08999999999999997,0.33856691983507614,0.0722591856670654,0.06062980276589287,0.4299661254232573,0.2851590336637924,0.06992254361867406,0.031467501633973195,0.009389984414132677,1.0,0.2678727150034641
385,0.99,0.08999999999999997,0.3388748082370497,0.07191804692924059,0.06035156211817874,0.42989455813524163,0.2850816160552948,0.07253534329421127,0.031155675749547893,0.009351761291884338,1.0,0.27424147460550374
386,0.99,0.08999999999999997,0.33951683610544137,0.07104180211112916,0.05991151542458667,0.4297453982281606,0.28492031523218514,0.06148607203306598,0.030919340134901326,0.009393871539540136,1.0,0.27374083752158374
387,0.99,0.08999999999999997,0.33945627386169425,0.07111755753479064,0.05998946276745495,0.4297594640037057,0.2849355228799361,0.04808194148281439,0.030636163345757233,0.009489247159396214,1.0,0.24754708605724352
388,0.99,0.08999999999999997,0.339043612687348,0.07162522281023696,0.059929370310673025,0.4298553304033842,0.28503918852496823,0.026301615564652568,0.03062026887014245,0.009682669917593454,1.0,0.23081415751771583
389,0.99,0.08999999999999997,0.33880849264068547,0.07180855260173274,0.05979494250561329,0.42990997088711125,0.285098287359472,0.03150189636334447,0.030501807463406323,0.009680861155507684,1.0,0.2712503520470111
390,0.99,0.08999999999999997,0.3386766427995625,0.0719998378644764,0.05984644831511921,0.42994061807613143,0.28513143933408625,0.019575588732085134,0.03061985629707682,0.009782871366204201,1.0,0.22783282537077554
391,0.99,0.08999999999999997,0.33908287859012887,0.07134309144637277,0.05948829265005403,0.4298462065973523,0.28502932119221586,0.015993230075889354,0.030770802616482473,0.00970487018273119,1.0,0.24332293700454954
392,0.99,0.08999999999999997,0.33888097154827007,0.07161265834573846,0.05908598803530829,0.4298931257442263,0.28508006673846814,0.02167695870793224,0.03096104779902134,0.009624882634890518,1.0,0.23345617623726445
393,1.0,0.09999999999999998,0.339531449810554,0.0706733693554683,0.05937100657859962,0.4120351242720271,0.25780324219627127,0.018591973219212667,0.0312933633054007,0.009603693207168407,1.0,0.26899978902442045
394,1.0,0.09999999999999998,0.3400644372665912,0.06990089020875066,0.058331975467727094,0.4119213640093759,0.2576822076576226,0.020965423670151837,0.031604800945377536,0.009416400480702662,1.0,0.26457748540105985
395,1.0,0.09999999999999998,0.3396277327438472,0.07016974077449303,0.05839379681086057,0.41201456909756506,0.25778136917690964,0.01776359629245675,0.031950309957649387,0.0094429063934964,1.0,0.27489467112268207
396,1.0,0.09999999999999998,0.3387028133570745,0.07110000422697035,0.05883158634061216,0.41221211237119976,0.2579916407515072,0.019840982759931413,0.03225355755098687,0.009240802350787185,1.0,0.22187631196840196
397,1.0,0.09999999999999998,0.3380081486327331,0.07157756535072386,0.05882505848524167,0.4123606027113225,0.2581497918391582,0.021190284271351046,0.03236853494991778,0.009213557174651433,1.0,0.25457897392041207
398,1.0,0.09999999999999998,0.33745356281340777,0.07215451162892746,0.05866345045879233,0.41247922684389865,0.25827619107153643,0.0379578979866203,0.03224214973231949,0.009135814763273591,1.0,0.23523794478833282
399,1.0,0.09999999999999998,0.33714416168085376,0.07257101829091857,0.058160811709844655,0.41254543642037905,0.2583467624855518,0.045100106546725825,0.03226117477507754,0.009096942480664907,1.0,0.2244161897149033
400,1.0,0.09999999999999998,0.3365238129464967,0.07301342303899566,0.05822662775722856,0.4126782505591508,0.2584883742920177,0.07289591938225524,0.032171548938270164,0.009058005615333792,1.0,0.253904420753841
401,1.0,0.09999999999999998,0.3352374505108152,0.07408531957638599,0.05818666702901837,0.4129539282190883,0.2587825174980241,0.06409485686781102,0.031646176038202876,0.009067452789392418,1.0,0.2102754929693198
402,1.0,0.09999999999999998,0.33466113996293073,0.07464668973817473,0.05824751870612613,0.4130775556403094,0.25891451552037303,0.08081718724461251,0.03129483523776818,0.009023130965832874,1.0,0.23369564187170444
403,1.0,0.09999999999999998,0.33382949205960755,0.07539060986692982,0.058223545372428395,0.41325608736348657,0.2591052334856645,0.05124675436127395,0.03117188969481452,0.009230573283262808,1.0,0.2255577391965482
404,1.0,0.09999999999999998,0.3331570933058226,0.07600265288108148,0.057777474500713445,0.41340054557931627,0.2592596371196451,0.08113046718946526,0.031161287440416168,0.009522513652043284,1.0,0.23097139143913203
405,1.0,0.09999999999999998,0.3327665111545257,0.07653450545859575,0.05660416034506958,0.41348450466866865,0.2593494114330771,0.06804832264011318,0.031103240385926316,0.00960171146475101,1.0,0.20957838314559263
406,1.0,0.09999999999999998,0.3310111564342655,0.07729831806049449,0.055492359846800725,0.41386225512023117,0.25975364402921025,0.0798793771246915,0.031053078037681276,0.009659774074781191,1.0,0.21065223595152704
407,1.0,0.09999999999999998,0.3283793665448587,0.07606118561276556,0.05345392225046656,0.41442990841866395,0.2603620733123001,0.0858377910865272,0.030987650892250883,0.009718112447331121,1.0,0.23415082117143093
408,1.0,0.09999999999999998,0.32791399935511684,0.07654537320038439,0.052669170248063925,0.414530445975184,0.260469955722814,0.07854199817213806,0.030874813246040026,0.00962879488128844,1.0,0.2254891838809412
409,1.0,0.09999999999999998,0.3265775318897024,0.07716601765871345,0.05127327247342031,0.4148194467281436,0.26078027609796794,0.07773731139264144,0.030879645177187578,0.009555773253640648,1.0,0.22473124184202264
410,1.0,0.09999999999999998,0.3237330153316386,0.07605402741672662,0.051393000630352646,0.4154358949925286,0.2614432251026704,0.06749318425108948,0.03079631024956339,0.009561482736487586,1.0,0.212878154305723
411,1.0,0.09999999999999998,0.3207315203544788,0.07505999939267646,0.050247258502545945,0.4160883525107614,0.2621464244767031,0.05731028639813143,0.03076693383345902,0.009387471941496426,1.0,0.19718031239613243
412,1.0,0.09999999999999998,0.31914721883030306,0.07571046676522171,0.04982075626388905,0.41643357110036683,0.26251912693178453,0.05691320038890549,0.030485346678945074,0.0092214685137461,1.0,0.20977334513207846
413,1.0,0.09999999999999998,0.3186685131310361,0.07589648660085972,0.04867535749769428,0.41653799357807975,0.2626319496686611,0.06471197341101197,0.03038376712677023,0.00915008385643709,1.0,0.26551617325998444
414,1.0,0.09999999999999998,0.3163587411844447,0.07437411132626842,0.048691180356764285,0.41704257255957383,0.2631776889978732,0.07887335946951772,0.030172585704046673,0.009093800052338777,1.0,0.25154685450871517
415,1.0,0.09999999999999998,0.31442044170931077,0.07218874400034926,0.04888819104257088,0.41746694620553176,0.263637412293218,0.06527315845470799,0.02956640726046,0.009081832495361262,1.0,0.30109695735781505
416,1.0,0.09999999999999998,0.3119531434450317,0.07121391587844077,0.048694111321953115,0.4180083905096186,0.2642249314217889,0.07887370936181279,0.02926992206416652,0.00916313778337461,1.0,0.2181510334890513
417,1.0,0.09999999999999998,0.31093448268446416,0.07120899229536887,0.04891921152937083,0.4182323436898156,0.2644682618698177,0.11099920334679109,0.029268231265962365,0.009470574652356374,1.0,0.26085496765028093
418,1.0,0.09999999999999998,0.3095899839780859,0.07187025344538726,0.049202349110143345,0.41852830018508613,0.2647901131482962,0.12086430246971631,0.02948551896122854,0.009438766991323838,1.0,0.20785215944232838
419,1.0,0.09999999999999998,0.3091154483983744,0.07197416808517113,0.04823785680100667,0.4186328569081333,0.2649038964196031,0.10924892660257196,0.02923243348068278,0.009419049164765924,1.0,0.2698762843975375
420,1.0,0.09999999999999998,0.30664293013005955,0.07046981353902529,0.04709017576392367,0.41917848515604933,0.26549833800789907,0.10444614262415784,0.029161024353217956,0.009456452214013653,1.0,0.2275868790969371
421,1.0,0.09999999999999998,0.3067369275325183,0.07049240406061565,0.04781217822852131,0.41915771607202346,0.26547569042062813,0.1284267885821985,0.02957409998581383,0.009565862279500171,1.0,0.3283286182024838
422,1.0,0.09999999999999998,0.3075712766919852,0.07077859482778599,0.04753161159671862,0.41897345361979926,0.26527483286876075,0.13085517273966893,0.029796449474749843,0.009571159097876607,1.0,0.3731002987929166
423,1.0,0.09999999999999998,0.3070899575245471,0.07056872012585655,0.046669356205333044,0.4190797311276662,0.26539066642104997,0.12664571811441105,0.029880221452008537,0.009555490996661831,1.0,0.3140812432413147
424,1.0,0.09999999999999998,0.3047751962545224,0.06772579059520248,0.04544777421739062,0.4195915952453543,0.26594914945166354,0.12198442254518521,0.02997897302448748,0.00958613535085226,1.0,0.27511937228142247
425,1.0,0.09999999999999998,0.3044889147858243,0.06760838398386566,0.045388434844298525,0.4196549876823858,0.2660183840244902,0.14429560313468504,0.030645933295167377,0.009722854850818875,1.0,0.3180688646479064
426,1.0,0.09999999999999998,0.30373479072568443,0.06809679692530882,0.04559218367956107,0.4198220680767708,0.2662009347435127,0.1373893526912241,0.03126052216428391,0.009558277023047367,1.0,0.22246051520111654
427,1.0,0.09999999999999998,0.3028335188930512,0.0677656104109581,0.04591245268712245,0.42002192447863973,0.2664194344209567,0.12523044569092595,0.03184100906886549,0.009566059217467584,1.0,0.2831829527075844
428,1.0,0.09999999999999998,0.3022950186385212,0.06764785960664882,0.045480104239649724,0.4201414273723816,0.26655015690176276,0.11276978466716103,0.032241173096431326,0.009634011362697797,1.0,0.2904443047600176
429,1.0,0.09999999999999998,0.30173259178179945,0.06711178283277071,0.044789774006798996,0.4202663126313298,0.2666868246620914,0.12631194927897327,0.0328477559356962,0.009701583819085844,1.0,0.33811549289307874
430,1.0,0.09999999999999998,0.3020196073420111,0.06707250704574312,0.04450416135143003,0.42020257238019193,0.2666170633778548,0.11918987601078315,0.033332072389118526,0.00966144947547897,1.0,0.30704585340113133
431,1.0,0.09999999999999998,0.30180396198595394,0.06699209549137303,0.04395856091970511,0.4202504609709534,0.2666694741887316,0.117168480773169,0.0337233170907979,0.009656941206481204,1.0,0.31612505414772896
432,1.0,0.09999999999999998,0.30210049134163874,0.06693661138572067,0.04323459272783682,0.4201846131998341,0.2665974105065771,0.10980007375685562,0.033981766457310006,0.00970689447789963,1.0,0.30424888183455834
433,1.0,0.09999999999999998,0.30150292146124724,0.06669993137873582,0.04262611463842322,0.4203173316142177,0.26674267405560176,0.09668152696714905,0.034065122574545706,0.00980809636870705,1.0,0.2983879815350583
434,1.0,0.09999999999999998,0.3015325882794943,0.06669637763345289,0.04212095747014996,0.4203107407282264,0.2667354586001795,0.10825347864004412,0.034258606172599924,0.009820003154124887,1.0,0.29501142024746274
435,1.0,0.09999999999999998,0.3021166302495898,0.06733093063541333,0.0429012141108145,0.4201810299608651,0.2665934894858838,0.0953182461060984,0.03420664120055456,0.009794195980533769,1.0,0.4038360563789565
436,1.0,0.09999999999999998,0.30239834496686696,0.06770161679949643,0.04253086657181057,0.42011849212949764,0.2665250641944992,0.10005617490656236,0.03433684788109317,0.009667651603446592,1.0,0.4051825598028318
437,1.0,0.09999999999999998,0.3029280279313614,0.06819134470496557,0.042281276552174216,0.42000095823503497,0.26639650530593023,0.08397434333046824,0.0343969410574921,0.009662830637213385,1.0,0.39196847473928953
438,1.0,0.09999999999999998,0.3042033764900819,0.06932793195233163,0.04256427161538181,0.4197182346388669,0.26608747478445693,0.08793485832124409,0.03446211769145005,0.009616209611065909,1.0,0.4286115371543566
439,1.0,0.09999999999999998,0.30539245953722727,0.07042314712179594,0.041690197382898454,0.41945497734121273,0.26579999248664593,0.09257975980846114,0.0345157000461836,0.009657050190070071,1.0,0.4286115371543566
440,1.0,0.09999999999999998,0.3049702601504918,0.07000255684835342,0.041363120040619684,0.41954841244540875,0.265901995660003,0.10022339922697077,0.0346281998560771,0.009670520116241269,1.0,0.35401664278212075
441,1.0,0.09999999999999998,0.30490057250608915,0.0700216268318508,0.04178221335984381,0.41956383871648956,0.2659188396902387,0.11060719741582871,0.034801919520301906,0.00967804755488123,1.0,0.2822922657575757
442,1.0,0.09999999999999998,0.304828327761298,0.07001025760163843,0.0418027474792861,0.41957983223282647,0.26593630404403307,0.10385517226027136,0.03478135966565019,0.009727054038036859,1.0,0.3122706941400808
443,1.0,0.09999999999999998,0.30464181315886363,0.07007020406680704,0.040796772575249565,0.4196211284083374,0.26598140245739227,0.12106890671387602,0.034944506221899145,0.009897191667989424,1.0,0.2728981578180376
444,1.0,0.09999999999999998,0.3038593845444931,0.06909029795995919,0.04017972558239493,0.4197944544468655,0.26617075705740656,0.12536309691173333,0.03515201426112301,0.009911634469295742,1.0,0.3522708084460846
445,1.0,0.09999999999999998,0.3034364031754887,0.0693026771434162,0.04116690264788737,0.4198882142446896,0.26627323457959445,0.1180404012325353,0.03525559852388193,0.0098810249916795,1.0,0.24775523006203737
446,1.0,0.09999999999999998,0.3037621167853228,0.06934742819255475,0.04075953446225171,0.41981601151270365,0.26619431555288225,0.11891587163171058,0.03545722691407847,0.009877580892635726,1.0,0.32940977684618344
447,1.0,0.09999999999999998,0.30238859258467676,0.06840877062431992,0.0411183323753398,0.4201206567491065,0.26652743234995807,0.09786964053375996,0.03542655084184891,0.010081462015987037,1.0,0.28146999296025
448,1.0,0.09999999999999998,0.3021662328263407,0.06802463943180084,0.04189639137258832,0.4201700173376767,0.26658143903744647,0.07290671398622839,0.03527627549868569,0.010255152358445341,1.0,0.4090052276814584
449,1.0,0.09999999999999998,0.3004458120970892,0.06819118634924905,0.04266007327517845,0.4205523177777845,0.2670000353683607,0.07043079953594261,0.035186182573576204,0.010010299569422598,1.0,0.2086917365963159
450,1.0,0.09999999999999998,0.2979894340786873,0.06511745732062864,0.043107470160282976,0.4210993650559808,0.2675999813153148,0.0604810579727892,0.03481295597189321,0.010066582388726007,1.0,0.2598049904099824
451,1.0,0.09999999999999998,0.29548511682945083,0.06209893550994888,0.04202553288889823,0.42165855569177113,0.2682144179008116,0.05813597497039516,0.03450359809012761,0.009972766882942338,1.0,0.2481901051382167
452,1.0,0.09999999999999998,0.2947938916148138,0.06153768386532735,0.04229750176038173,0.42181316144722286,0.26838450785281776,0.06144220652003997,0.03432170139455901,0.009948672354705188,1.0,0.3107726334593015
453,1.0,0.09999999999999998,0.29384081162405074,0.061502575618645645,0.042178756587201265,0.42202652206744273,0.268619386572985,0.03930530535039717,0.03421215117579581,0.010072303459683159,1.0,0.24892954580248383
454,1.0,0.09999999999999998,0.29236043519721805,0.060269448511584785,0.04132731600658175,0.4223583538928849,0.2689850294751643,0.03013583375689928,0.03431218059101034,0.010136152495648207,1.0,0.26979876199720265
455,1.0,0.09999999999999998,0.29232483880037635,0.060258490248715456,0.041431578106400344,0.42236633938104107,0.2689938337987938,0.036832316387981234,0.03430804403525441,0.010055765463531149,1.0,0.30911493132025525
456,1.0,0.09999999999999998,0.2913365681772286,0.06025152687735722,0.042003842624350446,0.4225881628819866,0.26923850051747017,0.0370339695741551,0.03442259465972353,0.010013439583696545,1.0,0.2428417301306547
457,1.0,0.09999999999999998,0.2903050277069048,0.06009913254485166,0.04199970337362442,0.4228199472316927,0.26949435476449796,0.034269939923878126,0.03453595861564539,0.009964194749880688,1.0,0.24813375932559434
458,1.0,0.09999999999999998,0.2897619702594333,0.059841962554447174,0.04154429265856716,0.42294207296178815,0.2696292454514207,0.03240759375847728,0.03471578394594159,0.009847877763376074,1.0,0.29128024659400276
459,1.0,0.09999999999999998,0.28982220894075794,0.0598123338273576,0.04178704816748571,0.4229285226788711,0.26961427603531657,0.03543434107515162,0.034900537735697255,0.00957469512423723,1.0,0.2633777114145468
460,1.0,0.09999999999999998,0.2905454519269585,0.0598993549884091,0.04234001604407197,0.42276590183891904,0.26943467859974135,0.02264141631842618,0.03507681236246975,0.009697662481559628,1.0,0.3335478816986579
461,1.0,0.09999999999999998,0.2911000493842593,0.06002474610830771,0.04215310570713321,0.4226412855577814,0.2692971216294632,0.01996409483048786,0.03529510770051435,0.009701700513973241,1.0,0.3321096793107505
462,1.0,0.09999999999999998,0.2921238033916637,0.060975196955323586,0.04231715859133171,0.4224114441616233,0.2690435682144706,0.03102676717074078,0.035389757754881665,0.009790741812419948,1.0,0.3989676600659493
463,1.0,0.09999999999999998,0.29254829937968985,0.061502691201768905,0.04202211676549351,0.42231621453888757,0.2689385731645454,0.0274128671083469,0.03550636283739062,0.009737647640607864,1.0,0.38965860334767677
464,1.0,0.09999999999999998,0.291945322305497,0.06087861771365759,0.042223969056145644,0.42245149667470466,0.269087738300651,0.053167677650045694,0.035307670668096015,0.009993136974816264,1.0,0.3254294946020371
465,1.0,0.09999999999999998,0.2909453786798284,0.06087797814125907,0.04267957624303048,0.4226760321842767,0.26933547052414514,0.07051707654184036,0.03506467776707483,0.010007974222381819,1.0,0.2414871074833711
466,1.0,0.09999999999999998,0.28984444342990634,0.06024394929247017,0.042201422209106235,0.42292352140067896,0.26960875114642613,0.060832996636325146,0.03460407416844621,0.010024897869829411,1.0,0.270225220675103
467,1.0,0.09999999999999998,0.29030915444340416,0.060531775080075956,0.042854857667034875,0.4228190194586204,0.2694933302362047,0.055111523710210726,0.03428195804727631,0.010079372870775859,1.0,0.35071448446685705
468,1.0,0.09999999999999998,0.2912851754767261,0.06127613296715347,0.04206889276979936,0.42259970466745933,0.26925123601252143,0.046584954145004465,0.03401282352671191,0.010060350711546751,1.0,0.38604633299245217
469,1.0,0.09999999999999998,0.290022731019705,0.06028306938536114,0.042990838572982346,0.42288342285178554,0.26956445792654515,0.04755831311363916,0.033871417795237106,0.009976706958342811,1.0,0.2753421573100683
470,1.0,0.09999999999999998,0.2890196176326215,0.059572036358677645,0.04288039903943004,0.423109131462443,0.26981385791653323,0.06349051054294466,0.03374433090719894,0.010042222377280368,1.0,0.28184372313654893
471,1.0,0.09999999999999998,0.28821626815688683,0.059085459185697665,0.04195368964171928,0.4232900653982765,0.27001392445178085,0.06399388715562118,0.03368780846612671,0.010028848306803574,1.0,0.28438503462327525
472,1.0,0.09999999999999998,0.2881299052424316,0.05911768994878661,0.041738722394994744,0.4233095256497835,0.27003544997696605,0.07038969780092766,0.0336307270884886,0.00999761174148942,1.0,0.26179814889112296
473,1.0,0.09999999999999998,0.2874747579439013,0.05918698565667639,0.04161417415369969,0.42345720901114614,0.27019885400674576,0.08318562026469827,0.03351507762175515,0.009940356839682201,1.0,0.24878835364150453
474,1.0,0.09999999999999998,0.28636078973545603,0.05924291512158949,0.04179637267142867,0.42370855653068257,0.27047714964791925,0.07391464618219826,0.03349588416286548,0.009957005638530032,1.0,0.22824633378783354
475,1.0,0.09999999999999998,0.28572678848478383,0.058981175624307366,0.041587211907247554,0.4238517411477494,0.27063579430683166,0.07362544595180653,0.03349372922533155,0.009820597967385733,1.0,0.27874739616363997
476,1.0,0.09999999999999998,0.28613505150990654,0.059018692785510495,0.041697653095103177,0.42375952679175427,0.27053361427267864,0.0960796478625959,0.03351984572951703,0.00982706028845177,1.0,0.31176584571340005
477,1.0,0.09999999999999998,0.2856046512085935,0.059192474915057386,0.04198510990732977,0.42387933608998474,0.2706663778150152,0.10133483588298572,0.03362740228505938,0.009805261253150059,1.0,0.23998428502187563
478,1.0,0.09999999999999998,0.28433186993896054,0.05945550310894493,0.041992317460280024,0.42416711439979926,0.2709854975477055,0.111508441955193,0.033813497346666305,0.009864091052442748,1.0,0.20906952447098082
479,1.0,0.09999999999999998,0.2833916403679323,0.059845255265547834,0.040431411880077116,0.42437995320050675,0.27122172150850593,0.11045549013034905,0.03399594438917678,0.009849231956685097,1.0,0.2121234815226325
480,1.0,0.09999999999999998,0.2807390520035408,0.0576308401097973,0.03947071857173594,0.42498156986724045,0.27189038513917996,0.1236731065165632,0.034331145562041976,0.009912828511768895,1.0,0.19847121167804738
481,1.0,0.09999999999999998,0.27912389950885913,0.0577909244281423,0.03900514579234135,0.425348728555656,0.2722991496577474,0.13278245159982535,0.03477386043436856,0.009886837613311578,1.0,0.19345389127866186
482,1.0,0.09999999999999998,0.27761032806120395,0.05641171149400304,0.038490593552776516,0.42569337197908114,0.2726833230772796,0.12678972413052786,0.03504703998106574,0.009888254150027606,1.0,0.25472102154076803
483,1.0,0.09999999999999998,0.27701236869041673,0.05655292651203379,0.03843654249185163,0.42582968255009734,0.27283539550859986,0.1205021280451574,0.03526992583688041,0.009685994548623294,1.0,0.23407442724853555
484,1.0,0.09999999999999998,0.2767026792397856,0.056686764361369435,0.03840079080588979,0.4259003135483018,0.27291422211231886,0.11103485521176987,0.03543360186482107,0.009755231651227846,1.0,0.2369037699403529
485,1.0,0.09999999999999998,0.27616821197911556,0.056958756924455185,0.03855845125354565,0.4260222648402874,0.27305036957997597,0.1089696131719057,0.03557685738576414,0.009664483881315912,1.0,0.2207947485385029
486,1.0,0.09999999999999998,0.27550844334339886,0.057363726971514775,0.0384254918911644,0.42617290294316545,0.2732186231379986,0.12548236522166317,0.03586690104928274,0.00969588409848264,1.0,0.20776397394990642
487,1.0,0.09999999999999998,0.27525242339605976,0.057544796268928305,0.03839971602079981,0.42623138600542587,0.2732839689535339,0.14003709102846507,0.0362744176055892,0.009622898238771932,1.0,0.22194509132333895
488,1.0,0.09999999999999998,0.275261206350081,0.05753807970403892,0.038089727809357384,0.4262293794347594,0.2732817266991468,0.1264782500135662,0.036201302847844535,0.009707328139945742,1.0,0.23169245291983476
489,1.0,0.09999999999999998,0.2750622824864488,0.05758596899372203,0.037849808476910114,0.426274830597706,0.2733325202188843,0.12384862616597923,0.03614201833082145,0.00961342224314097,1.0,0.25135796568379076
490,1.0,0.09999999999999998,0.27469320869488106,0.05800423661653736,0.03830377219242546,0.42635918418593244,0.2734268101094671,0.09562997024495916,0.03564969206237045,0.009862273730664449,1.0,0.19092544621399776
491,1.0,0.09999999999999998,0.2739238128817238,0.05891832311490739,0.038452007846545525,0.4265351406799531,0.2736235824098705,0.06963356798498112,0.03506294768288208,0.010067452252158741,1.0,0.16638335568882545
492,1.0,0.09999999999999998,0.27361495417086723,0.0592098837988,0.03845850619680436,0.42660581578862233,0.27370265244083997,0.08821709071346588,0.03454402956030963,0.010224003133368492,1.0,0.20257030515160546
493,1.0,0.09999999999999998,0.27280305391968185,0.059821095499166,0.03856293283945449,0.4267917119690348,0.27391072281092,0.0705628864623527,0.03396592529588579,0.0103783541818551,1.0,0.18780976390588178
494,1.0,0.09999999999999998,0.27212002216432174,0.060299144448596964,0.03854421930650037,0.4269482273883258,0.2740860124817898,0.07548963242958397,0.03339958220622802,0.010395777601951423,1.0,0.19627430986504613
495,1.0,0.09999999999999998,0.2712233529524579,0.0609147641259351,0.03812026173856561,0.42715387177617375,0.27431646981794294,0.06847519825188078,0.03277702523527471,0.010445646770741612,1.0,0.18522774993630708
496,1.0,0.09999999999999998,0.2712259603596221,0.06091265735395699,0.03816275305974234,0.4271532734996211,0.27431579911365517,0.05152067004662243,0.03230514484901065,0.010603275323204629,1.0,0.22213705268481343
497,1.0,0.09999999999999998,0.2704420311480726,0.06162217052077792,0.038431540643452104,0.42733322368055465,0.27451759735735054,0.06672832278914176,0.0317279823720914,0.010587518141661699,1.0,0.17618605276546795
498,1.0,0.09999999999999998,0.27135648081027475,0.06177129406300056,0.039842400271428324,0.42712332737438485,0.2742822294816372,0.06329805531580437,0.03145313233670133,0.0105500237872499,1.0,0.3266829110085432
499,1.0,0.09999999999999998,0.2710046575556083,0.0621367550073536,0.04093291356154282,0.4272040579862766,0.2743727365903694,0.06398567810492416,0.031269036514215094,0.010276203685771014,1.0,0.18923386424826982
500,1.0,0.09999999999999998,0.270693473759162,0.06229932307996612,0.04083112819867833,0.4272754887618762,0.27445283892628813,0.06509021036408967,0.031309390451757665,0.010198460955919711,1.0,0.2227860411092062
501,1.0,0.09999999999999998,0.2720894424300741,0.06249357218165611,0.041878261229475675,0.4269552373607379,0.2740938655508921,0.07795776410947164,0.03124657372988365,0.010159523818228608,1.0,0.3498723600605289
502,1.0,0.09999999999999998,0.27225094660005544,0.062414960725260885,0.04280642687104674,0.426918217411862,0.2740523953459115,0.07085617018470716,0.031276468303200106,0.009932565848950083,1.0,0.24984605886983835
503,1.0,0.09999999999999998,0.2720237209486994,0.06262554294722703,0.043226600937373134,0.42697030386163,0.27411074476581515,0.08017236167722125,0.03109463471602965,0.009724813108185666,1.0,0.20283517406094131
504,1.0,0.09999999999999998,0.2719301486512064,0.06269376502272957,0.04320019668823526,0.4269917569339263,0.27413478047915635,0.08292492547796287,0.03109264974435544,0.009620473908704753,1.0,0.22161416168983172
505,1.0,0.09999999999999998,0.2721544321532857,0.06251015304660167,0.043294325161545986,0.426940339659323,0.2740771763171146,0.07958000565998426,0.031049153361001135,0.009534755376718896,1.0,0.23200673335352806
506,1.0,0.09999999999999998,0.2716830944147658,0.06314657245777174,0.04374876643461762,0.42704840876433064,0.27419826102683,0.06810866355388918,0.031092865308621015,0.009590441519590204,1.0,0.1635184620995318
507,1.0,0.09999999999999998,0.2709335483298214,0.06402635444966324,0.04370493423393126,0.4272203786689975,0.27439103681200744,0.06761043990722657,0.031143582083747432,0.009521779203754582,1.0,0.15919621267699324
508,1.0,0.09999999999999998,0.270571909773914,0.06438315303592645,0.04400161275488362,0.4273033996913137,0.2744841436187476,0.06078768124653899,0.03123203469086653,0.009582567808615097,1.0,0.18932532829019677
509,1.0,0.09999999999999998,0.27037866909828806,0.06454923556514856,0.044044327486731524,0.4273477749997147,0.2745339209197624,0.08059248896357413,0.031226582657146708,0.009679140339680585,1.0,0.20540717427943767
510,1.0,0.09999999999999998,0.27005117263848516,0.06492214091737128,0.044141103487180124,0.42742300152260976,0.2746183227096002,0.1045840036285885,0.031235022571650013,0.009818621317580144,1.0,0.1801285083254347
511,1.0,0.09999999999999998,0.27025903528730505,0.06472146168334095,0.04439610385300574,0.4273752520302557,0.27456474671210324,0.08236867828652883,0.031108014714814003,0.010039007573467354,1.0,0.21796657727811497
512,1.0,0.09999999999999998,0.26978871739327304,0.06532733960967,0.044390873483524274,0.4274833070817833,0.2746859996653953,0.07837339749540938,0.03098201181667741,0.01000058846002304,1.0,0.1627415557288745
513,1.0,0.09999999999999998,0.268939996724686,0.06592591329711935,0.044430603098889285,0.4276784381114435,0.2749050800992704,0.0680892233225563,0.03096064470448003,0.009961424703602305,1.0,0.1806441064012816
514,1.0,0.09999999999999998,0.26819283904696417,0.06653933497183843,0.043968612359653395,0.42785036609464094,0.2750982334980032,0.0634605318188064,0.031034077409341578,0.009870803395409782,1.0,0.17683108673653547
515,1.0,0.09999999999999998,0.26668491099147607,0.06747858821317133,0.04339872358246924,0.42819777582518204,0.2754888872787283,0.07253098164111375,0.030994312330885614,0.009825044798593644,1.0,0.15030415180900358
516,1.0,0.09999999999999998,0.26621827283768196,0.06797214687445298,0.0431813410788269,0.4283053983663728,0.27561000252842904,0.06534156592074186,0.03105431093195503,0.009573165220163276,1.0,0.17148721810964096
517,1.0,0.09999999999999998,0.26561873152901433,0.06828051936711507,0.042943066437068536,0.4284437523014388,0.27576576899422794,0.07409691339342092,0.03097176685809113,0.009561955607534527,1.0,0.20090083678351678
518,1.0,0.09999999999999998,0.26533348004588664,0.06858017788124253,0.042534477555237725,0.42850961011880645,0.2758399418402656,0.055408614459730894,0.030907510513370436,0.009633399274873373,1.0,0.17932701112955685
519,1.0,0.09999999999999998,0.26443388286948716,0.0691027180593232,0.042113266952484504,0.42871743849333005,0.2760741221951986,0.042340532581205854,0.031094042886150662,0.00971688713245025,1.0,0.17991656675758816
520,1.0,0.09999999999999998,0.2637683434480646,0.06977165068819471,0.04128641736356891,0.42887132373971154,0.27624762942198644,0.05876926112565069,0.031127323241202497,0.009640605138373524,1.0,0.1610329369546859
521,1.0,0.09999999999999998,0.26256501718497927,0.06968543970497086,0.041308552458001524,0.4291498360504819,0.27656189283152904,0.0613403702276843,0.03087689244162785,0.009642046804480225,1.0,0.2079959918939478
522,1.0,0.09999999999999998,0.26084150091637526,0.06905883085564976,0.04078560563385839,0.4295493780829333,0.27701325775338304,0.06601679747342272,0.030543625005468467,0.009646763699636594,1.0,0.20074867193251644
523,1.0,0.09999999999999998,0.2595148075155624,0.0692972431784886,0.04058737227843012,0.42985743654983793,0.27736170508723346,0.0763067422620021,0.030222183562649777,0.009703618742256327,1.0,0.18141190316002276
524,1.0,0.09999999999999998,0.25871074591223747,0.06957743053994682,0.0402878956766365,0.4300443549525071,0.27757331356140685,0.07556153221801018,0.029957101304339238,0.009485780655938065,1.0,0.19471321194893787
525,1.0,0.09999999999999998,0.2575037296723498,0.06958418172333973,0.039348963143943656,0.4303252526885107,0.2778915762514022,0.07660566005268338,0.029284565247640865,0.009426567296253342,1.0,0.19736724065913647
526,1.0,0.09999999999999998,0.25711667400725285,0.06988502766813387,0.03887310308799661,0.43041540629621483,0.2779937886139117,0.07343628863380035,0.028732297080583998,0.009335763906542076,1.0,0.18375494869142694
527,1.0,0.09999999999999998,0.25592098572117483,0.07044941576221574,0.03900319877021087,0.4306941466160123,0.2783100174205344,0.09849184783655021,0.028433392655439736,0.009462985100269198,1.0,0.16361412409978104
528,1.0,0.09999999999999998,0.25480974942323653,0.070771765667042,0.038680323646305276,0.4309535232595183,0.2786045565481618,0.09390372054465085,0.028275997143956906,0.009372540278855937,1.0,0.17932067496618753
529,1.0,0.09999999999999998,0.253172628493762,0.07071927595857805,0.03841615834861456,0.43133621770952074,0.2790396217758894,0.09741725986209172,0.027942715147933186,0.00933609044096958,1.0,0.17440339994562049
530,1.0,0.09999999999999998,0.2522222375699706,0.0706274436180818,0.038704281180228395,0.43155869368393673,0.2792928122940631,0.0820334450423553,0.0276553485459292,0.009471064376142532,1.0,0.21200676102198823
531,1.0,0.09999999999999998,0.2512581985728865,0.07040620658165282,0.038662243009563384,0.43178459910964656,0.27955010859965007,0.10531922144453532,0.02751627623820575,0.00963184588509068,1.0,0.21972115443932294
532,1.0,0.09999999999999998,0.2501574934644791,0.07042956279519187,0.03886104991002811,0.43204281916091597,0.2798444605282378,0.1096842422700857,0.02751497397793391,0.009543426430907283,1.0,0.1941783709938154
533,1.0,0.09999999999999998,0.2490946943125923,0.07049559797304192,0.03884785539851131,0.4322924399046203,0.28012926441922376,0.10701227661720278,0.02760115220372175,0.009453527582220293,1.0,0.19210806634638344
534,1.0,0.09999999999999998,0.24825410842707243,0.07044421415970986,0.03793896781485069,0.43249007356749364,0.2803549315451978,0.1268651172758681,0.02785992736094671,0.009523402411762914,1.0,0.21095283169547652
535,1.0,0.09999999999999998,0.24698418786587198,0.06875238908003012,0.03859093412939174,0.4327889928613189,0.2806965500231311,0.12969247861670108,0.028267045060613113,0.009504103750554521,1.0,0.2768440002589154
536,1.0,0.09999999999999998,0.24480521602965147,0.06713803183203898,0.03936209108913514,0.43330285238917393,0.2812846541877954,0.13382017607432198,0.028709472253252887,0.009383354921074994,1.0,0.1872853761807769
537,1.0,0.09999999999999998,0.24390486458313063,0.06574778059045003,0.04015001928601758,0.4335155356558181,0.2815283790365411,0.12239485415412185,0.029018486329143875,0.009458757011271197,1.0,0.3019333300872058
538,1.0,0.09999999999999998,0.2426380825124591,0.06335355866026485,0.04015001928601758,0.4338151318636944,0.2818720125937924,0.12019990778357675,0.029281306268314274,0.009434009989890673,1.0,0.3019333300872058
539,1.0,0.09999999999999998,0.24136093551084373,0.06082862695209789,0.03940700513169591,0.434117598877549,0.2822193080417128,0.12281176625513752,0.029559375771690002,0.00938318391971947,1.0,0.30089683699281533
540,1.0,0.09999999999999998,0.2401698456251281,0.059767938950152234,0.039349073876723255,0.43440006531514835,0.2825439740583034,0.11948619472344092,0.029747576572283614,0.009311888700960268,1.0,0.23490765421056303
541,1.0,0.09999999999999998,0.23924366590060142,0.05982561109366206,0.03950316410422986,0.4346199625980735,0.28279694786759674,0.11501087313962147,0.02979462605576227,0.009288891695185136,1.0,0.18967429330490337
542,1.0,0.09999999999999998,0.23825047102643893,0.059428114325063036,0.03934058205470347,0.4348560183930709,0.2830687298157365,0.12228103734225942,0.029991580387764744,0.009188451591640018,1.0,0.21295120672383328
543,1.0,0.09999999999999998,0.23700235938168948,0.05999527393582319,0.03919403218351855,0.4351530249032378,0.28341100985455814,0.1197986371233821,0.029974959096193476,0.009170150682761433,1.0,0.14808699334309372
544,1.0,0.09999999999999998,0.23528123958379293,0.05912625776786299,0.03846227720300632,0.4355632567624979,0.28388436687081164,0.11774559456261868,0.029872120514943416,0.009116921863383304,1.0,0.18015882865643063
545,1.0,0.09999999999999998,0.23504525292597273,0.05912309402890499,0.03808190537310166,0.4356195648925155,0.28394939322353596,0.11862237602681339,0.029879368945266487,0.00911693510646431,1.0,0.22415656428001518
546,1.0,0.09999999999999998,0.2336257613137498,0.05854162309364505,0.03796833127987125,0.4359585733024051,0.28434116490236855,0.1140904354143811,0.029822139449047255,0.008950124091459075,1.0,0.18746061562389182
547,1.0,0.09999999999999998,0.2331208236851268,0.05834420423287811,0.03711964824707173,0.43607929170061077,0.28448078564280804,0.10837191746182835,0.029899487441765942,0.008755736125853229,1.0,0.23097623009794788
548,1.0,0.09999999999999998,0.2310502179219609,0.05567876669660807,0.03538952792028321,0.43657502353629185,0.28505476753263076,0.11394669178002187,0.03006429865991848,0.008787037740680579,1.0,0.20194465136486994
549,1.0,0.09999999999999998,0.23145627210540798,0.055662291284938145,0.03535154054414672,0.43647771969241445,0.2849420248594019,0.08756324573927489,0.030049021365096653,0.008953034755605766,1.0,0.24929715494102456
550,1.0,0.09999999999999998,0.2311813102726111,0.05558943997689104,0.035405817943530205,0.43654360478580945,0.28501835943227216,0.0867612143893246,0.029976579021212004,0.00893744837527805,1.0,0.23230880713029411
551,1.0,0.09999999999999998,0.23016481226807503,0.05619520064910197,0.03564001970236458,0.43678734615749354,0.28530091381808526,0.08168638617243731,0.02988032452963666,0.00895531298807848,1.0,0.14654030468460566
552,1.0,0.09999999999999998,0.22977578108752247,0.05576886089026756,0.036281293672694094,0.43688070218488007,0.28540920050501883,0.08831614614124483,0.0298126465625123,0.008798675198171053,1.0,0.2718695154040449
553,1.0,0.09999999999999998,0.22895766524170064,0.056081083159461156,0.03712859001601756,0.43707715615801535,0.28563719116246955,0.059520294045648736,0.02958654729299329,0.008996921465869015,1.0,0.1671179612203033
554,1.0,0.09999999999999998,0.2279365304657836,0.056257517424778504,0.03673718752977655,0.4373226090468045,0.2859222702288353,0.06204720660867148,0.029186930869537397,0.00895480459649468,1.0,0.1676852844054959
555,1.0,0.09999999999999998,0.2265285451383028,0.05596938554007964,0.03607413614570665,0.43766150271019194,0.2863162842580602,0.05717333113297009,0.028933896176636085,0.009001998761035362,1.0,0.16831639857217628
556,1.0,0.09999999999999998,0.22610076040107038,0.056006535627396305,0.036341356637022794,0.43776457200056895,0.2864362117578757,0.07623860792356829,0.028568258898115945,0.009166657823058809,1.0,0.2000632564074143
557,1.0,0.09999999999999998,0.2252975735598437,0.05626015112364154,0.03623127273738725,0.43795822084996366,0.2866616531361347,0.07394833861822138,0.028152228213627662,0.00917098027901786,1.0,0.16781507520292416
558,1.0,0.09999999999999998,0.22406674563194984,0.05614941471128784,0.03595329135781388,0.43825530689371,0.28700781577294043,0.08965657503761106,0.02767440474586442,0.009299076128540237,1.0,0.16819745380461604
559,1.0,0.09999999999999998,0.22333225313462152,0.056110765430482386,0.035464006889056196,0.43843278411106756,0.2872147857753852,0.07792434690928983,0.027238788996263544,0.009288362021182618,1.0,0.18992846168171673
560,1.0,0.09999999999999998,0.2218921696709873,0.05510252976749268,0.03545340814116298,0.43878117253092574,0.28762144932873285,0.047782002780156194,0.026773751250804924,0.009565786492305803,1.0,0.18953953533523737
561,1.0,0.09999999999999998,0.22002261356319408,0.0544995588430803,0.03522641305074493,0.4392342868258572,0.2881511122821697,0.03851884702056045,0.026381796147383712,0.00954760955714765,1.0,0.14515406853142654
562,1.0,0.09999999999999998,0.21803635998702856,0.05147734026344182,0.0356898390830651,0.4397167108629723,0.2887159781530676,0.02931551191332011,0.026417640900408212,0.009604068496994585,1.0,0.20034230244939621
563,1.0,0.09999999999999998,0.21592477134809307,0.048647171073848576,0.035261692156293586,0.4402307399489754,0.28931892148589444,0.028271050639046866,0.02639891529101554,0.009354469009444833,1.0,0.17849973945413655
564,1.0,0.09999999999999998,0.21464190061321467,0.04741852400507362,0.03460209917186317,0.44054361952917503,0.2896864638984826,0.03576897396708478,0.026667202998741386,0.00925495915526547,1.0,0.1971424211141919
565,1.0,0.09999999999999998,0.21446503634289024,0.04735100124613805,0.034581090547065235,0.44058678987580074,0.28973720876388337,0.02712860068569463,0.027250708580293735,0.009244416664112692,1.0,0.22380068045092782
566,1.0,0.09999999999999998,0.21405018114689345,0.047041374269282996,0.033817956777698964,0.44068808402356974,0.2898563063840326,0.04164167042789944,0.02748581611927091,0.009333220672356028,1.0,0.22873970107542196
567,1.0,0.09999999999999998,0.21295778141689017,0.04508267047201335,0.0335897038672496,0.44095503544635783,0.2901703839712776,0.03706840753326597,0.027737329002920832,0.009293288281744182,1.0,0.24147451146652954
568,1.0,0.09999999999999998,0.21179201753277233,0.04199318933403208,0.03275426202312592,0.44124027193948084,0.2905063062201402,0.048043809663319594,0.0277177661159883,0.009394319020748413,1.0,0.26946994458066786
569,1.0,0.09999999999999998,0.21101196156765434,0.04152737486010933,0.033417209679246274,0.4414313404470451,0.29073151896705013,0.04563506245844628,0.02774404943978918,0.009257718513430917,1.0,0.19733656079827133
570,1.0,0.09999999999999998,0.2105287197689453,0.040977846063518425,0.033757024537636675,0.44154978971470793,0.2908712126845317,0.037504688767852214,0.0280593700326479,0.009334758887955336,1.0,0.23351954326564806
571,1.0,0.09999999999999998,0.210380823226601,0.04073699971951077,0.03389327657188966,0.44158605391410743,0.290913992893073,0.023601620773631676,0.028632563224334186,0.0094105897702676,1.0,0.2695953803888458
572,1.0,0.09999999999999998,0.21014517521792062,0.0405063925048121,0.034078652704375975,0.44164384706186754,0.2909821818905041,0.02416618870899121,0.029212884496426075,0.009287040734627085,1.0,0.23823334802308316
573,1.0,0.09999999999999998,0.20956396834090943,0.040364474648009595,0.03435161898951769,0.4417864539049178,0.2911505013029029,0.02784989117207262,0.029730422713372295,0.00923060364756225,1.0,0.19066766594038143
574,1.0,0.09999999999999998,0.20957651123218873,0.040370472507206726,0.03423375933900836,0.4417833753673048,0.29114686678473123,0.02308320892605726,0.03030703231516813,0.009275830738629153,1.0,0.22950062291576367
575,1.0,0.09999999999999998,0.20872813736109413,0.03979527097423652,0.034259740796703526,0.4419916976889249,0.29139290235429804,0.014255627281965385,0.0310436419011659,0.009138188109672615,1.0,0.19391000905418254
576,1.0,0.09999999999999998,0.20842086549942748,0.03911124644751933,0.03441476190580482,0.44206719825995433,0.29148211639269994,0.024583370358717046,0.03152389851775691,0.009189426039534857,1.0,0.2810386595467358
577,1.0,0.09999999999999998,0.20824875618277588,0.03900970932497639,0.034691030043573774,0.44210949896044527,0.2915321108911002,0.02359971677816348,0.0319678929658629,0.009096598236588859,1.0,0.22277335335671422
578,1.0,0.09999999999999998,0.20836477435403566,0.03902922534564304,0.0346814144345647,0.44208098334580065,0.2914984079249896,0.03087950424055632,0.03218440996497802,0.00915949556626107,1.0,0.220671341596961
579,1.0,0.09999999999999998,0.2083858184983102,0.03903181358043314,0.03460859802852723,0.4420758113888811,0.2914922954926935,0.024435530270528704,0.032491081353674504,0.00909107493579454,1.0,0.21422789595008584
580,1.0,0.09999999999999998,0.2083045084671747,0.039060841083511655,0.03479920779606465,0.442095795383607,0.2915159140300676,0.014738465914793927,0.032784588298830034,0.009097011494102344,1.0,0.19034020856449518
581,1.0,0.09999999999999998,0.20842948382488924,0.039033109649681666,0.03433803697003957,0.44206508027712943,0.29147961338311057,0.02559224088167122,0.032710336802121036,0.009146112983976887,1.0,0.20595142705011837
582,1.0,0.09999999999999998,0.2077995568179401,0.038788491394967956,0.034273153251979244,0.4422199404723069,0.29166267563163706,0.026806794061706576,0.03268235004395292,0.009094870126347241,1.0,0.191728320845858
583,1.0,0.09999999999999998,0.2074203223394776,0.03871506749709328,0.03428924735162174,0.44231322317089966,0.29177299538646567,0.03300899944672117,0.03263386152342144,0.009061889647070746,1.0,0.19615097940228177
584,1.0,0.09999999999999998,0.2070949571877366,0.038602474845717494,0.03420952264416843,0.4423932866630099,0.2918677110281298,0.03651072223611347,0.0326421451429304,0.009076399553631636,1.0,0.20436725476625406
585,1.0,0.09999999999999998,0.20632871002970105,0.039080462482555214,0.03468595140621604,0.44258195375178516,0.29209101304601565,0.018341328999104012,0.03290909846963985,0.009093133302997818,1.0,0.14417003273494422
586,1.0,0.09999999999999998,0.20613658141826238,0.03912014141401246,0.034991001534475256,0.44262928532413104,0.29214705732404705,0.021059985069504874,0.032879365603674805,0.008973577043034172,1.0,0.18855111280603953
587,1.0,0.09999999999999998,0.20630136497212256,0.039220959160655086,0.03539630428504922,0.4425886896869299,0.29209898833839804,0.017297169692478152,0.032599375778091806,0.00887462728911627,1.0,0.2384234467093571
588,1.0,0.09999999999999998,0.20587641050624353,0.039173735698257606,0.035694899513468104,0.44269339550002706,0.29222298395863744,0.020238108877972477,0.03249151028583307,0.008877771888489072,1.0,0.18919700633193104
589,1.0,0.09999999999999998,0.20643448683726928,0.04020173376082766,0.03627607196785843,0.4425558995763254,0.2920601669288904,0.017504498472800993,0.032436292696272156,0.008620347186308783,1.0,0.3071655987863666
590,1.0,0.09999999999999998,0.20633604554848894,0.04025161158657141,0.03730175066407288,0.44258014682104757,0.29208887368751796,0.03968121967080252,0.03244532746417072,0.008581764549319122,1.0,0.18108131733596422
591,1.0,0.09999999999999998,0.2061897742952907,0.04042274394467474,0.03723243892169084,0.4426161800547459,0.2921315387087688,0.044344460730321236,0.032529275397481225,0.00844115564357199,1.0,0.1517562303690061
592,1.0,0.09999999999999998,0.20583325940280228,0.040609878124786704,0.03723649997510529,0.44270403040139106,0.29223558071972006,0.058079868858892984,0.03247686623035564,0.008401571844354399,1.0,0.16691881590276014
593,1.0,0.09999999999999998,0.2053953767486534,0.04103570316275984,0.03738228554533361,0.4428119786548526,0.29236346980018685,0.042834169676016755,0.03256646223521995,0.008505803695017479,1.0,0.144021498490992
594,1.0,0.09999999999999998,0.2048048665368029,0.0415839227232989,0.03733937291788167,0.4429576365427163,0.29253611302123783,0.03816909453501887,0.03268145546702679,0.00848207279565682,1.0,0.13722328867999534
595,1.0,0.09999999999999998,0.20452609024922516,0.041807078425370355,0.03716985301636684,0.44302643405041614,0.29261768770799534,0.04695159496592528,0.032739846008099524,0.008399527060562356,1.0,0.1573501211785331
596,1.0,0.09999999999999998,0.20407294579772567,0.041859286139841356,0.0369023932834071,0.4431383084310838,0.2927503826093416,0.06259856881379736,0.032707768887070866,0.008403964647485112,1.0,0.17682260753486467
597,1.0,0.09999999999999998,0.20373590270964465,0.04221663429864313,0.03572910040799729,0.4432215558230577,0.29284915746398094,0.04273804385776622,0.032793746353172656,0.008569926844279997,1.0,0.14248174395736046
598,1.0,0.09999999999999998,0.2018992286502141,0.0407992749728342,0.03434611772464229,0.4436757522383275,0.2933885920871775,0.03992538355586094,0.03289779493651854,0.008591391869661668,1.0,0.14301550506549
599,1.0,0.09999999999999998,0.2015443355660906,0.041061411322456436,0.03411558109746545,0.4437636221055362,0.2934930540328198,0.03966356821207149,0.03300239549437154,0.008582879577587164,1.0,0.15374455583591873
600,1.0,0.09999999999999998,0.20089781940061868,0.04123049381016128,0.032876223014382394,0.4439237859717128,0.2936835458631525,0.06790575740689664,0.033002916119423416,0.008738178925561337,1.0,0.15813442456201843
601,1.0,0.09999999999999998,0.19887383487478275,0.03876163196348813,0.03197353832644695,0.44442594358154264,0.2942815019492642,0.059945089094951026,0.032985775579164434,0.008746856444623774,1.0,0.1474739074769369
602,1.0,0.09999999999999998,0.1977837436308109,0.03884555258257455,0.03156572103549123,0.44469687000816494,0.29460456315399963,0.08894789895933461,0.033062964205059005,0.008945711175652757,1.0,0.14083693447265522
603,1.0,0.09999999999999998,0.19715290013483894,0.03926833354632919,0.031387005099935895,0.4448538079876211,0.29479184517548657,0.07721297053371806,0.03305150087220314,0.009036442131459575,1.0,0.13975082446374398
604,1.0,0.09999999999999998,0.19633398877930258,0.039602143563245616,0.03128231041977276,0.4450576978181077,0.29503531541682587,0.04538127250124534,0.03306890060587941,0.009324187365949414,1.0,0.13972302613619858
605,1.0,0.09999999999999998,0.19535464691326043,0.03991754111785066,0.030647585249397955,0.44530177664506276,0.29532701178315035,0.02947687738775978,0.03323090286049799,0.00936896567915538,1.0,0.13407254674930713
606,1.0,0.09999999999999998,0.19511466771341343,0.04017949159497189,0.030658956420539257,0.4453616268808085,0.29539857744553716,0.025532206590925657,0.03346026163629966,0.00940377827663186,1.0,0.13952054211483467
607,1.0,0.09999999999999998,0.1946918099375871,0.04077340312023455,0.030583006838794502,0.4454671257531447,0.29552476488411683,0.010690569025422772,0.033885151431191946,0.009484777053448176,1.0,0.11691043509436239
608,1.0,0.09999999999999998,0.19437157392979684,0.04093971228880695,0.03082855680270933,0.44554705476461587,0.2956204001275609,0.019041993303484408,0.03417805675928186,0.009369086311640362,1.0,0.15730172751117144
609,1.0,0.09999999999999998,0.19371846464820158,0.04127800574027918,0.030747009483893743,0.44571015590767915,0.2958156365795573,0.027037299740004947,0.03432661646288025,0.009207508450746487,1.0,0.14009624611991134
610,1.0,0.09999999999999998,0.1933154352309399,0.04160419330615514,0.030367540903772177,0.4458108641384013,0.2959362444238728,0.029943397828014924,0.034226701098279376,0.00901246575121063,1.0,0.1398255665992667
611,1.0,0.09999999999999998,0.19249714862376666,0.041914856626915666,0.02984696139356242,0.4460154761198934,0.29618142210830306,0.024742587542776674,0.03436881656271519,0.00902464281680779,1.0,0.13613791656079188
612,1.0,0.09999999999999998,0.1922654680204212,0.04214210136881127,0.029700830364886945,0.4460734418102878,0.2962509128121425,0.04513904960045142,0.034366916385627375,0.009126787138876696,1.0,0.13957349539432662
613,1.0,0.09999999999999998,0.19175224336954177,0.04259063278449121,0.029765869096364125,0.44620190252519515,0.29640496653759474,0.04412519741087353,0.03440292364805284,0.009090273610450714,1.0,0.12932164131333912
614,0.99,0.08999999999999997,0.19141505227197217,0.04284017564318916,0.029637216578573277,0.4671338896105206,0.32769010423087147,0.01973230713237648,0.03464786038326195,0.009245045736270812,0.0,0.14311197697957723
615,0.99,0.08999999999999997,0.1913091767875771,0.042954576873036006,0.029457542915032314,0.4671629452351046,0.327725273127763,0.03613586620899974,0.03471293879284968,0.009338117891384463,1.0,0.13971660336949587
616,0.99,0.08999999999999997,0.19116082217899558,0.043048297667647444,0.02933149781612438,0.4672036645734291,0.32777456511206854,0.03900510650553767,0.034773942221092674,0.009278662263342632,1.0,0.15665175725148672
617,0.99,0.08999999999999997,0.19021060856004293,0.043863805458179556,0.029626431722278697,0.4674646410115786,0.3280906330241415,0.040763207873876106,0.03479782751844758,0.00910765016672292,1.0,0.10587947488824967
618,0.99,0.08999999999999997,0.18992204851756356,0.044029058527979205,0.030070896130009354,0.46754395183244485,0.32818673694936196,0.043877066182045676,0.03483113413348162,0.009007102453891046,1.0,0.15047100688161597
619,0.99,0.08999999999999997,0.18933744628262988,0.04454313265131914,0.030173229804903216,0.4677047124634731,0.32838160937892574,0.03981495520710413,0.03484458220312278,0.008882187124906165,1.0,0.12145634326422083
620,0.99,0.08999999999999997,0.18895013048952122,0.04495406068628687,0.02970739101137131,0.4678112819037643,0.32851084547203135,0.0344090832967397,0.0349346818336941,0.008910821092667083,1.0,0.12230135764382433
621,0.99,0.08999999999999997,0.18813437844321387,0.04533953969839211,0.029675796159431507,0.4680358939609926,0.3287833713853916,0.04013195288763809,0.03498642567717386,0.008921391217365668,1.0,0.12642078726321482
622,0.99,0.08999999999999997,0.1874641387091572,0.04564249738395828,0.029554252144190482,0.4682206016147958,0.32900762324419,0.037671771295089765,0.035044496890078165,0.008842302700234042,1.0,0.1337246985268472
623,0.99,0.08999999999999997,0.18670746961210624,0.046358159052982226,0.029702518773311714,0.46842930313519837,0.3292611609399188,0.03698994719801321,0.0350672793240928,0.008841662438143987,1.0,0.10574499345493082
624,0.99,0.08999999999999997,0.1861154092518694,0.04662941300235294,0.029976338508262406,0.46859273270250773,0.3294598157187646,0.030465301983637103,0.035134654630527125,0.008897021199555127,1.0,0.13550717592524886
625,0.99,0.08999999999999997,0.18533747604621467,0.04708193536342019,0.029999782587695464,0.4688076431774037,0.3297212013498154,0.03397799395827791,0.03516530260499172,0.00890048908395672,1.0,0.11957392009366719
626,0.99,0.08999999999999997,0.18477222536581842,0.04743552478607684,0.029873672849983227,0.4689639220438251,0.32991138594965097,0.033405806283991965,0.03521063287480615,0.008653182300840922,1.0,0.12722988065180152
627,0.99,0.08999999999999997,0.18458079321302917,0.04755899151708456,0.02988917262071706,0.46901687227061073,0.3299758450756879,0.06351117103703577,0.03497167901913738,0.008910932174185817,1.0,0.1444709088208571
628,0.99,0.08999999999999997,0.18396301246262428,0.048022291971741016,0.030111506296218015,0.4691878323145188,0.3301840364200438,0.057207401364621366,0.034772969217598676,0.00893911631918555,1.0,0.11754259992569538
629,0.99,0.08999999999999997,0.18338832384430026,0.04847498902560411,0.029737816404663497,0.46934697929598435,0.33037794176799695,0.06682939516065547,0.03454538623863147,0.008880916106824921,1.0,0.11693453811322496
630,0.99,0.08999999999999997,0.18271849539461316,0.04853765568367574,0.029943624329135332,0.4695326094043077,0.3306042358110612,0.05191086868906344,0.034449861758924394,0.008796398430758376,1.0,0.1450239160532718
631,0.99,0.08999999999999997,0.18161467629282124,0.0489370900224396,0.03004606764577806,0.4698388322692757,0.3309778258544855,0.05154898267357047,0.03409180068000643,0.00875596272560628,1.0,0.10933924426013464
632,0.99,0.08999999999999997,0.18071362259883678,0.049523484641212125,0.030078349847973352,0.4700890999696131,0.3312834159973638,0.04739074414811786,0.03365957109912605,0.008770975582904962,1.0,0.10407300159536814
633,0.99,0.08999999999999997,0.179781019031053,0.050173974581193825,0.029940779410380106,0.4703484115890193,0.3316003010542591,0.06403360002997574,0.03326117134665907,0.008738551494250343,1.0,0.09884770956800648
634,0.99,0.08999999999999997,0.17855586670222237,0.05088856563286079,0.029380364685048354,0.4706895018547973,0.3320175123641547,0.06353570069765536,0.032466743096757025,0.00871502157497244,1.0,0.08843759881241131
635,0.99,0.08999999999999997,0.17661513727937767,0.050803753850742796,0.028532969904844555,0.47123082704532104,0.33268055808771135,0.05989958496171549,0.03156230995199393,0.008710056103036266,1.0,0.08277105797444895
636,0.99,0.08999999999999997,0.17570534652125058,0.051415466923695606,0.02751162938451312,0.47148502272063997,0.3329922985729294,0.0646846516684888,0.030523638094291476,0.008642982818052156,1.0,0.09630630036806576
637,0.99,0.08999999999999997,0.17364183005735837,0.050439618494550316,0.027518948744817008,0.4720625871837978,0.33370153397583463,0.05712623602386721,0.02970396675758851,0.008697159275366061,1.0,0.09558168369798081
638,0.99,0.08999999999999997,0.17182519377647373,0.0490382880740623,0.02775785303983091,0.47257222400641197,0.3343284214030294,0.04510721334940928,0.028898924933107986,0.008792181136001385,1.0,0.12026970199874754
639,0.99,0.08999999999999997,0.1697786873616659,0.04786535769938183,0.027333957319673977,0.4731476679822345,0.3350374599577076,0.050673943032329166,0.027979717084657803,0.008814819097124853,1.0,0.09624619551203129
640,0.99,0.08999999999999997,0.1684924472580376,0.04782610622208239,0.026978443051290546,0.4735100553062409,0.3354846355847096,0.06908277508698232,0.02716824576534049,0.008955561627133275,1.0,0.10628364384773081
641,0.99,0.08999999999999997,0.1676637780044388,0.048168594828093624,0.026748612856122463,0.4737438200602777,0.33577336443300315,0.08234980661164669,0.026570142695232054,0.009016136044527482,1.0,0.10680736794502055
642,0.99,0.08999999999999997,0.1665888471244327,0.048345051243971364,0.02610704756158765,0.47404739848726857,0.33614863820568286,0.06771509397017131,0.02560894012428703,0.009138886675058775,1.0,0.1054581187232273
643,0.99,0.08999999999999997,0.16630702571014067,0.04853385750821157,0.02592901622701516,0.47412705394480603,0.3362471649320082,0.07128138066505317,0.0247021625619552,0.0091541719693428,1.0,0.11990485191388744
644,0.98,0.07999999999999996,0.16552965511024462,0.04892673661510728,0.025661191455535144,0.4979678647346024,0.3719112760153197,0.07336476760126669,0.023833581385733462,0.009166359903403594,0.0,0.10242176866682473
645,0.98,0.07999999999999996,0.1644724888695878,0.04879048291465738,0.025452325020094563,0.49829774669633875,0.37232097110423984,0.07552504062092752,0.02292194704444677,0.009142403665092771,1.0,0.11843994021433124
646,0.98,0.07999999999999996,0.1636172409017431,0.04912843967832554,0.02517948165545672,0.49856494134265444,0.3726530757011354,0.07342082409634844,0.02208055685005571,0.009105895569860715,1.0,0.10193581883942149
647,0.97,0.06999999999999995,0.16228562020656334,0.04908929100215264,0.0249278662971372,0.5251874164482505,0.41241811620767377,0.06866730599945212,0.02131721202469121,0.009097600052473873,0.0,0.09781416057997605
648,0.97,0.06999999999999995,0.1613103578724885,0.049260177607384596,0.02451626785068525,0.5255259135394121,0.41283862074212707,0.09367784701831533,0.02076514891599003,0.009083732324980097,1.0,0.10441841795738682
649,0.97,0.06999999999999995,0.16000284605813306,0.04863873633109204,0.02448737095914343,0.525980414046411,0.4134037288116432,0.10801864394004475,0.02126437401711424,0.009220487532775847,1.0,0.11854597350547746
650,0.97,0.06999999999999995,0.15882301842378413,0.04830027806663094,0.023663648003228135,0.5263912058822541,0.41391498111573505,0.11153813507211992,0.021866637655414172,0.009204777057171685,1.0,0.114326043695403
651,0.97,0.06999999999999995,0.1582985501842804,0.048713779101057904,0.02260206570263956,0.5265740210770611,0.4141426540896909,0.11197858847788317,0.022546344688853536,0.009142258809060127,1.0,0.09409348073423263
652,0.97,0.06999999999999995,0.15648968103746036,0.04781308393972183,0.021575392226159246,0.5272055184812129,0.41492981393934436,0.09552876581619713,0.022688986083610616,0.009017551441040834,1.0,0.09098260072204178
653,0.97,0.06999999999999995,0.15589586860747723,0.048045575166307454,0.021738895199035563,0.5274131557139257,0.41518887420821105,0.10175014345169328,0.023298649639480397,0.009054869270055716,1.0,0.10773671822199016
654,0.97,0.06999999999999995,0.15531096624211707,0.048254066622531774,0.02174725091096294,0.5276178373348095,0.4154443637547101,0.11193666451345209,0.024121203665120425,0.009108532356783569,1.0,0.10919504786948009
655,0.97,0.06999999999999995,0.15466468728309218,0.0485076761334823,0.021482197247978653,0.5278441820021956,0.41572702894478114,0.09370986341182558,0.024528393714584013,0.009100062905379814,1.0,0.10368850266968654
656,0.97,0.06999999999999995,0.1537059775311989,0.04854832496015678,0.021161546716098965,0.5281803064719354,0.4161470522696169,0.08072559747683723,0.024583110719088884,0.009208083073355992,1.0,0.10419228121808799
657,0.97,0.06999999999999995,0.15298643932274925,0.048866057492111536,0.021241836092446842,0.5284328585354123,0.41646284936308847,0.09723633728901018,0.024930370493854194,0.009216189168232589,1.0,0.0958612543579569
658,0.97,0.06999999999999995,0.15231290371491218,0.049115299310296845,0.021072660645839274,0.5286694830079638,0.4167588910563819,0.11316659093421919,0.025420651551845364,0.009258593466382973,1.0,0.10084389302090835
659,0.97,0.06999999999999995,0.15150261114154728,0.049156426265582705,0.021150098877938662,0.5289544334950712,0.4171156002841409,0.10898025198823506,0.025955846178879447,0.008996411595846106,1.0,0.10889920434522682
660,0.97,0.06999999999999995,0.1506573331406301,0.04922180093923146,0.020741028194079022,0.5292520146257055,0.4174883622144821,0.10816497603876624,0.026606819604877555,0.008911079476551896,1.0,0.10501173524352003
661,0.96,0.05999999999999994,0.1503839891256079,0.049327388281700475,0.020312944334156997,0.5589354725630711,0.46152937463701366,0.11332203379786746,0.027317182251705645,0.008870207988186853,0.0,0.11781966702920887
662,0.96,0.05999999999999994,0.14958745472729518,0.04915705892674342,0.02012129415833529,0.5592485819888575,0.4619184833489885,0.12018890097634843,0.02809153906552327,0.008929020169037438,1.0,0.12068886261812017
663,0.96,0.05999999999999994,0.1488303125191759,0.04928882417075778,0.020113826100919715,0.559546532132554,0.462288957617098,0.09110607522966083,0.028264924934707152,0.009147049486397536,1.0,0.10278551864220686
664,0.96,0.05999999999999994,0.14809660419522083,0.049109964958726667,0.02005653125990704,0.5598355636347929,0.46264853294601893,0.11466071989782654,0.02888865118395711,0.00929769869232456,1.0,0.12377158871868765
665,0.96,0.05999999999999994,0.14718695929105627,0.04853842740738482,0.02009820379214228,0.5601943171087441,0.4630951085610952,0.08574299895232489,0.028952018136639647,0.00944320021963059,1.0,0.132836190034471
666,0.96,0.05999999999999994,0.14629905813671534,0.0478456462551199,0.020041421824624622,0.5605449388134287,0.46353184167092726,0.11686498413204001,0.029601427898658654,0.009711369131601111,1.0,0.1399495856413302
667,0.96,0.05999999999999994,0.1452141209002028,0.0468958299941593,0.019829031569189432,0.5609739640087613,0.46406661069230276,0.0921827616556681,0.029786949651620032,0.009849821862372002,1.0,0.13298078781527556
668,0.96,0.05999999999999994,0.14379036829921651,0.04523361407126658,0.019159867120208035,0.5615379669941998,0.4647702578084899,0.08349229157997884,0.02991383910152566,0.00991327360854186,1.0,0.12709468448203753
669,0.96,0.05999999999999994,0.14321983487718368,0.04491330968924078,0.01892759996511284,0.5617642955700998,0.4650528261078514,0.06189040179309552,0.029905258840702977,0.010049349528706399,1.0,0.14028321859499004
670,0.96,0.05999999999999994,0.14245446704302553,0.044011060053215,0.01873187980482643,0.5620682009560495,0.46543243018277686,0.07753620921197833,0.02993064860368674,0.010066952957238341,1.0,0.15698275984983323
671,0.96,0.05999999999999994,0.1410463200844487,0.04213326635769498,0.018699961046774998,0.5626281951592031,0.46613245864573444,0.09286100140717812,0.029978323752682508,0.010216046131580161,1.0,0.12878068453116254
672,0.96,0.05999999999999994,0.13986206398200732,0.04103495170266842,0.018310135437376186,0.5631000166360189,0.4667228170375341,0.10110006390743415,0.030125085947216072,0.0102620598693294,1.0,0.11980773777894305
673,0.96,0.05999999999999994,0.1392655096994485,0.040724470365858946,0.018031060113438566,0.5633379906796645,0.46702076946421217,0.10601362963095828,0.03036429429068928,0.01026354354081939,1.0,0.13101223768450088
674,0.95,0.04999999999999993,0.13813630057956752,0.039760911350606984,0.01781734206187548,0.5974739219946595,0.5167622303093256,0.0833736270576484,0.03026207026642355,0.010403062944144822,0.0,0.11657971092766539
675,0.94,0.039999999999999925,0.13741167886391692,0.03939648432580162,0.0169864276787331,0.6358079526222932,0.5715543319036178,0.07871096387548876,0.02999446720793798,0.010345839914906518,0.0,0.12144783748912324
676,0.94,0.039999999999999925,0.13574098463177384,0.03672193000556492,0.01647343065819444,0.6366584137219984,0.5725800630677221,0.0614673351220785,0.029791209192240924,0.010510082088369717,1.0,0.11396923633242895
677,0.94,0.039999999999999925,0.13477985873857112,0.03567428418837418,0.016580395465712227,0.6371487032369051,0.573171821104872,0.0597757018031524,0.02956966972543666,0.01045363608692056,1.0,0.12666076403644277
678,0.93,0.030000000000000027,0.13388357569360293,0.034615276961764,0.01655957554062963,0.681029485239833,0.6340639187447196,0.06887117051598547,0.02943627026281851,0.010480418862100414,0.0,0.13104303710014098
679,0.93,0.030000000000000027,0.13319191710132278,0.033681396786152465,0.016459891825845174,0.6814331361923766,0.6345363021980102,0.0642224559123438,0.02921519802979786,0.010429425430261086,1.0,0.14506203672207052
680,0.93,0.030000000000000027,0.13330623188096313,0.0338938932135671,0.016875027495752617,0.6813663892493096,0.6344581798578249,0.04925522975802299,0.028870561083735865,0.010470975442255467,1.0,0.2017716865285305
681,0.93,0.030000000000000027,0.13319792777660167,0.03367820808323837,0.016798538240301097,0.6814296263099588,0.6345321940433263,0.0473626562570341,0.028682949288370983,0.010477824132366108,1.0,0.19512101661397074
682,0.93,0.030000000000000027,0.13277478382186625,0.033202622871443446,0.017215552711869076,0.6816768059589856,0.634821532951427,0.03767383874940226,0.028572108083163607,0.010513042436634968,1.0,0.149413925372317
683,0.93,0.030000000000000027,0.13291966614858175,0.03350905019337746,0.017750997270834158,0.6815921527252424,0.6347224350866513,0.03681581649354898,0.0285366445731242,0.010486338390841643,1.0,0.2106392120738323
684,0.93,0.030000000000000027,0.13323257469535554,0.0343112639116916,0.017395660658091644,0.6814093952429694,0.6345085147291292,0.045571875247204775,0.028471362229236317,0.010391254204141104,1.0,0.23565810944363363
685,0.93,0.030000000000000027,0.13379547004431522,0.034942014623541115,0.017302907746390938,0.6810808769890031,0.6341240533424203,0.047477257313455305,0.02817448729797077,0.01038303931521029,1.0,0.20045956763090844
686,0.93,0.030000000000000027,0.13377647926714586,0.03491275391376323,0.016938616823547345,0.6810919552659266,0.6341370165792811,0.06044376351683717,0.027874319372683767,0.01047600588921388,1.0,0.18665203508910633
687,0.93,0.030000000000000027,0.13317358723880207,0.03359617748951025,0.016527418347150404,0.6814438399820753,0.6345488305548724,0.07590938464626551,0.02753587615674858,0.010602517828041499,1.0,0.17813424387497756
688,0.93,0.030000000000000027,0.13447891886136687,0.03799534967389428,0.016766078268958467,0.680682426592827,0.633657878912072,0.09422870669622363,0.027373351204144865,0.01075994925879692,1.0,0.3197301685884113
689,0.93,0.030000000000000027,0.13372087522244894,0.035195552333318746,0.016385115160306316,0.681124393978584,0.6341749753357021,0.08746585059037305,0.02707787374221804,0.010604253651805494,1.0,0.23136123489457194
690,0.93,0.030000000000000027,0.1337852852948003,0.0352879384512363,0.01653171943663469,0.6810868182216085,0.6341310054575252,0.09354784531014047,0.027117862388772916,0.01061858449685851,1.0,0.18752232457110452
691,0.93,0.030000000000000027,0.13553031136024776,0.040117634728740956,0.017779940919552806,0.6800703746076368,0.6329420700629773,0.10091798114944592,0.027273384227687974,0.010554288817168954,1.0,0.3262588369137521
692,0.93,0.030000000000000027,0.13603059788164962,0.04081187917106964,0.018652810126209732,0.6797795268088728,0.6326020326253207,0.11092434748572266,0.027635248156525783,0.010501366263162898,1.0,0.21694746804294862
693,0.93,0.030000000000000027,0.13643284312182324,0.041085963625483966,0.018914458971902675,0.6795458568914059,0.6323288972746305,0.10815289672134112,0.027851863400128813,0.010482238744207178,1.0,0.18424602250835043
694,0.92,0.020000000000000018,0.1365260530112209,0.04109822237013867,0.019091983339478973,0.7290286252698719,0.6987615966172604,0.06032167191660609,0.027712444035128844,0.010876670303538777,0.0,0.14654427761975963
695,0.92,0.020000000000000018,0.1368849323939995,0.041433816939475704,0.019366945920088047,0.7287888414652287,0.6984925526514438,0.06264777989480277,0.027643712293457072,0.010742116102834985,1.0,0.19323805945639005
696,0.92,0.020000000000000018,0.1380943458101784,0.04425120231969772,0.020075885577854332,0.7279819369571235,0.6975874056201194,0.028757123095289192,0.027901441729636337,0.010883834606304505,1.0,0.2977639491527564
697,0.92,0.020000000000000018,0.13891825265743835,0.04508438696813214,0.020806772036048974,0.7274332597598288,0.6969721209593758,0.02247738558588294,0.02814689497581741,0.010918855588198457,1.0,0.22487242868335722
698,0.92,0.020000000000000018,0.13916423261015523,0.04517308645395187,0.02127677079944037,0.7272696107619018,0.6967886361488859,0.026956513358432747,0.028298312822922465,0.01096145470364048,1.0,0.1676135003371808
699,0.92,0.020000000000000018,0.14093783076656424,0.049028016482248665,0.02288385163190033,0.7260918224047626,0.6954685031344108,0.04887966016244944,0.028226240608867557,0.010897625992622211,1.0,0.3311043714768166
700,0.92,0.020000000000000018,0.1414329806484175,0.049447430166797056,0.02402318942628812,0.7257636904663755,0.695100843543471,0.04552077651554377,0.02830222672254215,0.01085114331923797,1.0,0.20764941274734317
701,0.92,0.020000000000000018,0.14173612641003797,0.04957629222476182,0.024257774841480815,0.7255629444786222,0.6948759429866043,0.07169429531135924,0.028300421965424486,0.010822564621575664,1.0,0.17778848363898514
702,0.92,0.020000000000000018,0.1417213875551068,0.049576776448501,0.024634939736940763,0.7255727021191765,0.6948868742174854,0.056693279047408895,0.028224315014028747,0.010855555407821462,1.0,0.13936304897953877
703,0.92,0.020000000000000018,0.14187899232746837,0.04959530935373435,0.024797772609595477,0.7254683758140044,0.6947700027574006,0.05622650151024015,0.028218112678950132,0.010538738029081018,1.0,0.15551130169990102
704,0.92,0.020000000000000018,0.14159930070191487,0.04968546300886236,0.025182691384667808,0.7256535380035208,0.6949774344752379,0.0772630983432033,0.02816588879262891,0.010590578450489883,1.0,0.11175386358084904
705,0.92,0.020000000000000018,0.14159089511930398,0.04968680672610583,0.025344611885090445,0.7256591041525239,0.694983670345382,0.06547726364491524,0.0279245294151714,0.010669782126262142,1.0,0.1332319884882176
706,0.91,0.010000000000000009,0.1415038529716229,0.049697980198325456,0.025140627583282543,0.7825044032965529,0.7681471137711701,0.07439139170025796,0.027630042735565772,0.010609908292826183,0.0,0.13081632734672777
707,0.91,0.010000000000000009,0.14186468439968572,0.049649076650369446,0.024956647362445204,0.7822266566648995,0.7678513258815741,0.06971815678847564,0.027046226891893135,0.010572754864883967,1.0,0.1529935779006406
708,0.91,0.010000000000000009,0.1417227083369858,0.0496250238697017,0.024882748122730034,0.7823359178863548,0.76796768212751,0.07384828955565362,0.026609718143058205,0.01053371270660778,1.0,0.14310412124118232
709,0.91,0.010000000000000009,0.14173197204722385,0.0496248058508594,0.024901039280071684,0.7823287878361939,0.7679600889938143,0.06298687425953454,0.026293678906705927,0.010614069446083629,1.0,0.1410226171437139
710,0.91,0.010000000000000009,0.14186055877031478,0.049636357630942166,0.024981584449022955,0.782229831215384,0.767854706536859,0.05393490556588007,0.02604959125409593,0.010652970036067631,1.0,0.15268423890836447
711,0.91,0.010000000000000009,0.14210057274268398,0.04966612562577025,0.0250221854192837,0.7820451903655737,0.7676580819188132,0.05775287353957757,0.025697419871725625,0.010485510499865845,1.0,0.16013931379771273
712,0.91,0.010000000000000009,0.1420265762681433,0.049675346970608394,0.0252011107907632,0.7821021059730352,0.7677186906872647,0.06591439384115796,0.025587288440886948,0.010557709167663848,1.0,0.13217384794025477
713,0.91,0.010000000000000009,0.14221044553341197,0.04966200746349079,0.025218730833527974,0.781960695178686,0.7675681053573048,0.064096164645593,0.025468274064956328,0.01032968228803827,1.0,0.14770856784020503
714,0.92,0.020000000000000018,0.14225640524674915,0.049664947103437336,0.02518444038824338,0.7252186696484137,0.694490292791916,0.06316938488673726,0.024982860375779212,0.010173351183818397,1.0,0.1477079483132986
715,0.92,0.020000000000000018,0.14298676241612535,0.05015681193675088,0.02567039208634262,0.7247359342906429,0.6939496463196844,0.07054758326228744,0.024751927759691525,0.010218896214919527,1.0,0.21275232030711488
716,0.92,0.020000000000000018,0.14302929482156299,0.050170183230735715,0.025681251077742922,0.7247078419618326,0.6939181876674372,0.061450942263059624,0.02456910472904779,0.010293022877857806,1.0,0.1609049977952488
717,0.92,0.020000000000000018,0.14393563396621656,0.05030934532697492,0.025590512285470095,0.7241097291258488,0.6932485006415972,0.043341317527662175,0.024539299260497346,0.010444495266011624,1.0,0.19651338935360596
718,0.92,0.020000000000000018,0.1444721678191842,0.05066105125057338,0.02537431369160524,0.7237561237937904,0.6928526686417598,0.04674727215209205,0.024509860105323203,0.010437867424087264,1.0,0.20412439217838052
719,0.92,0.020000000000000018,0.14489168675989636,0.05064241881229016,0.025777052484164256,0.723479878223009,0.6925434800575216,0.037971681207303716,0.024533597259472222,0.010471904990091544,1.0,0.16340823733543464
720,0.92,0.020000000000000018,0.14555641744332573,0.050777617456933856,0.02599166621175957,0.7230425967188167,0.6920541332313772,0.023563363929295755,0.024716035857319775,0.010559636784910835,1.0,0.18877442598676097
721,0.92,0.020000000000000018,0.14579871025250227,0.050743526268399945,0.02630298385360054,0.7228833400355771,0.6918759393621237,0.024611701645918194,0.02495291977622198,0.010545375735659059,1.0,0.15065006818087223
722,0.91,0.010000000000000009,0.14606050177292113,0.0507480901669563,0.02611383311941818,0.7790113823311219,0.7644284978927929,0.04517395730424755,0.024866140139376998,0.010746188175671712,0.0,0.15990385056873424
723,0.91,0.010000000000000009,0.14667668240303383,0.05062878196520061,0.0258885505277732,0.7785414248010236,0.7639284034150694,0.04227881531643086,0.024800829960881975,0.010709526526918587,1.0,0.16736305646619987
724,0.91,0.010000000000000009,0.14689114747690488,0.05062643733010688,0.025832753733048622,0.7783779864812642,0.7637544962385541,0.031749183634577564,0.024780515294591566,0.010780404705779317,1.0,0.15695368331235215
725,0.91,0.010000000000000009,0.1476682435152547,0.05079728226403348,0.02616279292555531,0.777786355916768,0.7631250209897812,0.05310626808432098,0.024572048627122735,0.010990353158056668,1.0,0.19728352392864967
726,0.91,0.010000000000000009,0.14962991647392962,0.05367629865030831,0.027262516404561246,0.7762968583562341,0.7615406026817364,0.050098004984726274,0.024375192973121226,0.01071664506054708,1.0,0.3233971765192931
727,0.91,0.010000000000000009,0.1504181016766266,0.05417116285693783,0.02800170265237517,0.7756999949730836,0.7609058467736856,0.05508641499565113,0.024414413934106607,0.010703358599319914,1.0,0.22328942909055383
728,0.91,0.010000000000000009,0.1514414331775147,0.054505993623497076,0.02803004222069412,0.7749264320459529,0.7600832955696286,0.04749471430576941,0.024486766369730427,0.010682850588146655,1.0,0.2198757500145072
729,0.91,0.010000000000000009,0.15237432268903223,0.054705384571840106,0.027843808713719193,0.7742225797043298,0.7593349894434744,0.040151364168420696,0.02467012302387095,0.010606333655477532,1.0,0.21022348926497747
730,0.91,0.010000000000000009,0.15339103214415245,0.05549836717236612,0.027851755183488702,0.7734569410020404,0.7585211243075093,0.04862653935381579,0.024696687420515784,0.010688286071335132,1.0,0.2466948615652953
731,0.91,0.010000000000000009,0.15465659712609844,0.055920763372398465,0.02790764282435533,0.772506013295873,0.7575104871323316,0.04847341632975639,0.024721818208677165,0.010647830359199847,1.0,0.23589574245473277
732,0.91,0.010000000000000009,0.15543282311690793,0.05575171140982755,0.028402338276386177,0.7719239240281697,0.7568919508114027,0.02934238892178683,0.02495238461236317,0.010672963404918141,1.0,0.18169560067631707
733,0.91,0.010000000000000009,0.15676703949267629,0.05597761119662806,0.028808031566415763,0.7709254467396434,0.7558311363729202,0.01477215882747444,0.025544656004466183,0.010815108160089782,1.0,0.23226934714484138
734,0.91,0.010000000000000009,0.15775095861370889,0.05563158505460663,0.0292097820249128,0.7701907719550586,0.7550507407817297,0.0347581439361784,0.02577146311075503,0.010980258355774266,1.0,0.18682951091567213
735,0.91,0.010000000000000009,0.15868451150800436,0.05514669916517844,0.02918117516751946,0.7694949981348789,0.7543117816016145,0.03509319112973851,0.025978587698198313,0.010935308663721608,1.0,0.17612634740399646
736,0.91,0.010000000000000009,0.1592666938931531,0.054791259649303016,0.02939205589328686,0.7690617356284515,0.7538516835955437,0.024049747502918765,0.026357585347727756,0.01097051096657209,1.0,0.15452453888293838
737,0.91,0.010000000000000009,0.16014043040293496,0.05446441434785368,0.029429861726544077,0.7684124121591391,0.7531622230618701,0.03173692541477293,0.026587880199196657,0.010926754958869023,1.0,0.1829553346761692
738,0.91,0.010000000000000009,0.16062675486091524,0.05432317043268325,0.02932915142748023,0.7680514714641762,0.7527790132389145,0.046042926617355394,0.026579873783981047,0.011015030428764606,1.0,0.16890214779677426
739,0.91,0.010000000000000009,0.16116865407818892,0.05394722530239389,0.02941428862163856,0.7676496834600122,0.7523524711726861,0.03913558047976967,0.026681103383080017,0.010898853803339683,1.0,0.15043611723939954
740,0.91,0.010000000000000009,0.1615844686381703,0.053682179707525875,0.029434968351903627,0.767341665110436,0.7520255010262392,0.03507608766826252,0.026883770775270825,0.01080584836179264,1.0,0.14786509984586815
741,0.91,0.010000000000000009,0.16247893043282485,0.05350692010268146,0.029910111769507846,0.7666799215756808,0.751323115419319,0.0662517571914761,0.026844757338268563,0.01097292873433545,1.0,0.19625354741047873
742,0.91,0.010000000000000009,0.1636717479477661,0.05355201398452812,0.03005192580603522,0.7657992214473971,0.7503884817815515,0.06392354005456317,0.026847400505804923,0.010960422981224655,1.0,0.22473987021734954
743,0.91,0.010000000000000009,0.16438257712428558,0.053437993620334315,0.03021625931517104,0.7652753521653054,0.7498326156396838,0.06272594103353271,0.026849393435772865,0.010951475628546037,1.0,0.19098776956584151
744,0.92,0.020000000000000018,0.16498910081661505,0.05307425923611705,0.030336415477984813,0.7104886908035776,0.6780480326836756,0.08789655402023738,0.02691950906646346,0.011183903304980826,1.0,0.16307413789977143
745,0.92,0.020000000000000018,0.16562490310305225,0.05289333680317083,0.03036108123135219,0.710085310373128,0.6775993498392504,0.08644328976544949,0.026972985377954884,0.011177328029528385,1.0,0.18202016885805217
746,0.92,0.020000000000000018,0.1672064784096634,0.05332807494019753,0.031108066305928304,0.7090838747061509,0.6764858107006965,0.07773378290956172,0.026985318685742582,0.011217287511942444,1.0,0.26009334950053353
747,0.93,0.030000000000000027,0.1683547963178161,0.05305713394185036,0.03152062328297758,0.6615005821743253,0.6113801896890512,0.07268860131431502,0.026989452004690672,0.011015617214734192,1.0,0.21264595139524478
748,0.93,0.030000000000000027,0.16980088630668963,0.05326509549522892,0.031745410251678624,0.6607057806366166,0.6104640111083057,0.05904750218850538,0.02687872777901483,0.011008549560229952,1.0,0.24902741684473828
749,0.93,0.030000000000000027,0.17198922128374086,0.055560208319132866,0.032595229691636064,0.6595066510186517,0.6090827888071967,0.055403179124215184,0.026595428242529768,0.011009810488838184,1.0,0.3373794712105994
750,0.93,0.030000000000000027,0.172931996848032,0.05537331152806318,0.03369162674340284,0.658991384082261,0.6084896569753886,0.05943696054869578,0.026226603785023596,0.011046106731451491,1.0,0.2086036001245185
751,0.93,0.030000000000000027,0.17421095117254282,0.05501344017233169,0.03379540889540889,0.6582936667847281,0.6076868678645503,0.043223344316235396,0.02592564755219992,0.01104372080792396,1.0,0.221988913185309
752,0.93,0.030000000000000027,0.1769554462670153,0.05757892044459165,0.03507509656696478,0.6568014179127205,0.6059713005923777,0.05000567791519566,0.02579976424164489,0.011049387029777135,1.0,0.36543211016929034
753,0.93,0.030000000000000027,0.17953240018648828,0.060133298539969744,0.03506036596446488,0.6554064106740418,0.6043692565202349,0.046106063132645723,0.025608864873530195,0.01098588292594674,1.0,0.36543211016929034
754,0.93,0.030000000000000027,0.180937745978083,0.060115236602355904,0.03617345624669259,0.6546481354612579,0.6034991436224924,0.03766787276012303,0.025307152301957694,0.010887008070097204,1.0,0.24972962702895352
755,0.93,0.030000000000000027,0.18234260594522958,0.059934818379022224,0.03622447997493715,0.653891874026095,0.6026318320329962,0.04041581531018134,0.025238817658590713,0.010783610864188822,1.0,0.2441744993843411
756,0.93,0.030000000000000027,0.1849547540309672,0.062124153566992656,0.037364899808749075,0.6524903425225151,0.6010257920318532,0.04232212967352632,0.025266798704141072,0.010636091415210764,1.0,0.36540708979185255
757,0.93,0.030000000000000027,0.1861285192142266,0.061535806700743156,0.03885163393445617,0.6518625207614747,0.6003069043247,0.031225460358082983,0.025230479809962292,0.010587267331071713,1.0,0.21323777268389799
758,0.93,0.030000000000000027,0.18778006517132215,0.06144090940016062,0.03930320367912541,0.6509811875116098,0.5992983009095615,0.03161752736946681,0.02489572986738158,0.010548941351934337,1.0,0.26599848873047083
759,0.93,0.030000000000000027,0.18888549282518763,0.06100464111506686,0.03973420418313544,0.6503926157702908,0.5986251046663978,0.04798662724963599,0.024473394389773546,0.010706050684567675,1.0,0.21944196973177088
760,0.93,0.030000000000000027,0.19088305251412685,0.06149402239034882,0.04046670723990291,0.6493317338771566,0.5974124354974502,0.05935963955972712,0.024011967491554913,0.010768838104274644,1.0,0.3047677041374395
761,0.94,0.039999999999999925,0.19177489253675592,0.06107319846697574,0.0414252409697657,0.6093227375340903,0.5400726681159018,0.05206252744815079,0.023433519896365697,0.010773184012689748,1.0,0.207003669292112
762,0.94,0.039999999999999925,0.1936717714459445,0.06177757845061364,0.042288571679553154,0.608438378463833,0.5390366843170911,0.07611109358367274,0.022700033270008805,0.010722332905506256,1.0,0.310376753536983
763,0.94,0.039999999999999925,0.19480978333577792,0.06113772944487245,0.04302396537485577,0.607909047805235,0.5384170624007362,0.07225893475519743,0.02251469183835468,0.010523317897024535,1.0,0.216586707625544
764,0.94,0.039999999999999925,0.19540156168900208,0.06073231586508545,0.04327217428666036,0.6076341540330572,0.5380954150228583,0.06572664291681019,0.021828695971481942,0.010297202451498127,1.0,0.1829494240411056
765,0.94,0.039999999999999925,0.19589390595217535,0.060421889007181574,0.04320919865112952,0.6074056389241606,0.5378281054563953,0.07886307254145461,0.021754596567303743,0.010115530173164081,1.0,0.18207061635179977
766,0.94,0.039999999999999925,0.19666702457042118,0.06019530718711618,0.04349426969444324,0.6070471527425423,0.5374088899807138,0.09126556915205519,0.021213692055464778,0.00999149253815629,1.0,0.21726144746591336
767,0.94,0.039999999999999925,0.19723273717567857,0.05985901634630039,0.0437147070256721,0.6067851063191383,0.5371025520652664,0.07117572349423414,0.02098227330959534,0.010106637746056612,1.0,0.18955204834101835
768,0.94,0.039999999999999925,0.19855101222862512,0.05975137161686753,0.04428219800872987,0.6061753388493227,0.5363900489027619,0.052058345067797954,0.020837952406596118,0.01008154167170866,1.0,0.25892218977669024
769,0.94,0.039999999999999925,0.199177767266722,0.059464918309536624,0.04467880332304468,0.6058858632519002,0.5360519620594668,0.05223446810451091,0.020842155284385714,0.009925282233504926,1.0,0.20295872240468094
770,0.94,0.039999999999999925,0.19939179480734728,0.05935107154262781,0.04464214810257651,0.6057870749488357,0.535936608019569,0.046728848912477965,0.02077753012351638,0.009826098667816372,1.0,0.17838551391236002
771,0.93,0.030000000000000027,0.20061447848454986,0.05914287929586876,0.04528548741153447,0.6442125897041459,0.5915743099004008,0.051675677481467404,0.020480834454070722,0.00979284377962176,0.0,0.25104905225141794
772,0.93,0.030000000000000027,0.2014588509648279,0.05858328873424387,0.04564507899273766,0.6437722168397358,0.591073125002764,0.06472217808559211,0.0200156658913376,0.009874994637001562,1.0,0.2042449858067441
773,0.93,0.030000000000000027,0.203026284669269,0.05877404971792519,0.04634283753379862,0.6429563337500473,0.5901450084486639,0.08490921105913374,0.01960305209214974,0.009850217166296832,1.0,0.2877556081286149
774,0.94,0.039999999999999925,0.20559953523139446,0.060539505765976866,0.047163858063597956,0.602935730953744,0.5326123019709762,0.07476789348014844,0.019504083124439443,0.009905557109699113,1.0,0.37390476714020715
775,0.95,0.04999999999999993,0.20687302631334298,0.0600937189664774,0.04835203200601754,0.5681324156395836,0.4813150777708672,0.07043942502911658,0.019427272409014772,0.009775100945028623,1.0,0.2487969456839756
776,0.95,0.04999999999999993,0.20789005946102657,0.05936904814156236,0.048558424600756676,0.5677198967555918,0.4808270710891782,0.06731110122721867,0.01945102810020776,0.009789612970109145,1.0,0.21567255110078642
777,0.95,0.04999999999999993,0.21044400570859018,0.06128225575858357,0.05019479394043673,0.5666866266296078,0.4796059534304808,0.05726544958276179,0.019448424932504524,0.009799210777499286,1.0,0.3820553887928104
778,0.96,0.05999999999999994,0.2129541292255169,0.06309258023469488,0.050053187883649555,0.5353891334573087,0.43288491352205893,0.057813349861928556,0.019409116876051527,0.009757788410585397,1.0,0.3820553887928104
779,0.96,0.05999999999999994,0.2141941069142062,0.06296444427581553,0.05062173266542079,0.534942536666758,0.4323531400483554,0.07195417368605023,0.01945554607834964,0.009749440912300558,1.0,0.2690598055909983
780,0.96,0.05999999999999994,0.21536547681695428,0.06380640549115339,0.05105807813307514,0.5345213338380808,0.43185198820414117,0.06637248234491772,0.019466720645220804,0.009786704728867664,1.0,0.31890867680333757
781,0.96,0.05999999999999994,0.2160522085106174,0.06395420860510721,0.051153102371271096,0.5342747061733905,0.4315587209028269,0.06864891722281678,0.019480606952876275,0.009711832177052182,1.0,0.2637941859802839
782,0.96,0.05999999999999994,0.21700969740265438,0.06366546692977237,0.05072286080261204,0.5339312204298032,0.4311504915221636,0.0768221181332094,0.019484834761495203,0.009785722870532379,1.0,0.24516281457601563
783,0.96,0.05999999999999994,0.21885491362449705,0.06608221622551878,0.05198527617950378,0.5332705190756409,0.4303659502705763,0.054230632276892926,0.01937910926999914,0.009925474659448142,1.0,0.39516083425809945
784,0.96,0.05999999999999994,0.21930490280033832,0.06634778330382697,0.05278633946655036,0.5331096430893333,0.43017505862215294,0.06197764695753931,0.019347635902084697,0.009984481049492545,1.0,0.2806570270277621
785,0.96,0.05999999999999994,0.2200246571727532,0.06652959427097359,0.05272992016971769,0.5328525248296416,0.42987008063887683,0.03947253968990497,0.019405705278331884,0.010080830555192065,1.0,0.27243500487239514
786,0.96,0.05999999999999994,0.2205520373616319,0.06647196138886839,0.052977669257407475,0.532664285893213,0.42964689079183316,0.04564373752514792,0.019439033467312586,0.009986947491614436,1.0,0.2393900539769781
787,0.96,0.05999999999999994,0.22133365101781646,0.06642811203414052,0.051718170578650094,0.5323855473558238,0.4293165340626836,0.031658967417775824,0.019514871805774124,0.009943164138659021,1.0,0.25629560949343144
788,0.96,0.05999999999999994,0.22018358768959337,0.06570625187672903,0.05134648209413988,0.532795783416897,0.42980279606876376,0.038593041904266094,0.019233795594610324,0.009944893617251342,1.0,0.20472383576610265
789,0.95,0.04999999999999993,0.22032608252066413,0.06574577722181058,0.051316663628605284,0.5627237416303796,0.4749388995462863,0.038153334782796436,0.01906094524354176,0.00988790081322813,0.0,0.2456107180016458
790,0.95,0.04999999999999993,0.22063865162416338,0.0656633275510335,0.05018630979767562,0.5625993000507964,0.4747927625549846,0.02068096543941572,0.018998636268227755,0.009989943575895558,1.0,0.2187792349210349
791,0.94,0.039999999999999925,0.2198635131322908,0.06486459104378621,0.049384838928328643,0.5964845985530285,0.525127854570651,0.028850860364650878,0.018610722832359365,0.00997139335962241,0.0,0.2487449877264878
792,0.94,0.039999999999999925,0.22106254470441555,0.06589956225504208,0.049944477231301826,0.5959485998992038,0.5245082838863511,0.02066341818215578,0.018027194218987342,0.010026100343643759,1.0,0.33685062525542997
793,0.94,0.039999999999999925,0.22338951083176645,0.06861102731833961,0.0503726617272555,0.5949111288169389,0.5233100424969171,0.03268852468752968,0.017287895580511185,0.009664422381023951,1.0,0.416942635243436
794,0.94,0.039999999999999925,0.22385252331938488,0.06824614377604858,0.052164614525489886,0.5947051267766467,0.5230722729077283,0.03326029707390697,0.01737873765521359,0.00964670181949042,0.0,0.19284552638160302
795,0.94,0.039999999999999925,0.22597336714023616,0.07051935209577544,0.053255028924111596,0.5937633482184876,0.521985917304814,0.03504681954327235,0.01743406164027982,0.009322417634337408,1.0,0.4053224415415192
796,0.94,0.039999999999999925,0.226572612129174,0.07137625427392341,0.05299990238901639,0.5934977886563008,0.5216797843808287,0.02674730514767197,0.017462209020874683,0.009342819421066642,1.0,0.3576884480465451
797,0.93,0.030000000000000027,0.22804255909841853,0.0728250299026084,0.05256474834068391,0.6302091611789499,0.5757170835278511,0.03810459449359538,0.017264518841107128,0.009412295800595669,0.0,0.3718671256078061
798,0.92,0.020000000000000018,0.2288526423793421,0.0725985337126592,0.05215822739157913,0.6721362900703263,0.635762454438822,0.0281548756072773,0.01724730671100802,0.009291352084255277,0.0,0.24862182842954328
799,0.92,0.020000000000000018,0.22865802767835583,0.07234982606173287,0.05154778410086369,0.6722468726762899,0.6358833003269513,0.031077688797975393,0.017373580703622535,0.009286947332172373,1.0,0.3116429013781865
800,0.92,0.020000000000000018,0.2294926466971991,0.0725836844873276,0.05145354831943093,0.6717728876944147,0.6353653678150462,0.051390858482282115,0.017360933044165746,0.009227751886601578,1.0,0.29111131463167217
801,0.92,0.020000000000000018,0.23026938676683867,0.07244169415308783,0.05142550174740352,0.6713323725805065,0.6348841101668631,0.07348017627241295,0.017381855263374834,0.009299350891916532,1.0,0.25546249060293935
802,0.92,0.020000000000000018,0.2314133779365617,0.07189832974563792,0.05127956308003715,0.6706846281960017,0.6341766348289014,0.07837233854678277,0.017570156899636386,0.009344051747847856,1.0,0.2537621659518461
803,0.92,0.020000000000000018,0.23227847722718173,0.07149919885617695,0.05095616406055124,0.6701956258537327,0.6336426799570918,0.08621427081391683,0.017884939849909465,0.009210772307788976,1.0,0.24202123076189908
804,0.92,0.020000000000000018,0.23407761089193244,0.07070294880562655,0.051240688044254815,0.6691809352927575,0.6325350966084557,0.07160853852131194,0.017816192553142617,0.009239256121872985,1.0,0.29166723005592077
805,0.92,0.020000000000000018,0.23500117403783602,0.06997911323257927,0.051883751335526154,0.6686612488935845,0.6319680349647836,0.06977847968433949,0.017852131215948825,0.00916769986714197,1.0,0.22558830307856914
806,0.93,0.030000000000000027,0.2356038779594308,0.06933579888606356,0.05200823954783372,0.6264551351445106,0.5714939801197365,0.058491862812913006,0.01772904110260425,0.009234501705118175,1.0,0.19108671950620626
807,0.93,0.030000000000000027,0.23688641119212395,0.06898113042416473,0.052819054951917487,0.6258228178848859,0.570783805224003,0.07443436456558863,0.01778074191951794,0.009353818563557546,1.0,0.2812469011699572
808,0.93,0.030000000000000027,0.23764755144115135,0.06835925333801302,0.0534245827390747,0.6254481620986883,0.5703631743037094,0.08263191863034572,0.017906561906166168,0.00932691087435187,1.0,0.21921814614392365
809,0.93,0.030000000000000027,0.23821260234519742,0.067789383194321,0.053525883919185314,0.6251703172902205,0.5700513094846297,0.08455939494869412,0.018157093189943956,0.009254946304904334,1.0,0.19752770754832216
810,0.93,0.030000000000000027,0.23960950385866014,0.06745096828957917,0.054408627432488,0.6244844961936784,0.5692817885967415,0.08271651024060686,0.0183971138553725,0.009234995968888068,1.0,0.2923743902546353
811,0.92,0.020000000000000018,0.2398481229314622,0.06721118868309729,0.05522082645591483,0.6659470645161873,0.6290086320560191,0.07973174183039727,0.018580241757354645,0.009182705545742909,0.0,0.1840012210779206
812,0.92,0.020000000000000018,0.24075559302251365,0.06635848258198575,0.0554570377293242,0.6654413483301802,0.6284576355169561,0.07574134489911265,0.018671680690742643,0.0092046466339825,1.0,0.22292085704539777
813,0.92,0.020000000000000018,0.2423367509788075,0.06600537940216031,0.056294440627276586,0.664562031051189,0.627499892798025,0.06699409541835252,0.01869027260174192,0.0092836412776381,1.0,0.3058243634695911
814,0.92,0.020000000000000018,0.24319595216862294,0.06532368783308658,0.056366682285669864,0.6640851838616294,0.6269806785263314,0.07112692546668568,0.01874780483614204,0.009250859779383384,1.0,0.23362806729484098
815,0.92,0.020000000000000018,0.2434377066631474,0.06525527182363784,0.05587630228519368,0.6639511361179907,0.6268347414265398,0.07329553818032483,0.018774540881167895,0.009180879695690567,1.0,0.23692776975956442
816,0.92,0.020000000000000018,0.2441472969353387,0.06473770155914411,0.055567770499202015,0.663557995695553,0.6264067834730285,0.09226820771452295,0.019148732690098026,0.009189597319920879,1.0,0.23186402501438141
817,0.92,0.020000000000000018,0.24470408339265315,0.06456483004396191,0.055696225117847366,0.6632498403214754,0.6260713913082626,0.059654953355342016,0.019126796664330575,0.009484620549564827,1.0,0.25219203508504706
818,0.92,0.020000000000000018,0.24537818405779174,0.06448949095702068,0.05548032884273871,0.6628771398058046,0.6256658127585125,0.0634606211947013,0.01913437404525746,0.009434419306075645,1.0,0.2715344586922357
819,0.92,0.020000000000000018,0.2460714567199786,0.0639751629068503,0.05561601335270627,0.6624942760201645,0.6252492469544961,0.046125719958355155,0.019081833721727847,0.009463980760200275,1.0,0.23273550355412154
820,0.92,0.020000000000000018,0.24723716905107015,0.06398255541226672,0.05596435474397806,0.6618515008075817,0.6245500560698405,0.04440772025139907,0.018856343382080944,0.009470745022728898,1.0,0.30534565909591715
821,0.92,0.020000000000000018,0.24969616019396088,0.06494128773445945,0.05679212990545449,0.660499692273393,0.6230802766621667,0.05022712323069405,0.018619589189318584,0.009321827318900267,1.0,0.3965491824699461
822,0.93,0.030000000000000027,0.25057002867063816,0.0643120399325763,0.05822444584824255,0.6191551060914035,0.5633152353038764,0.06993563402475235,0.018653664775825734,0.00949165932704412,1.0,0.247290698236462
823,0.93,0.030000000000000027,0.2511120226584924,0.06383514011677821,0.05837918190714138,0.6188939289331253,0.5630234349429319,0.06973707405338311,0.01866480030960304,0.009387305067342262,1.0,0.22156245525163065
824,0.93,0.030000000000000027,0.2518041742321491,0.06318235303086354,0.058018338925425156,0.6185607137297678,0.5626512315370465,0.09086392388307654,0.01884203210081671,0.009384979465119535,1.0,0.226168840678021
825,0.93,0.030000000000000027,0.25317784581914105,0.06347466571259883,0.05784023982804307,0.6179004631193219,0.5619139974177654,0.10364126130215717,0.01942679861235912,0.00948365698349818,1.0,0.3346506826278388
826,0.93,0.030000000000000027,0.2554917282125398,0.06988592744330155,0.05905263362402882,0.616791484398014,0.5606765211224395,0.11154523988262452,0.020172537459278536,0.009513107171069317,1.0,0.5547854158591675
827,0.93,0.030000000000000027,0.2562686476693436,0.06995543188002419,0.0615818291999095,0.6164200208995423,0.5602622419414108,0.10596764881198006,0.020748802873977255,0.009492762629460859,1.0,0.30098137477093345
828,0.93,0.030000000000000027,0.25860249289179443,0.07254742026831988,0.0630225022982845,0.6153068404464119,0.5590214320398882,0.0887577415159264,0.020952865786110025,0.009592424822983132,1.0,0.4532602722595871
829,0.93,0.030000000000000027,0.2618782586545593,0.07751454774473755,0.06350804190415889,0.6137511544350859,0.5572890837152404,0.09308873341386181,0.021162387347714785,0.009550564385736066,1.0,0.5378000655414694
830,0.93,0.030000000000000027,0.2633128834505912,0.07854105193082304,0.06489030054317328,0.6130723144720109,0.5565337762409426,0.10654483539289639,0.021669359018198105,0.009684937910533794,1.0,0.390157341168482
831,0.93,0.030000000000000027,0.26659987748393355,0.08401241294248392,0.06610482239006286,0.6115226125105474,0.5548109208340445,0.1119825034924591,0.02227008464469669,0.009546621149842815,1.0,0.5645951457889661
832,0.93,0.030000000000000027,0.27042887293506,0.08865296813628597,0.06559397646613838,0.6097272258225549,0.5528173809585735,0.10126394924906519,0.02243671713801302,0.00950771533316687,1.0,0.5645951457889661
833,0.93,0.030000000000000027,0.27253807824136705,0.09021531004324476,0.06636130405991869,0.6087427313696552,0.5517253451841823,0.10465191011814232,0.022387744905063196,0.00934005852266559,1.0,0.44318987777554586
834,0.93,0.030000000000000027,0.2747935115706676,0.09086139564348487,0.06656447446818275,0.6076934948174586,0.5505623636071392,0.10746495221608393,0.022689859336798686,0.009365088774224999,1.0,0.41237284384572703
835,0.93,0.030000000000000027,0.2786781995545173,0.09477974570898078,0.06788387339163914,0.6058947772331039,0.5485707335016483,0.1083266063484941,0.022985964512298663,0.00926224241569561,1.0,0.5645951457889661
836,0.93,0.030000000000000027,0.2827789056235776,0.09813117798769679,0.06759669363615195,0.6040075540541605,0.5464839276056128,0.0982540388199826,0.022919329781773606,0.00928633726030831,1.0,0.5645951457889661
837,0.93,0.030000000000000027,0.2859206935982414,0.09989840559172287,0.06813616663379861,0.6025695785526857,0.5448958156106166,0.09027282126405892,0.022845865182894345,0.009222450556806707,1.0,0.4971341321425521
838,0.93,0.030000000000000027,0.28675434357395074,0.09926423666132994,0.0704230449794296,0.6021891711783721,0.5444759702885384,0.07500384304739763,0.022797759633318152,0.009306911486898379,1.0,0.2522671453677078
839,0.93,0.030000000000000027,0.28789760014148835,0.09834170929587802,0.07052328347672172,0.6016682658568591,0.5439012508763842,0.07823213911809178,0.022695136521593412,0.009298515560223502,1.0,0.2647617739931605
840,0.93,0.030000000000000027,0.29014438092363976,0.09768112146456344,0.07112321233028977,0.6006471799300471,0.5427753135123149,0.08009367534806137,0.022546073381883292,0.009002413203726087,1.0,0.3725431780610067
841,0.93,0.030000000000000027,0.2930779287152574,0.09921038029303302,0.07201794794346521,0.5993191867838233,0.5413122119770836,0.07526055403799212,0.0225676837558375,0.009027715266081201,1.0,0.4896083265722462
842,0.93,0.030000000000000027,0.2933237896866468,0.09907108836136763,0.07410411217138894,0.5992081541782829,0.5411899474350517,0.06400925462902127,0.022567629660460425,0.009129267795252317,1.0,0.2493259673562903
843,0.93,0.030000000000000027,0.2978078392517077,0.1043450254002113,0.07776222456582904,0.5971903179316014,0.5389697178937871,0.07435769643944347,0.022583563663715667,0.008979548894481786,1.0,0.6393927260719301
844,0.93,0.030000000000000027,0.30003925773249635,0.10382453177650895,0.08012819132476855,0.5961912284021168,0.5378716292140324,0.0803954532031414,0.022521445824800118,0.00902585689962229,1.0,0.3862159859786385
845,0.93,0.030000000000000027,0.30209622420360654,0.10350309549160253,0.07935473323737416,0.5952732041169198,0.5368633449497512,0.0881393530833275,0.022537895124237883,0.00901610329380712,1.0,0.3877168159690757
846,0.93,0.030000000000000027,0.3024448447485413,0.10341971155615781,0.07981245054919016,0.5951178948527247,0.5366928325713712,0.07918726702549346,0.022546279864937895,0.009055566975247398,1.0,0.29495540399400255
847,0.93,0.030000000000000027,0.3067123124953081,0.10831493799193914,0.08292412586866928,0.5932232993647046,0.5346143325806431,0.06878240651595553,0.022537110982057854,0.009022877696295159,1.0,0.6393927260719301
848,0.93,0.030000000000000027,0.3104619485592141,0.11265632850671228,0.08218725363099988,0.5915685301905088,0.5328012884799377,0.055382048387944124,0.02255043014522594,0.009121423505019615,1.0,0.6239910232353401
849,0.93,0.030000000000000027,0.31175370318434,0.1136933788420322,0.08247675078681883,0.591000595955705,0.5321795369689675,0.05272713749574688,0.022563847215703328,0.009107495519845037,1.0,0.466554933723184
850,0.93,0.030000000000000027,0.31381251282294126,0.1136709398016268,0.08286750893507887,0.5900976680990081,0.5311915779477839,0.05210627363148003,0.0225948627811604,0.008949992970671367,1.0,0.41448456398464895
851,0.93,0.030000000000000027,0.31523588535542374,0.1134030736952295,0.08192523823373653,0.5894750339487769,0.5305106874313661,0.029441178023703884,0.02277038244225324,0.009110424910154354,1.0,0.3643261664335584
852,0.93,0.030000000000000027,0.31449213318025177,0.11331528397905295,0.0826653319082968,0.5898002138033437,0.5308662539763612,0.0343348278083104,0.02292745284050114,0.009120465667750884,1.0,0.2910568926520928
853,0.93,0.030000000000000027,0.3138003625659324,0.11321330370854794,0.08154912658450812,0.5901029887187184,0.5311973977197789,0.037285442440865756,0.02301674042603669,0.009065035609771416,1.0,0.2962550487373512
854,0.93,0.030000000000000027,0.3137747165884307,0.11322810412520452,0.08198887296646729,0.5901142194540496,0.5312096821371733,0.031206396625388565,0.023102025043790726,0.00909868311750292,1.0,0.24716502927878137
855,0.93,0.030000000000000027,0.31408688031823473,0.11307872218158138,0.08104941087231025,0.5899775476123161,0.5310601944028056,0.05990097598599593,0.022977028282845126,0.009369271652828802,1.0,0.2753908723647467
856,0.93,0.030000000000000027,0.31240496745193624,0.11355271651123923,0.08030199422680309,0.5907146736940218,0.5318666182513055,0.04120949049624353,0.022988290993680976,0.009445986967720813,1.0,0.1972158031620027
857,0.93,0.030000000000000027,0.31284250288235127,0.11325366834069471,0.08037285075727604,0.5905227393673699,0.5316565982993738,0.045239314595162845,0.022823949536644066,0.00948273198880703,1.0,0.256991315725398
858,0.93,0.030000000000000027,0.31293943191179974,0.11321767720372947,0.08009147254466215,0.5904802362388955,0.5316100941529421,0.03512463767516855,0.02277501642637326,0.009419555999310315,1.0,0.2756913916753213
859,0.93,0.030000000000000027,0.31404411400110543,0.11283831094535711,0.07977726095457477,0.5899962678622482,0.5310806691940467,0.03972994458938124,0.022852105834212016,0.009351195338745885,1.0,0.32991017866234085
860,0.93,0.030000000000000027,0.31373470396825875,0.11290572424742923,0.07935624522694087,0.5901317423986647,0.5312288493079403,0.04372262059211357,0.022944281482119053,0.00931781719623231,1.0,0.2738267008527706
861,0.93,0.030000000000000027,0.31467397040797757,0.11240349075084104,0.07858584652155047,0.5897206786494591,0.5307792788102168,0.04513055071984701,0.022993563782505447,0.009089123903224345,1.0,0.300930313263993
862,0.93,0.030000000000000027,0.3152431335435607,0.11252432545424583,0.07830880316720569,0.5894718666940121,0.530507224624388,0.024186973131504634,0.0233183209903875,0.009261764496758357,1.0,0.3672930670952981
863,0.93,0.030000000000000027,0.3154260544736166,0.11237857320308797,0.07930655046902109,0.5893919466484525,0.5304198494897664,0.026898742270881536,0.023599977380814922,0.009223173358384514,1.0,0.2348788006311342
864,0.93,0.030000000000000027,0.31623614125590627,0.11171068167144853,0.0795914039432598,0.5890382717002732,0.5300332441837332,0.023096500019649607,0.023945958843921835,0.009128888637440954,1.0,0.26395810227007366
865,0.93,0.030000000000000027,0.31768109488999846,0.11089748276404882,0.07986834380565201,0.5884084735439794,0.529345052743809,0.018005936248581635,0.0243180193790483,0.009055030729970928,1.0,0.32656597976101653
866,0.93,0.030000000000000027,0.3179535095128282,0.11068372457409202,0.08041737078431097,0.5882898896353562,0.529215509363792,0.014088063450952745,0.024627734431478712,0.008891677468756866,1.0,0.2445029097488861
867,0.93,0.030000000000000027,0.3186506168471107,0.11009076977602655,0.07986575190132826,0.5879866516899367,0.5288842972026031,0.020661404051003605,0.024952556785734454,0.008764970015965096,1.0,0.259262781769269
868,0.93,0.030000000000000027,0.31934931571494146,0.10993108319223523,0.08000278046111094,0.5876830349574189,0.5285527446078516,0.01792664882245675,0.025311685501194184,0.008790814785579578,1.0,0.32879207655976395
869,0.93,0.030000000000000027,0.31981615006083675,0.10953423343945794,0.0805540603709416,0.5874803486829706,0.5283314499230929,0.024881337007902557,0.02555443357149804,0.0088054518461191,1.0,0.2496421569942079
870,0.93,0.030000000000000027,0.3212115666427693,0.10860851965520962,0.08050983286359163,0.5868753309279691,0.5276710803991662,0.058736692299290655,0.025515312184962988,0.00909745716654737,1.0,0.31792717210561916
871,0.94,0.039999999999999925,0.32355345480882625,0.10959080525042997,0.08172707155355945,0.5534388238538313,0.4764570752126121,0.060398692570301976,0.025497807489883378,0.008982462213687639,1.0,0.4852378688571074
872,0.94,0.039999999999999925,0.3240176759138761,0.1091819957639388,0.08325293165682716,0.5532600726916674,0.47625945329679,0.057338962203271844,0.025498189072198522,0.00880945915705621,1.0,0.25066709631173234
873,0.94,0.039999999999999925,0.32367190802697493,0.10935090627805473,0.08240810907213192,0.5533932017459222,0.4764066333309378,0.04698222408611451,0.02542356040290597,0.008811635122088251,1.0,0.2531788194384945
874,0.94,0.039999999999999925,0.32327636951595984,0.10923997099913775,0.08196431387156597,0.5535455722895771,0.4765751103872952,0.03526534333505258,0.02550937105517744,0.008886265549361283,1.0,0.33435091603869627
875,0.94,0.039999999999999925,0.3233223867488448,0.10920955192150432,0.08244742349260671,0.553527841078783,0.47655550352127546,0.03916161286896147,0.025575425825802068,0.008894022576957353,1.0,0.25339866897247343
876,0.94,0.039999999999999925,0.3234590887884691,0.10908319936642513,0.0810097777978314,0.5534751741914893,0.4764972674950618,0.04651375297008592,0.025599987805647276,0.008866815389650964,1.0,0.22934275506320567
877,0.94,0.039999999999999925,0.32181243890448824,0.10942853069930396,0.0811305086530684,0.5541102427817151,0.4771997001274522,0.04646962205545432,0.025633318786106845,0.008861726810211216,1.0,0.2173904003947419
878,0.94,0.039999999999999925,0.3199569052882288,0.10996315377795195,0.08020013279474586,0.5548276208911069,0.4779937248388604,0.053289858480538424,0.025640638048980983,0.00878778148294821,1.0,0.19650202716686005
879,0.94,0.039999999999999925,0.3198603665903951,0.11001202170921064,0.0803320018596795,0.5548649950888384,0.4780351082475405,0.034751311127504646,0.02572954854027177,0.008918658816401758,1.0,0.25940593580762905
880,0.94,0.039999999999999925,0.31898103991447335,0.11036696488477667,0.08006246080688564,0.5552056514442152,0.4784123808665241,0.04014164602400504,0.025789800256796776,0.008950112351943186,1.0,0.230976009211167
881,0.94,0.039999999999999925,0.3188518851631842,0.11043900416381167,0.08007530252644046,0.5552557219928561,0.47846784450911267,0.03424393383964728,0.025888656372054192,0.008927127617336772,1.0,0.25087871085136215
882,0.94,0.039999999999999925,0.3188358812003935,0.11044979688318847,0.07863407295949423,0.5552619270175398,0.47847471807530156,0.07789549052596634,0.025896389633697926,0.009139855605518617,1.0,0.24356241829695413
883,0.94,0.039999999999999925,0.3173012034215294,0.1104448168330482,0.07749635128974605,0.5558575942167988,0.47913476790112086,0.09006027861781238,0.02607916220408012,0.00918447957936912,1.0,0.2416930563716876
884,0.94,0.039999999999999925,0.31701595738533667,0.11057584701114666,0.07751874871279078,0.5559684499989286,0.4792576501619013,0.09117680952365778,0.026272849738077253,0.008968433353492462,1.0,0.2521324234084835
885,0.94,0.039999999999999925,0.31697214119812234,0.11059437030393296,0.07734577913548842,0.5559854822960258,0.47927653149420896,0.08544344831030114,0.026322990149786597,0.008964010761352198,1.0,0.26805338615096574
886,0.94,0.039999999999999925,0.31676041636629765,0.11076283115151564,0.07767840802276116,0.5560677990121102,0.4793677892203615,0.08280732672222943,0.02638250459086004,0.00884937794802593,1.0,0.21821757079451143
887,0.94,0.039999999999999925,0.31658785265869566,0.11087028850098189,0.07736780089358329,0.5561349082656071,0.4794421934111839,0.08098698329744528,0.026305455940592574,0.008797724098917789,1.0,0.23903923873323152
888,0.93,0.030000000000000027,0.31695399019925646,0.11056028786778971,0.07697801775068842,0.5887252213009462,0.5296911290693718,0.06228790950662144,0.02621194905902576,0.008982162146082983,0.0,0.2413375898221829
889,0.94,0.039999999999999925,0.3170938180357534,0.1104787822759221,0.0768913958188556,0.5559381864592738,0.479224102012515,0.051319474121070095,0.02613019441118662,0.008916465843478645,1.0,0.2595935016513429
890,0.94,0.039999999999999925,0.31810976708409666,0.11003626317390737,0.07720265728651785,0.5555436005023824,0.47878678580781675,0.06738353148509868,0.02581996576068337,0.008996204858011912,1.0,0.3203741397553591
891,0.95,0.04999999999999993,0.3189459157106674,0.10982347650360919,0.07643376913600529,0.5260139589600117,0.43289907049725523,0.05846847714220157,0.02561256038740412,0.00900355447579375,1.0,0.3323598503835592
892,0.95,0.04999999999999993,0.3213823353595119,0.1128544225692751,0.07813115024477615,0.5251675654970342,0.4319544681941334,0.045132499510114214,0.025333599980243104,0.009016795598285806,1.0,0.5804925901398801
893,0.95,0.04999999999999993,0.3208161315553707,0.11251509041386752,0.07809148586547032,0.5253640173118064,0.4321736181000088,0.052064894146424845,0.025181849787189528,0.009081044307881092,1.0,0.3603222548293239
894,0.96,0.05999999999999994,0.3237094103181238,0.11290647209230183,0.07717607407423466,0.49823610394054985,0.39003568845197634,0.03600264807555342,0.02515173460895653,0.009225243536179133,1.0,0.4821734026569078
895,0.96,0.05999999999999994,0.32412619075911414,0.1132832633634847,0.07705020461485469,0.4981060302789061,0.3898904585597626,0.0380063611266937,0.025121392981400238,0.00916164958320479,1.0,0.4470004856405494
896,0.96,0.05999999999999994,0.32390375202749916,0.1132389733543238,0.07803381303095816,0.49817544307947836,0.38996795534184964,0.060969718357635504,0.024866382698730007,0.009278882592144369,1.0,0.33544457488504575
897,0.97,0.06999999999999995,0.3257178424675739,0.11542480829381996,0.0789892301779478,0.4740221037088776,0.3522865327168341,0.04183981020232518,0.024832260628916566,0.009371611776679643,1.0,0.5532761696152824
898,0.98,0.07999999999999996,0.3258855483878959,0.11532481023607048,0.08126057034163359,0.4525261258144286,0.3187143521720896,0.018261252248642133,0.024988878085047638,0.00958025566317444,1.0,0.2653924204617455
899,0.98,0.07999999999999996,0.32830188107026687,0.11751174242873394,0.08396109723463381,0.4519047242977417,0.3180288867605941,0.02483165340467642,0.02507522868623003,0.009441439819454516,1.0,0.5532761696152824
900,0.98,0.07999999999999996,0.32831880656623696,0.11750650633833563,0.08623204149077392,0.45190037763413066,0.3180240957335038,0.023853793135592626,0.025345786730850382,0.009228192773787374,1.0,0.2928038642286792
901,0.98,0.07999999999999996,0.3288642462512016,0.11729345472076182,0.08638863007885103,0.45176034715087743,0.3178697777196677,0.02685978765002184,0.02556285004479755,0.009209140574192014,1.0,0.3100064590994076
902,0.98,0.07999999999999996,0.3290838292528245,0.11717314407600601,0.08661635793536951,0.4517039982041792,0.31780769467733566,0.0206546160570347,0.025832067594338336,0.00919260763808952,1.0,0.2757204661141318
903,0.98,0.07999999999999996,0.32993310781330565,0.11684635650834913,0.0866323440101358,0.4514861903139722,0.3175678049431197,0.02253446838200698,0.02599225889993171,0.009064063395992222,1.0,0.32694908681001533
904,0.98,0.07999999999999996,0.3304505666098346,0.11679031465055531,0.08613118336287766,0.45135358461687924,0.3174218194687702,0.0384378537811491,0.02606089440923336,0.009206218209751512,1.0,0.34341310970881156
905,0.98,0.07999999999999996,0.33092288746265985,0.1164603191671245,0.08649574031010344,0.4512326140990488,0.3172886854292729,0.03772426724584339,0.026138648264918064,0.00909941992352807,1.0,0.2728203883610967
906,0.98,0.07999999999999996,0.33193644051169263,0.1156773308831554,0.08578322974833212,0.4509732422830457,0.31700336979110116,0.052551540950777104,0.02614857935687059,0.009088154993752899,1.0,0.29244202440948663
907,0.98,0.07999999999999996,0.33192268173221207,0.11568344079312229,0.08528365647723667,0.4509767612070655,0.3170072394581245,0.059972541769352905,0.02610754832220047,0.009080311021569249,1.0,0.27987102322190427
908,0.98,0.07999999999999996,0.33217320437601267,0.11546602008902304,0.08542416328635104,0.45091269652791693,0.3169367945746468,0.034163093362278074,0.0261275584041811,0.009321543062869515,1.0,0.2442704105239778
909,0.98,0.07999999999999996,0.3326128847916277,0.11503537884975458,0.08449414286925856,0.45080030364080353,0.3168132357616862,0.046902831117405175,0.026031017717063204,0.009431612285566887,1.0,0.24149574910982163
910,0.98,0.07999999999999996,0.3316800499752152,0.11573399683373607,0.08382779611491221,0.4510388253519021,0.3170754953475717,0.05149480360478373,0.02593001280382091,0.009447846670184754,1.0,0.1990909086133923
911,0.99,0.08999999999999997,0.33275587636043513,0.1148528941754689,0.0843689407110641,0.43132135968751506,0.2866281295548728,0.052885693292355034,0.025848109994597503,0.009421589021258359,1.0,0.2915838595999043
912,0.99,0.08999999999999997,0.3332281091652489,0.11449685270948676,0.08374809440448759,0.43121090811611124,0.2865081790548399,0.040684963499466646,0.02584658730761957,0.009456472660774805,1.0,0.27014413752678623
913,0.99,0.08999999999999997,0.33270201917381437,0.11474215986412399,0.08318983659666843,0.4313339600582446,0.28664181604520383,0.04986929562110774,0.025842666562085025,0.009507497934242564,1.0,0.2532153643261331
914,0.99,0.08999999999999997,0.33256245739468926,0.11487099457997052,0.08349532924797223,0.43136661521120045,0.28667728834998374,0.05879784228491755,0.025807960918100007,0.009575780095355396,1.0,0.2196718893823313
915,0.99,0.08999999999999997,0.33301408936744165,0.11458252573125452,0.08407467604501559,0.43126095866834885,0.2865625291677903,0.06152872786650132,0.02576305807581417,0.009411721671591617,1.0,0.28209096703480574
916,0.99,0.08999999999999997,0.33343685697314257,0.11428614865460342,0.08394964747309303,0.4311621016588989,0.2864551876155883,0.08338408543545038,0.02565816098395008,0.009303056047447862,1.0,0.27414078558447263
917,0.99,0.08999999999999997,0.33385913536468803,0.11406297161586736,0.08395910873620348,0.4310634042764135,0.2863480505230142,0.07950390570017266,0.025751253511374035,0.00930380869286118,1.0,0.2944198742395936
918,0.99,0.08999999999999997,0.33385452116217,0.11406550205473108,0.08380302672267864,0.43106448249071677,0.2863492207684711,0.04052313670846359,0.02580034379897461,0.00952245382170323,1.0,0.27107303844043534
919,0.99,0.08999999999999997,0.33415489539897963,0.11383814785495985,0.08315343031523983,0.43099430440882963,0.2862730603639122,0.052866379202794356,0.02577961390612923,0.009629779506424185,1.0,0.26277292723508316
920,0.99,0.08999999999999997,0.33395296263855445,0.11390696147034256,0.08245823771366695,0.43104148055069214,0.2863242562990099,0.05666817744045512,0.025746375416105305,0.009609399660549092,1.0,0.28515238305339596
921,0.99,0.08999999999999997,0.33233276164528114,0.1141570805115299,0.08146192272050827,0.43142037099257435,0.2867356890527794,0.03135557737778415,0.02586847846972828,0.009666006622858311,1.0,0.23452908314262122
922,0.99,0.08999999999999997,0.33238597752447185,0.11411865849027904,0.0813847000945293,0.4314079156682426,0.28672215666845635,0.04846819745914682,0.02585258752048698,0.009836855714878448,1.0,0.25261228615553566
923,0.99,0.08999999999999997,0.33250089857521803,0.11401273517598601,0.08153572373496262,0.4313810205304896,0.28669293749591995,0.03316598687530385,0.025930921257320903,0.009778020975021371,1.0,0.23305456032624594
924,0.99,0.08999999999999997,0.3327329495483603,0.11381953165009283,0.08060478975229783,0.43132672353036017,0.2866339556851762,0.02951695662643483,0.025843652158480935,0.009685815852089939,1.0,0.24937393799224794
925,0.99,0.08999999999999997,0.3317834152878074,0.1141950252612073,0.07847895084510964,0.4315489890786168,0.28687545825068667,0.023864479746027754,0.025597047124769543,0.00966307341067519,1.0,0.23969725657254826
926,0.99,0.08999999999999997,0.3285139593114186,0.11243023722803087,0.07603504576696857,0.4323160537879327,0.28771012692548364,0.042858734897276554,0.024995831328581162,0.009798595270075233,1.0,0.22783981822028065
927,0.99,0.08999999999999997,0.3276117727959562,0.11300804133568258,0.07466937099431133,0.43252820092012917,0.28794130440452737,0.04055711668530705,0.02449697491198057,0.00964800649144812,1.0,0.21076272322469491
928,0.99,0.08999999999999997,0.3258314607625225,0.11241535445869423,0.07446660889743895,0.4329474487108556,0.28839858555172987,0.0517605983262974,0.024248302957362338,0.009717425579761808,1.0,0.2752290689162129
929,0.99,0.08999999999999997,0.3231758022079669,0.1104969644578396,0.07300551934650282,0.4335743454915273,0.28908340897280055,0.03781846952055347,0.023972355393518368,0.00972233494164776,1.0,0.2722342100859041
930,0.99,0.08999999999999997,0.32246717590967194,0.11029216819980726,0.07171887991854929,0.43374193132112526,0.2892666948245191,0.05729133369859123,0.023368408302369224,0.009864104599006095,1.0,0.3192947113389895
931,0.99,0.08999999999999997,0.31905242014462465,0.10800528570733464,0.0726903459999104,0.4345513200851975,0.2901531882167215,0.07348722999306172,0.02269516635557025,0.009919431286390707,1.0,0.22311956928424065
932,0.99,0.08999999999999997,0.3159095861050348,0.10535466217641073,0.07173869857094389,0.43529893019132077,0.2909739042394567,0.08227236043279415,0.02236132587563841,0.00997394815074076,1.0,0.2503117418299785
933,0.99,0.08999999999999997,0.3139913977742868,0.10476437802336265,0.07143811542893336,0.43575648987409504,0.2914771032823598,0.09191034350534921,0.022096090195755966,0.010042886948464128,1.0,0.25137104470075367
934,0.99,0.08999999999999997,0.3120793233619938,0.10469621023954635,0.07020562391520703,0.43621354948630464,0.29198043356373365,0.07111793773617628,0.021469894457082393,0.010244207672067792,1.0,0.2211654026164207
935,0.99,0.08999999999999997,0.3086355404267505,0.1019616669529272,0.07021520523189172,0.43703916971521856,0.2928913659942093,0.07121559468939159,0.020795996814804353,0.010143450999590055,1.0,0.2202168522646371
936,0.99,0.08999999999999997,0.30550820741376,0.09881032661507082,0.06985342723773882,0.43779163591013065,0.2937235311268559,0.0621570753728349,0.02028325341047855,0.010154332835556045,1.0,0.2518618444899148
937,0.99,0.08999999999999997,0.30268683565637355,0.09731515001527577,0.06775239593785157,0.43847271161211016,0.29447834956667734,0.06464496083840748,0.019942561707662638,0.010025230888575348,1.0,0.21499695640390995
938,0.99,0.08999999999999997,0.30270975599648126,0.0973035413459018,0.06802580598178201,0.4384671701323519,0.29447220192130186,0.05813815656585721,0.01980625509014477,0.01005834713303854,1.0,0.2545591793784776
939,0.99,0.08999999999999997,0.3024598148794164,0.09743271147882578,0.06708651419414514,0.4385276062792527,0.29453925446672813,0.05994624957589674,0.019632326751647028,0.010057807302534198,1.0,0.23976766228668095
940,0.99,0.08999999999999997,0.3012143085543647,0.09732487881542735,0.06598711757553817,0.4388290201662958,0.2948738463881867,0.07255071099205902,0.019531719190406343,0.010136305687444228,1.0,0.24799254555583017
941,0.99,0.08999999999999997,0.29985286614056844,0.095617236115304,0.06462539212524357,0.4391589650597712,0.2952404539943119,0.06559496719130764,0.019430952019365805,0.010092916236856151,1.0,0.3534640851926202
942,0.99,0.08999999999999997,0.2997670816294105,0.09566636416321031,0.061823875056925194,0.43917977151057824,0.29526358447768253,0.06671653949697771,0.01945222963649691,0.009999715534787951,1.0,0.24074751624049912
943,0.99,0.08999999999999997,0.2952637892652817,0.09000483686565182,0.0597885951224622,0.44027478969624456,0.2964829384935684,0.09301248097754315,0.019770841842337267,0.010204343663241156,1.0,0.1890634896590437
944,0.99,0.08999999999999997,0.29339659801660467,0.09003540570500472,0.05987882281399209,0.4407304179936638,0.29699147550815275,0.11202193019056608,0.020489887165976425,0.010318137090845569,1.0,0.19949686111093917
945,0.99,0.08999999999999997,0.29147172699040186,0.09005594644056049,0.05898494135729585,0.44120110943163876,0.2975175512615973,0.10808556741597466,0.020946356021930485,0.010267473219297664,1.0,0.19522971334879313
946,0.99,0.08999999999999997,0.29084815213859416,0.0902453574237892,0.05588323310867473,0.4413538087535925,0.2976883769331904,0.121178204171346,0.02190997635745115,0.010294622474306086,1.0,0.23259791881322922
947,0.99,0.08999999999999997,0.2864859685410178,0.0835896501836946,0.05602486795374884,0.44242497158038235,0.2988888865998467,0.12556100650441454,0.02306312258454429,0.010203536052134943,1.0,0.20317436631430205
948,0.99,0.08999999999999997,0.28257946548545115,0.07655792845394473,0.05473931504316518,0.44338866174153513,0.2999722373125645,0.1342493226826167,0.024477694383145596,0.010264479539872367,1.0,0.23334071767867515
949,0.99,0.08999999999999997,0.28002183617096127,0.074616617526253,0.05444111651453836,0.444021877325594,0.3006857827487382,0.131016853702994,0.025691931584447367,0.010290859389522426,1.0,0.2107920022741945
950,0.99,0.08999999999999997,0.2783467580511933,0.07345033184754368,0.05429996855678654,0.44443757274923085,0.3011549503801076,0.11967890529175444,0.02652522601171208,0.01017644376127458,1.0,0.24697675200785296
951,0.99,0.08999999999999997,0.27724145418626206,0.07297830136749275,0.05362875395225233,0.4447122967711418,0.3014653342546372,0.12155024275614879,0.027244741840314873,0.010145915353999712,1.0,0.25379577994043323
952,0.99,0.08999999999999997,0.2764477377003784,0.07325482911099372,0.054001606273378015,0.44490978514718355,0.3016886152592722,0.097870422134755,0.027496142526345826,0.010355301273078885,1.0,0.21168524406373168
953,0.99,0.08999999999999997,0.27528128809201663,0.07385635647575121,0.053829738967357744,0.4452003335296731,0.30201735096131277,0.08954972588043678,0.027639582378321575,0.010377944206804554,1.0,0.179610087901168
954,0.99,0.08999999999999997,0.2749007776759069,0.07409785745926939,0.053842648630799,0.4452951961425273,0.3021247436743885,0.09571267238897918,0.027803030718356245,0.010150351955773592,1.0,0.20911398766781783
955,0.99,0.08999999999999997,0.2741823671331559,0.07443711143480138,0.05310920520024783,0.4454744087294559,0.3023277114181606,0.0863938126357031,0.02795751048310545,0.01005567896853646,1.0,0.20354981808963982
956,0.99,0.08999999999999997,0.2742973010110694,0.07432697489644119,0.05255752702146321,0.4454457279691267,0.3022952215929757,0.08008858829846233,0.028005193778633208,0.010078662809327585,1.0,0.20870919095335758
957,0.99,0.08999999999999997,0.27407319696331556,0.07441255216534186,0.05262996787042003,0.4455016546263777,0.30235857841040265,0.08322641636761186,0.02809499836383305,0.010008189588611983,1.0,0.23458091095000624
958,0.99,0.08999999999999997,0.2734940314396276,0.07462279378489628,0.052252061654828735,0.4456462543041823,0.30252243830225517,0.07735781960514049,0.028068506992403215,0.010020950092129745,1.0,0.217774839306525
959,0.99,0.08999999999999997,0.2722847005192678,0.07467861418099593,0.05177442806766297,0.4459484895832081,0.3028651604278285,0.08569896218719908,0.028138363921437325,0.010064873996971426,1.0,0.20897708662636566
960,0.99,0.08999999999999997,0.2717536337856881,0.07485438371604859,0.051619269769251026,0.44608134305146563,0.3030159092480699,0.10778342844580201,0.02851735682367616,0.010273727897283237,1.0,0.22072002749480527
961,0.99,0.08999999999999997,0.2709063304305761,0.07499873425109443,0.05099459599057143,0.44629347132694547,0.3032567360890707,0.11488412553171484,0.029010714321143563,0.010133900821501124,1.0,0.21619997775278094
962,0.99,0.08999999999999997,0.2691602336194542,0.07476660715536072,0.049894619478505806,0.4467312556785318,0.30375423391964557,0.12173753082878083,0.029426800907728746,0.010175735530164647,1.0,0.19268338598311416
963,0.99,0.08999999999999997,0.2690565494552126,0.07482124510569423,0.049922373989464565,0.44675727856392117,0.3037838269538352,0.12031148398879284,0.02981002331716073,0.0101517335563137,1.0,0.22451038420697078
964,0.99,0.08999999999999997,0.2685168510571659,0.07505037060832963,0.04943665928492544,0.4468927822620515,0.30393795823739156,0.10774081466327023,0.02989718384449864,0.010227290178075868,1.0,0.2099882624654014
965,0.99,0.08999999999999997,0.26735386394934296,0.07504291248429144,0.04861055763342238,0.44718505651902707,0.3042706254082711,0.12790016933337509,0.030249297474127274,0.01039134555052512,1.0,0.2102672689787301
966,0.99,0.08999999999999997,0.2668754563495199,0.07533897639174371,0.04859889346364225,0.44730539777319617,0.30440768321653006,0.1204821754826191,0.030350650541504872,0.010399877401542341,1.0,0.1966621497665806
967,0.99,0.08999999999999997,0.2666921117077113,0.07537957787394592,0.048343710362948565,0.44735153445267273,0.30446024190213483,0.12902548252985313,0.03068340774798652,0.010458549642135141,1.0,0.2409283175884016
968,0.99,0.08999999999999997,0.2655063019000985,0.07532603541133413,0.04785449119349764,0.44765016054803874,0.30480061210732795,0.12284404739033972,0.03081465123241087,0.010450739005307541,1.0,0.21021109579848768
969,0.99,0.08999999999999997,0.26499967089927984,0.07560090586850955,0.047278198504353594,0.4477778685681525,0.30494626562929916,0.12163842770096361,0.030993506921217988,0.010120943696196313,1.0,0.19897905691233578
970,0.98,0.07999999999999996,0.2634967742860314,0.07602643598314382,0.04590477274051593,0.4691839509797386,0.3374961665725839,0.11971287742743356,0.03140178232675184,0.010123605817433873,0.0,0.16763751078077815
971,0.98,0.07999999999999996,0.26074006855883725,0.07286845886767777,0.04395890418305677,0.469948329912804,0.33837725814485853,0.11714423338399102,0.03175840723685162,0.010118645349518847,1.0,0.20956729613769692
972,0.98,0.07999999999999996,0.26041543725860145,0.07298483037271697,0.0440207723348112,0.470038507577077,0.33848131888011795,0.126609762404468,0.03224371425704102,0.010109643237431166,1.0,0.21820396628814767
973,0.98,0.07999999999999996,0.260099410686384,0.07308383404161928,0.04323491475226978,0.47012632822856076,0.33858268286476007,0.12289920396964962,0.032587055912930665,0.01002877129484285,1.0,0.22157616221674878
974,0.98,0.07999999999999996,0.2588542613717822,0.07286856428513916,0.04253580293986579,0.4704726624785313,0.3389826499688469,0.12789207904038533,0.03288290253465654,0.010039848118447159,1.0,0.2098359845785207
975,0.98,0.07999999999999996,0.25847906926691766,0.07299217488065646,0.042353859101464025,0.47057712101441607,0.33910335458375546,0.13086896542926135,0.033242665420149344,0.009995653636505255,1.0,0.2158794584860143
976,0.98,0.07999999999999996,0.25842846446079937,0.07301410817550756,0.042318005175170086,0.47059121362429773,0.3391196414459996,0.10817882255335137,0.03332667385159073,0.010224401232073724,1.0,0.22428227445137702
977,0.97,0.06999999999999995,0.25862159750328156,0.07293079676762865,0.04223248049803577,0.4937712179466675,0.3747164787277677,0.10254917922634335,0.03334532790808255,0.010212375039163866,0.0,0.2367037046429616
978,0.97,0.06999999999999995,0.2587164489207092,0.07285607415250807,0.0419073555191728,0.493742137917923,0.3746827545398181,0.10371484905886177,0.03341435374117832,0.010036891427845529,1.0,0.2059871689096262
979,0.97,0.06999999999999995,0.25844926809126184,0.07290203206719184,0.04188988842176676,0.4938240603382795,0.3747777655629569,0.12263046785822326,0.033521126627002074,0.010173510457167358,1.0,0.2326878528628914
980,0.97,0.06999999999999995,0.2581451513756414,0.07307922170314302,0.04201333098311595,0.49391734105054874,0.37488596985192546,0.12377454449669364,0.033682309965831804,0.01012549393650183,1.0,0.20056433764912707
981,0.97,0.06999999999999995,0.25747088778773747,0.07345325142202247,0.042112277377396264,0.49412428141947073,0.3751260948362619,0.1204073486077205,0.03370774162461244,0.009718581201175101,1.0,0.1834523520609695
982,0.97,0.06999999999999995,0.25719014086064157,0.07355945030706415,0.04241698456528641,0.4942104974879898,0.3752261677590889,0.12058862504500403,0.033988593944116935,0.009597535628906794,1.0,0.21548772558736234
983,0.97,0.06999999999999995,0.2565648036577052,0.07395328357506292,0.04267848984278656,0.494402643802589,0.37544926275018004,0.12206755975218475,0.034257937973715555,0.009601196273364726,1.0,0.179159336078052
984,0.97,0.06999999999999995,0.25626822716473086,0.07402989284819793,0.04295520171440794,0.4944938246079855,0.37555516200304134,0.09160481818855183,0.03425967202406116,0.009850987994074589,1.0,0.22247477411105096
985,0.97,0.06999999999999995,0.2558729961715629,0.07407141055219767,0.0425129764352833,0.49461538848203285,0.37569638093420077,0.09047631707276454,0.034274978169878186,0.009835759504455555,1.0,0.22853028683416676
986,0.97,0.06999999999999995,0.2555583954159457,0.07429714060213687,0.04272460394702732,0.4947121950990167,0.3758088660277388,0.08683242085348498,0.0342834749811382,0.009854179229652477,1.0,0.1867574952327895
987,0.97,0.06999999999999995,0.2550850359484438,0.07455123707516469,0.04275134582239397,0.49485792519660193,0.37597824207033564,0.08925740543772516,0.03430150760355711,0.009689794490192036,1.0,0.19170329198303876
988,0.98,0.07999999999999996,0.25485475478939784,0.0746288712021166,0.042835691985074684,0.47158857236051904,0.34027378900199606,0.08961671412364652,0.03428659903380162,0.009582631594236177,1.0,0.21830947391758931
989,0.98,0.07999999999999996,0.25451038946216187,0.07468564023328804,0.042290912761904415,0.47168490194951596,0.3403854186331132,0.08261309137586684,0.034184681000860036,0.009491112052657905,1.0,0.22515696892774897
990,0.98,0.07999999999999996,0.25382709047538515,0.07439192457789016,0.042441433585356306,0.4718761582843302,0.34060713415170635,0.10527964737830853,0.0342718076495924,0.009630016109825022,1.0,0.2520442410776872
991,0.98,0.07999999999999996,0.2527857553977396,0.07401320221945998,0.040175627107602405,0.472167927897106,0.34094558057660784,0.11401889759325767,0.034390158416680854,0.009583584519752919,1.0,0.2282263426190032
992,0.97,0.06999999999999995,0.24882665075450014,0.0665948890585212,0.03839253500146615,0.4967927565507492,0.37823203750142204,0.10787956043690816,0.03433510570346865,0.00957557383813715,0.0,0.1845821258159356
993,0.97,0.06999999999999995,0.2470688276516295,0.06594546546451739,0.037162141399911544,0.49733892664643325,0.37886994074364067,0.1373780884656774,0.034692542668688965,0.009711293857913895,1.0,0.18453994454225836
994,0.97,0.06999999999999995,0.24423976260103408,0.061732563850502374,0.0369556165114141,0.4982204665835411,0.37990112159216777,0.13734343489467982,0.034852209754338566,0.009691404368215487,1.0,0.19926689759736993
995,0.97,0.06999999999999995,0.24145119551605007,0.05873602144445447,0.03614316408413853,0.4990924509602336,0.3809230491336315,0.13883330690194862,0.035031533084545,0.009474500477067271,1.0,0.1681437771421476
996,0.97,0.06999999999999995,0.23989282263567635,0.058287141170509635,0.03405863797277781,0.4995810846547828,0.38149654517214343,0.12553777635215382,0.03521942477553996,0.009415567369940854,1.0,0.17960728684767296
997,0.97,0.06999999999999995,0.23618392075937092,0.049341808015900476,0.031178788942308397,0.5007478821637662,0.3828684269453938,0.1480462315877597,0.03555128736326905,0.009404758251576438,1.0,0.18238598198473746
998,0.97,0.06999999999999995,0.2353416577153521,0.04955444314119119,0.028283194162220842,0.5010136126820135,0.3831813465969607,0.13198098630639404,0.035234327480750595,0.009500665767993926,1.0,0.18116611605986838
999,0.97,0.06999999999999995,0.2317659327471922,0.038049246850591106,0.025799004781946303,0.502144886456408,0.3845155238242904,0.12157229191617579,0.0348801133444993,0.009595926718712455,1.0,0.19570367279929204
1000,0.97,0.06999999999999995,0.23069783609063477,0.037819288479918174,0.025723316694629437,0.5024837982681589,0.3849158568466012,0.10003788702086135,0.03433068507287362,0.00978308237912544,1.0,0.18599419857293345
1001,0.96,0.05999999999999994,0.2292938982767092,0.03745320985782326,0.02554246344090025,0.5295632957213802,0.42598076563990706,0.121334761267225,0.03395272779188505,0.009935523820068634,0.0,0.16961267770684701
1002,0.96,0.05999999999999994,0.2288722277361966,0.03716439553086704,0.02567086862938652,0.529712045397052,0.4261561673241875,0.11696502337135274,0.033383467711340965,0.009960674179370656,1.0,0.2335534120628716
1003,0.96,0.05999999999999994,0.2280923146118132,0.03589467397360988,0.02566016498706335,0.529987390055523,0.42648096760231874,0.11436121152890608,0.032795064086735645,0.009826335052535346,1.0,0.24895777437167396
1004,0.96,0.05999999999999994,0.22691539670706756,0.03397219219140857,0.025181818863727074,0.5304034377105733,0.4269720416621936,0.10425610802944099,0.03240963335456791,0.009921198860254131,1.0,0.22572131923425037
1005,0.96,0.05999999999999994,0.22646935414560623,0.03365791325772316,0.025008820650922275,0.5305612872181371,0.42715845048880596,0.10340742679295045,0.03199084454170626,0.009780000956532482,1.0,0.22821613221496495
1006,0.96,0.05999999999999994,0.22544406601575212,0.033191015239135084,0.02526873903075364,0.5309244817332064,0.4275875536539498,0.09111165857129451,0.03175145871835931,0.009829241031311069,1.0,0.1899132114240777
1007,0.96,0.05999999999999994,0.22456631264093058,0.032899411082580356,0.024931182077397553,0.5312358093474958,0.42795559618090556,0.09737797548876401,0.031594124555899085,0.009631835662729194,1.0,0.1920956857397513
1008,0.96,0.05999999999999994,0.22413221361208577,0.03292293949190414,0.02499168874896915,0.5313899135580084,0.42813784842194247,0.09811423658972786,0.031055862264032508,0.009510588423798254,1.0,0.2008605076394953
1009,0.96,0.05999999999999994,0.2240408334222135,0.03288728115879017,0.02488151078923852,0.5314223647184951,0.42817623328244175,0.10163636512670783,0.030722240980517162,0.009499781919248773,1.0,0.23235773012259264
1010,0.96,0.05999999999999994,0.22410622908985114,0.032844077255690746,0.024217210827207437,0.5313991408429614,0.4281487626941861,0.08647514953600112,0.030441302406980977,0.009638876120290546,1.0,0.20563047537715767
1011,0.96,0.05999999999999994,0.22377925107701185,0.03232940697220367,0.02453858315918417,0.5315152804077756,0.4282861507587484,0.07299344581523157,0.03023662536199606,0.009651815250875204,1.0,0.2588860583159727
1012,0.96,0.05999999999999994,0.2240167675887994,0.03275363189962488,0.02472121909038534,0.5314309116965318,0.4281863434419201,0.09606319993735196,0.029759883597511406,0.009792072038758834,1.0,0.29389578870554106
1013,0.96,0.05999999999999994,0.22351425769969568,0.03268721979727333,0.025300895235294222,0.5316094408526035,0.42839755911587396,0.07102405749541342,0.029516237782601363,0.009954805329447002,1.0,0.20296437541576012
1014,0.96,0.05999999999999994,0.22338052688677487,0.032729994397412025,0.024704080639557046,0.531656972265606,0.42845380415282763,0.07136108517857806,0.02938967589373073,0.009930624946634688,1.0,0.20629880809025408
1015,0.96,0.05999999999999994,0.22322979189936856,0.03249311436209781,0.025237095576461956,0.5317105575954341,0.4285172185809795,0.05847632496161978,0.02942579204719042,0.009840012852170133,1.0,0.2670174682941741
1016,0.96,0.05999999999999994,0.22287247229791154,0.03212568351743878,0.02532123248757591,0.5318376256044952,0.4286676184740188,0.05761535958339366,0.029636558806078465,0.009809515737452442,1.0,0.23840882543877148
1017,0.96,0.05999999999999994,0.22247499770623624,0.031477350774325896,0.02524968454650652,0.5319790446812938,0.42883504414551205,0.07177916898511845,0.029685636843287774,0.009558839377957649,1.0,0.25467241507205973
1018,0.96,0.05999999999999994,0.22224994358059486,0.03120838860349358,0.025227509576712697,0.5320591509425837,0.4289299002531424,0.07927990065530725,0.02922856272463684,0.009509925127208742,1.0,0.24856762587629636
1019,0.96,0.05999999999999994,0.22256844848911467,0.031777667471491314,0.025466664489767758,0.5319457886908971,0.4287956687133599,0.08864124765963091,0.028930100123104735,0.009566082185457861,1.0,0.2946234180870601
1020,0.96,0.05999999999999994,0.22212929484308236,0.0312080912648034,0.02549457458801137,0.5321021048540364,0.42898076872103963,0.11268102327522851,0.028720265409187793,0.00955322537286116,1.0,0.24123701845016685
1021,0.96,0.05999999999999994,0.22352676260350268,0.03466901018433609,0.026655742645805072,0.5316049967186945,0.4283923005086871,0.12017872757667764,0.028081316784884968,0.009456105011447892,1.0,0.3742758591846569
1022,0.96,0.05999999999999994,0.22395689431089533,0.03528849379412556,0.02725263836762896,0.5314521768773457,0.42821149853351664,0.10204755473935226,0.027665122750747374,0.009484680387745694,1.0,0.2956254568948019
1023,0.96,0.05999999999999994,0.2238997250111521,0.03527833817545446,0.027777572194668136,0.5314724832751052,0.42823552033734197,0.11103524741892162,0.02693879796707802,0.00953860627088408,1.0,0.22733763035192153
1024,0.96,0.05999999999999994,0.22364811533138482,0.03518535864454191,0.027711390163523697,0.5315618728750858,0.4283412755271203,0.08647635175512541,0.026073998093127857,0.009729580197989023,1.0,0.2242129700155213
1025,0.96,0.05999999999999994,0.22318383706397282,0.03527671759981025,0.02790417907091668,0.5317268963959058,0.42853655558100284,0.07769565656017782,0.025063116555583236,0.009626412925703154,1.0,0.1932694298313486
1026,0.96,0.05999999999999994,0.22382515824135077,0.03593239145469686,0.02872867817325139,0.5314989715444851,0.42826685638463535,0.08257064697723661,0.02447717912309339,0.009652406584340417,1.0,0.2919719359580705
1027,0.96,0.05999999999999994,0.22580961834566643,0.04036289263665918,0.029261713042005685,0.5307949327173609,0.4274344639868093,0.07731889760657437,0.023857982018201235,0.009592288076559324,1.0,0.40920873365626415
1028,0.96,0.05999999999999994,0.225407065694747,0.0400676684543739,0.030991410728891392,0.5309375978950273,0.4276030551308519,0.07857223229968459,0.02346368440568767,0.009464118439057975,1.0,0.2349738038242709
1029,0.96,0.05999999999999994,0.22572794842281763,0.04056678081684378,0.03121654383813999,0.5308238704433244,0.42746865702484843,0.07631635229038089,0.022743474311069246,0.00929020950806066,1.0,0.30432248289296726
1030,0.96,0.05999999999999994,0.22480681085600732,0.03946250033221334,0.031024285112688076,0.5311504714747632,0.42785469213103017,0.07560534753159213,0.022467006466486025,0.009133796462245693,1.0,0.22718095465795698
1031,0.96,0.05999999999999994,0.22523764918915082,0.03967633578140045,0.031143782843949645,0.5309976622546547,0.4276740474145468,0.08325722228460679,0.022369642032288313,0.00912234943510713,1.0,0.26620340259859065
1032,0.96,0.05999999999999994,0.22557204280582005,0.04002562859069441,0.03131033231897527,0.530879120521047,0.42753394577774223,0.08314590513299652,0.022362589324558587,0.00902612048641072,1.0,0.2837511034969026
1033,0.96,0.05999999999999994,0.22715041969537517,0.04393322350740952,0.03227247361266243,0.5303203034629784,0.42687388696179934,0.0688469165094771,0.022570747417788774,0.008960530414232401,1.0,0.40920873365626415
1034,0.96,0.05999999999999994,0.2285799189321299,0.04599261149119171,0.032718381259254206,0.5298152101182034,0.42627784339163616,0.06084381682664321,0.02272728497175484,0.009040383371097235,1.0,0.36411532629189536
1035,0.96,0.05999999999999994,0.2288610272748868,0.0460265317430453,0.03356830699184299,0.5297159976423342,0.4261608283332463,0.08953512221940532,0.022564246951008723,0.009238694341563956,1.0,0.24832768654032789
1036,0.96,0.05999999999999994,0.22919966000692174,0.04631815868568196,0.03357368621474272,0.5295965322268132,0.42601995326685277,0.08073105396169424,0.02232200966333788,0.009302494167747173,1.0,0.2857251176934059
1037,0.96,0.05999999999999994,0.23114177777944522,0.049634821452829436,0.034421377053008274,0.5289124166177003,0.4252138056203156,0.06919543468412358,0.022252776245455234,0.009353290278908995,1.0,0.40920873365626415
1038,0.96,0.05999999999999994,0.23150010396759502,0.04993104250074541,0.035472138854735685,0.5287863884502392,0.42506540237623264,0.07749758424241424,0.021962651261117558,0.00941888680969941,1.0,0.2903917981934548
1039,0.96,0.05999999999999994,0.23319451468129085,0.05296563058245609,0.03658923029103528,0.5281912538453657,0.42436505132051044,0.058319441831309715,0.021993668919870125,0.00948528762783014,1.0,0.40920873365626415
1040,0.96,0.05999999999999994,0.23402053846067383,0.053827077636674055,0.036317940094321634,0.5279016116802798,0.4240244668765194,0.05027686489409972,0.022390171181355098,0.009496265740319622,1.0,0.33059492349412495
1041,0.96,0.05999999999999994,0.23376308611208163,0.05331429576681727,0.035208440136832726,0.5279918523081845,0.4241305604486426,0.0391023865265738,0.022954851293217327,0.009597810245994933,1.0,0.32771885033340514
1042,0.96,0.05999999999999994,0.2339475733512384,0.0533700358644659,0.03537852683982037,0.5279271838332112,0.4240545296879388,0.04296343467971989,0.02342178503379173,0.009371195161879587,1.0,0.25919624015617326
1043,0.96,0.05999999999999994,0.23429945569308774,0.05318863781184535,0.035626114161641555,0.5278038821171969,0.42390958772103515,0.04376541852787599,0.02407846092382326,0.009187281370315275,1.0,0.22425172384398134
1044,0.96,0.05999999999999994,0.2340079416015536,0.05345778850509712,0.03612751945582652,0.5279060263368267,0.4240296566828609,0.042132533437337236,0.024719669151022885,0.009164013918961208,1.0,0.17034545195752343
1045,0.96,0.05999999999999994,0.234123214909723,0.05338642587930438,0.036117856695662635,0.5278656307608753,0.4239821697288524,0.06731536181214332,0.024903847852856414,0.009286137066632266,1.0,0.2067570441657348
1046,0.96,0.05999999999999994,0.23387750872995444,0.05344938539095752,0.03583347997012433,0.5279517417810642,0.42408340146337226,0.06258559336647515,0.02505702149368899,0.009289641774840342,1.0,0.2080273008363699
1047,0.96,0.05999999999999994,0.2336806344396468,0.0535981651416345,0.035776651810411786,0.5280207592886599,0.4241645491941,0.06937550421204627,0.02506532054737072,0.009270465963399626,1.0,0.18348693728353893
1048,0.96,0.05999999999999994,0.23371587984716072,0.053599088865173186,0.03608806196942234,0.5280084021076343,0.4241500194446038,0.07654633615675355,0.024877482270307512,0.009310247407491389,1.0,0.2368652584300649
1049,0.96,0.05999999999999994,0.23336492334503553,0.05386229452153934,0.03634042718795493,0.5281314746632327,0.42429474398100914,0.06625803605545116,0.024825867180773346,0.009299644899310205,1.0,0.1756963520616796
1050,0.96,0.05999999999999994,0.23314394725032514,0.05385132502227226,0.03676834398131406,0.528208995451379,0.42438591895384653,0.059232385879886024,0.024985443864853657,0.009351708664069506,1.0,0.22487914253681354
1051,0.96,0.05999999999999994,0.23297831149017337,0.053813008909938904,0.03646776343092761,0.5282671171794436,0.42445428614308495,0.050906091409512716,0.025242743300830598,0.009196622541331925,1.0,0.23723220392525748
1052,0.96,0.05999999999999994,0.23336511247852484,0.053797578517479565,0.03627642992396864,0.5281314083229186,0.42429466596110904,0.06303744196793702,0.025440592053610905,0.009235113998949157,1.0,0.25036534289888246
1053,0.96,0.05999999999999994,0.23404141452429045,0.05354205122531496,0.03600997690027682,0.5278942956817337,0.4240158663831118,0.052381476451599567,0.025781957013510208,0.009280498029330925,1.0,0.2472402924777235
1054,0.96,0.05999999999999994,0.23463146474376242,0.053589198061993616,0.03616466929986386,0.5276875969206337,0.42377292247215864,0.05832329680324219,0.026028719816763416,0.009246386520223518,1.0,0.26811900961501833
1055,0.96,0.05999999999999994,0.23536882131232562,0.05366368802546421,0.036205144981350953,0.5274295231200476,0.423469718526841,0.03643767095312428,0.02664073017038591,0.009403764313282882,1.0,0.2772854749459586
1056,0.96,0.05999999999999994,0.23573062313319437,0.053604659891468724,0.03627104782891741,0.5273029852685921,0.42332110280394947,0.04945170471049493,0.026966547808658533,0.009503523966699257,1.0,0.2448893730402306
1057,0.96,0.05999999999999994,0.23667924961425105,0.05440926019613334,0.03695537221651299,0.5269714973981231,0.42293193457977707,0.04837202827640959,0.027315191557395268,0.009455151034089298,1.0,0.32944355905567346
1058,0.96,0.05999999999999994,0.2378966985539714,0.055326967174082246,0.03696828556542942,0.5265466824360017,0.42243353077524215,0.04086836298665575,0.027758811444452948,0.009446691667500362,1.0,0.3395197332785604
1059,0.96,0.05999999999999994,0.23855682823117413,0.055371773101377496,0.037501484939808025,0.5263166239444668,0.422163775257579,0.02542083229658111,0.028541405159336085,0.009379651914282906,1.0,0.27499005434663976
1060,0.96,0.05999999999999994,0.2390743561524226,0.05544444833664326,0.037481254485110686,0.526136403412777,0.4219525333502926,0.04082226493362602,0.02894138823427601,0.009463497727930703,1.0,0.2724728196196514
1061,0.96,0.05999999999999994,0.2397873811875986,0.05560394687256131,0.03739552791825271,0.5258883063137277,0.42166184046107624,0.04355856091333726,0.02922485334144225,0.00942191076512914,1.0,0.28750248127037825
1062,0.96,0.05999999999999994,0.24033462733705357,0.05540660885010611,0.03747903783863568,0.52569805063132,0.4214390054258326,0.032980125357816366,0.029605661625064592,0.009514359135993107,1.0,0.2474080009286077
1063,0.96,0.05999999999999994,0.24069640171907786,0.055420211857726574,0.037466489351153084,0.5255723516583267,0.4212918225450441,0.02453538582886858,0.030138951398689034,0.009472683077441847,1.0,0.2606878224094003
1064,0.96,0.05999999999999994,0.24134848465271067,0.055438681246712515,0.03761022396636471,0.52534593636212,0.42102679114764113,0.01865887878708953,0.030867086536317517,0.009328411889276939,1.0,0.2751965558286801
1065,0.96,0.05999999999999994,0.2412917084536069,0.0554733796977907,0.038185999598164405,0.5253656423586457,0.421049853908689,0.02436048383799323,0.03123517668255965,0.00931107462867237,1.0,0.20458964906836014
1066,0.96,0.05999999999999994,0.24314694372792028,0.05703022958371683,0.03953276586389915,0.5247224877597004,0.4202975538295994,0.01929294731181038,0.03175750212524026,0.00927596583553044,1.0,0.3821856771979204
1067,0.96,0.05999999999999994,0.24454287969202734,0.058644420456733855,0.03923929658520117,0.5242395957323996,0.41973327015655587,0.04869942103879849,0.03166569358014613,0.00951056218489887,1.0,0.38052191399910645
1068,0.96,0.05999999999999994,0.24501314367540097,0.05855571467412699,0.040371138817293185,0.5240771187745563,0.4195435148820773,0.03950443150000914,0.03175099333107127,0.009591262890448501,1.0,0.2572374941358457
1069,0.96,0.05999999999999994,0.24552648778878938,0.058374632862091845,0.04012449719863772,0.5238998724984113,0.4193365722014664,0.036484248706978264,0.03187187533757493,0.009602319784584873,1.0,0.2503134682511789
1070,0.97,0.06999999999999995,0.2468628525446552,0.05810527342339441,0.04021571672145854,0.4974030034198794,0.3789448287124092,0.0311352612726056,0.032073684368859504,0.009630404061260932,1.0,0.30127398636735936
1071,0.97,0.06999999999999995,0.24749845921229796,0.058041431570174475,0.04041278089635691,0.49720532572805876,0.37871383148075005,0.015409921948353732,0.032560988007335596,0.009693634468369771,1.0,0.27312796290197094
1072,0.97,0.06999999999999995,0.2482147120232497,0.05811739880398146,0.04054741815446555,0.4969827547818408,0.37845386244262746,0.0149784155472441,0.03289851242753336,0.009660512730655543,1.0,0.2898292473833286
1073,0.97,0.06999999999999995,0.24808813690448306,0.058189017037242295,0.04124610925956676,0.49702207268788845,0.37849977781317923,0.024150730964543128,0.033081499955295406,0.009702729299812748,1.0,0.2089186503400812
1074,0.97,0.06999999999999995,0.2487832734442418,0.05814309101028218,0.041896488191958896,0.4968062198016696,0.37824775301097435,0.030847206318447274,0.0330606545312492,0.009740300905520102,1.0,0.2793496385543965
1075,0.97,0.06999999999999995,0.24897624111073288,0.05806553799766656,0.042257807358160024,0.49674633297774085,0.37817785124127284,0.04752300907403225,0.03277101672614383,0.009679549995213789,1.0,0.23517622513512315
1076,0.96,0.05999999999999994,0.24879520059612695,0.058170376575596934,0.042425247478894985,0.5227740650096679,0.41802364066621006,0.04295129944074096,0.03279985268037245,0.009668863796287357,0.0,0.20617822299077737
1077,0.97,0.06999999999999995,0.2489355131597454,0.05815796254419358,0.04256504750193231,0.4967589715493164,0.3781926026283935,0.04243054660558266,0.03287121855620959,0.009662349483182708,1.0,0.25073496100480885
1078,0.97,0.06999999999999995,0.24988005905025673,0.058219754123057736,0.04279743248175745,0.4964660283903992,0.3778507903911166,0.028218329546381107,0.033094234241601385,0.009614840374696244,1.0,0.30044175796076256
1079,0.97,0.06999999999999995,0.2510960199547329,0.059110973602018016,0.043016812988181476,0.4960894163920959,0.3774116671254573,0.030482859424822137,0.03304727701754456,0.009626158084190898,1.0,0.3542839433105062
1080,0.97,0.06999999999999995,0.2531464324164385,0.06085310635461757,0.04336236505809083,0.4954556473527596,0.3766735032212054,0.02051413495024388,0.03310191410572297,0.009692840191116202,1.0,0.4056055838196896
1081,0.97,0.06999999999999995,0.25471877564965245,0.06106298864928541,0.04369452197638304,0.49497074230019494,0.3761094010188792,0.02816680520776245,0.03306371056040117,0.009768308815563021,1.0,0.34068667538236924
1082,0.97,0.06999999999999995,0.2562970184709048,0.062060055804046596,0.04365711735841249,0.4944849714058722,0.37554487880672827,0.018228827106075186,0.03314210164281862,0.009853753698335816,1.0,0.3733120077125961
1083,0.97,0.06999999999999995,0.25844676175191983,0.06306596799209382,0.043429907443603935,0.4938248289554482,0.37477865705961344,0.028432193829873113,0.03302078918542792,0.009649113548438492,1.0,0.3941336641795482
1084,0.97,0.06999999999999995,0.2589502152004326,0.06297768611525525,0.044594129994049436,0.4936704832872696,0.37459966542467493,0.03018205025238161,0.03319324064150827,0.009655389864667999,1.0,0.2728201189623285
1085,0.97,0.06999999999999995,0.25961288981727615,0.06300275031151922,0.0443941788622799,0.4934674715867921,0.37436432672041703,0.03881877223823035,0.03327058510999421,0.009705822448168696,1.0,0.2947977485185226
1086,0.97,0.06999999999999995,0.259950574427565,0.06270112689949678,0.045094441443154665,0.49336408543460253,0.3742445169180422,0.04433853320360805,0.033316112074961726,0.009737082815654934,1.0,0.2205259562616714
1087,0.97,0.06999999999999995,0.26045251185273005,0.06235272055585639,0.045041561607834686,0.4932104913612275,0.3740665721989707,0.0489798655476779,0.03331151721915642,0.009780335579878657,1.0,0.2418970344995437
1088,0.97,0.06999999999999995,0.2606475394365706,0.06225101759068474,0.04501365561983204,0.49315083824111683,0.3739974774898976,0.03694802404307692,0.03339034420437292,0.009831125668331398,1.0,0.23781223230164686
1089,0.97,0.06999999999999995,0.2606885114253785,0.062228989580767044,0.04482851210814686,0.49313830796608465,0.37398296510734125,0.04600513510569651,0.0334288960132175,0.009693656527525114,1.0,0.2292541678085408
1090,0.97,0.06999999999999995,0.2598110424191051,0.06295905444578395,0.045244056844505574,0.4934067995630514,0.37429401328829737,0.06127149719182889,0.03321956457684635,0.009759586950466359,1.0,0.16429734045034378
1091,0.96,0.05999999999999994,0.2590080299550613,0.06386240227752064,0.04496858237412833,0.5192875378582547,0.4139739517358417,0.06907556446320509,0.03288550564930987,0.009776402406173699,0.0,0.14792509621462316
1092,0.97,0.06999999999999995,0.26086761409360426,0.06437352892806122,0.04721679714364278,0.49308354129486276,0.37391953970715935,0.06935675864561955,0.032626115591992196,0.009481277821867085,1.0,0.3705405396702308
1093,0.97,0.06999999999999995,0.26281090245538086,0.0649704431172763,0.047152163689042556,0.49249009653459336,0.3732327459650208,0.06764747103305933,0.031836639118689225,0.009498193317236404,1.0,0.3788687807199188
1094,0.97,0.06999999999999995,0.2638166257120062,0.06475708115309398,0.04763606709313134,0.4921835276235717,0.3728782947120134,0.08541850661620574,0.03107786469112016,0.009662649514972541,1.0,0.29983922325990614
1095,0.97,0.06999999999999995,0.26592387574778387,0.06503749765281602,0.048318552423984744,0.49154242258225955,0.37213780650517975,0.10787017125710997,0.030490942581856213,0.00975513571791304,1.0,0.3788687807199188
1096,0.97,0.06999999999999995,0.26739449743898425,0.06473104427359765,0.048817750702925676,0.49109599254771574,0.3716227697113651,0.09868488005936646,0.030070582208069685,0.009620558303389178,1.0,0.32666945596770214
1097,0.97,0.06999999999999995,0.2693082179502432,0.06501779223230848,0.04928107101825962,0.49051626577521645,0.37095468295203765,0.06968435071471342,0.028882735551021242,0.009751217738371879,1.0,0.37375803311063127
1098,0.97,0.06999999999999995,0.2709768375156188,0.06487531787521265,0.049394125601833164,0.4900119037067694,0.370374119088385,0.04085316743422401,0.028145076676096965,0.009937303484738255,1.0,0.3480280725974274
1099,0.97,0.06999999999999995,0.2715365447045069,0.06446362500013259,0.050269319608731745,0.4898429571187269,0.3701797866068354,0.032590434389529375,0.027678158118556485,0.009803246193317851,1.0,0.2516743916881096
1100,0.97,0.06999999999999995,0.2732311267979461,0.06441995910318563,0.05115211249118282,0.48933216018373615,0.3695926626067365,0.028633623161643376,0.027608350514174648,0.009628094041616058,1.0,0.3554524079168539
1101,0.98,0.07999999999999996,0.2741673257443845,0.06358212440127095,0.05143775997815389,0.46624851565175524,0.33412849408063855,0.024245028837338672,0.02718310478605928,0.009628284510590125,1.0,0.26323257235069303
1102,0.98,0.07999999999999996,0.2747769021587196,0.0634819559616507,0.0515981046128698,0.4660819317897548,0.33393813731545,0.02912585494863415,0.026753840674524135,0.009651284654719912,1.0,0.2945110534963702
1103,0.98,0.07999999999999996,0.27499696300171894,0.06343019332582744,0.051601243397590355,0.46602182322805896,0.33386947062302635,0.02566423782263847,0.02638565367750764,0.009584178731755572,1.0,0.27096385867161277
1104,0.98,0.07999999999999996,0.27492091055758994,0.06349375642606506,0.052109859264959514,0.466042594834424,0.33389319845640414,0.038652364123286265,0.026054324796421207,0.009706799388969282,1.0,0.21811607482135006
1105,0.98,0.07999999999999996,0.2750179364148151,0.06342969297152658,0.051922987773295286,0.46601609525028737,0.3338629276573181,0.02860102355522459,0.02580928576147861,0.009684128402569341,1.0,0.23791871793747854
1106,0.97,0.06999999999999995,0.2752514261319121,0.06315838045334699,0.05214999848529548,0.48872457286922694,0.36889511613534515,0.033248969047506745,0.025689427981775623,0.009667781216456338,0.0,0.21326218313378553
1107,0.97,0.06999999999999995,0.2754018043981032,0.06297785434605585,0.052123370696155906,0.48867940825239353,0.36884330047258185,0.022241099113987077,0.02558309591505407,0.009771534841027607,1.0,0.20713351235885866
1108,0.97,0.06999999999999995,0.2757773239942447,0.06264333312065423,0.05212116597304165,0.4885666611174894,0.36871397166347947,0.05231766355701441,0.025229085526747855,0.010039761466341217,1.0,0.23841246725364418
1109,0.97,0.06999999999999995,0.275521373006761,0.06287208713103008,0.052170889014799146,0.4886435029667945,0.36880211124451145,0.05209305558706967,0.0247980043961617,0.009888886641889074,1.0,0.20676263137421708
1110,0.97,0.06999999999999995,0.2755614072623464,0.06282883057573685,0.0516619565564423,0.4886314822497917,0.36878832222152014,0.037043678031046155,0.024654984555333836,0.009904721731134066,1.0,0.2096339009357035
1111,0.97,0.06999999999999995,0.27517807025876934,0.06304596963077724,0.051418610360815985,0.4887466076058746,0.3689203975658164,0.041195468399193635,0.024617615088639282,0.009713631188164642,1.0,0.22055235795826705
1112,0.96,0.05999999999999994,0.2742230262827788,0.06347708711655449,0.05072395938669481,0.5141787377804353,0.408084208162812,0.0573177218074834,0.02425541023859463,0.009623561601966169,0.0,0.19839139110648288
1113,0.96,0.05999999999999994,0.27393741251312664,0.06386017099810824,0.050932585245093184,0.5142737135067297,0.4081932257219786,0.04191455273771153,0.02421983484294846,0.009775744848295536,1.0,0.17440299845054902
1114,0.96,0.05999999999999994,0.2736839898384363,0.06417758046351262,0.05038546284071691,0.5143580140453299,0.40829000485840944,0.05614180273963373,0.02415397947452182,0.00978930535117396,1.0,0.18095654062121824
1115,0.96,0.05999999999999994,0.2727363390039424,0.06496385973652895,0.05018440741567686,0.5146734932256564,0.4086523085718385,0.04399802941028989,0.02416536486969571,0.009903273108255955,1.0,0.17225238484478048
1116,0.96,0.05999999999999994,0.2720361705092524,0.06570316974880928,0.050059122761552825,0.5149068326184487,0.40892040871067786,0.03238081452149579,0.024248140136055224,0.009877549931357666,1.0,0.16839197596977284
1117,0.96,0.05999999999999994,0.2711721447675098,0.06648924338673097,0.04999869191181753,0.5151950711772625,0.4092517363982365,0.04198031989856507,0.024196268309249355,0.009898749665770598,1.0,0.16826984089780286
1118,0.96,0.05999999999999994,0.2704226817026563,0.067158839952964,0.04958753722780111,0.5154453531703909,0.4095395679269054,0.05173076098485448,0.024046323562640456,0.009902679909022778,1.0,0.17362131939094128
1119,0.96,0.05999999999999994,0.2696398776792657,0.0673281987578087,0.049479812952247244,0.5157070290969391,0.40984063666717785,0.03114392918346012,0.023855684028774193,0.009867801688677291,1.0,0.21634301574800216
1120,0.96,0.05999999999999994,0.2689253663475133,0.06800159406510092,0.04860626032334409,0.515946108165098,0.41011582650895895,0.027077402376450285,0.02317703255833257,0.009833143330147601,1.0,0.16978588527492572
1121,0.96,0.05999999999999994,0.26759547135030376,0.06722425200994138,0.048534038827373616,0.5163916884619637,0.41062901303316734,0.02851585743519463,0.02220767214580401,0.009664530019252842,1.0,0.24128635946370425
1122,0.96,0.05999999999999994,0.26702929948166604,0.06722421429520549,0.047867273806058395,0.5165816175661959,0.41084788024205177,0.03257627749934358,0.021644705226675928,0.00961475958879405,1.0,0.23900827003103065
1123,0.96,0.05999999999999994,0.26697686213776284,0.06725719185964231,0.04800656384376578,0.5165992153678022,0.41086816295093037,0.03217160734003781,0.02079734195766769,0.009370777512991119,1.0,0.22209389596159956
1124,0.96,0.05999999999999994,0.2664770691160864,0.06775695949462837,0.048177439479417807,0.5167670044692423,0.4110615829155735,0.034089980048709334,0.020489335954243133,0.009301461124240856,1.0,0.17423366784787592
1125,0.96,0.05999999999999994,0.26645215522432353,0.06778432550271257,0.04734755934487706,0.5167753713426697,0.411071229360217,0.04112087092499994,0.02027927870476836,0.009323237896556329,1.0,0.19077804065506426
1126,0.96,0.05999999999999994,0.26544308505705816,0.06814701991044478,0.04616624703051627,0.5171144769041397,0.41146231353546214,0.04195051099511588,0.019977672895906996,0.00927857012584374,1.0,0.1910649192315397
1127,0.96,0.05999999999999994,0.26316999565756516,0.06709663617038514,0.044498875269835314,0.5178799984044528,0.4123460242545309,0.04454181835791117,0.01974693611384055,0.009292085001295105,1.0,0.18189979370696172
1128,0.96,0.05999999999999994,0.26252686442302114,0.067669597674341,0.04391190995941509,0.5180970009659949,0.41259674423274834,0.0566871291102297,0.01951331601767162,0.009391978241123537,1.0,0.17066068036986737
1129,0.96,0.05999999999999994,0.2613508985688867,0.06795425433613353,0.043294977523805483,0.5184942609176388,0.4130559751810359,0.04624165402740593,0.019282865685411998,0.009490306224194597,1.0,0.18672589747952711
1130,0.96,0.05999999999999994,0.2606127107384473,0.06871808758930573,0.043237818714965875,0.5187439438845556,0.4133447703796183,0.06437441074708194,0.019143854499219327,0.009596173718807338,1.0,0.1533621716140138
1131,0.96,0.05999999999999994,0.2601679627407527,0.06882430487316468,0.043751139223216474,0.5188944905506712,0.4135189605352924,0.0878751174918564,0.019238638493570062,0.00983243017934435,1.0,0.22172860282913393
1132,0.96,0.05999999999999994,0.25902966195964505,0.06936405888027093,0.0430071992967886,0.5192802023286569,0.4139654572789647,0.10150016292167478,0.019672903880789523,0.009825622672337268,1.0,0.1699210253861321
1133,0.96,0.05999999999999994,0.2567169492669847,0.0681633767770985,0.04263268446486668,0.5200656308085793,0.41487559141372515,0.09804790363551424,0.020213479938079752,0.009779654587522385,1.0,0.17793746439023017
1134,0.96,0.05999999999999994,0.25494497976751146,0.0676496884818684,0.04155382862853102,0.5206690250760453,0.4155756363786404,0.11032919931822241,0.02113886999583654,0.009613896913683459,1.0,0.18691837634456704
1135,0.96,0.05999999999999994,0.254204697585217,0.06812144620799586,0.041303540516213856,0.5209215221683858,0.41586879687077954,0.10778555283704944,0.021578075097879665,0.009550660330082065,1.0,0.1742994683108882
1136,0.96,0.05999999999999994,0.2530421217885151,0.06856419141398958,0.04010503864070698,0.5213185507747629,0.4163300263723293,0.09691360909613947,0.02188627971542235,0.009543956536782462,1.0,0.1694675380232093
1137,0.95,0.04999999999999993,0.2508891042761173,0.06698882295061223,0.039151730650105694,0.5508107998853619,0.4610628312781853,0.08254097930334514,0.022058097703200837,0.009605274518949164,0.0,0.19390698241649135
1138,0.95,0.04999999999999993,0.2503563576049666,0.06688430776709267,0.0383880257329247,0.5510141343388723,0.4612977591179656,0.07111738936762003,0.021980754876654962,0.009526945706066544,1.0,0.23711713107838167
1139,0.95,0.04999999999999993,0.24819185024934376,0.06518941992227546,0.038042018892745506,0.551841812412976,0.4622547196968344,0.059070858763266176,0.021984552007700085,0.00956738968250234,1.0,0.19275799809398314
1140,0.95,0.04999999999999993,0.24709377621145034,0.06471523786353706,0.038296094129614947,0.5522626523462488,0.4627417140340721,0.08309439511114819,0.02226535373958007,0.009697178146950381,1.0,0.22078751970477778
1141,0.95,0.04999999999999993,0.24561120229087277,0.06454921583432438,0.03802138151599777,0.5528318723396473,0.46340086384079493,0.06908761712702252,0.022346366194316993,0.009799660266455226,1.0,0.17946145827564622
1142,0.95,0.04999999999999993,0.2447972056610548,0.06488513986708923,0.037685223584574316,0.5531448977783158,0.46376356450758754,0.0744850246968585,0.02249186290296941,0.009846078687886334,1.0,0.1777965771743764
1143,0.95,0.04999999999999993,0.24429165605167666,0.06523923172855917,0.03718212805307683,0.5533394872751733,0.46398911328535036,0.06844844170892893,0.022573470965072985,0.009890560484829676,1.0,0.17369676290617
1144,0.95,0.04999999999999993,0.2453021941012497,0.06486758804386995,0.03780122807126316,0.5529506608637237,0.4635384849039019,0.06940756875663734,0.022656125094180312,0.009645876633040812,1.0,0.27139925691482836
1145,0.95,0.04999999999999993,0.24591714494129188,0.06479070552938607,0.03782018637504336,0.5527143125363488,0.4632646885395333,0.07098855214106305,0.022688657576476184,0.009614070723331291,1.0,0.26825212816995303
1146,0.95,0.04999999999999993,0.246118806848587,0.06470378452221731,0.03797693660788416,0.552636850401175,0.4631749724293365,0.06564624847499441,0.022708897600805317,0.009599448428588842,1.0,0.22819349156588287
1147,0.95,0.04999999999999993,0.24687101997316263,0.06440785151504475,0.037745991527365935,0.5523481026199204,0.4628406313415325,0.07653754985437936,0.022783835990738275,0.00963702892792902,1.0,0.2587082497411044
1148,0.95,0.04999999999999993,0.24681955307585107,0.06441788185820879,0.03740074682710137,0.5523678493090111,0.46286349178626107,0.0830810575807917,0.022871400703759648,0.009599202742324071,1.0,0.2317185686989108
1149,0.95,0.04999999999999993,0.24762290351306937,0.06402563247956908,0.037149535075681805,0.5520597827350152,0.46250691876707956,0.10051836981143161,0.02337456182678059,0.009704371045910685,1.0,0.2560313957835083
1150,0.95,0.04999999999999993,0.24882921351672457,0.06471841129310107,0.03792858240629173,0.5515978352208363,0.4619725198264455,0.08291008657729715,0.023589866302162286,0.0097981285081709,1.0,0.34551014290233384
1151,0.95,0.04999999999999993,0.24870234106148645,0.06475344784514173,0.03901779498737522,0.5516463837095229,0.4620286665854137,0.06942128672719848,0.023670055935490267,0.00981184011717771,1.0,0.2245449584014432
1152,0.95,0.04999999999999993,0.24802926154472427,0.0650816480310687,0.039405295156644114,0.5519040845291353,0.46232676290466146,0.07225807096370437,0.023738438049549393,0.009732858488088502,1.0,0.18305739122266307
1153,0.95,0.04999999999999993,0.24838642750743894,0.06517427797539793,0.04020348485754544,0.5517673070235964,0.4621685318387408,0.07154485834060367,0.023833128355677385,0.009680044268608278,1.0,0.282956888749189
1154,0.95,0.04999999999999993,0.24798176521845441,0.06517612945835674,0.040669521652511906,0.5519222784622625,0.46234781280984155,0.06342812960697447,0.02385570248445803,0.009540964499754861,1.0,0.2276527807165693
1155,0.95,0.04999999999999993,0.2471504805346057,0.06532702954638439,0.04068062945301451,0.5522409045398197,0.4627165406194486,0.0638608246429999,0.02385173802362161,0.009413880270246321,1.0,0.19415700656108292
1156,0.95,0.04999999999999993,0.24682489489126497,0.06541855816765166,0.04001012052503105,0.5523657997091066,0.46286111896629584,0.0579307289226212,0.0238624628902428,0.009462874404451305,1.0,0.21233080870616292
1157,0.95,0.04999999999999993,0.24571619509754788,0.06494675872534476,0.03997139928013118,0.5527915227581071,0.4633541224426989,0.06303957103724825,0.023892663813486304,0.009438684271369216,1.0,0.21857357968396263
1158,0.95,0.04999999999999993,0.24432950362725292,0.06440727246604251,0.03949860447713091,0.5533249147439063,0.4639722201556378,0.07530934095455341,0.023994130514774187,0.009406585677704879,1.0,0.2008505862490686
1159,0.95,0.04999999999999993,0.24359090286694635,0.06447489830623188,0.039476000005817004,0.5536094384806365,0.46430211435019214,0.06331541347455195,0.023882870608985602,0.009372166433694339,1.0,0.20112997831598087
1160,0.95,0.04999999999999993,0.24262931723457068,0.06475343763183496,0.03957484909958639,0.5539802991806886,0.4647323077818164,0.057482683223032544,0.023865306843251194,0.009403443547550988,1.0,0.1763142563820853
1161,0.95,0.04999999999999993,0.2419763095227014,0.06462676016095452,0.03963336398200653,0.5542324321325831,0.46502490464821417,0.04150798505629012,0.023873218261978243,0.00945795125069464,1.0,0.22220171008344963
1162,0.95,0.04999999999999993,0.2428388604106341,0.06526594639461601,0.04062509689268967,0.553899441028674,0.46463849460173284,0.061760539332570745,0.023818837788946834,0.009577222106728303,1.0,0.33366308972187386
1163,0.95,0.04999999999999993,0.2428314707413458,0.06526396685037063,0.041223132254528304,0.5539022921397273,0.4646418023370662,0.1032587818387577,0.02419540228191993,0.009937037616469798,1.0,0.25994885548057
1164,0.95,0.04999999999999993,0.24235298331855262,0.0652002980660809,0.04083923462999186,0.5540869665264503,0.4648560813344486,0.10666049976450542,0.024535358654817926,0.009913806433387413,1.0,0.22734781354935787
1165,0.95,0.04999999999999993,0.24247371497324066,0.06514141114035364,0.0391532646389073,0.5540403579830623,0.4648019959480364,0.10634291125242118,0.02490858123101359,0.009865827160517732,1.0,0.21666281453716887
1166,0.95,0.04999999999999993,0.24086427381168415,0.0636406070384535,0.03918270891472836,0.5546623291012207,0.46552402965918355,0.10857368477049742,0.025228398130059025,0.00959132513820549,1.0,0.2212415610422675
1167,0.94,0.039999999999999925,0.2394217715222886,0.062074265242975005,0.03808923117891042,0.5878602059535883,0.5152009303193306,0.10467484062637168,0.025690272050001434,0.009537828720077576,0.0,0.23627168505955204
1168,0.93,0.030000000000000027,0.2390949950870464,0.06206562969813245,0.038137592881569614,0.6247369236904582,0.5695649778299222,0.08372895788173323,0.025783680352089645,0.00971889639635644,0.0,0.22455985061162553
1169,0.93,0.030000000000000027,0.23901753645494103,0.06205641335739254,0.03780473668270935,0.6247749439996213,0.5696076360066658,0.07936412080097754,0.025805423585681362,0.009708955483693642,1.0,0.2425676050406398
1170,0.93,0.030000000000000027,0.2385191343430688,0.06175380966711515,0.037609990689518494,0.6250196937298076,0.5698822699473012,0.07445679357964514,0.025733956625506565,0.009599682634169202,1.0,0.2514337751801339
1171,0.93,0.030000000000000027,0.237929626980196,0.06170196969342045,0.03781761961966074,0.6253094300602974,0.5702074475695181,0.08181045123360266,0.025501048894000355,0.009669603353894936,1.0,0.21417722661469296
1172,0.93,0.030000000000000027,0.23772505093295687,0.061563313021705576,0.03755786021563527,0.6254100397134362,0.5703203803305668,0.060932964965594416,0.02513436088303889,0.009787837402892002,1.0,0.2693716426594181
1173,0.93,0.030000000000000027,0.2381211376088627,0.061504092775403155,0.03705698482689224,0.6252152752566369,0.5701017678768847,0.04672991723733355,0.02492634347644276,0.009863661366269342,1.0,0.2485273179306628
1174,0.93,0.030000000000000027,0.2385247501237212,0.061904454679604724,0.03732981471265295,0.6250169349269662,0.5698791740150074,0.0651717096180451,0.024777518828929798,0.009881499645311024,1.0,0.3197108900402475
1175,0.93,0.030000000000000027,0.2398277896212012,0.06317854279587058,0.037499221608597706,0.6243774627911842,0.5691617276464522,0.06946219485427191,0.024772440193180756,0.009878658994835626,1.0,0.3654801748831228
1176,0.94,0.039999999999999925,0.24159877744508196,0.06467492337535487,0.037228919512453267,0.586915635418337,0.5141191405830738,0.07392924629114943,0.02476130294293134,0.009918520596873193,1.0,0.38327700537885523
1177,0.94,0.039999999999999925,0.2416733584910666,0.064689714458869,0.037990304793459585,0.586883329583783,0.5140821605231253,0.060573199028348554,0.024702070626355956,0.009909872417111571,1.0,0.25819306560327615
1178,0.94,0.039999999999999925,0.24207713184313634,0.06517942653271527,0.0382810506744163,0.5867084911761957,0.5138820469867899,0.08632332842453642,0.024638791964240618,0.01014710069506861,1.0,0.3408190931677338
1179,0.94,0.039999999999999925,0.24102762657704524,0.06420186160176959,0.03868674800731687,0.587163155453476,0.5144025149297469,0.06702259084912349,0.024464991795410826,0.010241363453662899,1.0,0.24933341670139417
1180,0.94,0.039999999999999925,0.23950750321331474,0.062050690296471187,0.03807403005083123,0.5878229507421178,0.5151582427411533,0.08058252578116445,0.0242091528134622,0.010301032793809591,1.0,0.25359324744663675
1181,0.94,0.039999999999999925,0.23855501949846902,0.06121568782755755,0.03782685440657472,0.5882371235369737,0.515632901684293,0.08569754458350885,0.02410031545091454,0.010252316033210166,1.0,0.245438303897804
1182,0.94,0.039999999999999925,0.23745743177205017,0.05975625813650257,0.037799513747038896,0.5887151169377992,0.5161809573559785,0.06273133512263718,0.023699382891353902,0.01038123363661495,1.0,0.2635532350707097
1183,0.94,0.039999999999999925,0.23522882938420225,0.058001487281453615,0.03750624369106654,0.5896880549055925,0.5172973517833611,0.08883733470491308,0.02359972562016332,0.01062725528469341,1.0,0.17127342539475357
1184,0.94,0.039999999999999925,0.23464088873069097,0.057915381196465505,0.03771609216238224,0.589945267710192,0.5175926798389808,0.09587632206365089,0.023595889033148514,0.010611116551086227,1.0,0.21402605361120172
1185,0.94,0.039999999999999925,0.2338799073757663,0.05761913789206631,0.03701307970943274,0.590278515867257,0.5179754289009265,0.10735409492565792,0.023862997833860467,0.010671298489436019,1.0,0.21869961302605212
1186,0.93,0.030000000000000027,0.2331732438149733,0.05820890411390641,0.03749256389737021,0.6276570037448276,0.5728447506547321,0.0888436000552766,0.023903764477899013,0.010811391040206845,0.0,0.14985960018236982
1187,0.93,0.030000000000000027,0.2327374056634148,0.0583050403573301,0.03794073376568771,0.6278729991299679,0.5730876333675996,0.07795853658759834,0.023887980302477664,0.01079980742367227,1.0,0.19831321934369966
1188,0.93,0.030000000000000027,0.23215795901478986,0.058539188856148394,0.03804060838600535,0.6281603952201281,0.5734108649559789,0.10077747985189608,0.023984724233886093,0.010938815829749827,1.0,0.17986756743914814
1189,0.93,0.030000000000000027,0.2315144610437519,0.058920019294541603,0.037535622218088247,0.628479868209536,0.5737702537365361,0.09297107899719688,0.02405705384147413,0.010863462685997978,1.0,0.16490437070474442
1190,0.93,0.030000000000000027,0.2321025036727372,0.05853844231163745,0.037958096848476286,0.6281879139609475,0.5734418186192238,0.0895559399889518,0.024165548113536585,0.010819130077279481,1.0,0.22310160334888143
1191,0.94,0.039999999999999925,0.2334025923526506,0.0580965219800605,0.03626331823636989,0.5904877333643671,0.5182157919698392,0.07892425369560789,0.024196682084380555,0.010923680502642405,1.0,0.2779339642059563
1192,0.94,0.039999999999999925,0.23244308469651773,0.056596650825469455,0.03621297428787814,0.5909087553656144,0.5186996499156312,0.07675691300228743,0.024216904176102554,0.010928307301437963,1.0,0.27458977405695184
1193,0.94,0.039999999999999925,0.23082626861433378,0.05466707761007664,0.03599452018783184,0.5916195573134181,0.5195170208509696,0.07416149053397227,0.024228717770643664,0.01077501828007603,1.0,0.21718717250152286
1194,0.94,0.039999999999999925,0.23157741637650897,0.05610726602155759,0.03678984614253776,0.5912891171506153,0.519136962792768,0.07302508397149807,0.024163464184395408,0.01055971264292017,1.0,0.3749539994774217
1195,0.94,0.039999999999999925,0.23030027784735277,0.05415975948088025,0.0375130759094156,0.5918511677864904,0.5197834877176075,0.05647140624426156,0.02382052800061677,0.010634140789682727,1.0,0.25115492780429893
1196,0.94,0.039999999999999925,0.2303087302418389,0.05417486244099411,0.037808744500012446,0.5918474444945909,0.5197792035744874,0.04259463180345967,0.02370216821164553,0.010481375588633728,1.0,0.3275146954163154
1197,0.94,0.039999999999999925,0.2292601357638163,0.05237299795053198,0.0381409278292523,0.592309709733622,0.5203112291363577,0.027744190306034158,0.023990977689705595,0.010340155974663383,1.0,0.2688985853083664
1198,0.94,0.039999999999999925,0.22824953301564588,0.05102927572634772,0.03738918143146101,0.5927559104486533,0.5208250104910621,0.03929143774619364,0.024007145966078804,0.010373332887748887,1.0,0.24696779778038522
1199,0.94,0.039999999999999925,0.22841878890222375,0.051134652434134585,0.03655942553587283,0.5926811338304816,0.5207388915933806,0.022697113716378982,0.024160030060575197,0.010500984532212813,1.0,0.2685999803458989
1200,0.94,0.039999999999999925,0.2274547996207265,0.049616860475741965,0.03572434134408099,0.5931072731417654,0.5212297590692128,0.021167441910706325,0.02428293846137138,0.010472106526974107,1.0,0.2590534797671299
1201,0.94,0.039999999999999925,0.2273840854619779,0.04957083721303034,0.03543761247686502,0.5931385570373021,0.5212658034568781,0.03131090685227707,0.024175053193735935,0.010525264494956688,1.0,0.25616115647583326
1202,0.94,0.039999999999999925,0.226515056275971,0.049146345480693944,0.035690196585505395,0.5935232846183912,0.5217091720275592,0.03471304244812738,0.024098860190579326,0.010524663671419862,1.0,0.20760813489567964
1203,0.93,0.030000000000000027,0.22586667135737695,0.04898309203312182,0.03517135804240643,0.6312977917084117,0.5769439367335593,0.04348904553124322,0.02387312831588377,0.010482116972252873,0.0,0.20612536681221408
1204,0.93,0.030000000000000027,0.22596971537436386,0.04897751717673417,0.035196534472625544,0.6312461523501516,0.5768857184270726,0.039551376014110746,0.0238633563301189,0.010420362719213183,1.0,0.22842047652003544
1205,0.93,0.030000000000000027,0.22556391423549016,0.04904489915339883,0.03526143687329452,0.6314495639497388,0.577115057916565,0.025007800161421827,0.023920848921474062,0.010520318581439515,1.0,0.19733860405011372
1206,0.94,0.039999999999999925,0.22545318102236908,0.04908503311596185,0.035248523610634304,0.5939940650567891,0.5222519533309149,0.02711318859446054,0.024009953168351465,0.0104303945258791,1.0,0.20218886182167944
1207,0.94,0.039999999999999925,0.22572504855757677,0.04905809528892883,0.03525713420824199,0.5938734619720769,0.5221128797413495,0.03538907319104982,0.023810874057269255,0.010210185638541343,1.0,0.23432026587962512
1208,0.94,0.039999999999999925,0.22649575266117472,0.049850353071957676,0.035757263257276205,0.5935318361807074,0.5217190290700032,0.04020175320134765,0.02390616363622247,0.010256529800565111,1.0,0.3154828776134393
1209,0.94,0.039999999999999925,0.22637762467960765,0.049910933038333556,0.03694576603338172,0.5935841726181003,0.5217793571062355,0.024151230390520743,0.024216244276824048,0.01026664237889646,1.0,0.19494983321750745
1210,0.93,0.030000000000000027,0.2275927802383859,0.050956770688141584,0.03821123236240651,0.6304338846016823,0.5759702589839725,0.02326868492420414,0.02441147126977744,0.01023361970312039,0.0,0.33114945681352614
1211,0.93,0.030000000000000027,0.22833959086019623,0.05139349802321519,0.038350172461623096,0.6300608427437647,0.5755500096858055,0.039595055954200556,0.02442729426768657,0.010235681497279043,1.0,0.29523342013930043
1212,0.94,0.039999999999999925,0.2290790818764127,0.05148918953592291,0.03833910715612041,0.5923895991360597,0.5204032007584968,0.05579255067870117,0.024432268451901686,0.01024370498874095,1.0,0.2723404927281328
1213,0.94,0.039999999999999925,0.23091483068006635,0.05276382210314805,0.03913793386235381,0.5915805784465638,0.519472182188473,0.04867924160991681,0.024378906302229067,0.010171846999517335,1.0,0.3579778788159095
1214,0.94,0.039999999999999925,0.23228815270309458,0.0532308050615982,0.03945091345947931,0.5909767942216909,0.518777863346049,0.07384108885068696,0.02438123143199067,0.010303342695592348,1.0,0.3182887429240471
1215,0.94,0.039999999999999925,0.23305821364703452,0.05291278294752968,0.04010919482119919,0.5906387741254546,0.5183893504499998,0.07308470001568412,0.024305193885083256,0.010193637381917689,1.0,0.24925847923877154
1216,0.94,0.039999999999999925,0.23507258616272003,0.05423053366947111,0.041325847480063696,0.5897563864457674,0.5173758013206882,0.07439820276444925,0.024099099344758186,0.010109940385672192,1.0,0.3698292275383275
1217,0.94,0.039999999999999925,0.23605294335677823,0.05389915213466038,0.04231748575018058,0.5893278980794849,0.5168839584950939,0.09514836184343635,0.024161406333589014,0.010221048648224694,1.0,0.26630556030361807
1218,0.94,0.039999999999999925,0.236818005536917,0.053549389781414325,0.04204936783646077,0.5889939418078004,0.5165007778164891,0.08412939052386227,0.02418507141124841,0.010124403592852774,1.0,0.25012753740481797
1219,0.94,0.039999999999999925,0.237124991361453,0.053519116884217614,0.04161026489434092,0.5888600462156706,0.5163471839231684,0.08243469400024322,0.02397647476987447,0.01010044571120236,1.0,0.24704159820160665
1220,0.94,0.039999999999999925,0.2390753157814273,0.05457290935068994,0.042077701812340634,0.5880108084516038,0.515373509867401,0.08207694723364811,0.02368714089146323,0.010089529465827115,1.0,0.3648183272723562
1221,0.94,0.039999999999999925,0.23916206648365304,0.054583249233919086,0.04321486149065788,0.5879730911338337,0.5153302860029676,0.08741949390029337,0.023444281825985496,0.010102480239589706,1.0,0.24996142968627497
1222,0.94,0.039999999999999925,0.24080354166951193,0.05696995549062741,0.04459142699430646,0.5872603243129736,0.5145137791516025,0.09090445089806747,0.023281262235558372,0.010133594248059083,1.0,0.4031557886169158
1223,0.94,0.039999999999999925,0.24136046507973133,0.05705648389114916,0.04537434945410092,0.5870188876324803,0.514237340397218,0.07843361324615279,0.023011636425724947,0.010240184803041336,1.0,0.2777862369835413
1224,0.94,0.039999999999999925,0.2434459397042683,0.0583612125136481,0.04626778905522055,0.5861165563455841,0.5132048118374922,0.055461075436677776,0.02278432178419334,0.010401211539740166,1.0,0.3827811303015741
1225,0.94,0.039999999999999925,0.24425756228999312,0.0581872202823385,0.047384495646104904,0.585766137530174,0.5128040935509444,0.059696910339819616,0.022629525731186047,0.010435617548154572,1.0,0.27194029922754803
1226,0.94,0.039999999999999925,0.24526258768379472,0.05812770611582283,0.04749017275579758,0.5853327971121131,0.5123087538588499,0.08269311478365933,0.02249761018146706,0.01064172761968027,1.0,0.291567458611702
1227,0.94,0.039999999999999925,0.24715501500087125,0.05910632866083535,0.048180434912017935,0.5845185702565082,0.5113786393840136,0.07556787314226802,0.02236022861297355,0.010591019850883029,1.0,0.37114252541461135
1228,0.94,0.039999999999999925,0.24800140566103124,0.05860879835656091,0.04918828907281677,0.584155138879944,0.510963736590128,0.04375728779446447,0.022474744444140167,0.010806829045478781,1.0,0.2552997463858674
1229,0.94,0.039999999999999925,0.24897704295465814,0.05839230127000676,0.04914410881615857,0.5837367706598517,0.5104863113145283,0.06116406294068448,0.022365697276978923,0.010799495898272156,1.0,0.2842896268422178
1230,0.94,0.039999999999999925,0.25026800454741244,0.05768693262755532,0.048472036742801546,0.5831841067633029,0.5098559526141172,0.04615534036048044,0.022485977857897865,0.01071371828044821,1.0,0.282458330889443
1231,0.94,0.039999999999999925,0.25061919876110916,0.057618979951767,0.04820741784631295,0.583033940660115,0.509684738599661,0.047158272617139785,0.02252684279605096,0.010586222187790038,1.0,0.25684802419881136
1232,0.94,0.039999999999999925,0.25276732624901366,0.05856686469759133,0.04941821896725908,0.5821171096458212,0.5086399822669314,0.034956866614418144,0.022556678861117153,0.010674597407149242,1.0,0.38473377417657645
1233,0.94,0.039999999999999925,0.25492980776369356,0.05974443537524245,0.049422975833191454,0.5811970600928288,0.5075925619751903,0.033736363560076046,0.022633323682944267,0.010562872229084941,1.0,0.3941856158582189
1234,0.94,0.039999999999999925,0.25830006157842456,0.06508047674019037,0.05060620041830028,0.5797689358167505,0.505968717769934,0.023414623674331406,0.022670040159940293,0.01064143882913112,1.0,0.5239437578176701
1235,0.94,0.039999999999999925,0.25946930269588575,0.0646094413529231,0.052908101907926414,0.5792751155204989,0.5054077828124599,0.024754566217664177,0.022695994112091746,0.010545155988751552,1.0,0.29122358005700316
1236,0.94,0.039999999999999925,0.26093605760389793,0.06421327337760943,0.052912950436958164,0.5786568307508476,0.5047058740413982,0.019142792039346095,0.02297346159558721,0.010456662497696235,1.0,0.31614302882442863
1237,0.95,0.04999999999999993,0.26222303114793183,0.06414662091158331,0.05254175002618607,0.5465202382612275,0.4561209442123126,0.016711876677181433,0.02342268750906218,0.010365827400993606,1.0,0.3226043368198819
1238,0.95,0.04999999999999993,0.26384190127440804,0.06552065246382945,0.0528653931971126,0.5459128496889192,0.4554237079896994,0.015581008674362806,0.023927057992795008,0.01025556818279628,1.0,0.39900414372600707
1239,0.95,0.04999999999999993,0.2664239051788174,0.06771916818934652,0.053107057067800605,0.5449468890480044,0.4543160571044447,0.02830340066824358,0.024192173924742284,0.01014141520952354,1.0,0.45095838853491316
1240,0.95,0.04999999999999993,0.2669686494998903,0.0675688042499882,0.054464333585918935,0.5447435297605417,0.45408305578669994,0.03682590790719302,0.024269954314280008,0.01008601853532984,1.0,0.2752619518120665
1241,0.95,0.04999999999999993,0.2674291831380279,0.06712630132408297,0.05495001286492285,0.5445717256428338,0.45388625992013515,0.043675706733665054,0.024346201195075336,0.01010068915408374,1.0,0.22551482208940948
1242,0.95,0.04999999999999993,0.2692301037482179,0.0671132334489862,0.056245709853162795,0.5439009234168037,0.45311832306413213,0.052611486788085304,0.024345217105938986,0.010129973972937183,1.0,0.35788863819337124
1243,0.95,0.04999999999999993,0.2696214151607028,0.06666767483887572,0.05672407591407239,0.5437553872524137,0.4529518061258169,0.07020986681660653,0.024349551321314524,0.010298047235369635,1.0,0.21282790415466285
1244,0.95,0.04999999999999993,0.26921567148623554,0.06677899622888796,0.05687407446527002,0.5439062925394557,0.4531244668465101,0.06028366489683562,0.024343764191222275,0.010382342372090295,1.0,0.23082488946810353
1245,0.95,0.04999999999999993,0.27010857339884703,0.06735461191876047,0.057749415812329924,0.5435743126288297,0.45274467389640694,0.06441031757490488,0.02433166441686627,0.010370063069181208,1.0,0.3575423194311036
1246,0.95,0.04999999999999993,0.2713566349175467,0.0677216851772054,0.057487071547885814,0.5431109633092074,0.45221488058051956,0.0637131519084525,0.024330473135112517,0.01026709200137381,1.0,0.35299964343585066
1247,0.95,0.04999999999999993,0.27118482036922176,0.06777533105839749,0.058340436876017636,0.5431747034593488,0.452287741036243,0.032165313239153205,0.02448676325432237,0.010519661000796909,1.0,0.2415267949086048
1248,0.95,0.04999999999999993,0.27164806413393855,0.06766221540740963,0.058463702766698364,0.5430028824384432,0.4520913494495446,0.015861278537058508,0.02483889424661691,0.010508213753033825,1.0,0.27804294517059336
1249,0.95,0.04999999999999993,0.2726644951112732,0.06818144120013367,0.05836423611243123,0.5426262602724535,0.45166103196284946,0.020629647227753393,0.0248736457998654,0.010378517646534434,1.0,0.3576744935169739
1250,0.95,0.04999999999999993,0.27286943592678226,0.06843043979184078,0.0572265042582431,0.5425503860268204,0.45157436718117255,0.02701611365344843,0.0250084052752499,0.010306776904873792,1.0,0.36600422445324005
1251,0.95,0.04999999999999993,0.27429249724367294,0.06888884487713275,0.05681599212146022,0.5420241175666175,0.45097350315444595,0.03560286261012296,0.025116566336576142,0.010364857356592667,1.0,0.3668510900905137
1252,0.95,0.04999999999999993,0.2748370867789251,0.06837881820389294,0.057113317856976445,0.5418229905675773,0.45074398209630356,0.03164922303402855,0.02524882921721183,0.010397588941976442,1.0,0.23751634474788066
1253,0.95,0.04999999999999993,0.2746743449774059,0.06837866568646987,0.05684930023896397,0.5418830784887864,0.4508125462837086,0.0343230002562898,0.025349354797777217,0.010342609633780805,1.0,0.26668270859726506
1254,0.95,0.04999999999999993,0.27697428848519723,0.0705905964837408,0.05843989265050893,0.5410351226023564,0.44984549652085115,0.030651965242945275,0.025508877694389403,0.010375320138602212,1.0,0.45764713149570235
1255,0.95,0.04999999999999993,0.2796995629846216,0.07257353269254253,0.058347605002657836,0.5400337823326335,0.4487049663226498,0.04197109305771343,0.025562258915396412,0.010429754806222305,1.0,0.46668445650352297
1256,0.95,0.04999999999999993,0.280294224347112,0.07226204431460805,0.060253107432663135,0.5398157799362839,0.44845686815291996,0.03739138209864381,0.025652653604548527,0.010424410047075264,1.0,0.27179694495519746
1257,0.95,0.04999999999999993,0.28174966508813265,0.07246967665326251,0.06100661970938979,0.5392829583125139,0.44785080086311413,0.055859609966935946,0.025650814196575996,0.01048702073344887,1.0,0.3641176537860307
1258,0.95,0.04999999999999993,0.28214619824395876,0.07213364205404255,0.06225242132441445,0.5391379739487819,0.44768596237550856,0.05175188440122866,0.025605848313768876,0.01040736212825398,1.0,0.2405039018316778
1259,0.95,0.04999999999999993,0.28413803179682345,0.07261744525217455,0.06361599415104961,0.5384108778180051,0.44685979111816315,0.0692746269575642,0.025623865108145308,0.010525443060625861,1.0,0.40031333360245563
1260,0.95,0.04999999999999993,0.28531285025201236,0.07180937455711756,0.06422841615105081,0.5379829424972118,0.4463739288846914,0.07239579137745322,0.02566041270244598,0.010395609386415218,1.0,0.29379610190097394
1261,0.95,0.04999999999999993,0.28532564574969727,0.0717982409682849,0.06381279455923879,0.5379782853981409,0.4463686429479123,0.06704077216700978,0.025614770427528577,0.010245129234235045,1.0,0.223481259851939
1262,0.95,0.04999999999999993,0.285227920822553,0.0717390083966597,0.06408244206342265,0.5380138557862706,0.44640901717995907,0.06614799747086325,0.025623243116246794,0.009834972993729587,1.0,0.3238905970074441
1263,0.95,0.04999999999999993,0.28606212148950194,0.07192498094487632,0.06394988936884494,0.5377103706345697,0.4460646089336486,0.07704072676849899,0.025301448039918507,0.009910639775263809,1.0,0.3433689221754633
1264,0.95,0.04999999999999993,0.28668840197354883,0.07168326255655125,0.06438128392651388,0.5374827524969517,0.4458063917026848,0.06777141294790931,0.024857287139092535,0.01000106124302649,1.0,0.28997586195405084
1265,0.95,0.04999999999999993,0.2869780355838947,0.07145790004286327,0.0647830105919401,0.5373775519366711,0.44568707600855406,0.05568466958067203,0.024386351035070798,0.010100616494028117,1.0,0.24562617557175576
1266,0.95,0.04999999999999993,0.2870740372340077,0.07137592222762687,0.06478052903134315,0.5373426913568305,0.44564754184663335,0.08355046330944994,0.023989963306874865,0.010342706893873087,1.0,0.23084172605356976
1267,0.96,0.05999999999999994,0.2869942338733661,0.07143711332192028,0.06468798905770932,0.5099674629188629,0.4032683068804731,0.07074680429425051,0.023558129212664994,0.01026046220973734,1.0,0.22829134899539197
1268,0.97,0.06999999999999995,0.28665813205606105,0.07180816985448131,0.06488328123634826,0.4853222177865994,0.365005615241918,0.06974003928788536,0.023441915756516808,0.010226542289794003,1.0,0.19094966888112194
1269,0.97,0.06999999999999995,0.28697430502669335,0.07168283868145922,0.06563448389375483,0.4852285853483623,0.3648989732849965,0.07497638045811514,0.02340435639751407,0.010229865663015189,1.0,0.2741849021038662
1270,0.97,0.06999999999999995,0.2861730465699447,0.07251857112466077,0.0662973164597463,0.48546594276893257,0.36516935092088054,0.0850631139652538,0.023506591824269365,0.010257472489814996,1.0,0.1713079295052697
1271,0.97,0.06999999999999995,0.285867114024181,0.07288525752483947,0.06586379753538604,0.4855566306760768,0.3652726909033093,0.08745752976171867,0.02357232817023308,0.010070774808284255,1.0,0.18358397203832927
1272,0.97,0.06999999999999995,0.28520627720583636,0.07333004990341446,0.06585227899051599,0.48575263891704346,0.3654961126161499,0.0753091335970284,0.023638034083601163,0.010050020752086572,1.0,0.20328796082494985
1273,0.97,0.06999999999999995,0.2845145333466546,0.07399603743189004,0.0653750209774138,0.4859579839700322,0.3657302766378222,0.054703043274532265,0.023615330844702447,0.010071882347458132,1.0,0.1793529320124833
1274,0.97,0.06999999999999995,0.2827739216121678,0.07518530683910699,0.06525314148830315,0.4864754556705505,0.36632082519055625,0.06677206913253739,0.023621076798768938,0.010150453464849834,1.0,0.14564971659156145
1275,0.97,0.06999999999999995,0.28079479073449737,0.07558595312162578,0.06529476310475557,0.4870651779986427,0.36699461897286756,0.07355417935954404,0.023645295986281272,0.010173837897073362,1.0,0.1675670871160825
1276,0.97,0.06999999999999995,0.2785014405327205,0.07592013668118135,0.06416891625767811,0.4877503191662442,0.36777849536539214,0.09894474117057393,0.023947744112662334,0.010295398650085776,1.0,0.15394198520117108
1277,0.97,0.06999999999999995,0.2773192499550596,0.07713782324059175,0.06347540059908756,0.48810425349680847,0.3681838823278138,0.09493238459087223,0.02423001806339747,0.010075825187292987,1.0,0.1399740078371784
1278,0.97,0.06999999999999995,0.2753637906501137,0.07797730018401353,0.06260482967352826,0.4886908245151871,0.36885639745034665,0.09637278133744318,0.024367174814897724,0.00989541770417337,1.0,0.14527316267314855
1279,0.97,0.06999999999999995,0.2746017850211778,0.07859780233700352,0.06284321210170421,0.48891978208975057,0.36911912960775634,0.09807120235389119,0.024673056837704824,0.009775604432298692,1.0,0.17313285380780924
1280,0.97,0.06999999999999995,0.2737470480300945,0.07928338437316128,0.0628114783837313,0.4891768578057504,0.3694142803717854,0.10552401670676528,0.025018212750245128,0.00979921852876869,1.0,0.16811954833829584
1281,0.97,0.06999999999999995,0.2728986695103489,0.08003213706825431,0.06270444974981353,0.4894322885835973,0.36970770260754765,0.12955564825291752,0.025856368769022805,0.009809980368013947,1.0,0.16060045192324973
1282,0.97,0.06999999999999995,0.2719401381272488,0.0807094678890676,0.06184404404437406,0.48972120545628856,0.3700397839173633,0.12654965435093768,0.02670836334566037,0.009576646977303887,1.0,0.1677000967607001
1283,0.97,0.06999999999999995,0.2718047370542271,0.0808893934974574,0.06151287384691618,0.48976204502841847,0.3700867414458276,0.11779644956274267,0.027173800541725284,0.009593962304874162,1.0,0.15773331809258126
1284,0.97,0.06999999999999995,0.2710422302818124,0.08178488550129161,0.061667261546997,0.4899921590080416,0.37035140394330435,0.09500340153873868,0.02716246405830772,0.009708258013581201,1.0,0.13777537636973047
1285,0.97,0.06999999999999995,0.2708122752816609,0.081963866676022,0.061557046635860514,0.49006159868663346,0.37043129454667906,0.11440614591796014,0.027293756292957834,0.009717270634882615,1.0,0.19570411301090082
1286,0.98,0.07999999999999996,0.27099387822450166,0.08171541898721262,0.06134725471043748,0.46711767644310875,0.3351230053378723,0.10726906148052925,0.027547360052686477,0.009679412260839714,1.0,0.16801989446645152
1287,0.98,0.07999999999999996,0.2708975440530888,0.08180667276783322,0.0613696209309568,0.4671441116424107,0.3351532876282499,0.11043224133069346,0.027940937511228222,0.009480869196050486,1.0,0.18867980220241595
1288,0.97,0.06999999999999995,0.2706507956519945,0.08211749085472864,0.061556730811141575,0.49011037257196854,0.37048741614805714,0.09252734041116678,0.027834551262137453,0.00958287424721036,0.0,0.15519272732972061
1289,0.97,0.06999999999999995,0.27061774549618606,0.08216069811585656,0.06103359338841475,0.49012035635622436,0.37049890469439495,0.08913075069426397,0.027792548540923997,0.009582686880631144,1.0,0.16159935512390264
1290,0.97,0.06999999999999995,0.27038875296761744,0.08232456084424067,0.06086966040367774,0.49018954154594746,0.3705785242350549,0.09096890258053514,0.027807615396240524,0.009493863300761723,1.0,0.2002023504920145
1291,0.97,0.06999999999999995,0.26935902103040127,0.08286596808471217,0.06109084615982592,0.49050089455646834,0.3709369801418327,0.10042668837529635,0.02803052233917639,0.009567504160372234,1.0,0.17496077048434033
1292,0.97,0.06999999999999995,0.26818042540212883,0.08361793144511842,0.060695168964868436,0.4908577442422462,0.37134810842345556,0.12267922205494997,0.028656697601692593,0.009766060839274643,1.0,0.15673021122970243
1293,0.97,0.06999999999999995,0.2676036337389475,0.08416483588240685,0.05912962318686635,0.4910325718298505,0.3715496423736343,0.1297007733920331,0.029428399952753544,0.009825506746088876,1.0,0.15950800618339495
1294,0.97,0.06999999999999995,0.2655504902822983,0.08402519029700166,0.05798146738844197,0.491655898762899,0.37226879978620253,0.14639166519664687,0.03058936360026099,0.009826892746870465,1.0,0.16963965381250384
1295,0.97,0.06999999999999995,0.2649771104710465,0.08431659700573498,0.05745437168394289,0.49183025758901905,0.3724701358960196,0.13761012184640117,0.03147949693166824,0.009775425766157775,1.0,0.1938169466791122
1296,0.97,0.06999999999999995,0.2637696326249846,0.08427695596078776,0.05699309748215569,0.49219784375901265,0.37289484168789394,0.13529774868500105,0.03220967854718398,0.009648778611248429,1.0,0.20676691081012694
1297,0.97,0.06999999999999995,0.2630021613780652,0.08457567533259135,0.05691920518584982,0.49243176675838396,0.3731652879025961,0.1430175941493212,0.032934379914601096,0.009610117985229849,1.0,0.19215146061642596
1298,0.97,0.06999999999999995,0.2627454326902788,0.08466287777125148,0.05699507675978726,0.4925100665517444,0.3732558431108835,0.13138023553728775,0.033472311011343917,0.009560047627474482,1.0,0.2212949290017444
1299,0.96,0.05999999999999994,0.26200403175193143,0.0849325591163116,0.05716970849627019,0.5182735469655553,0.4128007914926809,0.13411366147553855,0.03385121191107055,0.009572206760126786,0.0,0.1944598865111643
1300,0.96,0.05999999999999994,0.2624927612043997,0.08505470208064352,0.05828661976103274,0.5181085130040752,0.4126100476341816,0.1290254329780906,0.03407485539621452,0.009521143765741709,1.0,0.30792642501395406
1301,0.96,0.05999999999999994,0.2616235453703629,0.08555762671232046,0.059197062491958434,0.5184021022565164,0.4129494118226555,0.13350821784392958,0.03447159180278789,0.009532059414933514,1.0,0.16923957307215676
1302,0.96,0.05999999999999994,0.2617817937716824,0.08547216504237973,0.059729493137130205,0.5183486269749839,0.4128875860233711,0.12522976824975285,0.03473066405438511,0.009527033622115946,1.0,0.22343297502762716
1303,0.97,0.06999999999999995,0.2617551772795764,0.08548990519387054,0.05970599967973813,0.4928123183771662,0.37360554528469503,0.12050419606405059,0.034975739997827784,0.009534992234929783,1.0,0.20346371760162074
1304,0.97,0.06999999999999995,0.2616291882097305,0.08554820253674468,0.05951686815917147,0.49285080013766996,0.37365008448830117,0.11735432900328502,0.03512608228578364,0.009419904267334599,1.0,0.21582156953544301
1305,0.97,0.06999999999999995,0.2621075589325645,0.08532080934411126,0.059764381785701794,0.49270471978034425,0.373481028950065,0.11543278174743232,0.03506680670947041,0.009418047285746859,1.0,0.245175676333512
1306,0.97,0.06999999999999995,0.26218941628880954,0.0852671935559877,0.05979134819811984,0.49267973162629586,0.3734521160027794,0.11821227865778916,0.0350469058466854,0.00936252821820916,1.0,0.2103745974461807
1307,0.97,0.06999999999999995,0.2627830578939631,0.08527774825667882,0.05981303726089754,0.49249858966742377,0.3732425689271739,0.12747886369942246,0.03523269721325917,0.009407517157919619,1.0,0.29368442639498693
1308,0.97,0.06999999999999995,0.26216382267803184,0.08511750085766571,0.059000835503107044,0.4926875441775917,0.37346115547555775,0.12396804632212655,0.035395445394894774,0.009280853466671832,1.0,0.25355935602031376
1309,0.97,0.06999999999999995,0.2625940988340055,0.08488507770921115,0.05778247473148507,0.4925562335961384,0.37330924328049736,0.1243432824819168,0.03534172645491801,0.009275729130242272,1.0,0.23797744881487093
1310,0.98,0.07999999999999996,0.2627989859658602,0.08507481727268872,0.05856777457501942,0.4693771984752879,0.337718757957117,0.1332285738295288,0.035374513790467986,0.009200566709208087,1.0,0.35163816999899816
1311,0.98,0.07999999999999996,0.26294192408787187,0.08514117375022263,0.05876189589064934,0.4693375998189025,0.337673137419852,0.1169316567897602,0.03537741122192259,0.009201570975018874,1.0,0.3095272323404688
1312,0.97,0.06999999999999995,0.2628853720058703,0.0851367903199117,0.05832961873635353,0.49246738331248147,0.3732064772502942,0.10984725841069796,0.0354389663393293,0.009201278947849962,0.0,0.26668528452797674
1313,0.97,0.06999999999999995,0.261837535218381,0.08460312313186029,0.05806499195422361,0.4927871664391142,0.373576436140569,0.10041539072913863,0.03536927073951141,0.009042390265433693,1.0,0.25319420006697635
1314,0.97,0.06999999999999995,0.2609187642404397,0.08448388516117214,0.05763824742141334,0.49306790264828254,0.3739014299198233,0.09520654019625582,0.035398505078746104,0.00908736462601834,1.0,0.2264116451299173
1315,0.97,0.06999999999999995,0.26122234288703006,0.0844959825336015,0.05695778227462882,0.49297510692006496,0.373793983528852,0.09902967472915233,0.03544346727969083,0.009112714442019665,1.0,0.27961634389780576
1316,0.97,0.06999999999999995,0.26327655808489386,0.08946247871727944,0.05889829476141864,0.4923481059089664,0.37306854926852356,0.10216698323563167,0.03550683410458761,0.008934806860479181,1.0,0.5752507473247053
1317,0.97,0.06999999999999995,0.2633531742388962,0.08946832049787767,0.06177814878891412,0.4923247514757988,0.37304154717926524,0.08062931881885602,0.03547559925929237,0.00904105628570344,1.0,0.27396717570385215
1318,0.97,0.06999999999999995,0.2633267051445056,0.0894726208102415,0.062014518572094744,0.4923328196372881,0.3730508753294325,0.10446657929497873,0.03555585427474998,0.009264718547849942,1.0,0.24748062796575954
1319,0.97,0.06999999999999995,0.2633164550505506,0.08947454455756626,0.0608396429164271,0.49233594408469805,0.37305448775874483,0.09069528482011764,0.03557011468073829,0.009400208928741518,1.0,0.24601658880610666
1320,0.97,0.06999999999999995,0.2654207792510741,0.0941874177890203,0.06300506979453332,0.49169533171515917,0.3723143273570987,0.08869078874382422,0.03557919438470445,0.009366491246010689,1.0,0.5752507473247053
1321,0.97,0.06999999999999995,0.2686736724274584,0.09908705532016732,0.06145765202755716,0.4907083380486669,0.3711759387381819,0.09069319649256301,0.0355870208200822,0.009351516001070941,1.0,0.5752507473247053
1322,0.97,0.06999999999999995,0.2703946220145363,0.1028315296848112,0.06019129292014934,0.49018776809518966,0.3705764831699233,0.0771234036314808,0.03557339878662601,0.009362616558739299,1.0,0.5752507473247053
1323,0.97,0.06999999999999995,0.2708797460318579,0.10297958236039202,0.06164540620591674,0.49004122245504983,0.37040785039243324,0.05791549363849889,0.03564341423544375,0.00932459001513836,1.0,0.32629863871569875
1324,0.97,0.06999999999999995,0.26953244832767664,0.10238638252298833,0.061316178405494734,0.4904484288350131,0.37087656049897305,0.047025173863364585,0.03571183652857611,0.009391807034047375,1.0,0.24805135988345162
1325,0.97,0.06999999999999995,0.2725609359965162,0.1067968053741873,0.0644183051412917,0.48953404802646633,0.36982464168995655,0.040323994737747976,0.03587437951557666,0.009227210818711787,1.0,0.5747890661115054
1326,0.97,0.06999999999999995,0.2732876144854117,0.10717023374703673,0.06574132223025475,0.48931515147826243,0.3695731233204666,0.03985053443281303,0.03609414792065904,0.00916002110824253,1.0,0.3642353075012531
1327,0.97,0.06999999999999995,0.27414244252274395,0.10828249909688945,0.065504425691041,0.4890579030410936,0.3692776873407705,0.03001485576691823,0.03642702417824122,0.008938052353879818,1.0,0.45662532914783444
1328,0.97,0.06999999999999995,0.27615609781555434,0.10977540788920909,0.0652120021159169,0.4884529896157692,0.36858361394430533,0.04869536269419535,0.03638245273651585,0.00895091833146625,1.0,0.45666527566689985
1329,0.97,0.06999999999999995,0.2783982447839678,0.11218203239338348,0.06571713092464315,0.4877811943437655,0.3678138468284419,0.06555258916180241,0.036363421043779764,0.008969590087904666,1.0,0.5085043236835722
1330,0.97,0.06999999999999995,0.2791164516965445,0.11243534431610629,0.06701627228672227,0.48756639475783253,0.36756795365311484,0.053148205504568544,0.036306574950320414,0.009084756263668043,1.0,0.3542790221471077
1331,0.97,0.06999999999999995,0.2811482484970291,0.11384159361852508,0.06679266554048384,0.4869597532156161,0.36687410276548243,0.07639155028280822,0.03616462402128682,0.009196290998774287,1.0,0.46002770424726835
1332,0.97,0.06999999999999995,0.28057521366842897,0.1134623317769516,0.06803656019956524,0.4871306935795282,0.36706952662504827,0.08811113834009121,0.03589541353781,0.009302342362440357,1.0,0.32743029131656864
1333,0.97,0.06999999999999995,0.2797107026522609,0.1129214611762744,0.06692481914012788,0.4873888105878915,0.36736474781189354,0.09988453886394597,0.035644501578224165,0.009317005601209146,1.0,0.30773451424141496
1334,0.97,0.06999999999999995,0.2801144169577532,0.11386216531174445,0.06716583425492402,0.4872682395942936,0.36722682465325246,0.09598020345681767,0.03520666134091695,0.009342908559429305,1.0,0.5643151883668989
1335,0.97,0.06999999999999995,0.2799447530543169,0.1138581259274065,0.06984400142549071,0.48731890317247867,0.36728477525599207,0.1053536458005117,0.03482030472119799,0.009380905207564414,1.0,0.2742571897133695
1336,0.97,0.06999999999999995,0.28001428005587686,0.11388232927563291,0.07027205426661798,0.48729814034218777,0.3672610253197497,0.10226649920986203,0.03429225839362778,0.00938753380583194,1.0,0.3230957289804219
1337,0.97,0.06999999999999995,0.2826038345551019,0.1177014737605943,0.07211108710354569,0.48652608047608814,0.36637863402245013,0.10649499720519526,0.033713530160161806,0.00941882299767552,1.0,0.5815597867423896
1338,0.97,0.06999999999999995,0.28200296021954435,0.11725824898615185,0.07403723691933589,0.4867050094365563,0.3665830040949847,0.1052177911512165,0.033068755821760915,0.009303215058888632,1.0,0.3389167101702521
1339,0.97,0.06999999999999995,0.28062776451114163,0.11606906804072144,0.07251987788653556,0.4871150122913603,0.36705159637636775,0.09867633329062422,0.03260307806040812,0.009283204459107245,1.0,0.31343881769463855
1340,0.97,0.06999999999999995,0.28031167230391,0.11612627718593532,0.07272229159242517,0.48720935013815025,0.367159472870318,0.09201901664509146,0.03223836053167458,0.009281260194653314,1.0,0.24365273108890945
1341,0.97,0.06999999999999995,0.281261290715793,0.11606255121701162,0.07216118165388817,0.48692604608456314,0.36683557619454693,0.08393211420177565,0.031955919779702094,0.009272685673329025,1.0,0.3204766632777064
1342,0.97,0.06999999999999995,0.2801089522101623,0.11586792061636514,0.07148200126609727,0.487269871266113,0.3672286909138564,0.06897276735809567,0.031823476969040566,0.009246028772472045,1.0,0.2426547876302967
1343,0.97,0.06999999999999995,0.2800730858500574,0.11588929473311506,0.07163772383349809,0.48728058056425666,0.36724094007022295,0.06825410843845373,0.031834197187411595,0.009153023287622256,1.0,0.20924126814417432
1344,0.97,0.06999999999999995,0.28116598706348767,0.11593502783774215,0.07167970679010369,0.4869544635894405,0.36686805664699,0.06528396728627171,0.03179661889206992,0.009141341353017335,1.0,0.34011501081112944
1345,0.97,0.06999999999999995,0.28219419146827623,0.1170583395917039,0.07284844490226114,0.4866480501282587,0.3665179375719237,0.0683814217624569,0.03177120253766709,0.009165586694529786,1.0,0.4603627599099703
1346,0.97,0.06999999999999995,0.2835304489141478,0.1186113666769322,0.07198773560514785,0.4862504100521887,0.36606391914827585,0.07312687553279425,0.03171667996229957,0.008894855533934211,1.0,0.4866253880229997
1347,0.97,0.06999999999999995,0.28426213708604675,0.11857567432594962,0.07335555000577924,0.48603295136049374,0.3658157906844216,0.06507765187156282,0.031315714245148146,0.008811473604228522,1.0,0.31469561209850355
1348,0.97,0.06999999999999995,0.2847183837617274,0.11863862571885207,0.07264181720066586,0.4858974526721584,0.3656612395249619,0.056337519442355925,0.030645680283956638,0.008851592429870058,1.0,0.32366761273865946
1349,0.97,0.06999999999999995,0.2871075694530347,0.12242894885600535,0.07531450123069382,0.4851891308326503,0.3648540432022897,0.04045213013116371,0.03027379594891143,0.00894754114588518,1.0,0.5965930626476936
1350,0.97,0.06999999999999995,0.28852750672049543,0.12414713078408546,0.0762008471479777,0.4847691395969414,0.36437599767246953,0.03502169209233661,0.03012320451677517,0.008915659217422076,1.0,0.5079979511993165
1351,0.97,0.06999999999999995,0.28720831367301336,0.12400866497146712,0.07765267967842596,0.4851593085685308,0.3648200846458038,0.023540925318124607,0.030355483849976515,0.008991690805281852,1.0,0.23493178534230635
1352,0.97,0.06999999999999995,0.2889274499818964,0.1244985220278976,0.0791206779253401,0.4846509749718926,0.3642415761404617,0.02120052873404089,0.030565644239208264,0.008988323324088138,1.0,0.4094299756361919
1353,0.97,0.06999999999999995,0.2913281367123944,0.1263473112385891,0.07817478886586968,0.48394289266833884,0.36343678151849146,0.035046146535605185,0.030553112280837066,0.00909109688760551,1.0,0.5067513816470564
1354,0.97,0.06999999999999995,0.2892242219040404,0.12530770271500036,0.08070467175454568,0.4845633299028945,0.36414189473494624,0.059768128127736735,0.030144583852066562,0.00922647924899302,1.0,0.24725565066031008
1355,0.97,0.06999999999999995,0.2905233079654822,0.12778954350445038,0.08226477175898061,0.48418004616125054,0.36370619184102865,0.06290289703375158,0.02989632250812811,0.009211883874719738,1.0,0.5965930626476936
1356,0.97,0.06999999999999995,0.29284407799078493,0.12952397323540327,0.08226879606535821,0.4834968307289006,0.36293041404623105,0.06883197852166317,0.029523895248390133,0.00908522583047347,1.0,0.5038739474854793
1357,0.97,0.06999999999999995,0.292629128109729,0.1294233104625726,0.08264897313455703,0.4835600291571881,0.36300212754689287,0.076906970917767,0.029365323353351135,0.009125299232800707,1.0,0.3426226656804415
1358,0.97,0.06999999999999995,0.2933497478777287,0.12933166026271284,0.08133834035958752,0.48334822146253764,0.36276181962226767,0.08777653571903773,0.029130213346110233,0.009058095417092984,1.0,0.3125658786316481
1359,0.97,0.06999999999999995,0.29202640961789245,0.1289067551618489,0.08071277611020712,0.4837373254080886,0.36320336310706314,0.07410385657802153,0.029101407295468295,0.009164676373872046,1.0,0.26797950761882455
1360,0.97,0.06999999999999995,0.29364296091957626,0.12992837910199237,0.0818961789627475,0.483262092110528,0.36266413175248735,0.08647102587342968,0.029054368234902518,0.009235506172710071,1.0,0.4554512320693577
1361,0.97,0.06999999999999995,0.2939277936182034,0.12980541914617752,0.08293736446981013,0.4831784538145934,0.36256928627211993,0.08067250473742113,0.02898186893795188,0.009285059167052112,1.0,0.251964529714652
1362,0.97,0.06999999999999995,0.29352811139612583,0.12977407476851494,0.08306342022654765,0.4832958247257311,0.36270238914775826,0.053010245408089324,0.029116249406193936,0.009454448359291467,1.0,0.2839223747996865
1363,0.97,0.06999999999999995,0.29466303879723216,0.1306979718514797,0.08427095787568907,0.48296269012054344,0.3623246886087131,0.04440611887787558,0.029432179634791198,0.009447729295752315,1.0,0.45686166228609837
1364,0.97,0.06999999999999995,0.29414991071620056,0.13081604195409272,0.08602700759339525,0.48311325142052,0.36249535866796395,0.03849564472315443,0.029784381585138343,0.009385342738050133,1.0,0.23866305385089082
1365,0.97,0.06999999999999995,0.29404940427314924,0.1308571388253052,0.08590885681628498,0.48314275287070324,0.3625288066602515,0.041258808571951536,0.02997779841211717,0.009131780820070528,1.0,0.23557553126662278
1366,0.97,0.06999999999999995,0.29408411276503715,0.13084082833134783,0.08589585256341717,0.48313256455095815,0.36251725516703803,0.05098776117185236,0.03020538105729162,0.009100723179511955,1.0,0.23431257524235782
1367,0.97,0.06999999999999995,0.29482327693390264,0.13067574011468178,0.08620447388185468,0.4829156925045941,0.3622714251857873,0.05332176852443916,0.030355092919209643,0.00911412966785763,1.0,0.3022077658819404
1368,0.97,0.06999999999999995,0.2955544120569369,0.130296504428775,0.08574901278563896,0.4827013676504617,0.3620285932628026,0.062415151654323986,0.03040777035828023,0.009153089687652126,1.0,0.2640631811845515
1369,0.97,0.06999999999999995,0.29519447874052646,0.13040470816180946,0.08497118084748884,0.48280685467600415,0.3621480972258004,0.04993675811535002,0.03061546446447947,0.009177247869791877,1.0,0.23819157046281592
1370,0.97,0.06999999999999995,0.2963000622724754,0.1298170375301458,0.08528833912733014,0.4824829836989199,0.3617812755136841,0.05508529724430308,0.030785519917043206,0.009205067297392767,1.0,0.28186628270016445
1371,0.97,0.06999999999999995,0.29908824140483714,0.1303592661696836,0.0869129008827617,0.48166813751868454,0.3608594768961245,0.05522209056191203,0.03095092353404468,0.009083737975705077,1.0,0.46240188527450776
1372,0.97,0.06999999999999995,0.30210017261064886,0.13158477038151473,0.08709617530012685,0.48079098659338415,0.35986896718002603,0.03959478233366258,0.031288182605659576,0.009033447247480363,1.0,0.5044810814061227
1373,0.97,0.06999999999999995,0.3032669310273913,0.13100721445499564,0.08886131764657614,0.48045205476321906,0.35948672432534917,0.043895900429780234,0.03141677849606263,0.008954983532713824,1.0,0.2960287736867193
1374,0.97,0.06999999999999995,0.3050640370488094,0.13006194664137224,0.08893620829831492,0.4799309469901388,0.35889955865009504,0.03616598044759807,0.031755243676377706,0.008964557368624686,1.0,0.32536031873337784
1375,0.97,0.06999999999999995,0.3084331769917098,0.13081810395959098,0.09060788163930313,0.4789570356905098,0.3578039177262286,0.047928002976291226,0.031959377202914446,0.008826895355671792,1.0,0.5044810814061227
1376,0.97,0.06999999999999995,0.30933828314638967,0.13005697583939188,0.09309334126933312,0.47869607146216514,0.3575107171267217,0.044027319693175186,0.032202958343556916,0.008825767342574965,1.0,0.24445260066916175
1377,0.97,0.06999999999999995,0.310058253936938,0.12931457666521273,0.09336791055156735,0.4784886892710748,0.3572778323006263,0.03975850314860188,0.03250682811486283,0.008854337239524486,1.0,0.2119710868920026
1378,0.97,0.06999999999999995,0.3119744217531967,0.1282741056178207,0.09434830617047998,0.4779376259800325,0.35665949622792603,0.03135524503654473,0.032918247453541695,0.00892206286675286,1.0,0.33688994429901736
1379,0.97,0.06999999999999995,0.31345506152339053,0.12751523280109983,0.09445618301898813,0.47751268307210065,0.3561831664068442,0.054861058355180195,0.03301729087648657,0.00908421437145752,1.0,0.32119683082719797
1380,0.97,0.06999999999999995,0.31445111671944426,0.12676289157149018,0.09492035136715465,0.47722724060647415,0.35586344526600966,0.06975806962878822,0.032973789919816164,0.008991945479815659,1.0,0.26772506794366746
1381,0.97,0.06999999999999995,0.3152175264644896,0.12606013004846184,0.09515655335380553,0.47700784051551764,0.3556178278820764,0.06896201040154028,0.03267635613354082,0.00896962290734362,1.0,0.2372414264277798
1382,0.97,0.06999999999999995,0.31625507534172914,0.12526618681952317,0.09540147031732843,0.4767111426462883,0.35528585608649876,0.0724069185690105,0.03239502518084191,0.00891600374955852,1.0,0.2714549844846632
1383,0.97,0.06999999999999995,0.3165634471410053,0.12491302776244471,0.09603709198138506,0.47662303166771053,0.3551873095890562,0.08251486329614965,0.03219805686852783,0.008787871393024532,1.0,0.18857049802020276
1384,0.97,0.06999999999999995,0.3178773307950881,0.12371076668062754,0.09626602639670458,0.4762479808439845,0.3547680432252548,0.07793483895992599,0.03217363294896152,0.008638146948145768,1.0,0.2691637417780054
1385,0.97,0.06999999999999995,0.31826468685214737,0.12338784035572356,0.09633713553323718,0.47613752188449543,0.35464462496926724,0.07986651342440075,0.032006469361742944,0.008585567049429038,1.0,0.23443971871682712
1386,0.97,0.06999999999999995,0.3185807997704322,0.1230425264631168,0.09648005093410518,0.4760474166739171,0.3545439696088635,0.079510492280853,0.03190139279580477,0.008557211910978366,1.0,0.19963118629493182
1387,0.97,0.06999999999999995,0.31893009778725817,0.12272242622320358,0.09638400389084648,0.47594789199569504,0.35443281401461346,0.06977871930839451,0.03178453089568663,0.008474655063028184,1.0,0.22360960388501538
1388,0.98,0.07999999999999996,0.31972718532195343,0.12191253983679191,0.096433349841554,0.45411761001673145,0.3204747929221302,0.08236258025033516,0.03176294621974151,0.00856745578247301,1.0,0.2349014807992421
1389,0.98,0.07999999999999996,0.3202484217316155,0.12134545915104605,0.09625734468338247,0.4539824752120033,0.3203250383349124,0.08670624457803312,0.031757386086109986,0.00859276398895207,1.0,0.21372299609011147
1390,0.98,0.07999999999999996,0.31999655727835014,0.12162019267932471,0.09639335994516994,0.45404776308929456,0.3203973831402495,0.08586312249094802,0.031744813046381166,0.008505747183824028,1.0,0.17501590516547727
1391,0.98,0.07999999999999996,0.32162276730706535,0.1207541523593865,0.09785129235866238,0.45362655017065173,0.3199308501682301,0.08939368017003807,0.03169474813341745,0.008316636315131467,1.0,0.33758177335586737
1392,0.98,0.07999999999999996,0.3224001361245081,0.11993759450206969,0.09886479625187655,0.4534254758822396,0.31970831544005945,0.094073166708643,0.03144049286242244,0.008292979094944818,1.0,0.23446709297397306
1393,0.98,0.07999999999999996,0.3227453615887768,0.11951718049749327,0.09917090627949876,0.4533362369804601,0.3196095881579488,0.0854747376992443,0.03104935033882023,0.0082112370465083,1.0,0.19403055261026647
1394,0.98,0.07999999999999996,0.3233254305365182,0.118911917900998,0.09926624671495085,0.45318637138779294,0.3194438377678997,0.1147643980103133,0.030525405756687142,0.008418389743082275,1.0,0.22764654858663164
1395,0.98,0.07999999999999996,0.32306942998403015,0.11921761949366784,0.09973573856369124,0.4532524990230669,0.31951696682427516,0.11695519919500968,0.030199079919751494,0.00841716174331759,1.0,0.1682168914303186
1396,0.98,0.07999999999999996,0.32278560461201594,0.11952754969719957,0.09969080959383958,0.4533258366641388,0.3195980834607501,0.11801896801913997,0.029925869565869602,0.008349928645941937,1.0,0.17838437360870707
1397,0.98,0.07999999999999996,0.3231220480588414,0.11920628908894379,0.09987533447570775,0.45323890564532754,0.3195019332240754,0.10854295605856143,0.029380435668955363,0.008328096861583804,1.0,0.22579580529897225
1398,0.98,0.07999999999999996,0.3230742446302404,0.1192480648094494,0.09969802312890723,0.4532512551712515,0.3195155911646635,0.09164027075480595,0.028930411887179142,0.0084712206935586,1.0,0.21651458614164276
1399,0.99,0.08999999999999997,0.32307577079124866,0.11924641973220532,0.09877312964433009,0.43359799446550634,0.2891092679698548,0.09084717973057913,0.028411268262971634,0.008427835466556366,1.0,0.19461250261199148
1400,0.99,0.08999999999999997,0.32217760554782887,0.11969454970995534,0.09760959980714001,0.4338104502506406,0.2893416589682902,0.09475876622045121,0.027995736114429324,0.008422065785991046,1.0,0.21810990067197256
1401,0.99,0.08999999999999997,0.32242675203388466,0.11940151844385251,0.09730416826207708,0.43375149522905115,0.2892771574481035,0.08853047032855763,0.027448578140944497,0.00840135716273566,1.0,0.1941542216777335
1402,0.99,0.08999999999999997,0.32223678114795345,0.11957385701962364,0.09720631379067073,0.43379644619871727,0.2893263363959098,0.11257412400119823,0.02725472945622452,0.008596489298967358,1.0,0.20443588643451227
1403,0.99,0.08999999999999997,0.32216824037974434,0.11964386303709523,0.0971605399898625,0.43381266662366924,0.2893440840770838,0.11392898077777822,0.02715731746657226,0.008578357881955384,1.0,0.19660964078070542
1404,0.99,0.08999999999999997,0.3219820055474947,0.11982361423822419,0.0968699777548292,0.4338567459082348,0.28939231800092463,0.11500048014323591,0.02712322320073508,0.00856977153962816,1.0,0.19719808631047842
1405,0.99,0.08999999999999997,0.3215238785118209,0.12020337265925218,0.09654031924541827,0.43396521655738374,0.28951103915890275,0.1107089886297008,0.027060033621375174,0.008585044212387538,1.0,0.19936297276612813
1406,0.99,0.08999999999999997,0.3213279097420487,0.12040023399693166,0.09578552554186627,0.4340116326094948,0.2895618531628987,0.12598060316470622,0.027189627152214232,0.008645701075956955,1.0,0.190777720468971
1407,0.99,0.08999999999999997,0.32035286178752487,0.12101340803047958,0.09543478655296676,0.4342427246238468,0.2898149450218446,0.1335733484673301,0.02730953002277206,0.008686932671162287,1.0,0.19617963094259627
1408,0.99,0.08999999999999997,0.31978468356701667,0.12145824787219557,0.0952830693390421,0.4343774996721563,0.28996263038857745,0.13654850967065651,0.027553738854763112,0.008713194540288913,1.0,0.19674153396949523
1409,0.99,0.08999999999999997,0.3193090836410652,0.12187007154929987,0.09419886081950316,0.43449037897162096,0.29008636785088465,0.13327085564216265,0.02772071433689367,0.0086565517390857,1.0,0.19041745621972261
1410,0.99,0.08999999999999997,0.31747441217860467,0.12274739815277694,0.09399820925190965,0.4349263717076347,0.2905646878451561,0.1240473384165435,0.02754953910510215,0.008585103256114493,1.0,0.16817102375295245
1411,0.99,0.08999999999999997,0.31605718260426363,0.12364584561095085,0.09356916683811271,0.4352637627144492,0.2909352571734946,0.12417586733437372,0.02766355196458946,0.008514841948425283,1.0,0.16780427490635774
1412,1.0,0.09999999999999998,0.3150446020507746,0.12445797605200712,0.0934569038206004,0.4173301975332678,0.2634891995475806,0.1286681110418642,0.027947986390673515,0.00846494675676802,1.0,0.16542722917907682
1413,1.0,0.09999999999999998,0.31421086504399,0.12514686717313586,0.09323074942941229,0.41751288292142863,0.26368721564410963,0.11728656687004019,0.028137119702533245,0.008527297197565408,1.0,0.16982049938851362
1414,1.0,0.09999999999999998,0.31389712134006353,0.12540564717838468,0.09294804313224932,0.4175816707134446,0.26376180820696127,0.13464442777015234,0.028654194710401676,0.00866401160531506,1.0,0.19503727473726873
1415,1.0,0.09999999999999998,0.3128856165604838,0.1260841692469073,0.09012922500467901,0.4178035958941091,0.2640025810756957,0.12420775678554952,0.028947928595367232,0.008737742539437519,1.0,0.1784658659398301
1416,1.0,0.09999999999999998,0.3090913005711728,0.12382048240148887,0.08726124228581968,0.4186381789127296,0.2649096891560866,0.12858891025587776,0.029284608855328912,0.008564444449069364,1.0,0.19581914839360898
1417,1.0,0.09999999999999998,0.3080787511974036,0.12451562974427083,0.08722710453156302,0.4188614592529281,0.26515281426720355,0.11735650491018944,0.02953935297392365,0.008437122680075078,1.0,0.17271223832692673
1418,1.0,0.09999999999999998,0.30757555087449806,0.1248607059362546,0.08745926936175122,0.41897251010190684,0.2652738047033182,0.12370539606527381,0.029767814661440486,0.008362148909168242,1.0,0.19716059567521216
1419,1.0,0.09999999999999998,0.30684325034892906,0.12543303133292805,0.08437987442142203,0.41913422612130075,0.26545007782388014,0.12686534589179674,0.0301257018420684,0.00837382015917056,1.0,0.17278653624920065
1420,1.0,0.09999999999999998,0.3040105268797804,0.12250389716422797,0.08558383264526699,0.4197609617658343,0.26613415827716647,0.13018352170395645,0.03053473752116058,0.00838711074566976,1.0,0.29197840040985
1421,1.0,0.09999999999999998,0.3004227356409338,0.11972990686847793,0.0863465273621337,0.42055745040259485,0.267005659046075,0.12983851786138498,0.030921058910446355,0.008253527018210055,1.0,0.21647162344004384
1422,1.0,0.09999999999999998,0.29675974517875836,0.1168340628461351,0.08390781840984965,0.4213737576379291,0.26790133446307274,0.13623149604251295,0.03141875529253758,0.008124083262534762,1.0,0.20895170110716044
1423,1.0,0.09999999999999998,0.2956411050633882,0.11708114995015348,0.08317282494762013,0.42162368160884006,0.26817606365066715,0.10923075335206818,0.03146101134510957,0.008286814807133858,1.0,0.2144346271786836
1424,1.0,0.09999999999999998,0.2950338865359405,0.11748316110531487,0.08014623316794282,0.421759469140637,0.2683254278036041,0.12208808955882428,0.031531092320732784,0.008348998211993853,1.0,0.18732950713868185
1425,1.0,0.09999999999999998,0.2910551366594045,0.11464447644054941,0.07812463387572591,0.42265137457006446,0.2693082561188954,0.12192984521674771,0.031498141689761006,0.008345814212369022,1.0,0.1769140784579034
1426,1.0,0.09999999999999998,0.28930660989156204,0.11484824005212914,0.07731734630615542,0.42304453128542585,0.2697424570853816,0.11784432117177801,0.03139024531060134,0.008287731842460688,1.0,0.18938263071700612
1427,1.0,0.09999999999999998,0.28675464207297396,0.11393364605794257,0.0774386187309327,0.4236196565211915,0.27037869051824115,0.0851986271517897,0.03092521279375687,0.00842879433834666,1.0,0.2014285472890226
1428,1.0,0.09999999999999998,0.28410092980302876,0.11303213936790682,0.07701736065618489,0.4242193722994609,0.27104348098490144,0.06451065252145277,0.030783663069202615,0.00846748876423282,1.0,0.1912940486723831
1429,1.0,0.09999999999999998,0.2808695079781682,0.11117439945858719,0.07551944758485568,0.42495194209957216,0.27185742276061936,0.0741572165054112,0.03074314667345077,0.008439631999856301,1.0,0.18536214119751027
1430,1.0,0.09999999999999998,0.27905776370998486,0.11143925643130581,0.07457509267342714,0.42536377615736404,0.2723159135721286,0.06304969909712999,0.03065821512733305,0.008317047885008234,1.0,0.17310459532877587
1431,1.0,0.09999999999999998,0.27695735627980544,0.10997838916977097,0.07401231442059741,0.42584222754165546,0.2728493947307699,0.06817886816110993,0.030690761603253958,0.008250477996186993,1.0,0.2499869612293335
1432,1.0,0.09999999999999998,0.2756395035683034,0.1101551230626083,0.0743622756729996,0.4261429708483157,0.2731851837844766,0.08476948549204495,0.03068852213857289,0.008299136751814066,1.0,0.1956450201663636
1433,1.0,0.09999999999999998,0.2751181580600333,0.11012535707272014,0.07237615717928808,0.42626206287596735,0.2733182509587068,0.07363445815888603,0.030666926139835547,0.008372174043996193,1.0,0.2555999634144052
1434,1.0,0.09999999999999998,0.2714255095857387,0.10649750207232123,0.07005789075326214,0.42710749136716275,0.27426447872263615,0.05823844917779461,0.030750577728155773,0.008433008050434551,1.0,0.19505034093744134
1435,1.0,0.09999999999999998,0.2707329150484286,0.10670184894080575,0.0696650509126345,0.4272664338776849,0.2744426836904986,0.07112288898086191,0.030698409599739025,0.008531970608135738,1.0,0.2049977359823562
1436,1.0,0.09999999999999998,0.26994251118629753,0.10660374343765153,0.06744882413508896,0.42744796710446786,0.2746463382079239,0.07459140631517211,0.030651651430591502,0.008524294035802172,1.0,0.24405534276731544
1437,1.0,0.09999999999999998,0.2665022045961617,0.10194103891715108,0.06506380533171899,0.4282399076563319,0.275536295774257,0.06610441793437864,0.0306068983020412,0.00859712011991141,1.0,0.23752912772880497
1438,1.0,0.09999999999999998,0.26737294633726805,0.10292300523997916,0.06671010698905708,0.428039190231577,0.27531050276962993,0.05923342618263588,0.03061063117405084,0.008600448745074549,1.0,0.42599088428088905
1439,0.99,0.08999999999999997,0.2668409117893394,0.1028209645588021,0.06767949521909129,0.44731408980739806,0.3044175845819451,0.056944284178321924,0.030668179895276516,0.00855632576890062,0.0,0.2602353629017732
1440,0.99,0.08999999999999997,0.26917848601374494,0.10490330613463034,0.06909718065786798,0.4467266749652542,0.30374902500609036,0.0416608236857454,0.030909188705119245,0.008629018274448709,1.0,0.47741015352946137
1441,0.99,0.08999999999999997,0.2690138079468254,0.10483555234912456,0.07006262935783054,0.44676800680659995,0.3037960277075388,0.042734553912414784,0.031145321339268884,0.00848875952074153,1.0,0.3040088565857566
1442,0.99,0.08999999999999997,0.27233983378263066,0.10913447580563802,0.07246500304610265,0.4459347017916839,0.3028495188708586,0.05853754314567629,0.03120257541331559,0.008641126493606375,1.0,0.5752573712108178
1443,0.99,0.08999999999999997,0.2725762796639514,0.1090230699268326,0.07460134418011893,0.4458755807941876,0.3027824564193943,0.06020506082324238,0.031245205559211443,0.008627968680731467,1.0,0.23288585627625014
1444,0.99,0.08999999999999997,0.2723014534283506,0.10888702568401727,0.07419224096674475,0.4459442999057719,0.30286040738062675,0.06132924144140557,0.0312672211723758,0.008608036621559529,1.0,0.31263238725104503
1445,0.99,0.08999999999999997,0.2706867484865951,0.10727151184400328,0.07406575100112449,0.4463484781115882,0.303319209766869,0.03482610682626779,0.031576009783063,0.008827811175547411,1.0,0.2988922657344206
1446,0.99,0.08999999999999997,0.26909893075895885,0.10521896312883161,0.07262152447183623,0.4467466412423806,0.3037717299897459,0.038389992406559485,0.031843513400070314,0.008782504730285395,1.0,0.3278436152593789
1447,0.99,0.08999999999999997,0.26822934152167804,0.10519786972143075,0.07354207928243016,0.4469650017082142,0.304020131326295,0.019976288649918565,0.03236682263580465,0.008880217571976646,1.0,0.22773668837042282
1448,0.99,0.08999999999999997,0.2682373793194019,0.10520213587736965,0.07176237477971888,0.44696298237871795,0.30401783343991906,0.03690589410994757,0.03256334753435707,0.008890765209843684,1.0,0.3244713925110396
1449,0.99,0.08999999999999997,0.2647807435841771,0.09990176247416438,0.07161032217302643,0.4478330767932108,0.3050092490660896,0.03490221961504592,0.03263426252409035,0.008856151436672722,1.0,0.2509294891252143
1450,0.99,0.08999999999999997,0.2622226006828398,0.09687031957426091,0.06886474647689887,0.44847918953510785,0.30574713678876164,0.03502582482128682,0.03263420644961129,0.008741432632955841,1.0,0.2521836610655961
1451,0.99,0.08999999999999997,0.2618612003862776,0.09703872958358224,0.06764145066968301,0.44857061910281776,0.30585166940840536,0.03227267830678668,0.032496279730663,0.008745601824172167,1.0,0.19879175568608054
1452,0.99,0.08999999999999997,0.2605094811820695,0.0959085985727949,0.06742069201835416,0.4489129171742653,0.30624327959652,0.031939253216052836,0.03232107895919571,0.008609115029113275,1.0,0.274258055215388
1453,0.99,0.08999999999999997,0.25776234683723087,0.0926966454632352,0.06522598875638898,0.4496101907202468,0.3070422573579187,0.020725076099712275,0.032548648150113726,0.008472672559660839,1.0,0.23203794716319398
1454,0.99,0.08999999999999997,0.2577463312775472,0.09269859769539757,0.06183486487296841,0.4496142621166371,0.3070469275538601,0.016230204503965166,0.033094343954046916,0.008486410970668238,1.0,0.24565409469194072
1455,0.99,0.08999999999999997,0.2548282809826565,0.08636245214632347,0.061495620663922626,0.4503573071017365,0.307900219414397,0.041896042789155374,0.03326159099766013,0.008685772150438729,1.0,0.304788033158623
1456,0.99,0.08999999999999997,0.25569213372441657,0.0892335621768797,0.06275036719622389,0.45013708202865865,0.30764711912453513,0.03547880127378445,0.03352514414237363,0.008669027192047487,1.0,0.5902592216614853
1457,0.99,0.08999999999999997,0.25463881841221486,0.08882193388744557,0.06601209750079377,0.4504056362895882,0.30795578576398486,0.04158057691859038,0.033724289925969306,0.008620867705618549,1.0,0.23729113446027306
1458,0.99,0.08999999999999997,0.25351980721301853,0.08878997861014708,0.06593169350822245,0.4506912917025801,0.3082843833751347,0.05403145206718411,0.0337937583595701,0.008608526251149636,1.0,0.20066475871201112
1459,0.99,0.08999999999999997,0.2528448550276257,0.08893391689123116,0.0640398626514743,0.45086376527144223,0.30848292233177227,0.05985645257559564,0.03383855973792121,0.00854244373814967,1.0,0.20048428907954485
1460,0.99,0.08999999999999997,0.25028122485978327,0.08672412407723261,0.06199854317106745,0.45152006587619054,0.30923935684682674,0.07009635152729327,0.03383457669549941,0.008587306140328347,1.0,0.19908821528511678
1461,0.99,0.08999999999999997,0.25005286046022973,0.08674945396230288,0.06197916973055372,0.4515786208608414,0.30930691890529266,0.07732102753653247,0.033832957345888384,0.008380865904771856,1.0,0.22912808975929225
1462,0.99,0.08999999999999997,0.24909498720681023,0.08689888926082764,0.060646379354949105,0.4518243949736725,0.30959062950668803,0.05633005639501716,0.03381068411095336,0.008505985547310255,1.0,0.18813504945773696
1463,0.99,0.08999999999999997,0.2464849748388948,0.0845060593275822,0.05852038710850077,0.4524954397339123,0.3103663317571283,0.05115952083028246,0.033751449987525745,0.008498511420138674,1.0,0.1958604254945594
1464,0.99,0.08999999999999997,0.24706219022615528,0.08464767438918894,0.059504595638784685,0.4523468637099652,0.3101944473034554,0.05991367263085554,0.03357107438943723,0.008559026449954592,1.0,0.2963845925769344
1465,0.99,0.08999999999999997,0.2472338116601321,0.08464160917348573,0.05993271646593985,0.4523027069358209,0.3101433782116721,0.05466189046240062,0.03345202074552928,0.008513802506202615,1.0,0.2527376746643077
1466,0.99,0.08999999999999997,0.24802311402797378,0.08488510648539761,0.0598580694631382,0.45209973691853045,0.3099087232210943,0.05006724620764584,0.03345952173997196,0.00853663722238613,1.0,0.3132428120265274
1467,0.99,0.08999999999999997,0.24718081512037124,0.08476107145636816,0.06043504271775898,0.4523163415866934,0.31015914650521614,0.037380799906223235,0.03361331098665751,0.008572930789775399,1.0,0.21797787512168204
1468,0.99,0.08999999999999997,0.2467187250179952,0.08479372668372542,0.06017496285364784,0.45243526036279325,0.31029670217463934,0.039824467782848275,0.033790225045744936,0.008471569924499147,1.0,0.2178541709469488
1469,0.99,0.08999999999999997,0.24656080625532592,0.08482416032907084,0.05977971852043156,0.45247591505575846,0.31034373964493867,0.047521800310892766,0.033810700687895504,0.00849731531236876,1.0,0.22239969419588607
1470,0.99,0.08999999999999997,0.24551534234263608,0.08502660440665646,0.058411478118313986,0.4527452442627447,0.3106555001944835,0.05041928436040673,0.03384463251023651,0.008525201077337499,1.0,0.177319891431182
1471,0.99,0.08999999999999997,0.24271308618833548,0.08240989912244562,0.05803549006055285,0.4534687369099874,0.3114942394581243,0.04594481084652238,0.03391773924428238,0.008412546181232798,1.0,0.18217626984444313
1472,0.99,0.08999999999999997,0.239082379494687,0.0787121777552014,0.05634168753614644,0.45440956662343435,0.3125877000759643,0.048002040628044536,0.03383465064187569,0.00838988064270153,1.0,0.14141041204127397
1473,0.99,0.08999999999999997,0.23797427452675088,0.07868267616014622,0.05648791298872399,0.45469748936300036,0.3129229589567121,0.04667045131242271,0.03380835768738891,0.008325251040009002,1.0,0.18521827689311
1474,0.99,0.08999999999999997,0.23651587149350914,0.07840052541395412,0.05473617055247313,0.4550769878351637,0.3133652987032779,0.05448053625857461,0.03363392876694342,0.00828533247856919,1.0,0.17952001540920137
1475,0.99,0.08999999999999997,0.23330194221531797,0.07380247094068539,0.05214566204177458,0.4559155410516467,0.314344525285949,0.05172841893494466,0.033602590284719736,0.008273730802210746,1.0,0.18308815358700592
1476,0.99,0.08999999999999997,0.23229323962223297,0.07433061234757221,0.052216614551362284,0.45617936135080245,0.3146531219015607,0.04496658943326033,0.03359334328694698,0.008298912751272473,1.0,0.14358234136066417
1477,0.99,0.08999999999999997,0.23160931080669925,0.0748274404714195,0.05095484968888766,0.4563584127163688,0.3148627040284677,0.0574232216164399,0.03344010106166542,0.008339855923708055,1.0,0.14357820533863652
1478,0.99,0.08999999999999997,0.22976526892573135,0.0744816125502939,0.05088630865244088,0.4568418807829371,0.3154291832023713,0.07264992261960525,0.033117986092765984,0.008256228526582095,1.0,0.1524857562022237
1479,0.99,0.08999999999999997,0.22824099085540867,0.07415386233055958,0.05051066728586689,0.45724228767397107,0.3158989738465167,0.07686370512492745,0.033035396930003194,0.008148317124882237,1.0,0.16876902379492909
1480,0.99,0.08999999999999997,0.2272316516962665,0.07429634874261086,0.05022273021768094,0.45750781368386334,0.3162108284443971,0.08297783205213871,0.0330270474798874,0.008202034980437423,1.0,0.16679115202945005
1481,0.99,0.08999999999999997,0.22671789033445083,0.07440291182770448,0.05006980678495244,0.45764308692733174,0.3163698014095853,0.08786610703231008,0.03302589854285075,0.00821661444319198,1.0,0.18586529024621146
1482,0.98,0.07999999999999996,0.22581984211304953,0.07439948738375078,0.04927516679946979,0.47985114661742106,0.3499502363943661,0.09327119907703221,0.033051319636610364,0.008169110880743322,0.0,0.1816501623445313
1483,0.98,0.07999999999999996,0.22622237232474407,0.0743056981448926,0.04893759218419026,0.4797346183955891,0.3498123248864348,0.09120557658933932,0.03307208274555372,0.008143712882273314,1.0,0.22882351918966015
1484,0.98,0.07999999999999996,0.22526292755807886,0.07436443991705313,0.0491485036086044,0.4800124608396761,0.35014122116127716,0.10099520825808485,0.03314413652916909,0.00822308618736696,1.0,0.17321926511148272
1485,0.98,0.07999999999999996,0.22529552266764857,0.07436916930340999,0.04944821504436622,0.48000301644853305,0.35013003745673915,0.11088510736664979,0.0332934016210004,0.008319387984993395,1.0,0.2376992296737988
1486,0.98,0.07999999999999996,0.22545206885722507,0.07433144825026998,0.0494324070325595,0.47995766256931593,0.3500763348641957,0.10721237585995731,0.03340701004410152,0.008258185545945252,1.0,0.21528580525258156
1487,0.98,0.07999999999999996,0.22511945756693347,0.07441332034695483,0.04957023989601907,0.4800540355038443,0.3501904556289016,0.1145335749078098,0.03356884994021357,0.008205027344994866,1.0,0.19034847485585724
1488,0.98,0.07999999999999996,0.224761160561854,0.07445160712465552,0.049444430004365644,0.4801578940928406,0.3503134725776179,0.09512713398213854,0.03360081686918472,0.008357176603560253,1.0,0.19907178029129816
1489,0.98,0.07999999999999996,0.2245587577618881,0.07450883059534057,0.04910990448187216,0.4802165839138815,0.3503830033436893,0.10268914875025177,0.03366838885717927,0.008425044206398922,1.0,0.19348271609351844
1490,0.98,0.07999999999999996,0.2251728258316175,0.07435086649657477,0.04790156233898839,0.48003856963292063,0.3501721396723732,0.11678717459149203,0.03385718624274799,0.008531786309046904,1.0,0.23642271213841412
1491,0.98,0.07999999999999996,0.22382843659534338,0.07351693308353413,0.04719616013725163,0.4804284711618334,0.35063411780167764,0.12767259581191284,0.03416640431872965,0.008594472517954135,1.0,0.20314284972845847
1492,0.98,0.07999999999999996,0.2233392873292523,0.07360719463161505,0.04696539390492724,0.4805704920700267,0.3508025088095221,0.13839924226700162,0.03461449087753605,0.008615969663870196,1.0,0.18555216636486618
1493,0.98,0.07999999999999996,0.22341464188157484,0.07358100407656651,0.04678759436453623,0.4805486079564421,0.3507765572552531,0.14057560427691862,0.03510538405083419,0.008342097963858559,1.0,0.2015660078425215
1494,0.98,0.07999999999999996,0.22376253054017095,0.07368236051436428,0.046802137288247406,0.48044760160918526,0.3506567967221533,0.15219106723132853,0.03564544969650199,0.00843729656759304,1.0,0.26243541444624036
1495,0.98,0.07999999999999996,0.22490665224399833,0.07369925875675669,0.04690341168409012,0.4801157153916822,0.3502635093452663,0.1399565617024822,0.03593927845634558,0.008550132291883101,1.0,0.282629061813057
1496,0.98,0.07999999999999996,0.22617315186556247,0.07397660408922786,0.04665082423218906,0.4797488641586552,0.349829182551871,0.12742432804254544,0.03604335389803397,0.008581003218139243,1.0,0.30503433576511774
1497,0.98,0.07999999999999996,0.22656429618163787,0.07407691376109533,0.046962368471595836,0.4796356795162834,0.34969526317007477,0.12066807648025696,0.036149509815544933,0.008478513988427454,1.0,0.26491023690651666
1498,0.98,0.07999999999999996,0.22735126433163433,0.07438335914016102,0.047047207670637435,0.4794081178716386,0.3494261326723398,0.10218638762131653,0.03618973834297566,0.008657186693828605,1.0,0.2952114011412862
1499,0.98,0.07999999999999996,0.23124333146334564,0.08232685873606059,0.04972509066641374,0.47828584548701364,0.34810117555805586,0.1016011881697854,0.0362283521683332,0.008623586824754451,1.0,0.5838192157831221
