t,cov_w,gap_w,width_mean_w,width_std_w,width_step_mean_w,ces_w,rcs_w,control_state,control_std_w,control_step_mean_w,covered_t,width_t
1,nan,nan,nan,nan,nan,nan,nan,0.2659512678354001,nan,nan,1.0,0.19560531211628995
2,nan,nan,nan,0.016495793430142958,0.032991586860285915,nan,nan,0.2764164194296179,0.005232575797108924,0.010465151594217847,0.0,0.22859689897657587
3,nan,nan,nan,0.021263410246217668,0.025699710132131126,nan,nan,0.2726935765967723,0.0043312518601144896,0.007093997213531739,1.0,0.2470047323805522
4,nan,nan,nan,0.018787718536650466,0.022021656232759534,nan,nan,0.2745222430447423,0.003946764697792184,0.005338886958344502,1.0,0.23233918394653585
5,nan,nan,nan,0.018397790700589375,0.02281048448392875,nan,nan,0.27220268285373295,0.003530939405228458,0.00458405526651072,1.0,0.20716221470909946
6,nan,nan,nan,0.017285896907723305,0.019048793384184793,nan,nan,0.27106245592787154,0.0032592104316185888,0.0038952895983808576,1.0,0.21116424369430842
7,nan,nan,nan,0.016557435592117177,0.019421184772785094,nan,nan,0.27032859712411506,0.003083403324969726,0.0033683844659434616,1.0,0.23244738541009502
8,nan,nan,nan,0.01761837191975784,0.0187883850044644,nan,nan,0.2823500983784678,0.004505921025759106,0.004604544007144789,1.0,0.24743897180463525
9,nan,nan,nan,0.020427978363669698,0.01839188220173882,nan,nan,0.2871732700058559,0.006112008791031348,0.004631872459675203,1.0,0.263055334387295
10,nan,nan,nan,0.020121199048545833,0.01808070284449907,nan,nan,0.28364458381340896,0.0063835727294384486,0.004509296207760953,1.0,0.24746406640071394
11,nan,nan,nan,0.02035516392895518,0.020262553482117716,nan,nan,0.2872842691722089,0.006947064759289968,0.0044223351228648514,1.0,0.20756485718002837
12,nan,nan,nan,0.02073528958702544,0.01879413371788258,nan,nan,0.2940266108213552,0.008196932086720149,0.004633244807072259,1.0,0.20345492110449714
13,nan,nan,nan,0.020894509107355096,0.017241233984051845,nan,nan,0.2969966763913519,0.00934208071828062,0.0044946465373159605,1.0,0.20329558419258342
14,nan,nan,nan,0.02090443402456134,0.015914985216047856,nan,nan,0.29577565398262196,0.009920652660832988,0.004242829296655499,1.0,0.20329558419258342
15,nan,nan,nan,0.020818802989208886,0.014778200557758723,nan,nan,0.29988594265753077,0.01070770936856,0.004233362109387878,1.0,0.20329558419258342
16,nan,nan,nan,0.02066140277662608,0.013805300712123462,nan,nan,0.2999969204517533,0.011243789737606306,0.003958536488376855,1.0,0.20348028706581323
17,nan,nan,nan,0.02006050389842452,0.014252821543728963,nan,nan,0.29999991685219735,0.01160669022867342,0.0037113152328810545,1.0,0.2244459210836247
18,nan,nan,nan,0.019963248868871856,0.01470638107782381,nan,nan,0.2999999977550093,0.011850564402406161,0.0034930073311122837,1.0,0.20248258746028336
19,nan,nan,nan,0.019433269470472688,0.014796558695937137,nan,nan,0.29999999993938525,0.012009892006684163,0.0032989514896269324,1.0,0.21881216566414707
20,nan,nan,nan,0.01934535186566792,0.01489853853416631,nan,nan,0.2999999999983634,0.012107668575764797,0.003125322466961207,1.0,0.20207799004185567
21,nan,nan,nan,0.01892568092926894,0.014699455681067775,nan,nan,0.2999999999999558,0.012159817380895645,0.0029690563436927664,1.0,0.21299487151405128
22,nan,nan,nan,0.020082810926760557,0.01607360525091227,nan,nan,0.29999999999999877,0.01217768643207763,0.0028276727082808713,1.0,0.2565514681618535
23,nan,nan,nan,0.020051631220872113,0.01607597810706394,nan,nan,0.29999999999999993,0.012169549088661764,0.0026991421306317934,1.0,0.2404256600756045
24,nan,nan,nan,0.01998959738926744,0.01537806831745456,nan,nan,0.3,0.012141549273267912,0.002581788124952153,1.0,0.24040160712955627
25,nan,nan,nan,0.01978148375275591,0.016082413539150936,nan,nan,0.3,0.012098319464764586,0.002474213619745813,1.0,0.2081192534913887
26,nan,nan,nan,0.01939906973752135,0.015929237846511235,nan,nan,0.3,0.012043397202537415,0.0023752450749559804,1.0,0.22037227471454712
27,nan,nan,nan,0.019250012103824838,0.015849139121667376,nan,nan,0.3,0.011979512976026034,0.0022838894951499812,1.0,0.2065256037139762
28,nan,nan,nan,0.01913533907094418,0.015315242216858826,nan,nan,0.3,0.011908793519883151,0.0021993009953296117,1.0,0.2050916810221397
29,nan,nan,nan,0.019058383076392568,0.014825934086044466,nan,nan,0.3,0.011832908038492422,0.002120754531210697,1.0,0.20347706646808295
30,nan,nan,nan,0.018945278017984308,0.014345788873009137,nan,nan,0.3,0.011753175079440195,0.0020476250646172247,1.0,0.20437878937610288
31,nan,nan,nan,0.018825910741368208,0.013867595910575499,nan,nan,0.3,0.011670641753943122,0.0019793708957966507,1.0,0.20437878937610288
32,nan,nan,nan,0.018544957568157355,0.013749325724707655,nan,nan,0.3,0.011586143197624955,0.001915520221738694,1.0,0.21458000952477518
33,nan,nan,nan,0.01853881212487867,0.013769653101529118,nan,nan,0.3,0.011500347701186315,0.0018556602148093598,1.0,0.2001802077417807
34,nan,nan,nan,0.018331542664141602,0.014181362184054814,nan,nan,0.3,0.011413791309965574,0.001799428087087864,1.0,0.22753626056665777
35,nan,nan,nan,0.01843953321576271,0.014149313242266596,nan,nan,0.3,0.011326904591359776,0.00174650373158528,1.0,0.24062795872991316
36,nan,nan,nan,0.018184754006785063,0.014417453474852472,nan,nan,0.3,0.011240033514080648,0.0016966036249685575,1.0,0.21709373734714088
37,nan,nan,nan,0.018058082843115875,0.014318656788622455,nan,nan,0.3,0.011153455856953137,0.0016494757464972087,0.0,0.20623296457656903
38,nan,nan,nan,0.018226616857452263,0.014240862185045286,nan,nan,0.3,0.011067394192949456,0.0016048953209162032,0.0,0.1947927081203018
39,nan,nan,nan,0.01836509785308131,0.013866102653859885,nan,nan,0.3,0.01098202622779685,0.0015626612335236714,0.0,0.1947927081203018
40,nan,nan,nan,0.018135483139456576,0.014056118477068863,nan,nan,0.3,0.010897493079550248,0.0015225929967666542,0.0,0.21606942787931183
41,nan,nan,nan,0.01827622901091457,0.014257135883864147,nan,nan,0.3,0.010813905944240533,0.0014845281718474878,0.0,0.19397261313043157
42,nan,nan,nan,0.01830778999607518,0.013985905765590374,nan,nan,0.3,0.010731351488229067,0.0014483201676560857,0.0,0.19710931416507105
43,nan,nan,nan,0.01835910019765128,0.013684230908198194,nan,nan,0.3,0.01064989622992089,0.0014138363541404647,1.0,0.19579375240995223
44,nan,nan,nan,0.018396265892321427,0.013365992980100562,nan,nan,0.3,0.010569590114791687,0.0013809564389278958,1.0,0.19579375240995223
45,nan,nan,nan,0.01849460838492708,0.013129269140512352,nan,nan,0.3,0.01049046944314698,0.001349571065315898,0.0,0.19284360837173287
46,nan,nan,nan,0.01857542908460403,0.012837507604056523,nan,nan,0.2990461701488193,0.010401807698663688,0.0013407768161128935,1.0,0.19284360837173287
47,nan,nan,nan,0.018721182300714324,0.012625919490157775,nan,nan,0.29939657126611263,0.010318725083638377,0.0013192469096168164,1.0,0.1897391540070188
48,nan,nan,nan,0.018578556822898724,0.013082824236543538,nan,nan,0.292653322543926,0.010213151799903515,0.0014346512035012804,1.0,0.22383959657730745
49,nan,nan,nan,0.01878935597296269,0.013580495853851302,nan,nan,0.2701217155340718,0.010666128914031623,0.0018741711161336324,0.0,0.1868685347099912
50,nan,nan,nan,0.018601014418955442,0.013829611467673933,nan,nan,0.2726117815836448,0.010964087603854098,0.0018867404004895374,1.0,0.2126556956411514
51,nan,nan,nan,0.018454516034729765,0.013740088115301132,nan,nan,0.26773932296747327,0.011419142252943961,0.0019464547648031772,0.0,0.2220091394901853
52,nan,nan,nan,0.01839670370174444,0.01393223770136921,nan,nan,0.263014072276117,0.012025072888829619,0.002000940959441473,1.0,0.19846942248541222
53,nan,nan,nan,0.018285049977639474,0.014166894675809146,nan,nan,0.26003840514401333,0.012689897375544289,0.0020196856935311308,1.0,0.22460382285765812
54,nan,nan,nan,0.01824004323221425,0.013992153380469571,nan,nan,0.2594116003179462,0.013299846450231538,0.0019934049224469043,1.0,0.22950942888046977
55,nan,nan,nan,0.01854217528342885,0.014019732362523638,nan,nan,0.25903102119681326,0.013853567349747175,0.0019635377779781272,1.0,0.24499084729185894
56,nan,nan,nan,0.01838251046650773,0.014386138958277582,nan,nan,0.26531952261089886,0.014126155522809413,0.0020421734804528086,1.0,0.21081875216286838
57,nan,nan,nan,0.0183614212592794,0.014503426257434952,nan,nan,0.25843826750051024,0.014601084357598456,0.0021285856524159478,1.0,0.23177297987395873
58,nan,nan,nan,0.018351622220801278,0.014265671858334019,nan,nan,0.2564214301803535,0.015098684471011412,0.002126625155358769,1.0,0.2327244053826405
59,nan,nan,nan,0.018208695060351585,0.01423087965258215,nan,nan,0.2657304972854053,0.015264852225611102,0.0022504603613879588,1.0,0.22047668145791488
60,nan,nan,nan,0.018192598113617196,0.014373623577052404,nan,nan,0.27241668738280156,0.015275853856552684,0.0023256422213203025,1.0,0.19782391026158774
61,nan,nan,nan,0.018305544095994664,0.01425509191253033,nan,nan,0.273238060211076,0.015268711231653269,0.002300571064769538,1.0,0.19056218655585977
62,nan,nan,nan,0.018196746365365488,0.014569581326625274,nan,nan,0.2832738522795221,0.015156526441304954,0.0024273779664691544,1.0,0.22400113272818167
63,nan,nan,nan,0.01805437530275935,0.014445674318107858,nan,nan,0.2837652614508494,0.015044524029396773,0.0023961526633217048,1.0,0.21711378592963615
64,nan,nan,nan,0.018198036790117073,0.014665641215164284,nan,nan,0.2834222307633023,0.014936438234761162,0.002363563425610997,1.0,0.18881019709697355
65,nan,nan,nan,0.01821801787212919,0.015140874527497714,nan,nan,0.2786242833535659,0.014863506862285445,0.002401600675362956,1.0,0.23389077030147742
66,nan,nan,nan,0.018143599396324095,0.015012977270223127,nan,nan,0.28183623581187794,0.014767271037612101,0.0024140676258698644,1.0,0.2270632174968279
67,nan,nan,nan,0.018346447369803155,0.015410190368258057,nan,nan,0.2988895628103561,0.014721425475356513,0.0026358745860608993,1.0,0.18583417575629935
68,nan,nan,nan,0.01851622055913564,0.015190594853767187,nan,nan,0.29830767916249257,0.014668639776147633,0.002605218004893775,1.0,0.18653146665366904
69,nan,nan,nan,0.018671024351692097,0.014967203752976492,nan,nan,0.2978181584593829,0.014610711739702952,0.0025741048092793022,1.0,0.18653146665366904
70,nan,nan,nan,0.018823284849026775,0.01475818666774243,nan,nan,0.29986045073605855,0.014574278464889344,0.0025663973812705535,1.0,0.18598644178184287
71,nan,nan,nan,0.018961989407690328,0.014547549438073636,nan,nan,0.29952580637714915,0.014533197431385536,0.0025345151952368226,1.0,0.1860000223727698
72,nan,nan,nan,0.01891971176120807,0.014497919017139154,nan,nan,0.2993803918185237,0.014489917646804873,0.002500865890495817,1.0,0.19702381192449514
73,nan,nan,nan,0.019166101933210167,0.01453266092880722,nan,nan,0.2999832705791001,0.014452452469250953,0.0024745049581358252,1.0,0.1800244752672553
74,nan,nan,nan,0.019396707372452446,0.014335874159801393,nan,nan,0.2999995483056357,0.014414420482958176,0.0024408306124974657,1.0,0.17985724847587337
75,nan,nan,nan,0.019469077443738235,0.014242277995287602,nan,nan,0.2999999878042522,0.014375732309367424,0.0024078523542017767,1.0,0.18726700646165417
76,nan,nan,nan,0.019641680289028466,0.014132334871126317,nan,nan,0.2999999996707148,0.014336461815219761,0.0023757478143652546,1.0,0.18127046277846293
77,nan,nan,nan,0.01988449632075148,0.014000163898185846,nan,nan,0.29999999999110927,0.014296680612259409,0.002344487978918271,0.0,0.17718312185081242
78,nan,nan,nan,0.020117665302236788,0.013823631835758073,nan,nan,0.2999999999997599,0.01425645429798659,0.0023140400832005093,1.0,0.176775926759565
79,nan,nan,nan,0.020255782259652987,0.013698144594492402,nan,nan,0.2814229730274585,0.014193657884136523,0.002522539915112059,0.0,0.18081155377660063
80,nan,nan,nan,0.020243341463089818,0.013645409022699088,nan,nan,0.2782850007586101,0.014157217413270128,0.0025303301980707468,1.0,0.19034358819942132
81,nan,nan,nan,0.02036675558658985,0.013595151933120369,nan,nan,0.2810776934614917,0.014097531452420254,0.002533609729380882,1.0,0.18071874634301976
82,nan,nan,nan,0.020244862917081583,0.013740714001756645,nan,nan,0.2845127687494232,0.014020027646775833,0.0025447389338074332,1.0,0.20610442583567834
83,nan,nan,nan,0.02015659623041149,0.01366794268223386,nan,nan,0.29451586517983674,0.013948478647658934,0.0026356945130343364,1.0,0.19833096003479
84,nan,nan,nan,0.020440380258968355,0.013824764742770404,nan,nan,0.29965694158408496,0.013913031166113218,0.002665879837024865,1.0,0.17164678632802288
85,nan,nan,nan,0.020331554446157297,0.014022472592112053,nan,nan,0.29999073742277027,0.013880200343819166,0.002638116932282728,1.0,0.2020790104154917
86,nan,nan,nan,0.020588586417326738,0.014212524344656233,nan,nan,0.2999997499104148,0.013847005261921747,0.002607186291757572,1.0,0.17190213885712424
87,nan,nan,nan,0.020664857973997832,0.014158022725725994,nan,nan,0.2999999932475812,0.013813412798626431,0.0025768730015879077,0.0,0.18142752397377993
88,nan,nan,nan,0.020886360135105066,0.014100016814032567,nan,nan,0.29999999981768466,0.013779465488584539,0.002547253847203029,1.0,0.17231601556538223
89,nan,nan,nan,0.021080794192838252,0.013947538389314425,nan,nan,0.2999999999950775,0.013745204596060347,0.0025183077827733674,1.0,0.17299793100421845
90,nan,nan,nan,0.0212480835760364,0.013800142764719768,nan,nan,0.2999999999998671,0.013710668341943125,0.002490012189762314,1.0,0.17382725880460836
91,nan,nan,nan,0.021157612701509895,0.013897170403898176,nan,nan,0.2999609440162477,0.013675578555592045,0.002462779343027393,1.0,0.19635988909538482
92,nan,nan,nan,0.02130637313453786,0.013988290621696941,nan,nan,0.29999894548843864,0.013640592732496652,0.002436133432358861,1.0,0.174170778871799
93,nan,nan,nan,0.021490854265470104,0.01386621405639666,nan,nan,0.2999999715281878,0.013605438030322868,0.002409664873743538,1.0,0.17141353225772793
94,nan,nan,nan,0.021391821740640988,0.014000196246719762,nan,nan,0.28882195212352413,0.013533618802520894,0.002503948255796443,1.0,0.19774009001417303
95,nan,nan,nan,0.021391911226948772,0.013996367481074143,nan,nan,0.2784320142402657,0.013515577045441806,0.0025878417624715703,1.0,0.18409979773814134
96,nan,nan,nan,0.02134703995166004,0.013898115665677545,nan,nan,0.2873830452932617,0.013447758959914822,0.002654822702371827,1.0,0.18876224275653852
97,nan,nan,nan,0.021275879136627273,0.01379165604994149,nan,nan,0.2815931141212213,0.013405430709627474,0.0026874800822642084,1.0,0.19244023531155485
98,nan,nan,nan,0.021563567181383154,0.013941392440850362,nan,nan,0.2733940209456444,0.013440263642007688,0.0027443008358035144,1.0,0.16412414934345287
99,nan,nan,nan,0.0216654599751289,0.0139049485068704,nan,nan,0.2888655041051835,0.013372525524543464,0.0028741700431885713,1.0,0.17449403625426707
100,0.86,-0.040000000000000036,0.2042587375948723,0.02158022264289027,0.013964254299864687,0.6035493121736184,0.5333268158750517,0.2662438609852566,0.013509888456940898,0.0030736394682061305,0.0,0.19427025826757194
101,0.86,-0.040000000000000036,0.2041232590456069,0.021676434339405026,0.013754367574789289,0.6036113798886581,0.5333991193361586,0.2753212710171524,0.01337782327883943,0.0030596218766675244,1.0,0.18205745718975042
102,0.87,-0.030000000000000027,0.20355864454275108,0.021766755057468314,0.013668652171706269,0.6426796992027745,0.5898304476308758,0.2849694570899684,0.013320277799307912,0.0031194738285864167,1.0,0.17213544869099318
103,0.87,-0.030000000000000027,0.20295556338483675,0.02138680839283369,0.013667597822858917,0.642993101154603,0.5901868214913661,0.27688072091169286,0.013273197611720394,0.00318270685616526,1.0,0.18669661658912173
104,0.87,-0.030000000000000027,0.20237504830554212,0.021369208725703033,0.013538627836339861,0.6432950650924396,0.5905302675697034,0.2964251105501159,0.013200478044779446,0.0033566950324017616,1.0,0.17428767601707196
105,0.87,-0.030000000000000027,0.2020385805723092,0.021555265494097225,0.01350600365094649,0.6434702138787712,0.5907295126650876,0.29564834644234017,0.013090438716167684,0.003353023690804937,1.0,0.17351544138580666
106,0.86,-0.040000000000000036,0.20167360302164208,0.021706123532511813,0.01330264916131017,0.6047358639184564,0.5347098650050391,0.2719907503035499,0.013077177875039217,0.0035845765931790154,0.0,0.17466648862759748
107,0.86,-0.040000000000000036,0.20121652744432503,0.021533852427292076,0.013273171915413698,0.6049461427211209,0.5349551474227957,0.280428705094892,0.012961637826511158,0.0035483791541587053,1.0,0.18673982767838715
108,0.86,-0.040000000000000036,0.20067293364218877,0.02104063353996409,0.013179468898544629,0.6051964149127996,0.5352471516015764,0.28332201358816617,0.012956019191821568,0.0035288855871474538,1.0,0.19307959159100907
109,0.86,-0.040000000000000036,0.19996794749875624,0.02009861548229397,0.013027262873902046,0.6055213012104255,0.5356263266014377,0.2868501492428911,0.012956846937791004,0.0035288800261603624,1.0,0.1925567200440439
110,0.86,-0.040000000000000036,0.19932159736322483,0.01959375359135049,0.012722499823152413,0.6058194723051956,0.5359744367385033,0.2826739409135267,0.012962213422991973,0.003534299450105458,1.0,0.182829052847572
111,0.86,-0.040000000000000036,0.1991948975853155,0.0195810002798884,0.012802862353111918,0.605877955255689,0.5360427275342182,0.28306787577104287,0.012978864762949273,0.0034701741289778804,1.0,0.19489487938909433
112,0.86,-0.040000000000000036,0.19899692060040441,0.0196369318506209,0.012914764573958362,0.6059693614368523,0.5361494713764039,0.28333781516628315,0.012991554848132336,0.003442900127212664,1.0,0.18365722261338258
113,0.86,-0.040000000000000036,0.19883647064289114,0.019666680615248854,0.012951061198482406,0.6060434615864301,0.5362360128528799,0.2877158237227885,0.012975598473221573,0.0034747888761800924,1.0,0.18725058844126274
114,0.86,-0.040000000000000036,0.19864505950219657,0.019715437166179062,0.012982335120887766,0.606131884160402,0.5363392903337749,0.2958573479250626,0.01297595976137163,0.00351550842696156,1.0,0.1841544701231319
115,0.86,-0.040000000000000036,0.19846064451628728,0.019757279407317804,0.012987536258314895,0.6062170992614594,0.5364388306152469,0.2998881483939767,0.0129759764346635,0.003555102595392788,1.0,0.1848540856016474
116,0.86,-0.040000000000000036,0.19828967788796,0.0197870522328815,0.012791212062492955,0.6062961215059613,0.5365311449886024,0.2999545326362013,0.01297565311539314,0.0035557428766228947,1.0,0.18638362423308674
117,0.86,-0.040000000000000036,0.1979403520780581,0.019629930158180542,0.012600973499230375,0.6064576469646722,0.5367198642010519,0.29999877238117745,0.012975644364637672,0.003556188925533644,1.0,0.1895133400934328
118,0.86,-0.040000000000000036,0.19777231099344048,0.019662226132878175,0.012474764235503562,0.606535378479664,0.5368106937459957,0.2999817913789589,0.01297550527303184,0.0035563604287441753,1.0,0.18567847899852352
119,0.86,-0.040000000000000036,0.19743477140637428,0.019587724040743385,0.012311997532662204,0.6066915759007296,0.5369932335254436,0.2999995083672319,0.012975501514145968,0.003556539387625941,1.0,0.18505820695752662
120,0.86,-0.040000000000000036,0.19736526768493212,0.019583455698859224,0.012303437224257379,0.6067237489378473,0.5370308362168092,0.29994177019351437,0.012975057525249993,0.0035571226014857907,1.0,0.19512761789764443
121,0.86,-0.040000000000000036,0.19708590103936693,0.019557747407752655,0.011965182823169657,0.6068531012408895,0.537182031446288,0.2999984277952249,0.012975045502650436,0.0035576949004925335,1.0,0.18505820695752662
122,0.86,-0.040000000000000036,0.19637096842732366,0.018656888072317055,0.011802295872803506,0.607184380553756,0.5375693460887486,0.2672826394711411,0.013132253430492619,0.0038881574088166005,1.0,0.18505820695752662
123,0.86,-0.040000000000000036,0.19582212726135925,0.018153315173883144,0.01180693510083978,0.607438943355724,0.537867059882367,0.26842613455778364,0.013260952807440938,0.0038997078642372313,1.0,0.18554154347916607
124,0.86,-0.040000000000000036,0.19518907298183627,0.017685457447994053,0.011566157430776556,0.607732830995288,0.538210864093257,0.2740152966618418,0.01330588111311685,0.003956164047106506,1.0,0.17709617917725784
125,0.86,-0.040000000000000036,0.19509299053296827,0.017640992891290133,0.011658700947990432,0.6077774609446694,0.5382630837428444,0.2696141595201995,0.013401801236320442,0.004000619977830165,1.0,0.19851100860459003
126,0.86,-0.040000000000000036,0.19466338564249955,0.01754297288934199,0.011731959048357518,0.6079770910629151,0.5384966928054505,0.265612838220322,0.013552144973706975,0.004041037364697616,1.0,0.17741178566767757
127,0.86,-0.040000000000000036,0.19435176420450545,0.017606150602299628,0.011738165139885555,0.6081219783511036,0.5386662721631411,0.2722349736055638,0.013598580849873285,0.004107927621114199,1.0,0.17536345991456548
128,0.85,-0.050000000000000044,0.1941043184671072,0.017627341139845328,0.011772195774367333,0.573363012328154,0.4875273095081284,0.2736301421184956,0.013623808553844301,0.0041220202323559345,0.0,0.1803471072823184
129,0.85,-0.050000000000000044,0.19382318240157204,0.017699656265450607,0.011813427334566657,0.5734792612663434,0.48766589257744003,0.2721092707223026,0.013660430879268033,0.004137382569691218,1.0,0.17536345991456548
130,0.85,-0.050000000000000044,0.19364276381266277,0.01768308548696837,0.011924270471643478,0.5735538886591568,0.4877548695368285,0.27046123430175517,0.013710681842102817,0.004154029402222,1.0,0.18633693048517075
131,0.85,-0.050000000000000044,0.1933779269455826,0.01771859587099165,0.011906498831930476,0.5736634695703468,0.4878855378495141,0.27117641339161347,0.0137459288042617,0.00416125343343269,1.0,0.17789510266808573
132,0.85,-0.050000000000000044,0.19308791642886303,0.017606177599691093,0.011838660987503576,0.573783514563314,0.4880287069655664,0.2743837637843337,0.01374225513135761,0.004193650912147036,1.0,0.1855789578528173
133,0.85,-0.050000000000000044,0.19297266246362554,0.017597094204805288,0.011593406447506963,0.5738312359625451,0.4880856275757527,0.2710589903372942,0.013767345990713633,0.004227234482319152,1.0,0.18865481121802952
134,0.85,-0.050000000000000044,0.19253575756398023,0.017272909916215412,0.011509743239957912,0.5740122104155864,0.4883015229295032,0.2789461373614908,0.013721375297435084,0.004306902634078714,1.0,0.18384577060213014
135,0.85,-0.050000000000000044,0.19199452890967947,0.016592033615632513,0.011298885677482478,0.5742365561365541,0.48856923457208923,0.2751597837181189,0.013697143497551386,0.00434514863047641,1.0,0.18650509329983445
136,0.85,-0.050000000000000044,0.1917012420402309,0.016403924669330265,0.011201907741440859,0.5743582003134701,0.488714427739266,0.2809951184048227,0.013634921774937147,0.0044040914050895805,1.0,0.18776505040228608
137,0.86,-0.040000000000000036,0.19142323216017182,0.01639086573448581,0.011180623068464731,0.6094869704822609,0.5402651657682715,0.28122613484011205,0.013568965327628522,0.0044064249044359375,1.0,0.17843197657065546
138,0.87,-0.030000000000000027,0.19128681719725626,0.016418997558263624,0.01120809009127374,0.6491177192468406,0.5971679165933602,0.28420405197695486,0.01349378226426089,0.004436504875515158,1.0,0.18115121182874727
139,0.88,-0.020000000000000018,0.1911220049340862,0.016465630820299285,0.011021857871742822,0.6942779355225185,0.6600828949055252,0.2846378359564532,0.01341599309031328,0.004440886531873726,1.0,0.17831148180329826
140,0.89,-0.010000000000000009,0.1907769664019527,0.016299922122524044,0.0108315273476396,0.7463179734521775,0.7297597066712957,0.2947472996714738,0.0133690416830823,0.0045430023269749445,1.0,0.18156557466595968
141,0.9,0.0,0.19062035508868136,0.016343643889278937,0.010832713123680227,0.8066373305689537,0.8066373305689537,0.2998581770911298,0.013367497729763589,0.004594627351415914,1.0,0.17831148180329826
142,0.9,0.0,0.1904452295679615,0.016366983740382084,0.010832407250293066,0.8067806510550378,0.8067806510550378,0.29999617078146046,0.013367455840818209,0.0045960212270758204,0.0,0.17959676209308828
143,0.9,0.0,0.190398000131966,0.01635829369666286,0.010948306712084094,0.8068193117413985,0.8068193117413985,0.29999989661109944,0.01336745470966926,0.004596058861718638,1.0,0.19107080881040006
144,0.9,0.0,0.19033339523482273,0.016349611435908025,0.010936058248210916,0.8068722014920242,0.8068722014920242,0.2999999972084997,0.01336745467912813,0.004596059877853994,1.0,0.18933326269562545
145,0.91,0.010000000000000009,0.19030923552914694,0.01634766917730132,0.010947112542236449,0.7466457361824475,0.7301060576018217,0.29999999992462945,0.01336745467830352,0.004586425260328227,1.0,0.19042763780415317
146,0.91,0.010000000000000009,0.19033594305003823,0.016353968235181055,0.010967135454276812,0.7466270131190997,0.7300862720484672,0.299999999997965,0.013377542790237904,0.004582885855843805,1.0,0.19551436046086335
147,0.91,0.010000000000000009,0.1903339531140304,0.01635405283732472,0.010683031994522675,0.7466284081131694,0.7300877462024236,0.29999999999994503,0.013383996463724799,0.004514772232407375,1.0,0.18954016040623434
148,0.91,0.010000000000000009,0.1899909587523196,0.016003668913833178,0.010309586925155843,0.7468689335034644,0.7303419270147853,0.2999999999999985,0.01344369159731195,0.0042871802424093875,1.0,0.18954016040623434
149,0.92,0.020000000000000018,0.1900870664503724,0.016013484099419453,0.010119202916851503,0.6949058477031318,0.6607762430755844,0.29999999999999993,0.013431405401090469,0.004262028060090483,1.0,0.19647930451526485
150,0.92,0.020000000000000018,0.18985070427467424,0.015852248204536182,0.010100075468315104,0.6950494114111859,0.6609347962546867,0.3,0.013439684471078954,0.004212811306391781,1.0,0.18901947807133457
151,0.93,0.030000000000000027,0.18959433743415435,0.01553421166356985,0.00993657304773016,0.6500157596518256,0.5981942194784192,0.3,0.013383678289736167,0.004165081501428587,1.0,0.19637245543819826
152,0.93,0.030000000000000027,0.18951655141577514,0.015509030683818864,0.009729979455997403,0.650057093131823,0.5982414729431428,0.3,0.013243743360204566,0.004135024257669964,1.0,0.19069082064749532
153,0.92,0.020000000000000018,0.18918515410382447,0.015104534800219194,0.009688238698343699,0.6954539779095655,0.6613816603922169,0.3,0.013033580970308458,0.004128692895790498,0.0,0.19146409166259026
154,0.92,0.020000000000000018,0.18884224377488443,0.01456478330600424,0.009569783000490039,0.6956626059426302,0.6616121334237695,0.3,0.012793895284512859,0.0041248486622437,1.0,0.19521839598646706
155,0.92,0.020000000000000018,0.18833013947116575,0.013438298281554073,0.009239135363494945,0.6959744054289967,0.6619566224218498,0.3,0.012527776468980798,0.004061328445939805,1.0,0.19378041691999082
156,0.92,0.020000000000000018,0.18816863089271613,0.01326295857039848,0.009036440915887149,0.6960727994181062,0.6620653425406855,0.3,0.012375761325853437,0.003991820818562143,1.0,0.19466789431790943
157,0.92,0.020000000000000018,0.18777349487871312,0.012526128181823524,0.009051159000084909,0.6963136408621882,0.6623314804889517,0.3,0.012060089230593523,0.003971448724419146,1.0,0.1922593784736495
158,0.92,0.020000000000000018,0.18743511708958205,0.0117396150314022,0.008994386515955204,0.696520019811548,0.6625595599136811,0.3,0.011666523897031083,0.0038774177435600366,1.0,0.19888662646953437
159,0.92,0.020000000000000018,0.187179763760075,0.011287131659749396,0.008805421937833964,0.6966758425821253,0.6627317817381811,0.3,0.011475536351797747,0.0038098804698489634,1.0,0.19494134850721
160,0.92,0.020000000000000018,0.1871213839003026,0.011246952749028706,0.008761923963259548,0.6967114771753589,0.6627711683290022,0.3,0.011393159805727863,0.003801583774613868,1.0,0.19198592428434913
161,0.92,0.020000000000000018,0.1871679349255288,0.011270706487098785,0.008456796878631379,0.6966830625123897,0.6627397618085453,0.3,0.011315949802149993,0.0037002121375588567,1.0,0.19521728907848224
162,0.92,0.020000000000000018,0.18681606987276822,0.010647313607762955,0.008451901068811343,0.6968978977830808,0.6629772279589308,0.3,0.011338462427848455,0.003695248408555551,1.0,0.1888146274521203
163,0.91,0.010000000000000009,0.1864494545686824,0.010220388722023702,0.008250474635461896,0.749361510477003,0.7329767940704612,0.3,0.011361427042365976,0.003691783452115681,0.0,0.18045225552105304
164,0.91,0.010000000000000009,0.186430283576761,0.010217740221966223,0.007860174324141496,0.7493750486555446,0.7329911089601651,0.3,0.01137994159225406,0.0036433193368658186,1.0,0.18689309790483732
165,0.91,0.010000000000000009,0.18595696037188808,0.009036225243523398,0.007794589428040538,0.7497094554210215,0.7333447145807223,0.3,0.011355142110081994,0.003610875372640445,1.0,0.18655844981418257
166,0.91,0.010000000000000009,0.1854860174223135,0.008055613050076054,0.007444695342528267,0.7500424768568248,0.7336968807461199,0.3,0.011356572865453425,0.0034386195443729885,1.0,0.1799689225393688
167,0.9,0.0,0.1854132988984049,0.008084910443567836,0.007451860072594482,0.8109205857457273,0.8109205857457273,0.3,0.011364900352511493,0.003432741931768306,0.0,0.17856232336544386
168,0.9,0.0,0.18534490033113155,0.008104071370129329,0.007463267007552913,0.8109771522044298,0.8109771522044298,0.2998886281677376,0.01137624542962623,0.0034289222462041925,1.0,0.1796916099263286
169,0.9,0.0,0.1852552313191325,0.008139974751318297,0.007479247003519992,0.8110513215388284,0.8110513215388284,0.2999556277945791,0.011391134902894864,0.0034089697951957673,1.0,0.17756456545376165
170,0.9,0.0,0.1851767904108451,0.008170288854111146,0.007484946042998948,0.8111162147216036,0.8111162147216036,0.2999351544803938,0.011391720499870901,0.0034057963502995645,1.0,0.17814235095310527
171,0.9,0.0,0.18514072959252606,0.008174532708500963,0.007416539982756871,0.8111460508701759,0.8111460508701759,0.2999780903646557,0.01139520634076564,0.0034047612121746802,1.0,0.182393940540865
172,0.9,0.0,0.1849711648850301,0.008101823810451656,0.0072683305151682405,0.8112863754490734,0.8112863754490734,0.2999994084398457,0.011399938894154577,0.0033988868618172415,1.0,0.18006734117489964
173,0.9,0.0,0.18502262480311096,0.008086569159063509,0.007318188081926402,0.8112437842666478,0.8112437842666478,0.2999999840278758,0.011400071022826877,0.0033987282543575907,1.0,0.18517046707533957
174,0.9,0.0,0.18497680311357584,0.0081285814507248,0.007343295451291994,0.8112817087092955,0.8112817087092955,0.2999999995687526,0.011400074593470606,0.00339872397195618,1.0,0.1752750795223652
175,0.9,0.0,0.18487528649317397,0.008162665360699983,0.007301312837311288,0.8113657418400597,0.8113657418400597,0.2999999999883563,0.011400074689880297,0.0033987238563313424,1.0,0.1771153444214666
176,0.9,0.0,0.18482232881539815,0.008202960381723258,0.007271548276633868,0.8114095859012647,0.8114095859012647,0.2998590825386719,0.0113989682166973,0.003400147261677705,1.0,0.1759746950008807
177,0.91,0.010000000000000009,0.18481602240189227,0.008209071100578441,0.007273271412069183,0.7505167656624764,0.7341984792336059,0.29999619522854415,0.011398938109187583,0.0034015322382557013,1.0,0.17655248050022432
178,0.91,0.010000000000000009,0.18481378793929884,0.008211289375594894,0.007232507502806197,0.7505183484398856,0.7342001532339006,0.29999989727117066,0.01139893729611514,0.0032139228955317127,1.0,0.17655248050022432
179,0.92,0.020000000000000018,0.1847771910304662,0.008237160071723154,0.007142278694425306,0.6981453717139596,0.664356580279206,0.2999999972263216,0.011393079261334368,0.0031822272155953746,1.0,0.17715186289333684
180,0.92,0.020000000000000018,0.18461340462172168,0.008287531503683434,0.007077249135960295,0.6982457771169069,0.6644676349609084,0.29999999992511067,0.01135241301422431,0.0031540182256550465,1.0,0.17396494732497136
181,0.92,0.020000000000000018,0.18454617610871094,0.008345914582433231,0.006821140734185699,0.6982869983349852,0.6645132297181158,0.299999999997978,0.011336790194877624,0.003119320496209954,1.0,0.1739958950419449
182,0.92,0.020000000000000018,0.18435274424813206,0.008063396188347836,0.006871563753730699,0.6984056283915642,0.6646444512074239,0.2999999999999454,0.01134510461231607,0.0030182791181448416,1.0,0.18676123977778825
183,0.91,0.010000000000000009,0.18408924358293458,0.008032785770175735,0.006751323072477963,0.7510319303705882,0.734743365555066,0.2999999999999985,0.011371686807057,0.002966349053456002,0.0,0.17198089351504198
184,0.9,0.0,0.1840020320690099,0.008212726542736422,0.006535394127952876,0.8120893214210119,0.8120893214210119,0.29999999999999993,0.011374114130085976,0.0029629773783177806,0.0,0.16292563493555678
185,0.9,0.0,0.18360918618314565,0.008277946921503515,0.006231902628438986,0.81241525501131,0.81241525501131,0.2999509989536397,0.011373828063380042,0.002963381303153293,1.0,0.16279442182906445
186,0.89,-0.010000000000000009,0.18347195351432927,0.008579162643632945,0.006182308332852387,0.7514700416199883,0.7352068007031767,0.29999867697174826,0.011373820312547502,0.002963860441344628,0.0,0.15817887197548197
187,0.89,-0.010000000000000009,0.18343427366847365,0.008596316452608896,0.006287047312694223,0.751496800810217,0.7352351080626436,0.28582298362239056,0.011358858750362204,0.0031070491966906305,0.0,0.17765953938822143
188,0.88,-0.020000000000000018,0.18333154777870223,0.008787811485267335,0.006437897791089668,0.6990325879090924,0.6653380766335889,0.2929572156530402,0.011328606141804087,0.0031791121447033257,0.0,0.16204342658823623
189,0.87,-0.030000000000000027,0.18328459816700865,0.008855177673445019,0.006492748452162793,0.6533857604763791,0.6020516736935915,0.2930956421973557,0.011298020419094494,0.003180510392577324,0.0,0.16830296983486548
190,0.87,-0.030000000000000027,0.18321917928772347,0.008948476521700253,0.006275424903354693,0.6534208834128018,0.6020919280659116,0.2860557096641405,0.011278305254097131,0.0032512263173207156,1.0,0.16728537087609086
191,0.86,-0.040000000000000036,0.18290107279971632,0.009040626305696983,0.006078930159494445,0.6134942498019945,0.5449724891200437,0.27897050780822485,0.011311597881659852,0.003322410159580561,0.0,0.16454924029466955
192,0.86,-0.040000000000000036,0.182804857413945,0.009183103170554917,0.0060510791835947375,0.6135397929240854,0.5450261032474292,0.2805073413608228,0.011325403076119771,0.0033379233667810535,1.0,0.16454924029466955
193,0.86,-0.040000000000000036,0.18283905274581513,0.009146916764909871,0.005889031379490005,0.6135236059423183,0.545007047364399,0.2737209556258091,0.011417045609006074,0.0032935634307239827,1.0,0.17483306544474608
194,0.86,-0.040000000000000036,0.18256912289338256,0.00910137171642289,0.005792522979467798,0.6136514053878452,0.5451575062587913,0.27690491931594174,0.011497878075217368,0.0032207758126116008,1.0,0.17074710477091282
195,0.86,-0.040000000000000036,0.18241871073473995,0.009198601025951141,0.005762483362080337,0.6137226417716128,0.5452413820412979,0.28056863600146675,0.011477259252312747,0.003167368596778561,1.0,0.16905858187387435
196,0.86,-0.040000000000000036,0.18228692909433036,0.009201174511829332,0.005791246031642855,0.6137850681895954,0.5453148899234158,0.28025186891565756,0.011519083285044734,0.0031120841110590537,1.0,0.17558407871558002
197,0.86,-0.040000000000000036,0.18210421956247258,0.009179122794459108,0.005519515835902424,0.6138716407249106,0.5454168382114339,0.27523622271894543,0.011585550238964903,0.0030799280809695106,1.0,0.17416928212578076
198,0.86,-0.040000000000000036,0.18225993409832303,0.00900317906903831,0.005470590925719622,0.6137978575844731,0.5453299501951806,0.2665473985419434,0.011705818634541645,0.0030114163740751964,1.0,0.1796956029284975
199,0.85,-0.050000000000000044,0.1821321867010799,0.009200923876197297,0.005452409959914015,0.5783555472167774,0.4934994413196545,0.26785630396721827,0.01191796586701186,0.002796136195341337,0.0,0.16171929652994765
200,0.85,-0.050000000000000044,0.18182292952608162,0.009306867827519638,0.005345464941327919,0.5784856637046335,0.49365564916563365,0.27112936694506873,0.011829415868513573,0.0027375064271186566,0.0,0.16334454076774563
201,0.84,-0.06000000000000005,0.18173518375604847,0.009345526407524956,0.005345629900115157,0.5468841110486966,0.44671822255828847,0.2630460938628907,0.01204522671067213,0.0027216992251930206,0.0,0.17328288018643945
202,0.84,-0.06000000000000005,0.1817231980926322,0.009358589860503658,0.005222244343942883,0.546888619021744,0.44672370326388544,0.2682783777767704,0.012229528761699035,0.002692846172017305,1.0,0.170936882349366
203,0.84,-0.06000000000000005,0.18162330366260868,0.009358284104631251,0.005155187279956569,0.5469261935834978,0.44676938739914485,0.2481425026360276,0.012854768696259247,0.002698820773050838,1.0,0.17670717358677068
204,0.84,-0.06000000000000005,0.18183375686441244,0.009427334363291835,0.0053355265524758794,0.5468470391641235,0.4466731529585184,0.2329966725924301,0.014017354199903307,0.0028439628532106543,1.0,0.1953329961974477
205,0.84,-0.06000000000000005,0.18185607906580123,0.0094102389320067,0.005521731476021048,0.5468386448130768,0.4466629480637376,0.2390157105932956,0.014857030964065078,0.0026657955992922225,1.0,0.17574766152468513
206,0.85,-0.050000000000000044,0.18192295171664813,0.009382630015456223,0.005456405750130291,0.5784435740846187,0.49360511647669403,0.23435938515477373,0.015720751289058126,0.0026275973230011095,1.0,0.1813537537122898
207,0.85,-0.050000000000000044,0.18194195806692356,0.009394286101891556,0.0054659708519587714,0.5784355768512762,0.4935955153573191,0.2440126816702755,0.01630466037166316,0.002695880030296338,1.0,0.18864046270593127
208,0.85,-0.050000000000000044,0.18179713988788004,0.009332899117944826,0.0055621306244063575,0.5784965170504361,0.4936686801498482,0.2433910795704803,0.0168859361623768,0.002666521105499067,1.0,0.17859777368665508
209,0.84,-0.06000000000000005,0.18182171530803784,0.009364381427951917,0.00562969447467601,0.5468515675454562,0.44667865811169294,0.23932181648824466,0.017548218497147654,0.002665440850477565,0.0,0.19501426205982253
210,0.84,-0.06000000000000005,0.18195683921301864,0.009474780144792356,0.005521223310477115,0.5468007567729636,0.4466168900085938,0.2372073965269365,0.018226166064214355,0.002682819487889605,1.0,0.1963414433456543
211,0.84,-0.06000000000000005,0.18178820708815757,0.009392718612801804,0.005592658862668619,0.5468641691349742,0.4466939780983884,0.24291638334159518,0.018730106836495296,0.0027377593608130238,1.0,0.17803166690298355
212,0.84,-0.06000000000000005,0.1818316402193666,0.009411284427968727,0.005657057882905215,0.5468478351501401,0.4466741206354915,0.24513768363768862,0.019164670598342818,0.002715974428889671,1.0,0.18800053573428666
213,0.84,-0.06000000000000005,0.18179799661283472,0.009397856457422886,0.005667342626623238,0.5468604874835992,0.44668950221070103,0.23897009390457355,0.019716666027743267,0.0026960356968779636,1.0,0.1838862277880715
214,0.84,-0.06000000000000005,0.18184520235887622,0.00942140085326807,0.005710667893902981,0.5468427350090184,0.44666792043843967,0.2522952086315024,0.01995428549551994,0.0027899176590801327,1.0,0.18887504472728156
215,0.84,-0.06000000000000005,0.18191965937685303,0.009474159587553346,0.005729811369060655,0.5468147366010477,0.4466338840242337,0.2553345111342315,0.020106518308199973,0.002819947136458966,1.0,0.19229978739933062
216,0.84,-0.06000000000000005,0.1819499656981928,0.00949321870786697,0.005727344855645732,0.5468033411994436,0.44662003163071123,0.25179350983144944,0.020300032500082818,0.0028552679602751874,1.0,0.189414256367062
217,0.83,-0.07000000000000006,0.1820677003201139,0.009657868613924588,0.005808533591237365,0.51841430399869,0.40406983066146335,0.2623990328112439,0.020343773724482386,0.002962222929745651,0.0,0.20128680228554297
218,0.82,-0.08000000000000007,0.1821358698962538,0.009707047887381231,0.005891069890550818,0.4928427290933511,0.36559200024429706,0.2565340809188772,0.020448150979234553,0.0030212859085748806,0.0,0.19249543661251423
219,0.82,-0.08000000000000007,0.18219169518951997,0.009739691432910251,0.005808093015684714,0.49282567778387765,0.365571118815937,0.2595325702847101,0.020506886095309564,0.003050990466070996,1.0,0.1906407362841407
220,0.82,-0.08000000000000007,0.18217589727303504,0.009719957602658058,0.005735746339168506,0.49283050298881226,0.36557702777820084,0.24919469881215994,0.02069689703710162,0.003154841111230992,1.0,0.1935478262491539
221,0.82,-0.08000000000000007,0.18228054214411535,0.009806371296430798,0.005755694498930131,0.49279854275233775,0.3655378905672131,0.2555986617606655,0.020782697497360725,0.0028890650973362624,1.0,0.19552269406555478
222,0.82,-0.08000000000000007,0.1822278821761183,0.009805453007067842,0.0059097060886886404,0.492814625440294,0.365557584362459,0.2584499371026226,0.020861911377318194,0.0029063154029455008,1.0,0.17979221015782287
223,0.82,-0.08000000000000007,0.18222122884833525,0.009803427835939914,0.005875752919407102,0.492816657483457,0.36556007272755636,0.25702480212264694,0.02096393447320119,0.002864254522904263,1.0,0.1848762107008588
224,0.82,-0.08000000000000007,0.18226564871924045,0.009790159784862036,0.005693159131586397,0.4928030911922229,0.36554346020081746,0.2466216687163827,0.021235622692344087,0.0029248807477994343,1.0,0.1815381662677764
225,0.82,-0.08000000000000007,0.18198554418182508,0.009721822216933016,0.005591526691867294,0.49288865053250513,0.36564824137934504,0.24626183254881978,0.021487639992865123,0.002888098069695246,1.0,0.17050055486305515
226,0.81,-0.08999999999999997,0.18201773835269214,0.009711948336486243,0.005673166309425092,0.46972696800646085,0.3308413107747084,0.22919536078045605,0.022044597605553832,0.002993596416999508,0.0,0.18063120275438926
227,0.81,-0.08999999999999997,0.18218344154067714,0.00973832466562056,0.005736993870949565,0.4696809948431415,0.33078522060300813,0.21014497739211901,0.023117242831915418,0.00317193192079148,1.0,0.19193377871306505
228,0.82,-0.08000000000000007,0.1822372009562443,0.0097428765865864,0.005749388643740218,0.4928117793493421,0.365554099166922,0.2163142870232278,0.023960482722241414,0.0032188858423562857,1.0,0.18572304883903756
229,0.81,-0.08999999999999997,0.18259651433417637,0.010137331710492466,0.005896846000286982,0.4695664299216863,0.3306454791182322,0.19231633699294526,0.02546838615526791,0.0034446425454849232,0.0,0.21129479770777249
230,0.8,-0.09999999999999998,0.18272828922374137,0.010269877194468884,0.005930568732095225,0.4484727575360171,0.2991400872346571,0.19351188773091885,0.026826452334711603,0.0034494947843547743,0.0,0.19951441944167136
231,0.8,-0.09999999999999998,0.18313956117858576,0.010873830368689621,0.006050003313167131,0.44836875940147264,0.29901433513515,0.18865358110817065,0.028247573735295555,0.0034661711099106124,1.0,0.2190222981525216
232,0.8,-0.09999999999999998,0.18341165916483637,0.01126487420393709,0.006081899154676555,0.4482999806267655,0.29893119550277103,0.19285317792468046,0.029459714207294013,0.003475007709602232,1.0,0.21278875647787643
233,0.79,-0.10999999999999999,0.18372951455772846,0.011841988522647616,0.006110611815418621,0.42899142328378825,0.2703963055141854,0.18594473571083725,0.03079269810755162,0.0034651218024269455,0.0,0.2204403505072403
234,0.79,-0.10999999999999999,0.18412187914171785,0.012472568636398021,0.006110435611339049,0.42890063702024167,0.27028797114883113,0.1867618560671178,0.03202372228978307,0.0034351295470017797,1.0,0.223082229001067
235,0.79,-0.10999999999999999,0.18450251014888,0.013104286901542824,0.006112718519546422,0.42881260241166147,0.27018295941991566,0.18650358956366225,0.03319443235007254,0.0033787955249487663,1.0,0.22456819401604855
236,0.79,-0.10999999999999999,0.18476937564715445,0.013435555674457141,0.00612063286252303,0.4287509017163351,0.27010938293653647,0.18808336457889335,0.03425361774702649,0.003392419348988581,1.0,0.21445160022973364
237,0.79,-0.10999999999999999,0.1851905087820818,0.013882879291297424,0.006154718262276223,0.4286535696493816,0.2699933553838148,0.18617744063784536,0.035301541799187985,0.0033815911348896435,1.0,0.22054529006339152
238,0.79,-0.10999999999999999,0.18522385891090778,0.013877140416793112,0.006490267103959043,0.42864586367360225,0.2699841712571053,0.17720035467831083,0.03650359467013933,0.003467887114485969,1.0,0.18448622471134335
239,0.79,-0.10999999999999999,0.18555330238027232,0.01409841544666654,0.006727797519774656,0.4285697564109192,0.2698934810126684,0.17997199181176826,0.03756820128599701,0.0033937676540661396,1.0,0.21125582873975046
240,0.78,-0.12,0.18595843625350875,0.014552779907196252,0.006804252473180639,0.4108713412583418,0.2441088826708944,0.181482806361114,0.03848474293254245,0.0033574033826488645,0.0,0.2220789619896042
241,0.77,-0.13,0.18638055329160025,0.014932102333304442,0.006806984756891392,0.39457339326311747,0.22078386454326854,0.17881668754935984,0.03936714407850984,0.0033829400000369796,0.0,0.22052318561244966
242,0.77,-0.13,0.18651818226843234,0.014932368177888214,0.006965464343950446,0.3945464493382287,0.22075291234331973,0.16265360013401148,0.04057315369317002,0.003546165874640105,0.0,0.19335965977629155
243,0.77,-0.13,0.18662353658340314,0.015001124982411044,0.007031212166338488,0.3945258263807188,0.2207292244480039,0.1647836726701101,0.041647644384346455,0.0035676807427077652,1.0,0.20160624030748242
244,0.76,-0.14,0.1869458373396623,0.015396893980910674,0.007221744720939818,0.37949315836948977,0.1996585199589864,0.16688790976064002,0.042604273199048845,0.003588935635378474,0.0,0.22156333832154174
245,0.75,-0.15000000000000002,0.18743811029061114,0.016262941609785624,0.007353107063574025,0.3655354630797738,0.1805679948261828,0.16483520730889586,0.04354438154686296,0.0036096700028371465,0.0,0.2396549328990384
246,0.74,-0.16000000000000003,0.18755695162944847,0.01636462824775378,0.00761858422013779,0.35262645215241717,0.16336492063241168,0.1761511474436101,0.04419388358453184,0.003723972428420321,0.0,0.20739849434459656
247,0.73,-0.17000000000000004,0.18800666585819883,0.017017839403540628,0.00789245380535672,0.3405498499379216,0.14775108121114577,0.1657578970722507,0.04500394640901365,0.00382895475540321,0.0,0.23451158328127053
248,0.73,-0.17000000000000004,0.1884759065420447,0.017687411035641355,0.007842085132634718,0.34048142808643395,0.14768059966300023,0.15576277478085396,0.045971631405688405,0.003929915586629425,1.0,0.23646422879082296
249,0.73,-0.17000000000000004,0.1890229943791934,0.01874120694010377,0.007915459203295132,0.34040168973792667,0.14759851006263808,0.16105433623913387,0.04676440712638812,0.003983365702369625,1.0,0.2511880882301343
250,0.72,-0.18000000000000005,0.1895250576000243,0.019395463053185784,0.007962017897323875,0.32912740158570936,0.13348456259507993,0.15416884287851534,0.04764409894995086,0.004052916140355671,0.0,0.23922580015442518
251,0.72,-0.18000000000000005,0.1899640841212992,0.020031925766254836,0.007915226711672975,0.32906760657172207,0.13342507664950795,0.15005865307024238,0.04854976124702973,0.004094433209126104,1.0,0.24027510756568904
252,0.72,-0.18000000000000005,0.19047077318210512,0.02067440822442727,0.007918371642453816,0.32899862298319005,0.13335648863199215,0.15573716502206236,0.04927943664969483,0.004151791915710145,1.0,0.24135972672808736
253,0.73,-0.17000000000000004,0.19125184808052226,0.0221219481373034,0.008165417606618847,0.34007721876409097,0.1472650154789299,0.16127919358419485,0.04985469519364433,0.004207772002196331,1.0,0.26957158150430205
254,0.73,-0.17000000000000004,0.1915066091127509,0.022312038191030958,0.00864460046751275,0.34004017067542247,0.1472269925393881,0.16118648817310524,0.05038682998999055,0.004208708420490166,1.0,0.22069449920932938
255,0.73,-0.17000000000000004,0.1917165450070015,0.022430893670974037,0.00869543900757699,0.34000964725445376,0.14719567447958612,0.16422451434088628,0.050824738804224605,0.0042393955534980555,1.0,0.21477400634505095
256,0.73,-0.17000000000000004,0.19190947435174352,0.02253816199538143,0.008679324479381826,0.33998160131540467,0.14716690518883535,0.1615112057902512,0.05126714930811684,0.004266802710575178,1.0,0.2139608287921122
257,0.73,-0.17000000000000004,0.1922361882483857,0.022776409687743755,0.00872319004857245,0.33993411780488186,0.1471182118154067,0.15814988887821474,0.05172402534501079,0.004300755406656354,1.0,0.22493076813786894
258,0.73,-0.17000000000000004,0.19260022765343185,0.023167365529226772,0.008787983188713443,0.33988122514981567,0.14706399339644044,0.1630823578416729,0.05205979799750597,0.0043505783254791635,1.0,0.23529056697415152
259,0.73,-0.17000000000000004,0.19290033529064352,0.023389065754276666,0.008862559254601464,0.33983763375800563,0.14701932673498763,0.16028721769017595,0.052400591917710286,0.0043788120643831726,1.0,0.22495211222837663
260,0.73,-0.17000000000000004,0.19363231235039677,0.024469429749848847,0.00923629817618899,0.33973135912351826,0.14691049629449837,0.15684704351652232,0.05275579092219265,0.004413561298460482,1.0,0.26518363025967473
261,0.72,-0.18000000000000005,0.19378115423904563,0.024523826190380092,0.009728010203360152,0.3285486392824753,0.13291010808473686,0.15754197398367273,0.05305925796028146,0.004420580798128668,0.0,0.21010147794336764
262,0.71,-0.19000000000000006,0.19491542183928845,0.02678658332230482,0.010574247956915384,0.3179533202613441,0.12012426752616026,0.15999982700109144,0.0532864597568627,0.004445407596284413,0.0,0.30224138747640295
263,0.71,-0.19000000000000006,0.1957247638590309,0.02754919537101201,0.010921865003352996,0.3178504610142957,0.12002615526302622,0.1604106496692829,0.05347019350071336,0.004449557320205539,0.0,0.261386457495295
264,0.7,-0.20000000000000007,0.19611291255463117,0.027695079850574893,0.011278873507795143,0.3080124825537966,0.10856163234287038,0.1650726505833032,0.05355396346464683,0.004496648238528977,0.0,0.225707967464868
265,0.69,-0.21000000000000008,0.19656097551462906,0.027898579308137755,0.011269451801474796,0.2987584974391486,0.09818624784468297,0.16131047117064054,0.05365319528583218,0.004534650050778094,0.0,0.23136474581396782
266,0.68,-0.21999999999999997,0.19732626581985674,0.02847659580633098,0.011509114509295483,0.29001079396663143,0.08877408846596092,0.1640006955606077,0.05368149525975977,0.004561824034515136,0.0,0.25649795306214074
267,0.68,-0.21999999999999997,0.19811125989177167,0.029025207925756986,0.011503402296506678,0.28992779065361296,0.08870393189214723,0.15994682168184887,0.05372748293679194,0.004601647287510049,0.0,0.2570617305569336
268,0.68,-0.21999999999999997,0.19868894098318013,0.02922702785156823,0.011679917114862146,0.28986673843870364,0.08865237410184787,0.16075653153565103,0.053727957817138565,0.004609149411014702,1.0,0.23745971906717545
269,0.68,-0.21999999999999997,0.19962430977824938,0.030021951255063253,0.012013896310762781,0.2897679385093375,0.08856901980579925,0.16288988892406775,0.0536650916348189,0.004630491674390776,1.0,0.2711014449606821
270,0.68,-0.21999999999999997,0.2005581587004225,0.030781992399880307,0.011975251953409035,0.2896693662833515,0.08848595716865575,0.1684853742011413,0.053503358030562234,0.004686578031893924,1.0,0.271527243170421
271,0.68,-0.21999999999999997,0.20140338102019778,0.03142532620517451,0.011998327420944982,0.2895802068207928,0.0884109117678478,0.16548297440885326,0.05334115234692379,0.00471668996843027,1.0,0.26691617251839705
272,0.68,-0.21999999999999997,0.20227483725312223,0.03202418520287109,0.01194977859315209,0.28948833748670966,0.0883336702805306,0.16543225718959628,0.05314468300617481,0.004717196449553773,1.0,0.26721296446734066
273,0.68,-0.21999999999999997,0.2028787225013237,0.03226442849569859,0.012068552179201381,0.2894247097989468,0.08828022405680269,0.16656187103165931,0.05290110912640901,0.004728606533404138,1.0,0.24555899189548636
274,0.68,-0.21999999999999997,0.20379037014564724,0.03275580552014678,0.012260881342435007,0.2893287080400166,0.08819966205223151,0.16296834761236906,0.05266136821080559,0.004764904745522184,1.0,0.26643984395471665
275,0.68,-0.21999999999999997,0.20475111361943849,0.033362656604938624,0.012317539912387435,0.2892276051071429,0.08811492044053373,0.1624725301143101,0.05239013675726155,0.004768489594495666,1.0,0.27318969180059294
276,0.68,-0.21999999999999997,0.2055841757346885,0.03367234805757217,0.01245219647577496,0.28913999578130456,0.08804157256635255,0.16450906901923226,0.05206174379238176,0.004787675717880007,1.0,0.2592809065258843
277,0.68,-0.21999999999999997,0.20633336425249657,0.033851051067171956,0.012531081064106836,0.2890612523737089,0.08797571364639124,0.16747450724271778,0.05166410013145403,0.004817592244959391,1.0,0.2514713322810287
278,0.68,-0.21999999999999997,0.2074157313938306,0.03460355910251013,0.012861570760667324,0.2889475659613287,0.08788073980500646,0.16263871484910716,0.05127725959772398,0.004866437623125651,1.0,0.2847891946336296
279,0.68,-0.21999999999999997,0.20872006256509482,0.03587317645669609,0.013059640152765926,0.28881068431780355,0.08776656150734445,0.16678533725499523,0.05080953705625515,0.004908322670672105,1.0,0.30758498001975676
280,0.68,-0.21999999999999997,0.20947466818439903,0.03592778191040455,0.013646796951224427,0.28873155223842245,0.08770064035577449,0.17834216246286655,0.05020799314386172,0.005025058278096388,1.0,0.24942550925539164
281,0.67,-0.22999999999999998,0.21013239146733853,0.03587425921862221,0.013615402417726,0.28056378747248495,0.07930290417264457,0.17869396290939296,0.04956690187093983,0.005028611817940418,0.0,0.23976822333589265
282,0.66,-0.24,0.21056384605276215,0.03585002714403086,0.013565717354624937,0.2728666010950723,0.07172545284196223,0.17583145443430018,0.04890715546349951,0.005057526044961021,0.0,0.22990669832015165
283,0.67,-0.22999999999999998,0.21125938395129396,0.03576934663415566,0.013591704490671246,0.2804522716121524,0.07921410376185205,0.18084671721996645,0.048173550251141166,0.005108185265018243,1.0,0.24153468336822148
284,0.67,-0.22999999999999998,0.21239416764815147,0.03601715046584018,0.013942594471950015,0.2803400743457389,0.07912489016053517,0.18676832350953604,0.04736744618033301,0.0051675045098991445,0.0,0.27640400462131176
285,0.67,-0.22999999999999998,0.21349428600174553,0.03616517281944257,0.013932313639417307,0.2802313901446259,0.07903859348134956,0.17264502161510903,0.0466054305289256,0.005309682528851855,1.0,0.2728062571884672
286,0.68,-0.21999999999999997,0.21453867641355093,0.03606053702992827,0.013838451787091133,0.28820163246301844,0.0872608058590221,0.17177219116095296,0.04580088462855701,0.005175310176375072,1.0,0.2626179131560191
287,0.69,-0.21000000000000008,0.215438852886275,0.036251735385223194,0.013731817046733834,0.2966544797825284,0.09635220724064732,0.17313498801442367,0.0452118218451009,0.0051170128513530625,1.0,0.2676771866606321
288,0.7,-0.20000000000000007,0.21635834323671876,0.03605129606427281,0.013806818882909437,0.30561587847843485,0.1063888633282647,0.17876311843732756,0.044414134828064916,0.005172464405682239,1.0,0.25399246163261835
289,0.7,-0.20000000000000007,0.21742339772958308,0.0361888454005139,0.014006802302403414,0.3054908321436734,0.10627696563097448,0.18622073291042357,0.043534162415303744,0.005176683415175984,0.0,0.2748084191212967
290,0.7,-0.20000000000000007,0.2184665328085077,0.0362319749768052,0.014011584219285434,0.30536845848337835,0.10616759878266299,0.1861992027500405,0.04275395290420175,0.005105333196029191,1.0,0.2715988787685555
291,0.71,-0.19000000000000006,0.21947708905161228,0.03612318183279005,0.014072129816895831,0.31486113641038593,0.11721648549461891,0.1888782676491261,0.042064462460774325,0.005116870886397753,1.0,0.2656048646051261
292,0.71,-0.19000000000000006,0.22036836875241192,0.03585548331168041,0.014088734151041468,0.3147500594628183,0.11711361409420132,0.19113644785160278,0.04130871877181075,0.005071131436574147,1.0,0.25367721037463165
293,0.71,-0.19000000000000006,0.2215394270548209,0.03625924807202079,0.014433943490810943,0.31460423380541674,0.11697872484381523,0.19313043973523236,0.040645840721751876,0.005059111519336743,1.0,0.291938895685643
294,0.71,-0.19000000000000006,0.22264257644591434,0.03637508695902765,0.0145267548939256,0.3144669880268171,0.1168519416455718,0.1943827169864889,0.03989297454778643,0.005034753545253222,1.0,0.2810620438802536
295,0.71,-0.19000000000000006,0.22355864883761511,0.0361670152100591,0.014666863237305332,0.3143531079750022,0.11674686758345425,0.19974691489355884,0.03903136231010713,0.0050857376949629265,1.0,0.2606658210439543
296,0.71,-0.19000000000000006,0.2243153375620771,0.03594627326173325,0.014747651856420256,0.3142591036294387,0.11666021732986752,0.20008842332921942,0.03814037999660536,0.005038524182225033,1.0,0.2512529511617776
297,0.71,-0.19000000000000006,0.22521198297759173,0.035802254497394166,0.014818909954528841,0.31414778505307683,0.1165577066615823,0.18975985967957798,0.037323889393317135,0.005055087207201188,1.0,0.2638338236772442
298,0.71,-0.19000000000000006,0.22617175777774798,0.035855628247176884,0.014756919579461415,0.3140287163150656,0.1164481780475539,0.1924586806902212,0.036645891811649144,0.005069126758568545,1.0,0.27567308294411896
299,0.72,-0.18000000000000005,0.227182802798271,0.03544709280475032,0.014870293722128787,0.3240762477280328,0.1285678715524334,0.19090952422289614,0.03591459454744368,0.005051713561492531,1.0,0.26282379858225124
300,0.73,-0.17000000000000004,0.22804060004114826,0.03492594469542315,0.014908285581806405,0.33480958563568997,0.14197035669845984,0.19459175218864108,0.035079607095355785,0.00500725856031644,1.0,0.24912426505547325
301,0.74,-0.16000000000000003,0.22903226284386358,0.034764570201565044,0.015120193638022798,0.34625806466673553,0.1567495968542543,0.19227354865762022,0.03438144147191088,0.0049778234049340266,1.0,0.27244916045796974
302,0.74,-0.16000000000000003,0.23008842350307052,0.034587444095325104,0.015103360270090337,0.3460988968934337,0.15658812699701904,0.20447447537435534,0.03356160887557791,0.004897672410752131,1.0,0.2765529482700606
303,0.74,-0.16000000000000003,0.230822536604952,0.03422380489833881,0.015182235440640485,0.345988349194622,0.15647608882881164,0.21584557380661323,0.03317689228591632,0.0048595438086173875,1.0,0.25011848377491885
304,0.74,-0.16000000000000003,0.23131213495171082,0.03406242106298109,0.015043248756083214,0.34591466142205823,0.1564014568542746,0.2081298267257265,0.03296180129342411,0.0048766822841731575,1.0,0.2442928308733261
305,0.74,-0.16000000000000003,0.23243318272400743,0.03406003131285647,0.015426617601471246,0.345746054513942,0.15623083765937398,0.20598259671329863,0.032651378291870786,0.004851337885929784,1.0,0.28785243875434596
306,0.74,-0.16000000000000003,0.233160580979005,0.03373658654769255,0.015694013061558678,0.3456367408550842,0.15612032941280515,0.2086308763308329,0.03241317718896407,0.004780580139485667,1.0,0.2540935792120489
307,0.74,-0.16000000000000003,0.23408921668193738,0.03377640288489829,0.015869445028910655,0.3454972855758349,0.15597947563334857,0.2075461008384144,0.0320202390703574,0.0047852586586030746,1.0,0.28150403299917093
308,0.74,-0.16000000000000003,0.23484411361008742,0.03336887501808187,0.01598055692915656,0.3453840039275658,0.15586516138092285,0.21022510863074845,0.03164420389516157,0.004771215675876796,1.0,0.2540874665016588
309,0.75,-0.15000000000000002,0.23531267621600488,0.0331344503885567,0.016090554530815728,0.35766436931453255,0.17217931967583075,0.2060200835947782,0.03130258305638838,0.00479233289885318,1.0,0.2418705226515694
310,0.75,-0.15000000000000002,0.23598095885226758,0.033015417195316595,0.01612075056998427,0.3575568946610593,0.17206773427715105,0.20153306983577407,0.03096650877958354,0.004779989736674852,1.0,0.26316970697192565
311,0.74,-0.16000000000000003,0.23697532843052752,0.03275148945540307,0.016164488437921117,0.3450645892393253,0.15554333332947948,0.19857216156036306,0.030517835749206815,0.004787460524344726,0.0,0.2774686247289766
312,0.74,-0.16000000000000003,0.23790162203752135,0.03266303647213519,0.016154861809218882,0.3449259455948273,0.1554038706153787,0.19430532204626988,0.03000452759236153,0.004768261027182889,1.0,0.2806298964336704
313,0.74,-0.16000000000000003,0.2388838259348674,0.03250036023159226,0.016119386093560263,0.3447790551879941,0.15525626297902795,0.19796501138487746,0.02959498037609305,0.004670630467704896,1.0,0.2821066175226774
314,0.74,-0.16000000000000003,0.23955606225857462,0.03215239093030811,0.016347499202172645,0.3446785930991039,0.1551553994380818,0.19754606328858992,0.028908172811232213,0.004644162241377203,1.0,0.2560986770980027
315,0.74,-0.16000000000000003,0.24023917682799067,0.031865518178901486,0.016363933911371295,0.3445765652716329,0.15505303786907287,0.19788186689802628,0.02812355297784777,0.004611786507100984,1.0,0.26061124434093763
316,0.74,-0.16000000000000003,0.24070063083762855,0.03145767891366963,0.016497055538559284,0.3445076781388308,0.15498396751364527,0.19519022480683484,0.027381194959552928,0.004531848316307015,1.0,0.2355596573308456
317,0.75,-0.15000000000000002,0.24125306012173492,0.031245023439478898,0.01662007278797655,0.356711283338464,0.17119247921731728,0.19529608167379064,0.02632231842483081,0.004473675639282662,1.0,0.2565297306961838
318,0.76,-0.14,0.24210316875034768,0.031062818934952545,0.016813222974332402,0.36976003544073155,0.18904189508210348,0.20281594998594435,0.02541267014551319,0.004519346133689942,1.0,0.2775062994737867
319,0.76,-0.14,0.24275182381679714,0.030656003836303184,0.017006081222612025,0.36964854238353984,0.18892375540942885,0.20353002567045703,0.024373105427612445,0.0044221360752249176,1.0,0.2555062429290911
320,0.76,-0.14,0.24336113045794788,0.030275140461197943,0.016996514401889425,0.3695438738935656,0.18881291669009342,0.20367280685364364,0.02358298992683086,0.00435889181496917,1.0,0.2544784903642274
321,0.76,-0.14,0.24396697775005338,0.029915825224206754,0.016854074492840394,0.3694398584155561,0.1887028361336592,0.19988118343983785,0.02253354155171699,0.00436839028034138,1.0,0.25610742327610514
322,0.76,-0.14,0.2447353979002114,0.02923673567510311,0.016808042183289684,0.3693080156605122,0.18856340110454498,0.20585679893379172,0.021374410857455572,0.004414354729977523,1.0,0.2566342251736209
323,0.76,-0.14,0.24522462364069347,0.02863410978642784,0.01700498557714291,0.36922412509054703,0.18847473509561768,0.20423054561951956,0.020170035503105838,0.004325699375512956,1.0,0.233798784749069
324,0.76,-0.14,0.24581427029449532,0.02791465322646809,0.016961212198296157,0.36912306536046435,0.1883679798125351,0.20452878274774006,0.019255943298187608,0.004325077162994347,1.0,0.2405028316479616
325,0.76,-0.14,0.2468691537396211,0.02702773780308158,0.01721732755017831,0.36894240649499266,0.18817729500413793,0.20806983509603108,0.018345861418695503,0.004188456764811795,1.0,0.27598889937562876
326,0.77,-0.13,0.24782473394865343,0.026349715002424168,0.017105183593848206,0.3828994301701066,0.20777754084533126,0.21156023435683863,0.01797400746579098,0.004031285207968062,1.0,0.27618922365762444
327,0.77,-0.13,0.24828059456906337,0.02576671479389234,0.017433048775964726,0.382815400774401,0.20768676979117684,0.21523364186895805,0.0180606187437621,0.004006074075453017,1.0,0.23751984075406174
328,0.77,-0.13,0.24923249399451644,0.025189913590464547,0.017613062935172293,0.38264005474428847,0.2074974828743302,0.21321560925166705,0.0180043726596295,0.0037840547076450227,1.0,0.2809129913843458
329,0.78,-0.12,0.24941150289032754,0.02498242883997527,0.01801646622637797,0.3978282908818763,0.229280886305507,0.23195551088851837,0.018651479395294414,0.003961270373290251,1.0,0.2291956872888825
330,0.79,-0.10999999999999999,0.24986618020423443,0.024478848451558323,0.017978876174182264,0.41421261982754737,0.2532843228780246,0.24604968541799221,0.019668887377594833,0.004054561968307683,1.0,0.24498215083235775
331,0.79,-0.10999999999999999,0.2502358372687411,0.024288653563105066,0.01802708134687102,0.4141328778339681,0.2531947635117878,0.24188944689306036,0.020518440654024844,0.004054164409806896,1.0,0.25598800460318993
332,0.79,-0.10999999999999999,0.25069332010753,0.024008241553480355,0.017975540354186286,0.41403423266752903,0.2530840136451136,0.2513698050282326,0.02158437991437596,0.004080143358507188,1.0,0.25853704035676506
333,0.8,-0.09999999999999998,0.25066019164772096,0.024052209525433504,0.018367132852535745,0.4319248503124343,0.27970995148861594,0.24876663294698592,0.022523959776394292,0.0040981842850219986,1.0,0.21712750452634189
334,0.8,-0.09999999999999998,0.25063070207599614,0.02408778531786502,0.018382484390790866,0.43193176889051355,0.2797178385654335,0.24657126435955093,0.023350095810583466,0.004117750972738962,1.0,0.22013327182858045
335,0.8,-0.09999999999999998,0.25063637216088896,0.02408171570070371,0.01833082112705791,0.43193043860898345,0.2797163220492201,0.242236749399838,0.02402787160474085,0.004145576628743829,1.0,0.2251352025053328
336,0.8,-0.09999999999999998,0.25059014522650325,0.02415545506220021,0.01842387775211359,0.43194128433579304,0.2797286863463205,0.24610658247375328,0.024764323075889133,0.004165414094732389,1.0,0.20982890679116273
337,0.8,-0.09999999999999998,0.25066319158109,0.02407540064456653,0.018241675260990867,0.4319241465074701,0.279709149172118,0.2454981019560088,0.025452320505607133,0.004080882726633498,1.0,0.2278499255220614
338,0.8,-0.09999999999999998,0.2511961472068645,0.023177710646696093,0.018071597056327514,0.4317991478474554,0.27956668598198525,0.24322711232463676,0.026038833837828356,0.004075825681157888,1.0,0.23778178728879662
339,0.8,-0.09999999999999998,0.2514185216225324,0.022898437688064273,0.018005590831402317,0.43174701385495384,0.2795072864674009,0.24532651005625172,0.026650299120104,0.004081770965827273,1.0,0.23349327030653733
340,0.8,-0.09999999999999998,0.25153780405628734,0.022776032622008207,0.01799506718171956,0.4317190541816337,0.27947543475470527,0.23219359309244567,0.026995461037546804,0.004187496199686384,0.0,0.23400720536509856
341,0.81,-0.08999999999999997,0.25203177434811486,0.022633243692037244,0.01808344580388052,0.4510717108103687,0.30872243198953175,0.24544109271997164,0.02755630802836758,0.004158045817991208,1.0,0.269920214795192
342,0.82,-0.08000000000000007,0.25248142009798885,0.021897861421930176,0.018319298324085676,0.47225326714796484,0.34104462025579896,0.2226254239192248,0.027618016293034515,0.004366991234805838,1.0,0.2383242347636907
343,0.82,-0.08000000000000007,0.2526978172118811,0.021497297366934568,0.01827001736502422,0.4721925836455102,0.34097419234521364,0.22185783185001212,0.027678595053465295,0.004353489769944046,1.0,0.22324595169671557
344,0.83,-0.07000000000000006,0.2528466309063932,0.021332128971891497,0.018220594753898305,0.4955482129388177,0.3767812537358748,0.22145909950613682,0.027742187587565047,0.0043367830011776945,1.0,0.2364447077727465
345,0.84,-0.06000000000000005,0.25274292368783136,0.02142103262266579,0.0179671003920341,0.5214208271735037,0.41644889301851284,0.2216164693855374,0.027777465422313123,0.004224070170315941,1.0,0.229284211042861
346,0.85,-0.050000000000000044,0.2530151097744318,0.021012159203311974,0.017747098402388726,0.5500008554291697,0.46012769446799,0.225534422702527,0.027933666650043924,0.004158663129362711,1.0,0.2346171030046429
347,0.86,-0.040000000000000036,0.25295430036808886,0.021074327792696215,0.017789864208935368,0.5820374445969003,0.5085492487295479,0.23001053813326722,0.028054946994853808,0.004102915585315675,1.0,0.22843064264697288
348,0.86,-0.040000000000000036,0.25276515862541354,0.02130509091619514,0.01775104328655526,0.5821180333445164,0.5086410343465184,0.2229807855307592,0.02796169258641378,0.004120473071621009,1.0,0.217550054523292
349,0.86,-0.040000000000000036,0.25248290848571836,0.021510090762721843,0.017684889060914998,0.5822383348485503,0.5087780646983738,0.2318537790100832,0.028025085110028315,0.004140548830395813,1.0,0.222963074260615
350,0.87,-0.030000000000000027,0.25229391673764295,0.02170785671086996,0.01770092079326313,0.618325158857467,0.5623881704345871,0.2320690744529541,0.02798135136585853,0.00410120646306852,1.0,0.22032662534688607
351,0.87,-0.030000000000000027,0.2521451322470589,0.021840307081609698,0.01774117750031364,0.6183967017980256,0.5624680627657815,0.22960887476683123,0.02782041502512938,0.004068698258364508,1.0,0.2253966585072853
352,0.87,-0.030000000000000027,0.25180988895059214,0.02225661479052023,0.017633595749300186,0.6185579640468459,0.5626481605046232,0.23612125546583776,0.027810335205890976,0.004078499795100609,1.0,0.20783539708140286
353,0.87,-0.030000000000000027,0.2511074825447315,0.022787039075244195,0.01722579144493845,0.6188961158171721,0.5630258780075272,0.23776469959868904,0.027877898278535422,0.004094163822593151,1.0,0.199330940918242
354,0.87,-0.030000000000000027,0.2506962223165786,0.023685624612792815,0.017365609340493228,0.6190942759568218,0.5632472677773526,0.2449266456155725,0.028033455223021163,0.004135819578644691,1.0,0.1795684763940406
355,0.87,-0.030000000000000027,0.25075640117319903,0.023601775897438088,0.01777379356332267,0.619065271669137,0.5632148613975195,0.24279852849421907,0.028168688837634535,0.004129908554106492,1.0,0.22079189200709393
356,0.86,-0.040000000000000036,0.2508201967604578,0.02351067742610061,0.01766754674658881,0.5829480313060033,0.5095867998920683,0.23556293502449926,0.02814498992539338,0.004169042660749758,0.0,0.22034038751798923
357,0.86,-0.040000000000000036,0.25090584185844095,0.023431677723329648,0.017695779994890984,0.582911433085796,0.5095450797165205,0.23102034000917426,0.027999945166565118,0.004165104540061544,1.0,0.23349527793618718
358,0.86,-0.040000000000000036,0.2507073594583273,0.023646191373184227,0.01777370419921044,0.582996256428753,0.5096417765986002,0.24178237047263612,0.02804212260334566,0.0042455781795763415,1.0,0.2154423269627861
359,0.86,-0.040000000000000036,0.2504332984547005,0.024097618517260742,0.017548096088763874,0.583113419591841,0.5097753542903594,0.23436324772411482,0.027926465000420862,0.004285769579322479,1.0,0.19754601186569798
360,0.86,-0.040000000000000036,0.25015929302887857,0.024084117062362083,0.017398145821041423,0.5832306060820528,0.5099089749122048,0.22935470751664436,0.027683253025788706,0.004329341394881269,1.0,0.23778308767748224
361,0.87,-0.030000000000000027,0.2502945134869487,0.023896058150227346,0.01661046556239564,0.6192879564321739,0.5634636839878797,0.24181196323153892,0.02757545444094844,0.004430345462532539,1.0,0.22362352375037964
362,0.88,-0.020000000000000018,0.2492415176109019,0.023903831034635413,0.016467301864391107,0.6607492117355592,0.6233515025024746,0.23506087885914115,0.027398564398294616,0.004494388510049774,1.0,0.19694179987172
363,0.89,-0.010000000000000009,0.24888506224899914,0.02398570120565033,0.01639781329270294,0.7077214704178499,0.689145149860565,0.23076417324606643,0.027162657249632564,0.004490698658525073,1.0,0.22574092130501788
364,0.9,0.0,0.24876921745637767,0.024124931821378946,0.016458021926573634,0.7617076922302001,0.7617076922302001,0.23887119661946643,0.027067837421662386,0.004534585971259793,1.0,0.2141234882027192
365,0.91,0.010000000000000009,0.24840481919863053,0.024654461596389704,0.016398076077233145,0.7080240896577846,0.6894622794707785,0.23937496169420425,0.02689794190891832,0.004512500523631212,1.0,0.19492492003925466
366,0.92,0.020000000000000018,0.24802593141763513,0.02481777058187021,0.016631616253279108,0.6614172833098038,0.6240778450297054,0.24955641032134465,0.026889839920082884,0.00457439521805931,1.0,0.2186091749625978
367,0.93,0.030000000000000027,0.24758860828609638,0.02503901973559952,0.01648694702166072,0.6205957495577963,0.5649258049626436,0.25270701186091105,0.026834661675140238,0.004598040588622585,1.0,0.21332941740305977
368,0.92,0.020000000000000018,0.24733477220387542,0.025268033309697756,0.016159791270796815,0.6617977388931332,0.6244915849209791,0.24529674803018386,0.02665179755213322,0.004651342673898448,0.0,0.21207611084507993
369,0.91,0.010000000000000009,0.24670136549270455,0.025457509096554167,0.01619907954142046,0.7090995902303797,0.6905895166842323,0.23915662844814195,0.02640478170313665,0.00465684403051429,0.0,0.20776077384360025
370,0.9,0.0,0.24614702577159395,0.02551436437182893,0.016236669708730913,0.7636257353902165,0.7636257353902165,0.23355108485123127,0.026174517224865478,0.004683138412379165,0.0,0.21609327105935927
371,0.9,0.0,0.2459233621010253,0.025429209590984294,0.01652111155169287,0.7637897848829419,0.7637897848829419,0.2276869366453984,0.02583067356600425,0.004741859937496093,1.0,0.24454980546153648
372,0.9,0.0,0.24547678172962303,0.02544353812154974,0.0165245550422239,0.7641175469507818,0.7641175469507818,0.2278343175784,0.025466995264186477,0.00473193839296012,1.0,0.22255492732711013
373,0.9,0.0,0.24504000199685533,0.025810631407133508,0.016522464705346754,0.764438388186975,0.764438388186975,0.23345484413238368,0.025143982636449323,0.004752413172098437,1.0,0.2018810186187172
374,0.89,-0.010000000000000009,0.2443538703171417,0.02614248201926041,0.016495237379988,0.7105870810432681,0.6921489929560689,0.22958084331797085,0.024699732918993873,0.004786536235899991,0.0,0.1978266759833578
375,0.88,-0.020000000000000018,0.2438738250000954,0.026049151063520643,0.016631092923805078,0.6637094545600994,0.6265716467366476,0.233466551626048,0.024246792703919707,0.004805214714719739,0.0,0.22518516009595713
376,0.87,-0.030000000000000027,0.24300885770214248,0.026943899161089982,0.017081511197749623,0.6228218229912272,0.5674178138820123,0.2287909684422138,0.023775347432523963,0.004822488906238412,0.0,0.17278417673059132
377,0.87,-0.030000000000000027,0.24275061537198334,0.026985277184090075,0.017278936048072107,0.6229478222432172,0.5675589879047128,0.22870779018911644,0.023338752668194816,0.004774482702798884,1.0,0.22564709926511806
378,0.86,-0.040000000000000036,0.24219060927793581,0.0266864860794859,0.017080407771078502,0.5866593729201168,0.5138258346387916,0.23277967537088876,0.022796447415004417,0.00477372778134317,0.0,0.22878858522887824
379,0.85,-0.050000000000000044,0.24149766674232442,0.025866507756668513,0.01658891959396103,0.5544173868155144,0.4652396069437967,0.2307161614082412,0.022301310109526937,0.004677835748563132,0.0,0.23829072645861382
380,0.85,-0.050000000000000044,0.24136328161691797,0.025859878811322186,0.016514641248752616,0.5544693374215947,0.4652999230287937,0.23455499897184173,0.022038456050008908,0.004713058345705294,1.0,0.2359869967147481
381,0.86,-0.040000000000000036,0.2411599448699217,0.025951401455331046,0.01658222633019442,0.5871057940071701,0.5143368379099894,0.2397443780844808,0.02181060921543318,0.004736562089518894,1.0,0.21943454863626854
382,0.86,-0.040000000000000036,0.24107546565108964,0.02600159813462417,0.016485218681230825,0.5871424153911234,0.5143787677676597,0.24771964299345306,0.021602268485863538,0.004766461100865419,0.0,0.22145877643694267
383,0.85,-0.050000000000000044,0.24047775896334642,0.02666274977803105,0.01653396050537176,0.5548119063937209,0.4656977636200825,0.25111757936285334,0.021511157152248057,0.004740969485510173,0.0,0.18176401459390013
384,0.86,-0.040000000000000036,0.2398460854213824,0.026552157029807268,0.016815525034646117,0.5876758639867827,0.5149897247844646,0.2572755660164069,0.021594280423740186,0.004660511755804381,1.0,0.21323665042490614
385,0.86,-0.040000000000000036,0.239592446256282,0.026356517444829763,0.01705812449142466,0.5877860428991012,0.5151159548230956,0.25628932492705925,0.02136904196597646,0.004661657317776013,1.0,0.24744234067843007
386,0.85,-0.050000000000000044,0.2392510095639649,0.0262770594963781,0.017198617655561167,0.5552871806773481,0.46625003325450787,0.2633644556927457,0.021215919516817314,0.004719357660323646,0.0,0.22847424392430282
387,0.84,-0.06000000000000005,0.2385540047492355,0.026437723930750473,0.017368444056658064,0.5263176075139429,0.42216492831214736,0.25766163337072917,0.020950904439972808,0.004720112123951047,0.0,0.1979767051876964
388,0.84,-0.06000000000000005,0.2382106881810249,0.02645791849148411,0.01737721316913469,0.5264372304063989,0.4223051790169072,0.266309392217146,0.02093699877344147,0.0047321337842876204,1.0,0.21966080481156114
389,0.84,-0.06000000000000005,0.2375282620020142,0.02638514345270968,0.01747706633316087,0.5266751718882041,0.42258423870995465,0.27631981976272296,0.021257855758399245,0.004833031737673418,0.0,0.2065658012202285
390,0.83,-0.07000000000000006,0.2367181463353531,0.02656964369600987,0.017577919615528136,0.5005794822426337,0.38267021488803604,0.28180602802869426,0.02167283280424673,0.004861386721177314,0.0,0.1905873121024395
391,0.83,-0.07000000000000006,0.23611819843625098,0.026587943225062995,0.017609183336356242,0.5007686071458933,0.3828928258803114,0.2872990955771675,0.02223026616628135,0.004894062350934854,1.0,0.20561007469491632
392,0.83,-0.07000000000000006,0.23559609335106957,0.02675014400650686,0.017264553917441302,0.5009333095625171,0.38308676413308634,0.2931490175966831,0.02292983884275992,0.004933011140186228,1.0,0.20146670185648397
393,0.83,-0.07000000000000006,0.23476627463511948,0.026272283715524328,0.017230346548034917,0.5011953058717948,0.38339540857436205,0.2997998641924075,0.023786716667177178,0.004987542143665701,1.0,0.2089570240906411
394,0.83,-0.07000000000000006,0.2338472950880281,0.02624406559418682,0.017224252730693775,0.5014857726708765,0.38373779655456774,0.299994596333195,0.02459121125444634,0.004935325317743657,1.0,0.1891640891711146
395,0.83,-0.07000000000000006,0.2331477998916828,0.026451317135349216,0.017144852148432515,0.5017070916378854,0.3839988205202021,0.2999998541009963,0.025396688228516262,0.004931928846351139,1.0,0.19071630140942641
396,0.83,-0.07000000000000006,0.23256223369952583,0.026691094732023163,0.01703777293652529,0.5018925139508857,0.38421760389818777,0.29999999606072686,0.02614307263488902,0.004827601354533857,1.0,0.19269633194607794
397,0.83,-0.07000000000000006,0.23189270063239298,0.026737969054520184,0.016960448954212202,0.5021046927910842,0.38446806526231475,0.2999999998936396,0.02668712320900055,0.004800340574960822,1.0,0.19688051696395692
398,0.83,-0.07000000000000006,0.23111128803704897,0.026588491186936923,0.01683723705606975,0.5023525538746352,0.3847607921860794,0.2999999999971283,0.0272176687516946,0.004784692530881668,1.0,0.19753182340972186
399,0.83,-0.07000000000000006,0.23041970222490477,0.026653983220095046,0.016737914556222405,0.5025721264671485,0.385020240962,0.29999999999992244,0.02767235416110413,0.00474749830903368,1.0,0.19366521736783104
400,0.83,-0.07000000000000006,0.22985879723196082,0.02684396920784896,0.01650868785121487,0.5027503500325601,0.3852309218724874,0.2999999999999979,0.02813351802844787,0.0047240821117514025,1.0,0.19303376576108056
401,0.83,-0.07000000000000006,0.22897930087776536,0.02687490305725659,0.016553439900816543,0.5030300583648828,0.38556173313476977,0.29999999999999993,0.02851320992149434,0.0046008404277439975,1.0,0.18449952503842404
402,0.83,-0.07000000000000006,0.228055392307299,0.026811566736024743,0.016289833530310088,0.5033242266233797,0.38590986195304244,0.3,0.0290135980399396,0.004485980847620181,1.0,0.18416209122342142
403,0.83,-0.07000000000000006,0.22755591889565452,0.026861089905508923,0.0163926961412743,0.5034833999920239,0.3860983254949779,0.3,0.029583867625000593,0.004408044008419305,1.0,0.2001711426104713
404,0.83,-0.07000000000000006,0.22722412082964094,0.026857224476214876,0.01606322415925894,0.5035891938490101,0.38622362281465505,0.3,0.03004962166755488,0.004386354816374579,1.0,0.21111302427197054
405,0.83,-0.07000000000000006,0.2263155918556432,0.026322279619551532,0.01586478601153268,0.5038791061056215,0.3865671283308036,0.3,0.030457134191459984,0.004359604517207566,1.0,0.19699954135457332
406,0.83,-0.07000000000000006,0.22576735668685682,0.026308939230330414,0.015610847296297446,0.5040542098891382,0.3867747062034887,0.3,0.030859772979357117,0.004348647189001319,1.0,0.19927006233340716
407,0.83,-0.07000000000000006,0.22482551255805813,0.025980564402462707,0.015454623818687301,0.5043553148596918,0.3871318368887924,0.3,0.03121866163931971,0.0043215865042302674,1.0,0.18731962011929926
408,0.83,-0.07000000000000006,0.22411090735740288,0.026148109614639436,0.015378621089728482,0.5045840122990136,0.38740324291837674,0.3,0.03157542749266058,0.004279111503866932,1.0,0.18262694643613298
409,0.83,-0.07000000000000006,0.22353839683494198,0.026378733189677244,0.015183604318506171,0.5047673844105871,0.38762095631472726,0.3,0.031855626532934035,0.00423378813256386,1.0,0.18461947040548043
410,0.83,-0.07000000000000006,0.22273296922958408,0.026385979446863658,0.01505929731054957,0.5050255843984232,0.38792765766117887,0.3,0.032048239403782174,0.004203879968165769,1.0,0.18262694643613298
411,0.84,-0.06000000000000005,0.2219713364244634,0.025889599034126267,0.015216035957782719,0.5321583524128984,0.4290473861077072,0.3,0.03216734065864894,0.004160780579134524,1.0,0.2013053442169086
412,0.84,-0.06000000000000005,0.2210373115911954,0.025437414790228145,0.01534332090749006,0.5324911933817387,0.42944172503731065,0.3,0.032187089100761505,0.00412381402015869,1.0,0.18722741310687496
413,0.84,-0.06000000000000005,0.2200362365987914,0.024980094558836593,0.01513342549738829,0.5328483903318807,0.4298651776800256,0.3,0.03223119907260649,0.004119582221206291,1.0,0.18199911828227555
414,0.84,-0.06000000000000005,0.21968289664611004,0.02471599856819894,0.015479415359051488,0.5329745812045027,0.4300148392117267,0.3,0.032236300208296875,0.004116190265555418,1.0,0.2207646818298672
415,0.84,-0.06000000000000005,0.2188884812799936,0.02466436397323929,0.01562631825895531,0.5332585149253187,0.43035170455820904,0.2976348210116942,0.03217853016507719,0.0041128926584555634,1.0,0.18116970772929708
416,0.84,-0.06000000000000005,0.21837737558854622,0.024842525194395212,0.015447624391192408,0.5334413503038673,0.43056871390782636,0.29886485201031143,0.032061907487706896,0.00412424795271477,1.0,0.18444908818610828
417,0.84,-0.06000000000000005,0.21761382172181176,0.024831567363586764,0.015278919092058784,0.5337147264307769,0.43089331773856243,0.2880898881049068,0.03177321088964114,0.0041571277061819515,1.0,0.18017434402273413
418,0.84,-0.06000000000000005,0.2166792745458176,0.02431309338260467,0.015095860317381376,0.5340497050877713,0.4312912813822096,0.2898050037029621,0.031602694376745705,0.004167239220460159,1.0,0.1840515818743662
419,0.84,-0.06000000000000005,0.2157992119142864,0.02448392728297638,0.015252666878326143,0.5343655389891699,0.4316667162065522,0.2886023511226642,0.0314051326776968,0.004177944992148152,1.0,0.16749997977597064
420,0.84,-0.06000000000000005,0.21500610544437224,0.024502691538010803,0.015313666178174253,0.5346504865500723,0.43200561590293235,0.2831110019776266,0.031130421990888276,0.0041951139389282705,1.0,0.17516784337281144
421,0.84,-0.06000000000000005,0.2142165704331296,0.024437537142641613,0.015328406348694626,0.534934452960307,0.4323435184529456,0.2792173109023002,0.03073416952300953,0.004174084399346176,1.0,0.1771539221518441
422,0.84,-0.06000000000000005,0.21325726604743028,0.024635676623313875,0.015263908319640097,0.5352798852772087,0.43275479031498976,0.2728529048280253,0.03037510934291373,0.004221944528235091,1.0,0.16070378660369067
423,0.84,-0.06000000000000005,0.21309797810431902,0.02455370486091669,0.015773627076562942,0.5353372858680334,0.43282315581687736,0.2770364016720898,0.02999410924363301,0.00426118957586988,1.0,0.21786999043794486
424,0.84,-0.06000000000000005,0.2125676187542158,0.02452880765040963,0.015722283905579514,0.5355284935547783,0.43305093888191604,0.2736059874924291,0.029574991971572394,0.004260072018610988,1.0,0.18746689663763716
425,0.84,-0.06000000000000005,0.2118049149356856,0.02371727415416859,0.015844014174296463,0.5358037067543511,0.43337893177304126,0.27288374155416417,0.02919270053361967,0.0042321108739388396,1.0,0.19971851752261083
426,0.84,-0.06000000000000005,0.21078717669206395,0.023108432851960167,0.015709001399787266,0.5361713871582223,0.43381737418820376,0.28209016805581355,0.028909626787867907,0.004287999954641163,1.0,0.17441539929545868
427,0.84,-0.06000000000000005,0.21001554777932208,0.023488081713558227,0.015412691290547889,0.5364504916434962,0.43415038424880137,0.2801930279849155,0.02865121332116301,0.004286778817808911,1.0,0.1603569494798729
428,0.84,-0.06000000000000005,0.20906223569474405,0.022505261433800737,0.015145090576923736,0.5367957139321332,0.4345625095478965,0.2772242143387432,0.02832344828808988,0.004127474898711142,1.0,0.18558178292654515
429,0.84,-0.06000000000000005,0.2082970586912472,0.023100640092936324,0.015317992924841645,0.5370731285965255,0.43489386886125253,0.28151016815299446,0.028259652123319642,0.004028401962193742,1.0,0.15267798693919699
430,0.83,-0.07000000000000006,0.20753895027548847,0.023128232253409077,0.015373421900058389,0.5099463831220012,0.39380575324331357,0.2753048886334027,0.02825870148404772,0.004049058941937782,0.0,0.16917130925648682
431,0.83,-0.07000000000000006,0.20686579486486792,0.02268365763110685,0.01554465542057433,0.5101666133520046,0.39407029990226167,0.2741914757052956,0.028223971134452127,0.003964544343886618,1.0,0.1886724635411401
432,0.83,-0.07000000000000006,0.2062649227841776,0.022095166539813155,0.015225138581343627,0.5103633560330948,0.3943067399886517,0.27273621377311946,0.02822932863588578,0.0039529492918758055,1.0,0.19844983228772373
433,0.83,-0.07000000000000006,0.2060904904306302,0.022077568955271073,0.015207246354895594,0.5104204985906557,0.39437543137350045,0.2742361157072259,0.028228624452033755,0.003945924376185618,1.0,0.19968426917160698
434,0.83,-0.07000000000000006,0.2058789489459358,0.02204332142616785,0.015163844487579561,0.5104898149555135,0.39445876843698874,0.273686298466814,0.028212160000061555,0.003907695106293688,1.0,0.1989791233591418
435,0.83,-0.07000000000000006,0.20527668277771013,0.02232986718741701,0.015353382285177578,0.5106872642647048,0.39469622503095886,0.27679557941920063,0.028179869282295555,0.003900012761631782,1.0,0.16490858568276812
436,0.83,-0.07000000000000006,0.20473699756895822,0.02285922538065816,0.015262747750186658,0.510864326589372,0.39490925071792576,0.2766862796534425,0.028168147368685326,0.003894970531813738,1.0,0.15586038591597062
437,0.83,-0.07000000000000006,0.20400546007743195,0.0232746171049019,0.015174185606548289,0.5111045287651117,0.39519837210720143,0.27596769069411353,0.02814597716573468,0.003879289716944616,1.0,0.1546961763694339
438,0.83,-0.07000000000000006,0.20354005077600357,0.02305888426708947,0.015500005442853997,0.5112574646821764,0.3953825336161813,0.2766808324883422,0.0281085441555701,0.003865287131718492,1.0,0.1912408571459583
439,0.82,-0.08000000000000007,0.20305216932578346,0.02293577349717708,0.015560831673186072,0.4865355835251538,0.3579317598731989,0.27534282390026604,0.028075592185726143,0.003746146643074756,0.0,0.18470512528452154
440,0.83,-0.07000000000000006,0.20246051596525458,0.0228927001448363,0.015297702850380145,0.5116125580420221,0.39581036483615906,0.28117027138393796,0.027950906666342375,0.003671196621419664,1.0,0.1748418693122149
441,0.83,-0.07000000000000006,0.20175717008799807,0.021866768501488797,0.015228488483974347,0.5118441763850917,0.39608960683291694,0.2871077136592671,0.02798081812911424,0.0035007094847992835,1.0,0.1995856270695422
442,0.83,-0.07000000000000006,0.20119354044812135,0.02164220784560793,0.01525420639535365,0.5120299362920397,0.39631366330575657,0.2848369242540159,0.027733935858924575,0.0035158932962744203,1.0,0.1819612707760161
443,0.83,-0.07000000000000006,0.20072591394234862,0.021665856935317123,0.015176218653743013,0.5121841580524338,0.39649974868870225,0.278218343763313,0.027420406749590346,0.0035787200452322746,1.0,0.17648330111943822
444,0.83,-0.07000000000000006,0.20022946396788183,0.021408969225750158,0.01520809655754851,0.5123479874033556,0.39669749529851495,0.27287798521604784,0.027066533475379816,0.003631073466119796,1.0,0.1867997103260679
445,0.83,-0.07000000000000006,0.19961098611597217,0.021453985612670496,0.015349817694037348,0.5125522328381031,0.3969441243128289,0.27065281474628833,0.026696490728411043,0.003613974649481108,1.0,0.167436425851891
446,0.83,-0.07000000000000006,0.19900789223647186,0.02130863790834585,0.015356735157118707,0.5127515547657449,0.39718491418868956,0.27442913024098603,0.02638463043857764,0.0036069059632584566,1.0,0.1743077150546155
447,0.83,-0.07000000000000006,0.1983368238452547,0.02142782396152399,0.015377980848085117,0.5129735244998395,0.3974531870188189,0.27273138723925233,0.02612433001533554,0.003553047280422352,1.0,0.16132380352526
448,0.83,-0.07000000000000006,0.19789123724171712,0.02148686850214342,0.01544115833199373,0.513121017674018,0.39763151935172586,0.2699827435863801,0.025737619626500025,0.0034911851609632436,1.0,0.17299139416953557
449,0.83,-0.07000000000000006,0.1975925645409659,0.02134339017853478,0.015617602383531342,0.5132199285132334,0.39775114352456237,0.2712577263793871,0.025480772773123682,0.0035018890735908814,1.0,0.19309580418548822
450,0.83,-0.07000000000000006,0.1971519587395579,0.021324305379146088,0.015736387492814224,0.5133659126926897,0.39792774610673304,0.27360852502180333,0.02522164254161827,0.0035007840125433395,1.0,0.17626604520608358
451,0.83,-0.07000000000000006,0.19702170879834058,0.021190747948236974,0.01592370423779999,0.5134090837966557,0.3979799826182387,0.28080417458950985,0.024937687163725603,0.003507685718287784,1.0,0.21237166438555644
452,0.83,-0.07000000000000006,0.19678362469904304,0.0212016599333941,0.016124110511241865,0.5134880151034972,0.3980755012845832,0.27958641409663976,0.024732280508450177,0.0035033858835404994,1.0,0.18402698715164956
453,0.83,-0.07000000000000006,0.1964288888126937,0.021451364812873026,0.016128223343000802,0.5136056646571505,0.39821790539953406,0.27616458877886074,0.024529061673624095,0.0034656068865798477,1.0,0.16385735228331355
454,0.83,-0.07000000000000006,0.1962276713732345,0.021701489066455724,0.0157563769210023,0.5136724231796065,0.3982987268237496,0.2792890003454575,0.024413136295591067,0.003475670466834831,1.0,0.15944673244811192
455,0.83,-0.07000000000000006,0.19581727576798513,0.021620975048328963,0.01595692333054721,0.5138086351869441,0.3984636689270516,0.2724751740810896,0.024254020974892397,0.0034714101920332962,1.0,0.17975233148216252
456,0.84,-0.06000000000000005,0.1953076114319142,0.021637593833750246,0.015928877746234797,0.5418265842444372,0.44059705141684247,0.2747829985947978,0.02399626510788822,0.003448836752623026,1.0,0.16937395391089338
457,0.84,-0.06000000000000005,0.19477366560226678,0.021345488823573185,0.015854875625903056,0.5420237815115714,0.4408346896301127,0.2674666465771115,0.02365725231128814,0.0034140319198374142,1.0,0.1801006949714521
458,0.84,-0.06000000000000005,0.1944175281678338,0.021294710103810663,0.01567685336686143,0.5421553902691911,0.440993334906111,0.27639879257763206,0.023471109324501818,0.0034293149829889217,1.0,0.17982858351948483
459,0.84,-0.06000000000000005,0.19432547999207953,0.021300881431765083,0.015356404225033158,0.54218941659403,0.4410343573345067,0.27361064320998435,0.02316572418153082,0.003406886792687682,1.0,0.1883411942902702
460,0.84,-0.06000000000000005,0.19385342352113274,0.020850888561284458,0.015235966673168809,0.5423639830820164,0.44124485523282925,0.2817598248815176,0.02277716890928165,0.0033633708932597896,1.0,0.19057744058280224
461,0.84,-0.06000000000000005,0.19344067047827232,0.020665195311150682,0.015049577756399196,0.5425167113010155,0.44142907346172733,0.2834349553776014,0.022585656011210656,0.0033120986318828805,1.0,0.18234821946433422
462,0.84,-0.06000000000000005,0.19311090476232176,0.02086880422257332,0.014944364319574662,0.5426387941072289,0.4415763637070161,0.25925956627708524,0.022302870177270485,0.003512893414584309,1.0,0.16396522827666526
463,0.84,-0.06000000000000005,0.19237031983543446,0.021011295300581077,0.014951085193898697,0.5429131669505377,0.44190750534760037,0.24059255592952516,0.0221353103731539,0.0036195599496768355,1.0,0.15168242861628722
464,0.84,-0.06000000000000005,0.1920202052272039,0.02093747286129818,0.015034226917130106,0.5430429744689691,0.44206422689546454,0.2469202425264136,0.022023201800133247,0.003678387439799569,1.0,0.17911202737966136
465,0.84,-0.06000000000000005,0.1917439099422992,0.021079141850798094,0.014914351976802133,0.5431454567695198,0.4421879832513438,0.25595216806891197,0.021825800587320615,0.003666776095510256,1.0,0.1672953915487876
466,0.84,-0.06000000000000005,0.19122268784222762,0.021052796886472075,0.014869187017547686,0.5433388916579134,0.44242163435923054,0.2617457017881404,0.021723560089667634,0.003693472380153306,1.0,0.1664869649554397
467,0.84,-0.06000000000000005,0.19087047264218995,0.02097448696776095,0.014973910511344394,0.5434696830767307,0.44257966366615253,0.2615216747046628,0.021654853808878872,0.003620884130181088,1.0,0.17810789739929356
468,0.85,-0.050000000000000044,0.19030047403327813,0.02116411297478078,0.01516296415219203,0.5749398969179155,0.48940907715897275,0.25602216771257824,0.021538353786745703,0.0036144132959390948,1.0,0.1550762499538978
469,0.86,-0.040000000000000036,0.18980742376433526,0.02132530949781119,0.01511293384693607,0.6102427270677072,0.5411514202908898,0.26604702924439905,0.021265654839810053,0.003659052871039197,1.0,0.15845574694931663
470,0.87,-0.030000000000000027,0.1891657581071728,0.02148946534846228,0.014891444020714123,0.6502435609564073,0.5984546657076941,0.2651461786143096,0.020887143503464406,0.0036089185520922933,1.0,0.15192670534311215
471,0.87,-0.030000000000000027,0.18832276615789023,0.020946919012468156,0.01475335338491357,0.6506920998041729,0.5989676114267707,0.2612942466584272,0.020391587848188182,0.0036463382593941197,1.0,0.1602506105332837
472,0.87,-0.030000000000000027,0.1875952736126009,0.021008603640820647,0.014650030445789466,0.6510796815061609,0.5994109851701827,0.2719590331405284,0.019833988973854744,0.0036972903798801553,1.0,0.14980567279817714
473,0.87,-0.030000000000000027,0.18718774681224293,0.021122488258700743,0.014723447851338743,0.6512969988738473,0.5996596412483026,0.2723048989420015,0.01938128525843222,0.0036616526524767237,1.0,0.16112833858291498
474,0.88,-0.020000000000000018,0.18686210826628705,0.021206806105256517,0.014488861979543355,0.6968697809767624,0.6629461479623793,0.2829009776596685,0.01882450122502584,0.00372943417176551,1.0,0.16526282138777093
475,0.88,-0.020000000000000018,0.18611486064444674,0.021159738380458093,0.01410907854631587,0.6973264245378918,0.6634509668116846,0.27008245706992595,0.018334491617521518,0.003811686064754483,0.0,0.1504603979119261
476,0.89,-0.010000000000000009,0.18618847988820722,0.02112600999016307,0.01387496521965108,0.7495458476834258,0.733171710653364,0.27954264399928375,0.017689001705702454,0.003906403324110649,1.0,0.18014610110663853
477,0.89,-0.010000000000000009,0.1854433039728885,0.021035077841881245,0.014136329940960502,0.7500726957743222,0.7337288381430408,0.27388539640401277,0.01700514828994159,0.00392241708586316,1.0,0.15112950773324552
478,0.9,0.0,0.18466671319793215,0.02085324048282197,0.014040348716417718,0.8115384486695126,0.8115384486695126,0.2984277378907931,0.016515329775149686,0.004149475949743289,1.0,0.15112950773324552
479,0.91,0.010000000000000009,0.18382554595381573,0.02036400703823714,0.014047831186820356,0.7512190228133524,0.7349412670259765,0.2999575489230514,0.015941609685541223,0.004126152449426701,1.0,0.1541740020469724
480,0.91,0.010000000000000009,0.18300236865514283,0.019897261219295408,0.013885733076931856,0.7518036640465855,0.7355597367686691,0.29353598678071463,0.01536207936173377,0.004138598742655971,1.0,0.1536692668474544
481,0.91,0.010000000000000009,0.1823614867965809,0.019745019212451753,0.013882226694426281,0.7522594648839792,0.7360419654012197,0.2951723295891264,0.014902822034760147,0.004074569226488693,1.0,0.15534636278007663
482,0.92,0.020000000000000018,0.181707162581052,0.019521451141688736,0.01348813811120339,0.7000321953994882,0.6664443927987772,0.2803136805143126,0.014539263947579487,0.00419033400129085,1.0,0.15602635488405303
483,0.93,0.030000000000000027,0.1813562863166751,0.01983016539948579,0.013264676807131007,0.6544226447704556,0.6032404904257956,0.2979303014081548,0.014334665037020553,0.004306077781495786,1.0,0.14667638815621298
484,0.93,0.030000000000000027,0.18072039427892533,0.01981721549715473,0.012949175476223864,0.654765296083514,0.6036335520362057,0.2991028068847753,0.014244282388866008,0.004307959239953088,1.0,0.1496474466499298
485,0.93,0.030000000000000027,0.17985687890178506,0.018743302763720167,0.012873167997035431,0.6552311774325634,0.604168134427162,0.29839280721566885,0.01411495400411134,0.0042436649864522795,1.0,0.16109080296440226
486,0.94,0.039999999999999925,0.1790380335474131,0.01838671953434787,0.012711587751991903,0.6153281319812212,0.5471334145161739,0.2999566057948231,0.014103814122683434,0.004201856665817307,1.0,0.14658970848710529
487,0.95,0.04999999999999993,0.1785512272652433,0.018522785477717057,0.012519893498049947,0.5798657902346267,0.49531428491382185,0.2999988283564602,0.013993682896615546,0.004114932056880138,1.0,0.14929607697071656
488,0.94,0.039999999999999925,0.17784352284653315,0.018289079566062856,0.012391718856018008,0.6158974176363404,0.547805078672114,0.2981506834284964,0.013979441419281922,0.004032484757712328,0.0,0.14889036294054603
489,0.95,0.04999999999999993,0.17732151979318175,0.01820660399240706,0.01228562434921753,0.5803862311625333,0.4959405880705342,0.2999500684525694,0.014063738576052675,0.003995244118905275,1.0,0.15436549588508774
490,0.96,0.05999999999999994,0.1769500925072245,0.01831075473911266,0.012143181417761956,0.5486897771307184,0.44891705292788414,0.2999986518482194,0.014161199185536228,0.0039402493294828185,1.0,0.15344458350671264
491,0.96,0.05999999999999994,0.1763855387047692,0.018288710010878756,0.012144661379568936,0.5489035995929377,0.44917790335649316,0.2999999635999019,0.014251968156304596,0.0038811724580905646,1.0,0.14915469444938934
492,0.96,0.05999999999999994,0.17593899348487776,0.01821587295574844,0.012146349896576952,0.5490728448594212,0.4493844430808976,0.2999999990171973,0.014314228545572683,0.0038139925471973425,1.0,0.15681217986734008
493,0.96,0.05999999999999994,0.17533942743635392,0.018105621018540116,0.012025327934047241,0.5493002508163835,0.44966205815304616,0.2999999999734643,0.014316503222571757,0.0038120255655355196,1.0,0.14900041923825502
494,0.96,0.05999999999999994,0.17497910250421825,0.018185278207368438,0.012051378080319745,0.5494370070276281,0.449829063278509,0.2999999999992835,0.014316564997461034,0.0038119724570306497,1.0,0.15313159595754477
495,0.96,0.05999999999999994,0.17455781211801713,0.018303430160257705,0.012077280127103306,0.5495969881879583,0.45002448234407044,0.2999999999999806,0.014316566665644428,0.003811971023101019,1.0,0.14858726278932077
496,0.96,0.05999999999999994,0.17418049560865292,0.01831453075385659,0.012099433997835148,0.5497403497777512,0.45019964794812295,0.2999999999999995,0.01431656671068557,0.0038119709843849187,1.0,0.1549646810096521
497,0.96,0.05999999999999994,0.17377411227750056,0.018257102998963798,0.012105759213929129,0.5498948389996711,0.4503884601350269,0.3,0.014316566711901683,0.003811970983339584,1.0,0.15624218384872113
498,0.96,0.05999999999999994,0.17329754020168436,0.018252732943158115,0.012131021456138438,0.5500761215783351,0.45061008500028815,0.3,0.014316566711934516,0.00381197098331136,1.0,0.14987461582810857
499,0.96,0.05999999999999994,0.17290764131207048,0.018229911786406233,0.012173135203326128,0.5502245235859431,0.45079156568889933,0.3,0.014316566711935402,0.003811970983310598,1.0,0.15467532840644038
500,0.96,0.05999999999999994,0.17250553623944323,0.01822501606933251,0.012105638528431458,0.5503776553658469,0.45097888099626837,0.3,0.014316566711935428,0.003811970983310577,1.0,0.1528232584983562
501,0.95,0.04999999999999993,0.17219312167836492,0.01828441139808463,0.012106622130625718,0.5825667990131966,0.49856970287722363,0.3,0.014316566711935428,0.0038119709833105767,0.0,0.15325806893059046
502,0.95,0.04999999999999993,0.1718968282062163,0.01832807238711875,0.011957790046695643,0.5826932822195819,0.4987224521566375,0.3,0.014316566711935428,0.0038119709833105767,1.0,0.15453274400856287
503,0.95,0.04999999999999993,0.1714246430557212,0.018201366361943513,0.011863226761706825,0.582894964471384,0.4989660730576967,0.3,0.014316566711935428,0.0038119709833105767,1.0,0.1529526275609565
504,0.95,0.04999999999999993,0.17092386920511157,0.01778669730347446,0.01180231291052152,0.583109010286125,0.49922470431496585,0.3,0.014316566711935428,0.0038119709833105767,1.0,0.16103563921100839
505,0.95,0.04999999999999993,0.1704834000671754,0.017680577942641336,0.011861024937503519,0.5832974100380283,0.4994524121375855,0.3,0.014316566711935428,0.0038119709833105767,1.0,0.1529526275609565
506,0.95,0.04999999999999993,0.17004020447713297,0.01750806681564868,0.01176049396330251,0.5834870988769905,0.49968173919926606,0.3,0.014316566711935428,0.0038119709833105767,1.0,0.1549505033291645
507,0.95,0.04999999999999993,0.16971774727397024,0.01748377950215523,0.011714339648056946,0.5836251889344232,0.49984872380354245,0.3,0.014316566711935428,0.0038119709833105767,1.0,0.1550738998030199
508,0.95,0.04999999999999993,0.1694583943148996,0.01748272288451075,0.011710554059740811,0.5837363024732721,0.4999831108509302,0.3,0.014316566711935428,0.0038119709833105767,1.0,0.15669165052907008
509,0.95,0.04999999999999993,0.1691365043527291,0.017496939865729037,0.011733469740258858,0.5838742673425762,0.5001500027768976,0.3,0.014316566711935428,0.0038119709833105767,1.0,0.15243047418843614
510,0.95,0.04999999999999993,0.16883634231105632,0.017520385134526816,0.01154661994530576,0.5840029782078078,0.5003057297369204,0.3,0.014316566711935428,0.0038119709833105767,1.0,0.15261074226885518
511,0.95,0.04999999999999993,0.16834759361077162,0.017287978025525827,0.011406239510663189,0.5842126773703648,0.5005595048835256,0.3,0.014316566711935428,0.0038119709833105767,1.0,0.15243047418843614
512,0.95,0.04999999999999993,0.16799435111787325,0.01725946467369805,0.01135875481921672,0.5843643309475582,0.5007430808795541,0.3,0.014316566711935428,0.0038119709833105767,1.0,0.15190316381703717
513,0.95,0.04999999999999993,0.1677265785587017,0.017247824452239924,0.011000705677807582,0.5844793431650819,0.5008823288965497,0.3,0.014316566711935428,0.0038119709833105767,1.0,0.15522186236512425
514,0.95,0.04999999999999993,0.1670703086464952,0.01644722332643527,0.010601606664225124,0.5847614121974162,0.5012239323763619,0.3,0.014316566711935428,0.003788080286459003,1.0,0.15513769060921745
515,0.95,0.04999999999999993,0.16677764320737268,0.016454117854452003,0.01060115359690562,0.584887289483589,0.5013764216965547,0.3,0.01434161471663902,0.003775655730917415,1.0,0.15190316381703717
516,0.95,0.04999999999999993,0.1664574570673959,0.016418620164806098,0.010563300730320012,0.5850250656917223,0.501543356619093,0.3,0.014354093307487147,0.0036668177116709034,1.0,0.15243047418843614
517,0.95,0.04999999999999993,0.16621714943398402,0.016391936155960126,0.010561642837809648,0.5851285127973056,0.5016687184576492,0.3,0.014439466320380843,0.0036494933116905473,1.0,0.1561435806815421
518,0.95,0.04999999999999993,0.16590185376525912,0.01634903840746556,0.01043103640933757,0.5852642960909371,0.5018332945629875,0.3,0.014517393303083919,0.0036373453058289526,1.0,0.15252201500188223
519,0.95,0.04999999999999993,0.1657512112806805,0.01640293230373095,0.010354454794054098,0.5853291931068614,0.5019119641322825,0.3,0.01459848398936113,0.003581877132646755,1.0,0.15243573131810528
520,0.95,0.04999999999999993,0.16552389016013344,0.01642835365262403,0.010334393392245686,0.5854271506479503,0.5020307240575613,0.3,0.014684654873802156,0.0035425469197646695,1.0,0.15243573131810528
521,0.95,0.04999999999999993,0.16527670825179605,0.01643746110010106,0.010168230406910802,0.585533703844092,0.5021599236994382,0.3,0.014759969048647712,0.0034782599897214893,1.0,0.15243573131810528
522,0.95,0.04999999999999993,0.16525143585135385,0.01644641284778191,0.009648782037285666,0.5855446002535645,0.5021731370909699,0.3,0.014795118286107542,0.00343600244584205,1.0,0.1581765465594709
523,0.95,0.04999999999999993,0.1646217261370042,0.0156036073942388,0.00937478641866124,0.5858162359362732,0.502502598434284,0.3,0.014853278530317543,0.0034013517975626487,1.0,0.1548990190029813
524,0.95,0.04999999999999993,0.16436150549429546,0.015436539680864239,0.009317151999255218,0.5859285600132433,0.5026388709931574,0.3,0.014885097769540093,0.003394056384044821,1.0,0.16144483236675877
525,0.95,0.04999999999999993,0.16390894320240407,0.015051933653159672,0.009132095694266644,0.5861240108739192,0.5028760453149919,0.3,0.014906285099566754,0.003301062176957454,1.0,0.15446228833347542
526,0.95,0.04999999999999993,0.16381382274964446,0.01501524862035145,0.009095556460634632,0.586165107713615,0.5029259235597512,0.3,0.014972723429246299,0.003281899145938282,1.0,0.16490335401949197
527,0.95,0.04999999999999993,0.16373984981486797,0.015050277365074092,0.008961403577509314,0.5861970717413238,0.5029647195352628,0.3,0.015030880354186819,0.0032519111293102788,1.0,0.15295965600222616
528,0.95,0.04999999999999993,0.16338200918893517,0.014951786788754064,0.008660980746010414,0.5863517454694871,0.5031524778013099,0.3,0.015071850128695033,0.0032086186665400643,1.0,0.1497977203332692
529,0.95,0.04999999999999993,0.16335812190730564,0.014970764769529923,0.00849934656546177,0.5863620734608468,0.5031650164018499,0.3,0.015128716120892413,0.003145939075433077,1.0,0.15028925877624344
530,0.96,0.05999999999999994,0.1632464628433742,0.014968631018837665,0.008380306058415806,0.5539274748520705,0.45533557486974613,0.3,0.01515033838721369,0.003134692480199672,1.0,0.1580054028633462
531,0.96,0.05999999999999994,0.16282295267785268,0.01484184288488781,0.008399564514251957,0.5540909391208386,0.45553686416558586,0.3,0.01515913174550176,0.003119992864723145,1.0,0.14632144698898353
532,0.96,0.05999999999999994,0.1623016688248653,0.01449271592065976,0.008387095454818793,0.554292274078685,0.4557848685933638,0.3,0.01515055678634134,0.0031048423401362113,1.0,0.14632144698898353
533,0.96,0.05999999999999994,0.1618834077243009,0.014003097232657458,0.008496505215563454,0.5544539244865754,0.45598405457301744,0.3,0.015150695634481405,0.0030992886306371015,1.0,0.1578581591151702
534,0.96,0.05999999999999994,0.16137878609308373,0.013559416916525223,0.008246713914567185,0.5546490772303007,0.45622459935951426,0.3,0.015141537656209673,0.003067881752330166,1.0,0.14851696023742722
535,0.96,0.05999999999999994,0.16137848383502162,0.013559338565727195,0.008320584620348319,0.5546491941639804,0.45622474351698655,0.3,0.015153485198931737,0.0030667777142922054,1.0,0.16487835987655686
536,0.95,0.04999999999999993,0.16131076804785596,0.013603563664857233,0.008468315359041427,0.5872486287734371,0.5042420138174064,0.3,0.015161063178992242,0.003059519239955549,0.0,0.14908880719940232
537,0.94,0.039999999999999925,0.1613007830730087,0.013608780537558797,0.008145731428827093,0.6238911515770927,0.5572794267746477,0.3,0.015159424905077086,0.003052315787488593,0.0,0.15369767888470776
538,0.93,0.030000000000000027,0.16096291439795288,0.013276620440460421,0.008117656468162773,0.6655933704704442,0.616106646166903,0.3,0.015159678203529987,0.003038800549225198,0.0,0.15745398964037682
539,0.94,0.039999999999999925,0.16064851606579417,0.01308149120422477,0.008060337696439733,0.6242105923984314,0.5576597129411419,0.3,0.015145156071113379,0.0029799374433295217,1.0,0.15326529206865125
540,0.94,0.039999999999999925,0.16048205496636558,0.013005512301287079,0.00786020344940311,0.6242921673492633,0.5577568466058233,0.3,0.01516756671400785,0.0029199632789322573,1.0,0.15819575936935282
541,0.94,0.039999999999999925,0.15999150609618484,0.01243390948969651,0.007759604086012781,0.6245326868984835,0.5580432894085485,0.3,0.015206734537476233,0.0028970260122125483,1.0,0.15053074005146927
542,0.94,0.039999999999999925,0.15965212766260745,0.012291971808799498,0.007729597449412917,0.6246991950127788,0.558241632550046,0.3,0.015239985435289628,0.0028301716638216095,1.0,0.1480234274182779
543,0.94,0.039999999999999925,0.15964368413774754,0.012280692167113713,0.007904335954549714,0.6247033387633117,0.5582465690019013,0.3,0.015237759876048253,0.0027762286481926688,1.0,0.17563894863345042
544,0.94,0.039999999999999925,0.15943673848859352,0.01199231340634954,0.007805048265141734,0.6248049167515978,0.5583675857270058,0.3,0.015183010775671683,0.0027537521788011583,1.0,0.16610514541066346
545,0.94,0.039999999999999925,0.15951413333010345,0.012068423927550576,0.007827265188267932,0.6247669241070094,0.5583223209860522,0.3,0.015096453786200151,0.002715607577844616,1.0,0.17517591000288157
546,0.94,0.039999999999999925,0.15946022992224246,0.01201414413584076,0.007759332099429626,0.6247933844650572,0.5583538458746119,0.3,0.015048072110635035,0.0026984586586351845,1.0,0.16891737426851838
547,0.94,0.039999999999999925,0.1595357488523132,0.012049304430425702,0.00764189863571155,0.6247563140074933,0.5583096803561678,0.3,0.014976052996714872,0.002670694581333445,1.0,0.16887569653233236
548,0.94,0.039999999999999925,0.15946359358145734,0.011989969879878078,0.007470135195635065,0.624791733230655,0.5583518785667957,0.3,0.01486286884283234,0.0026578159672626667,1.0,0.16577586708395176
549,0.93,0.030000000000000027,0.15921436837113456,0.01153882990333714,0.0073243539541184444,0.6665689353744253,0.6172353946274606,0.3,0.01476037257042907,0.0026340705264301795,0.0,0.168173283153211
550,0.93,0.030000000000000027,0.15912889502760832,0.011443466757387185,0.006964242369474774,0.6666166967682149,0.6172906767385294,0.3,0.014681810659383237,0.002561387197463447,1.0,0.16771871085346146
551,0.93,0.030000000000000027,0.1588251750499521,0.010379955811362727,0.006822184576874384,0.6667864669310309,0.6174871956816009,0.3,0.014668569657230627,0.002549086586424355,1.0,0.18199966661992972
552,0.93,0.030000000000000027,0.15867586889152963,0.010120516375699867,0.006748787207603571,0.6668699562064828,0.6175838486048699,0.3,0.014643230777868275,0.0025145226943255774,1.0,0.16909637130940425
553,0.93,0.030000000000000027,0.15874955784385816,0.010184599353137952,0.006725749393174891,0.6668287480780367,0.6175361424868155,0.3,0.01458204046976572,0.0024829629815316706,1.0,0.17122624751616655
554,0.93,0.030000000000000027,0.15882121668816188,0.01021441850736022,0.006567244661898447,0.6667886801048434,0.6174897577256186,0.3,0.01454774393002409,0.002414136453608763,1.0,0.16661261687848383
555,0.93,0.030000000000000027,0.1586811813906313,0.01002065537970183,0.006471137970768237,0.6668669851953396,0.6175804090543209,0.3,0.014432631683420332,0.0023908250948844376,1.0,0.16574880172910555
556,0.92,0.020000000000000018,0.15864713872063457,0.00999000723828078,0.006365018214420305,0.714537533459949,0.682556267193806,0.3,0.014342019854019927,0.0023169225492512425,0.0,0.16596968691121905
557,0.91,0.010000000000000009,0.1585611752836912,0.009840903581357086,0.0064181753145610065,0.7695868481282874,0.754409326167191,0.3,0.014133704258306515,0.0022266988522762873,0.0,0.17150435127711572
558,0.9,0.0,0.15841286090660772,0.009628737029265026,0.00639791869532054,0.8338809203868695,0.8338809203868695,0.3,0.014051117491777594,0.0021985357273505528,0.0,0.16499714581113656
559,0.9,0.0,0.1582359347912828,0.009231541118871266,0.006432415570614566,0.834035661473204,0.834035661473204,0.3,0.013927078976389588,0.0021162207609714294,1.0,0.17064858275777728
560,0.9,0.0,0.1579945826584483,0.008681981512076487,0.0063917805639474865,0.8342468427323901,0.8342468427323901,0.3,0.013891358673642442,0.0020993002509099765,1.0,0.1664422272993502
561,0.9,0.0,0.15784741288757,0.008387657592144777,0.006218104037578667,0.8343756676453921,0.8343756676453921,0.3,0.013866767870515852,0.0018551044014098136,1.0,0.16763124237650606
562,0.9,0.0,0.15786531556506392,0.008402593677853554,0.006112982286973304,0.8343599944288776,0.8343599944288776,0.3,0.013435990459165478,0.0016665487413334492,1.0,0.165755496026059
563,0.9,0.0,0.1583777741842395,0.00950081064430264,0.006211398405603735,0.8339116029683316,0.8339116029683316,0.3,0.012316285017286734,0.001602632715102253,1.0,0.20292829053384587
564,0.9,0.0,0.15851562542992728,0.009892582159856618,0.006193363079891944,0.8337910680183978,0.8337910680183978,0.3,0.011344111417333136,0.0015114011439659057,1.0,0.19289715194843948
565,0.9,0.0,0.15888257057212746,0.01084604959625845,0.006297245173094135,0.8334703867469226,0.8334703867469226,0.3,0.010637262823562598,0.0014528806013474368,1.0,0.20398990576880438
566,0.9,0.0,0.15914667244205746,0.01133837251855334,0.006291910035483136,0.8332397350446972,0.8332397350446972,0.3,0.010077644169291137,0.00145061770151433,1.0,0.19289715194843948
567,0.9,0.0,0.15930957415221614,0.011720216852262209,0.006074427904385443,0.8330975295085121,0.8330975295085121,0.3,0.009461348693060765,0.001395067125836708,1.0,0.1943980684151636
568,0.9,0.0,0.15991844726288929,0.012996549101318885,0.0062581248297453335,0.8325664413905951,0.8325664413905951,0.3,0.00854242746849245,0.0012938058982425585,1.0,0.21596356102121161
569,0.9,0.0,0.16025364573075088,0.013381074022951633,0.006434477614387069,0.8322743542206867,0.8322743542206867,0.3,0.007958606340960437,0.001284706396928524,1.0,0.19197559373547524
570,0.9,0.0,0.1606442635232947,0.013698667219379878,0.006360368563354845,0.8319342339065855,0.8319342339065855,0.3,0.007272988442139262,0.0012457979933337522,1.0,0.19098848459749385
571,0.9,0.0,0.16094332691128815,0.014009728094695978,0.006263263487897863,0.8316740200485645,0.8316740200485645,0.3,0.006286774773677531,0.0011380728773529322,1.0,0.1901569493326285
572,0.9,0.0,0.16136434260972923,0.014298335373445083,0.0061665728568364555,0.8313079717337508,0.8313079717337508,0.3,0.005713032303519315,0.0011345792833986584,1.0,0.19190724264228698
573,0.9,0.0,0.16165044661693037,0.014574328315454323,0.006146714478396097,0.831059405005303,0.831059405005303,0.3,0.005077428938774718,0.001027548185240406,1.0,0.18973873930302654
574,0.9,0.0,0.16187411642361113,0.014797965881823047,0.006018497445783311,0.8308651845203494,0.8308651845203494,0.3,0.00482504830761473,0.0008980681792834107,1.0,0.18762980205584756
575,0.91,0.010000000000000009,0.1622372771064764,0.014958156607632752,0.0057272614120729955,0.7668585897483656,0.7515127468709458,0.3,0.0038642844186793715,0.0008025107355525239,1.0,0.18677646619845634
576,0.91,0.010000000000000009,0.16227761929926388,0.015011746511271108,0.005460388204392997,0.7668287566596398,0.751481082680117,0.3,0.0033251139884099426,0.0007453668204487766,1.0,0.18418032038538312
577,0.91,0.010000000000000009,0.16258883804863555,0.01509974782987727,0.005479872423736109,0.7665986881084609,0.7512368998025433,0.3,0.0021234721460659267,0.0004974643811883695,1.0,0.18225138267041507
578,0.91,0.010000000000000009,0.16297527036976572,0.01529475522013101,0.005525093260727179,0.7663132099613956,0.75093392495872,0.3,0.0021204870987883854,0.00048201174449889175,1.0,0.18977273984625787
579,0.91,0.010000000000000009,0.1632078014052164,0.01533588597810047,0.005644698301683678,0.7661415293371548,0.7507517312053728,0.3,0.002120557958519965,0.00041714748043488424,1.0,0.17742710559204644
580,0.91,0.010000000000000009,0.16358739106473055,0.015563183582243168,0.005771203668089704,0.7658614386799842,0.750454503305007,0.3,0.002030573719841139,0.00040061876519840143,1.0,0.1916282327988652
581,0.91,0.010000000000000009,0.16379625419062463,0.015591309954229008,0.005919845742083703,0.765707410611706,0.7502910587705258,0.3,0.0019793429867606353,0.0002505314008063426,1.0,0.17623267536948295
582,0.91,0.010000000000000009,0.16414746960002094,0.015806422855059107,0.005976060426188382,0.7654485431561321,0.7500163778019561,0.3,0.00032666522528929554,7.258573521197703e-05,1.0,0.1911478958236863
583,0.91,0.010000000000000009,0.16460375305623007,0.015953392657104482,0.005957734966185572,0.7651124953535895,0.7496598247184595,0.3,0.0002571845099689337,6.074224554914358e-05,1.0,0.19230473377712487
584,0.91,0.010000000000000009,0.165071488767505,0.016191924928999225,0.005883724134729263,0.7647683192175607,0.7492946742164356,0.3,0.0002425123692553094,5.357053171978546e-05,1.0,0.19642101777742282
585,0.91,0.010000000000000009,0.1653727486495901,0.016394053347902227,0.005789816378438493,0.7645468056607331,0.7490596758432179,0.3,0.00018402481293558308,3.777458647580335e-05,1.0,0.19121679117291213
586,0.91,0.010000000000000009,0.16585771943394023,0.016547839836043517,0.005801570189202082,0.7641904806392289,0.7486816828993207,0.3,0.00018401900710889147,3.734809595421641e-05,1.0,0.19508678692211867
587,0.91,0.010000000000000009,0.1662877602099247,0.016670189318611462,0.005825619869230213,0.7638747923433028,0.7483468221432105,0.3,0.00018402018030685117,1.8679965368723354e-05,1.0,0.19230015456916316
588,0.92,0.020000000000000018,0.16672649419623864,0.016783498341267487,0.005774998395070956,0.7093874966345564,0.6768233659974565,0.3,4.968544868285523e-06,5.04359064955595e-07,1.0,0.19276376157193842
589,0.92,0.020000000000000018,0.16706280902366616,0.016869176067468385,0.005813845572502505,0.709174727887105,0.6765868127985679,0.3,1.3415071144113378e-07,1.3617694753537528e-08,1.0,0.18799697862783993
590,0.92,0.020000000000000018,0.16745571311977783,0.01700443404720881,0.005818372092024925,0.7089263196748488,0.6763106658427389,0.3,3.6220692115491146e-09,3.6767775860961177e-10,1.0,0.19273499311788278
591,0.92,0.020000000000000018,0.16783425377196828,0.01701415374592907,0.005798864496383526,0.7086871570943518,0.676044827148611,0.3,9.779587105450665e-11,9.92729972300784e-12,1.0,0.18700875966843045
592,0.92,0.020000000000000018,0.168106984475605,0.017053830460659978,0.0057494882217202095,0.7085149453947349,0.6758534253632547,0.3,2.640487607768706e-12,2.680369955168767e-13,1.0,0.18408525023101374
593,0.92,0.020000000000000018,0.16851239070674676,0.01707666124239946,0.005762868175277105,0.7082591123450807,0.6755691123998444,0.3,7.129519574127176e-14,7.237196251937827e-15,1.0,0.18954104235243618
594,0.92,0.020000000000000018,0.16882192724948145,0.01707559654544562,0.005772074831370019,0.7080639025549232,0.6753521942127956,0.3,1.927907956442318e-15,1.9569082605766647e-16,1.0,0.18408525023101374
595,0.92,0.020000000000000018,0.16924066272596125,0.01708767550550916,0.0057720560635513415,0.7077999974385137,0.6750589727710697,0.3,7.087189354717363e-17,5.046468293750712e-18,1.0,0.190460810437296
596,0.92,0.020000000000000018,0.16975348670512083,0.017417875232293642,0.005918609251927546,0.7074770615690495,0.6747002121036461,0.3,0.0,0.0,1.0,0.20624707892560923
597,0.92,0.020000000000000018,0.17008046046252762,0.01746799835837381,0.00602911381067097,0.7072713132258366,0.6744716672776605,0.3,0.0,0.0,1.0,0.18893955958939768
598,0.92,0.020000000000000018,0.17034650884030442,0.017360498105394466,0.006106481420825266,0.7071039904777727,0.6742858216739613,0.3,0.0,0.0,1.0,0.17647945360579054
599,0.92,0.020000000000000018,0.17055535502090716,0.017296219763208092,0.006097061594875659,0.7069726987056986,0.674140005867633,0.3,0.0,0.0,1.0,0.17555994646671746
600,0.92,0.020000000000000018,0.17083935719480514,0.01723578766462221,0.006149876938200958,0.7067942381054018,0.6739418175240733,0.3,0.0,0.0,1.0,0.18122347588815635
601,0.93,0.030000000000000027,0.17123080425309356,0.017276514070288313,0.006249923643183798,0.6599217433749821,0.609560774395944,0.3,0.0,0.0,1.0,0.1924027747594299
602,0.93,0.030000000000000027,0.17144780003595167,0.01720153338859547,0.006397300774673176,0.6598029251637002,0.6094239381340543,0.3,0.0,0.0,1.0,0.17623232229437513
603,0.93,0.030000000000000027,0.17179126977162118,0.01717168778511403,0.006427444887637608,0.6596149423094316,0.6092074736781542,0.3,0.0,0.0,1.0,0.18729960112790578
604,0.93,0.030000000000000027,0.1720035722518634,0.017168637956135133,0.0063966439001893124,0.6594988015649544,0.6090737514635368,0.3,0.0,0.0,1.0,0.18226588723523518
605,0.93,0.030000000000000027,0.17250926121659962,0.01734389909591844,0.006591166738887597,0.6592223274749923,0.6087554712622817,0.3,0.0,0.0,1.0,0.20352152403457335
606,0.93,0.030000000000000027,0.1727285840776496,0.017258937135212697,0.006858998437135621,0.6591024896812806,0.6086175330396005,0.3,0.0,0.0,1.0,0.17688278943416358
607,0.93,0.030000000000000027,0.172982152099783,0.01718379939752626,0.006878495021541089,0.6589639946595508,0.6084581349798276,0.3,0.0,0.0,1.0,0.18043070201635514
608,0.93,0.030000000000000027,0.17322570346701924,0.01712367435608327,0.0068416759194775455,0.6588310253719317,0.6083051121861163,0.29989888175866275,1.0061137979286822e-05,1.0213963771438295e-06,1.0,0.18104678725269818
609,0.93,0.030000000000000027,0.17343428321560153,0.01699565655408035,0.006918222082362538,0.6587171918370422,0.6081741231549508,0.29999726980748387,1.0062061274993937e-05,2.0152150521046236e-06,1.0,0.17328844904666485
610,0.93,0.030000000000000027,0.1736472543334305,0.016866328264473728,0.006922657808874371,0.6586010022688354,0.608040434518068,0.29999992628480204,1.0061987868014554e-05,2.042048156328611e-06,1.0,0.17390785405175535
611,0.93,0.030000000000000027,0.17386202813206375,0.016730991090348698,0.006917331441486502,0.6584838707245554,0.6079056737919601,0.29999999800968963,1.0061985814332243e-05,2.0427726501425987e-06,1.0,0.17390785405175535
612,0.93,0.030000000000000027,0.1740820750344109,0.016584804671933486,0.0068838092339300674,0.658363906581442,0.6077676663728666,0.2999999999462616,1.006198575883053e-05,2.0427922114755116e-06,1.0,0.17390785405175535
613,0.93,0.030000000000000027,0.1742994360687442,0.016478292734518955,0.006913768223736038,0.6582454496132588,0.6076314049617958,0.29999999999854904,1.0061985757331933e-05,2.0427927396315937e-06,1.0,0.17695796579845324
614,0.93,0.030000000000000027,0.17452632843912763,0.01636873111681511,0.006889873628351474,0.6581218437405103,0.607489233615474,0.2999999999999608,1.0061985757291455e-05,2.0427927538917915e-06,1.0,0.1778269276475617
615,0.93,0.030000000000000027,0.17495099506592865,0.016327111961619945,0.007051647249343158,0.6578906195997811,0.6072233151212729,0.29999999999999893,1.0061985757290366e-05,2.0427927542770055e-06,1.0,0.1943698264971374
616,0.93,0.030000000000000027,0.17525405416091788,0.016186943020414606,0.007131650646481223,0.6577257081251459,0.607033687350402,0.29999999999999993,1.0061985757290308e-05,2.0427927542870984e-06,1.0,0.182736383687363
617,0.93,0.030000000000000027,0.17549644962657485,0.01608009144021162,0.00711883944204147,0.6575938666345766,0.6068821027787102,0.3,1.006198575729031e-05,2.042792754287659e-06,1.0,0.1803831272472387
618,0.93,0.030000000000000027,0.1757952240559765,0.01592728298677132,0.007138334866395341,0.657431432729296,0.6066953651587023,0.3,1.006198575729031e-05,2.042792754287659e-06,1.0,0.18239945794204893
619,0.93,0.030000000000000027,0.17610368560394538,0.01576981410455657,0.007147248282283598,0.6572638164236879,0.6065026935022277,0.3,1.006198575729031e-05,2.042792754287659e-06,1.0,0.1832818861149863
620,0.93,0.030000000000000027,0.17641214715191417,0.015604660630423747,0.007147248282283598,0.6570962855659708,0.6063101441825437,0.3,1.006198575729031e-05,2.042792754287659e-06,1.0,0.1832818861149863
621,0.93,0.030000000000000027,0.1767548758325663,0.015449901441929462,0.007123873514879221,0.656910243763975,0.6060963478076561,0.3,1.006198575729031e-05,2.042792754287659e-06,1.0,0.18670859938331863
622,0.93,0.030000000000000027,0.17712475071966005,0.015443447654553657,0.007176175619212915,0.6567095844715858,0.6058657865526287,0.3,1.006198575729031e-05,2.042792754287659e-06,1.0,0.19516403526884396
623,0.93,0.030000000000000027,0.17740019859997788,0.015289450481347656,0.0072385434461856475,0.656560232003064,0.6056942002308237,0.3,1.006198575729031e-05,2.042792754287659e-06,1.0,0.18244380703476604
624,0.93,0.030000000000000027,0.1776101883466579,0.015212884114195592,0.007168012698374705,0.6564464176620913,0.6055634553933262,0.3,1.006198575729031e-05,2.042792754287659e-06,1.0,0.18244380703476604
625,0.93,0.030000000000000027,0.1780223332574983,0.015138287354368264,0.007196213776119487,0.656223150005923,0.6053070077642557,0.3,1.006198575729031e-05,2.042792754287659e-06,1.0,0.19567677941751604
626,0.93,0.030000000000000027,0.17826924945786904,0.015123655656010832,0.007137002739187102,0.6560894629875782,0.6051534738916792,0.3,1.006198575729031e-05,2.042792754287659e-06,1.0,0.18959497405655634
627,0.93,0.030000000000000027,0.17856409096819437,0.01491330087492727,0.007177298005377338,0.6559298992649927,0.6049702417926396,0.3,1.006198575729031e-05,2.042792754287659e-06,1.0,0.18244380703476604
628,0.93,0.030000000000000027,0.17889532008435924,0.01463596884244062,0.007177149383882551,0.6557507356725911,0.6047645285665592,0.3,1.006198575729031e-05,2.042792754287659e-06,1.0,0.18292063194975627
629,0.93,0.030000000000000027,0.1792168655669445,0.014354478138206799,0.007104024947800606,0.6555769036090954,0.6045649632414289,0.3,1.006198575729031e-05,2.042792754287659e-06,1.0,0.18244380703476604
630,0.93,0.030000000000000027,0.17961728508152333,0.01431563195949075,0.007143616780246082,0.6553605599239928,0.6043166292660128,0.3,1.006198575729031e-05,2.042792754287659e-06,1.0,0.19804735432123088
631,0.93,0.030000000000000027,0.17997850868198115,0.01392122838799582,0.007301228368998253,0.6551655159705613,0.6040927789596967,0.3,1.006198575729031e-05,2.042792754287659e-06,1.0,0.18244380703476604
632,0.93,0.030000000000000027,0.18030478921744536,0.013504693680439871,0.00721999194852526,0.6549894394138782,0.6038907253763547,0.3,1.006198575729031e-05,2.042792754287659e-06,1.0,0.1789495005354056
633,0.93,0.030000000000000027,0.18056899238848775,0.013320147819800473,0.007179464441517729,0.6548469320971957,0.6037272130399706,0.3,1.006198575729031e-05,2.042792754287659e-06,1.0,0.18427847621940296
634,0.93,0.030000000000000027,0.180841417716339,0.012934840840669955,0.00710024811381792,0.6547000547910687,0.6035587048014917,0.3,1.006198575729031e-05,2.042792754287659e-06,1.0,0.17575949302255434
635,0.93,0.030000000000000027,0.18095022904779895,0.012845557017801136,0.006940757682735552,0.6546414078971442,0.6034914260175279,0.3,1.006198575729031e-05,2.042792754287659e-06,1.0,0.17575949302255434
636,0.94,0.039999999999999925,0.1812095795090662,0.012455552565251776,0.006901634127292354,0.6142958972836983,0.5459165803817834,0.3,1.006198575729031e-05,2.042792754287659e-06,1.0,0.17502385332612547
637,0.95,0.04999999999999993,0.18148909589944703,0.012144774482564008,0.006930615479221664,0.5786261861850035,0.49382438176741994,0.3,1.006198575729031e-05,2.042792754287659e-06,1.0,0.18164931792279626
638,0.96,0.05999999999999994,0.18172025883170526,0.011902675740191377,0.00689920474674562,0.5468897245295984,0.44672504732548374,0.3,1.006198575729031e-05,2.042792754287659e-06,1.0,0.18057028286619903
639,0.96,0.05999999999999994,0.18193589136522637,0.011576065747444124,0.006907399394672299,0.5468086331939593,0.44662646461074684,0.3,1.006198575729031e-05,2.042792754287659e-06,1.0,0.17482854542075632
640,0.96,0.05999999999999994,0.18211314009240742,0.01134459236146608,0.006841006135569453,0.5467419945789065,0.44654546275092044,0.3,1.006198575729031e-05,2.042792754287659e-06,1.0,0.17592063208745823
641,0.96,0.05999999999999994,0.1824586416558875,0.010894677616569965,0.006908207667678867,0.5466121461290203,0.446387654537173,0.3,1.006198575729031e-05,2.042792754287659e-06,1.0,0.18508089639948144
642,0.96,0.05999999999999994,0.18271861187659222,0.010367285417501157,0.00674098469490674,0.5465144832330301,0.4462689863752937,0.3,1.006198575729031e-05,2.042792754287659e-06,1.0,0.1740204494887494
643,0.96,0.05999999999999994,0.1826789250675098,0.010401849578494599,0.006668422861985066,0.5465293901015512,0.4462870980642503,0.3,1.006198575729031e-05,2.042792754287659e-06,1.0,0.17167026772520821
644,0.96,0.05999999999999994,0.18273710429310216,0.010324973255618763,0.0065793525150403594,0.5465075375247279,0.44626054757716266,0.3,1.006198575729031e-05,2.042792754287659e-06,1.0,0.17192306796990042
645,0.96,0.05999999999999994,0.18270204787032543,0.010356489554946936,0.0065186885201951985,0.5465207047848594,0.44627654543692274,0.3,1.006198575729031e-05,2.042792754287659e-06,1.0,0.17167026772520821
646,0.96,0.05999999999999994,0.18284637693906602,0.010263531303713668,0.006636247466469773,0.5464664985785836,0.44621068879644543,0.3,1.006198575729031e-05,2.042792754287659e-06,1.0,0.18335028114257712
647,0.96,0.05999999999999994,0.18284446362078682,0.010266153026163046,0.0067530766279827155,0.5464672171003327,0.4462115617069907,0.2999746563168445,1.0347733352729938e-05,2.298789553838039e-06,1.0,0.16868436470441517
648,0.96,0.05999999999999994,0.1828735485969915,0.01022177901133641,0.006728860304050804,0.5464562948204464,0.44619829267726546,0.2999993157205548,1.0347102494351835e-05,2.5478744398009217e-06,1.0,0.16868436470441517
649,0.97,0.06999999999999995,0.183027875418709,0.010114610011767836,0.006874991903250756,0.5180899959979514,0.4036732167174805,0.29999998152445495,1.0347079453669932e-05,2.5545997317213655e-06,1.0,0.18360596532495999
650,0.97,0.06999999999999995,0.18302848289077808,0.010113692324943156,0.006890603534544904,0.5180897909470904,0.40367296603897634,0.2999999995011603,1.0347078827191756e-05,2.554781314603654e-06,1.0,0.1677794580603711
651,0.97,0.06999999999999995,0.18285855095452622,0.010271087545065043,0.006788277168434779,0.5181471574270591,0.40374310203456726,0.2999999999865313,1.0347078810273655e-05,2.554786217341241e-06,1.0,0.16500647299474802
652,0.97,0.06999999999999995,0.18290288991346035,0.010221030589269809,0.006852862198750992,0.5181321880328134,0.4037247996694835,0.29999999999963634,1.0347078809816863e-05,2.554786349715151e-06,1.0,0.1735302672028154
653,0.96,0.05999999999999994,0.18284816690423836,0.010297761625327136,0.006884808562096106,0.5464658263821973,0.4462098721662092,0.29999999999999016,1.034707880980452e-05,2.554786353289172e-06,0.0,0.16575394659396636
654,0.96,0.05999999999999994,0.18278548205710782,0.010414813971015872,0.006930727746734062,0.5464893677849874,0.4462384724595111,0.2999999999999997,1.0347078809804171e-05,2.5547863533856156e-06,1.0,0.16034413216543042
655,0.96,0.05999999999999994,0.18280801889255172,0.010380304779483743,0.007005853685380039,0.5464809038039243,0.44622818948694154,0.3,1.034707880980417e-05,2.5547863533884193e-06,1.0,0.1680024852734956
656,0.97,0.06999999999999995,0.18279943689333444,0.01039456741952679,0.006979149987583165,0.518167116428394,0.40376750589073246,0.3,1.0347078809804173e-05,2.5547863533884193e-06,1.0,0.1651114869894894
657,0.98,0.07999999999999996,0.18267489862754252,0.010601690467718696,0.006974642480770905,0.49267813713946057,0.3653904763951769,0.3,1.0347078809804171e-05,2.5547863533884193e-06,1.0,0.1590505246979239
658,0.98,0.07999999999999996,0.1826113476363322,0.010725789123459596,0.00692168329957073,0.49269753666248584,0.365414224317985,0.3,1.0347078809804171e-05,2.5547863533884193e-06,0.0,0.15864204669010062
659,0.97,0.06999999999999995,0.18249536705573366,0.010915546123112787,0.006883320901079782,0.518269805479335,0.4038930806341775,0.3,1.0347078809804171e-05,2.5547863533884193e-06,0.0,0.1590505246979239
660,0.97,0.06999999999999995,0.1824216179924213,0.011047868967177273,0.006871480307070049,0.518294717803177,0.4039235492885817,0.3,1.0347078809804171e-05,2.5547863533884193e-06,1.0,0.15906732096811615
661,0.97,0.06999999999999995,0.18233342417188692,0.011199744864477784,0.006855113784793315,0.5183245126892521,0.40395999167963864,0.3,1.034707880980417e-05,2.5547863533884193e-06,1.0,0.1588118603230657
662,0.97,0.06999999999999995,0.18226744404978887,0.011316045985700029,0.006483122158383293,0.518346805269104,0.4039872594933086,0.3,1.034707880980417e-05,2.5547863533884193e-06,1.0,0.15915748381626038
663,0.97,0.06999999999999995,0.18198599574638735,0.01114742472377343,0.006539635671434084,0.5184419192179642,0.40410361587823657,0.3,1.034707880980417e-05,2.5547863533884193e-06,1.0,0.17478346019369506
664,0.97,0.06999999999999995,0.18177497504858334,0.01113860683102929,0.006457773289669398,0.5185132554341266,0.4041909000513675,0.3,1.034707880980417e-05,2.5547863533884193e-06,1.0,0.17179508216803407
665,0.96,0.05999999999999994,0.1814918015156187,0.010928208408994989,0.006384891637992043,0.5469756650305232,0.4468295407548054,0.3,1.034707880980417e-05,2.5547863533884193e-06,0.0,0.17567255247234081
666,0.96,0.05999999999999994,0.18129674301464466,0.010896928556929779,0.006392773801169661,0.5470490630274063,0.4469187966913922,0.3,1.034707880980417e-05,2.5547863533884193e-06,1.0,0.17339130185103246
667,0.96,0.05999999999999994,0.18108655732872111,0.010844780038218768,0.006175059754929001,0.5471281752410586,0.4470150145304125,0.3,1.034707880980417e-05,2.5547863533884193e-06,1.0,0.17337949982280976
668,0.96,0.05999999999999994,0.1806414163052574,0.010304163546138253,0.00595225242020409,0.5472957983363133,0.4472189259912236,0.3,1.034707880980417e-05,2.5547863533884193e-06,1.0,0.17144945867483963
669,0.95,0.04999999999999993,0.1804419943335844,0.010275814396947908,0.005948179983389482,0.5790673918141772,0.4943543770503658,0.3,1.034707880980417e-05,2.5547863533884193e-06,0.0,0.17203339656817485
670,0.94,0.039999999999999925,0.18027674207742458,0.010237686330787334,0.00596432470206091,0.6147388927807498,0.5464386356493793,0.3,1.034707880980417e-05,2.5547863533884193e-06,0.0,0.1744632589815116
671,0.93,0.030000000000000027,0.18008729085286873,0.010228385579501112,0.005979487720190245,0.6551068013981715,0.6040253991231265,0.2988824048671582,0.00011154953131865276,1.3843626079062808e-05,0.0,0.17121182687704906
672,0.92,0.020000000000000018,0.17990967753146644,0.01017566766717029,0.005987220854389742,0.7011416617031437,0.6676728976931013,0.2999698249314133,0.00011155618831770025,2.4827667132144132e-05,0.0,0.17414591050205974
673,0.92,0.020000000000000018,0.17972431424371516,0.01016375488477917,0.005995650780924962,0.7012562740219346,0.6677998433135343,0.2999991852731481,0.00011155528459628276,2.512423624057687e-05,1.0,0.17120241052789398
674,0.92,0.020000000000000018,0.1795431618397008,0.010182657819462594,0.006004080205329937,0.7013683189102886,0.6679239517688682,0.299999978002375,0.00011155525940586037,2.5132243606504878e-05,1.0,0.16951456165441026
675,0.92,0.020000000000000018,0.17939884738487638,0.010181385909751794,0.006006447005820162,0.7014576047212453,0.6680228553712562,0.2999999994060641,0.00011155525872514305,2.5132459805384664e-05,1.0,0.17234502071601576
676,0.92,0.020000000000000018,0.17924512157634406,0.010223995218798647,0.006022692899445347,0.7015527382442078,0.6681282411174467,0.2999999999839637,0.00011155525870676326,2.5132465642754534e-05,1.0,0.16880773953215444
677,0.91,0.010000000000000009,0.1791068135890319,0.010275810392742113,0.005950630257194009,0.7545827739011326,0.7385007210964043,0.299999999999567,0.00011155525870626699,2.5132465800363588e-05,0.0,0.168420583939194
678,0.91,0.010000000000000009,0.17889531757485944,0.010271757555693145,0.005827972885836455,0.7547342444402617,0.738661065131601,0.2999999999999883,0.00011155525870625356,2.513246580461888e-05,1.0,0.16862313842900756
679,0.9,0.0,0.17880263595284382,0.010326255577017421,0.0056892159952475745,0.8164244075137076,0.8164244075137076,0.29999999999999966,0.00011155525870625318,2.513246580473383e-05,0.0,0.16815894339048798
680,0.9,0.0,0.1785905326052025,0.010278358106564993,0.005556523037821931,0.8166022350898476,0.8166022350898476,0.3,0.0001115552587062532,2.5132465804737195e-05,1.0,0.1704178980347315
681,0.9,0.0,0.17850979528541253,0.010328151455124415,0.005428681969034458,0.816669945665755,0.816669945665755,0.3,0.00011155525870625318,2.5132465804737195e-05,1.0,0.16815894339048798
682,0.89,-0.010000000000000009,0.17828039550796443,0.010299619367225437,0.005417491431003665,0.7551749888104047,0.739127659218522,0.2862690311750377,0.0013694796271485085,0.00016382912060233594,0.0,0.16820791807887803
683,0.88,-0.020000000000000018,0.1781803575769902,0.010211120345877494,0.005518266568382736,0.7022123785823715,0.6688590970297726,0.2838247882288628,0.0021016966808034107,0.0001885184432909713,0.0,0.18230094067970404
684,0.87,-0.030000000000000027,0.1778324172949896,0.010176386360294545,0.00567452641179516,0.6563260126480097,0.6054251515862517,0.27154123473536085,0.0035010935521798234,0.00031259474120513256,0.0,0.16162698957736343
685,0.86,-0.040000000000000036,0.17760827610474939,0.01012583568965158,0.005707917187778177,0.616009656836324,0.5479375505124993,0.2587936869794333,0.0053456453695452,0.0004413578498508656,0.0,0.16880267214888878
686,0.85,-0.050000000000000044,0.177329203941177,0.010024333530454031,0.005696164351728218,0.5803829761510231,0.49593666953420606,0.24980052877209202,0.0072464662517383194,0.0005321978317432015,0.0,0.1671795705648793
687,0.85,-0.050000000000000044,0.1771613514825427,0.009912149682428779,0.005775676787466386,0.5804540869056464,0.4960222801055329,0.23417412340473293,0.009665393845981,0.0006900403102013742,1.0,0.17551490870573327
688,0.84,-0.06000000000000005,0.17701052822067176,0.009787559273753039,0.0057494115726685335,0.5486668972201498,0.44888914673493924,0.2280563688388645,0.011897081682869614,0.000751835810866712,0.0,0.17768143538484438
689,0.83,-0.07000000000000006,0.1769183013941134,0.00972686478733034,0.005712591836275792,0.5201605118454848,0.40621023094773906,0.2284281506030698,0.013715660264786565,0.0007555911822223213,0.0,0.17877429597200578
690,0.83,-0.07000000000000006,0.1767818817315488,0.009598901249851821,0.0056579705982956596,0.5202069329562634,0.4062672435435551,0.22322489762945963,0.01552225023153737,0.0008081492930668686,1.0,0.17909302686142503
691,0.82,-0.08000000000000007,0.1765892855243562,0.009584979186401518,0.005743024926324387,0.4945427837667164,0.36767865864313715,0.21850373618808766,0.01730800459166554,0.0008558377924746663,0.0,0.16774913894916432
692,0.81,-0.08999999999999997,0.1765959349090241,0.009590406160672457,0.005859643690235738,0.4712361893589633,0.33268713176441306,0.2118296366844296,0.019167254038027225,0.0009232529389762627,0.0,0.18475018869781046
693,0.8,-0.09999999999999998,0.1765261536169822,0.009521098209965244,0.005826628371328121,0.4500469585853232,0.3010493826879988,0.20776933405754267,0.020985810062914497,0.0009642660968236056,0.0,0.18256291314824202
694,0.79,-0.10999999999999999,0.1764913074839491,0.009499721658928057,0.005782049745209502,0.43067313844686733,0.2724105148090999,0.20680397212031656,0.02265746433406177,0.0009740172275026571,0.0,0.18060063692770312
695,0.78,-0.12,0.17648591803774052,0.009491944552859777,0.005716746314910725,0.4128921862618729,0.2464885940082873,0.1982816116672412,0.024488259813766417,0.0010601016765236205,0.0,0.18992186581643744
696,0.78,-0.12,0.17650335569040754,0.009548038755102725,0.005724437820361798,0.4128884478903401,0.2464841706481028,0.20056836223378713,0.026072490878158036,0.0010832001670947914,1.0,0.2079908441923053
697,0.78,-0.12,0.17679102508777653,0.010320498494132467,0.005696716094608165,0.4128267856491717,0.2464112212691815,0.20510696787894178,0.027387363266106808,0.001129044668561,1.0,0.2177064993263027
698,0.78,-0.12,0.1768262841411688,0.010325395615671043,0.00606824774351936,0.4128192291006226,0.246402282982555,0.20641984103897615,0.028572639114622225,0.0011423060136118521,1.0,0.18000535894502123
699,0.77,-0.13,0.1769258422443577,0.010360642646165064,0.0060667009598743184,0.3964332142013156,0.22293117213336905,0.20825361783948676,0.02963176112475827,0.0011608290115968079,0.0,0.18551575678560095
700,0.76,-0.14,0.17690087779914976,0.010353262243912063,0.006022351733075952,0.3813211240972547,0.20172164647117716,0.20670613862545784,0.03066665927250556,0.0011764601147688171,0.0,0.17872703136736567
701,0.76,-0.14,0.17740707535446476,0.012175854972648639,0.006508463313464926,0.3812285858204804,0.2016166592892482,0.20847917231341834,0.03159662366644168,0.0011943695459603373,1.0,0.2430225302909288
702,0.76,-0.14,0.17769219600156105,0.01247516076715206,0.006783320530165886,0.38117648251622455,0.2015575723467347,0.20282333567916722,0.03261119447500548,0.001251499208932571,1.0,0.2047443870040031
703,0.75,-0.15000000000000002,0.17752432469066762,0.012457685086150208,0.007078251874335282,0.3672088920015187,0.18240830775300682,0.20482719681590386,0.03351943167003509,0.0012717402305157694,0.0,0.1705124700385623
704,0.75,-0.15000000000000002,0.1779947693559944,0.013474631848210657,0.007457466489790007,0.36712913558534604,0.18232013090890054,0.20796705768330837,0.034307731685589093,0.0013034559968531886,1.0,0.2293103537679183
705,0.75,-0.15000000000000002,0.17820285028216584,0.01401696951797891,0.007238698838434393,0.3670938698212538,0.18228115686794866,0.2104400062264275,0.03500301109438933,0.0013284352750665132,1.0,0.22432961665171436
706,0.74,-0.16000000000000003,0.17845123101081029,0.01421011206033288,0.007431232593696178,0.3540560909341074,0.164892735965258,0.2081923331276175,0.03570726796034984,0.0013511390437413616,0.0,0.20172086229860609
707,0.73,-0.17000000000000004,0.17860447788636022,0.014312894750630202,0.007485266810776096,0.34192663962027314,0.14917763773407625,0.21100201907263533,0.0363204275974727,0.001378498313475509,0.0,0.19575538957135108
708,0.72,-0.18000000000000005,0.17906198400036807,0.015093560602737761,0.007720455405484181,0.3305589210103037,0.13491812208452517,0.21208358419075268,0.03688275161606261,0.0013884293949835518,0.0,0.2267973986534848
709,0.72,-0.18000000000000005,0.17977577031218708,0.016432073217402345,0.007894700623362871,0.3304608677184858,0.1348193473587474,0.20832986119083613,0.0374834957066044,0.0014263189558178788,1.0,0.24466708022856554
710,0.72,-0.18000000000000005,0.18038960236144047,0.01732372329438637,0.007989407908731278,0.33037659171950334,0.13473452003425615,0.2106151321101122,0.03801199398961729,0.001449401775963217,1.0,0.23529105897709313
711,0.72,-0.18000000000000005,0.18066491925743067,0.017436928028141563,0.008331342406976954,0.33033880608061983,0.13469650781815118,0.21103798753865205,0.03850531586252455,0.001453673023356832,1.0,0.2014395436507712
712,0.72,-0.18000000000000005,0.18126896936921472,0.018221032470473197,0.008632586950741553,0.3302559340013666,0.13461318345376352,0.21769986568160632,0.038867570945603905,0.0015209647212423554,1.0,0.23431286523016426
713,0.72,-0.18000000000000005,0.18173390145132218,0.018692174801613847,0.008733523611063363,0.33019217640065274,0.1345491195970965,0.21320955190750124,0.03927691007140297,0.0015663214260170355,1.0,0.22345117400919656
714,0.72,-0.18000000000000005,0.18192869103981604,0.01875184467112188,0.008830517435938823,0.33016547160777165,0.1345222972989847,0.2212787543285174,0.039547871723654336,0.0016478285211784297,1.0,0.19730588649695024
715,0.72,-0.18000000000000005,0.18241854928632617,0.01968696556696952,0.009178157050498684,0.3300983332907994,0.13445489163126254,0.22191406164779437,0.03979321237803162,0.001654245766827682,1.0,0.24335565114815094
716,0.72,-0.18000000000000005,0.18290780401586018,0.02028756432028365,0.009272505919864947,0.3300313049386674,0.13438763640090753,0.22236863247533026,0.04001612528998916,0.001658837391348246,1.0,0.23166185664076666
717,0.72,-0.18000000000000005,0.18327412869570783,0.020567468161326017,0.009400080977581665,0.32998113593567496,0.13433732373895077,0.2166019197334429,0.04029725458656899,0.0017170870150036738,1.0,0.21701559523200142
718,0.71,-0.19000000000000006,0.1835282267227829,0.020711548886320652,0.009484160840303967,0.319407608277446,0.12152187929590337,0.21728985764655578,0.040550191703602974,0.001724035882812895,0.0,0.20780926064955607
719,0.7,-0.20000000000000007,0.1835632924822925,0.020714070391184298,0.009696492139128295,0.30951703904679884,0.10995360408180452,0.21458057798245894,0.040820525591974965,0.0017514023440663984,0.0,0.18678846206594768
720,0.69,-0.21000000000000008,0.183911216141475,0.020996688612591935,0.0099778969542692,0.3001851452356443,0.09945478166495404,0.20996702743650167,0.04113483588197068,0.0017980038647326334,0.0,0.2180742520332296
721,0.68,-0.21999999999999997,0.1843181271083832,0.0214366410964424,0.009986684915434764,0.2913931941013601,0.08995302398071842,0.20924782453595625,0.04143732539603788,0.0018052685404957186,0.0,0.22739969607414579
722,0.67,-0.22999999999999998,0.1845142732890117,0.021623903614131853,0.009985683041782007,0.28312283754979606,0.08137656645585943,0.22321341447704512,0.04154726591747107,0.0019463351055572222,0.0,0.21477865333169077
723,0.66,-0.24,0.18475807560291177,0.021736332621765574,0.010066032687306426,0.2753044426325944,0.07361424329639084,0.22741848773955117,0.04160123565777036,0.0019888105930572835,0.0,0.20682403842477326
724,0.66,-0.24,0.1853323030277162,0.02241549239450256,0.01026612903788912,0.27524972225553307,0.07357113260153565,0.22989036269716107,0.041620476420085255,0.0020137790269725347,1.0,0.23986654951520991
725,0.66,-0.24,0.18576171963338656,0.0230129081749093,0.010217303827482076,0.2752088156815977,0.07353892670731813,0.22444788496905224,0.04167734408800705,0.0020687535494786843,1.0,0.23861843998454746
726,0.66,-0.24,0.1858189422459326,0.02302947695114622,0.01058245572295275,0.27520336552719593,0.07353463718707699,0.2376613990687184,0.04161505488716353,0.0022022233888692516,1.0,0.19531723531116052
727,0.66,-0.24,0.18623069831868988,0.023331568894654868,0.010863519905622935,0.2751641542802729,0.07350378588672195,0.23616514398662591,0.04155297527505786,0.0022173370765671556,1.0,0.22361941431049903
728,0.66,-0.24,0.18661632222553468,0.02359091137686948,0.010880283206241901,0.2751274417126458,0.07347491603485219,0.22639934115168417,0.04155566154204526,0.0023159815496473753,1.0,0.22148302263423103
729,0.66,-0.24,0.18702038562401668,0.023860482686320558,0.010736480953335582,0.27508898415820193,0.07344469002557318,0.2319882362404122,0.041500783947643186,0.002372435035392103,1.0,0.22285014688297022
730,0.66,-0.24,0.18753977465815566,0.024647189275372933,0.010852971494403224,0.27503956604138696,0.07340587357788149,0.2352356043202692,0.04141269978901083,0.002405236733168436,1.0,0.24998625773513172
731,0.66,-0.24,0.18811966161622948,0.025196515401522956,0.010914178043833777,0.2749844127246984,0.07336258427694299,0.22796575465496147,0.041365926728916064,0.002478669558070534,1.0,0.24043250284214646
732,0.66,-0.24,0.188750966477654,0.02574377771066642,0.010876991257487425,0.2749243941705409,0.07331551457583238,0.2306226684452703,0.041286638525879056,0.0025055070711039566,1.0,0.24207998667785469
733,0.66,-0.24,0.1892224779274719,0.026087054486237153,0.010898520371424915,0.2748795843662324,0.07328039835671445,0.22590106751963407,0.04123133102007133,0.0025532000097467466,1.0,0.23142962120119426
734,0.66,-0.24,0.1898829601967286,0.026569488743636217,0.011003349651697922,0.2748168403906668,0.07323126490004789,0.2294631681239799,0.04113569474177872,0.0025891808239320584,1.0,0.2418077199482218
735,0.66,-0.24,0.1905792321136564,0.02709732179792096,0.011032070106957352,0.274750727504925,0.07317954032990691,0.22311888846865974,0.041076803540302985,0.0026532644568140803,1.0,0.24538668471533442
736,0.65,-0.25,0.19120732966472573,0.027455061551698367,0.01104143992196345,0.26734732184295895,0.06617342325980773,0.23117894690548568,0.04094410854121631,0.0027346791884991905,0.0,0.23783360843306023
737,0.64,-0.26,0.19168644249482614,0.027701029475249574,0.011114106310282876,0.2603451284490154,0.05984712072487239,0.2248509185801528,0.04084371482494181,0.0027985986665328565,0.0,0.2295606009328397
738,0.63,-0.27,0.19221540351998573,0.02798726818484262,0.011095561330524048,0.25369633283803855,0.05412290479489155,0.22487021663164805,0.0407290636435786,0.00279879359634594,0.0,0.23346638538215825
739,0.62,-0.28,0.1927495832709646,0.028159567077993747,0.0111372560597848,0.24737827784916858,0.04894595019672866,0.22923793451012986,0.04056999963345031,0.002842911958754847,0.0,0.22824652051864158
740,0.61,-0.29000000000000004,0.19346892496371335,0.028635248910716858,0.011242791580306742,0.24135370134820178,0.04425590369258109,0.21991110883736623,0.0404666559300268,0.002937122319085793,0.0,0.24785480136233695
741,0.6,-0.30000000000000004,0.19408377326845053,0.029104785778958663,0.01114409084877555,0.23562288499771233,0.04001950963019596,0.20532267261341425,0.04049453607142571,0.0030844802607418735,0.0,0.2465657268731929
742,0.6,-0.30000000000000004,0.19476243882122365,0.029418601056335217,0.011167611458306729,0.23557551226243537,0.03999207431290288,0.20325731303547137,0.04052480891030387,0.0031053424787008924,1.0,0.24188700476606484
743,0.6,-0.30000000000000004,0.19551221000323193,0.029773812738509833,0.011213142578663063,0.23552319829951626,0.039961808224685556,0.19907342404182135,0.04058382120097157,0.0031476039836872563,1.0,0.24664738592603397
744,0.59,-0.31000000000000005,0.19626165979595409,0.030111924448006006,0.011212817943020556,0.23005383102195623,0.03613160661735107,0.2060129560846385,0.04053578231671777,0.003217700266948035,0.0,0.24686804724211786
745,0.59,-0.31000000000000005,0.1969892072863663,0.03038664826068352,0.011119515085023767,0.23000541892138843,0.0361051121462524,0.206407691258222,0.040461637128043626,0.003221687490923626,1.0,0.2444250167664308
746,0.59,-0.31000000000000005,0.19770098918553322,0.03088833476797084,0.011073429608808357,0.22995807560083342,0.0360792293718892,0.2011762777098281,0.04042364623619366,0.003274274055218964,1.0,0.254528471059267
747,0.59,-0.31000000000000005,0.19837064664714266,0.030977774242547988,0.011264120115817499,0.22991355192720084,0.03605491224037647,0.2033434450082543,0.040337427680358744,0.0032959155491049824,1.0,0.23565011086536214
748,0.59,-0.31000000000000005,0.19950059207412635,0.03192077113886471,0.011578334215987987,0.22983846405593236,0.036013955002074764,0.20283500720479444,0.040232991607321335,0.0033010445592015457,1.0,0.28167890740278534
749,0.58,-0.32000000000000006,0.200286510316148,0.03248231760060053,0.011615249474685698,0.22462469950844915,0.03256104733328544,0.20098504669371833,0.040124898767951646,0.003319730847427513,0.0,0.2621977895271229
750,0.58,-0.32000000000000006,0.20101900626535232,0.032566806256599655,0.011801065146207865,0.22457823135278188,0.03253710591370302,0.19689831743008404,0.04003863745597212,0.0033610109360968387,1.0,0.24102905298080524
751,0.57,-0.33000000000000007,0.2016446194268625,0.03246975255719838,0.01185093857678339,0.21960752318148705,0.029422314009592793,0.19862280290097997,0.03990578846909472,0.0033784299811250302,0.0,0.22756778914576103
752,0.57,-0.33000000000000007,0.20248319703447823,0.03281388009159743,0.012073604417286204,0.21955667655253439,0.029397583756784362,0.2009939122290792,0.03972113243296857,0.0034023805803951855,1.0,0.25738802796438853
753,0.58,-0.32000000000000006,0.2031470508135983,0.032735523600708125,0.012273997235769838,0.22444334123322404,0.032467750682709455,0.20876972256268095,0.03943843488653466,0.0034809241191183387,1.0,0.23213932450597285
754,0.58,-0.32000000000000006,0.20408884234242833,0.032845118512836176,0.012422740745208185,0.2243836957112316,0.03243715098976973,0.2142972252730489,0.03909110134131606,0.003536757479829124,1.0,0.2545232850484346
755,0.58,-0.32000000000000006,0.20483964218689152,0.03286975643066448,0.012509102533537594,0.2243361687758325,0.03241279808423794,0.21309963933379508,0.03872980628284979,0.003548854307498354,1.0,0.24308246971981728
756,0.58,-0.32000000000000006,0.20557848540270038,0.03279875260402343,0.012489160097758602,0.22428941836678257,0.032388868675043356,0.2153796267612249,0.03833064725013434,0.0035718844835329992,1.0,0.23899580857037162
757,0.58,-0.32000000000000006,0.20652799500615815,0.03281243608087865,0.012636606546905139,0.22422936661534618,0.03235816810418274,0.21248108710075142,0.03792697923477622,0.00360116266192162,1.0,0.254001485043702
758,0.59,-0.31000000000000005,0.20739365435276874,0.03267931101526754,0.012721303776043719,0.22931531392247534,0.035730429246493965,0.2195168768809981,0.03745841574555609,0.0036722312455604754,1.0,0.2452079813511593
759,0.6,-0.30000000000000004,0.20829349911549105,0.03257448516045076,0.012759790880577052,0.2346349668935232,0.03945282162747619,0.22258201680715495,0.03695348295730524,0.0037031922549155953,1.0,0.2490350009701514
760,0.6,-0.30000000000000004,0.20893627006372392,0.03222913377294551,0.013016711330412338,0.23459047464142432,0.03942756689495247,0.2304617065153915,0.036404804733301536,0.003782785080251318,1.0,0.2233444157914074
761,0.6,-0.30000000000000004,0.20963166683209142,0.03188853161458821,0.013063797167535677,0.23454235865738118,0.03940028085877897,0.23137447085280666,0.03583313399954702,0.0037920049220433903,1.0,0.22835153715981238
762,0.6,-0.30000000000000004,0.21039351504897105,0.03158214643951806,0.012976572843969799,0.2344896674080277,0.03937043071504924,0.21222941129426037,0.03530761134308218,0.003985389362028705,1.0,0.23534230550422486
763,0.6,-0.30000000000000004,0.2111212555797927,0.03159166401158839,0.01306977314443421,0.23443935723190346,0.0393419591592094,0.20900977948876914,0.03477316404400837,0.004017910895417506,1.0,0.24755751327586262
764,0.6,-0.30000000000000004,0.21155942155579466,0.03134609075371867,0.013353291964669816,0.2344090763416933,0.039324836545930913,0.2124627068796639,0.03418412513161673,0.004052788949870988,1.0,0.2156116797682306
765,0.61,-0.29000000000000004,0.21205762549170534,0.031167161495787896,0.013430059799759402,0.23999963911620192,0.04343916939052971,0.21501285517032953,0.03354825859355462,0.004078548023514076,1.0,0.2254929460634082
766,0.61,-0.29000000000000004,0.21253366190304995,0.03093563084277729,0.013475374961877456,0.23996516255037348,0.043418649405747724,0.21335702055623557,0.032886553245941044,0.004095273625676641,1.0,0.2209949429854986
767,0.61,-0.29000000000000004,0.2132178497129651,0.030818482081366706,0.013666014322290131,0.23991562812725578,0.04338919079701446,0.2167110359342089,0.03217231697107456,0.004129152568888492,1.0,0.24179828081432375
768,0.61,-0.29000000000000004,0.2138129124364991,0.030579814871758013,0.013769636664641089,0.23987256288429992,0.04336360206971129,0.2154799913847908,0.031424925211161255,0.004141587362316959,1.0,0.23095573102824363
769,0.62,-0.28,0.21435872248859728,0.030315188780703762,0.013788944410468582,0.24572640770882684,0.0478982820033331,0.2147739899743893,0.030639057598234903,0.004148718689694752,1.0,0.22661440177798542
770,0.63,-0.27,0.214834590860913,0.030057599909426948,0.013802205758553775,0.25187869371754795,0.05291084802929126,0.21270028148169678,0.02981769958957369,0.004158376400400315,1.0,0.2220500962130887
771,0.63,-0.27,0.21524864098967078,0.029737309959542633,0.013867853969010848,0.2518456640747982,0.0528891667694493,0.21417461232682228,0.02896814890000724,0.0041622845901060765,0.0,0.21261683975282786
772,0.64,-0.26,0.2158055214714188,0.029482714565384774,0.014012031938201391,0.25830541701206544,0.058419372710533844,0.214158141924073,0.028038883904442268,0.004162154388702182,1.0,0.22983395867685763
773,0.64,-0.26,0.2165327899199052,0.029269721689436066,0.014137359694021578,0.25824440937125226,0.05837737874173019,0.21651700964218729,0.027041364842593698,0.004185973327983873,1.0,0.24392925537653998
774,0.64,-0.26,0.21706906690957864,0.028892191469404232,0.01431873884243755,0.2581994416964072,0.05834645166316204,0.2128889694741959,0.025991867651801413,0.004222619982168744,1.0,0.22314226062175335
775,0.64,-0.26,0.21790008524382043,0.02878878738121515,0.014609317754908042,0.2581297904207428,0.058298591539941755,0.21291051172282735,0.024867585790467668,0.0042228375748024,1.0,0.2554468541401935
776,0.64,-0.26,0.2183966591709402,0.02836283310817355,0.014978959838777771,0.258088188324666,0.05827003024369968,0.2142219821759107,0.023653113051573926,0.0042360847509385615,1.0,0.21846513224413033
777,0.65,-0.25,0.2190001539126248,0.027931811418491558,0.015081003994067765,0.2648723504342353,0.06436002281034718,0.2178374599707206,0.02233105485751147,0.004272604728659658,1.0,0.2287700581076535
778,0.65,-0.25,0.21974053218351955,0.027565518901378844,0.0152166273513638,0.26480704566973323,0.0643130733759914,0.21511066835184164,0.020898835353031765,0.00430014807834519,1.0,0.2426609655184806
779,0.66,-0.24,0.22014323437698224,0.027099234878666455,0.01553958541335857,0.27197259937594065,0.07104874796689993,0.21153420404405884,0.019335678237357542,0.004336273980444003,1.0,0.20842916273675494
780,0.65,-0.25,0.22073942270462663,0.026650812604087158,0.015735025952936015,0.2647189899508539,0.0642498394059644,0.21588311701569235,0.017577186112802044,0.004380202394298886,0.0,0.23003673079916553
781,0.64,-0.26,0.22106242811043017,0.02620357172347707,0.016033291328086844,0.25786508388379026,0.058117181109512576,0.21032142721765112,0.015594349583964957,0.004297684424329988,0.0,0.20045948397084334
782,0.65,-0.25,0.2216133981138956,0.025660044786478105,0.016121699528629768,0.264641993960002,0.06419461499340777,0.20397804995711832,0.014068851181849916,0.0043370696194245115,1.0,0.22330491842541877
783,0.66,-0.24,0.2219726696794458,0.025356828112197378,0.01596415276184545,0.27180253210308947,0.07092096295825677,0.20544262168657296,0.012423338171854658,0.004227786975343225,1.0,0.21822809723472536
784,0.67,-0.22999999999999998,0.22279182886372617,0.024708995343536124,0.016147376279008616,0.2793162109169337,0.07831671482008618,0.2031009070515083,0.011192859023400321,0.0041226775498799636,1.0,0.24354290800540368
785,0.68,-0.21999999999999997,0.22330611357143856,0.024107825344139355,0.016366453688112324,0.2872887544094912,0.0865096512363543,0.20349675078061372,0.010389770106107551,0.004035835989493744,1.0,0.2202311429201269
786,0.69,-0.21000000000000008,0.22371645773118767,0.023490310665864097,0.016403643771339366,0.29574122383575263,0.09556944677298115,0.20498928918513204,0.009839400766924983,0.0038930696565357553,1.0,0.20821398653979606
787,0.69,-0.21000000000000008,0.22400103252917639,0.023073320128990285,0.016424604088067493,0.29570992708522953,0.09554276241514548,0.20664977868882412,0.009675753810447366,0.0038480467771198333,1.0,0.2039723885046001
788,0.7,-0.20000000000000007,0.22426934041327073,0.022685881039032265,0.016419017973951493,0.3046894974118795,0.10556329251380965,0.20660914444263548,0.009609760950546688,0.003844701852695422,1.0,0.20451222379427736
789,0.7,-0.20000000000000007,0.22484064771338366,0.022248116944714253,0.01673289748202833,0.3046228144739075,0.10550416817130025,0.200101223940719,0.009605401261440518,0.003857880312577303,0.0,0.23590502598330354
790,0.7,-0.20000000000000007,0.22548896229580975,0.02184655295801326,0.016699317393225013,0.30454717859831404,0.10543715454945733,0.20241598222668333,0.00962813650582769,0.003833573209997429,1.0,0.2439244851040362
791,0.71,-0.19000000000000006,0.2262578501601236,0.021142578921942698,0.01653479608542563,0.3140180401880887,0.11643836332395402,0.20476224932192816,0.009657569311313357,0.003789857731124568,1.0,0.24463792538054308
792,0.72,-0.18000000000000005,0.22668971181614211,0.020727311768326373,0.01668140513119645,0.3241413856332589,0.12862990938083288,0.20641240390479745,0.009682675237857527,0.0037655128013870153,1.0,0.22793635429966363
793,0.73,-0.17000000000000004,0.22700557724610915,0.020288482414605822,0.016800845756794254,0.33495555443101427,0.14211410755508538,0.2061874181557453,0.009693434464937048,0.003758034254031723,1.0,0.21414945614494185
794,0.74,-0.16000000000000003,0.22743151315940263,0.01974973863718586,0.016798053264101106,0.34649958354392224,0.15699496138623595,0.20824742196121257,0.009684434316614077,0.0036927579242579047,1.0,0.22319422825705437
795,0.75,-0.15000000000000002,0.2275854527147305,0.019515372931485274,0.016796128299777467,0.3589117870507265,0.17348015109455048,0.21014329497859932,0.009568348571306633,0.0036888096661855893,1.0,0.20531582134922666
796,0.75,-0.15000000000000002,0.22756554822123973,0.019536351882267527,0.0167049052529088,0.3589150114997589,0.1734835272771766,0.2226393543237032,0.009517484271477191,0.0037691879863870964,1.0,0.20600039484322608
797,0.74,-0.16000000000000003,0.2276106950656626,0.019518724868523483,0.01648793200587927,0.3464725320831802,0.1569674580293014,0.20905019303921368,0.009489042271218122,0.0038931908967351284,0.0,0.22222118376858413
798,0.74,-0.16000000000000003,0.2282370009522631,0.018978494758453972,0.016638481157353103,0.34637801057144174,0.15687139946249087,0.20918108965449134,0.009471081966946992,0.003875990086783281,1.0,0.24263594760507323
799,0.75,-0.15000000000000002,0.22878014513063716,0.01851975235861127,0.01659824931456353,0.35871835765619703,0.17327774878670246,0.21349117707295434,0.009453733303000986,0.0039038952201614022,1.0,0.2398301746230056
800,0.76,-0.14,0.22938050463042198,0.017848367547490553,0.01595957956055938,0.3719605281255594,0.19138931687971678,0.21107533510965884,0.009429836922922865,0.003910388233043574,1.0,0.23876298134585322
801,0.75,-0.15000000000000002,0.22927850549592715,0.017799192481974844,0.015632935330432945,0.3586377310985077,0.17319345713994347,0.21275922206739667,0.009414034122815851,0.0038702675292404095,0.0,0.23282261684144478
802,0.75,-0.15000000000000002,0.22938004902585615,0.017687551802842344,0.01546820765244408,0.3586213074604204,0.17317629233234114,0.20967294166236977,0.009356337469122799,0.0038812010572029368,1.0,0.21489873999690168
803,0.75,-0.15000000000000002,0.22973747209433998,0.016834951769609554,0.014961602393662241,0.35856350986099944,0.17311590098189325,0.20322924190032426,0.009373659288884095,0.003914573167249816,0.0,0.20625477688694782
804,0.75,-0.15000000000000002,0.22968985232651704,0.016842825660280933,0.015096075757121546,0.35857120920673036,0.17312394453877522,0.20806652108773738,0.009373006099822528,0.003938455294969957,1.0,0.22454837698562302
805,0.75,-0.15000000000000002,0.22942764708103058,0.0171259495365913,0.015134767984691698,0.35861360947460313,0.1731682475801254,0.2090282505154476,0.009379678703447901,0.0039254659649588484,1.0,0.19810909210306948
806,0.76,-0.14,0.22954529147181493,0.0169749589679283,0.015229825929607987,0.37193185943822515,0.19135853994333393,0.21182343588001157,0.009363525463989523,0.003925319494449213,1.0,0.21348530137703703
807,0.77,-0.13,0.22952738427378772,0.017011500315919453,0.015113448379368292,0.3863029317284581,0.2114875889791096,0.22052379304668096,0.009378971930081569,0.004002276989889133,1.0,0.19396466976863314
808,0.78,-0.12,0.2292337632677853,0.017306918312292363,0.014968003396636252,0.40188519956081725,0.2337969242144574,0.22055832309513854,0.009396920759024471,0.00396470938431884,1.0,0.19743529805324178
809,0.78,-0.12,0.22883568386686282,0.017404893106905687,0.014948284415137306,0.40196606932086093,0.2338878096944977,0.21907372844497802,0.009388605475213153,0.003956621745236864,1.0,0.2048591401363189
810,0.78,-0.12,0.2284645182389158,0.017657205491343447,0.014673871572991899,0.4020415008781342,0.23397261417257637,0.2194103990801236,0.0093931601923836,0.003955751191768235,1.0,0.19817449618239247
811,0.78,-0.12,0.22879378222754693,0.017456038111758145,0.014707387984629236,0.40197458352473053,0.23389738036531396,0.2226630071335115,0.009420618973967579,0.003921314120156454,1.0,0.23436594251388176
812,0.78,-0.12,0.22838047382621934,0.017806253380206877,0.015015693299735372,0.40205858505717085,0.2339918253056131,0.22123128101198025,0.00943845009529148,0.0038904192953829815,1.0,0.19298202509740636
813,0.78,-0.12,0.22823668208284167,0.01790327274968645,0.014914124482177585,0.4020878177784871,0.23402470098630332,0.21300149839201915,0.009438806179627066,0.0038920413175945463,1.0,0.20907199967143142
814,0.78,-0.12,0.22854601499245256,0.017631345586971065,0.014642583200717027,0.4020249359625277,0.23395398840369533,0.2190033194082369,0.009425700816598343,0.003946248526654554,1.0,0.228239177458037
815,0.78,-0.12,0.22831024526432064,0.01758931972910031,0.014609923651380613,0.40207286192431846,0.23400788078821222,0.22480417652695892,0.009452178692074696,0.004000251418484717,1.0,0.2197786783349578
816,0.78,-0.12,0.22814916170173366,0.01763159757452801,0.014504660182129299,0.4021056126678578,0.23404471564364226,0.2247599994086766,0.009474482603407476,0.003942448028347293,1.0,0.21555350038207255
817,0.78,-0.12,0.22797092261207216,0.01783219713523426,0.014576937753177546,0.40214185761010257,0.23408548695724735,0.22142695511289057,0.009496052687094787,0.0039691662746369205,1.0,0.1991916862658507
818,0.79,-0.10999999999999999,0.22786868449355674,0.01797622446719892,0.014380831075240479,0.41901382161162326,0.25873032565649945,0.22017708943597528,0.009507966280511801,0.003954424719210844,1.0,0.19758544879801188
819,0.8,-0.09999999999999998,0.22792938245523803,0.017847196266479886,0.014112562394398568,0.4373243282048121,0.28592426780666547,0.21665544804884784,0.009509669469784468,0.003943395333768119,1.0,0.1928582582340792
820,0.81,-0.08999999999999997,0.22775439808700132,0.018027832246263576,0.014096321110909246,0.45737025673980575,0.3160492391421537,0.22633711967690073,0.009564979203733847,0.0040339253209146575,1.0,0.20057581520955248
821,0.82,-0.08000000000000007,0.22764419340209482,0.018063313022020727,0.014128466258702097,0.4793234689182662,0.3493260613889065,0.23519097305116043,0.009755071108940574,0.003982291618219414,1.0,0.21637922758349992
822,0.83,-0.07000000000000006,0.22737652487311352,0.01844623743209409,0.0143346562813589,0.5035405942795586,0.3861660601879758,0.2513281045819439,0.010365939994693926,0.004102817459313126,1.0,0.18801180043355925
823,0.84,-0.06000000000000005,0.22722301499475886,0.018679043278038158,0.014035855665857015,0.5302946297296415,0.42684357747580504,0.24781840425045065,0.010789537535242926,0.0041133005438978056,1.0,0.1914730505893093
824,0.84,-0.06000000000000005,0.22681859666201035,0.018838045760631576,0.014103568353941739,0.5304376861907195,0.42701248223504695,0.24913548265751384,0.01120362143210204,0.0040716298436852235,1.0,0.19942471624035962
825,0.84,-0.06000000000000005,0.2263140341877537,0.01918770954404672,0.013779945313619436,0.5306162752823012,0.4272233995725869,0.2530113362098174,0.0117666328404876,0.00397731004017651,1.0,0.18816219255888078
826,0.84,-0.06000000000000005,0.22611072459882478,0.019617956940726967,0.013627154779692873,0.5306882703856517,0.4273084460052979,0.25578334736176783,0.012225829537638292,0.0039901964651245705,1.0,0.1749862764182719
827,0.84,-0.06000000000000005,0.22588268327179561,0.019777481128118644,0.013866474108107443,0.530769046633885,0.4274038782691267,0.2537773421085887,0.012629271690823696,0.003911814671369393,1.0,0.20081528160758233
828,0.84,-0.06000000000000005,0.22540655769330947,0.020439696739136915,0.014124834639150147,0.530937777979841,0.4276032679685173,0.24697503407386562,0.01295089966574837,0.003924071367793585,1.0,0.17387046478561552
829,0.84,-0.06000000000000005,0.22519061512323182,0.020579158554046968,0.014127352964780735,0.5310143399648799,0.4276937607479019,0.24377978395279315,0.013140958722287975,0.003923544923765458,1.0,0.20125588987520526
830,0.84,-0.06000000000000005,0.22468704714889973,0.020582363166566954,0.01404727897165246,0.5311929647452842,0.42790493455168305,0.2386007359703888,0.013192039834136695,0.003902425714847243,1.0,0.19962946030191908
831,0.84,-0.06000000000000005,0.22412792808769855,0.020903954244231335,0.014183252504421989,0.5313914353555202,0.4281396484313381,0.2481416773481196,0.013509456049538396,0.003971961347043424,1.0,0.18452059672202759
832,0.83,-0.07000000000000006,0.22388300695933805,0.020835553165321742,0.014409685955362522,0.5046569916347129,0.38748987921478467,0.23267555673964735,0.013531454342654688,0.004080491848890253,0.0,0.21758787384180056
833,0.82,-0.08000000000000007,0.22341122515208045,0.021190441108806815,0.014641588325254746,0.4805496001837654,0.3507777338686889,0.23074834432504754,0.013571263523516078,0.004063977826771606,0.0,0.18425144047544295
834,0.82,-0.08000000000000007,0.22321619495349776,0.02110982452264199,0.014989813525733458,0.4806062442646312,0.3508449091799796,0.22686846221672985,0.01355029438163754,0.004039084922256429,1.0,0.22230470008994863
835,0.82,-0.08000000000000007,0.22273341892675932,0.021149281925586745,0.015168021018321185,0.4807465179781556,0.35101130507452116,0.23487637087659052,0.013651825795296271,0.004038558156832538,1.0,0.1971090820414897
836,0.83,-0.07000000000000006,0.22236402005385403,0.021204839947579126,0.015122683963784049,0.5051439485312756,0.38806831313904605,0.24072178427098684,0.013781169767688872,0.004033683258540249,1.0,0.20089372114253368
837,0.84,-0.06000000000000005,0.22202530112427651,0.0213571608991156,0.015135807486189395,0.5321391347359101,0.42902462470738684,0.24388036989755257,0.014012095522218508,0.004065393234046011,1.0,0.19568870797508586
838,0.85,-0.050000000000000044,0.22176245904056802,0.021376469188201158,0.015199177225307666,0.5621523385209775,0.4742680853845136,0.24976108717433732,0.014355945196122839,0.0040806760562510916,1.0,0.20718217701131136
839,0.85,-0.050000000000000044,0.22139008087995588,0.021583611216307155,0.015164482192077272,0.5623003623483105,0.4744418107927494,0.24873579517732536,0.014638962432459657,0.003996822180738449,0.0,0.19100870445742513
840,0.86,-0.040000000000000036,0.22090498586497628,0.021528419945766653,0.01523566927205516,0.5960189778645658,0.5245896151740522,0.24723579318039493,0.014923572460599936,0.003864615774404897,1.0,0.1993452998643802
841,0.87,-0.030000000000000027,0.22044223666377508,0.021469127510258503,0.015197960027424526,0.6340281670242796,0.5800253393842466,0.24503150738965188,0.015099859256217915,0.003866019069483687,1.0,0.20029080675307553
842,0.87,-0.030000000000000027,0.2199449157319953,0.021542494162754694,0.015232056128485355,0.6342796746325636,0.5803094953437141,0.26405664692235453,0.015678327629998413,0.0040159306910902805,1.0,0.1921549115880845
843,0.87,-0.030000000000000027,0.219441973701395,0.021500269382445966,0.015272234006887741,0.6345342279851108,0.5805971463456079,0.2667745572425047,0.016241084029126104,0.0039732880474269774,1.0,0.19635318286600445
844,0.88,-0.020000000000000018,0.21908272425808278,0.021338531727927015,0.015394929861122116,0.6777329888840122,0.6418863514768507,0.2610717127401272,0.016684912939777467,0.004026905313374391,1.0,0.2109431029108948
845,0.88,-0.020000000000000018,0.21862509018262297,0.02128077556985982,0.01541693025907778,0.677997430662956,0.6421760955555906,0.261892374312119,0.01712232137831956,0.003982352263107703,1.0,0.19866160922044795
846,0.88,-0.020000000000000018,0.21782009574782865,0.021429441271943513,0.015475053708034418,0.6784630941612915,0.6426864008355455,0.2545550303696378,0.01732368462176807,0.004034576269613309,1.0,0.17402902757983574
847,0.87,-0.030000000000000027,0.21746193136146424,0.02142775516518509,0.015270769345525962,0.635538372800602,0.5817323819402052,0.2525878462368028,0.017495773776672087,0.0040493110810211385,0.0,0.1998336722289219
848,0.87,-0.030000000000000027,0.21667658008127355,0.020477885863230162,0.015107425802890938,0.6359375311628698,0.5821838850663777,0.24410666783240254,0.017522565184708037,0.004116293079943605,1.0,0.20314377938371708
849,0.88,-0.020000000000000018,0.21621547129804888,0.01996028206507179,0.015024338886472964,0.679393228954176,0.6437060341909958,0.2492956206835718,0.017587461438060652,0.004127426651534867,1.0,0.21608691120465506
850,0.88,-0.020000000000000018,0.21573896908717266,0.019930975600659036,0.015117741063002507,0.6796699290004168,0.644009443341237,0.246650396184741,0.017545031399485916,0.004136727045756431,1.0,0.19337883189318605
851,0.89,-0.010000000000000009,0.21554346050391654,0.019909863226504794,0.014964386114601871,0.7293645226456146,0.7118781804006641,0.24721097645379703,0.017521551903933664,0.0041184388734428635,1.0,0.2080169308201506
852,0.89,-0.010000000000000009,0.21488946650483093,0.019596264149177117,0.0148712507540555,0.729802295335456,0.7123390952663039,0.24794698051510938,0.01752767618832573,0.004047329719177315,1.0,0.1919886280558255
853,0.89,-0.010000000000000009,0.21467936078510155,0.019522686236172575,0.014838484733194412,0.7299430481600664,0.7124872980196304,0.2438064838853283,0.017560354141921232,0.004033319556747144,1.0,0.21112875253303964
854,0.89,-0.010000000000000009,0.21446977531644834,0.019203711714015113,0.01494954705967373,0.7300835065623625,0.7126351952535762,0.24617821793109862,0.01765543492248012,0.004045179638631149,1.0,0.2335647381831094
855,0.89,-0.010000000000000009,0.21409601812857557,0.0190058909897126,0.015189661464735596,0.7303341225223896,0.7128990952439141,0.24348672693528328,0.017706914915452933,0.004049336240332013,1.0,0.2057067509325391
856,0.89,-0.010000000000000009,0.21377274865183682,0.018853939115296144,0.015047807257570243,0.7305510236889893,0.7131275048900957,0.24308914652382207,0.01776388196710754,0.004024074025695525,1.0,0.20666886089649938
857,0.88,-0.020000000000000018,0.21310406616051886,0.018599381924205093,0.015156313533247529,0.68120406884893,0.6456923748881814,0.24178071755554154,0.017784613131777163,0.003966221896281726,0.0,0.1871332359119049
858,0.88,-0.020000000000000018,0.2129022829503623,0.0183578832046925,0.015500448935314225,0.6813218401879435,0.6458216179390257,0.24420422992588853,0.01786380102210706,0.003959740809859404,1.0,0.22502966033549987
859,0.88,-0.020000000000000018,0.2122270936140931,0.018257908075782366,0.015680479317269062,0.6817162126208802,0.6462544561983431,0.23731479402387343,0.01789353326779276,0.003949738246160198,1.0,0.18151606734322734
860,0.88,-0.020000000000000018,0.21196291308517665,0.01828624048381301,0.01578556188482597,0.6818706425465211,0.6464239702664988,0.2348025668163608,0.017908559187548266,0.003965894436767242,1.0,0.1969263628997664
861,0.87,-0.030000000000000027,0.2119594553051231,0.018283173635477743,0.016028881358667185,0.638345621340937,0.5849106043259672,0.23470772124205164,0.017920778011948104,0.0037734680328860596,0.0,0.22800575915445875
862,0.87,-0.030000000000000027,0.21179288722917122,0.018144737885069116,0.015999639474563992,0.6384309876792069,0.5850073554406553,0.22196991922296083,0.01786939633189104,0.0038696111663567624,1.0,0.21868549790903669
863,0.87,-0.030000000000000027,0.21145580159410715,0.017786766860832096,0.015725808309230132,0.6386038143458983,0.5852032496902241,0.2217977702410973,0.017788717390340835,0.0038364719905079627,1.0,0.21384894976945712
864,0.87,-0.030000000000000027,0.21136659624781093,0.017788069711050576,0.015698298595449064,0.63864956634291,0.5852551125207002,0.22409885235079746,0.017733072429746026,0.0038339561704982096,1.0,0.2066911451386052
865,0.87,-0.030000000000000027,0.21119364127094983,0.01773387741054672,0.015668079405153974,0.6387382908670765,0.5853556924931447,0.2303148380113622,0.017696403940588832,0.0038800183022807432,1.0,0.20819744837730125
866,0.87,-0.030000000000000027,0.21152612826136835,0.01821955627647839,0.015923057746782463,0.6385677495425869,0.585162369157923,0.22761124055684073,0.017643383731729398,0.0038734484242660783,1.0,0.2542436420273466
867,0.87,-0.030000000000000027,0.21158892123422102,0.01833423956986471,0.015875820515890263,0.6385355515979071,0.5851258727499619,0.22465703402231274,0.017614159457393756,0.0038908541008833494,1.0,0.24807757809959408
868,0.87,-0.030000000000000027,0.21110778141235997,0.018450639855203853,0.01649091647555896,0.6387823454472854,0.5854056361457192,0.22947728893696187,0.017575984436841906,0.003932412217087871,1.0,0.182841748842135
869,0.87,-0.030000000000000027,0.2112233078734585,0.018583063551887716,0.01700365378344593,0.6387230703849521,0.5853384377662636,0.22828304801260385,0.017530682807429795,0.003923528706296614,1.0,0.2381670478878416
870,0.87,-0.030000000000000027,0.2109198739979988,0.018651406430749896,0.017377664720420283,0.6388787817003201,0.5855149693824411,0.22360363230812544,0.01747221450305485,0.003955903300835532,1.0,0.19170670866711959
871,0.88,-0.020000000000000018,0.21102639660328645,0.018691170422150773,0.01752256646476816,0.6824186586901239,0.6470256124628408,0.23032730287384034,0.017422023791809564,0.0040236527974311445,1.0,0.22326910028158953
872,0.88,-0.020000000000000018,0.21066543196844698,0.018673011901954726,0.017678488771727695,0.6826301176221489,0.647257804520882,0.22893596836303415,0.01736867483164498,0.004013879734731062,1.0,0.1937374951929134
873,0.88,-0.020000000000000018,0.21035244794701366,0.01837273044005986,0.01765936112814699,0.6828135748387953,0.6474592677785059,0.22494244104747127,0.01733364881904611,0.004017571524100472,1.0,0.21263085323321007
874,0.88,-0.020000000000000018,0.2102610884174542,0.018331573611814048,0.01734694558182527,0.6828671442977988,0.6475180982265719,0.22453499768577462,0.017270840549077567,0.004021469515141534,1.0,0.21400630766579987
875,0.88,-0.020000000000000018,0.20998221945952408,0.017847795324874575,0.01711029839783862,0.6830307135491495,0.6476977404433212,0.2290061699758627,0.017203387741074862,0.0040533856953133,1.0,0.22755995834718468
876,0.88,-0.020000000000000018,0.2099068367512741,0.017827715523788173,0.017174219317682305,0.6830749423703919,0.6477463177026896,0.23100484906800722,0.017147368362774588,0.0040370543952863765,1.0,0.21092686141913652
877,0.88,-0.020000000000000018,0.2097453294382195,0.017728979694509026,0.017051002731543207,0.6831697218234244,0.6478504189245412,0.23085873063764925,0.017115845898231154,0.00401098698934172,1.0,0.21261932680219275
878,0.88,-0.020000000000000018,0.20943554938976014,0.017419067440371486,0.016714685189603076,0.6833515877347301,0.6480501845521958,0.2277906564244318,0.017062621439391253,0.004005851735861261,1.0,0.21168296067254022
879,0.88,-0.020000000000000018,0.2095192414121213,0.017434129990617806,0.01654809767685483,0.6833024442118053,0.6479962025361394,0.22601060524250866,0.016977675187462866,0.003979903636975298,1.0,0.2167983649728742
880,0.89,-0.010000000000000009,0.20946677794791402,0.017380119115880176,0.016330065076624906,0.7334524975202873,0.7161839551685132,0.23236989900330582,0.016931115883747815,0.003987960242659702,1.0,0.22479038437843413
881,0.9,0.0,0.209634381659584,0.017373262160263817,0.016175773104766457,0.7913736578551467,0.7913736578551467,0.2364970502227825,0.01684247439381952,0.0039655741210328724,1.0,0.21721985513784536
882,0.9,0.0,0.20926055770122085,0.01747696142321461,0.016440626754847764,0.7916681793205917,0.7916681793205917,0.24148710026744113,0.016692288267507786,0.004001185013105641,1.0,0.18592252258910247
883,0.9,0.0,0.20911988299025988,0.017460822334037104,0.016369144863725045,0.7917790682725366,0.7917790682725366,0.24607358624000358,0.01659270789003688,0.004023859471060163,1.0,0.20416062613863173
884,0.9,0.0,0.20864974708107034,0.017157944684418044,0.016210756418946325,0.7921498854518596,0.7921498854518596,0.24199507815354318,0.016411541833891114,0.004061058100932436,1.0,0.1965293170864485
885,0.9,0.0,0.2083495528069006,0.01721520467436214,0.016153185158370248,0.7923868438286451,0.7923868438286451,0.24347289872002253,0.016236589777591424,0.004060909435901739,1.0,0.1902117155031492
886,0.9,0.0,0.2085018251458721,0.017280552238033226,0.016445992298760186,0.7922666299303278,0.7922666299303278,0.24169912536278693,0.01606228290002005,0.004062053717250665,1.0,0.22344122043694925
887,0.9,0.0,0.20840454065341027,0.017333082141265183,0.016735461449152677,0.7923434285622505,0.7923434285622505,0.2415507063580702,0.015903528967980165,0.004063142452185291,1.0,0.19424393925841554
888,0.89,-0.010000000000000009,0.20846391641852624,0.017329816519499098,0.016582058003278236,0.734131563388174,0.7168995684097537,0.24964237340179085,0.01580488273087174,0.004079139892001495,0.0,0.21044980030587201
889,0.89,-0.010000000000000009,0.2082765252780563,0.01713226568432883,0.016568892877113637,0.734258590677068,0.7170334439621585,0.26900508651512933,0.015901953567630217,0.004251341455914365,0.0,0.21716591193630952
890,0.89,-0.010000000000000009,0.2079015650028324,0.016754113387911444,0.01667014554456974,0.7345128979401077,0.7173014724055694,0.2527434616822607,0.015732164369724407,0.004391900624981272,1.0,0.20642845758164852
891,0.89,-0.010000000000000009,0.2076217512178681,0.01636743458823473,0.016604756839737254,0.7347027893254781,0.7175016189995335,0.2570425471073264,0.01564797833419205,0.004418657502175176,1.0,0.21665654688411173
892,0.89,-0.010000000000000009,0.20750299776132167,0.016262355065986278,0.016471510779983392,0.7347834092396943,0.7175865953259344,0.2592203144962843,0.015609525685838899,0.004438382569244931,1.0,0.2160610086450221
893,0.89,-0.010000000000000009,0.20741294162021842,0.016250230283003236,0.01649042385572369,0.7348445587804702,0.7176510501556947,0.25902700829087916,0.015545911889191055,0.004419527037931171,1.0,0.20514384203461966
894,0.88,-0.020000000000000018,0.20708606309817587,0.016258258338339295,0.016457687078693366,0.6847340844611854,0.6495693007125718,0.25801839618141786,0.015486159757663908,0.0044105648065379845,0.0,0.1905063760527942
895,0.87,-0.030000000000000027,0.20696305714245672,0.016317609530860835,0.01647611411132491,0.640916249426417,0.5878267503501616,0.26009263418821854,0.015474017397526135,0.0043052938839288615,0.0,0.19301522577731678
896,0.87,-0.030000000000000027,0.20683930615182822,0.01637127845003117,0.01631843008180668,0.6409801816206765,0.5878993466346382,0.26597353427805914,0.01570599694767525,0.004227432659740489,1.0,0.19362529578037002
897,0.88,-0.020000000000000018,0.20683632662027546,0.016368505594350234,0.01639805807166982,0.6848813646459232,0.6497311926160074,0.2697260965280833,0.015817917818483716,0.004264015140899545,1.0,0.22192323061330965
898,0.88,-0.020000000000000018,0.20637798940269156,0.015997143668294255,0.016623464453332053,0.6851518304337629,0.6500285201926168,0.26754328934375277,0.015865304853603362,0.004242527461766894,1.0,0.19680222584668106
899,0.87,-0.030000000000000027,0.20592892270960914,0.0156789192786453,0.01663166169832969,0.6414508959401257,0.5884339583136169,0.27519352051241674,0.016122474007762642,0.004295400080002939,0.0,0.19492350531476232
900,0.87,-0.030000000000000027,0.20561248305194513,0.015328463224812792,0.01669484498883761,0.6416146732190539,0.5886200114703434,0.2818298238130925,0.016474715813462725,0.004345424487507363,1.0,0.2071190155794541
901,0.88,-0.020000000000000018,0.20508087285699916,0.015297377105747023,0.01679114338669683,0.6859184207512115,0.6508714483668709,0.27640540073070907,0.016688579775037536,0.004369042090308944,1.0,0.17966159734684795
902,0.88,-0.020000000000000018,0.20471404838762303,0.015496074904614007,0.0167184296612181,0.6861355236943485,0.6511102250816593,0.25238228192498136,0.01646923015651496,0.004546611979639068,1.0,0.1782162930592882
903,0.89,-0.010000000000000009,0.204739360271406,0.015500637515452189,0.016842430389574493,0.7366646105207385,0.7195698699402502,0.26180170523916574,0.016199096062396515,0.004592896263747868,1.0,0.2087859652652463
904,0.89,-0.010000000000000009,0.20429139145490385,0.01556884869968359,0.016868644379951076,0.7369704494088953,0.7198923796690171,0.2653929133463943,0.016060540631372515,0.004619456654450074,1.0,0.17975149533541102
905,0.89,-0.010000000000000009,0.2042516609944904,0.015589630318642784,0.01685862762694443,0.7369975865929083,0.7199209970908093,0.2656737210768922,0.015924275528817818,0.004594058900570618,1.0,0.19413604606172086
906,0.88,-0.020000000000000018,0.20380322618862887,0.015958179274057526,0.016918966956867985,0.6866751832926196,0.6517038639884883,0.2590077552239275,0.015736447543195604,0.00457350949336148,0.0,0.1686418207908853
907,0.87,-0.030000000000000027,0.20376529109767547,0.015986006594821713,0.01710137818512858,0.6425723818754261,0.5897084346372283,0.2678794689526265,0.015796869541385636,0.00466277397498008,0.0,0.19017116067329276
908,0.86,-0.040000000000000036,0.20352086427923693,0.016265348119806296,0.01719991053240964,0.6038875137722047,0.5337208485418681,0.2711933820389028,0.015898982526221364,0.0046812519389812495,0.0,0.17299261620939077
909,0.86,-0.040000000000000036,0.20317703355053254,0.016593523018404718,0.01715780856260745,0.6040452368501361,0.5339046569606717,0.26800313175883783,0.01591007989908996,0.0047100759757986175,1.0,0.17047606726588116
910,0.86,-0.040000000000000036,0.20306211692519813,0.016667397302347096,0.01695594310858297,0.604097970125408,0.5339661184540284,0.2652561598716764,0.01587204674413351,0.004704968539776128,1.0,0.186682833648947
911,0.86,-0.040000000000000036,0.20253025342454362,0.016507828684017005,0.016593512035694487,0.6043421531638742,0.5342507623490791,0.26311421307505234,0.015841575710220525,0.004712142485989186,1.0,0.1811795924484313
912,0.86,-0.040000000000000036,0.2023709968291264,0.016675147621156194,0.01647263579648965,0.6044153076243102,0.5343360526978169,0.2664107026119358,0.015821878394821482,0.004662311242725776,1.0,0.17705636555568494
913,0.86,-0.040000000000000036,0.20209863283373916,0.016785540111215757,0.016327303036796935,0.6045404589817459,0.5344819811840392,0.26112618362291684,0.015579305326177097,0.0046550657677035655,1.0,0.18183560013271194
914,0.86,-0.040000000000000036,0.2015145798850873,0.016881649780958123,0.016363072919794722,0.6048090063395694,0.5347951767505991,0.2634524629593605,0.015458645382900569,0.004619969022428026,1.0,0.16983388259285181
915,0.86,-0.040000000000000036,0.20132365163266142,0.016781678720808987,0.016632030420265738,0.6048968468416905,0.5348976407247096,0.2658798831196855,0.015444657017461307,0.004644042184468862,1.0,0.20068585309236753
916,0.86,-0.040000000000000036,0.20091473935109883,0.0169275201077679,0.01672962402380442,0.6050850612852477,0.535117220632748,0.26449909093731877,0.015402330664862485,0.004624322466151496,1.0,0.17466227222581654
917,0.86,-0.040000000000000036,0.20078428523886352,0.016990447462752092,0.016829399431366663,0.6051451314454359,0.5351873105170571,0.26323684057411717,0.01528384343245159,0.004624447563992771,1.0,0.18614627504231795
918,0.86,-0.040000000000000036,0.20074280072518197,0.017003266887730566,0.01685529369221114,0.6051642363047136,0.5352096030051136,0.26440171469779117,0.01514370777655294,0.004600641834058898,1.0,0.19343699742985349
919,0.86,-0.040000000000000036,0.20076668701202532,0.016993849030854366,0.016795620283252412,0.6051532358079048,0.5351967670302961,0.2658619560482134,0.014936983617235925,0.004517597083779801,1.0,0.19524688691841247
920,0.86,-0.040000000000000036,0.2004756379825366,0.017242049043204408,0.0168761512154118,0.6052873016437111,0.5353532124614285,0.2627442329293876,0.014852293754226663,0.004459656374128953,1.0,0.17147091226068567
921,0.85,-0.050000000000000044,0.20029429526084422,0.017169038640844188,0.016860056427569704,0.5708153645190138,0.48449586011580215,0.26559007689524533,0.014894214524603355,0.004325400944180209,0.0,0.19824495541425913
922,0.85,-0.050000000000000044,0.20042682675478254,0.01712481089428342,0.016855599298856386,0.5707610652316836,0.48443136694897804,0.2545320820910649,0.014903725177817836,0.00440164634289422,1.0,0.20126494982739074
923,0.85,-0.050000000000000044,0.20015614599169987,0.01747455056845959,0.01714760242911194,0.5708719764557123,0.48456310531567715,0.2513557105808498,0.014906207236267711,0.0044204270813098965,1.0,0.1644049742810405
924,0.85,-0.050000000000000044,0.19985577354882916,0.017740672396818105,0.017084167822958095,0.5709951042890973,0.48470937830462707,0.25715667093823014,0.01493065550233584,0.0044398726045935,1.0,0.16938747195328874
925,0.85,-0.050000000000000044,0.2000865337684316,0.017737147687072186,0.01737381253432401,0.5709005069765113,0.4845969966641769,0.25806084266793494,0.014953877472718868,0.004421005539722332,1.0,0.21123821451912295
926,0.85,-0.050000000000000044,0.2001374622261967,0.01767219710034757,0.017427651798314257,0.5708796337039025,0.48457220121260824,0.2587558837888213,0.01497089363158866,0.004407763477779981,1.0,0.180079122194778
927,0.85,-0.050000000000000044,0.20011032735550255,0.017673218696393374,0.017337529126813533,0.5708907548707891,0.4845854120051069,0.25565979377997583,0.014978423398369202,0.004370326932064046,1.0,0.19810179453817323
928,0.85,-0.050000000000000044,0.20022602651781196,0.017538416182010276,0.01718880173723807,0.5708433388391472,0.4845290881091186,0.26168639323950993,0.015032531715369024,0.004398926420331335,1.0,0.18544038101655447
929,0.85,-0.050000000000000044,0.20028272212327367,0.01755081321200726,0.017389394058768732,0.5708201066230126,0.4845014927116192,0.25388873455794836,0.015031848820889813,0.004425377033454136,1.0,0.2069254504213765
930,0.84,-0.06000000000000005,0.20014076034174275,0.01761282721259784,0.017453871883947068,0.5400481083768666,0.4384576065355878,0.2657150477742926,0.015086511956039774,0.004448461597480534,0.0,0.18543328214882993
931,0.83,-0.07000000000000006,0.2003372718571402,0.017546955837585924,0.017309136419231614,0.5123124017053625,0.3966545363536186,0.26109683746965945,0.015131930123295941,0.004338886745926604,0.0,0.20417174826177292
932,0.83,-0.07000000000000006,0.20004688534138765,0.017499288079257134,0.01713020806194745,0.5124082650291737,0.3967702698765675,0.2694259586040766,0.015167830802074423,0.004403552490571223,0.0,0.18854922226654758
933,0.83,-0.07000000000000006,0.1999266378743506,0.017648096034192796,0.016910705727405072,0.5124479720116055,0.3968182142709739,0.2573650663361756,0.01506516136981262,0.00448618895682964,0.0,0.17222669377173722
934,0.83,-0.07000000000000006,0.19958267777830258,0.01754347511166655,0.01681460854220253,0.5125615852492992,0.39695542010414825,0.27789495222008076,0.015136319800311977,0.0046126735752543314,1.0,0.18790869048514458
935,0.83,-0.07000000000000006,0.199601602463534,0.017541817214292408,0.016888428956126158,0.5125553329390924,0.396947868572367,0.27356154884058503,0.01522537106311834,0.004597400746820992,1.0,0.19900155056462743
936,0.83,-0.07000000000000006,0.199754019026674,0.01761843017465837,0.017008922024050015,0.5125049833355273,0.3968870601469865,0.22557065921817304,0.01540045995506837,0.005050252302334591,1.0,0.21613537745653733
937,0.83,-0.07000000000000006,0.20019388585662945,0.018055123672537726,0.017130604291503215,0.5123597322663558,0.3967116743933557,0.22454348144379835,0.015605735676459329,0.005001226650795096,1.0,0.2396753909706295
938,0.83,-0.07000000000000006,0.20044509671724364,0.018323376950048615,0.01704170182023064,0.5122768153496711,0.3966115799515955,0.2311281470784981,0.015725097179193383,0.005057381940064669,1.0,0.23230326307272828
939,0.84,-0.06000000000000005,0.20071322310138662,0.018379421520034248,0.017103775808049337,0.5398382296758608,0.4382055752363086,0.23101606889912074,0.015842102587046623,0.005043362507564133,1.0,0.2178213428717222
940,0.84,-0.06000000000000005,0.2006173378208771,0.0184112918485507,0.01737770574915636,0.5398733721658027,0.43824776929348064,0.23015611890916765,0.015964835410586166,0.005029783358061204,1.0,0.1897567718134317
941,0.84,-0.06000000000000005,0.20075489023654147,0.018459658265976453,0.017540871217248143,0.5398229598644976,0.4381872422590353,0.22573367458769494,0.016139867568944657,0.004882281386230599,1.0,0.2140460483195096
942,0.84,-0.06000000000000005,0.20073308460297704,0.01847108855326703,0.017741612922399123,0.5398309508967692,0.438196836252257,0.20524577599723048,0.016673974313132407,0.005061776217243875,1.0,0.18997434823164291
943,0.84,-0.06000000000000005,0.2007182310298108,0.018475201459237176,0.017643669056468254,0.5398363943678854,0.43820337173426455,0.23369616219511538,0.016651279520810244,0.0052915493656833425,1.0,0.19486782554937768
944,0.84,-0.06000000000000005,0.20072652504219107,0.018479975369594847,0.017690367893933925,0.5398333548017573,0.4381997223951397,0.21067810275264054,0.01703425246008037,0.005515765505789231,1.0,0.21177250414892593
945,0.84,-0.06000000000000005,0.20071206926134916,0.018482150242662778,0.017588589018904213,0.5398386525374718,0.4382060829321852,0.20653321293107937,0.017481201334770446,0.005483518494466807,1.0,0.19721603113625555
946,0.84,-0.06000000000000005,0.20118260183441072,0.018395599647802203,0.017569009312850232,0.5396662657472368,0.43799914357893294,0.20643413454680065,0.017946657407111554,0.005464648739430885,1.0,0.22108228488599727
947,0.85,-0.050000000000000044,0.20114351745919834,0.018402574868590586,0.017789685505007057,0.5704676098055483,0.48408290444259616,0.22269687410993233,0.018105781171483346,0.005543250367296858,1.0,0.1959252347076761
948,0.85,-0.050000000000000044,0.20108163996190367,0.018406147696704747,0.017669358869912468,0.5704929341984276,0.4841129701541454,0.2366697547620636,0.01813313159891988,0.005631976910740919,1.0,0.19695602965424963
949,0.85,-0.050000000000000044,0.20119626188377412,0.01853447650734516,0.017749005278255767,0.5704460250492466,0.4840572793559446,0.21222302878265076,0.018458754956256252,0.005852194097413466,1.0,0.22754910339170534
950,0.85,-0.050000000000000044,0.20122932886114117,0.01852344651824877,0.017912898963456297,0.5704324937856428,0.484041215645048,0.21104886953406748,0.01879545246642777,0.0058583918648834376,1.0,0.196685529629888
951,0.85,-0.050000000000000044,0.2009977387756787,0.01858181775498953,0.017870467696705358,0.5705272757430258,0.48415374294089913,0.20475903663627815,0.01924387820587122,0.005914491146059972,1.0,0.18485792227390616
952,0.85,-0.050000000000000044,0.20140057024585306,0.018817297643128186,0.018156060912080465,0.5703624307515638,0.48395804480839133,0.21160029862439267,0.019542031346693866,0.0059417716042249585,1.0,0.2322717750732562
953,0.85,-0.050000000000000044,0.20144910830966492,0.018848562366280325,0.018093972331362836,0.5703425746405107,0.4839344753823473,0.21355807892375034,0.01979832533278229,0.0059375902532510915,1.0,0.2159825589142318
954,0.85,-0.050000000000000044,0.20118487742951813,0.0185797846818523,0.01790188062929444,0.5704506838047795,0.4840628100925008,0.21282933631622936,0.02005816180948377,0.00591776451195519,1.0,0.20714165016843278
955,0.85,-0.050000000000000044,0.20125609731665287,0.01861060580489154,0.017949607695088538,0.5704215403961941,0.48402821249375105,0.21588946725078734,0.020264007136572736,0.005944658961683441,1.0,0.21282873964600899
956,0.85,-0.050000000000000044,0.20112430273624293,0.01861847238487766,0.017947624986057297,0.5704754735091788,0.484092240301441,0.211875966543301,0.020523423428557494,0.0059719829186451155,1.0,0.19348940285550767
957,0.86,-0.040000000000000036,0.20140845850104444,0.018619611562195847,0.01778765513871338,0.604857826533646,0.5348521232386692,0.2133805584767136,0.020751222535487814,0.005962700894029616,1.0,0.21554881239205473
958,0.86,-0.040000000000000036,0.201471183663261,0.018709428968095868,0.017507248786923776,0.6048289694310255,0.5348184624146746,0.21510888689146546,0.020949234795912514,0.005910568495168371,1.0,0.23130217655715687
959,0.86,-0.040000000000000036,0.2015218696291524,0.01866210548862614,0.017803281282562717,0.6048056530472489,0.5347912653985903,0.2101940411603967,0.0212041553300816,0.005934837369143686,1.0,0.18658466393236262
960,0.86,-0.040000000000000036,0.2015349035955986,0.018659346302896895,0.017606975215465132,0.6047996574973911,0.5347842720952758,0.21186869471355702,0.021419158214372826,0.005950795025495717,1.0,0.198229759544394
961,0.87,-0.030000000000000027,0.20124058018102806,0.01847065835930434,0.017516302456955887,0.6438859957734109,0.5912026001886176,0.21631454941591544,0.021569741665378804,0.00586703798189236,1.0,0.19857341769740075
962,0.87,-0.030000000000000027,0.20089839373038085,0.01846126908967596,0.01760993898941549,0.6440644497206227,0.5914056946280607,0.20055370761821162,0.02188170913473902,0.006024499525486705,1.0,0.18446685284432046
963,0.87,-0.030000000000000027,0.2008400450640142,0.018429438764489305,0.017775488743532825,0.6440948890554025,0.5914403396439742,0.20311678462157212,0.02213846905158389,0.0060271459385539804,1.0,0.20801408313278805
964,0.87,-0.030000000000000027,0.2005244660676983,0.018595985179198027,0.01809240323229115,0.6442595701951088,0.5916277877183884,0.20463213093250307,0.022384651682543444,0.005979664733002125,1.0,0.17513324550701742
965,0.87,-0.030000000000000027,0.20045318976376575,0.018580091818539063,0.01788927574569501,0.6442967765436365,0.5916701409715497,0.20469045005747694,0.022666655123038146,0.005952944749875381,1.0,0.2010698179840446
966,0.87,-0.030000000000000027,0.19964568534647498,0.01796947498882452,0.01810554396547303,0.6447185955106237,0.5921503938410819,0.2039965206774457,0.022938428894507795,0.005930113667506728,1.0,0.17349320029826776
967,0.87,-0.030000000000000027,0.19928466100089082,0.01734460624612558,0.0178353026925988,0.6449073638102587,0.5923653607209765,0.20390470724091947,0.02318627820920003,0.005882351632374173,1.0,0.2119751435411779
968,0.87,-0.030000000000000027,0.1992670314511061,0.017362197367029628,0.01758854562827361,0.6449165845793129,0.5923758619859361,0.20572078695681686,0.023430922016161787,0.0058886328322887115,1.0,0.18107879386366482
969,0.87,-0.030000000000000027,0.1987958554688085,0.016934198071443005,0.017219962967401834,0.6451631211019535,0.5926566619548,0.20296584373047208,0.023707330783118433,0.005869193716347969,1.0,0.19104944965808102
970,0.86,-0.040000000000000036,0.19900255855969382,0.016972514776011773,0.017116580911675533,0.6059667580036211,0.536146430952967,0.20274865110303697,0.023951939037743418,0.005803471716971405,0.0,0.2123770177556468
971,0.86,-0.040000000000000036,0.19912757625471506,0.01719537917666051,0.017054583406012833,0.6059090344901108,0.5360790206074982,0.19527772593028767,0.024358857177644022,0.0058648817236576995,1.0,0.2357708697837158
972,0.86,-0.040000000000000036,0.19912372646798138,0.017196628553852997,0.01729220962039543,0.6059108118601034,0.5360810961843124,0.19734070701877302,0.024711378711875454,0.005845381256717522,1.0,0.1933525165195421
973,0.86,-0.040000000000000036,0.1991630902508231,0.017231970811876367,0.017512808211963653,0.6058926388759706,0.5360598743238302,0.20163820833860008,0.024964223609991464,0.005884674771446113,1.0,0.2165672315173859
974,0.86,-0.040000000000000036,0.19906817814804362,0.017176001820149254,0.017497641378106568,0.6059364585757397,0.5361110463349839,0.20648946890516914,0.02514084097097945,0.005888514046966123,1.0,0.20451509738785278
975,0.86,-0.040000000000000036,0.1987118102787284,0.016949357990507653,0.017456821469461495,0.6061010456404131,0.536303269877079,0.20621249201224667,0.02534148131602405,0.005871123115660849,1.0,0.19192317141566684
976,0.86,-0.040000000000000036,0.19901174671501756,0.017421665787812735,0.017934648421474936,0.6059625152488544,0.5361414760633054,0.2018360788174979,0.025606529308707947,0.005913853365806211,1.0,0.24092050504805376
977,0.85,-0.050000000000000044,0.1988382516888997,0.017371606021944846,0.018386308166202188,0.5714125990082195,0.48520553996760313,0.20190784500639147,0.02586407558155298,0.005883587628186779,0.0,0.195269824190403
978,0.85,-0.050000000000000044,0.19868374593143032,0.01732532434558487,0.018344360251402816,0.5714760469521606,0.4852809685526555,0.20260533735053002,0.02609488419879115,0.005872652690431377,1.0,0.19623238492559922
979,0.85,-0.050000000000000044,0.19868880988713555,0.017330691436226474,0.018476485061627464,0.5714739672103473,0.4852784959946561,0.19749565777945027,0.02638811312148843,0.0058600303248786765,1.0,0.21730476054339956
980,0.85,-0.050000000000000044,0.19861021950428395,0.017229674070408037,0.018403786932430884,0.5715062456013853,0.4853168718548997,0.19116915396005457,0.02680051930899044,0.005882246007706141,1.0,0.21693134609327255
981,0.85,-0.050000000000000044,0.19855283779113353,0.017177075899709383,0.018142699353862462,0.5715298155385309,0.48534489530799896,0.20038197621411932,0.02706286333074708,0.005924900272447617,1.0,0.2114816838228035
982,0.85,-0.050000000000000044,0.1992189240056386,0.017948526191661023,0.018373117097976392,0.571256335640923,0.48501979853291705,0.19448250053352317,0.027401219341661082,0.0059381627947509875,1.0,0.25253114403961174
983,0.85,-0.050000000000000044,0.19944384883471986,0.01814886062988523,0.018557427461013427,0.5711640457076752,0.4849101177871638,0.20231943725929805,0.02760702546849212,0.005976126720400629,1.0,0.22665310904676195
984,0.85,-0.050000000000000044,0.20000176251847301,0.01889297562715279,0.018752881752242708,0.570935254264855,0.4846382747260663,0.2191947592830709,0.027658231929770506,0.006131657038151068,1.0,0.2523206854617601
985,0.85,-0.050000000000000044,0.20016069042415666,0.018876791426301862,0.018884060282105816,0.570870114022418,0.48456089298194827,0.228240365372888,0.02766238443169128,0.00620510989403573,1.0,0.20610450607151232
986,0.85,-0.050000000000000044,0.20041944278957532,0.019365158528772512,0.019025622602598453,0.5707640902336748,0.484434959720977,0.23455184235274418,0.027658181091081573,0.006267363004895725,1.0,0.2493164569788168
987,0.84,-0.06000000000000005,0.20079226798530528,0.019600139342605606,0.019041623987446427,0.5398092627253737,0.4381707978590824,0.23808442165203222,0.027653954958559417,0.006221311613537819,0.0,0.23152645883141068
988,0.85,-0.050000000000000044,0.2012192553218207,0.020259867981411057,0.01919218927528042,0.5704366158880697,0.4840461091884588,0.2361554575164532,0.027622050652847882,0.0060452131390149955,1.0,0.2531485339574133
989,0.86,-0.040000000000000036,0.2013599633158493,0.02041837334290739,0.01930506168198329,0.6048801389339713,0.5348781505938434,0.25329130618192464,0.02747984291833257,0.006054043682778661,1.0,0.23123671133916807
990,0.86,-0.040000000000000036,0.20141111709294549,0.02043740613200054,0.019400665588502817,0.6048566033759558,0.5348506964462215,0.26039511402080595,0.02753657248317485,0.006082374212211143,1.0,0.2115438352912715
991,0.86,-0.040000000000000036,0.20122968417324652,0.020381717205792012,0.019526272074744916,0.6049400878898462,0.5349480839257429,0.2592465613212393,0.02755411208182713,0.006071978104237494,1.0,0.19851325491421432
992,0.85,-0.050000000000000044,0.20095163154989404,0.020367145891766626,0.019519608862563455,0.5705461496245563,0.4841761522240044,0.2632680536522934,0.02759079689724618,0.006110646650961218,0.0,0.1882557463097761
993,0.85,-0.050000000000000044,0.20057490947274373,0.020632791088726288,0.019581696195981244,0.5707004066934007,0.48435932647154184,0.26379716134608444,0.027634180185692494,0.006105803172015056,1.0,0.16747163431958972
994,0.85,-0.050000000000000044,0.20054968328931314,0.020646623189412773,0.01976354744512895,0.5707107390840565,0.4843715971949706,0.239108804296764,0.027549644300589468,0.006334228616888992,0.0,0.18798375770973516
995,0.85,-0.050000000000000044,0.20058560095918676,0.020636606470840063,0.019844488506259125,0.5706960276811203,0.48435412602013506,0.2307901791104437,0.02744890607097445,0.006358852102712018,0.0,0.19660699276467591
996,0.84,-0.06000000000000005,0.20044770905188833,0.020728518272588384,0.019728053686877363,0.539935553263616,0.4383224338782987,0.20700380544660651,0.027428649667210547,0.0065612138341646755,0.0,0.17983610505053058
997,0.83,-0.07000000000000006,0.2005054402445894,0.020796178516610326,0.019957742980475916,0.5122569018195937,0.3965875437226567,0.2055578678989034,0.02736514079071179,0.006553770706521975,0.0,0.22769634988341583
998,0.83,-0.07000000000000006,0.2011237921816761,0.021581353386516733,0.020251302062698234,0.5120529331589124,0.39634140756218494,0.21648633401257233,0.0272218386762167,0.006586884190814953,1.0,0.258637419555344
999,0.84,-0.06000000000000005,0.20129791963805643,0.02160086225980973,0.020595803662070505,0.539624034105991,0.4379484568395035,0.2035629677997346,0.02707309275814449,0.0066503898767963894,1.0,0.21233625095279732
1000,0.83,-0.07000000000000006,0.20131973011469917,0.021607828815354148,0.020349124565873185,0.5119883352456777,0.396263477827855,0.1830077210890534,0.027090237587559202,0.006803226479102426,0.0,0.20930006324372624
1001,0.82,-0.08000000000000007,0.20163190280859675,0.021517988709507628,0.020350473042694578,0.486958740656836,0.3584417353386513,0.18169126994103024,0.027190485288878487,0.006573866199731673,0.0,0.2108788667366042
1002,0.82,-0.08000000000000007,0.20194470044461446,0.02140237223067184,0.020055656253498422,0.48686548189302525,0.3583292942672905,0.18156551170681193,0.027555766634202946,0.00647999079488353,1.0,0.20949605666106536
1003,0.82,-0.08000000000000007,0.2021322288749716,0.021543187431626764,0.019944628796024235,0.48680958852644723,0.3582619174168231,0.1860272270530123,0.02773245223848092,0.006488783797297387,1.0,0.22753880830095619
1004,0.82,-0.08000000000000007,0.2027523720806722,0.0217812668821164,0.019943037451359672,0.48662484448776266,0.3580392872831143,0.18379320113289965,0.027878609840971052,0.006508513273960165,1.0,0.24176581590547416
1005,0.82,-0.08000000000000007,0.20315129912620533,0.02198417958450851,0.019763672199032457,0.486506076043158,0.3578962194818384,0.18697856697809193,0.027947565109564216,0.006473355698124078,1.0,0.23402875061503306
1006,0.83,-0.07000000000000006,0.20378180179643987,0.021889343152008845,0.01956980677396463,0.5111780126179556,0.3952868518145895,0.18677070994832,0.028079799712084876,0.006385841994094512,1.0,0.23169208781434047
1007,0.84,-0.06000000000000005,0.20409985296804464,0.021920312067658557,0.01949442561756731,0.5385999386877738,0.43672049152768166,0.1964545711824418,0.027955700823407474,0.006450184904678809,1.0,0.2219762778337733
1008,0.85,-0.050000000000000044,0.20449788618803644,0.021712237745032996,0.019561736634554117,0.5690981351605217,0.4824586169630342,0.20147558109361355,0.027711703802106587,0.006468677426205139,1.0,0.21279593820856985
1009,0.85,-0.050000000000000044,0.20507276889286902,0.02156438451784552,0.019551248080589487,0.568864089837535,0.4821813347647997,0.2120070849256111,0.02742652749026704,0.0065473090620115654,1.0,0.22796433774913738
1010,0.85,-0.050000000000000044,0.20536609947907622,0.021511677273293495,0.019616351154114326,0.5687447437167548,0.48203997588861686,0.21052225661888835,0.027176366082912545,0.006540671501507511,1.0,0.21601589226966272
1011,0.85,-0.050000000000000044,0.20566508746923265,0.02138081609447728,0.019624576143132913,0.5686231473170097,0.48189597592499656,0.21273569848947443,0.026933561222122135,0.006529731626090367,1.0,0.21107839146407625
1012,0.85,-0.050000000000000044,0.20585368847397045,0.021210127133785957,0.019729451808361075,0.5685464712996379,0.4818051852898714,0.2222031667651064,0.02660502050657032,0.006571983639086458,1.0,0.19591646602946106
1013,0.84,-0.06000000000000005,0.20599066927736837,0.02109850869769429,0.0196120888590388,0.5379110466831427,0.43589571320367654,0.20704638508220297,0.026397585978376104,0.006701584672889083,0.0,0.1955336804725059
1014,0.83,-0.07000000000000006,0.20687142137571943,0.021406854962812076,0.01993050745960381,0.5101647717884876,0.39406808723907527,0.20495030697118327,0.02615617701593343,0.00669823778350216,0.0,0.25790909242795756
1015,0.83,-0.07000000000000006,0.20731138603339042,0.02172496024471065,0.019801246779825407,0.5100208120008359,0.3938951450849745,0.19886078514043537,0.025908004805814913,0.006745800709243384,1.0,0.2446823188594685
1016,0.83,-0.07000000000000006,0.20805352841991911,0.021864127515687178,0.019727612327327622,0.5097781613819867,0.39360376605792396,0.2028408704335165,0.025630866077476694,0.006773253587322975,1.0,0.24887651087868917
1017,0.83,-0.07000000000000006,0.20822036025797427,0.021759730482785768,0.02011909040453289,0.50972364588397,0.3935383240839545,0.22046695072510653,0.02529007749248107,0.006939528397099904,1.0,0.20282945884783232
1018,0.83,-0.07000000000000006,0.20860342953922192,0.0218331681550529,0.0203928740127978,0.5095985147722518,0.39338814245762377,0.2312516442432291,0.02493842182816082,0.0070337147826322315,1.0,0.2317439255546171
1019,0.82,-0.08000000000000007,0.20896547269183607,0.021908728655059193,0.02015566945438435,0.48478163851785816,0.355823975257816,0.21299322900853473,0.02453938454386334,0.007186651066630903,0.0,0.2314512021798218
1020,0.81,-0.08999999999999997,0.209578758021756,0.021708026954243804,0.01989884319094278,0.4622021196834051,0.3217663305529635,0.19114776751728624,0.024339798288036136,0.007378566395170205,0.0,0.2327994452526797
1021,0.82,-0.08000000000000007,0.2102526829738231,0.0223813645417127,0.02020003522079289,0.48440151372556706,0.3553684377014025,0.20751293269471152,0.02392910308899885,0.007432174176718132,1.0,0.26563745062097266
1022,0.82,-0.08000000000000007,0.21038426279756503,0.022366812061939453,0.02034503060334882,0.4843626905981967,0.3553219379316167,0.24139444666760856,0.02377026713719136,0.007742327130886637,1.0,0.21442293220158568
1023,0.82,-0.08000000000000007,0.21078296873305902,0.02189400665041185,0.020397200974044776,0.484245088884395,0.35518111116369405,0.24484000743636372,0.02369045584200446,0.007718535215850019,1.0,0.2042755678304374
1024,0.82,-0.08000000000000007,0.2110479245223429,0.021549049390201476,0.02005923909912483,0.48416696949537136,0.3550875879559865,0.24992933831496075,0.02358472133731,0.007760809550687315,1.0,0.19588305088167793
1025,0.82,-0.08000000000000007,0.210948878493002,0.02157069855523983,0.01979955696153906,0.48419616921078357,0.3551225431269935,0.2553176842152572,0.02354074106034162,0.007808216669671253,1.0,0.2013336115850315
1026,0.82,-0.08000000000000007,0.21106996601678019,0.021430602140735694,0.019709890948094937,0.48416047193136585,0.3550798100420217,0.2566448010930408,0.023505908807150862,0.007790348254205984,1.0,0.19218787457260444
1027,0.81,-0.08999999999999997,0.21092652922895294,0.021564502566356496,0.019667146961181246,0.46184032265394065,0.32133530274631494,0.22300483032480084,0.023217703441586614,0.008069271196718162,0.0,0.18375811575544063
1028,0.81,-0.08999999999999997,0.211257528512013,0.02142434291583068,0.019801461346659003,0.46175155549709107,0.32122962314704995,0.2218934736495033,0.022812453912894118,0.008001732792614485,1.0,0.21854030932256033
1029,0.8,-0.09999999999999998,0.21157931930032073,0.021597819463085713,0.019792088131073603,0.44129235427719815,0.2905676804810912,0.21794813546044867,0.02252794966721529,0.007922126984258026,0.0,0.23910452925215245
1030,0.81,-0.08999999999999997,0.21188708350488278,0.021441766220688267,0.01983407157081278,0.46158281601418677,0.3210288140650534,0.2243393875369225,0.02201819082930345,0.007940036497104902,1.0,0.21620970260503125
1031,0.82,-0.08000000000000007,0.21200346657473607,0.021431155515684797,0.019680305119930987,0.4838854473486296,0.3547507126318408,0.22862189298687058,0.021606642953407616,0.007899161591201171,1.0,0.215810055247103
1032,0.83,-0.07000000000000006,0.21215680952500005,0.021317345816958037,0.019635901175075937,0.5084407104562262,0.3920004900095907,0.24147609378923207,0.021102260467811215,0.007907174808720977,1.0,0.2038835172929427
1033,0.84,-0.06000000000000005,0.21247902538461472,0.020951741753238825,0.01948320183898358,0.535560446974227,0.43308901205743844,0.2528023767488319,0.021019217573032222,0.007814209122616883,1.0,0.20444827973320676
1034,0.84,-0.06000000000000005,0.21238268242356917,0.021086221918085863,0.01963553542760114,0.5355951998064102,0.4331304232346079,0.2505750353762699,0.020390584297860365,0.007792935769011491,1.0,0.17827439438058554
1035,0.83,-0.07000000000000006,0.21229982167754036,0.021154810808321125,0.01958813395981581,0.5083942226653445,0.3919448463492624,0.24081081109746444,0.019722828717200505,0.007406807836247787,0.0,0.19071547596174804
1036,0.82,-0.08000000000000007,0.21201184607678214,0.0212961731795418,0.01938447380897679,0.4838829800247565,0.35474776127461555,0.2413741496103409,0.019860684787462772,0.007402122591182149,0.0,0.18733781738071903
1037,0.82,-0.08000000000000007,0.21175108286497657,0.02111472164795514,0.019575273046466193,0.48395977290808967,0.35483962810399994,0.24586267424923114,0.02006157888820356,0.007380949449810336,1.0,0.21359906979007098
1038,0.82,-0.08000000000000007,0.21135992037429546,0.02109267141900501,0.01963517340590502,0.48407501315359364,0.35497752382857123,0.24436727250395582,0.02020087734910735,0.007394922415122437,1.0,0.19318701400462107
1039,0.82,-0.08000000000000007,0.21130580182638917,0.021082964091647366,0.019545859294977506,0.48409096132213947,0.3549966105715225,0.23809165011215683,0.02026342856884024,0.007449626176757244,1.0,0.21240948808108764
1040,0.82,-0.08000000000000007,0.21115884526447265,0.021282926126224157,0.019677769355111147,0.4841342731814042,0.35504845014720526,0.24070378115837487,0.020360400164873574,0.007431340184077903,1.0,0.17506111562177928
1041,0.82,-0.08000000000000007,0.21126477186013137,0.021323354135750396,0.019935404629613556,0.48410305312330393,0.35501108254988545,0.24199133379765714,0.020495477351277887,0.007237397295682125,1.0,0.22463870788538448
1042,0.82,-0.08000000000000007,0.21122172376182607,0.02137058531803157,0.020279603540386642,0.48411574033065125,0.35502626762679074,0.2526998882972438,0.020766076944920747,0.007058186874487193,1.0,0.1856695384011146
1043,0.82,-0.08000000000000007,0.21136791935684207,0.021308123406895144,0.020349433520692843,0.484072656026455,0.35497470288995153,0.24400529434125676,0.020871815051188108,0.00691350540492671,1.0,0.209487385050977
1044,0.82,-0.08000000000000007,0.21135518969078845,0.02130825814233231,0.02021262220230822,0.4840764071945013,0.35497919218282703,0.24472914861280562,0.021034075976144706,0.00687894949028012,1.0,0.2104995375435694
1045,0.82,-0.08000000000000007,0.21160280829620617,0.021286376159772146,0.02008749190316389,0.48400344956936403,0.35489188642870007,0.24194984625983382,0.021137795284767776,0.006906022459660858,1.0,0.22197789167802293
1046,0.82,-0.08000000000000007,0.21162865086877466,0.021299433658100442,0.01985043736060336,0.4839958366563222,0.3548827772889351,0.24505678533458308,0.021270922257870892,0.006773135586040834,1.0,0.2236665421428517
1047,0.82,-0.08000000000000007,0.21175292466463372,0.02124362919900031,0.019994711430327616,0.4839592304259163,0.35483897907148926,0.243172215013496,0.021407198138479053,0.006651031441282812,1.0,0.2083526142935771
1048,0.82,-0.08000000000000007,0.2119262672438311,0.02119284395688106,0.019745666981266535,0.48390817968650396,0.3547779054366647,0.23876547713959373,0.021425666135305065,0.0064486073190049295,1.0,0.21429028757398616
1049,0.82,-0.08000000000000007,0.21180629237108684,0.02113795028999096,0.01944665440330164,0.4839435120731991,0.3548201738353377,0.24254073959133093,0.021543846055727473,0.006474881088733755,1.0,0.21555161611727858
1050,0.82,-0.08000000000000007,0.21176459144754411,0.021171825611871368,0.01955987229709638,0.4839557941294153,0.35483486786439183,0.24448851049000164,0.02167449749860654,0.006431021876621448,1.0,0.19251543727561735
1051,0.82,-0.08000000000000007,0.21194008046409712,0.021020261487756008,0.01918085748754323,0.4839041120488886,0.35477303954160255,0.246921570562265,0.02179354117229078,0.006386494584542141,1.0,0.20240682392920523
1052,0.82,-0.08000000000000007,0.21175234659076517,0.02092144005954906,0.019128355948672814,0.4839594006911926,0.35483918277891313,0.24735931054224097,0.021947013212661483,0.006371140641922125,1.0,0.2134983877400588
1053,0.82,-0.08000000000000007,0.2116708255158432,0.020920680537061323,0.019096305722129604,0.4839834130236413,0.3548679123291324,0.24453438701902513,0.02206832946592358,0.006392314186525102,1.0,0.20783045142203765
1054,0.81,-0.08999999999999997,0.2116159005301959,0.02093970063220735,0.019101297745773637,0.4616554860033311,0.32111528247746185,0.23917652117810237,0.02213138676950729,0.006415523630023737,0.0,0.20164915160370245
1055,0.81,-0.08999999999999997,0.21169605731662838,0.02095952249143903,0.019099842492188313,0.46163400368581164,0.3210897191285152,0.23743287355720738,0.0221868806791467,0.006392595821068268,1.0,0.22084441828925686
1056,0.81,-0.08999999999999997,0.212036363259269,0.02093740487684057,0.018944450262832434,0.4615428226822411,0.3209812351378232,0.23769706918637173,0.02222869761032401,0.006380066565469801,1.0,0.22751999711957177
1057,0.8,-0.09999999999999998,0.2121335840161459,0.020976024994843828,0.01880804364540542,0.4411566600045583,0.2904078011430907,0.23349899322881879,0.02224697317068994,0.006405013510346579,0.0,0.22527088807974388
1058,0.79,-0.10999999999999999,0.21199509061114763,0.020894569609920866,0.018435321821138936,0.4225481332679147,0.2628079772497867,0.23568474826210778,0.022281847728922104,0.006377446937641734,0.0,0.2174528360573313
1059,0.79,-0.10999999999999999,0.21229433435311829,0.020742235938989776,0.01832722790513762,0.4224809542823413,0.26272991840435433,0.2350021870792513,0.022290174570909798,0.0063674258025881595,1.0,0.21650903812943023
1060,0.78,-0.12,0.21239904162524229,0.020697353040807838,0.01840263086695206,0.4053338235078283,0.2377031568380642,0.2313197468766663,0.022286010341627995,0.006359714545014692,0.0,0.2087004867567941
1061,0.77,-0.13,0.21262445248319733,0.02066827827436719,0.01838553442132609,0.38950126679248404,0.2150346049903024,0.21449292035544099,0.022291531754040875,0.0063704820674745045,0.0,0.2211145034929035
1062,0.76,-0.14,0.21281116788067728,0.020496687862562674,0.018329260488115184,0.3748659082943689,0.19453531593548856,0.23171052116751023,0.02220506898419874,0.006518507560491763,0.0,0.2031383925923157
1063,0.76,-0.14,0.21314267574834767,0.020683653444933753,0.018381236646516613,0.3748073345606403,0.19447135935126447,0.227193531590193,0.02212438983478463,0.006548827189445161,1.0,0.24116486989982763
1064,0.76,-0.14,0.21384631200221368,0.02057520807706794,0.018163008651736434,0.37468307054005207,0.19433574867803716,0.22530656738433025,0.022051036389229214,0.006567298351878382,1.0,0.24549687089361738
1065,0.76,-0.14,0.21383937608959816,0.020579630300086145,0.0183402210404773,0.37468429503843315,0.1943370845022472,0.22895983495777375,0.021982630260500256,0.006597190656862345,1.0,0.20037622672249497
1066,0.76,-0.14,0.21443428261861505,0.020262138103823064,0.018280884507492986,0.37457929655246686,0.19422257502223175,0.22770886968831772,0.02190246653541492,0.006608899261235373,1.0,0.232983853199958
1067,0.76,-0.14,0.2145478704561803,0.020279864433611804,0.018066274166328822,0.3745592554699424,0.1942007266187994,0.22594102985946507,0.021816005417235308,0.006608411989649061,1.0,0.22333392729769735
1068,0.76,-0.14,0.21503975645914225,0.020057422391247397,0.018035595490245467,0.37447249338858934,0.19410616999176558,0.22994437931517236,0.021750415466644683,0.006621022153582017,1.0,0.23026739415986164
1069,0.76,-0.14,0.2153585786936084,0.019926515516844278,0.017894263701938383,0.37441627889686885,0.1940449310664734,0.22981349179529467,0.021656445153867523,0.0066201503848188105,1.0,0.22293167310469708
1070,0.77,-0.13,0.215172981522632,0.020039534522312764,0.017952046736469923,0.3890156534843286,0.21449220792620308,0.23277668853030398,0.021566020711176536,0.0065746177743365875,1.0,0.19381730065800581
1071,0.77,-0.13,0.2147403054032363,0.02005722236390417,0.017536851681416242,0.3890980130519498,0.21458410038108694,0.22983812947112625,0.021372276002100687,0.006583461996262773,1.0,0.1925032578441465
1072,0.77,-0.13,0.21509359983873255,0.019988413499121213,0.01766780104734733,0.38903076111533835,0.21450906124118135,0.22855472210569508,0.021196666104878775,0.0065530166027840285,1.0,0.2286819600691679
1073,0.77,-0.13,0.21496751551838347,0.02001846394812815,0.017795791213581234,0.38905475943306966,0.21453583531385853,0.2263786265572393,0.021065609803861646,0.006525994733914196,1.0,0.20395879948247786
1074,0.77,-0.13,0.21505875632707916,0.019991390354559366,0.017766381645932285,0.38903739277529015,0.21451645961122517,0.22716718517717083,0.02098101484347353,0.006531162226106208,1.0,0.21363917825741793
1075,0.76,-0.14,0.21517240470746757,0.01989159933945618,0.01737601634462442,0.37444910290084,0.19408068640842482,0.2261374721770289,0.020891009471342578,0.006497357173635431,0.0,0.20328800945450973
1076,0.75,-0.15000000000000002,0.2151861614767683,0.019909868941194606,0.01730892030084629,0.3609317093438191,0.17560907616132884,0.2196619324788027,0.02076200523109974,0.006562041754537781,0.0,0.24229618197812539
1077,0.76,-0.14,0.21522201834980895,0.019877170118495307,0.017737992116487303,0.37444035504542866,0.19407115665328742,0.22800418022606056,0.02062220950232875,0.006639261506084441,1.0,0.19885551149446862
1078,0.76,-0.14,0.21574368033184257,0.02005568606220428,0.01802557490453466,0.37434840057253554,0.19397101279231865,0.21672405477928564,0.02050840350055875,0.006701589242202574,1.0,0.2483985831289574
1079,0.76,-0.14,0.21566162785808415,0.020065913651664227,0.018418763344042407,0.37436286114414546,0.19398675762003809,0.22628816244112948,0.020302900154366612,0.00673429231131821,1.0,0.20909951316756337
1080,0.76,-0.14,0.2162636629941102,0.020977414160303548,0.01905094197290958,0.3742567870521454,0.19387129411199472,0.22549689073520685,0.019988709555630008,0.006649226144165261,1.0,0.27713485969588203
1081,0.76,-0.14,0.21636630855767972,0.02097887704380767,0.01919578196583201,0.37423870766873285,0.19385162157151867,0.23092307168869264,0.019813088666995982,0.006644445389345965,1.0,0.22174624017975303
1082,0.76,-0.14,0.21637150061008487,0.020987889132657,0.019250590795200945,0.37423779321769435,0.19385062659454272,0.2272738488094351,0.019537518035499083,0.006602145249482152,1.0,0.2530503492801268
1083,0.76,-0.14,0.21649275026702244,0.021081750868643886,0.01913548673585361,0.374216439373675,0.19382739386693523,0.22231123063491987,0.0193796947441625,0.006481814907570459,1.0,0.23877807474051466
1084,0.76,-0.14,0.2161677337742889,0.020775197143327984,0.0188601620809229,0.3742736850376165,0.19388968304111767,0.21798788202581107,0.01938541037212267,0.0064341153370582535,1.0,0.21981903618840695
1085,0.76,-0.14,0.216213994557653,0.020757880833514982,0.01851548027156112,0.3742655359843811,0.1938808147521482,0.22223149077582408,0.01939315389941121,0.00641322777918105,1.0,0.21073058440791845
1086,0.76,-0.14,0.21611026722559298,0.02061765100726786,0.01862076452628327,0.3742838085330258,0.1939007006286797,0.22040972305123968,0.019394269971509583,0.006395946854184044,1.0,0.23894372377281697
1087,0.77,-0.13,0.21588015850538206,0.020572670830599632,0.01870971464584382,0.38888111792387225,0.2143421858539173,0.21905610504444728,0.019383452136159558,0.006390135277125592,1.0,0.20851558681031943
1088,0.77,-0.13,0.2155618293802314,0.02023708418120905,0.018617676383356794,0.3889416663340844,0.21440969091119236,0.22197315238853815,0.019370553056910354,0.006246511021354073,1.0,0.22131562144234937
1089,0.77,-0.13,0.21526417885199772,0.02022323639346595,0.01861920251344416,0.38899829859129154,0.2144728493313762,0.22043189532731045,0.019203677928617137,0.00619032363976161,1.0,0.20147165851580348
1090,0.77,-0.13,0.21525602157735005,0.020224899839708998,0.01858107997742032,0.38899985086128847,0.21447458074608336,0.2191101885337825,0.01892089817351973,0.006192072671013746,1.0,0.21072810782649987
1091,0.76,-0.14,0.21532069671947704,0.020181550892488246,0.018535522705654197,0.3744229573339221,0.19405220535972242,0.21897747392651318,0.018645973891906698,0.006152792087945212,0.0,0.20498076912690738
1092,0.77,-0.13,0.21552188196223102,0.02001029569691033,0.018359859973008603,0.38894926594193086,0.21441816518648737,0.22510068764413166,0.018267785834883164,0.006209298209398015,1.0,0.20837427058517988
1093,0.77,-0.13,0.215830779797619,0.01949802729258739,0.018253806733984856,0.3888905088616429,0.21435265434553658,0.2251392492989727,0.01786213288892435,0.005960310377130547,1.0,0.19836141785838543
1094,0.78,-0.12,0.21623781674705211,0.019336643017901587,0.01847302693337594,0.40454224419063695,0.23680098442150646,0.22096879948823012,0.01781320877391694,0.005918409615761074,1.0,0.2286874526530436
1095,0.79,-0.10999999999999999,0.216430245357428,0.01923581417777438,0.018433296742836836,0.42155464239205204,0.2616557805509773,0.2225415832929039,0.017805937731246998,0.00569402992021397,1.0,0.21584985380226968
1096,0.8,-0.09999999999999998,0.2166095209123287,0.018975708424101272,0.018132548747167927,0.4400639180992837,0.28912312226877546,0.21901080447568474,0.0177241058936339,0.005715088922936354,1.0,0.1977636605406063
1097,0.81,-0.08999999999999997,0.21633580855905493,0.019011187045568728,0.017845885962758865,0.4603939310623773,0.31961692872239666,0.21802050046374444,0.017629293635900323,0.005614703447161317,1.0,0.20032511455603716
1098,0.81,-0.08999999999999997,0.2156051864068848,0.01877389967331733,0.017527186383114002,0.46058876329453247,0.3198479522759721,0.2236590083057305,0.017607869008251596,0.005541119019172917,1.0,0.18557520433833213
1099,0.81,-0.08999999999999997,0.21588387138359216,0.018929505245780145,0.018048331399034473,0.46051442798073144,0.3197597923816471,0.22061630206208954,0.017477931256187403,0.005364224671020994,1.0,0.2402047486235298
1100,0.82,-0.08000000000000007,0.21579612628772624,0.018980089135349525,0.018433183838160942,0.48277127365125283,0.3534198942986817,0.22148700547614658,0.01695296512211085,0.005359722168657701,1.0,0.2005255536571313
1101,0.83,-0.07000000000000006,0.2159866845484624,0.019025369046440553,0.01871627807126755,0.5071986918959612,0.39051578223931876,0.22020259097098643,0.016371157394369628,0.005371425767354081,1.0,0.22993469281022433
1102,0.83,-0.07000000000000006,0.21637207609476358,0.01927863944549406,0.01871686157471267,0.5070740463588919,0.39036700206861547,0.2161615208655372,0.01577666688331892,0.0053671768255283145,1.0,0.2480352112911819
1103,0.83,-0.07000000000000006,0.21638406938607577,0.01928595423303398,0.01876807436516204,0.5070701684029718,0.39036237388466893,0.2123161996489336,0.015309559422599766,0.005383452535593879,1.0,0.22873813743217647
1104,0.83,-0.07000000000000006,0.21622679030204914,0.01914191550781947,0.018717197240302734,0.5071210283254242,0.3904230762452025,0.20710154837085198,0.014820815470240889,0.005403950368249325,1.0,0.2260379075028064
1105,0.82,-0.08000000000000007,0.21601675408629162,0.01906048851774619,0.018825036792452576,0.48270661748550137,0.3533427847645843,0.20834787983440525,0.014387743054630725,0.005414440008994592,0.0,0.2130251290392794
1106,0.82,-0.08000000000000007,0.21589768230487,0.018999286132282467,0.018795177910152894,0.48274150996163623,0.3533843962362014,0.21417698046002082,0.013863300122181624,0.005375503033151096,1.0,0.21978490967217795
1107,0.82,-0.08000000000000007,0.21602803611436194,0.019085068224994745,0.01885625275344163,0.48270331169179265,0.3533388425940009,0.20574449714820905,0.013683970180271314,0.005409962360430289,1.0,0.2350116587829666
1108,0.81,-0.08999999999999997,0.21620371706692207,0.019135300075701488,0.01874998230675289,0.4604291431912638,0.31965867148478544,0.1990517494313407,0.013732520934715959,0.005371187046136054,0.0,0.23036403346458473
1109,0.8,-0.09999999999999998,0.21604602845424611,0.019102679948796893,0.018812811715879812,0.4402011895180984,0.28928422956725414,0.1948745869653477,0.014030986865059361,0.0053983823406741375,0.0,0.2121954764815444
1110,0.79,-0.10999999999999999,0.21613150771794384,0.019121469424082906,0.01888787071943845,0.4216214139521629,0.26173307135981944,0.19642305589990222,0.014270071275019147,0.005391665442330384,0.0,0.22456381863943609
1111,0.78,-0.12,0.21668317613069787,0.019753095185694243,0.01915574434232157,0.4044506084231626,0.23669676111525179,0.1908342286964757,0.0146562639187353,0.005352487249681842,0.0,0.26624523273947964
1112,0.78,-0.12,0.21723836972008737,0.01994094864898575,0.019301467799029744,0.40433643162716876,0.2365669627352212,0.192347725128069,0.015053282090005556,0.005214676287547398,1.0,0.25143582496841516
1113,0.78,-0.12,0.2177466239741917,0.020028787982002156,0.018722693123575457,0.40423196451476173,0.23644826302341437,0.18868118340884188,0.015402122348665693,0.005230539556317169,0.0,0.24635910588293763
1114,0.78,-0.12,0.21745706434562062,0.019651822363419044,0.018764907292702755,0.40429147428698087,0.2365158733216864,0.19397375418498955,0.015594618252751156,0.0052224895456646405,0.0,0.2289531295708462
1115,0.77,-0.13,0.21745818766661076,0.019653381707132413,0.018882557084302927,0.3885812439622612,0.21400817474515907,0.1938375408999412,0.015691634751096174,0.005183662555684512,0.0,0.24479465095848413
1116,0.77,-0.13,0.21794699562564077,0.020991066058621874,0.018952411668064037,0.3884884492444472,0.2139049230287333,0.20088488652434033,0.01572234841316361,0.0050768066499553115,1.0,0.2977573067816905
1117,0.77,-0.13,0.21841544035168461,0.021170403850735126,0.019146037007687175,0.3883995618373756,0.21380606612020217,0.20077024700623977,0.01591905496336047,0.0049690283267227655,1.0,0.2496739314522148
1118,0.77,-0.13,0.2187501235356434,0.021637858245727663,0.01930003285741935,0.3883360805963927,0.21373549314435802,0.20285472415464348,0.016081000993416427,0.004805655214740031,1.0,0.26521224395049553
1119,0.78,-0.12,0.21913686555407833,0.022199737848406943,0.01933604212004519,0.40394648838224456,0.23612418819532188,0.20464966875212004,0.016169855653178515,0.004603124741065568,1.0,0.2701254040233119
1120,0.79,-0.10999999999999999,0.2192851470311304,0.022339582086093945,0.01923159571294552,0.4209176017203681,0.260919443076365,0.21767518071248937,0.015810291368603926,0.004569390870186215,1.0,0.24762759295788653
1121,0.79,-0.10999999999999999,0.2192865380459421,0.022342472397215304,0.018897600164711877,0.42091729179962045,0.2609190853153478,0.21705638830124235,0.015725673479370667,0.0042334037837049015,1.0,0.26577655210214257
1122,0.79,-0.10999999999999999,0.21985038149055489,0.022916707264538226,0.018845916934303573,0.4207917039819276,0.26077414877470506,0.22345532035987148,0.015654771133972394,0.004263235816935952,1.0,0.27080727666286863
1123,0.79,-0.10999999999999999,0.22038560124113654,0.02317030716333617,0.018892555488096565,0.42067256098297046,0.26063671887188616,0.22500472142319639,0.015541751650568853,0.004227478950115021,1.0,0.2577975428886028
1124,0.79,-0.10999999999999999,0.2208375161422656,0.023128672238274403,0.019006418530426505,0.4205720146445044,0.2605207921318361,0.2240866997901979,0.01535436010665818,0.004182324159536254,1.0,0.2410745409945851
1125,0.79,-0.10999999999999999,0.22151333689320424,0.023532739485870303,0.019195261042263687,0.42042174124823645,0.26034762060050237,0.22031591474968504,0.015071018280911263,0.004207007676331499,1.0,0.26891568667889315
1126,0.79,-0.10999999999999999,0.22189709305048747,0.023363685160638727,0.01949750788631221,0.42033645821750265,0.26024938980493045,0.22328581203451847,0.014739672123402395,0.003897208954276888,1.0,0.23056349030092554
1127,0.79,-0.10999999999999999,0.22250904488797005,0.02315723148183009,0.019291524205864278,0.42020053428034093,0.2600929005823665,0.2292395937804929,0.01474431422935384,0.00394612233882918,0.0,0.24495329950370018
1128,0.78,-0.12,0.22276391807577192,0.023252212694215436,0.019093155028807325,0.4032035939254268,0.23528286465324755,0.23033402628336946,0.014750128029782783,0.003917325311696068,0.0,0.24402762810274653
1129,0.79,-0.10999999999999999,0.22299084483501588,0.023519772930572964,0.019041384831097033,0.4200935809196456,0.2599698263425679,0.2368487952689254,0.01477782858258053,0.003918572957242352,1.0,0.2617972051765488
1130,0.78,-0.12,0.22303993923805115,0.023510689105742638,0.01944823750695621,0.4031471710216397,0.2352190847794654,0.23371807116800167,0.014800991849556067,0.003906938802201702,0.0,0.22111914290856205
1131,0.78,-0.12,0.22310329303148435,0.023499654841809138,0.019338134009256196,0.4031342227753843,0.23520445057443184,0.23542042245211453,0.014831112488682921,0.0037942938575729283,1.0,0.22214543459042124
1132,0.77,-0.13,0.22364972149772733,0.023680986789633967,0.019699913472756767,0.3874091161734745,0.21270764710953827,0.22568516132633343,0.01474388320243462,0.003778222929958598,0.0,0.2585263639172416
1133,0.76,-0.14,0.22411662754681871,0.0237579612197194,0.019510151795204007,0.3728786390221376,0.19237767748274567,0.21631161453417969,0.014509209241759207,0.0038504068230857873,0.0,0.25113888464234374
1134,0.76,-0.14,0.225025274316247,0.023724885318702597,0.019566304371970725,0.3727198318417399,0.1922063390510134,0.2254072904326316,0.014279306930362076,0.0038436538091428224,1.0,0.2691390713234114
1135,0.77,-0.13,0.2255670528361843,0.023553183061823635,0.01977709310719195,0.3870475761343984,0.21230811220052326,0.2329442678126101,0.014211935287793452,0.003914094605780217,1.0,0.24489332795548124
1136,0.77,-0.13,0.22627715130938636,0.023460160553783607,0.01964773032270801,0.38691384816603114,0.21216052197000523,0.22991632813883417,0.014122448416317636,0.0038993412222942127,0.0,0.258347664700923
1137,0.76,-0.14,0.22657518598717377,0.02348650164616651,0.019592508821159118,0.37244926061647154,0.1919147841114899,0.2269673234457617,0.013961155285158972,0.00391402408035277,0.0,0.2434025375688133
1138,0.75,-0.15000000000000002,0.226876933439349,0.02324823152162041,0.019600774520858132,0.3590266000492191,0.1736004104782737,0.2220250404610386,0.013816803125495323,0.0039005560055338216,0.0,0.22336175922214424
1139,0.75,-0.15000000000000002,0.2274939047607941,0.023670931089813628,0.01973609258696058,0.35892661793589375,0.17349568046554956,0.22211145316118114,0.013746412488416368,0.003875043699007807,1.0,0.2741066202255951
1140,0.75,-0.15000000000000002,0.22815162147400372,0.023112067657255285,0.019571408152811543,0.35882009421149946,0.17338417304731996,0.2190520988990411,0.013651022964454142,0.0038929406850972794,1.0,0.2408327869427449
1141,0.75,-0.15000000000000002,0.22852362949288998,0.02335068765560785,0.019389969297730698,0.35875987182533087,0.17332116730641606,0.2234358984105147,0.013527149609448655,0.0038290542710759353,1.0,0.2618395097740111
1142,0.75,-0.15000000000000002,0.22939296109683982,0.02335730696860148,0.019258104069167312,0.3586192191714393,0.17317410993375806,0.24979068457160292,0.013467421630667734,0.004007440050925442,1.0,0.27260269879609816
1143,0.75,-0.15000000000000002,0.22997368131198076,0.02357606856277829,0.01929882265238384,0.35852532354080896,0.17307601342382214,0.2512447390764339,0.013596189228811015,0.004014815810857584,1.0,0.2675594065650692
1144,0.75,-0.15000000000000002,0.2305396285725562,0.023780194829201545,0.0191875780951061,0.3584338638193998,0.17298051926522337,0.2517869805650411,0.01372345150752082,0.003992219236470063,1.0,0.26709426360111166
1145,0.75,-0.15000000000000002,0.23079987700509097,0.02382743176086487,0.019363364743639283,0.35839182211741316,0.17293664204501633,0.24937963999873394,0.01384185653337561,0.003985152584869638,1.0,0.24800273493149777
1146,0.75,-0.15000000000000002,0.23115293083639757,0.02398019298681074,0.01931947850619223,0.3583348039763902,0.1728771536408361,0.25525019855632247,0.014034673377204855,0.004025415092309048,1.0,0.2589719252735142
1147,0.75,-0.15000000000000002,0.2311915150749613,0.023946556653977248,0.01973183420157763,0.3583285737273232,0.1728706548048102,0.25362253597108253,0.014215976144844378,0.003997343624746801,1.0,0.21221103814995096
1148,0.75,-0.15000000000000002,0.23166998587177198,0.024081706418770776,0.020223399863818138,0.3582513323991247,0.17279010539785544,0.25109451321668114,0.014396305859235006,0.003984745243965631,1.0,0.262137367255054
1149,0.75,-0.15000000000000002,0.23192464675607255,0.024044531849940886,0.020204041114990454,0.35821023511814043,0.17274726445149666,0.25069879889166324,0.014523316582944834,0.003969067904837825,1.0,0.24101770454733384
1150,0.75,-0.15000000000000002,0.23248728313974362,0.023772522205159425,0.020182525806321756,0.358119470041494,0.17265268885201118,0.2511787377718019,0.01463186359826172,0.003949339407947676,1.0,0.2487790756427204
1151,0.75,-0.15000000000000002,0.23271994253491804,0.023590140273511348,0.02030388690112193,0.35808195063149556,0.1726136105448187,0.24769499798377612,0.01464406318772995,0.003980107082776462,1.0,0.22567276344664938
1152,0.75,-0.15000000000000002,0.23330810503600635,0.023835509230536685,0.02071776506358878,0.357987136684453,0.17251489950128843,0.2451494299371236,0.01461076206923566,0.003977285310285923,1.0,0.2723146378488885
1153,0.75,-0.15000000000000002,0.23346139239565525,0.02372017917769836,0.021151847393322352,0.3579624344488169,0.17248919189705456,0.24474076466169128,0.014613648314988691,0.003927293385381979,1.0,0.22315918738692986
1154,0.76,-0.14,0.23422639971786502,0.023914683565522017,0.021513417390819276,0.371119308385684,0.19048837351745473,0.24922682282940523,0.014750202005348333,0.003954994502016514,1.0,0.27814988382468003
1155,0.76,-0.14,0.23444268182712313,0.02389046966528522,0.021806363610812153,0.3710818517382267,0.19044836028618528,0.2434340494031344,0.014815560256510053,0.004010838722189307,1.0,0.24247262921507026
1156,0.76,-0.14,0.2346363105487298,0.023912034538055675,0.02182819321712874,0.37104832471385435,0.19041255229921267,0.24499765893164194,0.01489883654406292,0.003984227950178747,1.0,0.24688286928024036
1157,0.77,-0.13,0.23521263999947112,0.024369523305094256,0.02211307111461583,0.3852389522704318,0.21032071272107264,0.25221593251325525,0.01512732465140969,0.004035061470868892,1.0,0.28290383315387513
1158,0.78,-0.12,0.23561974805800104,0.02440945119564755,0.02235343872386481,0.40059232153314467,0.23234853582964388,0.2507910605677855,0.015311334285360013,0.004042559559380137,1.0,0.2581636419103246
1159,0.78,-0.12,0.2356348967393635,0.024398053658729,0.022680016342774074,0.4005892644883711,0.23234512133253973,0.24942106756986943,0.015473996117930346,0.004019201506807723,1.0,0.2180239062656723
1160,0.79,-0.10999999999999999,0.23582309470107968,0.0242617692888079,0.022650545230921883,0.4172648884355172,0.25673419936291,0.2500864993047965,0.015663131011191215,0.003855955094824913,1.0,0.22752028292841547
1161,0.8,-0.09999999999999998,0.2362943660081278,0.02442862138672891,0.022880295133636097,0.43532168274589467,0.2836055369668214,0.24798416034736032,0.015790148520419524,0.0037032756821518517,1.0,0.2682416341977104
1162,0.81,-0.08999999999999997,0.2364971979672698,0.024235929945579947,0.022948917036501558,0.4550818510759072,0.31337097057077556,0.25568257269591715,0.016063110120690626,0.0037354112656997267,1.0,0.22342158850651778
1163,0.81,-0.08999999999999997,0.23693783715526937,0.024712667706534016,0.023529474604173026,0.4549671208922812,0.3132371862338117,0.25654207276064817,0.01635354334653797,0.003725032840031729,1.0,0.2852287886997823
1164,0.81,-0.08999999999999997,0.23722874764055915,0.024981473788092283,0.023181194049688804,0.4548914075944944,0.31314892424918994,0.2523630449663745,0.0165627326907447,0.003730343549333044,1.0,0.27458791942259797
1165,0.81,-0.08999999999999997,0.23800848802705918,0.025035869203613,0.022889827579713383,0.45468859409235696,0.3129125968500414,0.24533174021100818,0.016669329025771736,0.0037887308168674913,1.0,0.27835026537249447
1166,0.81,-0.08999999999999997,0.23827918688097202,0.02512625977108071,0.02297716698253144,0.4546182265533744,0.3128306355541558,0.24878091143873607,0.016816962485248884,0.0038057139623106752,1.0,0.26005373859124625
1167,0.81,-0.08999999999999997,0.23895818415350456,0.025625691042579016,0.023222080609779306,0.4544418185826389,0.31262523981968454,0.24602323680473154,0.016927203840036965,0.0037931313883540823,1.0,0.2912336545509493
1168,0.81,-0.08999999999999997,0.23933586605810653,0.025772719135947586,0.023382306355998746,0.45434375357418044,0.31251110826059053,0.2525643357620846,0.017117502139408283,0.003857880998833632,1.0,0.26803558462006005
1169,0.81,-0.08999999999999997,0.23999272452285259,0.02618009600614623,0.023296120118751765,0.45417330121959887,0.3123128108082946,0.2500915034739411,0.017268520334785802,0.003852927822602664,1.0,0.2886175195793005
1170,0.81,-0.08999999999999997,0.24099259637280107,0.02630652089963359,0.023335240555718416,0.45391408352633156,0.312011444470779,0.2538137821650385,0.01746163264510064,0.003860844182521044,1.0,0.29380448565285755
1171,0.81,-0.08999999999999997,0.24132240331330965,0.025900140738049512,0.02365990552069646,0.45382864565972825,0.3119121665425162,0.2557842413460113,0.01768636163023871,0.0038677840998497465,1.0,0.22548395189500947
1172,0.81,-0.08999999999999997,0.24172181323388642,0.02600986646577091,0.02384592410297063,0.4537252199012691,0.3117920213946693,0.2567008073708621,0.017919832552602773,0.003855061579409293,1.0,0.26862295212684284
1173,0.81,-0.08999999999999997,0.24184943848983542,0.02585510892195245,0.02427240135826888,0.4536921817389147,0.3117536503832726,0.25673975122877346,0.01814555397153677,0.0038474897131262607,1.0,0.2167213250773764
1174,0.8,-0.09999999999999998,0.2421586067290993,0.025700313994430957,0.024449002452243834,0.43392863679436183,0.2820022965093981,0.252310990450194,0.018301587175075237,0.003881823529070074,0.0,0.24455600218380508
1175,0.81,-0.08999999999999997,0.24258734230389212,0.025404199038710523,0.02407119833331826,0.4535012559532319,0.31153198186614744,0.2605742276219616,0.01857478745237835,0.003899881079307866,1.0,0.2461615669337888
1176,0.81,-0.08999999999999997,0.24258904191062025,0.025404185187877282,0.02366973119997675,0.45350081638120154,0.3115314716630607,0.2576637224029525,0.018769608090561933,0.003845014993163939,0.0,0.24246614265094188
1177,0.8,-0.09999999999999998,0.24318749743780127,0.025069587787634854,0.023333285239644824,0.43368514342226905,0.28172287262720364,0.2654863453058331,0.019111519503747183,0.0038100907250437945,0.0,0.2587010642125699
1178,0.79,-0.10999999999999999,0.24327528582643904,0.025103030709268403,0.022951715262457355,0.415639572633436,0.25489184729589054,0.2595610670437771,0.019296066821017664,0.0037733348725206843,0.0,0.2571774219927349
1179,0.79,-0.10999999999999999,0.24356382505553723,0.02487332471510289,0.022458671215861776,0.4155768970775309,0.25482104536906436,0.2612162350554246,0.019538797790123043,0.003782061097831036,1.0,0.2379534360773783
1180,0.78,-0.12,0.24329456238805483,0.024653218161814414,0.022022979673984384,0.3990494765748034,0.23063139990977793,0.2574084733742077,0.019715375464757653,0.0037657134284141782,0.0,0.25020859294764525
1181,0.78,-0.12,0.24388582074786527,0.024837652320608878,0.022016508705426572,0.3989311105704207,0.2305001662040602,0.2583656546664906,0.019905919216392703,0.0037385210891518086,1.0,0.2808720761607955
1182,0.78,-0.12,0.24350092657763145,0.02499040684533061,0.02254215385052189,0.3990081558532677,0.23058557903941682,0.2789578591667545,0.02046489679444361,0.0038963956985028046,1.0,0.2145609322567461
1183,0.78,-0.12,0.24351672579944608,0.024987915308268265,0.02261122482136152,0.39900499269559064,0.2305820717484533,0.2770772137666272,0.020937843125529522,0.003871721928715113,1.0,0.24035799692197687
1184,0.78,-0.12,0.24381609354815112,0.02488131321542253,0.022614349693648835,0.398945065841273,0.23051563484910814,0.2786212700926701,0.021393632750600227,0.003844453722412385,1.0,0.2497558110589097
1185,0.78,-0.12,0.24426773726347195,0.024685790351829936,0.02239138005239829,0.39885469073620433,0.23041547666891388,0.2794912457297189,0.021866897659055702,0.0038348396609221257,1.0,0.2558949559400042
1186,0.78,-0.12,0.24462257596612594,0.024861115284714047,0.022271223498213578,0.3987837152880103,0.23033684735833165,0.27926333593151886,0.022300563281278815,0.0038234688709363443,1.0,0.27442759403821526
1187,0.78,-0.12,0.2451905858998069,0.024677878542522416,0.02223396066213047,0.3986701535288768,0.2302110927190916,0.27275478701531336,0.022582406619533094,0.003859746664594068,1.0,0.265316580178413
1188,0.77,-0.13,0.24534580000155148,0.02457582709402167,0.02232118879985835,0.3833570218709791,0.20827253883611352,0.27576064374742315,0.022918194000803253,0.0038745406006635836,0.0,0.23683703161680753
1189,0.77,-0.13,0.24589896469984265,0.024201759275719492,0.02242921554144841,0.3832548172473279,0.2081618775960546,0.27696701461476264,0.023248431747806778,0.003873375591308145,1.0,0.2567881283449204
1190,0.77,-0.13,0.2462035100326087,0.023947545793479644,0.02252879279945066,0.3831985716550954,0.2081010031269449,0.27901442376534474,0.023587736310580153,0.003892715940230496,1.0,0.24118264110310528
1191,0.78,-0.12,0.24637079888881736,0.023716308940447507,0.022691211838814864,0.3984344012041204,0.22995023786685628,0.282853326554956,0.023977142151661367,0.0038696420924728475,1.0,0.2217096547477762
1192,0.78,-0.12,0.24651261938769445,0.02353034485288698,0.022598624091323127,0.3984060907491702,0.22991893197898258,0.2802429204180937,0.0243346184097854,0.003895620319563971,1.0,0.22255632047288815
1193,0.78,-0.12,0.24682880914931637,0.02308949795034877,0.022367291149434566,0.3983429868798306,0.22984916596849897,0.2856898121438194,0.024774155333601913,0.0039085136722405685,1.0,0.22998039402057888
1194,0.78,-0.12,0.2468698006036745,0.023060875613455063,0.022265963929409344,0.3983348074354756,0.22984012446764499,0.2864261303947316,0.02517976084178808,0.003900064525232876,1.0,0.2327865980888554
1195,0.78,-0.12,0.24689349617255996,0.023030186712339702,0.022230418415635337,0.3983300793693469,0.2298348982513357,0.2867721297656086,0.025579320843644174,0.003867895035875885,1.0,0.21821941069081885
1196,0.78,-0.12,0.24718342614927072,0.022588115360787222,0.022290779966195256,0.3982722376359471,0.22977097149420936,0.28485223596233206,0.025896841308728043,0.0038772848317479677,1.0,0.2267566582116818
1197,0.78,-0.12,0.2477440868519481,0.022108808870518065,0.022441129626744626,0.39816043210406615,0.2296474520499944,0.28284135212767875,0.026152350036142472,0.003840642165007233,1.0,0.2563911848237751
1198,0.78,-0.12,0.24811858534539405,0.02135696109070063,0.022226347675791635,0.3980857855289853,0.2295650200495222,0.27945650442887804,0.026381387695585436,0.003844098139301776,1.0,0.22302505368292305
1199,0.78,-0.12,0.24797001036802552,0.02146291595099569,0.021849004264047754,0.3981153967529398,0.22959771625620481,0.27783642339421544,0.026551871046744984,0.0038516676102169837,1.0,0.22534725088667656
1200,0.78,-0.12,0.24859792750248397,0.02097875352252184,0.02193547776973665,0.39799028191506636,0.22945959690027137,0.27909960230631353,0.02673304690854235,0.0038514531092769633,1.0,0.26331726710297015
1201,0.78,-0.12,0.24889405966482708,0.02092214766143951,0.021790718573549507,0.3979313037587592,0.2293945160444073,0.28555943210222867,0.026984925650605583,0.003875885025342275,1.0,0.25954790904453967
1202,0.78,-0.12,0.2485997560347726,0.021138037638219878,0.02200936490587072,0.3979899176880022,0.22945919493110092,0.27716520187564647,0.027063972061461578,0.003921833601200645,1.0,0.21860484828573373
1203,0.77,-0.13,0.24884549851398902,0.021048360877858076,0.022332671038585043,0.3827113224332582,0.20757439598513813,0.27859250801358293,0.027104503054126636,0.0038835775896840273,0.0,0.2533123853538216
1204,0.77,-0.13,0.24905470037154526,0.020924232151646446,0.0222654136005231,0.38267279327903503,0.20753281124837653,0.2736171037047136,0.027003634362340732,0.003921244992161968,1.0,0.2469580932584266
1205,0.78,-0.12,0.24937142922425679,0.020613871082364357,0.022219962068352334,0.39783626686362955,0.22928968239946304,0.27298425995581227,0.0268968671368125,0.0038687575489628335,1.0,0.2446980143104344
1206,0.78,-0.12,0.24964527718187063,0.020399792714164963,0.02209112309877999,0.39778176845846586,0.2292295867392696,0.2773623724009439,0.026897168291971897,0.003827804307885256,1.0,0.24716970543356104
1207,0.78,-0.12,0.2496317127079208,0.020409967000277696,0.022180687429357707,0.39778446756914154,0.22923256270795503,0.28047369915713233,0.02680428584488084,0.003791628338585459,1.0,0.23365521138798578
1208,0.79,-0.10999999999999999,0.24946521488181797,0.02063315868819287,0.022198590495525826,0.41429915032990766,0.2533815391730622,0.28488603563212933,0.026634658441072736,0.0037940038336259038,1.0,0.21371425085430124
1209,0.8,-0.09999999999999998,0.24941418632081847,0.020731345040316807,0.022140542902746203,0.4322173701669815,0.2800435875405023,0.2852044508555511,0.026358844179919225,0.0037815790486649668,1.0,0.20709262038159254
1210,0.8,-0.09999999999999998,0.24935050652652432,0.020817181756634804,0.021831672243436982,0.4322323306687176,0.2800606601110616,0.2835019222832107,0.02605799956488345,0.0037423235069368238,0.0,0.2181958392100235
1211,0.81,-0.08999999999999997,0.2487779077841137,0.021129749666859758,0.021775117424654555,0.4519058111500593,0.309684659333046,0.28473235392582097,0.025616855937377142,0.003739464266644066,1.0,0.20898535849841887
1212,0.81,-0.08999999999999997,0.24834909628051513,0.0215032760599846,0.021728187776213985,0.452015963348165,0.30981191417344744,0.28643756326972925,0.02519207080270548,0.003719652828509532,1.0,0.20855467460855812
1213,0.82,-0.08000000000000007,0.24817195025052005,0.021591725498152855,0.02175529739199964,0.4734650135865057,0.342453250373076,0.2906900929567938,0.024694906553160072,0.0037091473629632388,1.0,0.22864450288342894
1214,0.83,-0.07000000000000006,0.2482120491727212,0.02155969587980612,0.02163890342755408,0.49698358187645314,0.3784548282821222,0.2911102658220781,0.02428653481451768,0.0037120156415514803,1.0,0.2329630217909567
1215,0.84,-0.06000000000000005,0.24814096388078294,0.021582553108551575,0.021151635186650045,0.522999009238161,0.4182857669522071,0.28856569574357016,0.02379016850811155,0.0036665330602798523,1.0,0.2376861217646638
1216,0.84,-0.06000000000000005,0.24722540136174595,0.021399534779994834,0.02098397550540966,0.5233141295330765,0.4186531483692508,0.28672649142851925,0.023393756633882726,0.003683952906713694,1.0,0.2062010548779857
1217,0.84,-0.06000000000000005,0.2467711822329273,0.021820653910287393,0.020846710089342513,0.5234706046272869,0.41883564932879425,0.284239933987452,0.022923698612700667,0.0036880143238113058,1.0,0.20425201857035272
1218,0.84,-0.06000000000000005,0.2464078216237301,0.021813080674951985,0.021045811143762763,0.5235958470266262,0.4189817587872788,0.2886347102316011,0.022521712567405327,0.0037142752495352704,1.0,0.22887618303077356
1219,0.84,-0.06000000000000005,0.2457300540039027,0.022116464353329104,0.021086515486437273,0.5238296188169027,0.41925456575853975,0.28744010691669736,0.02210649719321331,0.0035947711218032945,1.0,0.2023486420405725
1220,0.84,-0.06000000000000005,0.2453198000075485,0.022455368521242133,0.020946157831261896,0.5239712227606032,0.4194198689933598,0.28839559315172864,0.021946986598892687,0.003598172069518287,1.0,0.20660219332246654
1221,0.83,-0.07000000000000006,0.2446794489416001,0.022773657340972298,0.020944440894437984,0.49808325476474147,0.37974048975185615,0.28201244352207433,0.021674558853096958,0.0035980126510437942,0.0,0.20174144550730702
1222,0.82,-0.08000000000000007,0.24398826371596394,0.023017756108792215,0.02081356167861769,0.4746473556415021,0.34383194244444365,0.2701954446557937,0.021405160797659764,0.003701725760164559,0.0,0.20168875409925013
1223,0.81,-0.08999999999999997,0.24360546486504067,0.02310306700314185,0.02082473240390059,0.45323808982088365,0.31122665181151676,0.27029010309506424,0.021148624231532534,0.0036934089602279133,0.0,0.21951765779627447
1224,0.81,-0.08999999999999997,0.2433233945728046,0.0233035684638564,0.02061068190229434,0.45331096925958225,0.3113111833799178,0.27363441012563516,0.02088187037864863,0.0036891011015416308,1.0,0.21286751177098545
1225,0.81,-0.08999999999999997,0.2429482839804734,0.02319022447366594,0.020410529571959157,0.4534079241464548,0.3114236686724998,0.2693511598936437,0.020506680773166537,0.0037023672929270652,1.0,0.23140462744577048
1226,0.81,-0.08999999999999997,0.24290679456881567,0.02321604192153,0.020315582795270685,0.4534186504678115,0.311436115192515,0.26800707905701737,0.020166044576451818,0.0036558046574791045,1.0,0.22641454913515463
1227,0.82,-0.08000000000000007,0.24270424184466868,0.023285559585353166,0.020323571185626225,0.4750114153151122,0.34425730811599375,0.2663345562071686,0.019911353722947032,0.0036616439539131672,1.0,0.224698027089003
1228,0.83,-0.07000000000000006,0.2426221880629743,0.023295206738613464,0.020256446395429274,0.4987259103441707,0.3804932460625575,0.2608540960032104,0.01966008342158661,0.0036511963904626854,1.0,0.2358222499333071
1229,0.83,-0.07000000000000006,0.24205530000884834,0.02351045140445442,0.020155797788372405,0.49890328870844425,0.38070119642344247,0.25489082409510483,0.01951032692817453,0.0036798079844746227,1.0,0.20510839976394998
1230,0.84,-0.06000000000000005,0.24197577433974818,0.023594434892942946,0.02022682692526872,0.5251283137585349,0.4207721511632705,0.25985320758119956,0.019300745121525766,0.00371273760267646,1.0,0.21316657599854433
1231,0.84,-0.06000000000000005,0.24184798402284727,0.023735675993390867,0.019897728377505013,0.5251726328154869,0.4208240009730543,0.27500241479612264,0.019147052904366912,0.0037674239268092073,1.0,0.2093664029003307
1232,0.85,-0.050000000000000044,0.24125839645887212,0.024044319915129175,0.019922085105845498,0.554509890694485,0.465347009509037,0.2845997473335511,0.018898487492027573,0.003769684388882689,1.0,0.19956760751972516
1233,0.86,-0.040000000000000036,0.24062834030451336,0.024596318838635996,0.01985576340516058,0.5873363184424638,0.5146008049049056,0.28377483389912955,0.018400843085356153,0.003686141333690463,1.0,0.18813326920646445
1234,0.86,-0.040000000000000036,0.24003053891832182,0.024622564338404998,0.019825257547886527,0.5875957647373969,0.514897965616345,0.2837486179685793,0.0180858038143302,0.003610275056423511,1.0,0.20935893270426348
1235,0.86,-0.040000000000000036,0.23957576553995197,0.024946398624714424,0.01978978892001101,0.5877932903224771,0.5151242585782594,0.28266434014029496,0.017887738384916616,0.0035906421084892525,1.0,0.19941599011849737
1236,0.87,-0.030000000000000027,0.23914424694061764,0.02499113000512687,0.019798220107050256,0.6247127509902138,0.5695378570709014,0.2760449866500426,0.017563269379824754,0.0036277163387637965,1.0,0.2151958047674919
1237,0.88,-0.020000000000000018,0.23893729206802258,0.02504065160003,0.01967165916962745,0.6664554271227797,0.6295626415801042,0.27948691970083267,0.01717884762772041,0.003612561288926089,1.0,0.222707050309303
1238,0.89,-0.010000000000000009,0.2388283138332305,0.025131748248286408,0.019262550619757925,0.7141131059500567,0.6958476517601374,0.2803035863132748,0.016650604390737827,0.0036199375910705295,1.0,0.21246393574293454
1239,0.89,-0.010000000000000009,0.2380769315826797,0.025188940765098707,0.01906276988530913,0.7145952903180696,0.6963536621703245,0.2824309979341084,0.01610486256683652,0.003610524029037131,1.0,0.19896839517051548
1240,0.89,-0.010000000000000009,0.23744116496852605,0.025903557570042153,0.01906989662078257,0.7150037895583548,0.6967823875925258,0.27865503255538776,0.015392014730768403,0.003604384290322455,1.0,0.17725612552737868
1241,0.89,-0.010000000000000009,0.23674352372337587,0.026175090045148203,0.019110867031989946,0.7154525828842976,0.697253445688465,0.27780443020894974,0.014755837557401846,0.003346766271992655,1.0,0.19207538525899565
1242,0.89,-0.010000000000000009,0.23579221109668047,0.026580130595423995,0.019207439323923377,0.7160654719760345,0.6978968139550232,0.25114231550371247,0.014739275666652256,0.0036013931427038297,1.0,0.17747143612655697
1243,0.89,-0.010000000000000009,0.2350928602557502,0.02665502918798707,0.019406305418686307,0.7165167032532184,0.6983705394056939,0.2528421263180325,0.01472137363053652,0.003613085762155474,1.0,0.1976243224720448
1244,0.89,-0.010000000000000009,0.23438609626345402,0.02673401804026816,0.01922564814021092,0.7169732957352947,0.6988499401987259,0.25170200571439827,0.01472234418888651,0.003600285560512313,1.0,0.19641786437149422
1245,0.88,-0.020000000000000018,0.2340504624531714,0.026771620558801962,0.01929688348556166,0.6691962238654502,0.6325517809667668,0.24800135304534637,0.01474092660358771,0.0035783673192139633,0.0,0.214439353903234
1246,0.88,-0.020000000000000018,0.23352901357471365,0.02678895507521191,0.018901443378005468,0.6694900120756765,0.6328724137496256,0.24155829937274406,0.014926202448453711,0.003627007633227724,1.0,0.20682703742773362
1247,0.88,-0.020000000000000018,0.23371781307706752,0.026704444343138192,0.01864222743712166,0.6693836112337356,0.6327562856237956,0.2405644588172267,0.015110958346273509,0.003611510843340007,1.0,0.23109098838533937
1248,0.88,-0.020000000000000018,0.23294578031110924,0.026986165311446306,0.018895128800943815,0.6698189158348573,0.6332314223448713,0.2279203713625021,0.015544190713507083,0.0037352317840441147,1.0,0.18493409065922542
1249,0.88,-0.020000000000000018,0.2327377060957957,0.027003336694609026,0.019173056288432383,0.6699363337182761,0.6333596007959711,0.23858695792841106,0.015725020692027657,0.0038381272152135117,1.0,0.22021028301598028
1250,0.88,-0.020000000000000018,0.23250574282185696,0.0269641440533622,0.0189939265211273,0.6700672809180879,0.6335025566347643,0.2500961631381196,0.01573691379259776,0.003919192522503237,1.0,0.2255827482488477
1251,0.88,-0.020000000000000018,0.23236890250415437,0.0270331078614711,0.018660109775371924,0.670144553606126,0.633586919745797,0.2634715555202579,0.015612009584850251,0.004028584687508145,1.0,0.21198873167639076
1252,0.88,-0.020000000000000018,0.2314247262558635,0.02726926294529676,0.018507950868246987,0.6706782088743538,0.6341696246167943,0.26355965046145,0.015448307752428081,0.0040253466033239,1.0,0.17789701301980065
1253,0.88,-0.020000000000000018,0.23117761109955776,0.027454385908010328,0.018160071699548034,0.6708180205179481,0.6343223104502643,0.26940045370190585,0.015266725581017923,0.0040390308969879595,1.0,0.19844767175635436
1254,0.88,-0.020000000000000018,0.23024102962737555,0.027433517555248775,0.017940664432278194,0.6713484446957583,0.6349016670445045,0.26915251924293526,0.015143379238449252,0.003983022422570785,1.0,0.18449173660645862
1255,0.88,-0.020000000000000018,0.22954427201110938,0.027993117216864517,0.018014246542912865,0.6717435913285199,0.6353333588345772,0.2727203742997657,0.014933623737831303,0.004003267326897279,1.0,0.17279686758845647
1256,0.88,-0.020000000000000018,0.22894203261151724,0.028260169423528606,0.017790419248558693,0.672085509569061,0.6357069630175228,0.26996046839689214,0.014737761572390701,0.003958233309940312,1.0,0.1866589293210285
1257,0.87,-0.030000000000000027,0.22786262285092915,0.028239879694005567,0.0176586604706032,0.6302990436619518,0.5758183409008879,0.26648763869883835,0.014640956800687282,0.003978919751885605,0.0,0.1749628570950722
1258,0.87,-0.030000000000000027,0.22716745093438956,0.028340873407636084,0.017391426708144978,0.6306465397552431,0.5762098769894114,0.2649257243126435,0.014528544367893807,0.003980858351767209,1.0,0.18864645025636073
1259,0.87,-0.030000000000000027,0.2269536894287751,0.028489259123478463,0.01737632497870182,0.6307534699128857,0.5763303792230227,0.26734137234303346,0.014389277957329055,0.003998537304246632,1.0,0.19664775570423143
1260,0.87,-0.030000000000000027,0.2268511502391702,0.028505483745819907,0.01717326696854418,0.6308047760767433,0.5763882007905998,0.2802538708825343,0.014290652794187774,0.004107730835378599,1.0,0.21726636396792
1261,0.87,-0.030000000000000027,0.22614408792049698,0.02834651787419413,0.01691984187709308,0.6311587867373498,0.5767872273430217,0.2824928953039475,0.014170783940220373,0.004052585502781188,1.0,0.1975354023303863
1262,0.87,-0.030000000000000027,0.22596103194959338,0.028422513162964503,0.016372098330552746,0.6312505036255324,0.5768906239770046,0.2681588647841386,0.014095785676158294,0.0041886918710142985,1.0,0.2051159914161579
1263,0.87,-0.030000000000000027,0.22498386326478242,0.028045339503869053,0.01644243370348495,0.6317405476216805,0.57744319190368,0.27609833002861445,0.014036606532206347,0.004226676087683008,1.0,0.18751192021868568
1264,0.87,-0.030000000000000027,0.2242040513360587,0.027737699188130016,0.01649629693966315,0.6321321646410522,0.5778849188436914,0.2793001950268123,0.013940755602581791,0.004187994878014639,1.0,0.1966067265502238
1265,0.86,-0.040000000000000036,0.2231025227589403,0.027752763960694433,0.0165984463548987,0.5950388862952644,0.5234575272756203,0.27811092495662515,0.013718273933892623,0.004165167593595036,0.0,0.1681974076606562
1266,0.86,-0.040000000000000036,0.22220020262383652,0.02800243268591261,0.01629990495550989,0.5954409267176403,0.5239217767094412,0.2718294277855389,0.013530804285751671,0.004200761760636265,1.0,0.16982172508086735
1267,0.86,-0.040000000000000036,0.221060578549282,0.02748394856814994,0.01614082871393147,0.5959494780337659,0.5245092986529395,0.2750916366497352,0.013290418828508193,0.004167641658685186,1.0,0.17727124709549316
1268,0.86,-0.040000000000000036,0.2201416182621135,0.02743420149538725,0.015944361605174293,0.5963601923823694,0.5249840201018056,0.2752194090916889,0.013153096506513796,0.004143954185491351,1.0,0.1761395559032136
1269,0.86,-0.040000000000000036,0.2189259251583281,0.02706394487528505,0.01598379979334497,0.5969043972466775,0.5256133512977424,0.2772397480949764,0.012976687570399971,0.0041267628755134724,1.0,0.16704820920075947
1270,0.86,-0.040000000000000036,0.21790767188878551,0.026126874411237108,0.015545521164455999,0.5973609831368569,0.5261416356009101,0.27726891674566256,0.01285197128172769,0.004107153880258052,1.0,0.19197915869859922
1271,0.86,-0.040000000000000036,0.2174480929546644,0.02639242004805408,0.015235562578434402,0.5975672876950491,0.5263804196678066,0.281798790514327,0.012773517469981269,0.0041436519382763715,1.0,0.17952605848290368
1272,0.86,-0.040000000000000036,0.2167674807974837,0.025937606507645462,0.014923785314559661,0.5978730757773416,0.526734444708938,0.279721592646892,0.012688720230582769,0.004164240362614994,1.0,0.20056173640877073
1273,0.86,-0.040000000000000036,0.2165066301833422,0.02606760004465743,0.014742884260409272,0.5979903547304604,0.5268702541923566,0.2846428477644696,0.012634418691047866,0.004169215052907904,1.0,0.1906362636632308
1274,0.87,-0.030000000000000027,0.21595479964324532,0.026052062287673403,0.014739427197168167,0.6363048217682682,0.5825994594325147,0.2836763059158609,0.012498187011098392,0.004095511059744683,1.0,0.18937294817411646
1275,0.87,-0.030000000000000027,0.2152401291723263,0.026193488018021308,0.014850366632010434,0.6366689125964203,0.5830115251099177,0.27852530547995025,0.012438459698869007,0.00411814232456187,1.0,0.17469451984188522
1276,0.88,-0.020000000000000018,0.21453683748689617,0.026396409926751577,0.01471221132061982,0.6803689973288761,0.6447761639935528,0.27682990915023,0.012335767021778868,0.0040562511470552,1.0,0.1721369741079276
1277,0.89,-0.010000000000000009,0.21358026006102693,0.026511628565295403,0.01478867607074554,0.7306802372066347,0.7132635793812697,0.28103631195871875,0.012325727632114822,0.004038888768736339,1.0,0.16304332162564644
1278,0.9,0.0,0.21289120580527723,0.026263846066754845,0.014849329493743122,0.7888169730650443,0.7888169730650443,0.2831436028320603,0.012270102617554738,0.004043455666329209,1.0,0.18827199641776368
1279,0.9,0.0,0.21233584743119974,0.026315137103024907,0.01478467536119636,0.7892517737104263,0.7892517737104263,0.2775283085723441,0.012202377490288298,0.0040617135711625355,1.0,0.18241759866962615
1280,0.91,0.010000000000000009,0.21155167459966667,0.026343246962240944,0.014582279458793698,0.7320447680369497,0.714700795611188,0.2831141024393375,0.012109303025071292,0.004108467233533349,1.0,0.17179130979433926
1281,0.91,0.010000000000000009,0.21035002142026002,0.025890569028905082,0.014024435091825629,0.7328554680039412,0.7155548801173083,0.2801562494970843,0.012007397618279422,0.00393034247032112,1.0,0.1607067582201288
1282,0.91,0.010000000000000009,0.20984266718784855,0.026296998710262337,0.013795361214353302,0.7331982958648927,0.7159160993406346,0.28833446143827096,0.012074292264423572,0.003993954253564144,1.0,0.1638255090155993
1283,0.91,0.010000000000000009,0.20914756828434256,0.026399675808061983,0.013771369127674989,0.7336685070648826,0.7164115789868103,0.29073673541791806,0.012172718573157394,0.004002623118752065,1.0,0.1708481065713794
1284,0.91,0.010000000000000009,0.20838170120982627,0.026321294341041572,0.013732801977723566,0.7341872894000967,0.716958298256595,0.2976064371523723,0.01237042799919088,0.0040632264126652514,1.0,0.17316910360728308
1285,0.91,0.010000000000000009,0.2075512364053982,0.026118420157835994,0.01354884228087384,0.7347506586247095,0.7175520748063523,0.29312169991233444,0.012488960178426458,0.004106224669653512,1.0,0.17284847549719531
1286,0.91,0.010000000000000009,0.20664998450586824,0.025338512712766683,0.013572508086209453,0.7353630273600135,0.7181975774771648,0.29981428589763304,0.012715154182639968,0.004108083629947381,1.0,0.18430240408522358
1287,0.91,0.010000000000000009,0.2057329635101118,0.024853471582288855,0.01339279470157158,0.7359871592147911,0.7188555675567123,0.2999949857192361,0.0129374619181774,0.004079546691457415,1.0,0.17361448060276763
1288,0.91,0.010000000000000009,0.20514832421208012,0.024802504639158462,0.0132393353529126,0.7363856227502602,0.7192756935182002,0.29819106735650247,0.013123717044559195,0.004085582524744224,0.0,0.1783731018136414
1289,0.91,0.010000000000000009,0.20425134610667553,0.024539296881988037,0.013195671683896132,0.7369978016794095,0.7199212239101913,0.29940785838000783,0.013324087783863682,0.00407719244265254,1.0,0.1670903178044567
1290,0.91,0.010000000000000009,0.20350459640436264,0.024540295455549345,0.01300486017457605,0.7375082281190567,0.7204595235780797,0.2974914302844359,0.013484925867414801,0.004057773506349112,1.0,0.16650767087181595
1291,0.91,0.010000000000000009,0.2029489006029051,0.024750033063093098,0.013000021089168772,0.7378885223895355,0.7208606234240326,0.29864841648982254,0.013647865737591667,0.004043092496940267,1.0,0.16614007460202435
1292,0.91,0.010000000000000009,0.20242716759447038,0.024880771454846955,0.012967888477852635,0.7382459311332829,0.7212376157208081,0.29959593286925695,0.013830808601795029,0.003997644261119143,1.0,0.1703830196294172
1293,0.91,0.010000000000000009,0.2017716001097482,0.025009476073590747,0.012999738680001906,0.7386955131902319,0.7217118731186867,0.29874083608208457,0.013972770351261626,0.0039988440443136895,1.0,0.16442364554836258
1294,0.91,0.010000000000000009,0.2010879705843433,0.025086568921441923,0.012852595372951033,0.7391649235432265,0.722207096228189,0.29881190204244423,0.014108602265254204,0.003996066939156949,1.0,0.16442364554836258
1295,0.9,0.0,0.20055702572493778,0.02527948935524505,0.012773444177810036,0.7985878665945882,0.7985878665945882,0.299967921355146,0.014257661314555576,0.003988351035211749,0.0,0.16512492475026685
1296,0.9,0.0,0.20003955360926187,0.025267516403793332,0.012573949180655745,0.7990030912767548,0.7990030912767548,0.29999913387658894,0.014415454509675773,0.003968354355280331,1.0,0.17500944664408535
1297,0.9,0.0,0.19919948096013826,0.024771655990407423,0.012263438025017519,0.7996780940327448,0.7996780940327448,0.29999997661466793,0.014578420100797818,0.003934172486990213,1.0,0.17238391991141777
1298,0.9,0.0,0.19872494191214563,0.02476522066952959,0.012272175719648691,0.8000598929527584,0.8000598929527584,0.2981502474018205,0.01471844099339454,0.003936492165557736,1.0,0.17557114888365738
1299,0.89,-0.010000000000000009,0.19822315126117973,0.024729053665510235,0.01189271053659085,0.7411385412238747,0.724289792037338,0.29995005667984914,0.014880680306730901,0.0039419126743045095,0.0,0.17516818579008997
1300,0.89,-0.010000000000000009,0.19734554957858513,0.02394829786494552,0.011858564627449315,0.7417452449445433,0.7249302055655636,0.29999865153035593,0.015038526766494944,0.0038771527253609905,1.0,0.1755570988435084
1301,0.89,-0.010000000000000009,0.1965009132550887,0.023217921258844153,0.011449774338457471,0.7423300978293486,0.7255476336359735,0.2999999635913196,0.01517571950138422,0.0037923757741931264,1.0,0.17508427669489485
1302,0.89,-0.010000000000000009,0.1960657075391803,0.02320739854752903,0.011099193155951533,0.7426318082072302,0.7258661792077592,0.2999999990169656,0.015324989674774006,0.003777958898311405,1.0,0.17508427669489485
1303,0.9,0.0,0.1953739798738452,0.02251122730759106,0.011126476489588076,0.80276638170323,0.80276638170323,0.29999999997345805,0.015470436800884873,0.0037277022987924464,1.0,0.1841396188203075
1304,0.9,0.0,0.19472988743526326,0.021940285595326982,0.011119715787285857,0.8032886986011514,0.8032886986011514,0.29999999999928334,0.015601787980516073,0.0037213099379532944,1.0,0.18254884940023486
1305,0.9,0.0,0.19417823371841006,0.021362906793861842,0.01116529257619249,0.8037365944009325,0.8037365944009325,0.2999999999999806,0.015725133807082885,0.003677086579928705,1.0,0.1895326426251182
1306,0.9,0.0,0.1935498412414801,0.02070912204198642,0.011081329857394276,0.8042474044461783,0.8042474044461783,0.2999999999999995,0.015855484125918518,0.0036456590369370935,1.0,0.18433045774056633
1307,0.9,0.0,0.19303251234309715,0.020343738386951717,0.010904230621608318,0.8046684202577463,0.8046684202577463,0.3,0.015983502030423025,0.0036010899816340983,1.0,0.18192232154969123
1308,0.9,0.0,0.19272085832855648,0.020263077064959573,0.010843674029465242,0.8049222652882362,0.8049222652882362,0.3,0.016100986958062245,0.003597873666246,1.0,0.18254884940023486
1309,0.89,-0.010000000000000009,0.19252382548806107,0.02021811677736476,0.01078041411131761,0.7450964008564979,0.7284690718996503,0.3,0.016215260411156566,0.0035806764079395316,0.0,0.18738933633205057
1310,0.9,0.0,0.192164560112822,0.020077455120406894,0.010739096474290638,0.8053757735582154,0.8053757735582154,0.3,0.016331564173789215,0.0035682478054889226,1.0,0.18226930168611616
1311,0.9,0.0,0.19188427118864415,0.02003627868058315,0.010748007097680753,0.8056044657859097,0.8056044657859097,0.3,0.016442699155309028,0.0035510234686817682,1.0,0.18095646608063404
1312,0.89,-0.010000000000000009,0.1916521227514075,0.01997618191637597,0.010589355951512947,0.7457054793306211,0.7291125423183328,0.3,0.01654660334080023,0.003508068623357884,0.0,0.1853398308848923
1313,0.89,-0.010000000000000009,0.19119672725549827,0.019643997507577827,0.010568309069541811,0.7460240706564857,0.7294491568159699,0.3,0.016628819882345422,0.003503824453001477,1.0,0.18310495329250703
1314,0.89,-0.010000000000000009,0.19067666169839506,0.019215112952858392,0.010542302880028337,0.7463882378013893,0.7298339538119512,0.3,0.016707581884137856,0.00347812172493574,1.0,0.18095646608063404
1315,0.89,-0.010000000000000009,0.19018547232669636,0.018625920228851022,0.010301147845962508,0.7467325115036416,0.730197758264803,0.3,0.016798996896546316,0.0034595439035715893,1.0,0.18856718459479493
1316,0.89,-0.010000000000000009,0.18999400325530494,0.01855859119271706,0.010296743811097006,0.7468667978588034,0.7303396700643675,0.3,0.016896303189341086,0.0034344271617426274,1.0,0.18705414773884643
1317,0.89,-0.010000000000000009,0.1897394070101233,0.018535866267603666,0.010131466934594381,0.7470454331262446,0.7305284555113593,0.2997836108232709,0.016995871956710897,0.0033922212317686884,1.0,0.1787923940521855
1318,0.89,-0.010000000000000009,0.1891851048165273,0.018182655965346503,0.0099175163223803,0.7474346501986011,0.7309398134116711,0.2995333870906216,0.01707772520033691,0.003382682044069148,1.0,0.17344596367117848
1319,0.89,-0.010000000000000009,0.18902203316336183,0.01813693531011885,0.010001778562490946,0.747549232236714,0.7310609201061976,0.29805550638020073,0.017148140051829245,0.0033879587559417705,1.0,0.18604147672402638
1320,0.89,-0.010000000000000009,0.18868863007797787,0.018117131872436836,0.010081766886983807,0.7477836067570783,0.7313086499812553,0.29880210495819587,0.01722139785175356,0.0033310238968341024,1.0,0.17326188478407356
1321,0.9,0.0,0.1884914888795897,0.018081249196037392,0.010169774457452025,0.8083830277643331,0.8083830277643331,0.2993087283149961,0.01731175937219049,0.0032167776795666236,1.0,0.18202732566848412
1322,0.9,0.0,0.18819943213457435,0.01810158249798822,0.010086091047085816,0.8086231075623652,0.8086231075623652,0.2999813356645049,0.01736695336994848,0.003222615547346808,0.0,0.17248307959771458
1323,0.91,0.010000000000000009,0.18793531964303786,0.01783339578212242,0.010227234309910271,0.7483137078091404,0.7318690040608757,0.29999949606294163,0.01741772003616577,0.0031890181066181796,1.0,0.19310640864262457
1324,0.91,0.010000000000000009,0.18760213614796217,0.017675014234600772,0.010176932599853947,0.7485484072813094,0.7321171184124522,0.2999999863936994,0.017483653784526435,0.0031457579055956175,1.0,0.17954916226341555
1325,0.91,0.010000000000000009,0.1870422782577738,0.01715780966005803,0.010168248211226347,0.7489431113163539,0.7325344112068642,0.29999999963262985,0.017517581591142323,0.003132181465214851,1.0,0.17541883842693218
1326,0.9,0.0,0.18648529779517958,0.016770323711034887,0.010198407943600567,0.8100350593283948,0.8100350593283948,0.299999999990081,0.017534960439428874,0.003115287298624976,0.0,0.1707165028757328
1327,0.9,0.0,0.18604238581918778,0.016334470830822272,0.010183924143295397,0.8104006929170562,0.8104006929170562,0.2999999999997322,0.017530879974057684,0.003059929114844097,1.0,0.18040682948982523
1328,0.9,0.0,0.1853913283486121,0.015619204194220465,0.009971565319504844,0.8109387548010788,0.8109387548010788,0.2999999999999928,0.01745665982826109,0.002999694045067885,1.0,0.1707165028757328
1329,0.89,-0.010000000000000009,0.18502363482843937,0.015583469280659979,0.009914184298236782,0.7503697329082561,0.7340429747907292,0.29999999999999977,0.017282145765943533,0.002949568959349827,0.0,0.16833904774667663
1330,0.89,-0.010000000000000009,0.18457535954592066,0.015411264295190233,0.009875798711386139,0.7506872771180337,0.7343788213577462,0.3,0.017173439667491523,0.002796546664249596,1.0,0.16833904774667663
1331,0.89,-0.010000000000000009,0.18416508599438416,0.015291466989518542,0.009776820980268913,0.7509781377291173,0.7346864665940243,0.29353565137034177,0.01716679314275984,0.0027649003621509067,1.0,0.16833904774667663
1332,0.89,-0.010000000000000009,0.1839692319147094,0.015218186244342723,0.009778930207463966,0.7511170666263167,0.7348334194570573,0.2961433580266053,0.01720263950454369,0.002782908374492745,1.0,0.1799821995522476
1333,0.89,-0.010000000000000009,0.1838825397266543,0.015218910985056693,0.009569763395883031,0.7511785780573149,0.7348984849472169,0.2944143245106692,0.017227042754147978,0.0028001085521229055,1.0,0.17946405040096092
1334,0.89,-0.010000000000000009,0.18358809362499348,0.015006517069238593,0.009473877835796706,0.7513875740955923,0.7351195630002565,0.29984918676178807,0.017287863576838605,0.0028440538493232546,1.0,0.17991432253818068
1335,0.89,-0.010000000000000009,0.18320767150975117,0.0150824523341642,0.009501763990290804,0.7516577676325218,0.7354053911748232,0.29999592804256825,0.017346743833488252,0.002778673928015455,1.0,0.1613737785942706
1336,0.89,-0.010000000000000009,0.1826617400088599,0.014901670657177828,0.009433681953665547,0.7520458533563026,0.7358159625418654,0.28969391454378707,0.01732523106406943,0.002847967669914355,1.0,0.16060265467835988
1337,0.89,-0.010000000000000009,0.1820327427973984,0.014520713586577774,0.009338249741027552,0.7524934850487788,0.7362895727616683,0.28775207962687704,0.017315248423160155,0.002859333006323122,1.0,0.15980732916315282
1338,0.89,-0.010000000000000009,0.18152278049708698,0.014337353102233432,0.009218702629676289,0.7528567957854909,0.7366740021273785,0.2823897060279855,0.017309926607247627,0.0028920093899398682,1.0,0.16146770571179683
1339,0.89,-0.010000000000000009,0.18105677073847065,0.014518931952103313,0.00909130885957304,0.7531891004632121,0.7370256495567566,0.27721644871172724,0.017327762714820755,0.002906123449914996,1.0,0.1523674193088818
1340,0.88,-0.020000000000000018,0.18084673874644802,0.014722877759756897,0.008980866912953061,0.7005628385768597,0.6670318914681207,0.26710589131008866,0.017412756130701236,0.0029996583494624764,0.0,0.15625292632512092
1341,0.87,-0.030000000000000027,0.18078169508524305,0.01468745253875126,0.009129494626901926,0.6547322484311108,0.6035956380858174,0.25222343000903047,0.017710842558913094,0.0028806719514404655,0.0,0.18557101913849733
1342,0.86,-0.040000000000000036,0.18080656166467363,0.014683931652452353,0.008982626331178651,0.6144872082119887,0.5461420037707202,0.23189844453248792,0.018179824245509874,0.0030688050288366522,0.0,0.17995809406961366
1343,0.86,-0.040000000000000036,0.18073727280910215,0.014620621586642292,0.009078897894256735,0.6145201113544061,0.546180778450005,0.23127225718641503,0.01868295869137855,0.0030636137838107804,1.0,0.19069543691489466
1344,0.85,-0.050000000000000044,0.18072635092115294,0.014609307366461563,0.008943632733953088,0.5789475090811547,0.4942103361641864,0.22864073394275047,0.01922626156176596,0.0030528144966856558,0.0,0.19532567557657315
1345,0.86,-0.040000000000000036,0.18042265167580915,0.014215685862120847,0.00898044010498559,0.6146695595719066,0.5463569126049196,0.23108509307241337,0.019618920926039823,0.0030124236427165707,1.0,0.1840694293688549
1346,0.86,-0.040000000000000036,0.180380198249749,0.01414292184448379,0.008922342271604359,0.6146897309444266,0.5463806879791586,0.2361403815342349,0.019744627947007067,0.0030534483690428755,1.0,0.2025816948217185
1347,0.86,-0.040000000000000036,0.18022923576522856,0.013673608231150164,0.008591596285598956,0.6147614701684808,0.5464652489108379,0.23406672398818093,0.01989915569720973,0.0029466763497633737,1.0,0.2159947399332976
1348,0.86,-0.040000000000000036,0.1803370535994605,0.013752561232059193,0.008440108139074969,0.6147102321025343,0.5464048525827986,0.22577745355262857,0.019961048907941252,0.0029226630555173484,1.0,0.1957158740824172
1349,0.86,-0.040000000000000036,0.1802034427196016,0.013425545827476524,0.008498298600840655,0.6147737290150466,0.5464796993832003,0.22738538665253488,0.020247212512890564,0.0028226502059233863,1.0,0.20684919503008747
1350,0.86,-0.040000000000000036,0.17986414767527145,0.01268259931507857,0.008514479758838605,0.6149350337422648,0.5466698595345438,0.21809679482485067,0.021023087794119075,0.002781369392242031,1.0,0.19165324381583365
1351,0.86,-0.040000000000000036,0.17958598764432496,0.012273414443659985,0.008245679724267915,0.615067337344451,0.5468258549126382,0.22964128678414844,0.02161411054265528,0.002897090574243098,1.0,0.18417272858174194
1352,0.86,-0.040000000000000036,0.17977490366244556,0.012390794579551745,0.008165530507233197,0.6149774754233067,0.546719898916333,0.22767464700852916,0.022233393937016285,0.0028579576099518203,1.0,0.19678861483185872
1353,0.86,-0.040000000000000036,0.1797647977097082,0.012375964163925866,0.008031111582999543,0.6149822818698616,0.5467255659313227,0.2225373346763701,0.02300146669287813,0.0029073452652365523,1.0,0.1974370764826227
1354,0.86,-0.040000000000000036,0.17981557038873625,0.012405631637211745,0.007992457067397138,0.6149581348646463,0.546697095826651,0.21278205427563224,0.023998263983742184,0.002969844511134607,1.0,0.1895690045092588
1355,0.86,-0.040000000000000036,0.18006104728874028,0.012506776940618601,0.00793097718201363,0.6148414151179611,0.5465594897315739,0.21133835632772546,0.024998086235379493,0.0029565494812864575,1.0,0.1973445575888637
1356,0.86,-0.040000000000000036,0.1800318372370577,0.012494738491736528,0.007950275780095812,0.6148553016372842,0.5465758602731149,0.20875267613527188,0.026005277944735287,0.0029475883751692838,1.0,0.1837379241527714
1357,0.87,-0.030000000000000027,0.18019746152678365,0.012536151986752349,0.007890717888718096,0.6550473481141154,0.6039571745639618,0.22411969077058672,0.026577334069979898,0.003087033832231102,1.0,0.191525286067666
1358,0.87,-0.030000000000000027,0.18016071953518126,0.012516704386930182,0.007876088894007736,0.6550671746237638,0.6039799257860106,0.272993948385556,0.026541879821279132,0.003556312716923823,1.0,0.18497225109612092
1359,0.87,-0.030000000000000027,0.1799169652207832,0.012430306381062812,0.007796102212876499,0.6551987383735756,0.6041309057285724,0.29921790605496057,0.02657127547705045,0.003690771900054164,1.0,0.1722723242644248
1360,0.87,-0.030000000000000027,0.1792903824388202,0.012106838095325936,0.007775226221515612,0.6555371722858314,0.6045193539221744,0.29997888346348395,0.026638207748702635,0.0036758421322471957,1.0,0.154608085771619
1361,0.87,-0.030000000000000027,0.17885296768990366,0.012229312395680411,0.007706878436132901,0.6557736388507742,0.6047908241528972,0.299999429853514,0.026703658576818418,0.003531261484471651,1.0,0.15379392743873577
1362,0.87,-0.030000000000000027,0.17840122770885405,0.012084320337848007,0.0075911612106277365,0.656018028777232,0.6050714410151181,0.2999999846060449,0.02673414074184849,0.0034510704694014995,1.0,0.15994199331119685
1363,0.86,-0.040000000000000036,0.17805422326486128,0.012313760302244169,0.00757131990921615,0.6157969245143738,0.5476864836911115,0.2999999995843632,0.0267899506421557,0.003418728550008777,0.0,0.1528114758194058
1364,0.86,-0.040000000000000036,0.17760352022858933,0.012450523809156741,0.007297236414335442,0.6160119263469476,0.5479402292960472,0.29648793097793064,0.026827702057532363,0.003442191161486003,1.0,0.15153642292302838
1365,0.86,-0.040000000000000036,0.17752897004070714,0.012528695596970764,0.0073738187227111425,0.616047503984537,0.5479822236819103,0.2990581972033026,0.02687753497976339,0.0034047039802161624,0.0,0.16074238887243397
1366,0.85,-0.050000000000000044,0.17736111766792526,0.012741461437197656,0.007376408410136637,0.5803694578604061,0.4959203957708621,0.2695952781667909,0.02688715695621219,0.0036693576183203587,0.0,0.1530364878026842
1367,0.85,-0.050000000000000044,0.177226134523602,0.012812998324216809,0.007473426123956809,0.5804266394821753,0.4959892350071897,0.2652661873810935,0.02693115838434505,0.0037117951773480732,1.0,0.16377293266316084
1368,0.85,-0.050000000000000044,0.17718372479028122,0.01282353886561667,0.007463671610881317,0.5804446074392313,0.4960108672359349,0.2629649602364542,0.02699037027725713,0.003714632431301121,1.0,0.1718985825711412
1369,0.85,-0.050000000000000044,0.17717038901611631,0.012834760822713467,0.007274307987538241,0.5804502577074365,0.4960176698973346,0.2614967496256688,0.027063828229389356,0.003729168208675861,1.0,0.16571463178426604
1370,0.85,-0.050000000000000044,0.1769706844685206,0.012757924470821724,0.007212095582882398,0.5805348841970414,0.4961195627538152,0.2660179477630165,0.027106202149496546,0.003729080576036298,1.0,0.17200870393903311
1371,0.85,-0.050000000000000044,0.17676482126718518,0.012880532130370806,0.0071316237411026655,0.5806221463014666,0.49622464169402386,0.27183985065760596,0.027124268555984987,0.0037669058793408884,1.0,0.1589397383493596
1372,0.85,-0.050000000000000044,0.1764274598345332,0.012693275624504775,0.0071110215395741375,0.5807652051285251,0.49639693767041126,0.271422260792362,0.027142850284242643,0.0037214143111354986,1.0,0.16682559314357526
1373,0.85,-0.050000000000000044,0.17626384709204462,0.012614273945686096,0.007173507204035553,0.5808346108451024,0.496480540452863,0.2701258152670748,0.027165029314905238,0.0037247466715059885,1.0,0.1742749894143698
1374,0.85,-0.050000000000000044,0.17600405911928166,0.012609132518755607,0.00713514771094789,0.5809448488831468,0.4966133446926697,0.26716626675773997,0.027201206761297246,0.0037026107934597682,1.0,0.16339415089781728
1375,0.85,-0.050000000000000044,0.17598819001864624,0.01261176896013564,0.007207429661923352,0.5809515841095904,0.49662145931784996,0.27370700713116547,0.027210336491335422,0.003751553662588104,1.0,0.1731076097783456
1376,0.85,-0.050000000000000044,0.1759799784052195,0.012614540868589553,0.007133673546072946,0.5809550693763472,0.496625658410088,0.26869110556522535,0.02723558682911081,0.003759730417713875,1.0,0.17131581276525454
1377,0.85,-0.050000000000000044,0.1759182935967829,0.01269249101868607,0.007024706851034073,0.5809812516842462,0.49665720383605055,0.264212713202701,0.027287776301707593,0.0037836809378066307,1.0,0.15687484078198566
1378,0.85,-0.050000000000000044,0.17565517571223618,0.012706385758741152,0.007016938865508567,0.5810929593924741,0.49679180654960575,0.26534487422451764,0.02733120945090431,0.003738396763686433,1.0,0.16196020796309796
1379,0.85,-0.050000000000000044,0.17549265104259615,0.012722779982835027,0.00695207659144021,0.5811619813294758,0.49687498544190367,0.2609758464023233,0.027400674617073732,0.003726106197577352,1.0,0.16616513170561753
1380,0.85,-0.050000000000000044,0.17534907466958638,0.012844173157848507,0.006928307981723454,0.5812229698340757,0.49694848991510676,0.2647951510213804,0.027444815179091735,0.0037348077296662802,1.0,0.15743367249336582
1381,0.85,-0.050000000000000044,0.17539828510093705,0.012797320800883031,0.006979574426838152,0.5812020647397558,0.4969232939971653,0.25870938170428726,0.027530100691049105,0.0037136719455845273,1.0,0.16562780135519128
1382,0.85,-0.050000000000000044,0.1754205379548637,0.012779099688573029,0.006912911755093676,0.5811926119936669,0.4969119012947428,0.2323525344023688,0.02792647685360316,0.003955637332678177,1.0,0.1660507944082682
1383,0.84,-0.06000000000000005,0.175381373366327,0.012799038880810939,0.006898364848765757,0.5492843352579865,0.4496426249102424,0.20297372995720564,0.02892685060343291,0.0041830020065237224,0.0,0.16693164771770808
1384,0.84,-0.06000000000000005,0.1754294846894183,0.012799675037428694,0.007006728081984143,0.5492660814979428,0.44962033735395474,0.2085849478433918,0.029694584637795812,0.004194380598909059,1.0,0.17798023591641599
1385,0.84,-0.06000000000000005,0.17535684078583455,0.012834683742330918,0.007016245477838384,0.5492936435513338,0.4496539904715726,0.21199158719766167,0.030369041580895446,0.004161189218797658,1.0,0.16558408513881795
1386,0.84,-0.06000000000000005,0.17550191632745712,0.013015694987673163,0.007243901534668752,0.5492386027346217,0.4495867875856925,0.20614152201729413,0.03109059732105669,0.004218455535552855,1.0,0.19880995824748038
1387,0.84,-0.06000000000000005,0.17558395997010137,0.013029389723945423,0.007367462061632553,0.549207480736377,0.4495487916591233,0.2119190932218024,0.03164606703129705,0.004258593443045528,1.0,0.18181884486719024
1388,0.85,-0.050000000000000044,0.1757927328158749,0.013237998895242542,0.007429570723396365,0.5810345536379931,0.4967214276252067,0.20966564905056584,0.032226203040873196,0.004269064686962005,1.0,0.19925038639099224
1389,0.85,-0.050000000000000044,0.17598631125685127,0.013250856710320141,0.007553000799722221,0.5809523815114397,0.496622420035582,0.21215933510572788,0.03271509362244985,0.0042748955754427125,1.0,0.18644816190209168
1390,0.85,-0.050000000000000044,0.1762590441315792,0.013333374244757728,0.007623356357022466,0.5808366485465397,0.49648299509340993,0.2113709940584803,0.03320319763498809,0.004271171886976662,1.0,0.1937809583446075
1391,0.85,-0.050000000000000044,0.17642221342263079,0.0133083603843161,0.0076948817066187294,0.5807674304372386,0.4963996180431961,0.21603557670915435,0.033572511746592884,0.004308718010928577,1.0,0.18245700370718454
1392,0.85,-0.050000000000000044,0.17669984323912083,0.013468106354463672,0.007793160731772103,0.5806496948909985,0.49625781773038785,0.2140794878519105,0.03394210130998044,0.004319839142949501,1.0,0.1981460012784232
1393,0.85,-0.050000000000000044,0.1768545359737807,0.013414949346330989,0.00797753530009605,0.5805841144534724,0.49617884306339427,0.21601274812766819,0.03426253827283504,0.00433864918653938,1.0,0.17989291901435256
1394,0.85,-0.050000000000000044,0.17712023949904576,0.01342923084613119,0.008082583783516372,0.5804715066690511,0.49604325314840075,0.20916508820775315,0.03467180893925902,0.0043961405058041605,1.0,0.19099399807486883
1395,0.86,-0.040000000000000036,0.17745708464007193,0.013546073763143755,0.008061683974265845,0.6160818137959266,0.5480227230800124,0.211127852326696,0.03501052473350893,0.004415651128001129,1.0,0.19880943885288505
1396,0.86,-0.040000000000000036,0.1775066315574733,0.013546091811540116,0.008225520072609238,0.6160581653945062,0.5479948082823266,0.21090832006906093,0.03532688127161892,0.004417860113047151,1.0,0.17996413838422154
1397,0.86,-0.040000000000000036,0.177714737122614,0.01362541590045509,0.008326965618761029,0.6159588578692764,0.5478775923863888,0.20947491815921604,0.0356408377138172,0.004413654786754196,1.0,0.19319447642548848
1398,0.86,-0.040000000000000036,0.17793495728551142,0.013766227909363877,0.008367326483956428,0.6158538041446207,0.547753607514027,0.20619895397309734,0.03599911623801592,0.004428565442391469,1.0,0.19759316517340053
1399,0.87,-0.030000000000000027,0.1781235739356758,0.013855950358646592,0.008399391143688314,0.6561683290127315,0.6052440463231343,0.2157888156306559,0.03617127392769684,0.0045249418747859305,1.0,0.19402985080652546
1400,0.87,-0.030000000000000027,0.17818645242720796,0.013858427939041877,0.008517694988750832,0.6561342854383172,0.6052049488673228,0.20834859483937174,0.03642875833222004,0.004600082367011391,1.0,0.18184494799672257
1401,0.87,-0.030000000000000027,0.17824340824118173,0.013857265371045088,0.008528453472634187,0.6561034515596567,0.6051695384553555,0.2238007542755997,0.03646288470575753,0.00475616442772434,1.0,0.1807798580922706
1402,0.87,-0.030000000000000027,0.178300161180818,0.013855832428231987,0.008437190293930462,0.6560727303924099,0.6051342582952208,0.22668209781050846,0.03645170275016017,0.004785268898213395,1.0,0.18075957065852677
1403,0.87,-0.030000000000000027,0.1782530535723728,0.013843901908847359,0.008434563458199826,0.6560982302028145,0.6051635421968612,0.21718924998817557,0.036529083284688256,0.004881156249693269,1.0,0.179428857975787
1404,0.87,-0.030000000000000027,0.17837658860392178,0.013936492101888265,0.0085203180173358,0.6560313636951431,0.6050867540973407,0.21650832346307713,0.036595733137314124,0.004888034295394291,1.0,0.19490235255513189
1405,0.87,-0.030000000000000027,0.17814682403095894,0.013940074041038076,0.008754095616747374,0.6561557405709344,0.6052295889695896,0.2186140875823569,0.036618886564117555,0.004909304640033289,1.0,0.1665561853288342
1406,0.87,-0.030000000000000027,0.17811947491748525,0.013930595102018724,0.008881683746782625,0.6561705484193955,0.6052465952425952,0.2174307141633561,0.03663722161105429,0.004921257906891878,1.0,0.18159554639319908
1407,0.87,-0.030000000000000027,0.17823687720477305,0.014011386515652905,0.008997244110769789,0.6561069870864422,0.6051735987030079,0.21628335103287688,0.03664991500059743,0.004932847433462375,1.0,0.1936625502784719
1408,0.87,-0.030000000000000027,0.17814533959169895,0.014012818101021443,0.009153072143636781,0.6561565442855595,0.6052305120016471,0.21506418485364182,0.03665737476170636,0.004945162243353639,1.0,0.1733950880928239
1409,0.88,-0.020000000000000018,0.17806512249562115,0.01398259852283542,0.009161683295005585,0.7022838431733949,0.668938290494752,0.22839287460982943,0.036517925908016724,0.0050797954732141205,1.0,0.17936762672426976
1410,0.88,-0.020000000000000018,0.1779528429674974,0.013993464099022086,0.009232526145965661,0.702353488830732,0.6690154708429957,0.23338865757378185,0.0363293017237767,0.005130257927395458,1.0,0.17104134887374
1411,0.88,-0.020000000000000018,0.1779550761616551,0.013993961074915665,0.009290658184535417,0.7023521034722875,0.6690139355836623,0.23803530505521536,0.036102076645340354,0.00517719376054125,1.0,0.181179785496404
1412,0.89,-0.010000000000000009,0.17786832711606262,0.01397478872871119,0.009313688301488638,0.7554706263134313,0.7394406608314498,0.23469955651496446,0.03587984012755413,0.005210888190240755,1.0,0.17666492632564962
1413,0.89,-0.010000000000000009,0.17783673434828196,0.013966483207208901,0.009325125301255437,0.755493302024704,0.7394646692150856,0.2320500499247382,0.03565966566621042,0.005237650883071322,1.0,0.1799456765144356
1414,0.89,-0.010000000000000009,0.17783617851044323,0.013966360142641894,0.009257897899923815,0.7554937009895367,0.7394650916285022,0.23231668655871054,0.03542349378214607,0.005240344182404376,1.0,0.18090088229676604
1415,0.88,-0.020000000000000018,0.17772338426130518,0.013924724622326953,0.009279110887396847,0.7024958623095645,0.6691732549348699,0.23122912404337762,0.0351791960271777,0.005251329662357233,0.0,0.17728775968098753
1416,0.88,-0.020000000000000018,0.17755270588388877,0.01391390730205085,0.00926941084696367,0.7026018014822194,0.6692906678276769,0.2206540287675754,0.03499844471432138,0.005355963057297367,1.0,0.1699863099972112
1417,0.88,-0.020000000000000018,0.17745309170745338,0.013940308849116826,0.00922707653592895,0.7026636462459341,0.6693592133518831,0.21976898194863387,0.03480956374743301,0.00536237541170436,1.0,0.16883097640864142
1418,0.88,-0.020000000000000018,0.1774451791230778,0.013942805405523853,0.009138472654839348,0.7026685591852803,0.6693646586832921,0.22546787796464304,0.034558991232146084,0.005405011929942625,1.0,0.17265470523361853
1419,0.87,-0.030000000000000027,0.17737959400044598,0.01391761773919596,0.009078358182993622,0.6565714018123001,0.6057070322085003,0.21414719631070983,0.03440996393074555,0.005511820849901595,0.0,0.17948296446084466
1420,0.86,-0.040000000000000036,0.17760630084462592,0.014032863611451396,0.00915597599972907,0.6160105994311325,0.5479386630896605,0.1938002581940758,0.034493197264721866,0.005712228069697895,0.0,0.1959325692020646
1421,0.86,-0.040000000000000036,0.1777672320667437,0.014174209323994436,0.009081669258389984,0.615933812452069,0.5478480324185455,0.1964552283438052,0.03449650248065247,0.00573225193636679,1.0,0.19812044788026467
1422,0.87,-0.030000000000000027,0.17772711908095548,0.014194767780328518,0.009172834286839104,0.6563830583629534,0.6054906758742437,0.20795477801161907,0.03431060586433232,0.005848225565350398,1.0,0.16847178101889176
1423,0.87,-0.030000000000000027,0.17762810503047707,0.014121489838841813,0.009184712834280382,0.6564367086551093,0.6055523026338966,0.23345386796040032,0.033910654419999894,0.006105787177653666,1.0,0.18320500359478742
1424,0.87,-0.030000000000000027,0.17766812306957722,0.014132543014522337,0.00914648696298908,0.6564150240150396,0.6055273937283581,0.23117003840897576,0.03350149998618436,0.0061288560292950215,1.0,0.18355096617343158
1425,0.87,-0.030000000000000027,0.17762293017930247,0.014146882085506858,0.009226780712714083,0.656439512864762,0.6055555238278905,0.23269463984371286,0.033067159710482734,0.006144256040176698,1.0,0.17089954939945667
1426,0.88,-0.020000000000000018,0.177758694445952,0.014145096052658998,0.009264185293796239,0.7024739494515584,0.6691489695318318,0.24605885571272434,0.03259450650728652,0.006279248119564175,1.0,0.18429292954068255
1427,0.88,-0.020000000000000018,0.17769897270737123,0.014146396778019751,0.0092658817311179,0.7025110124749783,0.6691900455810831,0.23937674650240054,0.03210729623678324,0.006346744172191076,1.0,0.17443465563174565
1428,0.88,-0.020000000000000018,0.17770047891714263,0.014145661252508109,0.009277902707378657,0.702510077680372,0.6691890095622012,0.24348717454012864,0.03159917048318606,0.006388263647319573,1.0,0.17086712385287472
1429,0.89,-0.010000000000000009,0.17773171609631738,0.014128392804562667,0.009283919291330949,0.7555686886665005,0.7395444872456886,0.25220789334935123,0.03108803065615926,0.006476351716099596,1.0,0.17146276566415164
1430,0.88,-0.020000000000000018,0.1777758338661202,0.014105864293387903,0.009296929988935063,0.7024633135321279,0.6691371821313167,0.247853411131014,0.03054920386417353,0.006455039934167061,0.0,0.1727508247269588
1431,0.88,-0.020000000000000018,0.17786510280093867,0.014074072228858632,0.009224929632328927,0.7024079226292954,0.6690757953626714,0.24703412093106997,0.030109228416271505,0.006436975121476964,1.0,0.17726594122852246
1432,0.88,-0.020000000000000018,0.1779655033144195,0.014124537881027632,0.009348547415364523,0.7023456350769819,0.6690067672972476,0.2464744607096328,0.029606835113889066,0.0064251632700173785,1.0,0.1900222509003331
1433,0.88,-0.020000000000000018,0.17787152345154958,0.014145504342407517,0.009545576856264979,0.7024039389862232,0.6690713805655731,0.24784458300835793,0.029123094732712428,0.00638410529070027,1.0,0.17006606411396813
1434,0.88,-0.020000000000000018,0.1778627137807882,0.014144503658520281,0.009448877335094894,0.7024094048899271,0.6690774380520739,0.25075259758480206,0.028524328889804558,0.0064119969401514225,1.0,0.1790333554620397
1435,0.88,-0.020000000000000018,0.17801293063894089,0.014048028225083505,0.009467733568797787,0.7023162154439545,0.6689741646833445,0.25226686555567723,0.027907463962083247,0.006323231833808937,1.0,0.17639546440954257
1436,0.88,-0.020000000000000018,0.1781898632677593,0.013938630333836332,0.009478896474206402,0.702206484149308,0.6688525652331243,0.2518646517237018,0.02747656741267439,0.006307680105678284,1.0,0.17829591756020274
1437,0.88,-0.020000000000000018,0.17837182114968,0.013815696871741128,0.009465082571745118,0.7020936720168192,0.6687275582054815,0.2522623707904861,0.027071399741129338,0.006257532080101444,1.0,0.1780031173552259
1438,0.88,-0.020000000000000018,0.17844688827892455,0.013743851917514432,0.009464359463826497,0.7020471416813413,0.668675999892032,0.24758247565156183,0.02672892390740953,0.006252548623764737,1.0,0.1689744186362544
1439,0.87,-0.030000000000000027,0.17855865914169147,0.013575728189920396,0.009479959524780495,0.6559328381847811,0.604973616450307,0.24167650711811778,0.026444465142116243,0.006210078029136508,0.0,0.16354450558556954
1440,0.88,-0.020000000000000018,0.1788055574143391,0.013391072362887876,0.009359557051961667,0.7018249058411706,0.6684297650753082,0.24709120198264733,0.02629867387996838,0.006114444024727128,1.0,0.18094275358988188
1441,0.89,-0.010000000000000009,0.17858771077108407,0.013456277777027112,0.00947615779648695,0.7549546567790661,0.7388943991227643,0.24434048312827278,0.02626708402738603,0.005936926180058765,1.0,0.16378635481299508
1442,0.9,0.0,0.178541695580405,0.01345938026413152,0.009484570698945857,0.8166431910535952,0.8166431910535952,0.26412960248805434,0.02639124875893512,0.0061304911498942065,1.0,0.17535657500170787
1443,0.9,0.0,0.17840821547888974,0.013404261585511123,0.009457910225208309,0.8167551518033335,0.8167551518033335,0.28823176632090675,0.026849886534611983,0.006347366307360749,1.0,0.177347426763369
1444,0.91,0.010000000000000009,0.1781748135259936,0.013310532028926693,0.009398371844084012,0.7552507163062373,0.7392078326209609,0.2876475677625413,0.027269593127696563,0.006328576806640574,1.0,0.17198548028695604
1445,0.91,0.010000000000000009,0.1779088222574529,0.013455066493366967,0.009357997221046702,0.7554415629133916,0.7394098895209344,0.2843695756887348,0.027624259155563363,0.0063106243178727445,1.0,0.15747030251478622
1446,0.9,0.0,0.1776725137052895,0.013225215469129782,0.00943948703901651,0.8173727967707362,0.8173727967707362,0.27309784185193503,0.027820355676169313,0.006403534179395431,0.0,0.1789508396053765
1447,0.89,-0.010000000000000009,0.17716070018625085,0.012712671317524377,0.009377452551390868,0.7559788520146687,0.739978783687468,0.26492969826644175,0.027922777688462234,0.006402310675859479,0.0,0.1648133880294348
1448,0.88,-0.020000000000000018,0.17704623807810502,0.01259608428167219,0.009461522796751769,0.7029163515558307,0.6696393192956597,0.26023506093416315,0.027952759859926193,0.006433489506489502,0.0,0.18426966326783423
1449,0.88,-0.020000000000000018,0.17678946138794213,0.012242688533859089,0.009339322655739463,0.7030759345162269,0.6698162226805239,0.2616728409009727,0.02799700643530478,0.006354188376581678,1.0,0.1811715260137986
1450,0.88,-0.020000000000000018,0.17665414087307815,0.012152099641120052,0.009294573347156327,0.7031600633972968,0.6699094878256118,0.26248232857852266,0.02798078547099797,0.0062457539898973565,1.0,0.1781211923294374
1451,0.88,-0.020000000000000018,0.17657748260692782,0.012128585011433435,0.009183446115970632,0.7032077308415396,0.6699623335001398,0.26169539905044614,0.02802627038314647,0.006233837724770662,1.0,0.17650690196670432
1452,0.88,-0.020000000000000018,0.17642827546564419,0.011969766003844268,0.009231047500677957,0.7033005289731197,0.6700652158814936,0.2612279380249854,0.02805533101448176,0.006186667509551487,1.0,0.18186790070349323
1453,0.88,-0.020000000000000018,0.1761688877397072,0.011791410653105997,0.009256315428366862,0.7034619113082694,0.6702441460055436,0.26145843974609917,0.028049959534259122,0.006090457623898718,1.0,0.1714983038889275
1454,0.88,-0.020000000000000018,0.17606808189696888,0.011719290295823238,0.009258482734093078,0.7035246493057683,0.6703137094013167,0.2600603502875679,0.02794196649996652,0.006089996932086845,1.0,0.17948842023542777
1455,0.88,-0.020000000000000018,0.17602797318130828,0.011653080408558324,0.00926089316188378,0.7035496146664704,0.6703413913610077,0.2595676681124512,0.027806304909007894,0.006068855537972332,1.0,0.19333368602279954
1456,0.88,-0.020000000000000018,0.17596212026642022,0.011627904435091574,0.009345677923943764,0.7035906081483924,0.6703868462354209,0.2593369662126233,0.02762849829265964,0.0059159634901391304,1.0,0.17715263266396652
1457,0.88,-0.020000000000000018,0.1759486182498389,0.011610596084910371,0.009411025568125873,0.7035990137525587,0.6703961667433861,0.2521544836705774,0.027567104809215023,0.005494834448998488,1.0,0.19017508440954042
1458,0.87,-0.030000000000000027,0.1760346770114074,0.011708640899607515,0.009317117649052438,0.6573013078905273,0.6065457871126084,0.24905519003275262,0.02742062481397851,0.005261251984033037,0.0,0.19357812725296641
1459,0.87,-0.030000000000000027,0.17604021295433184,0.011706991474993308,0.009348309267267462,0.6572983001272591,0.6065423298712795,0.2486557080388372,0.026859710311519448,0.005257600515198613,1.0,0.17282591855687307
1460,0.87,-0.030000000000000027,0.17615495375877605,0.011551569163365772,0.009408204156236718,0.65723596587379,0.6064706821795812,0.24333644107641275,0.026254729342738193,0.0053111229452228,1.0,0.16608216621603372
1461,0.87,-0.030000000000000027,0.17628313251663955,0.011372461588516632,0.009351452349535654,0.6571663452779095,0.606390663429714,0.24322753957607807,0.025622459644797486,0.005312217356816777,1.0,0.16661180322508945
1462,0.86,-0.040000000000000036,0.17659114193241895,0.011342774939285233,0.00952317572501297,0.6164954156162774,0.5485110559365557,0.25923331662845284,0.025020677798093874,0.005473891721201185,0.0,0.1907429348891348
1463,0.87,-0.030000000000000027,0.1768871498920367,0.011102029225948638,0.009594444515028886,0.6568384702285577,0.6060138747106983,0.25771486137629246,0.024386756979189128,0.005453754212572173,1.0,0.18241227178118152
1464,0.87,-0.030000000000000027,0.1771923837391827,0.010816785822754029,0.009505015203858646,0.6566729064187362,0.6058236465253126,0.2647181647305656,0.023871275056354557,0.005498532365389357,1.0,0.1820598076376298
1465,0.88,-0.020000000000000018,0.17734244889122153,0.010690890936198278,0.00949092431993501,0.7027323508269383,0.6694353642546748,0.2661610064845964,0.023292614830303676,0.005215501281727933,1.0,0.17574890407631977
1466,0.89,-0.010000000000000009,0.1776128716628157,0.010411008469226803,0.009426211350493596,0.755654018487583,0.7396348345077173,0.2676964322149292,0.023270029979045623,0.005187282442784856,1.0,0.18007876496209635
1467,0.89,-0.010000000000000009,0.17757221256678193,0.01047273599452533,0.009549909249426225,0.7556832159785903,0.7396657492104334,0.2667750056124833,0.023286277940076542,0.005173345063570783,1.0,0.1597070230597859
1468,0.89,-0.010000000000000009,0.17748345263888407,0.01055771449438442,0.009520935673008954,0.7557469627464267,0.7397332458384951,0.2614216976675632,0.02327219694910235,0.0052125884709862845,1.0,0.16302258978135137
1469,0.89,-0.010000000000000009,0.17763416550583586,0.010496029360661574,0.009636786749204164,0.7556387281774414,0.7396186449961756,0.2616394194388109,0.02327346115110644,0.005169119012742852,1.0,0.18078591847944425
1470,0.89,-0.010000000000000009,0.17772998666136666,0.010487971375594906,0.009512907309032412,0.7555699302556006,0.7395458018289607,0.2625321342919798,0.023238468356989613,0.005119329234546686,1.0,0.1815908194921141
1471,0.89,-0.010000000000000009,0.17810211664158668,0.010474841555155896,0.009580342279588256,0.7553028661628869,0.7392630449217572,0.25934628711207974,0.02310505712152156,0.005147291429644221,1.0,0.1961527363713585
1472,0.89,-0.010000000000000009,0.17821621513212604,0.010413350329029753,0.009686078622043291,0.7552210196572223,0.7391763923465787,0.2583739882343079,0.02296811779396961,0.005144017221083459,1.0,0.17823544219751553
1473,0.89,-0.010000000000000009,0.17813597943582976,0.010474142350742118,0.009697221893722331,0.7552785734436602,0.7392373255612664,0.26687228945757346,0.0229286205430151,0.005199964218193871,1.0,0.166251419784738
1474,0.89,-0.010000000000000009,0.17813488806195457,0.01047568392016881,0.00962906984719616,0.7552793563564256,0.7392381544501302,0.2800826915673933,0.023113415118274794,0.00526733453876351,1.0,0.16328501351030072
1475,0.89,-0.010000000000000009,0.17796847903460286,0.01068431687325484,0.009679842669964215,0.755398751263293,0.739364562396966,0.28315236021162604,0.023266680577253993,0.005247675620362425,1.0,0.1564667070431719
1476,0.89,-0.010000000000000009,0.177819987977382,0.010877189883276156,0.009533974266092813,0.7555053222856034,0.7394773959655154,0.25937910292547767,0.023173504005265216,0.005442573245853576,1.0,0.1564667070431719
1477,0.89,-0.010000000000000009,0.1779175341102381,0.01073168360930854,0.00958526093117681,0.7554353107009567,0.7394032699225729,0.26959482702598025,0.023234095077477614,0.005534326408264545,1.0,0.16662945406759988
1478,0.89,-0.010000000000000009,0.17801599899304474,0.010629506036208722,0.00959508232949638,0.7553646528622135,0.7393284607846493,0.27410802141015145,0.023342746127114067,0.005535782636163302,1.0,0.17180669624375666
1479,0.88,-0.020000000000000018,0.1780302867364923,0.01061451666787514,0.00954943920809365,0.7023054499029714,0.6689622345041353,0.23987115466721498,0.023255486970029465,0.00584303073842471,0.0,0.1675939060503751
1480,0.88,-0.020000000000000018,0.17837133698789265,0.010494484993815336,0.009708536811338127,0.7020939721443633,0.6687278907678507,0.23538551336500307,0.023134366010985525,0.005826867829183486,1.0,0.19153869763340375
1481,0.88,-0.020000000000000018,0.1783737832665279,0.010491542272284906,0.009963519390748356,0.7020924557208321,0.6687262104646953,0.2287674278593878,0.02308905539468166,0.005627486396897596,1.0,0.16587242921871398
1482,0.87,-0.030000000000000027,0.17874774663399834,0.010709844903192703,0.010334164326376205,0.6558305468469006,0.604856163282653,0.22788903980195677,0.02310827877938429,0.005339603403082118,0.0,0.2034471311553107
1483,0.88,-0.020000000000000018,0.17896332870622456,0.01068677626916108,0.01037364602351029,0.7017271933453817,0.6683215087854335,0.24006444346380068,0.022805942148537334,0.005405908309906945,1.0,0.18848985494032833
1484,0.88,-0.020000000000000018,0.17886528239039898,0.01074018897431813,0.010453626829862513,0.7017879131704816,0.6683887800833446,0.2398559758749607,0.022580594327877672,0.0053736035445995705,1.0,0.1681756043338603
1485,0.88,-0.020000000000000018,0.17898092646855818,0.010658511026712945,0.01020864718857174,0.7017162962096861,0.6683094360851844,0.2370212408976417,0.022398639799361547,0.005343145663760698,1.0,0.1771484929547364
1486,0.88,-0.020000000000000018,0.17870199261993153,0.010499737430447924,0.010099968463214462,0.7018890614217477,0.6685008461241733,0.254227629968446,0.022160440839986213,0.005458588268470758,1.0,0.17091657338481664
1487,0.88,-0.020000000000000018,0.1786677380116985,0.010495099687157988,0.009999415626196965,0.7019102838036894,0.6685243598874272,0.2620489565846289,0.022053227703095528,0.005514829505288398,1.0,0.17839338404388605
1488,0.88,-0.020000000000000018,0.17836542601694283,0.010331999619663558,0.009964789087202617,0.7020976363228636,0.6687319509383706,0.25429881404744836,0.021845742371380764,0.005567925025308787,1.0,0.16901918691542595
1489,0.88,-0.020000000000000018,0.17822722750339856,0.010315374741460902,0.009927176230533156,0.7021833157256702,0.6688268917871979,0.2789478974140843,0.02193150383365599,0.005808942624494527,1.0,0.17262831054766536
1490,0.88,-0.020000000000000018,0.17781481597441345,0.01050790768308438,0.010015707043302348,0.7024391242652432,0.6691103742687461,0.27889081809179855,0.02198428287275407,0.005762402186834041,1.0,0.1525398054460925
1491,0.87,-0.030000000000000027,0.17756742343799906,0.010685426632617833,0.009909534791266184,0.6564695930220374,0.6055900773114957,0.27308361158063377,0.021997831014010722,0.005801302365156474,0.0,0.15771775006575095
1492,0.86,-0.040000000000000036,0.177127573728861,0.010734462644312576,0.009761086684569847,0.616239133276915,0.5482084423296747,0.26939964995397936,0.02192579963299935,0.005818986217185735,0.0,0.1541610303646176
1493,0.85,-0.050000000000000044,0.17713954680896957,0.010738207474876143,0.00992096666032823,0.5804633257423372,0.4960334034139709,0.2428202698940663,0.021734312307419616,0.006018296521630157,0.0,0.1810902270252136
1494,0.84,-0.06000000000000005,0.17687996548774607,0.010713881183544752,0.010004188077446203,0.5487163283931612,0.44894943843096397,0.22145184759161576,0.02156463843989844,0.0062143132709585195,0.0,0.1650358659525179
1495,0.83,-0.07000000000000006,0.17661877747197408,0.010492164577602261,0.00989115242951191,0.5202624452226541,0.4063354291928992,0.20916059315737445,0.021596646618317675,0.006336249858601005,0.0,0.17269063727568645
1496,0.82,-0.08000000000000007,0.17684395755112653,0.010798705271011877,0.010058436984890791,0.49446446871392363,0.36758232789827977,0.20303822394503018,0.021735531216346752,0.006383613164686859,0.0,0.20248214629946268
1497,0.81,-0.08999999999999997,0.17664878923992317,0.010677115973813487,0.010304960340915026,0.4712214299390308,0.3326690384120709,0.19976093154255048,0.02191579353562573,0.006383626581013737,0.0,0.17367764530515162
1498,0.81,-0.08999999999999997,0.17685676332091546,0.011269190246410838,0.010720613003547378,0.47116336275020587,0.33259786281376735,0.1965598292202496,0.02210691593750714,0.006319093658435377,1.0,0.2183905732726294
1499,0.81,-0.08999999999999997,0.1767172329810586,0.011141351722371944,0.010984540818112887,0.4712023185948672,0.33264561134092047,0.1981605722329227,0.022407190024821128,0.0062601090344090015,1.0,0.1800768168208409
