t,cov_w,gap_w,width_mean_w,width_std_w,width_step_mean_w,ces_w,rcs_w,control_state,control_std_w,control_step_mean_w,covered_t,width_t
1,nan,nan,nan,nan,nan,nan,nan,0.10810267014927255,nan,nan,1.0,0.2057780202826509
2,nan,nan,nan,0.01235699075854102,0.02471398151708204,nan,nan,0.1176531015167882,0.0047752156837578275,0.009550431367515655,1.0,0.18106403876556887
3,nan,nan,nan,0.010089730689744858,0.01861662250774232,nan,nan,0.1324520639550697,0.010017279555653853,0.012174696902898574,1.0,0.19358330226397147
4,nan,nan,nan,0.04590475771081402,0.04706642062855656,nan,nan,0.12038012700006126,0.008685538569297904,0.012140443586935196,1.0,0.2975493191341565
5,nan,nan,nan,0.04414439573935421,0.06494818031313893,nan,nan,0.12540370239170567,0.008102667523327384,0.0103612265381125,1.0,0.17895585976727046
6,nan,nan,nan,0.04137527356422947,0.06347811926642181,nan,nan,0.11932627488007821,0.007417006369350778,0.009504466732815492,1.0,0.23655373484682385
7,nan,nan,nan,0.047102181224297365,0.06245762187307994,nan,nan,0.12817743600653986,0.007366909425035867,0.00939558246508985,1.0,0.2939088697531944
8,nan,nan,nan,0.05545171258040361,0.058487557414657686,nan,nan,0.1155862031141552,0.007176264312343012,0.009852103954703395,1.0,0.3285760404173186
9,nan,nan,nan,0.05461125397991245,0.05603334141085692,nan,nan,0.10137611613643148,0.009130565550697098,0.010396851832580935,1.0,0.28972221103306706
10,nan,nan,nan,0.0518129974863671,0.054523301586570705,nan,nan,0.10419968005902638,0.00969533907795957,0.009555375398138043,1.0,0.24727922804078606
11,nan,nan,nan,0.054174499346204844,0.056606803222782796,nan,nan,0.11032378996974548,0.009457107319019921,0.009212248849396148,1.0,0.3226375459894777
12,nan,nan,nan,0.05644337328794849,0.05239106749065609,nan,nan,0.11172159847215632,0.009155746140840273,0.008501845181488393,1.0,0.3328712561588667
13,nan,nan,nan,0.05619580646774299,0.0495690224801714,nan,nan,0.12505276288373923,0.009105633606658767,0.008904288450662936,1.0,0.31434472879402686
14,nan,nan,nan,0.05749875373937789,0.047603080484968766,nan,nan,0.1288254740801349,0.009296033422275422,0.008509551738796223,1.0,0.33835650533656403
15,nan,nan,nan,0.05820641869413649,0.04420286045032814,nan,nan,0.13324562418648261,0.009776730008879912,0.008217451622192758,1.0,0.33835650533656403
16,nan,nan,nan,0.05660519411236235,0.04704793889472942,nan,nan,0.1404582138845918,0.010822421991703711,0.008150460827253852,1.0,0.25147746822021677
17,nan,nan,nan,0.05513248770512074,0.04412782208908285,nan,nan,0.12479323663172676,0.01055615647891636,0.008620118103854551,1.0,0.25115139821583243
18,nan,nan,nan,0.05561711081745423,0.04651380957622271,nan,nan,0.12176420317118625,0.010263384850192486,0.008291230771894902,1.0,0.335841007586293
19,nan,nan,nan,0.054816284550606685,0.045201272198750905,nan,nan,0.14461273650184683,0.011349218448552006,0.00909996980293744,1.0,0.3129528708045628
20,nan,nan,nan,0.05347755000443342,0.04530195643328345,nan,nan,0.1373507445348409,0.01157191593679296,0.009003234127362097,1.0,0.2658385981496936
21,nan,nan,nan,0.05233095023868723,0.043441964519251156,nan,nan,0.13332635987250518,0.011524268692864782,0.008754291654110779,1.0,0.25773647999705607
22,nan,nan,nan,0.05118724587705082,0.04163041915649333,nan,nan,0.1350745956607111,0.011534361668756786,0.008420669946210546,1.0,0.2631359918983929
23,nan,nan,nan,0.052904684483460876,0.04303760166659713,nan,nan,0.13166888998541393,0.011400199304007895,0.008192717024805393,1.0,0.19054755751961583
24,nan,nan,nan,0.05192449036447373,0.043845027726744125,nan,nan,0.12740890832685253,0.01118153738968782,0.00802172853062087,1.0,0.25215595856959383
25,nan,nan,nan,0.05103346802954916,0.042127389702721084,nan,nan,0.13721396398600957,0.011253196651840765,0.008096033827643212,1.0,0.24953424341940278
26,nan,nan,nan,0.05047326166493981,0.04102458715027031,nan,nan,0.1364890893155106,0.011268265963530274,0.007801187461357442,1.0,0.23497691752795102
27,nan,nan,nan,0.050997084401897805,0.04065468944743414,nan,nan,0.1213848163792679,0.01107958188667446,0.008082075364237645,1.0,0.20356967065142118
28,nan,nan,nan,0.053209119333085024,0.040444323924959766,nan,nan,0.10961768031148744,0.011245353034418374,0.008218559093998488,1.0,0.16859485031079502
29,nan,nan,nan,0.05406744674989139,0.03964123317196968,nan,nan,0.07615544343504385,0.014126768306209488,0.0091201190148001,1.0,0.1865526331520324
30,nan,nan,nan,0.05574778168840246,0.03898683255780509,nan,nan,0.06304616896473057,0.017541118812192134,0.009257676099472967,1.0,0.16588901779083587
31,nan,nan,nan,0.057457243053220246,0.037906614473350635,nan,nan,0.07569025841674693,0.019003152053426974,0.009370556544557746,1.0,0.1593087277666645
32,nan,nan,nan,0.05861491761707478,0.03685472111074298,nan,nan,0.07661742588764286,0.02012342320025873,0.009098189155084787,1.0,0.16460664799917768
33,nan,nan,nan,0.05876792806749053,0.03637046246314245,nan,nan,0.06679681413644835,0.02166978992902337,0.009120764861213215,1.0,0.18596509238670378
34,nan,nan,nan,0.05990284670035879,0.03613115298398278,nan,nan,0.0816338129783933,0.02214223278034864,0.00929398407275054,1.0,0.1574918427358305
35,nan,nan,nan,0.05981153374679749,0.03597589370162702,nan,nan,0.08030516923292018,0.022592402018593017,0.00905970935724238,1.0,0.18834418011971765
36,nan,nan,nan,0.05933972322446247,0.03540028524089487,nan,nan,0.07466669544323619,0.023212649739482758,0.008961959769597854,1.0,0.20417377769571932
37,nan,nan,nan,0.05990397342904528,0.03552064950006783,nan,nan,0.07493862680015614,0.023725762152327735,0.008720570091467912,1.0,0.16444037912459786
38,nan,nan,nan,0.060111468546238084,0.03478303685651671,nan,nan,0.10907711247639633,0.023416969914655566,0.009407540782948243,1.0,0.1726693608132741
39,nan,nan,nan,0.06085431694907665,0.034368264529717495,nan,nan,0.11087281996306131,0.023115692242564476,0.009207229380414473,1.0,0.15364767237512744
40,nan,nan,nan,0.06034402116788637,0.03471189792967573,nan,nan,0.11209191515943542,0.022824917753500765,0.00900240542697754,1.0,0.20141763950321612
41,nan,nan,nan,0.06007932169644078,0.03420148668934471,nan,nan,0.11817826032514331,0.02256419450910539,0.008929503920445801,1.0,0.18712219118678108
42,nan,nan,nan,0.05967144144092382,0.033556881567439335,nan,nan,0.14059711092383353,0.02270839491120125,0.009258512376012738,1.0,0.19489486787800536
43,nan,nan,nan,0.06010984859713748,0.033667043037189856,nan,nan,0.10392080367030848,0.02248395762720001,0.009911317015953509,1.0,0.15671120458104415
44,nan,nan,nan,0.060259945572231584,0.03307541377969758,nan,nan,0.0928802997215718,0.022423073032365636,0.009937577177181025,1.0,0.1649381895460662
45,nan,nan,nan,0.06043086229215749,0.03238397681153306,nan,nan,0.10004651986286303,0.022245775011986296,0.009874591790001712,1.0,0.16228600236560764
46,nan,nan,nan,0.06086785310542023,0.03193393757036767,nan,nan,0.1101756844965858,0.022004272680780295,0.009880248964306624,1.0,0.15015379140651697
47,nan,nan,nan,0.06121784981434129,0.031256763452921985,nan,nan,0.11168143503759423,0.021768966293802854,0.009698194650756662,1.0,0.15093771957438307
48,nan,nan,nan,0.06159544429937996,0.030662566327758066,nan,nan,0.11420033305297408,0.021543378196303434,0.009545443658514603,1.0,0.14760822100416537
49,nan,nan,nan,0.0623203416611976,0.030336004250785555,nan,nan,0.11697037325224309,0.021333938333120032,0.00940428941978032,0.0,0.13262063437108784
50,nan,nan,nan,0.062411921012950004,0.03016949777091777,nan,nan,0.12025231049232062,0.021150240649987058,0.009279343456929242,1.0,0.15479782110835205
51,nan,nan,nan,0.06215115737217715,0.029931890404022696,nan,nan,0.1349048789161482,0.021175583669627802,0.009386807956267208,1.0,0.17308695053451606
52,nan,nan,nan,0.06156924091013863,0.030479601312778225,nan,nan,0.14492769929239852,0.021432405552811888,0.009399278788031581,1.0,0.2309520972850707
53,nan,nan,nan,0.06128646644809161,0.0309584674346138,nan,nan,0.15478929023784033,0.02196559104579556,0.009408169406443317,1.0,0.17557145763684257
54,nan,nan,nan,0.06151220837465939,0.03092949441520674,nan,nan,0.1567269348911,0.022506575039518993,0.009267216109213437,1.0,0.14614856023080303
55,nan,nan,nan,0.061160841448257265,0.030983868954837963,nan,nan,0.14716450964702096,0.022713601967566086,0.009272682945044283,1.0,0.18001427978609597
56,nan,nan,nan,0.06082683689485704,0.030444061328779456,nan,nan,0.14702321572400148,0.022893822897657276,0.009106657690098377,1.0,0.1787198302644759
57,nan,nan,nan,0.0611347990344462,0.03060132294687647,nan,nan,0.12838742928270824,0.022749758047273493,0.009276820703512571,1.0,0.13946911832226383
58,nan,nan,nan,0.06131422443719762,0.030140593490856907,nan,nan,0.13702747863928771,0.022713982658588806,0.009265649276373394,1.0,0.1438088622760254
59,nan,nan,nan,0.06134516484186075,0.029733432475568252,nan,nan,0.11595550948900812,0.02252083864238339,0.009469206515578673,1.0,0.1503341168801402
60,nan,nan,nan,0.06086924618963759,0.030007489685926893,nan,nan,0.12157724988006538,0.02234138476772139,0.009403995225332546,1.0,0.19623692476686827
61,nan,nan,nan,0.06094050699202083,0.03032765877125532,nan,nan,0.12910753573878223,0.022213406802022852,0.00937276673588895,1.0,0.1470192899612357
62,nan,nan,nan,0.06093067957662904,0.02989142253250373,nan,nan,0.13696370225438775,0.022177914229831324,0.00934790443719578,1.0,0.15073653816864385
63,nan,nan,nan,0.06092176434001654,0.02942561962785091,nan,nan,0.130710414485195,0.022065600256181265,0.009297991265131214,1.0,0.1497248957246149
64,nan,nan,nan,0.06103163430320575,0.029089392083879055,nan,nan,0.13753770473381455,0.022033892038231483,0.009258773788678648,1.0,0.14148161136699078
65,nan,nan,nan,0.06096048866423108,0.02879747157194298,nan,nan,0.15398517317457286,0.02231372286860612,0.009371097142617395,1.0,0.15188809068696107
66,nan,nan,nan,0.060989040807005124,0.0284700088325717,nan,nan,0.14586252391717663,0.02239823117556571,0.009351890252075532,1.0,0.14437569717415122
67,nan,nan,nan,0.06087702435753393,0.028174660032226583,nan,nan,0.14465923969214656,0.022451613720694822,0.009228426524393023,1.0,0.15335268518394507
68,nan,nan,nan,0.060813980182857594,0.02781807412435864,nan,nan,0.1348302943056564,0.022365999707710586,0.009237389492484026,1.0,0.14906928097887073
69,nan,nan,nan,0.0604664770159903,0.027816262784936874,nan,nan,0.11371204914177177,0.022213563740167867,0.009412107958239917,1.0,0.17676418402254934
70,nan,nan,nan,0.060569021622186296,0.027990604088481672,nan,nan,0.13158949383667776,0.02210272298579642,0.009534793997901745,1.0,0.1369183712930213
71,nan,nan,nan,0.06055317715956259,0.02768972880664757,nan,nan,0.125979346824715,0.02196001726357192,0.00947872761238833,1.0,0.14384770565311578
72,nan,nan,nan,0.060447662637795475,0.027387474737174716,nan,nan,0.13985828175558063,0.02193626538636928,0.009540702363352799,1.0,0.15007739552719057
73,nan,nan,nan,0.06040443331593226,0.027084194419123055,nan,nan,0.11806695916483265,0.021786452209230818,0.009710849866511067,1.0,0.1445261036897354
74,nan,nan,nan,0.060354969175265456,0.026715932614812192,nan,nan,0.1145898992743935,0.02164709397543238,0.009625455483277204,1.0,0.1443250209853053
75,nan,nan,nan,0.060628938709685644,0.026659898246933565,nan,nan,0.11610311339884702,0.02150631047769785,0.009515830600049856,1.0,0.12175563159351133
76,nan,nan,nan,0.06091905239453113,0.0263376475097483,nan,nan,0.1229755253524484,0.021367657868652086,0.009480585018097211,1.0,0.1192645386354727
77,nan,nan,nan,0.06114070824265742,0.026025010592400682,nan,nan,0.12979617600217264,0.02125907799914445,0.009445585881671251,0.0,0.12184178042680194
78,nan,nan,nan,0.06111184941835222,0.02589996928141625,nan,nan,0.10086771637541589,0.021230060239241164,0.00969861021602301,1.0,0.13823861007340144
79,nan,nan,nan,0.061060246795064436,0.025583483145393014,nan,nan,0.10486988069937525,0.021159515790116653,0.009625578858432451,1.0,0.13945266074500529
80,nan,nan,nan,0.0609060649818763,0.02537449777156592,nan,nan,0.12954081053773905,0.021056885707520567,0.009816026339191077,1.0,0.14852629935805806
81,nan,nan,nan,0.060736930065953085,0.025074584532591863,nan,nan,0.14664463909471892,0.02113931870429748,0.009907123866913435,0.0,0.14990773801169932
82,nan,nan,nan,0.06056592536840333,0.024765745446009662,nan,nan,0.14492232434834998,0.021189003701392407,0.009806076840733874,1.0,0.1499663565311331
83,nan,nan,nan,0.06034493980843064,0.024536863665566132,nan,nan,0.13998774402865805,0.021171460664609745,0.009746668346574826,1.0,0.15596379598077315
84,nan,nan,nan,0.05998508895099847,0.02467237276092228,nan,nan,0.14716975072464755,0.021243996233505428,0.009715768808615967,1.0,0.19174791456089957
85,nan,nan,nan,0.059730413544211124,0.024782977393666982,nan,nan,0.15282775691496145,0.02140010949965056,0.009667462110779037,1.0,0.22571107647237687
86,nan,nan,nan,0.059389400810793684,0.024964476670892282,nan,nan,0.16009702752826005,0.02168171864718578,0.00963924809316162,1.0,0.18550066051455905
87,nan,nan,nan,0.059221649334671785,0.02507020250252018,nan,nan,0.17273900470138978,0.022235912175081522,0.009674163547579856,0.0,0.15144376232366752
88,nan,nan,nan,0.0589346024759023,0.025002095572980592,nan,nan,0.15976448151466102,0.02246554122327834,0.009712098715845935,1.0,0.17058866195624334
89,nan,nan,nan,0.05878730136006098,0.0249617426980249,nan,nan,0.14841981557561312,0.022504248761251296,0.009730650616109593,1.0,0.14913761937936432
90,nan,nan,nan,0.05863543535711328,0.024685987029937538,nan,nan,0.1388027638179073,0.022441018978444388,0.009729374224442136,1.0,0.14955710761761387
91,nan,nan,nan,0.05842653423300322,0.024497987919046373,nan,nan,0.14871207486986351,0.022477051038156348,0.009731373522525625,1.0,0.15732317466734647
92,nan,nan,nan,0.05825740414415598,0.024289898961202375,nan,nan,0.13175090116472044,0.022371563873613557,0.009810821876180762,1.0,0.15176128191210347
93,nan,nan,nan,0.0581758942858317,0.024141385959808442,nan,nan,0.12985572855352184,0.02226082358839286,0.009724782210257044,1.0,0.14113457907914295
94,nan,nan,nan,0.05801267633434762,0.023985087027751997,nan,nan,0.15721643347872588,0.022410643189106932,0.009914415787837118,1.0,0.1507401643577022
95,nan,nan,nan,0.05791366066728755,0.023816531957666098,nan,nan,0.1482222439125409,0.022430611211120697,0.009904626147181244,1.0,0.14259925391802497
96,nan,nan,nan,0.058162575362168484,0.023894730069975934,nan,nan,0.1605150916155123,0.02261744169026622,0.009929765321452719,1.0,0.11135390129092437
97,nan,nan,nan,0.0581014672149407,0.023913537511851147,nan,nan,0.13287873907915215,0.022516485161896506,0.010114208938274671,1.0,0.13705414578092068
98,nan,nan,nan,0.05803349109571458,0.023670713481279828,nan,nan,0.13448440596026706,0.022423407425087902,0.010026492009850342,1.0,0.13741375232735398
99,nan,nan,nan,0.058139719017130005,0.02360612898022672,nan,nan,0.11809159506931896,0.022319602989402384,0.010091454447412565,1.0,0.1200723199492788
100,0.95,0.04999999999999993,0.18683924370405847,0.05819430682479953,0.023405242842221556,0.5763823066032031,0.49113402044981463,0.12102119069474607,0.022210604692355234,0.010019112439109681,0.0,0.1237907212669942
101,0.95,0.04999999999999993,0.18625693033542515,0.05829314315006511,0.02339556587894116,0.5766256874672302,0.49142541852454286,0.11633451187443693,0.02216458983466631,0.009969983625501536,1.0,0.1475466834193171
102,0.95,0.04999999999999993,0.1859094351670873,0.05842648444057056,0.023281554747518227,0.576771022807175,0.49159947495780915,0.12240943468160312,0.022154598724849015,0.009881862013066027,1.0,0.14631452193178474
103,0.95,0.04999999999999993,0.18531112845915085,0.05865075065609892,0.022358280743389653,0.5770214285521821,0.4918994491561328,0.0933181786239266,0.02235907128544061,0.01005377432723439,1.0,0.13375263147032812
104,0.95,0.04999999999999993,0.1837947896785386,0.05768151659424913,0.021283223675063564,0.5776570276718066,0.49266134103775894,0.08380871746953471,0.022716726535884746,0.010099086304635881,1.0,0.14591544107293086
105,0.95,0.04999999999999993,0.1836549342739075,0.05771002730462299,0.020893900474575414,0.5777157209738146,0.49273173097086076,0.08040540729642323,0.023125524892691846,0.010072075018388244,1.0,0.16497031930415762
106,0.94,0.039999999999999925,0.182641977474983,0.0576616069692998,0.020614679559862372,0.613616906828409,0.545116888932023,0.07385440365184029,0.02364441511041732,0.010048841104429874,0.0,0.13525805495437826
107,0.94,0.039999999999999925,0.1815693783189162,0.05656914171861156,0.020783606110650388,0.6141252028733595,0.5457154882298277,0.1029787998943884,0.023722553523029186,0.010215842754431523,1.0,0.18664895414651528
108,0.94,0.039999999999999925,0.17957778046142672,0.054837863094821214,0.020969251263113945,0.6150712418607511,0.5468304589483567,0.11907920066948696,0.023714481873548892,0.010234936833192886,1.0,0.1294162546683708
109,0.94,0.039999999999999925,0.17800868612098483,0.05390065743008631,0.02057484256945961,0.6158186405815265,0.5477121104090761,0.11647043294403689,0.02362531048355724,0.010232767174635869,1.0,0.13281277698887273
110,0.94,0.039999999999999925,0.17676582486630973,0.05372168306977606,0.0199128360691253,0.6164119367752388,0.5484124765697123,0.09429755854794601,0.02372436949254836,0.010394875906811341,1.0,0.12299310257327822
111,0.94,0.039999999999999925,0.17516389988457803,0.05169833966890207,0.020207969756737828,0.6171783251736983,0.5493178255726189,0.08845375596257882,0.02393896953091313,0.010439784937952312,1.0,0.16244504781630753
112,0.94,0.039999999999999925,0.17329136612752585,0.049287173912304465,0.02019080450419052,0.6180765967601688,0.5503799092999382,0.08999156921191272,0.024135133772607162,0.010320660178737676,1.0,0.14561788045365098
113,0.94,0.039999999999999925,0.17142659317424155,0.047406971633757955,0.020127558751115004,0.6189737477337146,0.5514416805398464,0.09395255183709705,0.024299370070032012,0.010322561910341603,1.0,0.12786743346559004
114,0.94,0.039999999999999925,0.16945479931059823,0.044430027454335434,0.020262000018858913,0.6199252242860687,0.5525688529121043,0.10077865213015513,0.024382259652075664,0.010346864437480093,1.0,0.14117711897223684
115,0.93,0.030000000000000027,0.16730815725269418,0.04129265634868167,0.019561048325017774,0.6620770309677176,0.6120450111824165,0.0912645529382484,0.024543411894643617,0.010370112008124512,0.0,0.12369229954616201
116,0.93,0.030000000000000027,0.16617936915028872,0.040511812229864434,0.01970832396571595,0.6626998514116187,0.6127636359089943,0.10446147565162472,0.024525745161324244,0.010345182164291292,1.0,0.13859865797966586
117,0.93,0.030000000000000027,0.16556852175575215,0.03967792036414267,0.019372752161797284,0.6630373816259636,0.6131532261902126,0.10611231204403246,0.024567826936286185,0.010331260981784902,1.0,0.19006665876217843
118,0.93,0.030000000000000027,0.16365296427110057,0.03585067059792422,0.019603997241184307,0.6640980764947885,0.6143781620929124,0.10931962472771478,0.02459458192268875,0.010132864813633607,1.0,0.144285259121133
119,0.93,0.030000000000000027,0.16191516320281607,0.032639528350203804,0.019179736862296924,0.6650632831237877,0.6154936703974344,0.1163722954435873,0.024480997274523277,0.010130750457561552,1.0,0.13917276397611467
120,0.93,0.030000000000000027,0.16084660755930075,0.03092381235031262,0.019298001020573757,0.6656581727896738,0.616181598172035,0.132971378583878,0.024454684964300775,0.010257767613904532,1.0,0.1589830337981586
121,0.93,0.030000000000000027,0.1599332334322529,0.02935778844297038,0.019318369925551335,0.6661675135891654,0.6167708414675,0.1164636592963546,0.024423352197967322,0.01040685330581683,1.0,0.1663990672922755
122,0.93,0.030000000000000027,0.15882750636172008,0.027471661358193525,0.018724908794929017,0.6667851634698481,0.6174856867533355,0.10789674905068347,0.024408303806629898,0.010458986685315554,1.0,0.15256328484510795
123,0.93,0.030000000000000027,0.15829572293278746,0.027366993816482305,0.01825607717037118,0.6670826212936672,0.617830071671968,0.08556977118573536,0.024617952823657276,0.010641481596491179,1.0,0.13736921462635543
124,0.93,0.030000000000000027,0.15718983374650766,0.02573772347483892,0.01827199747506882,0.6677020609376249,0.6185474811060038,0.07712203382700843,0.024963197585586815,0.01062777131062825,1.0,0.14156703994161246
125,0.93,0.030000000000000027,0.15594560754818423,0.02420532021119866,0.018291170106009235,0.6684003637283781,0.6193566264866469,0.053941943463506115,0.02572027384668076,0.010854591671163635,1.0,0.12511162358705952
126,0.93,0.030000000000000027,0.1550595480091635,0.022881645122481527,0.018188665996537384,0.6688985421062394,0.6199341406431695,0.07956994086626376,0.025938155121219345,0.010960891918300148,1.0,0.1463709636258761
127,0.93,0.030000000000000027,0.15445308359256466,0.022386211533617945,0.017870210585362752,0.66923994914692,0.620330042081154,0.07415859144496333,0.02629303130734386,0.010896692053184187,1.0,0.14292322899153853
128,0.92,0.020000000000000018,0.1539946237015394,0.022560672925846174,0.017892600332251936,0.7175372646086233,0.6859018528749019,0.06685128024215084,0.026755957686971713,0.010632500884763673,0.0,0.12274886120827189
129,0.92,0.020000000000000018,0.153571402856457,0.022341843675194893,0.01790086368653802,0.7178113885054523,0.6862078156733815,0.07816041655288486,0.02672627852201491,0.010614317671030552,1.0,0.1442305486437907
130,0.92,0.020000000000000018,0.15327425745795606,0.02237362234881758,0.01791577056208224,0.7180039774023157,0.6864227967859744,0.08674064970827289,0.026351496368642556,0.010573268617529254,1.0,0.13617447794074167
131,0.92,0.020000000000000018,0.15288727761172433,0.022599427580378386,0.018019465658695766,0.7182549456998935,0.6867029740646042,0.08644114854350361,0.026204305315236175,0.010566928553831007,1.0,0.12061074314348907
132,0.92,0.020000000000000018,0.1526603784899784,0.022594528877530683,0.01801893584347933,0.7184021783476692,0.6868673576917873,0.099475485664586,0.025948655677906204,0.010599390426254117,1.0,0.14191673582458808
133,0.92,0.020000000000000018,0.15233283772098402,0.02234538978348364,0.017845410894103606,0.7186148228787981,0.6871047929214419,0.0918106263651145,0.025578289380623617,0.010526944572289738,1.0,0.15321101548726457
134,0.92,0.020000000000000018,0.15227076070069986,0.02233959344630511,0.017553234504163844,0.718655138430808,0.6871498112338031,0.06224409782912954,0.02592120454974025,0.010812175731789855,1.0,0.15128414070741414
135,0.92,0.020000000000000018,0.15173016048169954,0.022113060610230134,0.017565056573979262,0.7190064193512927,0.6875421045296035,0.06496531850041334,0.026184219165697874,0.010782708528573695,1.0,0.13428415821968587
136,0.92,0.020000000000000018,0.1511795060424443,0.021476723193457267,0.017313448260639755,0.7193645867137008,0.6879421545568893,0.07238863401412006,0.026222201664700368,0.010854944732177602,1.0,0.14910833377019617
137,0.92,0.020000000000000018,0.15126909860161641,0.021550416378348727,0.017475693912992665,0.7193062878761698,0.6878770339240148,0.08014111232199789,0.02614333518107404,0.010588419405224444,1.0,0.17339963504181033
138,0.92,0.020000000000000018,0.15104661066009825,0.021442911020505998,0.017515667447762413,0.7194510805691878,0.6880387726949557,0.07367516736325051,0.02648912131797375,0.010635593521104063,1.0,0.15042056666145864
139,0.92,0.020000000000000018,0.15078000148388893,0.02157425465739604,0.017269847698057145,0.7196246636705419,0.688232685834637,0.0855971673354766,0.02666545987439599,0.010743703670355096,1.0,0.1269867547541914
140,0.92,0.020000000000000018,0.1499716039554284,0.02117250412720366,0.017190185271598473,0.7201515051141297,0.6888213272232392,0.08233151546791584,0.026879887393241444,0.01071521181885866,1.0,0.12057788665716473
141,0.92,0.020000000000000018,0.14942677684618075,0.02090886075897918,0.017233507664665394,0.7205070102130245,0.6892186159405753,0.0849507238886342,0.02706003756720765,0.010515215433222577,1.0,0.1326394802620141
142,0.92,0.020000000000000018,0.1486962372183578,0.020581134572032454,0.016956890612840548,0.7209842457840512,0.6897520462813733,0.07922614536038144,0.02719131074124031,0.01020257170872488,1.0,0.12184090509571277
143,0.92,0.020000000000000018,0.1484037878718518,0.020672742724274582,0.01693061162162548,0.7211754697927654,0.6899658204214805,0.09114674684219284,0.027274847939388613,0.01021146158279634,1.0,0.1274662699304432
144,0.92,0.020000000000000018,0.14805334318941035,0.02068651351788372,0.016928341562948923,0.7214047488880303,0.6902221624932017,0.07854991526549604,0.02742936570716819,0.010266316243760036,1.0,0.12989372130192245
145,0.92,0.020000000000000018,0.14762518411147102,0.02083009497032451,0.016911083136394944,0.7216850707159647,0.690535609461665,0.07274181391744991,0.027712655267789436,0.010222669139864313,1.0,0.11947009457167534
146,0.92,0.020000000000000018,0.14736465634868556,0.020959363264962824,0.01694994164536899,0.7218557485773979,0.690726476146658,0.066663972893762,0.028121408131820284,0.010268851872012591,1.0,0.12410101512797178
147,0.92,0.020000000000000018,0.1473590431988227,0.020958480751992723,0.017181718321024622,0.7218594267722388,0.6907305895885659,0.04032212083380964,0.029071385211931457,0.010509487771452716,1.0,0.1503764045880971
148,0.92,0.020000000000000018,0.14699584325413814,0.021263499676287635,0.01742515863839141,0.7220975047868156,0.6909968548270746,0.02773278476818705,0.03030385156939957,0.010608672578183558,1.0,0.1112882265357078
149,0.92,0.020000000000000018,0.1473808272522275,0.02134809178603217,0.017805498243513157,0.7218451522884608,0.6907146260203235,0.03377882466433448,0.03130468416323865,0.01063659280703275,0.0,0.17111903418002505
150,0.92,0.020000000000000018,0.14754870491144695,0.021471409501402333,0.017625472217494016,0.721735165668095,0.6905916283728349,0.043749099318727315,0.032020708017669715,0.010589296910371795,1.0,0.17158558703029425
151,0.92,0.020000000000000018,0.14746811400818585,0.021390374468137123,0.017107215450537772,0.7217879613697111,0.6906506688294524,0.04744881696821598,0.032552661033749916,0.010525427185859047,1.0,0.16502786020840765
152,0.92,0.020000000000000018,0.1466006708843064,0.019677555873007686,0.016758118841073696,0.7223567192168998,0.691286792627462,0.04599679287611855,0.03298802189014877,0.010440482066128298,1.0,0.14420778489712305
153,0.91,0.010000000000000009,0.14603398055264713,0.01965105419300713,0.01671652755844913,0.7790316226539346,0.7644500373109729,0.06412572747169573,0.03297366849099497,0.01060403044938403,0.0,0.11890242447091581
154,0.91,0.010000000000000009,0.14605203885849188,0.01965198089925885,0.016667903788641768,0.7790178408985599,0.7644353709836154,0.06924158013254988,0.03284234932455142,0.010559115574805997,1.0,0.14795439081528006
155,0.91,0.010000000000000009,0.14544066481532508,0.019536558857899233,0.0169485408171695,0.7794847012984781,0.7649322208930892,0.06094873694892429,0.032924138710147204,0.010641454456226261,1.0,0.1188768754694145
156,0.91,0.010000000000000009,0.14510780777728535,0.01924815082281853,0.01682032403988544,0.7797391145347641,0.7652029979428084,0.05110494299025049,0.03313327292610033,0.010552646451351318,1.0,0.14543412646050458
157,0.91,0.010000000000000009,0.14485707665841083,0.019481854204189374,0.017090004606268583,0.7799308660078925,0.7654070927118664,0.04198966145494773,0.033654993077578965,0.01055744677638893,1.0,0.11439600643481196
158,0.91,0.010000000000000009,0.14491640641677642,0.019487604897056768,0.017381121546406527,0.7798854839102093,0.7653587885417176,0.05128632567118575,0.03391730299227002,0.010438504302307701,1.0,0.14974183811258346
159,0.91,0.010000000000000009,0.14482656899790686,0.019483129209561113,0.017002219074009232,0.7799542037672736,0.765431933333164,0.038531135124930074,0.03451544875988534,0.010510559354380413,1.0,0.1413503749931877
160,0.91,0.010000000000000009,0.14448041736522613,0.018864332507463718,0.016709832727544303,0.7802191008085728,0.7657138975394531,0.03210482094388712,0.0351830234845814,0.010499408125313,1.0,0.16162176149879248
161,0.91,0.010000000000000009,0.1446639894108324,0.018977126861593054,0.016710211362045917,0.7800785975068026,0.7655643396724592,0.0310091156715456,0.035786975966337266,0.010431120638007304,1.0,0.16537649452186032
162,0.91,0.010000000000000009,0.14547630769947412,0.020864401931385217,0.017372637928378492,0.7794574681471612,0.7649032369957511,0.027956815833524787,0.036343394130265154,0.010398787426581324,1.0,0.23196836703281432
163,0.9,0.0,0.14529404565378248,0.020906058479338817,0.018304217640699068,0.8455126365965827,0.8455126365965827,0.0256196380519991,0.036963670162888124,0.010353432755196538,0.0,0.13149869115545343
164,0.9,0.0,0.14582562949060396,0.02147057475782485,0.01883689263639317,0.8450350065796242,0.8450350065796242,0.01994886265141764,0.037592722517800194,0.010244577269942226,1.0,0.1946399950491402
165,0.9,0.0,0.14708451518232943,0.025162352772407613,0.019600774164651308,0.8439060424684779,0.8439060424684779,0.027258962721761055,0.03782266368058434,0.010236369702396239,1.0,0.2777766598595055
166,0.9,0.0,0.148545220569421,0.028921666436923215,0.01963807303347968,0.842599862097468,0.842599862097468,0.03574053668271831,0.03798182997116831,0.010309887780536915,1.0,0.2904462358833082
167,0.9,0.0,0.1492944391325394,0.029987297144406438,0.020222803237342768,0.8419314693983049,0.8419314693983049,0.031401946988291275,0.03819391431907362,0.010254429642233246,1.0,0.22827454149578785
168,0.9,0.0,0.1505298667999542,0.03240036307546164,0.02039091034017999,0.840831632844713,0.840831632844713,0.02349278266033629,0.0386251927188176,0.010121004583284465,1.0,0.2726120477203511
169,0.9,0.0,0.15054356733359164,0.03241174105891934,0.020942748699821708,0.8408194520866445,0.8408194520866445,0.01554715221910281,0.03933942218424247,0.010020683227186761,1.0,0.17813423738629286
170,0.9,0.0,0.1511966034561863,0.032786348220723176,0.0211160659907924,0.840239265118416,0.840239265118416,0.022807151137799492,0.03974545574096387,0.010037348397961852,1.0,0.20222198355248588
171,0.9,0.0,0.15180131491089174,0.03320028046101885,0.021074320310965126,0.8397027255290034,0.8397027255290034,0.029083093115452548,0.04007075829751656,0.009960550489343543,1.0,0.20431885112366022
172,0.9,0.0,0.15218970916052682,0.033404395835895516,0.02117382272304093,0.8393584779636881,0.8393584779636881,0.04025679141362177,0.040068005242225015,0.009853301759115475,1.0,0.18891682049070013
173,0.9,0.0,0.15251892398265357,0.03348936508279977,0.021287642439039512,0.8390669041652599,0.8390669041652599,0.05641750843246829,0.0400972021356838,0.009981419507887265,1.0,0.17744758590241072
174,0.9,0.0,0.15308427012818007,0.03382180954440811,0.021296154158673353,0.8385666696369938,0.8385666696369938,0.06975783039990198,0.04005731424433392,0.010100885243674945,1.0,0.20085963553795527
175,0.9,0.0,0.1534196204377209,0.033675453772426464,0.021731284260009972,0.8382702237768551,0.8382702237768551,0.05872750883521345,0.040067078306558014,0.010142884330655624,1.0,0.15529066254759183
176,0.9,0.0,0.1537470993491018,0.03350049328096382,0.02173836497700691,0.8379809383476916,0.8379809383476916,0.07295308532893346,0.039936973850890754,0.010217681561403057,1.0,0.152012429773565
177,0.91,0.010000000000000009,0.15378677578964717,0.033465013355186375,0.02183741725625571,0.7731593333209066,0.7582048072195504,0.06373584357609152,0.03977476728699945,0.01001857835055543,1.0,0.12580942448133414
178,0.9,0.0,0.15378781753082502,0.03346453095399832,0.021951753711187558,0.8379449830355824,0.8379449830355824,0.0703197877000298,0.0397817010369226,0.010044656934393601,0.0,0.13834278419119017
179,0.9,0.0,0.15416384983890935,0.03351257222537336,0.022251142284411756,0.8376130815787176,0.8376130815787176,0.08019080648391924,0.03974253786408561,0.009895162883338304,1.0,0.1770558915534386
180,0.9,0.0,0.15429832114599673,0.03351665989187397,0.02238953645444206,0.8374944555312935,0.8374944555312935,0.06628285542464424,0.039548977850698774,0.009862881292452396,1.0,0.161973430066797
181,0.91,0.010000000000000009,0.15466679588869978,0.03366856757112035,0.022639265380661983,0.7724983595866408,0.7575023536859306,0.08218957224663384,0.03906895691342336,0.01000615808109503,1.0,0.1867552122820033
182,0.91,0.010000000000000009,0.15526027757816513,0.034100777468646024,0.022806557034662243,0.7720532395115065,0.757029356537932,0.061860912766394716,0.038663183216739554,0.010161653830191467,1.0,0.20931452547766938
183,0.91,0.010000000000000009,0.15552529103255927,0.034208023746195956,0.022716307190999204,0.7718546411164944,0.7568183350022776,0.03681491732751658,0.03853145943264608,0.010342098160927715,1.0,0.18246514142018455
184,0.91,0.010000000000000009,0.1550373682816575,0.0340354226778596,0.022772330827746507,0.7722203646280537,0.7572069430510098,0.029961997185651238,0.03834257442656198,0.010354167998822175,1.0,0.1429556394707241
185,0.9,0.0,0.1540856640175687,0.03337000775538724,0.022491568943397093,0.837682069922003,0.837682069922003,0.034042760665999205,0.037961372823870874,0.010321960856065099,0.0,0.13054065006349802
186,0.9,0.0,0.15354602109469206,0.033293871665336365,0.022157617629988052,0.838158541415463,0.838158541415463,0.026057834956908145,0.03749418259908112,0.010274919932185921,1.0,0.13153636822689374
187,0.91,0.010000000000000009,0.15351584531248263,0.033297130691380836,0.022134839006182534,0.7733630540994856,0.7584213329068902,0.022215238265272517,0.03672461988885443,0.0101826782504173,1.0,0.1484261841027239
188,0.9,0.0,0.1535013596276316,0.03329001446481433,0.022127393216198044,0.8381979990296118,0.8381979990296118,0.01713392479607271,0.03627876257495929,0.01011941206385318,0.0,0.16914009347113845
189,0.9,0.0,0.15500748885653995,0.03632704845924081,0.023442453423883028,0.836869407160301,0.836869407160301,0.021349326524871155,0.03595528477265881,0.010064849942349066,1.0,0.2997505422702016
190,0.89,-0.010000000000000009,0.15494424386887298,0.03634198482838461,0.02494499752862598,0.7722902056147823,0.7572811577235956,0.03279637873632936,0.03562132848675708,0.010080382681333933,0.0,0.14323260885091726
191,0.89,-0.010000000000000009,0.15536061444437094,0.03660442563400915,0.025451722080252037,0.7719780360608552,0.75694944773582,0.022332685052838672,0.03518729042057743,0.010014751570004112,1.0,0.19896023221714043
192,0.89,-0.010000000000000009,0.15566275413426534,0.03669804523941556,0.025515947115430204,0.7717516679002692,0.7567089239664364,0.01700929242855976,0.035114739349694814,0.01004938005498472,1.0,0.18197525090154199
193,0.89,-0.010000000000000009,0.15720081073220615,0.03919505587626467,0.02655998148606781,0.7706013848488991,0.7554868919161936,0.024705554078858834,0.03492790816475859,0.009850749314834165,1.0,0.29494023887322474
194,0.89,-0.010000000000000009,0.15762834473489531,0.03935509954448973,0.02750246394876405,0.7702822491573396,0.7551479040871272,0.03049498850181825,0.03404763403890699,0.009818378050761177,1.0,0.19349356462662004
195,0.89,-0.010000000000000009,0.1591998576184171,0.041786153951140916,0.0282601571307487,0.7691114506644683,0.7539044756977629,0.01835035431375945,0.03348336088910489,0.00981688094454994,1.0,0.2997505422702016
196,0.89,-0.010000000000000009,0.16108382402820987,0.043785681755422655,0.028000558701556825,0.7677125524497316,0.7524192110555807,0.044070905425751664,0.03224650017629408,0.00979752941501087,1.0,0.2997505422702016
197,0.89,-0.010000000000000009,0.16265014433466238,0.045659524217109455,0.02805818253284565,0.7665533836935886,0.7511888174705159,0.04871826477831826,0.03160280354128151,0.00982825358138917,1.0,0.29368617642617467
198,0.89,-0.010000000000000009,0.16279424945860096,0.04560235330906337,0.029315965152309133,0.7664469132779034,0.7510758204978324,0.04351049382880666,0.03091915250046319,0.009715273379960518,1.0,0.15182426472121424
199,0.89,-0.010000000000000009,0.16322147289428993,0.045399784964825114,0.029389217652099474,0.7661314378969871,0.7507410220110443,0.051808506328571736,0.030482366487010852,0.00976949981303464,1.0,0.16279466351817318
200,0.89,-0.010000000000000009,0.16340283650277304,0.045277966508462206,0.029360042088973665,0.7659975917486874,0.7505989845966498,0.05212236561448805,0.02996883178162263,0.009725329918747843,0.0,0.14192708211530536
201,0.88,-0.020000000000000018,0.16354438335528138,0.045250292702387736,0.02954733628157278,0.7114069880033086,0.6790697758024247,0.06931890460835267,0.02950458371560184,0.009837669476189243,0.0,0.16170136867015006
202,0.88,-0.020000000000000018,0.16395744656925548,0.04527964715448929,0.029682261374477673,0.7111441928468457,0.6787773321563431,0.07535125779657477,0.028926542918424065,0.009604751265386673,1.0,0.18762084332919127
203,0.88,-0.020000000000000018,0.16447896618375255,0.045229060652467304,0.02957674057454387,0.7108126737737506,0.6784084622951004,0.06805699395744463,0.028768431094090472,0.009582375534929483,1.0,0.18590459292003447
204,0.87,-0.030000000000000027,0.1647109946086003,0.04519273479582964,0.029553825737484236,0.6635117979053524,0.6137009821354656,0.060289579941812485,0.02868933771923477,0.00962645739192464,0.0,0.1691182835577114
205,0.87,-0.030000000000000027,0.16543719532201714,0.04577083462232879,0.029945339300497857,0.6631099923520044,0.6132370491400458,0.05443752299873172,0.02864149650412824,0.0096193973242327,1.0,0.2375903906458381
206,0.88,-0.020000000000000018,0.1662684221537148,0.04596956325755062,0.02962027620281661,0.7096775002379255,0.6771458255696611,0.0463619204759688,0.028658432539787743,0.009406783246255072,1.0,0.21838073812414405
207,0.88,-0.020000000000000018,0.16714850289063882,0.047177891448931725,0.02961061549813616,0.709120534275422,0.6765265648779274,0.044973288546633114,0.02840367995786752,0.009258179520540297,1.0,0.2746570278389242
208,0.88,-0.020000000000000018,0.16889153405162766,0.048938676707749804,0.029869866211346525,0.7080200197159674,0.6753034340784366,0.06322732812606094,0.027801951793363023,0.009416212569570374,1.0,0.3037193707672523
209,0.88,-0.020000000000000018,0.16945032702067406,0.04884245770834802,0.03093256946849952,0.7076679318740285,0.6749122500269676,0.047578546890793334,0.02725711569403831,0.009350312638652967,1.0,0.1886920738935116
210,0.88,-0.020000000000000018,0.1713055556248516,0.05053665576453252,0.031744407285211586,0.7065014847187722,0.6736167376974447,0.04505627739200863,0.02707558526221169,0.009316761799394557,1.0,0.308515962991035
211,0.88,-0.020000000000000018,0.17203617713110092,0.05092988505282957,0.03231189816588983,0.7060431720841405,0.6731079062415559,0.03107367886140593,0.02706212641693608,0.009442466701225553,1.0,0.23550719844123202
212,0.88,-0.020000000000000018,0.1730674977018422,0.051426260954141094,0.03226636576284428,0.7053972446380883,0.6723909639845214,0.028617287368037536,0.02704467156108438,0.009427268811005194,1.0,0.2487499375277833
213,0.88,-0.020000000000000018,0.17475690569639832,0.052673460621151476,0.03261736182230655,0.7043416996529369,0.6712198339128645,0.037980263873497885,0.02687821457800168,0.00945289382325168,1.0,0.2968082329211956
214,0.88,-0.020000000000000018,0.1753031455311444,0.052605585608899455,0.03346102152986479,0.704001083579252,0.6708420422586824,0.038622735935369114,0.02659124971282238,0.009363281427998795,1.0,0.19580110244685534
215,0.89,-0.010000000000000009,0.1759662037901208,0.05236822148129463,0.03336906818208253,0.7568383060146994,0.7408889310360895,0.044221689488778755,0.026397151699995517,0.00928653426476681,1.0,0.18999812544379502
216,0.89,-0.010000000000000009,0.17693499596935836,0.052563724365817445,0.03330858080508375,0.7561410992128985,0.7401505877858154,0.03811444363955673,0.026016304909050634,0.009331548501704328,1.0,0.23547787590342817
217,0.88,-0.020000000000000018,0.17801741452045317,0.05391998138064057,0.03348079533364114,0.7023134341759406,0.6689710825263465,0.022239626152071798,0.025734876552638317,0.009459503095682133,0.0,0.2983085138716557
218,0.88,-0.020000000000000018,0.18002261618008905,0.05630406184276444,0.0338988197383689,0.7010718487626341,0.6675955755785222,0.03341403005554065,0.025238338883625543,0.009501136764243712,1.0,0.3448054250847208
219,0.88,-0.020000000000000018,0.18207894279117515,0.05848731091199629,0.03369871600279269,0.6998031586228473,0.6661908607910897,0.03595584362997118,0.024519112709133525,0.009359144142366336,1.0,0.3448054250847208
220,0.88,-0.020000000000000018,0.1832399522883671,0.059165722851551375,0.034328063559088184,0.699088877610998,0.6654003616296132,0.028163312745122127,0.023310384199973406,0.009271111936278718,1.0,0.2750839835173502
221,0.88,-0.020000000000000018,0.18450846209477298,0.060142827509024284,0.03437180378099072,0.6983101248447244,0.6645388103151711,0.036525818767731734,0.02245693695489337,0.009269047247156883,1.0,0.29325004793286913
222,0.88,-0.020000000000000018,0.18643088349716913,0.06213059002355233,0.03473908970960789,0.6971332297355618,0.663237377138225,0.026903875519525243,0.021867024349677706,0.009140713564159493,1.0,0.3448054250847208
223,0.88,-0.020000000000000018,0.1876705817827405,0.06237559791446907,0.03553978220037526,0.69637639532699,0.6624008311887637,0.02967856686811396,0.021686081081137138,0.009083410069107593,1.0,0.26133904318349366
224,0.88,-0.020000000000000018,0.18935807584377323,0.06338006227106927,0.035868287114585756,0.6953488190771147,0.6612654990698188,0.026656035137498764,0.021643065106397155,0.008879798365745095,1.0,0.3103164460448863
225,0.88,-0.020000000000000018,0.19164062401101223,0.06511170123123133,0.03608839473304292,0.6939637084117448,0.6597359974724818,0.0416142466037386,0.021654171197356867,0.008772022750224715,1.0,0.35336644031096187
226,0.88,-0.020000000000000018,0.19371057877786302,0.06690521578736083,0.03605356913067588,0.6927123676324375,0.6583550563889299,0.04879025269670212,0.021444675138949074,0.008789847565089997,1.0,0.35336644031096187
227,0.88,-0.020000000000000018,0.1953779735209778,0.0676918244484497,0.03629123952688475,0.6917076616286594,0.6572468744415895,0.03504551754224959,0.021345249253469933,0.008854872049449998,1.0,0.3096627033030166
228,0.89,-0.010000000000000009,0.19619757919851696,0.06730254248352194,0.03713438686936266,0.7425403610678601,0.7257696271994051,0.02590816204349177,0.021390917825606846,0.008832934869531045,1.0,0.2047094289621848
229,0.89,-0.010000000000000009,0.1975542658603786,0.06760802867614778,0.037812505204359824,0.7416008651664835,0.7247777961157656,0.021311754932890874,0.021352031044087835,0.008792694202411985,1.0,0.27989921482995295
230,0.89,-0.010000000000000009,0.1987087678113855,0.06753572367567098,0.03794089719417069,0.7408032510707009,0.723935908424205,0.02106341274813951,0.021159208230253863,0.008792177445038065,1.0,0.2516246730414249
231,0.89,-0.010000000000000009,0.20103632478306013,0.06880300424399928,0.03875337976577107,0.7392004100794298,0.7222445362011453,0.03956763401459725,0.0208038717667399,0.008847428800041858,1.0,0.35336644031096187
232,0.89,-0.010000000000000009,0.20315082182792388,0.07018885722269809,0.03863929613281474,0.7377502908456325,0.720714825539924,0.029846962563540153,0.020187446373770134,0.008868194579350805,1.0,0.35336644031096187
233,0.89,-0.010000000000000009,0.20393404742376958,0.07006410065174552,0.03985046775361559,0.7372145987603878,0.7201498525394905,0.04241935775729777,0.019662075773661872,0.008696536666803053,1.0,0.23153357507182837
234,0.89,-0.010000000000000009,0.20482707946865464,0.06995638076335901,0.03977020298226574,0.7366047522710287,0.7195067513947841,0.03235499929432812,0.019635078528722098,0.00877070977580998,1.0,0.24058734519592218
235,0.89,-0.010000000000000009,0.20551253864124397,0.06959671111551724,0.04000185039809193,0.7361373401200394,0.7190139087864095,0.05123687248760824,0.019545418077647325,0.008886452782674359,1.0,0.20283007547861853
236,0.89,-0.010000000000000009,0.20595997975383062,0.06937612866906506,0.039847166854436795,0.7358325514830716,0.7186925643246463,0.05436250277912612,0.01937658106704002,0.008839716944125268,1.0,0.19385244502886279
237,0.89,-0.010000000000000009,0.20709699878589474,0.06976383147088985,0.04055696508513381,0.7350591694621426,0.717877267826189,0.06513174186612963,0.01916117456281426,0.008883184561582401,1.0,0.28710153824821827
238,0.89,-0.010000000000000009,0.2086142858480798,0.0701635032619569,0.04047225723386595,0.734029663876738,0.7167921779705506,0.04498028605119431,0.018941822996066338,0.008966310378175423,1.0,0.3021492728799682
239,0.89,-0.010000000000000009,0.21087808270364752,0.07113855310363701,0.04092486631804744,0.7324989883639914,0.7151793050931887,0.03696838674264216,0.018502732598803875,0.00901425227151877,1.0,0.35336644031096187
240,0.89,-0.010000000000000009,0.2115949858063001,0.07058400535566084,0.04243028702293315,0.7320155814513791,0.7146700498944982,0.04172375696834589,0.01810122070464964,0.009035829663488319,1.0,0.19226819692242791
241,0.89,-0.010000000000000009,0.21254103628392343,0.07015209308139389,0.04267450677985854,0.7313786364305023,0.7139991278482593,0.03968060874635828,0.01762442329108094,0.008998643498778571,1.0,0.22724452802434336
242,0.89,-0.010000000000000009,0.21382211329393985,0.06965201454525809,0.04284701903479072,0.7305178936119044,0.7130926162847147,0.0432900155125344,0.017250124919717776,0.008914692037004476,1.0,0.2499486060973597
243,0.89,-0.010000000000000009,0.21486875697138916,0.06913093642534685,0.043002478802977674,0.7298161665363355,0.7123537004582834,0.029426136034232952,0.016605541074960872,0.00892749050065705,1.0,0.23213063767537157
244,0.89,-0.010000000000000009,0.21611334528488704,0.0687089477820628,0.043121653431726054,0.728983479264762,0.7114770291839445,0.03543885539894263,0.016213808194503146,0.008929557349310216,1.0,0.25435255265170853
245,0.89,-0.010000000000000009,0.21767112251430404,0.06826465054766626,0.04328593973784088,0.7279439277706267,0.7103827877526607,0.030442548082258186,0.0159524968028356,0.00891863276641119,1.0,0.27524781751337324
246,0.89,-0.010000000000000009,0.2202718645338981,0.06959153066627866,0.04412080852686997,0.7262149658089143,0.7085634098471719,0.02649998295469108,0.015817535502734723,0.008692377342851743,1.0,0.3841752170873778
247,0.89,-0.010000000000000009,0.22243129656813007,0.07073021754740456,0.043906338133169916,0.724785613326437,0.7070598216405235,0.04030782963283502,0.015817542083300322,0.00870468553085701,1.0,0.36631960801129426
248,0.89,-0.010000000000000009,0.22383942424566095,0.06990032861305434,0.044455709911737445,0.7238565845417799,0.7060827907141174,0.03070943235734555,0.01579525070974828,0.008740567928628143,1.0,0.25210099428879174
249,0.9,0.0,0.22437719176124812,0.0696992360791815,0.04472579734304829,0.7799305800166786,0.7799305800166786,0.03462696502587814,0.015791559030944983,0.00867942912069016,1.0,0.22489578573874835
250,0.89,-0.010000000000000009,0.22467679175810484,0.06953586870423138,0.044895418274370505,0.7233052498813353,0.7055030615792441,0.049086212343309836,0.015809493429966792,0.008788111238548169,0.0,0.20154558671596212
251,0.89,-0.010000000000000009,0.225881125685956,0.06953527287045716,0.04553274747605014,0.7225137703115297,0.7046709402079743,0.05402729151686187,0.015849266293997626,0.008823354219168921,1.0,0.2854612529935294
252,0.89,-0.010000000000000009,0.22728647453447615,0.0692901193210246,0.04528439619138536,0.7215923723512906,0.703702408080389,0.03813757166680333,0.015844773881587185,0.008800735888406106,1.0,0.2847426697491353
253,0.9,0.0,0.22864079278018523,0.06847723165832105,0.04529809775060704,0.776682691044645,0.776682691044645,0.03495313303611357,0.015686319558393384,0.008781226655778183,1.0,0.254334249041825
254,0.9,0.0,0.23050297620096505,0.06878902875978565,0.045810834806218864,0.7752726051690974,0.7752726051690974,0.033894955334597125,0.01543841586553378,0.008708149226665969,1.0,0.334172732893262
255,0.9,0.0,0.23243139063249404,0.06833423117512738,0.045769392011065946,0.7738177540829788,0.7738177540829788,0.027505642394520326,0.015353318502073932,0.008673255479003375,1.0,0.3117183186223109
256,0.9,0.0,0.23384254244836122,0.06797924720800672,0.04571010807722145,0.7727565957443647,0.7727565957443647,0.02410336149486027,0.015395526338941933,0.00861554840187567,1.0,0.28654930804722234
257,0.9,0.0,0.23594865529178866,0.06750687152713374,0.04574154394643932,0.7711782426456341,0.7711782426456341,0.02814939964446469,0.01543802252751597,0.00856251177493998,1.0,0.3250072907775603
258,0.9,0.0,0.23678255789212932,0.066949574206965,0.04658481394150509,0.7705550837080589,0.7705550837080589,0.018857516010759436,0.01553225992692999,0.00852752887683341,1.0,0.23313209814665226
259,0.9,0.0,0.23872417381795397,0.066969228471937,0.047414192556892915,0.7691080474509222,0.7691080474509222,0.026534913713691446,0.015584819402601582,0.008540166084125217,1.0,0.3355119675756525
260,0.9,0.0,0.2389920071057136,0.06671340277102047,0.04886219401424477,0.7689088646579911,0.7689088646579911,0.02633144533766213,0.01562197838213868,0.008531153590223073,1.0,0.18840509027475205
261,0.9,0.0,0.24020678503056614,0.06646742033000423,0.04918398516799638,0.7680067497956471,0.7680067497956471,0.0346589134411278,0.015606980724521503,0.008584438118156859,1.0,0.286854287007116
262,0.9,0.0,0.24085545067129477,0.06669996965651469,0.048269954543968076,0.7675259060006916,0.7675259060006916,0.036043235602763735,0.015569065012599756,0.008574813313915549,1.0,0.2968349311056747
263,0.91,0.010000000000000009,0.24293157337597354,0.06649457205292397,0.04805919420683645,0.7114913596483429,0.6930972772338699,0.0258852996847053,0.01556674451195468,0.008620138167627437,1.0,0.3391109616233301
264,0.91,0.010000000000000009,0.24355903450326732,0.06633176445195929,0.04804493349001266,0.7110921441635363,0.6926786116263488,0.030551765043587926,0.015470032530660835,0.008593434786703592,1.0,0.25738610777851956
265,0.91,0.010000000000000009,0.2433081876079283,0.06624926941078263,0.04796437350444813,0.711251689077312,0.6928459253887373,0.03543588751089077,0.01542688616043903,0.008557096892828294,1.0,0.25269197032560475
266,0.91,0.010000000000000009,0.24342712956705256,0.06634440182004196,0.047837876202252265,0.7111760300853535,0.6927665815561883,0.02649805738311083,0.015476976744776055,0.008603553866902565,1.0,0.302340431795735
267,0.91,0.010000000000000009,0.2436049324431157,0.06632737804098954,0.04795856404537418,0.7110629596693138,0.6926480066499456,0.02677515980684283,0.015507844270877875,0.008526462332516475,1.0,0.24605482910210252
268,0.91,0.010000000000000009,0.2439443337094908,0.06656136499390912,0.047615327024381274,0.7108472235670878,0.6924217760981505,0.04108032495577502,0.01542594358694802,0.008590700056836665,1.0,0.3065521743578614
269,0.91,0.010000000000000009,0.2454466694743518,0.06675418975127682,0.0475923764521422,0.7098938530106477,0.6914221547898204,0.04769379775662286,0.015255846909546511,0.008584169489989706,1.0,0.32836781387238667
270,0.91,0.010000000000000009,0.24750890574171291,0.06854831758155903,0.04838006260209205,0.7085893307733878,0.6900546788103477,0.057881997719255424,0.015262069453692644,0.008623687247413742,1.0,0.4084456102885976
271,0.91,0.010000000000000009,0.2488477372814038,0.06899766624959476,0.048934017900707096,0.7077449810144911,0.6891697870330049,0.052854994953310024,0.015271426730805835,0.008561599413754915,1.0,0.338202005092749
272,0.91,0.010000000000000009,0.2510430251793828,0.07053124358570403,0.049527698411894576,0.7063648433786502,0.6877237273713579,0.04433386879866748,0.015276199437634473,0.008484431829268006,1.0,0.4084456102885976
273,0.91,0.010000000000000009,0.2533530054232447,0.0718534144225994,0.049291213062040574,0.704918400690579,0.6862086564729993,0.05094873442249827,0.015228933041328902,0.008416497926807369,1.0,0.4084456102885976
274,0.91,0.010000000000000009,0.2554288651707511,0.07329110172807178,0.048830920405572256,0.7036236018690512,0.6848528242814661,0.04078696991851759,0.014941936606451545,0.008407724623163856,1.0,0.4084456102885976
275,0.91,0.010000000000000009,0.25738985727397057,0.07320893836291696,0.04937412752319884,0.7024048122019613,0.6835769291428752,0.043316071364858974,0.014828924281408884,0.008289578410564073,1.0,0.3513898728695386
276,0.91,0.010000000000000009,0.2592575183140132,0.07287837568736945,0.04923683796561774,0.701247948530691,0.6823661709006029,0.03445986872826812,0.0144644112199752,0.00828593155080396,1.0,0.33877853377783884
277,0.91,0.010000000000000009,0.26053206115554034,0.07163734014774359,0.04997402448515249,0.700460658355713,0.6815423756573803,0.02139178983354976,0.014372452754854846,0.008351427861619923,1.0,0.2532637086340426
278,0.92,0.020000000000000018,0.2616453901533729,0.07058714767711172,0.04961922566997419,0.6540085517999549,0.6160353978105324,0.03461579614363816,0.014034975821114843,0.008385296422490618,1.0,0.24967568397444384
279,0.92,0.020000000000000018,0.26243127708519887,0.07007662993354807,0.049527169501034335,0.653586105658912,0.6155776434270632,0.02240211578864381,0.013501009590008118,0.008368182576992836,1.0,0.255644584736038
280,0.92,0.020000000000000018,0.26326937406299594,0.06936775529562902,0.04937645914420938,0.653136195417075,0.6150902273180577,0.03547338836264312,0.013206936007221313,0.008339541726003033,1.0,0.24578312784650114
281,0.92,0.020000000000000018,0.2636928527830482,0.06902778661211635,0.049317072582225625,0.6529090975236262,0.6148442361792655,0.04100992671162411,0.012441813988997593,0.00819012636104083,1.0,0.2291030842872267
282,0.92,0.020000000000000018,0.26405627812470583,0.06883593625516653,0.04921307855494003,0.6527143301908501,0.6146332857916441,0.02498704619042904,0.012261429906256897,0.008098983786114738,1.0,0.24565705964343898
283,0.92,0.020000000000000018,0.26474004480489943,0.06836002976294962,0.04886636388672437,0.6523481999580689,0.6142367852636963,0.03284490249499405,0.012269028411275707,0.008109134656445038,1.0,0.2508418094395475
284,0.92,0.020000000000000018,0.26527061253071976,0.06761458887171339,0.04929479225015435,0.652064384648363,0.6139294735799681,0.024710492397358612,0.01231088288646814,0.008150080581872186,1.0,0.1960124120527531
285,0.93,0.030000000000000027,0.2662306269151302,0.06636481265355022,0.049593115061148274,0.611696310422006,0.5550039289707374,0.021645063391918094,0.012403177404438526,0.008100388695976724,1.0,0.22654208850454782
286,0.93,0.030000000000000027,0.26679906132894365,0.06544575849645107,0.049807988424991574,0.6114289560639125,0.5547068626990111,0.02804326512527486,0.012387255032237757,0.00812620288831734,1.0,0.1883798096082323
287,0.93,0.030000000000000027,0.26765714100246696,0.06444295428805612,0.050061932187399745,0.6110258139055614,0.5542590284378369,0.021163788000475463,0.01240024036347493,0.008144366157565823,1.0,0.23423415145505677
288,0.94,0.039999999999999925,0.2684924263609802,0.0636976225931805,0.048928841571928484,0.5754923763317663,0.5011204833013058,0.025126274717966395,0.012297330825743769,0.008141811460481908,1.0,0.25266862932246503
289,0.94,0.039999999999999925,0.268399013358056,0.06365855141298778,0.047729070655120706,0.5755312845090385,0.5011644954548252,0.02249497552734607,0.012283204935360248,0.008052763450170412,1.0,0.2904092419777795
290,0.95,0.04999999999999993,0.26916640176579165,0.06259878820033918,0.04787765822064667,0.5439246227706405,0.45314544211409363,0.027874363437387258,0.012310110617213165,0.008001406826196177,1.0,0.21997144962448534
291,0.94,0.039999999999999925,0.26902198928387955,0.06277698798173838,0.0480641984659291,0.5752719033627753,0.5008711222884836,0.026047087935363263,0.012271242131905198,0.007966092511829967,0.0,0.1845189840259268
292,0.94,0.039999999999999925,0.26955662740363046,0.06225890430268549,0.04743748221218184,0.5750494887344662,0.5006196230829822,0.03735157161059203,0.012104485927049284,0.008002539198950468,1.0,0.23543906287663008
293,0.93,0.030000000000000027,0.2684458247051256,0.0627848164574848,0.046933769278922045,0.6106557438774036,0.5538480494107133,0.050954067478861276,0.012113707213017603,0.008081459011529355,0.0,0.18385996902274493
294,0.93,0.030000000000000027,0.26838933419725897,0.0628547316170045,0.0459007144018879,0.6106822357253919,0.5538774660593253,0.056136806312070034,0.012232762238479872,0.008011136836227839,1.0,0.18784451383994738
295,0.93,0.030000000000000027,0.2683628442855178,0.06284206588905837,0.04700432083881867,0.6106946592539315,0.5538912613897727,0.06413786106743552,0.012352814493895496,0.00783215202454474,1.0,0.2971015510960917
296,0.93,0.030000000000000027,0.2682566940064783,0.06279790712832764,0.04702352963564512,0.6107444478444087,0.5539465488832354,0.06360547265559717,0.012595398278245488,0.007790586661507081,1.0,0.2891355143662453
297,0.93,0.030000000000000027,0.2684019362674329,0.06287330472357489,0.04578325667049798,0.610676325646119,0.553870903435247,0.08989822474505131,0.013560722055968623,0.008003566268981249,1.0,0.30821040252163856
298,0.93,0.030000000000000027,0.2695873988878262,0.06177201910001866,0.04605466552872157,0.6101208821578394,0.5532542593531725,0.09394479869391048,0.014620835637256389,0.007960622445234725,1.0,0.2703705267605443
299,0.93,0.030000000000000027,0.27026527697954145,0.060963019810256536,0.046245781414256726,0.6098037190985612,0.5529022630371007,0.06948068625223494,0.014874810978305992,0.008204564396303002,1.0,0.2305824726896959
300,0.94,0.039999999999999925,0.2717637949767589,0.05961682361152167,0.04666418669296891,0.5741331033401178,0.49958401711068406,0.08047125079060014,0.015373717671997114,0.008141877785641391,1.0,0.2917788818370468
301,0.95,0.04999999999999993,0.2735198475251715,0.05893134296664852,0.046862249996154015,0.5423097277567444,0.4512995431309104,0.0973641850782416,0.016145683555623253,0.008251580625029465,1.0,0.33730662351141194
302,0.95,0.04999999999999993,0.2744212174101502,0.0582965173237135,0.047446417079741836,0.5419765653513202,0.45091923204997325,0.08949839279560136,0.01651175309439069,0.008257353639610375,1.0,0.2777578318270597
303,0.95,0.04999999999999993,0.2755362167010592,0.05765562508071335,0.04747530981531301,0.541565007646334,0.45044967117101925,0.06838820188640501,0.016517364099840132,0.00839212916378779,1.0,0.2974045220109307
304,0.96,0.05999999999999994,0.27662849267826384,0.056655178173250345,0.04697618389253146,0.5133802328676996,0.40716835714200833,0.05935455842862994,0.01650627653150594,0.008424266401309955,1.0,0.2783458812781783
305,0.96,0.05999999999999994,0.2764226554093201,0.056833746450540054,0.04740173505419827,0.5134484643890481,0.40724656622483,0.05837294210970585,0.016544731785368083,0.008352609975008552,1.0,0.21700666375147004
306,0.96,0.05999999999999994,0.277955277864764,0.05731235705787949,0.04839527071280716,0.5129408611529948,0.40666495725345314,0.06459221798662121,0.016710385787830313,0.008401404358317438,1.0,0.3716429836685302
307,0.96,0.05999999999999994,0.2798284860208723,0.06016420550997297,0.0490141850244526,0.512321817565133,0.4059563528227417,0.06975234391280759,0.016957379277101836,0.008269142604244294,1.0,0.4619778434497579
308,0.96,0.05999999999999994,0.2790494791325533,0.06035385338607741,0.05023773921274216,0.5125790762616534,0.4062507384036606,0.06956942883341499,0.01705307710268164,0.008112921733982929,1.0,0.2258186819353527
309,0.96,0.05999999999999994,0.2805319931737455,0.059935484605647835,0.050149869586276014,0.512089713651964,0.4056908648696441,0.05343119688080032,0.01708635310817104,0.00825045670826404,1.0,0.3369434780127285
310,0.96,0.05999999999999994,0.2820666119783327,0.06254040454134396,0.05067538070634901,0.5115841350582285,0.4051129370673545,0.06146502479742812,0.017204543546497173,0.008190368116203686,1.0,0.4619778434497579
311,0.96,0.05999999999999994,0.28433131842841797,0.06487045573368788,0.05054161566507071,0.5108398508642019,0.40426306447442273,0.054215034787231296,0.017225186587888765,0.008238788303242357,1.0,0.4619778434497579
312,0.96,0.05999999999999994,0.2848419584447116,0.06478928956740038,0.051694197573143426,0.5106723307408635,0.4040719298700665,0.07868169774115287,0.01757547951716608,0.008391350792620753,1.0,0.29981393915714816
313,0.96,0.05999999999999994,0.28440001892830713,0.06485685042166077,0.05115068774892183,0.5108173066391462,0.4042373390754814,0.06352293681756345,0.01770433481430827,0.008537979973042148,1.0,0.2526142812807448
314,0.96,0.05999999999999994,0.28624440049803873,0.06493352926960241,0.052381213012923956,0.510212811548473,0.4035479188134613,0.07838879091326206,0.018067324922129212,0.008631585029024865,1.0,0.3802392594200146
315,0.96,0.05999999999999994,0.2884313280636113,0.0653366552934551,0.052209211721221026,0.5094978985436226,0.4027334977532298,0.09507118759765595,0.01881226275810864,0.008738404734430643,1.0,0.4086908820010584
316,0.96,0.05999999999999994,0.2897965510256702,0.06564153812331172,0.051945172043680765,0.5090526180213026,0.4022267474511347,0.08028619844207228,0.019169843619577995,0.00872739636744174,1.0,0.37200017210931624
317,0.97,0.06999999999999995,0.2896624162541932,0.06563771208967337,0.05235535612622921,0.4844339767686119,0.3639948112899551,0.08583752583585565,0.01951222195091039,0.008670597614818655,1.0,0.2848950367239542
318,0.97,0.06999999999999995,0.28897565190786384,0.06541606549625345,0.05244390204817032,0.4846367374352023,0.3642253820972173,0.084148281880072,0.019887787566819536,0.00866198580048889,1.0,0.27612899045178496
319,0.97,0.06999999999999995,0.28805450547948724,0.06527181165097865,0.051976394640466834,0.48490896384718923,0.3645351022133916,0.0971623394452182,0.020547793059687052,0.008714728494229263,1.0,0.25269078224705943
320,0.97,0.06999999999999995,0.28906665535497306,0.06584507165686017,0.05304146660413704,0.48460985977473797,0.36419481226991957,0.08359489874884012,0.020830140950063913,0.008767303591944097,1.0,0.37629897106592924
321,0.97,0.06999999999999995,0.2886972246271469,0.06592415294238471,0.05373274558154935,0.4847189888152596,0.3643189431125076,0.0824950166459513,0.021129501983565568,0.008681222166233817,1.0,0.2563069751502596
322,0.97,0.06999999999999995,0.2874822015392037,0.0659984867442611,0.053223023126586055,0.4850782509190758,0.36472779529885097,0.09564406612082665,0.02160729354435346,0.008786013662458935,1.0,0.22330311629039912
323,0.97,0.06999999999999995,0.2877771533787461,0.06594687990657915,0.05341043431836325,0.4849909896300636,0.3646284604321257,0.09754806525903005,0.02211976527911613,0.008774715353444675,1.0,0.2908342271377333
324,0.97,0.06999999999999995,0.2893573900716502,0.06831869038977167,0.054768574661105476,0.484524011912211,0.36409718320099466,0.09178746861350931,0.022454443273765997,0.00868181015323539,1.0,0.46834011533529085
325,0.97,0.06999999999999995,0.28869344153992516,0.06801535094632441,0.056600579996427,0.484720106585299,0.3643202146891921,0.09015996410913586,0.022830698485281433,0.008625764682643571,1.0,0.2869715871384595
326,0.97,0.06999999999999995,0.2875770088614065,0.06786072233995799,0.056616182801188755,0.48505019881690764,0.3646958598698944,0.08138401401633105,0.023062843197677707,0.00857557493454612,1.0,0.24172317245910047
327,0.97,0.06999999999999995,0.28756262409307043,0.06785619151219109,0.05622777653522388,0.48505445485100257,0.36470070495586054,0.05818455862349082,0.023038678723449918,0.00871761634761766,1.0,0.30822422646940884
328,0.97,0.06999999999999995,0.28833089075405766,0.06734678287761457,0.05573786083361512,0.4848272515955455,0.3644421169780035,0.04679608887079436,0.022921511613113135,0.00878622304097216,1.0,0.28153609506090893
329,0.97,0.06999999999999995,0.28891696363364416,0.06752562973705534,0.056027718065323855,0.48465407246447856,0.3642450993517573,0.053621890832921015,0.022751140637565843,0.008852662028622416,1.0,0.3385065027886025
330,0.97,0.06999999999999995,0.2886881025879097,0.06769021744003072,0.05610879045977925,0.4847216840677726,0.36432200924047786,0.04676939940352541,0.02257097952676468,0.008734967787844009,1.0,0.22873856846798124
331,0.97,0.06999999999999995,0.28796031606822003,0.06738144507995543,0.05663251995345615,0.484936816880208,0.3645668015178994,0.057864772688796105,0.022560420103911964,0.008748853664957278,1.0,0.2805877883419945
332,0.97,0.06999999999999995,0.2866200411009722,0.06740008991688248,0.05602056015059438,0.48533350059849006,0.3650184671444758,0.060332486557188966,0.02249041396340591,0.00864678617682228,1.0,0.21933894358617656
333,0.97,0.06999999999999995,0.2872654695379734,0.0671781555740206,0.056704233939096155,0.4851423909418985,0.36480082153032783,0.06275551970307808,0.022509131820835915,0.008569601072609345,1.0,0.296076418771946
334,0.97,0.06999999999999995,0.2872512767948679,0.06718816495145487,0.05689767917312916,0.4851465917572532,0.364805604689471,0.06585507930285014,0.022484104968979762,0.008410183763584012,1.0,0.23916807088537495
335,0.97,0.06999999999999995,0.2880791875766813,0.0666507408359339,0.05727621909560212,0.4849016655593398,0.36452679640227753,0.07624825921937936,0.022624544621098145,0.008483593355755844,1.0,0.2856211536599538
336,0.97,0.06999999999999995,0.2892897557431871,0.06602474927892527,0.056630148538027794,0.484543980195581,0.3641198902179194,0.060758116499913084,0.022642417447381116,0.008531279251033244,1.0,0.31490926167945155
337,0.97,0.06999999999999995,0.28922711860963496,0.066029766486997,0.05682230714565098,0.48456247458073537,0.36414092204221055,0.04365233544958974,0.022611735094737972,0.008500514859471509,1.0,0.28083782489300657
338,0.97,0.06999999999999995,0.28862578904190184,0.06618298303263623,0.05669709847247278,0.4847400964041702,0.36434295564230323,0.02783949268241244,0.022721815315940325,0.00857931226814449,1.0,0.24201631610665397
339,0.97,0.06999999999999995,0.2876317436375135,0.06594923388249901,0.05519050595102767,0.4850340050731778,0.36467742524784313,0.023855100362711566,0.022839266523660504,0.0085715246125283,1.0,0.25396189987212114
340,0.97,0.06999999999999995,0.28882007550572075,0.0652874834612703,0.055414376181018826,0.4846826934764575,0.36427765512339033,0.026604424239894252,0.022948302142927337,0.008578657699954511,1.0,0.3111013837431622
341,0.97,0.06999999999999995,0.2888400354887668,0.06526895774125314,0.05601191940668758,0.4846767969676479,0.36427094781283137,0.02648822179897012,0.02304838997463303,0.00854337280778025,1.0,0.2292405263289401
342,0.97,0.06999999999999995,0.2889382564586167,0.06521772784554096,0.056140325551449446,0.48464778296011446,0.36423794544346844,0.021358718902536645,0.023219343825191432,0.008455146781700775,1.0,0.2597707030823526
343,0.97,0.06999999999999995,0.2889738743206418,0.06518765901654151,0.056159076705269,0.48463726247121947,0.36422597927442824,0.022463501101147264,0.023292000628122776,0.008405571658810887,1.0,0.23569242387787992
344,0.97,0.06999999999999995,0.2901672678704746,0.06563377021349277,0.057341947603202756,0.48428503228088576,0.36382550103678124,0.023497620859473975,0.02339762819808144,0.008365549562261819,1.0,0.3736919076349863
345,0.97,0.06999999999999995,0.2897515931898478,0.06585818723995907,0.05765592900330667,0.48440766056821305,0.36396489288669504,0.02684647743577679,0.023430489394613407,0.008359552506188441,1.0,0.2336803494506936
346,0.97,0.06999999999999995,0.28829539622184736,0.06536231703535963,0.05752481346553454,0.484837743877276,0.3644540558689286,0.03719951139898284,0.023347110919643112,0.008324655408057756,1.0,0.23855552028733684
347,0.97,0.06999999999999995,0.28833470052986554,0.06541038756628187,0.05770133775647666,0.48482612544228426,0.3644408355736556,0.038415947603491825,0.023355826919090578,0.00823998913461351,1.0,0.37025003881310714
348,0.97,0.06999999999999995,0.28958090803097486,0.0658935478555849,0.057491908433613736,0.4844580324257195,0.36402216118234404,0.03755394771732109,0.023308852655804152,0.008209125167114905,1.0,0.3767217443997235
349,0.97,0.06999999999999995,0.2903682197163748,0.06558560095782177,0.057994379050767264,0.4842257716885348,0.36375815236263587,0.04532153036148043,0.023261738177881908,0.008141532594657608,1.0,0.3036269542787393
350,0.98,0.07999999999999996,0.2923692454801188,0.0658969240976647,0.05813685927838398,0.46132509684163037,0.32853639543843605,0.01892208193412273,0.02346998109161763,0.008358283799241504,1.0,0.40164816309036233
351,0.98,0.07999999999999996,0.29345293624858637,0.06666105709216731,0.058208568874400964,0.46103524796106987,0.32820935576101024,0.023379313514306048,0.02361484473100621,0.008242804119747812,1.0,0.393830329840289
352,0.98,0.07999999999999996,0.2935638153302997,0.06665569805236993,0.05889130959371927,0.4610056122736777,0.3281759310292595,0.03504137951104706,0.02363197865236009,0.008328436719404897,1.0,0.2958305779204653
353,0.98,0.07999999999999996,0.2936889467999318,0.0665936521514463,0.058377619675173645,0.4609721717932576,0.3281382180611415,0.02936059104759735,0.023673266793271284,0.008375129757404223,1.0,0.2668473960050455
354,0.98,0.07999999999999996,0.2937792295668579,0.06665456796153217,0.05892205603183907,0.46094804738938505,0.32811101341310794,0.03925801282442101,0.023643703966695347,0.008410565200199645,1.0,0.3432010095858733
355,0.98,0.07999999999999996,0.29314714931119507,0.0667810344458345,0.05962429548592753,0.46111699823814506,0.3283015711652625,0.036409595791462884,0.02357683461879501,0.008404970615687504,1.0,0.24851029305602612
356,0.98,0.07999999999999996,0.29300291425979375,0.06681069834134837,0.059474371517450025,0.4611555686649639,0.32834508575796506,0.05106439460213359,0.02343593492949193,0.008512129814284135,1.0,0.272125802907091
357,0.98,0.07999999999999996,0.2926200884012728,0.06673585404549974,0.05869380292540421,0.46125797283694053,0.32846063729970537,0.04667247931233402,0.023335461713504327,0.008462635184547712,1.0,0.2867247049254633
358,0.98,0.07999999999999996,0.29307391204840133,0.06648360501772943,0.05774259456820172,0.461136582078244,0.3283236648361178,0.054313873135141,0.023125137040559157,0.008462271508990893,1.0,0.2785144628595093
359,0.98,0.07999999999999996,0.2918732544666679,0.06678981115512041,0.056893719579881534,0.4614578784718484,0.32868629470874106,0.06768792140208542,0.02306031618326689,0.008595307669505189,1.0,0.21544620940230708
360,0.98,0.07999999999999996,0.2921677194821203,0.06639674404583894,0.055923580041349445,0.46137903809870195,0.3285972844839186,0.03761934429615266,0.022966948921321458,0.008814914831146272,1.0,0.21785159181999347
361,0.98,0.07999999999999996,0.29150971731820763,0.06677113027308311,0.05585511372516045,0.461555249464626,0.32879625044111066,0.0382422319305973,0.02294410427470413,0.008807223573295853,1.0,0.22105407061584126
362,0.98,0.07999999999999996,0.2909511739019553,0.06695760013455399,0.055629361082200346,0.4617049316747349,0.32896533134154476,0.040522866493013135,0.022919016494137502,0.008727654872733807,1.0,0.24098058948044576
363,0.98,0.07999999999999996,0.2904544482145088,0.0667825030445911,0.055293330269608566,0.46183812913989686,0.3291158450893575,0.038279872680732185,0.022815340983480557,0.008703175362162073,1.0,0.28943839287867124
364,0.98,0.07999999999999996,0.291208728013602,0.0668306966450052,0.05568405307118697,0.46163589853653586,0.328887343588598,0.029414294192960336,0.02282594941736722,0.008743392089641557,1.0,0.3328140876878487
365,0.98,0.07999999999999996,0.29152089828520633,0.06672287477475793,0.0556765442704969,0.4615522541049532,0.3287928675405104,0.029875660648027602,0.022871156959769174,0.008657771244462643,1.0,0.28390899748603604
366,0.98,0.07999999999999996,0.2915740060620968,0.06673357808563961,0.05534782315236681,0.46153802716398307,0.3287768002627403,0.013999367510497948,0.0230393678102824,0.008815338827430295,1.0,0.3076512094847892
367,0.98,0.07999999999999996,0.29158454052911226,0.06672647443181895,0.05534828364151214,0.46153520520996605,0.32877361334162103,0.022008774560850045,0.023094464942954227,0.008751745311283022,1.0,0.2471082758036427
368,0.98,0.07999999999999996,0.2907948955233233,0.06701130158248729,0.05532510144464497,0.46174682958616275,0.3290126706902993,0.02233741921533799,0.02325000554087571,0.008688262198693527,1.0,0.22758767377896616
369,0.98,0.07999999999999996,0.2909331582748911,0.06710288333736823,0.05567387537226103,0.46170976123950297,0.32897078788322276,0.03274718254422599,0.023317727464351096,0.008690500212494089,1.0,0.3421940890291666
370,0.98,0.07999999999999996,0.29006027559155956,0.06612925432074983,0.05517683640133052,0.461943881605979,0.32923538209642217,0.04200127308005052,0.02332232042518506,0.008733198068755492,1.0,0.32115734195543855
371,0.98,0.07999999999999996,0.2897367676654248,0.06597189473802005,0.05462191240416199,0.46203071165201,0.3293335541861508,0.05144744403453798,0.02332134175142261,0.008742541955622612,1.0,0.30585121247927494
372,0.98,0.07999999999999996,0.2878524062721431,0.06524140666288891,0.05548900070233219,0.4625371267936857,0.3299065503903306,0.05327485362441721,0.023314581927313293,0.008694183813865526,1.0,0.220009470960425
373,0.98,0.07999999999999996,0.28631320230387813,0.06418529273714464,0.055837644565985556,0.462951606632232,0.330376072801509,0.04378663898890462,0.02332443622449441,0.008687380279840597,1.0,0.2545252134621079
374,0.98,0.07999999999999996,0.2848933930006867,0.06302786949344447,0.055381924657786394,0.4633345948229972,0.33081036130705155,0.06225078777326644,0.023332451531034654,0.008848340353962016,1.0,0.26646467996944967
375,0.98,0.07999999999999996,0.28415663943365854,0.06267588907578915,0.0553681721032973,0.46353358114259413,0.33103616831939864,0.06987353076983127,0.02339731931442885,0.008835881165678926,1.0,0.27771451616672893
376,0.98,0.07999999999999996,0.28299671752121436,0.06272757984010251,0.05505921602743386,0.46384720561362996,0.33139229723421976,0.056079971096153966,0.023343118853958303,0.008843209254355278,1.0,0.22278634253341112
377,0.98,0.07999999999999996,0.28292342359635864,0.06276654840261096,0.0552567912694083,0.4638670373836489,0.331414826287848,0.07789440322140578,0.023297660012110536,0.008929981232286222,1.0,0.24593431614847794
378,0.98,0.07999999999999996,0.2830341439667139,0.0627175480653479,0.05534612969465981,0.46383707947117503,0.331380794291574,0.08530769573666491,0.02346906091404582,0.00888149246622829,1.0,0.2607477210099718
379,0.98,0.07999999999999996,0.2829695450852907,0.06274904488229133,0.05536331724543476,0.4638545576964037,0.33140064912805206,0.0809582397944338,0.023446061404265268,0.008793393308331642,1.0,0.24918469659371412
380,0.98,0.07999999999999996,0.28426458409540123,0.06330215153872693,0.0564685928889152,0.46350441618895033,0.33100306517419226,0.08348224209928509,0.023575594023760228,0.008762963651320229,1.0,0.37528702885755205
381,0.98,0.07999999999999996,0.284852248202033,0.06305964702994758,0.05718438640963179,0.4633457029247904,0.3308229636217464,0.09040379953220341,0.023827455047532482,0.008671031094872989,1.0,0.28786949495039793
382,0.98,0.07999999999999996,0.28575234379422954,0.06313610128968887,0.05761481443101153,0.46310282041471207,0.3305474907890316,0.10208624356273978,0.02412595176081031,0.008709663294125225,1.0,0.3356666188631008
383,0.98,0.07999999999999996,0.2855936204952696,0.06324352640311855,0.058078124955584814,0.46314563194202474,0.3305960344821281,0.09623375322832912,0.02437643768893544,0.008686613599547198,1.0,0.23496947954355019
384,0.98,0.07999999999999996,0.2857751130566495,0.06301180842820071,0.05797992429801932,0.46309667964095047,0.33054052824152647,0.06992245660393191,0.024224192355315997,0.008921420343173022,1.0,0.21416166819074078
385,0.98,0.07999999999999996,0.28576158677841246,0.06302466595860844,0.0577058385767445,0.46310032760133885,0.3305446643680189,0.0725352562794691,0.02403671335734037,0.008883183958750603,1.0,0.22518946068084955
386,0.98,0.07999999999999996,0.28610154233718904,0.06258864892823182,0.05727108861056404,0.46300866094463816,0.33044074260282486,0.06148598501832382,0.02387425894670761,0.008925303091440965,1.0,0.2223753654858911
387,0.98,0.07999999999999996,0.28573296422992056,0.06300017838448262,0.057337397165011184,0.4631080471295268,0.33055341704153923,0.048081873043537185,0.023623991620296346,0.009020673043534861,1.0,0.19737634072821386
388,0.98,0.07999999999999996,0.28501047705150606,0.06378460924955073,0.05712745591846458,0.46330298787147434,0.33077450467469943,0.02630156898316953,0.023608499451150324,0.00921409733514847,1.0,0.1804199114810141
389,0.98,0.07999999999999996,0.28424115586836385,0.06417759158676033,0.05674987430057814,0.4635107458164048,0.331010249293038,0.0315018702071139,0.023494165323970424,0.00921228837872325,1.0,0.21347712366354998
390,0.98,0.07999999999999996,0.2838171127035634,0.06473848136236819,0.05675449576442209,0.4636253398696179,0.3311403333933256,0.01957557470580649,0.023611051526455148,0.009314298681746316,1.0,0.1775671331444404
391,0.99,0.08999999999999997,0.28386033790755055,0.06467357712990783,0.056354034071790765,0.44307222272644675,0.2996161616844809,0.015993226503133187,0.023762945034689946,0.009236297313336663,1.0,0.18884150442464365
392,0.99,0.08999999999999997,0.28326581954332275,0.06538530423331805,0.05596287431539591,0.44321904206078244,0.29978132940190466,0.021676957462603418,0.02394145167782421,0.00915630978900536,1.0,0.17598722645384957
393,1.0,0.09999999999999998,0.28344833074159864,0.06513255999350387,0.05618650378589373,0.42436711420805806,0.27120746691116765,0.018591972519941068,0.024232526250693255,0.00913512035576752,1.0,0.20211108885033613
394,1.0,0.09999999999999998,0.28355244106909916,0.0649878199280485,0.05512184222027954,0.4243435377712786,0.27118129263349744,0.02096542345425173,0.02448590713125411,0.009078275872726558,1.0,0.19825554658999645
395,1.0,0.09999999999999998,0.28270503797053714,0.06535705572082473,0.055183858966946726,0.424535513669585,0.2713944843444697,0.017763596249128297,0.02476352447627738,0.00910523990094156,1.0,0.2123612412398943
396,1.0,0.09999999999999998,0.2814561265975141,0.06640708339051522,0.05547721226008371,0.4248187665807712,0.2717093002493132,0.019840982745923462,0.02500129105432401,0.008860640248490459,1.0,0.16424437706394035
397,1.0,0.09999999999999998,0.28030394894057636,0.06693036073787222,0.05538537775506176,0.4250804157024727,0.2720003806664942,0.021190284266468396,0.02497750494115451,0.008833395072446881,1.0,0.19299263682786139
398,1.0,0.09999999999999998,0.27936278934230363,0.06772048004341984,0.05515254963206917,0.42529438381805207,0.2722386137302069,0.037957897983148456,0.024709425487524788,0.00875565266108329,1.0,0.17625456693327846
399,1.0,0.09999999999999998,0.2787720381643259,0.0683977133012097,0.054582355721907685,0.4254287983335314,0.27238836219993473,0.045100106543254,0.02467351771464867,0.008716780378474606,1.0,0.1715073548919146
400,1.0,0.09999999999999998,0.27780400412190404,0.06889003520638266,0.05435953128785297,0.4256492403727033,0.27263410391407966,0.07289591937878342,0.024602217549338796,0.00882691046481691,1.0,0.19497547759486178
401,1.0,0.09999999999999998,0.2759905516876366,0.06968212808307418,0.05415211013457862,0.42606281768682364,0.27309565594415824,0.06409485686433922,0.02422831206115706,0.008836357638875535,1.0,0.1559613800846691
402,1.0,0.09999999999999998,0.27497794164946054,0.07038133540093659,0.054161087485496966,0.4262941041588126,0.27335406163585374,0.0808171872411407,0.024113101016654422,0.008792035815315992,1.0,0.17649682800945565
403,1.0,0.09999999999999998,0.2737549781094548,0.07104045984366315,0.05398260283162171,0.42657377167582644,0.2736667996528787,0.05124675435840971,0.024064239031296474,0.00899947813273979,1.0,0.17510816801035411
404,1.0,0.09999999999999998,0.2727828055394962,0.07163370341960121,0.05342382746541221,0.4267963501960635,0.27391591602364,0.08113046718563793,0.02421999778709314,0.009291418501510539,1.0,0.18112862428232113
405,1.0,0.09999999999999998,0.2722514651827293,0.07223994484119593,0.05203614742794227,0.4269180985528001,0.27405226220714773,0.06804832263709222,0.024260228827255106,0.009360740407284582,1.0,0.16387262807478264
406,1.0,0.09999999999999998,0.2702021738432778,0.07229803025646274,0.05115237330539045,0.42738831298541713,0.2745794005078988,0.07987937712167052,0.024379532075688683,0.009428123524036016,1.0,0.16671384972337888
407,1.0,0.09999999999999998,0.26746142472403317,0.07013876283169503,0.04898095835879965,0.4280188053298738,0.27528758005135556,0.08583779108350624,0.024539875549488326,0.009486461896585946,1.0,0.18790293152529514
408,1.0,0.09999999999999998,0.26698224367835977,0.0705838983806355,0.047959519551526004,0.4281292290570711,0.2754117705211302,0.07854199816911708,0.024614779302716282,0.009397144330543266,1.0,0.17790057736801002
409,1.0,0.09999999999999998,0.26538861298864763,0.07078508451009388,0.046699780186773086,0.4284968796485765,0.2758256027226825,0.07773731138962045,0.02473180648152865,0.009324122702895475,1.0,0.17758040904151917
410,1.0,0.09999999999999998,0.2624739193733575,0.06859724402344328,0.04677121379405362,0.4291709355541819,0.2765857132589707,0.06749318424806848,0.024757684794567254,0.009354366512303104,1.0,0.17050848192074608
411,1.0,0.09999999999999998,0.2593144436950007,0.06658207465639888,0.04538044916793308,0.42990399947718744,0.2774144055387163,0.057310286395110446,0.02476001086949135,0.009210086056737815,1.0,0.1460302756140699
412,1.0,0.09999999999999998,0.2579912723277103,0.06707700488419498,0.04512051855114159,0.43021174722734273,0.27776293453795026,0.0569132003858845,0.024636717420278415,0.009060978229320001,1.0,0.16749680242811515
413,1.0,0.09999999999999998,0.2576560733877823,0.06718670093281683,0.044352565083672434,0.4302897789102152,0.27785136644463787,0.06471197340799097,0.024641741874708946,0.00898959357201099,1.0,0.21909438728793873
414,1.0,0.09999999999999998,0.25583521808006787,0.06630140408393054,0.04427669676102918,0.43071415475158426,0.2783327284125617,0.0788733594664967,0.024646641188110496,0.008964128818214139,1.0,0.19815372864857683
415,1.0,0.09999999999999998,0.2542287187849313,0.06450003340580057,0.0444099948817068,0.4310892675969349,0.2787588101716612,0.06527315845168698,0.02432286230116916,0.008952161261236626,1.0,0.24804095248740166
416,1.0,0.09999999999999998,0.25226798149140905,0.06386721483472727,0.04425857442054468,0.4315479802821612,0.27928061528159975,0.07887370935879179,0.02430766089250585,0.009033466549249974,1.0,0.17592644275708835
417,1.0,0.09999999999999998,0.2515426278852248,0.06390443234977877,0.04453804095666865,0.4317179235575382,0.2794741468115316,0.11099920334377009,0.02476795457332295,0.009340903418231737,1.0,0.21235967610553064
418,1.0,0.09999999999999998,0.2504256997470153,0.06443880346297814,0.04478536713111283,0.4319798708197376,0.27977267936581246,0.12086430246669533,0.02547917732054016,0.009309095757199203,1.0,0.1644361766308322
419,1.0,0.09999999999999998,0.2501000030412683,0.06450880318214419,0.044099273658614414,0.43205631462101934,0.27985985172334815,0.10924892659955095,0.025711141836528773,0.009289377930641286,1.0,0.22012111167236048
420,1.0,0.09999999999999998,0.24809194289192585,0.06366909534153938,0.0433380227457357,0.4325282217801761,0.28039850901225005,0.10444614262113681,0.026031688287289894,0.009326780979889017,1.0,0.1754929561316847
421,1.0,0.09999999999999998,0.2482391639928224,0.06370493140250877,0.04396966183915358,0.43249358885085504,0.28035894687869867,0.12842678857917747,0.026914451613560764,0.009436191045375535,1.0,0.27102908523991665
422,1.0,0.09999999999999998,0.24914849149363893,0.06399085083817653,0.043723961539000065,0.43227979757407586,0.2801148341766206,0.13085517273664793,0.027666167698657353,0.009441487863751971,1.0,0.3142358663720526
423,1.0,0.09999999999999998,0.24896800509254366,0.06389840790617546,0.042349662459669646,0.4323222147761987,0.28016325267187847,0.12664571811139003,0.02825711259346848,0.009425819762537193,1.0,0.27278558702820543
424,1.0,0.09999999999999998,0.24664253174599865,0.059984109099976944,0.04089132183492811,0.4328694838799161,0.28078860033727404,0.12198442254216418,0.028799902283839038,0.009456464116727624,1.0,0.23579278068078868
425,1.0,0.09999999999999998,0.2465183832086831,0.059913317644024654,0.04082582221923881,0.43289873954264396,0.2808220638732737,0.144295603131664,0.02992818935096076,0.009593183616694239,1.0,0.27455673340690834
426,1.0,0.09999999999999998,0.24590148307351814,0.060276014925779636,0.04110887798140039,0.43304417102328235,0.2809884641738778,0.13738935268820307,0.03090060619073685,0.00942860578892273,1.0,0.18003315894260408
427,1.0,0.09999999999999998,0.24526231786768093,0.05994975897354217,0.04148853874437599,0.43319495450037276,0.28116107830234605,0.12523044568790492,0.03164060249791023,0.00943638798334295,1.0,0.24430770588568862
428,1.0,0.09999999999999998,0.24491862649464444,0.05983923365684382,0.04094196141249597,0.4332760770838771,0.28125398393348267,0.11276978466413999,0.03209448781520701,0.009493305751642329,1.0,0.24716695775725928
429,1.0,0.09999999999999998,0.24440502629880856,0.05925128785443039,0.040237027989537696,0.4333973604368896,0.2813929333009087,0.12631194927595224,0.032798279340903895,0.009560878208030374,1.0,0.2871464832050121
430,1.0,0.09999999999999998,0.24474855873888365,0.059259047230255615,0.039956274967876154,0.43331622996278435,0.28129997885550273,0.11918987600776212,0.03331752370709387,0.0095207438644235,1.0,0.26309181247549174
431,1.0,0.09999999999999998,0.24464648200277783,0.05920599227965143,0.03941121898302866,0.43334033378338704,0.2813275927924249,0.11716848077014796,0.0338048782486862,0.009516235595425734,1.0,0.27038011473140844
432,1.0,0.09999999999999998,0.24498397540907974,0.0591569399585366,0.0388107579257486,0.4332606502296028,0.28123631428206747,0.10980007375383456,0.03416276037735331,0.009566188866844162,1.0,0.25308828421636553
433,1.0,0.09999999999999998,0.2445159875179671,0.05893559628587906,0.03827441758907296,0.43337115191537845,0.2813629022337463,0.09668152696412799,0.034349162274859714,0.00966739075765158,1.0,0.24927762966068268
434,1.0,0.09999999999999998,0.24461973965733524,0.05893522274603243,0.037807877916213664,0.4333466490122278,0.28133482806417853,0.10825347863702305,0.03466585990508978,0.009679297543069417,1.0,0.249543284822191
435,1.0,0.09999999999999998,0.24530260224581057,0.05979566015755316,0.038566221549201495,0.43318544803754594,0.2811501927674738,0.09531824610307732,0.03479871643400833,0.0096534903694783,1.0,0.3539074125074846
436,1.0,0.09999999999999998,0.245658935286163,0.06031332878540328,0.03825605397350801,0.43310137735775645,0.2810539421146244,0.10005617490354127,0.03500734170403797,0.00952856256897467,1.0,0.350542565714695
437,1.0,0.09999999999999998,0.24626512545167079,0.060964965415897174,0.03795569251375605,0.43295843211871304,0.28089035280680047,0.08397434332744713,0.035025045129363525,0.009531279627650598,1.0,0.3414568414437855
438,1.0,0.09999999999999998,0.24759504949930736,0.06229387546134646,0.03817393792447383,0.432645154097669,0.28053211965053404,0.08793485831822298,0.034941027820464265,0.009531038442509942,1.0,0.37500872087031234
439,1.0,0.09999999999999998,0.24880551770928927,0.06356885051180375,0.03759677142072595,0.4323604090412715,0.28020685694970093,0.09257975980544,0.03483850731532217,0.009550185691096147,1.0,0.37500872087031234
440,1.0,0.09999999999999998,0.24886738038963643,0.06363242260057059,0.03735293517505135,0.4323458668114009,0.2801902541992368,0.10022339922394961,0.03482329052638448,0.009626220408041456,1.0,0.31728765177787444
441,1.0,0.09999999999999998,0.24902533997954343,0.06360310431380482,0.03777435931348384,0.43230873925504965,0.2801478698156849,0.11060719741280756,0.034910750022237536,0.009679294097863923,1.0,0.24503648531964584
442,1.0,0.09999999999999998,0.24930082758915556,0.06370862387484039,0.03795824516721563,0.43224400262263935,0.2800739804934814,0.10385517225725019,0.034836265234235025,0.009736336956014903,1.0,0.2873194640435657
443,1.0,0.09999999999999998,0.24932536900626548,0.06370384951348504,0.03706100693183775,0.43223823659343674,0.28006740006029274,0.12106890671085485,0.03498046786277258,0.009899767407482355,1.0,0.23814656558886926
444,1.0,0.09999999999999998,0.24893601523851072,0.06305825339581925,0.03662260700341705,0.4323297337740022,0.2801718362315284,0.1253630969087122,0.03517697184834999,0.009909316231942503,1.0,0.3347565308595126
445,1.0,0.09999999999999998,0.24875171359203982,0.06312946501095235,0.03778049766219755,0.4323730577180665,0.28022129853714084,0.11804040122951417,0.035275725644698275,0.009878706754326259,1.0,0.21525018480360059
446,1.0,0.09999999999999998,0.24940914513495965,0.06336175630067074,0.037349729695025334,0.4322185544714671,0.28004493900796457,0.11891587162868944,0.03547356456753994,0.009875262655282482,1.0,0.3042986745793217
447,1.0,0.09999999999999998,0.24835077612424816,0.062207861228585334,0.03768724314200254,0.43246733642569246,0.28032896123934786,0.09786964053073882,0.03543908271878224,0.010079143778633797,1.0,0.2644131377419623
448,1.0,0.09999999999999998,0.24922107970348492,0.06456196115855367,0.03896243682342124,0.43226274052614383,0.2800953658940131,0.07290671398320729,0.035284693703563644,0.0102528341210921,1.0,0.4637521023233979
449,1.0,0.09999999999999998,0.24796913981049257,0.06470849291338576,0.04085433509142394,0.43255711475211506,0.2804315179319321,0.07043079953292153,0.03519135265948925,0.010011182262737839,1.0,0.17843296497950645
450,1.0,0.09999999999999998,0.24613835222622174,0.06289919152300523,0.04118078566146127,0.4329883186122506,0.2809245486706452,0.06048105796976812,0.0348160877130822,0.010066662161555719,1.0,0.21856940466327557
451,1.0,0.09999999999999998,0.24433958445009707,0.06119887368023286,0.04023751394949793,0.4334128189819257,0.28141064779671393,0.05813597496737408,0.03450590595170638,0.00997255122221888,1.0,0.21395355222782286
452,1.0,0.09999999999999998,0.24425636886711125,0.061134425589357555,0.04068773905534273,0.43343247759634285,0.28143317669750534,0.061442206517018885,0.034323677080239014,0.009948565798847113,1.0,0.2875090196218777
453,1.0,0.09999999999999998,0.24372295790866944,0.06116768417287865,0.04066399265009206,0.433558531460212,0.2815776724113386,0.03930530534881735,0.03421385174978766,0.010072196903810527,1.0,0.21350630016086636
454,1.0,0.09999999999999998,0.24266844591294018,0.060347092298028815,0.039952404703851974,0.43380794602194284,0.2818637662556607,0.03013583375594435,0.03431365000399042,0.010136045939769262,1.0,0.23774981001294515
455,1.0,0.09999999999999998,0.24305095646373626,0.06050393212832624,0.040208930241949194,0.43371744096415843,0.28175992225482605,0.036832316387026304,0.03430927419818648,0.010055658907652205,1.0,0.2867613481356346
456,1.0,0.09999999999999998,0.24241925362863587,0.06052683930165088,0.04084738404720383,0.43386692723247267,0.2819314581866766,0.03703396957320017,0.03442367392602833,0.010013333027817602,1.0,0.2089555193970536
457,1.0,0.09999999999999998,0.241662034792467,0.060441418642625144,0.040785132126451976,0.4340462514755938,0.28213735283443375,0.034269939922923195,0.0345368611946863,0.009964066723044571,1.0,0.21100282130857506
458,1.0,0.09999999999999998,0.2414380769319688,0.06034586863116292,0.0406037947733602,0.4340993174892836,0.2821983066398546,0.032407593757827334,0.034716569795332615,0.00984778690383398,1.0,0.2561186768096917
459,1.0,0.09999999999999998,0.24155252754880968,0.060307305409313144,0.0408747243016997,0.43407219720408835,0.2821671537369002,0.035434341074709254,0.03490128443394464,0.009574637107984982,1.0,0.2268912710863964
460,1.0,0.09999999999999998,0.24239810636006967,0.06056132773224725,0.041605186150828456,0.4338719333083236,0.28193720424104546,0.02264141631818896,0.03507734805232985,0.009697566775884736,1.0,0.3024094729459921
461,1.0,0.09999999999999998,0.2431681513716749,0.06077422679769637,0.04144785667916203,0.43368971926807964,0.28172812148128107,0.01996409483035466,0.035295473965347574,0.009701573714525326,1.0,0.2980585717763635
462,1.0,0.09999999999999998,0.2453917472350249,0.06460086387580855,0.04262789506947374,0.43316441274254897,0.281126107247583,0.03102676717067751,0.03538999745123342,0.00979066137642474,1.0,0.46334017581544806
463,1.0,0.09999999999999998,0.24698434940213546,0.06756234872115256,0.04233765134640853,0.4327889548119507,0.2806965065156801,0.027412867108312818,0.035506510165555207,0.009737614119602446,1.0,0.4486986095897265
464,1.0,0.09999999999999998,0.2467343992172579,0.06729004147131082,0.04326668619679051,0.432847837811501,0.28076384311383146,0.05316767765001161,0.035307757543046395,0.009993103453810845,1.0,0.3078190692000973
465,1.0,0.09999999999999998,0.24595317227388314,0.06730740913024169,0.04405749987409143,0.4330319817721387,0.2809745141562347,0.07051707654180628,0.03506470367010118,0.010007983309914531,1.0,0.2057863031485534
466,1.0,0.09999999999999998,0.24528043739068223,0.0670229746444948,0.04379536335222271,0.4331906785338639,0.2811561819899195,0.06083299663629674,0.03460408312377278,0.010024899197340365,1.0,0.24037772116469713
467,1.0,0.09999999999999998,0.24618867861430793,0.06765400709861297,0.04458358633178678,0.4329764537892685,0.28091097261275305,0.05511152371018313,0.034281963030703334,0.010079372210185069,1.0,0.3379323981662168
468,1.0,0.09999999999999998,0.24839978797241558,0.07056074276489376,0.04454479639414345,0.43245580929629823,0.2803157957761973,0.046584954144976855,0.03401282729441775,0.010060350050955959,1.0,0.4486986095897265
469,1.0,0.09999999999999998,0.24740878472585298,0.06992956572048728,0.04640912061781108,0.43268900347918016,0.28058223756836226,0.04755831311361154,0.03387142054776838,0.009976706297752021,1.0,0.2430937643729032
470,1.0,0.09999999999999998,0.24669961536722887,0.06953655818731579,0.04632670154956828,0.43285603342406553,0.2807732164464665,0.06349051054291704,0.033744332915773945,0.010042221716689578,1.0,0.2502404060930292
471,1.0,0.09999999999999998,0.24619876777155728,0.06928863570056391,0.045515431906136335,0.4329740752731148,0.28090825111729356,0.0639938871555984,0.03368780993528095,0.010028847646212832,1.0,0.2557664529121171
472,1.0,0.09999999999999998,0.24628963320731947,0.06926018358137358,0.04543618640991198,0.4329526549481084,0.28088374303459074,0.0703896978009064,0.03363072807911892,0.009997611242271371,1.0,0.22909601453664585
473,1.0,0.09999999999999998,0.2458837381415092,0.0693296314470734,0.0454687201588839,0.4330483557583911,0.2809932535423047,0.08318562026467703,0.03351507808399921,0.009940356430952268,1.0,0.21393570688108277
474,1.0,0.09999999999999998,0.24523068517301502,0.06944017746278436,0.04548413922518459,0.43320241959804795,0.28116962659373,0.07391464618217702,0.03349588437413237,0.009957005229800099,1.0,0.201159383120036
475,1.0,0.09999999999999998,0.24490255248591872,0.06936338852402216,0.04537114620199004,0.4332798718277317,0.28125833051471966,0.07362544595178531,0.033493729350910294,0.009820597558655797,1.0,0.24490124745709307
476,1.0,0.09999999999999998,0.24550053827369056,0.06942787928712663,0.04551797145692372,0.4331387443916589,0.28109671927657326,0.09607964786257467,0.0335198455208709,0.009827059879721834,1.0,0.282584921310594
477,1.0,0.09999999999999998,0.24509576807556321,0.06954206866358735,0.0461474080237253,0.4332342619911878,0.28120609188123225,0.10133483588296449,0.03362740224129401,0.009805260844420126,1.0,0.2054572963357435
478,1.0,0.09999999999999998,0.24429002873876982,0.0698222664890226,0.0462859987771481,0.4334245256685003,0.2814240635478573,0.11150844195517176,0.03381349765215729,0.009864090643712813,1.0,0.18017378733062928
479,1.0,0.09999999999999998,0.24367416174982012,0.07004762588136973,0.0450872298691105,0.433570066463054,0.2815908982124613,0.1104554901303278,0.03399594492290038,0.009849231547955164,1.0,0.18759799769874563
480,1.0,0.09999999999999998,0.24165043810670564,0.06913337855764531,0.0443525409726003,0.4340489989502803,0.2821405084162492,0.12367310651654195,0.034331146388484717,0.00991282810303896,1.0,0.1729146645461015
481,1.0,0.09999999999999998,0.24046571537263245,0.06934597121477759,0.04390527146846211,0.43432986562772025,0.282463256485162,0.13278245159980415,0.03477386170126256,0.009886837204581646,1.0,0.16939722154307835
482,1.0,0.09999999999999998,0.23940517112177367,0.06868977244589573,0.04349636068982169,0.4345816013600454,0.282752802236858,0.12678972413050663,0.03504704192886848,0.009888253741297672,1.0,0.22961219377722708
483,1.0,0.09999999999999998,0.23911544309513194,0.06876892770443051,0.043524721351892844,0.4346504233131059,0.2828320059429577,0.12050212804513617,0.0352699283016952,0.009685994139893364,1.0,0.2059966768793735
484,1.0,0.09999999999999998,0.23905789086741294,0.06879219157667028,0.04343767060491672,0.4346640968559786,0.2828477444283793,0.11103485521174863,0.03543360420301195,0.00975523124249791,1.0,0.20840644541884612
485,1.0,0.09999999999999998,0.23879949578901538,0.06889225445410672,0.04350072512393484,0.434725498240251,0.2829184278748377,0.1089696131718845,0.03557685964029591,0.00966448347258598,1.0,0.19934995284109447
486,1.0,0.09999999999999998,0.23839544030671678,0.06910555741759193,0.0434237666474438,0.4348215471006457,0.28302902726755785,0.12548236522164197,0.03586690293858606,0.009695883877383666,1.0,0.1819698172560309
487,1.0,0.09999999999999998,0.2384221097028301,0.06909023499148464,0.043435049817507586,0.4348152061553822,0.2830217245676005,0.13003564299947667,0.03611815799094691,0.009521873510893434,1.0,0.200043280339546
488,1.0,0.09999999999999998,0.23866671084141494,0.06892756274314589,0.04314999459344107,0.43475705814208115,0.28295476466975794,0.12584021773895415,0.03603923365966472,0.009511723248636647,1.0,0.20488002533949756
489,1.0,0.09999999999999998,0.23877799809450248,0.06889577959643628,0.042986518160246075,0.43473060743269104,0.2829243101171744,0.1232105938913672,0.03597475500966748,0.009417817474356644,1.0,0.22460584897230218
490,1.0,0.09999999999999998,0.2386941587071392,0.06897527154190826,0.043432460415639904,0.4347505340454065,0.2829472527559326,0.0949919379703471,0.035479970172462474,0.009666669067471257,1.0,0.1691831944081097
491,1.0,0.09999999999999998,0.23822757214119583,0.06946698382064678,0.04357534999752887,0.43486146386835295,0.2830750021223452,0.06899553571036908,0.03489445609818941,0.009871847565456183,1.0,0.14218284783030843
492,1.0,0.09999999999999998,0.23825349501687307,0.06944423281456953,0.0436791156924256,0.4348552992824439,0.28306790152565997,0.08757905843885382,0.03437438405005096,0.010028398452181665,1.0,0.17857951402157224
493,1.0,0.09999999999999998,0.23790462640575238,0.06971204052932745,0.04375487068255655,0.4349382765891448,0.2831634908304444,0.06992485418774064,0.03379777801640053,0.01018274949578573,1.0,0.16722422773827028
494,1.0,0.09999999999999998,0.23764825528320482,0.06990425768190683,0.04366687585373911,0.4349992738464996,0.283233777170681,0.0748516001549719,0.03323240780800412,0.010200172917625202,1.0,0.17261843433524304
495,1.0,0.09999999999999998,0.2371970020443282,0.07021101234927196,0.04323521578108311,0.43510668012199016,0.2833575769099307,0.06783716597726872,0.03261197884713814,0.010250042086119224,1.0,0.16723591735223287
496,1.0,0.09999999999999998,0.23757610485239428,0.06991781847359929,0.04329754386951134,0.4350164433673613,0.2832535641217425,0.05088263777201037,0.03214570567830546,0.010407670638490067,1.0,0.20215465787054798
497,1.0,0.09999999999999998,0.23722218025775568,0.07023147948786093,0.0435785177140766,0.4351006858634416,0.283350666504899,0.06609029051452968,0.03157157666468931,0.010391913456932887,1.0,0.1576001773640039
498,1.0,0.09999999999999998,0.23865704873417168,0.07043667798162563,0.04516835635215244,0.43475935477968963,0.28295740908382594,0.06266002304119231,0.031301138309113484,0.010354419102521085,1.0,0.3197414145748765
499,1.0,0.09999999999999998,0.23863254280826682,0.07046045833963142,0.04645337180235955,0.43476517983224144,0.282964116311902,0.06334764583031209,0.031121557232157246,0.010080599001042202,1.0,0.16905676230142674
500,1.0,0.09999999999999998,0.23869965950267238,0.0704220271934706,0.04638888985512522,0.4347492265821692,0.28294574734980804,0.0644521780894776,0.03116579119343222,0.010002856271190902,1.0,0.2016871470354218
501,1.0,0.09999999999999998,0.24064373616045162,0.07079355033953362,0.04768329845009876,0.4342876383658245,0.2824147120422996,0.07731973183485959,0.031105026809018037,0.009963919133499796,1.0,0.35036904586258943
502,1.0,0.09999999999999998,0.24120196990436896,0.07050503314411195,0.04886168414163711,0.43415527625697475,0.2822625955660291,0.0702181379100951,0.031137410402716396,0.009736961164227407,1.0,0.23232020240119167
503,1.0,0.09999999999999998,0.24136894082027094,0.07036794911581487,0.04921011329849242,0.4341157016647249,0.2822171284871862,0.07953432940260918,0.030957702992426922,0.009529208423472718,1.0,0.19180525960054884
504,1.0,0.09999999999999998,0.24170487597367296,0.0701594396579207,0.04926729394308272,0.43403610188924546,0.2821256959043704,0.08228689320335078,0.03095637566329888,0.009424869223999948,1.0,0.21472213962252673
505,1.0,0.09999999999999998,0.2423266233716101,0.06974118862449412,0.04935299097941978,0.4338888559358366,0.2819566290574572,0.07894197338537215,0.030914728090364694,0.009339150692014095,1.0,0.22604736786849244
506,1.0,0.09999999999999998,0.24223448711052445,0.0698470269033398,0.04983135524660931,0.43391066989278587,0.28198167015133785,0.06747063127927708,0.03096141241235269,0.009394836834885399,1.0,0.15750022361481375
507,1.0,0.09999999999999998,0.2419067470779697,0.07017730657551158,0.04975427384446495,0.4339882826063607,0.2820707804696344,0.06697240763261449,0.03101470081040576,0.009326174519049778,1.0,0.1551289282698194
508,1.0,0.09999999999999998,0.24200421309960227,0.07009506378955735,0.05007950700542418,0.4339651985998385,0.28204427422811296,0.06014964897192691,0.031107228605445913,0.009386963123910293,1.0,0.18764717953127197
509,1.0,0.09999999999999998,0.24215894796885287,0.06996964409630396,0.050062686695469955,0.43392855599253033,0.28200220374436785,0.07995445668896206,0.031102919676958007,0.00948353565497578,1.0,0.19305389596657885
510,1.0,0.09999999999999998,0.24224982576849485,0.0698823714554694,0.0499513677841059,0.43390703819727233,0.28197750105219394,0.10394597135397642,0.031110363410568064,0.009623016632875339,1.0,0.17959626188494449
511,1.0,0.09999999999999998,0.24294101399774384,0.06926637405636625,0.050093653742085444,0.43374345036407086,0.28178976160946667,0.08173064601191674,0.030985553612952327,0.009843402888762549,1.0,0.21514909853896436
512,1.0,0.09999999999999998,0.24282853319927405,0.06939780375706003,0.05016741930873196,0.4337700634930257,0.2818202964313771,0.07773536522079727,0.030862396310831826,0.009804983775318235,1.0,0.1562487225811353
513,1.0,0.09999999999999998,0.2424330027486969,0.06964422668500389,0.05019117649064839,0.4338636725413426,0.28192772245436665,0.06745119104794418,0.030844949814200617,0.009765820018897501,1.0,0.17954134223022233
514,1.0,0.09999999999999998,0.24220995994140299,0.06982116956229914,0.04972455700046868,0.43391647725532967,0.28198833697509246,0.06282249954419429,0.03092196386071835,0.009675198710704977,1.0,0.1758494479191881
515,1.0,0.09999999999999998,0.2411839356145028,0.0704787209352064,0.049303308701392844,0.4341595510838445,0.2822675072768359,0.08232670261773765,0.03085642396264724,0.009734831560871023,1.0,0.14543851979738287
516,1.0,0.09999999999999998,0.24104384191367592,0.07062207466706835,0.049101746272388565,0.4341927615971792,0.2823056681776436,0.07502432578595356,0.03086738544429676,0.00948409300376805,1.0,0.1619170726744028
517,1.0,0.09999999999999998,0.24070425210022292,0.07084049642832388,0.04878417175330907,0.43427328560638123,0.28239821376616914,0.08377967325863261,0.03076308772108324,0.009472883391139303,1.0,0.17840069476023057
518,1.0,0.09999999999999998,0.24063070799249736,0.07092340610948113,0.04843704037816186,0.43429072842229394,0.2824182641241836,0.06509137432494258,0.030621149872682895,0.009544327058478148,1.0,0.15708176585827704
519,1.0,0.09999999999999998,0.2400367322668511,0.07134018396378973,0.048023036516634365,0.4344316559262851,0.282580304368159,0.04978658910734519,0.03071950294566588,0.009650407879075958,1.0,0.16072353910773218
520,1.0,0.09999999999999998,0.23972214182680054,0.07169260286259162,0.04722660720221892,0.43450633314544984,0.28266620192603215,0.0685210644409277,0.03069177681967484,0.009597416256606685,1.0,0.1440339121266314
521,1.0,0.09999999999999998,0.238793847139507,0.0718819625381846,0.047135283194661294,0.4347268406998943,0.28291997344596687,0.0702583818428899,0.030392781566642133,0.009590435784328824,1.0,0.1781996165105626
522,1.0,0.09999999999999998,0.23732670607491219,0.07182441198475314,0.04682445064167281,0.4350758028306773,0.2833219819837056,0.07493480908862832,0.03002585560314456,0.009595152679485191,1.0,0.16752175991257356
523,1.0,0.09999999999999998,0.23609188681896198,0.07226429699274803,0.046634807127854415,0.435369941285522,0.2836612189361903,0.08515202683130846,0.02970193804599228,0.00965127310547968,1.0,0.14930366143317975
524,1.0,0.09999999999999998,0.23529672931894527,0.07269937800537006,0.04631369012300407,0.43555956130831547,0.28388009970084066,0.08439026785650355,0.02943497700195996,0.009433602180078722,1.0,0.1562770306791159
525,1.0,0.09999999999999998,0.2341304349491008,0.07299511032985648,0.0453755758934994,0.4358379847838948,0.2842017540336694,0.08544020714785396,0.028764305247433935,0.009374447521976595,1.0,0.15792729642245984
526,1.0,0.09999999999999998,0.23384163903041405,0.07326519761998716,0.04479475955416046,0.435906982544719,0.28428151418129133,0.08227083572897088,0.028209151844990895,0.009283644132265331,1.0,0.15115356707393146
527,1.0,0.09999999999999998,0.23272206266232945,0.07394894004117462,0.044955812545323444,0.43617467309144775,0.2845911443351029,0.10732639493172075,0.02798289637541283,0.009410865325992451,1.0,0.13235006907722613
528,1.0,0.09999999999999998,0.2317298563217121,0.07441266000501201,0.044709516880379496,0.43641218443233193,0.2848661133095387,0.10273826763982136,0.027885503157822483,0.009320420504579189,1.0,0.14794632369552851
529,1.0,0.09999999999999998,0.2303134240708744,0.07469188661241141,0.04449121783840743,0.436751694231934,0.2852595694639975,0.10625180695726219,0.027626774797424185,0.009283970666692832,1.0,0.14550325812124187
530,1.0,0.09999999999999998,0.22937479586022555,0.07486364775025145,0.04465725249531094,0.4369769686054663,0.2855209006587197,0.09086799213752578,0.027371480276687368,0.009418944601865785,1.0,0.16922899141060443
531,1.0,0.09999999999999998,0.22842582612196907,0.07493926843711272,0.04454576076783732,0.4372049613541326,0.28578559833670875,0.11415376853970581,0.027332267796285503,0.009579726110813933,1.0,0.17548314090575978
532,1.0,0.09999999999999998,0.22745278151161039,0.07524382616266133,0.04470625231500477,0.4374389853338127,0.28605752136360785,0.11851878936525619,0.02744065767941658,0.009491306656630536,1.0,0.15578382318050066
533,1.0,0.09999999999999998,0.22650696685705973,0.07555733467961162,0.044714555383826717,0.4376667005602015,0.28632233122568784,0.11584682371237326,0.027621733678929623,0.009401407807943546,1.0,0.15469616420561771
534,1.0,0.09999999999999998,0.22568648723080859,0.07574796802337741,0.04378965670005056,0.43786443213121123,0.2865524471471975,0.13306875011742664,0.027980459419821833,0.009444707746035542,1.0,0.16749532219707208
535,1.0,0.09999999999999998,0.2242290861802972,0.07466119341170623,0.04416649648254036,0.43821609953707324,0.2869621106571143,0.13302028586005424,0.028426735835491566,0.009397339417317447,1.0,0.20816730745634993
536,1.0,0.09999999999999998,0.22222723588457416,0.07392770458348402,0.04465865857388431,0.43870006309875753,0.2875267275917098,0.137427237284039,0.028916578363934107,0.009279411334972907,1.0,0.1503575361423879
537,1.0,0.09999999999999998,0.22214622081506058,0.07380133126255453,0.04616821331048543,0.4387196716566959,0.28754962447439814,0.1260019153638389,0.029255142907193533,0.009354813425169112,1.0,0.3333553344924258
538,1.0,0.09999999999999998,0.2217296869512817,0.07305113432441188,0.04616821331048543,0.4388205154998047,0.28766740494872145,0.12380696899329383,0.02954704066556031,0.009330066403788587,1.0,0.3333553344924256
539,1.0,0.09999999999999998,0.22071191529334253,0.07160315753336458,0.046192483111733774,0.4390671155889794,0.28795559969572965,0.1264188274648546,0.029856972103716545,0.009279240333617387,1.0,0.27323155507640307
540,1.0,0.09999999999999998,0.21969638488583138,0.07094335679640179,0.0460434505621522,0.4393134490358504,0.2882437359207163,0.12309325593315801,0.030078890701548257,0.00920794511485818,1.0,0.21573461102675018
541,1.0,0.09999999999999998,0.21895503993016566,0.07106193076649434,0.04606920452730123,0.43949344894397085,0.28845444195326797,0.11861793434933851,0.03016367361831834,0.00918494810908305,1.0,0.17090198975307525
542,1.0,0.09999999999999998,0.2179765375376405,0.07078698839073794,0.04576005641198084,0.4397312570625137,0.28873302527216504,0.12588809855197647,0.030396431959233063,0.009084508005537933,1.0,0.18946922479105144
543,1.0,0.09999999999999998,0.21704288407986355,0.07112969324906557,0.04523559216661957,0.43995840547634,0.2889993420631136,0.12404756606356454,0.030435163538893834,0.009059723584230402,1.0,0.14478121981117198
544,1.0,0.09999999999999998,0.21545103696885548,0.07025334689435794,0.044339473519060195,0.4403462273450665,0.28945453770314705,0.1219945235028011,0.030390114015098148,0.009006494764852276,1.0,0.17557181975870573
545,1.0,0.09999999999999998,0.21549816552202583,0.07025477711207234,0.043888389989627956,0.4403347355896299,0.28944104049007036,0.12287130496699582,0.030449574756396317,0.009006508007933279,1.0,0.21996304012063406
546,1.0,0.09999999999999998,0.21427663969344843,0.06976037475455987,0.043867495156917756,0.4406327844385989,0.2897912819906673,0.11833936435456358,0.030442835221749478,0.008839696992928045,1.0,0.18214609172158358
547,1.0,0.09999999999999998,0.21398056342377075,0.06960962495123776,0.042385883585919534,0.44070508697163596,0.2898763020008288,0.11262084640201084,0.030549923479314466,0.008645309027322197,1.0,0.23480551077419576
548,1.0,0.09999999999999998,0.2112813825928951,0.06494932582158572,0.039917725547479875,0.4413653292049405,0.2906536939951761,0.11819562072020434,0.030729439667000195,0.008676610642149548,1.0,0.19383401923583166
549,1.0,0.09999999999999998,0.2120534479361858,0.06501311467367776,0.04013660474332812,0.4411762736411418,0.2904309057575324,0.09181217467945739,0.030711217853860443,0.008842607657074737,1.0,0.25563949930857666
550,1.0,0.09999999999999998,0.21236758538533804,0.0651196471349613,0.04014711481701117,0.4410993971828524,0.29034035554579146,0.09101014332950709,0.030629062318933514,0.00882702127674702,1.0,0.24998314957850143
551,1.0,0.09999999999999998,0.21167213827854162,0.06546940928429483,0.040470537449700715,0.441269624652683,0.2905408942949474,0.08593531511261979,0.03051763062853429,0.00884488588954745,1.0,0.144408841548181
552,1.0,0.09999999999999998,0.21153470694689766,0.06532433447478707,0.04102967205018849,0.4413032798378961,0.2905805567048713,0.0925650750814273,0.03044021153784065,0.008688248099654582,1.0,0.2737658864574808
553,1.0,0.09999999999999998,0.21106487380357233,0.06547724497849484,0.04186804973480534,0.4414183747841185,0.29071623144715425,0.06376922298583121,0.03017119107042345,0.008886494367358855,1.0,0.16652298582833347
554,1.0,0.09999999999999998,0.2103695044096094,0.06555934834137772,0.04139005323647835,0.4415888295309105,0.2909172674660437,0.06629613554885395,0.029725039815364205,0.00884437749798452,1.0,0.16821287061665013
555,1.0,0.09999999999999998,0.2091915291054917,0.06523363932933339,0.040611721098787884,0.44187788525454885,0.29125846333396355,0.06142226007315256,0.02942285850516359,0.008891571662525202,1.0,0.16896381772387592
556,1.0,0.09999999999999998,0.2091228818151171,0.06523746343628503,0.04092565716670899,0.44189474183750366,0.29127837142944096,0.08048753686375075,0.029020622642805118,0.00905623072454865,1.0,0.20209079035958788
557,1.0,0.09999999999999998,0.20864986114053174,0.06539341895333053,0.04085771960113759,0.44201092869518416,0.29141562407272764,0.07819726755840387,0.028562704953356884,0.009060553180510782,1.0,0.16370075385004013
558,1.0,0.09999999999999998,0.20771902918863064,0.06537359272568415,0.04056921320222014,0.4422397450710879,0.2916860942364714,0.09390550397779351,0.028049583229581794,0.009188649030031063,1.0,0.16303548161957315
559,1.0,0.09999999999999998,0.2072914387216634,0.06538663026390452,0.04001950149424551,0.44234493444865036,0.2918105067854053,0.08217327584947227,0.027570398976096255,0.009177934922675516,1.0,0.18413222438968013
560,1.0,0.09999999999999998,0.20610225731210108,0.06472393151919313,0.039982026658187876,0.4426377422566422,0.29215707199489327,0.05203093172033864,0.027028239619805293,0.009455359393799751,1.0,0.1834913319897571
561,1.0,0.09999999999999998,0.20447498812377055,0.06443651490435096,0.03879897691078745,0.44303904755154594,0.29263264599411,0.0427677759607429,0.026546486547395522,0.00943718245864089,1.0,0.13533165294331462
562,1.0,0.09999999999999998,0.2018555037667836,0.058950707925506676,0.039318355910259305,0.4436865764352819,0.2934014583872316,0.03346065630150674,0.026495241002268948,0.009494689727296158,1.0,0.20139174011674998
563,1.0,0.09999999999999998,0.19905312362006888,0.0535646305025858,0.03822796808004583,0.44438141556391003,0.29422843548428834,0.03142068630066354,0.02640630056658531,0.009255145883449133,1.0,0.16846059491825494
564,1.0,0.09999999999999998,0.1978572097151775,0.052446267972147055,0.03739700159258279,0.4446786006942539,0.29458276833706803,0.037692239766896854,0.026654953491796893,0.009143248454908109,1.0,0.18822767871095736
565,1.0,0.09999999999999998,0.1978826767819798,0.05245073015972433,0.03725067748249874,0.44467226797485226,0.2945752139020109,0.028440393775263167,0.02725271295475015,0.009138882455778048,1.0,0.20833300982878056
566,1.0,0.09999999999999998,0.19756496218337236,0.05228833346360501,0.03626803682061646,0.4447512847805793,0.2946694870616746,0.04256945316744973,0.027491366282871212,0.009223807571596968,1.0,0.20860626130395477
567,1.0,0.09999999999999998,0.19650447193213272,0.050474672254735724,0.035384308540967836,0.44501523608584515,0.2949845959903887,0.03783382829339496,0.02774671488969714,0.009185515200979275,1.0,0.23188337304225048
568,1.0,0.09999999999999998,0.19460796371448552,0.04412701699348792,0.033581879950724744,0.4454880505025355,0.2955497987301306,0.04880923042344857,0.027715017140149786,0.009286545939983508,1.0,0.2590477878250075
569,1.0,0.09999999999999998,0.1940810091591444,0.04385868706342021,0.034203120731190285,0.4456196028346558,0.2957072279324476,0.04626653458555268,0.02773379810248794,0.009151298449161188,1.0,0.19039830883879283
570,1.0,0.09999999999999998,0.19390556532202702,0.04366836456988892,0.034574551708194436,0.4456634190067821,0.29575967950918103,0.038075239409284097,0.02806451713824727,0.009228954192227726,1.0,0.23269602238129172
571,1.0,0.09999999999999998,0.193992458973699,0.043799819648131746,0.03462595935791721,0.44564171669907815,0.2957336990181607,0.024072325052812982,0.028665865277679645,0.009305793623653616,1.0,0.2644558180793175
572,0.99,0.08999999999999997,0.1940576331832004,0.04385681719252669,0.03476416213505829,0.466409849836054,0.32681475098589186,0.02448656180900899,0.029282043461788258,0.009180726091253874,0.0,0.23561343548678715
573,0.99,0.08999999999999997,0.19381297239825174,0.043813464541163596,0.03510120742131615,0.4664767900598523,0.3268955982193894,0.027953466794142436,0.029847279257183716,0.009122099130674412,1.0,0.18946962838621273
574,0.99,0.08999999999999997,0.1940275706855179,0.04390138858261271,0.03499421468518871,0.4664180740270336,0.3268246828698034,0.023153705083828528,0.030466061142070566,0.009167660357744334,1.0,0.22261921184665256
575,0.99,0.08999999999999997,0.19352604183667196,0.04360280121531401,0.0348950952449933,0.4665553199583285,0.32699046431887946,0.014266968351346838,0.03125085386497919,0.009030615254933143,1.0,0.19474836257249684
576,0.99,0.08999999999999997,0.19361632083188188,0.04379602088694443,0.03509445719735932,0.4665306086893902,0.3269606099898277,0.02458945200717285,0.03178965972810828,0.00908180005933149,1.0,0.29161282083158335
577,0.99,0.08999999999999997,0.19375648397874928,0.04385607948019424,0.03556774710447026,0.46649224826038527,0.32691427028868797,0.0236029780621479,0.03229607617508869,0.008989000744915506,1.0,0.21947361102248553
578,0.99,0.08999999999999997,0.19414269117069927,0.0439047910896548,0.03549961472193229,0.46638658211194817,0.32678665326206136,0.030882194799843467,0.03257837802114802,0.009051892309691785,1.0,0.21879450652562893
579,0.99,0.08999999999999997,0.19441901431426142,0.043949662951673796,0.035387300189791124,0.4663110095719099,0.32669540708539274,0.02443736153244352,0.03295308277368138,0.008983480358996694,1.0,0.21523031205495902
580,0.99,0.08999999999999997,0.1945996266383507,0.0438980003273053,0.035596764554406315,0.4662616265381504,0.32663579363494033,0.014739183540556795,0.033332336589156956,0.008989428166154516,1.0,0.19097589695503214
581,0.99,0.08999999999999997,0.19497944726972727,0.04384257922835992,0.035154223296745245,0.466157810074212,0.326510499843068,0.025592474771784182,0.03334766301184216,0.009038524769810373,1.0,0.20737928468073452
582,0.99,0.08999999999999997,0.19464701331845677,0.04370453377773428,0.03502689975263108,0.46624867180095664,0.32662015664647787,0.02680687558702908,0.03340248515471122,0.008987280373142439,1.0,0.1963687986501832
583,0.99,0.08999999999999997,0.1946178538974263,0.043697923868349975,0.03507035599088025,0.46625664342079026,0.3266297786991873,0.03300903551403338,0.03342697622601213,0.008954299434694123,1.0,0.20308073477632327
584,0.99,0.08999999999999997,0.19464001070714348,0.04370547075937741,0.03505505194074378,0.4662505861541248,0.32662246732290884,0.03651075830342568,0.03349619692968806,0.008968809341255015,1.0,0.2106221263905641
585,0.99,0.08999999999999997,0.19403130701807975,0.044058095214401495,0.03560820756570114,0.46641705186356053,0.32682344844779293,0.018341340659553333,0.03383002068654427,0.008985543337155165,1.0,0.1384795839347217
586,0.99,0.08999999999999997,0.19409877126942693,0.044044737554708904,0.035933088327039654,0.4663985961686937,0.32680116098764006,0.0210599906082183,0.03388580184042183,0.008967011742921126,1.0,0.18871624239075024
587,0.99,0.08999999999999997,0.19453782828891597,0.044319783378333255,0.03644213878055225,0.46627852226980904,0.32665618853661066,0.017297171623065953,0.03389669986304426,0.00896264198256385,1.0,0.2439489822884482
588,0.99,0.08999999999999997,0.1943904661140159,0.04430964846226703,0.03678637464728103,0.46631881618014226,0.3267048317823838,0.020238109732076584,0.033892436319140774,0.008965786571063079,1.0,0.19014380784949347
589,0.99,0.08999999999999997,0.19588469485891227,0.04769362188725927,0.038083973243728,0.4659105648326152,0.32621226739525155,0.017504498770509656,0.033938820584601744,0.008708361874502947,1.0,0.37402872346193616
590,0.99,0.08999999999999997,0.19602927119594982,0.04763433727757297,0.03973435252425601,0.46587110178791397,0.32616468738605836,0.03968121986431315,0.03399913363352698,0.00866977923646078,1.0,0.18364082811186266
591,0.99,0.08999999999999997,0.19609744267232737,0.04756204994725904,0.03971661683185737,0.46585249626244507,0.3261422569979975,0.04434446089329377,0.03410027910806027,0.008529170330405183,1.0,0.14899999546806342
592,0.99,0.08999999999999997,0.1960538260571467,0.04758009120623741,0.039856642799050705,0.46586440004411195,0.32615660777080474,0.058079869021865516,0.03407899749595984,0.008489586531187593,1.0,0.1742178525035052
593,0.99,0.08999999999999997,0.19581832106717273,0.047780068073935526,0.0401106823663806,0.4659286842269462,0.32623411563072185,0.04283416981046909,0.03418779131150887,0.008593818382138756,1.0,0.14367372874087314
594,0.99,0.08999999999999997,0.19539796261757492,0.04816568138595726,0.0401885472389301,0.4660434706966556,0.3263725528478893,0.038169094640088684,0.03432975074985457,0.00857008748307489,1.0,0.1305825893754624
595,0.99,0.08999999999999997,0.19540926997812516,0.0481592010352966,0.04021748990068242,0.46604038227734,0.32636882744183815,0.046951595086642456,0.03440320170284543,0.008487541748138481,1.0,0.1683666534072572
596,0.99,0.08999999999999997,0.19526502608702004,0.048160383159572905,0.03996303671731109,0.466079783190415,0.3264163574720318,0.06259856893451453,0.034359945294393464,0.008491979335061236,1.0,0.18773026876003973
597,0.99,0.08999999999999997,0.1951224130850663,0.04829263928105625,0.03877364433731651,0.46611874516847385,0.32646336371731666,0.04273804397848338,0.03446148426955757,0.008657941531856124,1.0,0.14333887716863059
598,0.99,0.08999999999999997,0.1933645597716026,0.04690383713775769,0.037257811547280355,0.4665995275419469,0.3270438783656708,0.03992538364759999,0.03457906403459109,0.008679406557530502,1.0,0.14395608322850095
599,0.99,0.08999999999999997,0.1932469112361659,0.046979354703960786,0.03706291700985877,0.46663174046521194,0.3270828044158229,0.03966356827919642,0.034698093120921494,0.008670894265704623,1.0,0.1572919087577591
600,0.99,0.08999999999999997,0.192965596643794,0.04701218669134671,0.03572536024433659,0.46670878424012935,0.3271759197874332,0.06790575747903521,0.034695471541584706,0.008826193613729438,1.0,0.1735556877982305
601,0.99,0.08999999999999997,0.1909666666710836,0.04445722815407342,0.03476607535287482,0.46725696574833814,0.3278390972102482,0.0599450891670896,0.034696026154965,0.008834871132791876,1.0,0.15047604859154817
602,0.99,0.08999999999999997,0.1899779317890125,0.044625685861755277,0.034528846985165944,0.46752859019605447,0.3281681208231915,0.08894789903147318,0.03475445656575413,0.00903372586382086,1.0,0.1334467141940836
603,0.99,0.08999999999999997,0.1893698367329434,0.045009306157064825,0.03432212052232219,0.467695802472877,0.32837080622839215,0.07721297060585662,0.03474808280155447,0.009124456819627678,1.0,0.13099575399363705
604,0.99,0.08999999999999997,0.1885286428727326,0.04531267307950091,0.03421169397834466,0.4679273088720803,0.3286515993461502,0.04538127256075966,0.034799044506992415,0.009412202054245035,1.0,0.1306027536014478
605,0.99,0.08999999999999997,0.18750047143090298,0.045615167360499,0.03359376858099352,0.4682105851441839,0.32899545903520516,0.02947687741983327,0.03499740489819732,0.009456980367728178,1.0,0.12323022368553094
606,0.99,0.08999999999999997,0.18721936167433248,0.04588500261388548,0.03363202846914745,0.46828809471026667,0.32908959813771793,0.025532206604476707,0.03525107731196227,0.009491792965391755,1.0,0.12938924795776408
607,0.99,0.08999999999999997,0.18676530684695322,0.046421821486415965,0.033502205753636494,0.4684133441277616,0.32924176758137425,0.010690569027140367,0.0357020165212969,0.0095727917423276,1.0,0.10972344553189628
608,0.99,0.08999999999999997,0.18662917789220537,0.04643899214499548,0.03409719688585142,0.4684509078737716,0.32928741651584453,0.019041993304300266,0.036013531285340274,0.009457101000510679,1.0,0.1740342840564808
609,0.99,0.08999999999999997,0.1860807703468913,0.04668305470345665,0.03432309091150464,0.4686022977946724,0.32947144557811714,0.02703729974026664,0.036201164637064,0.009295523139611205,1.0,0.13821314143517727
610,0.99,0.08999999999999997,0.18563636020721896,0.04695342049223464,0.033994859162650555,0.46872505064339937,0.3296207271946774,0.029943397828198992,0.03617497949389543,0.009100480440074563,1.0,0.13515524791771183
611,0.99,0.08999999999999997,0.1847197572295549,0.04726200068871832,0.03351774877060339,0.4689784335664915,0.3299290505401795,0.024742587542861353,0.03635996604252402,0.009112657505672727,1.0,0.12348880077255253
612,0.99,0.08999999999999997,0.1844672210772082,0.047480420348847543,0.03335829106277337,0.46904829203037,0.3300140990456844,0.04513904960052128,0.036387962660108436,0.009214801827741483,1.0,0.1309951073464679
613,0.99,0.08999999999999997,0.18386138872565347,0.047923846684242544,0.03344258506237623,0.4692159668484964,0.33021830865745333,0.044125197410943395,0.03644236851688497,0.009178288299315503,1.0,0.1189581070747503
614,0.98,0.07999999999999996,0.1835575172107577,0.04806980064504071,0.033403123054629315,0.4924088675768147,0.36506097570521984,0.01973230713241395,0.036709470704946214,0.009227668978153747,0.0,0.14546229642961017
615,0.98,0.07999999999999996,0.18345963540904528,0.04815720662798124,0.03333578370035099,0.4924387148768484,0.36509748780730705,0.03613586620903064,0.036763184490858594,0.009319600111939936,1.0,0.1356503396261428
616,0.98,0.07999999999999996,0.18364291612367553,0.04810972321516013,0.03361973503798188,0.492382829665143,0.36502912596469894,0.03900510650556858,0.03682268110174769,0.009260144483898105,1.0,0.18024514413742754
617,0.98,0.07999999999999996,0.18287122018694024,0.04880155957496843,0.03420251396877755,0.49261821783047754,0.3653171338650854,0.040763207873907,0.036827652186773446,0.009089132387278393,1.0,0.10123110108670286
618,0.98,0.07999999999999996,0.18283053087800594,0.048824735877056616,0.034688776197350134,0.4926306354183065,0.36533233230785117,0.04387706618207657,0.036873083321783684,0.008965991711425586,1.0,0.15301283496484386
619,0.98,0.07999999999999996,0.18238069804353757,0.04923186309008769,0.03489668480667182,0.49276795740253454,0.36550044008032895,0.03981495520713503,0.03692016008136529,0.008817786010833256,1.0,0.11574025566089641
620,0.98,0.07999999999999996,0.18209921322790645,0.0495298753853725,0.034553043094739416,0.4928539261688476,0.3656057129537782,0.03440908329676518,0.03701736380219291,0.008854842116978786,1.0,0.11588543056352041
621,0.98,0.07999999999999996,0.18151314755527528,0.04991776456861659,0.03448263665116303,0.4930330137817383,0.3658250911061923,0.0401319528876591,0.03707008901963514,0.008865412241677329,1.0,0.11959304924744707
622,0.98,0.07999999999999996,0.18111204297240188,0.05018899124997561,0.03437758770064173,0.49315565675929285,0.36597538578967564,0.0376717712951071,0.03712069740145996,0.008787058341170982,1.0,0.1274113016252325
623,0.98,0.07999999999999996,0.1806555238747208,0.05068145290869525,0.034547145081593476,0.493295317713303,0.36614659473590977,0.03698994719802763,0.037118663565103044,0.008786250918163655,1.0,0.10365175166507434
624,0.98,0.07999999999999996,0.18032387439702086,0.05094770892039182,0.03472704473311569,0.49339682745096014,0.36627107415891447,0.030465301983646907,0.037161873124443745,0.008841550977992243,1.0,0.12311208290911746
625,0.98,0.07999999999999996,0.17983750886297895,0.051389429684413464,0.03479823271839167,0.4935457675429604,0.36645377697571396,0.03397799395828344,0.03716419624935324,0.008845018862393793,1.0,0.10929074301826636
626,0.98,0.07999999999999996,0.17948943266984208,0.05169948185813948,0.03467956308955607,0.4936524143996768,0.366584643454829,0.03340580628399748,0.037184398636810174,0.008597712079277996,1.0,0.11634594776024709
627,0.98,0.07999999999999996,0.1796365452911448,0.0515859419214392,0.03483228156257576,0.49360733502885223,0.36652932200505384,0.06351117103704129,0.03687073821658845,0.008855461952622889,1.0,0.14706133120749865
628,0.98,0.07999999999999996,0.17921967079922793,0.05200707397877717,0.03521975015984218,0.49373509828441425,0.36668613034464725,0.05720740136462689,0.03660418031672446,0.00888364609762262,1.0,0.1062588745038362
629,0.98,0.07999999999999996,0.17882457051902942,0.05241023555505738,0.03498277956502482,0.49385624926520016,0.36683487215477983,0.066829395160661,0.03629593678824432,0.008825445885261992,1.0,0.10599323010139305
630,0.98,0.07999999999999996,0.17862573667321094,0.052483927041110615,0.03535750913302692,0.4939172408747335,0.3669097719848798,0.05191086868906897,0.03614815114616583,0.008740928209195446,1.0,0.14934560682875664
631,0.98,0.07999999999999996,0.1778790875096691,0.0530513566558595,0.035648701704258434,0.4941464075442589,0.3671913047054637,0.05154898267357494,0.035700091125610255,0.008700492504043362,1.0,0.10081822455157807
632,0.98,0.07999999999999996,0.1773307414416287,0.053557873401441504,0.035639038399712976,0.49431484515452795,0.3673983402625983,0.047390744148122534,0.03516849580652755,0.008715505361342045,1.0,0.10094921637646137
633,0.98,0.07999999999999996,0.17674668151966746,0.05411706916828285,0.03555681502976867,0.49449437946616637,0.3676191169999551,0.06403360002998043,0.034662719684832165,0.008709656164138048,1.0,0.09629017200949352
634,0.98,0.07999999999999996,0.1760060078200259,0.05474187435448108,0.03517489820671103,0.49472224296523004,0.36789947619740676,0.06353570069766006,0.03378807198503022,0.008714195912369847,1.0,0.09342795223292089
635,0.98,0.07999999999999996,0.17480006852496657,0.05534508403256798,0.03465009823669634,0.495093692072161,0.3683568634006891,0.059899584961720195,0.03286830520685758,0.008706409693298686,1.0,0.08757337795041353
636,0.98,0.07999999999999996,0.17431473021316596,0.05576848479016304,0.03294557832419,0.49524334170492895,0.36854126304910034,0.06468465166849349,0.03180544983348791,0.008639336408314578,1.0,0.10182370496232296
637,0.98,0.07999999999999996,0.17199756914554332,0.053894645456610914,0.032947441730575476,0.4959590659738834,0.3694241971863415,0.057126236023871915,0.030961292549869318,0.00869351286562848,1.0,0.10163922773016076
638,0.98,0.07999999999999996,0.16996855240183553,0.051550088063358375,0.03263118570002464,0.49658748927563,0.3702008179013062,0.04510721334941315,0.030134433234451592,0.008788534726263814,1.0,0.1304536601216506
639,0.98,0.07999999999999996,0.1682579399435612,0.050929548642120105,0.03233609890025726,0.4971185355949022,0.3708581084852897,0.05067394303233303,0.02919072685458414,0.008811172687387282,1.0,0.10217030924896786
640,0.98,0.07999999999999996,0.16718382835325535,0.051049449504038724,0.03194539709695952,0.497452566058873,0.371272022406121,0.06908277508698618,0.028343081295620288,0.008951915217395702,1.0,0.108323451996166
641,0.98,0.07999999999999996,0.16652002701182841,0.05142696416747593,0.03179624923178585,0.4976592215258728,0.3715282836076081,0.08234980661165056,0.02769596118596226,0.009012489634789907,1.0,0.10452185561038285
642,0.98,0.07999999999999996,0.16566633201442454,0.05174649874645041,0.03134911918713777,0.49792524746319716,0.371858373944519,0.0677150939701752,0.026695218350658932,0.009141723777750145,1.0,0.10409972505066234
643,0.98,0.07999999999999996,0.16540054231298812,0.051921055462730216,0.031180552769656315,0.4980081301405925,0.3719612641554604,0.07128138066505706,0.02572481639269342,0.00915700907203417,1.0,0.11820224966753057
644,0.98,0.07999999999999996,0.16461496387776048,0.05235371564879932,0.03094617956833974,0.49825326280133175,0.372265703601222,0.07336476760127057,0.024786639522328617,0.009169197006094967,1.0,0.09701397623594277
645,0.97,0.06999999999999995,0.16358283786880576,0.052269707191654455,0.03076354840258391,0.5247378492692354,0.41186011966525526,0.0755250406209314,0.023798050600857306,0.009145240767784144,0.0,0.1167504392251657
646,0.97,0.06999999999999995,0.16273949459505568,0.052642411221471994,0.030422934825068592,0.5250300329562252,0.4122227108329194,0.07342082409635232,0.02287676001608605,0.009108732672552087,1.0,0.09781176434656969
647,0.97,0.06999999999999995,0.1613882363332179,0.05250931202957499,0.030027949256437085,0.5254988672107664,0.41280501033164624,0.068667305999456,0.022033635598174776,0.009100437155165246,1.0,0.0996796845904151
648,0.97,0.06999999999999995,0.1605047672288778,0.05269885581748545,0.029462312328544828,0.5258058497018048,0.4131866150622091,0.09367784701831922,0.021370372859870077,0.00908656942767147,1.0,0.10548710880182632
649,0.97,0.06999999999999995,0.15921020278162604,0.051930406646534734,0.029614227440176114,0.5262563254964253,0.4137470639662698,0.10801864394004863,0.021766577999215463,0.00922332463546722,1.0,0.12618305458339862
650,0.97,0.06999999999999995,0.15787738305722662,0.05128999532039416,0.028643596828201542,0.5267209203022618,0.4143256651950626,0.1115381350721238,0.022269145446595428,0.009207614159863058,1.0,0.11670117713856087
651,0.97,0.06999999999999995,0.15737090082386462,0.05166916561114315,0.02756868282837608,0.5268976852365138,0.414545962873812,0.11197858847788705,0.022861834419490794,0.0091450959117515,1.0,0.09376061821198167
652,0.97,0.06999999999999995,0.1555684150338943,0.05071241077858955,0.026487878890218388,0.5275277257434284,0.41533186954591933,0.09552876581620101,0.022921775669456683,0.009020388543732206,1.0,0.0935173074604454
653,0.97,0.06999999999999995,0.1550531943753757,0.05086000732391684,0.026687815533932673,0.5277080928568296,0.41555706020384875,0.0926257995908275,0.023299988818163177,0.009024187065574132,1.0,0.11500091997647544
654,0.97,0.06999999999999995,0.15458568177827953,0.05095168251364996,0.02674548971396635,0.5278718652250346,0.4157616102339074,0.09702748455565312,0.023737165976565534,0.009019417464454175,1.0,0.12146161090703567
655,0.97,0.06999999999999995,0.1540614846562634,0.05107057348079006,0.02646054560032052,0.5280556154395573,0.4159912009601168,0.07880068345402665,0.023895261105492328,0.009010948013050421,1.0,0.11654410552226091
656,0.97,0.06999999999999995,0.1532180170545778,0.05096678792102358,0.0260848879049591,0.5283515502807875,0.4163611602519099,0.06581641751903831,0.023743167497074297,0.009118968181026596,1.0,0.11774403019102775
657,0.97,0.06999999999999995,0.15260311429063603,0.05120697392767324,0.0262350725565217,0.5285675011369385,0.41663128209826344,0.08232715733121126,0.02379851338592247,0.009127074275903197,1.0,0.10221047745586298
658,0.97,0.06999999999999995,0.15204081603405709,0.05139770158784458,0.026068390089205643,0.5287651321264274,0.4168786021879039,0.09825741097642028,0.02388545821436567,0.009169478574053579,1.0,0.10680565596168057
659,0.97,0.06999999999999995,0.15142499861670106,0.05137842650517581,0.026220955082058912,0.5289817431239684,0.41714979913102535,0.09407107203043617,0.0240818674706168,0.008907296703516714,1.0,0.12255048265407731
660,0.97,0.06999999999999995,0.15076279466292364,0.05138761230321597,0.025787822425449015,0.5292148684905177,0.41744181801749414,0.09325579608096733,0.024486707943139722,0.008821964584222504,1.0,0.11727093661201482
661,0.97,0.06999999999999995,0.15072180597119753,0.051401537234401655,0.025261577576815207,0.5292293050937386,0.4174599066593787,0.09841285384006859,0.02496628428085644,0.008780044767049421,1.0,0.1312327837707028
662,0.97,0.06999999999999995,0.15007319933793262,0.05116675370959727,0.02498245785783602,0.5294578553477337,0.41774635083867223,0.0980100276794653,0.02537288665925572,0.008763507960582352,1.0,0.13653107679025878
663,0.97,0.06999999999999995,0.14943435901252056,0.051331735259997235,0.025105563217639095,0.5296831572838308,0.4180288664418881,0.07430122130484752,0.025414140397920008,0.008939641828343812,1.0,0.10457656237705182
664,0.97,0.06999999999999995,0.14900982521647618,0.05118448553723445,0.025318617819776894,0.52983298510589,0.4182168202876773,0.09785586597301327,0.025809740696430192,0.009084114542248176,1.0,0.14577429910651674
665,0.97,0.06999999999999995,0.14866749560460354,0.05090026680615659,0.025601976386037756,0.5299538629105112,0.41836850301320067,0.06893814502751162,0.025766598683599175,0.00923349496197863,1.0,0.17410004864151607
666,0.97,0.06999999999999995,0.14863418838152206,0.05086210967898405,0.02568175798821952,0.5299656267538484,0.4183832669743236,0.10006013020722673,0.026195622375916647,0.009500023853954997,1.0,0.20527553899580653
667,0.97,0.06999999999999995,0.1480841026750693,0.05025258861039396,0.025694246087371794,0.5301599881689749,0.41862725209574325,0.07537790773085483,0.026255809859461153,0.00963847658472589,1.0,0.17687480239697395
668,0.97,0.06999999999999995,0.14704494493326115,0.04900622561984219,0.02522044113551894,0.5305275423797395,0.4190889377189533,0.06668743765516558,0.02629030757693445,0.009700575314400571,1.0,0.1551320136441927
669,0.97,0.06999999999999995,0.14723775215190424,0.04921390169720644,0.025344171474068537,0.5304593071998915,0.41900319879972847,0.045085547868282255,0.026293490548677596,0.009836035866022943,1.0,0.2096790307031018
670,0.97,0.06999999999999995,0.1481269848402203,0.0515002469667394,0.026154075159035915,0.5301448315188135,0.4186082219052657,0.06178686199241332,0.026266929921190837,0.00986329242933264,1.0,0.32161929121289856
671,0.97,0.06999999999999995,0.1471151396594913,0.05018188054822398,0.0274622126197829,0.5305026981773359,0.41905771895487565,0.07584735091563596,0.02620195211997417,0.010001133360312706,1.0,0.1632713000064161
672,0.98,0.07999999999999996,0.1460594845563093,0.04941356232979743,0.027331703202987487,0.5041143260787468,0.3796043680910151,0.084086413415892,0.026212807736793176,0.01004933697157657,1.0,0.13004792516858843
673,0.98,0.07999999999999996,0.14586384653061987,0.049279853306657594,0.027399463982666687,0.5041768563422487,0.37968328436603327,0.08899997913941615,0.026307291313414822,0.010050486507063545,1.0,0.16990582581726899
674,0.97,0.06999999999999995,0.14484770643114367,0.04873127396554647,0.027611885948768504,0.5313063948842994,0.4200685059666352,0.0663599765661063,0.02613961643253038,0.010189408384243627,0.0,0.12100520189903308
675,0.96,0.05999999999999994,0.1442459028323934,0.04848227369862951,0.026770455065327638,0.5613573889619498,0.4645448914675955,0.06169731338394665,0.025821877308364882,0.010132238480469218,0.0,0.13456800269747404
676,0.96,0.05999999999999994,0.14258132404884194,0.04619777703450137,0.026136857594741214,0.562017806984069,0.465369469313427,0.04445368463053641,0.025658258468240984,0.010296452165402401,1.0,0.12515494247643244
677,0.96,0.05999999999999994,0.14187634806877358,0.04555241260686946,0.02637061482749235,0.562297973323617,0.4657195744082158,0.042762051311610316,0.02548792368664044,0.010240011928849175,1.0,0.14897601301565144
678,0.96,0.05999999999999994,0.14141464789918043,0.045001106412081306,0.026573486363653878,0.5624816102107271,0.4659491495072434,0.05185752002444339,0.02536625431762503,0.01026678602425759,1.0,0.1726244895663127
679,0.96,0.05999999999999994,0.14121282667132426,0.044713945155341786,0.02655499428893775,0.5625619203808043,0.46604957389983465,0.04720880542080169,0.025181418873024924,0.010215781343568247,1.0,0.19504818926934275
680,0.96,0.05999999999999994,0.14236252254733817,0.04737742020040623,0.027509478203699117,0.5621047315752516,0.46547807414480624,0.03224157926648088,0.024950655133378286,0.010257336241781313,1.0,0.3059454845564209
681,0.96,0.05999999999999994,0.14282276166485477,0.048222781377539145,0.027928991356158468,0.5619219208020249,0.4652496875663536,0.03500793779762511,0.024850931661474056,0.010273012582345949,1.0,0.25340319643239473
682,0.96,0.05999999999999994,0.14264558754711942,0.04805798972278462,0.028616262804942356,0.5619922817441843,0.46533758095888134,0.02746860744658296,0.02484305212572728,0.010286519354305926,1.0,0.17865138687664928
683,0.96,0.05999999999999994,0.14318487764898355,0.04902598369425123,0.02933158569859736,0.5617781689098695,0.4650701505586006,0.029795861636778838,0.02487576492025167,0.010274656035122127,1.0,0.2570097449627359
684,0.96,0.05999999999999994,0.1440405200902834,0.05090610666936324,0.028998596639021365,0.5614387901696445,0.46464647329297254,0.03855192039043463,0.024860026693577023,0.010179571601887615,1.0,0.2961863705205543
685,0.96,0.05999999999999994,0.14479920941533092,0.05138072586230906,0.02931780063523406,0.5611382093445413,0.46427144820135235,0.04141910558650911,0.024608567404126827,0.010181071957922054,1.0,0.21434851643946862
686,0.96,0.05999999999999994,0.14470887673265936,0.05131132957440074,0.029110051164710573,0.561173980858258,0.46431606848519336,0.05438561178989098,0.02434456157092543,0.010274038495479929,1.0,0.17968297412359546
687,0.96,0.05999999999999994,0.14385714884292336,0.050354940281422365,0.02877774415834483,0.5615114873123254,0.4647372058306847,0.06985123291931931,0.02404112739875375,0.010400550445181119,1.0,0.15877619331484905
688,0.96,0.05999999999999994,0.14495908442511574,0.05251515766451398,0.028350231604217943,0.5610749104221442,0.46419249815146496,0.08817055496927746,0.02392951821757677,0.010557981870316384,1.0,0.30033736606872985
689,0.96,0.05999999999999994,0.14331373605489925,0.04766605736471358,0.02734473245551464,0.5617270327655446,0.46500629601799076,0.07182577185120437,0.023607475332730835,0.010499073405915068,1.0,0.20949388644028455
690,0.96,0.05999999999999994,0.1431882365688094,0.047576151883257096,0.027382734216056057,0.5617768358386095,0.46506848585566,0.07790776657097179,0.023600600585659687,0.01051340425127655,1.0,0.17109087950288426
691,0.96,0.05999999999999994,0.14469970429709014,0.0500722251825306,0.028431603223710657,0.5611776133745923,0.4643205997356317,0.08527790241027723,0.023690556537977952,0.010449108571586992,1.0,0.3001467682961315
692,0.96,0.05999999999999994,0.14486623600461382,0.05019765630115634,0.029226872125504844,0.5611116699319985,0.46423834562183214,0.08361772289817312,0.02380778364237753,0.010311881099876966,1.0,0.19087102325587513
693,0.96,0.05999999999999994,0.1450865234360252,0.050240257146000236,0.029348866186196282,0.5610244640334007,0.46412958499238266,0.06877239756754377,0.023759784326022652,0.010414711909576452,1.0,0.16570247188201237
694,0.95,0.04999999999999993,0.14510667043304112,0.050234840508467236,0.029301604759662578,0.5943611291606968,0.5129315292229087,0.04003129382112011,0.02374312878874183,0.01061631396311049,0.0,0.13259728907705415
695,0.95,0.04999999999999993,0.14516525912374093,0.050265341694258586,0.029526499891454488,0.5943351023702819,0.5128995713542835,0.040641741681081825,0.02378700325817708,0.010464429862222508,1.0,0.17422552247723577
696,0.95,0.04999999999999993,0.1457476004967237,0.05108573513163814,0.029802737184279473,0.5940765333638315,0.5125821429854628,0.017920322235653832,0.024156164482768073,0.010493327786357828,1.0,0.24596440605831837
697,0.95,0.04999999999999993,0.14620662602730072,0.051267930934132046,0.03036946213147256,0.5938728771002177,0.5123322096087712,0.01639235257818425,0.024482741790664772,0.010480351112889,1.0,0.18924143022633233
698,0.95,0.04999999999999993,0.14615341780532276,0.0512729998869022,0.03074593024931467,0.5938964768842374,0.5123611682977758,0.023446301863736026,0.024669226347293727,0.010548958526193525,1.0,0.13863526103070534
699,0.95,0.04999999999999993,0.14769880603607866,0.05384961798051075,0.03233109885297296,0.5932118039258951,0.5115214184887026,0.04536944866775272,0.024630044457863515,0.010485129815124618,1.0,0.31183073183334775
700,0.95,0.04999999999999993,0.1477620620575979,0.053883658883625084,0.03343079382950335,0.5931838124375903,0.5114871043842972,0.042010565020847046,0.02467609472867973,0.010438647141740375,1.0,0.17988128995015695
701,0.95,0.04999999999999993,0.14770605850199608,0.05388371936235582,0.033612372238809696,0.5932085944955313,0.5115174840545126,0.0681840838166625,0.02469215130882793,0.010410068444078073,1.0,0.14487569303136438
702,0.94,0.039999999999999925,0.14756121760976737,0.05394129025289931,0.03384936322729159,0.6306898014218463,0.5654010996206857,0.053183067552712154,0.02451846626972753,0.010443059230323867,0.0,0.11896262497120991
703,0.94,0.039999999999999925,0.14772551548792434,0.053915599213825105,0.03413289773684652,0.6306076278765568,0.565302582341881,0.05271629001554342,0.024456948230158766,0.010126241851455907,1.0,0.14742554180933642
704,0.94,0.039999999999999925,0.14739287787260574,0.05412242897799717,0.03456435248254178,0.6307740187175124,0.565502076124991,0.07375288684850659,0.024465445672183003,0.010178082272587591,1.0,0.09733899206958863
705,0.94,0.039999999999999925,0.14739713291641066,0.054120545863920386,0.034767965732281185,0.6307718897197514,0.5654995233454129,0.05829836950683314,0.02428533288705063,0.010294343348610993,1.0,0.12365572806602287
706,0.93,0.030000000000000027,0.14725570941183705,0.054185856283418404,0.03465425894581405,0.6733184588670557,0.6250674102591655,0.06721249756217587,0.024059440482764864,0.010234469515055503,0.0,0.11524689750040107
707,0.93,0.030000000000000027,0.1478519832529394,0.054097566615644264,0.034551158881340804,0.6729786829233263,0.6246721909340778,0.06253926265039354,0.023551402897239525,0.010197316087122398,1.0,0.16935082964213422
708,0.93,0.030000000000000027,0.14761478757301827,0.054034211141820415,0.03438161313342632,0.6731138035408323,0.6248293479427218,0.06666939541757153,0.02319311602862618,0.010158273928851807,1.0,0.15031471606436497
709,0.92,0.020000000000000018,0.1476581474337388,0.05402838877163852,0.03442916560857444,0.7216634814205699,0.6905114675370666,0.0567838525532757,0.022949247429975173,0.010228773371037296,0.0,0.14254912750723525
710,0.92,0.020000000000000018,0.14809383558611128,0.054101429327940105,0.034676726098499304,0.7213782492119645,0.6901925335215814,0.03855236847920784,0.02284860904633108,0.010360396338600227,1.0,0.17872406315495648
711,0.92,0.020000000000000018,0.14875511169771005,0.054200687590776196,0.034710928544999894,0.720945761758927,0.6897090263290225,0.041332868504808315,0.022643621211571072,0.010182457328175383,1.0,0.18961641193242984
712,0.92,0.020000000000000018,0.14872676099963822,0.05421071042516588,0.035210114142186014,0.7209642930273957,0.6897297416925172,0.049494388806388706,0.022616810809823328,0.01025465599597339,1.0,0.12816003753928573
713,0.92,0.020000000000000018,0.1491879129844772,0.05415162814979128,0.035315256350918346,0.7206629819526689,0.6893929403564057,0.047676159610823735,0.022592640757587004,0.010026629116347486,1.0,0.16507330555864597
714,0.93,0.030000000000000027,0.1491491385001831,0.05415566998567228,0.03545340282319084,0.6722407054372119,0.623814140666907,0.04674937985196798,0.022252874117146656,0.009870298012127679,1.0,0.14158484800020177
715,0.93,0.030000000000000027,0.15001926574970686,0.054628749461531505,0.03582192213699928,0.6717465790108044,0.6232398832558853,0.05412757822751818,0.02211879879136378,0.009915843043228813,1.0,0.22266306457852159
716,0.93,0.030000000000000027,0.14984375418106666,0.05455950798746257,0.03562954874562949,0.6718461897381923,0.6233556303930692,0.046385022395515015,0.02205499135061906,0.009976292078215326,1.0,0.16269398727340578
717,0.93,0.030000000000000027,0.1507301061493854,0.05448247820800489,0.03538096871297322,0.6713434469286278,0.6227715343823882,0.03144472013767861,0.022163218074256114,0.010095751108009941,1.0,0.18986629791857668
718,0.93,0.030000000000000027,0.15150843828875224,0.05506240246382962,0.035418414891549,0.6709025934920455,0.6222595241308888,0.03499797661190911,0.022252191659073325,0.010090611163558314,1.0,0.2308460489015256
719,0.93,0.030000000000000027,0.15224730820819532,0.05507321530184105,0.03583330000663682,0.6704846271373857,0.6217742516559037,0.028592572754045777,0.022389883928519393,0.010100707445856229,1.0,0.18962724760520622
720,0.93,0.030000000000000027,0.15324486164580653,0.055308492881529114,0.03605861220901571,0.6699211533372715,0.6211202813941922,0.0201640659952661,0.022606277867655306,0.01012803711421871,1.0,0.21564077432464268
721,0.93,0.030000000000000027,0.15369221408383646,0.05521533519197736,0.03649794785443408,0.6696687712147145,0.6208274552693779,0.022426470836206684,0.022840219481690054,0.010126039369252939,1.0,0.16432829305043883
722,0.92,0.020000000000000018,0.15423437340779342,0.055220794031072655,0.03643268917777076,0.7173820694733563,0.685728649522951,0.04337114188623557,0.022788453164341166,0.010330714590999903,0.0,0.18162723402092862
723,0.92,0.020000000000000018,0.15514795745354068,0.055132042280741485,0.03637130120781954,0.7167913017050589,0.6850694462755766,0.04102197485725252,0.022748987741275213,0.010288538043672654,1.0,0.19501015623980056
724,0.92,0.020000000000000018,0.15557768752114032,0.05504807584418558,0.036523864103575804,0.7165137537439575,0.6847598094966038,0.030712290255755434,0.022745651698602667,0.010357194534853063,1.0,0.1660850896690793
725,0.92,0.020000000000000018,0.15658726485223903,0.05511565609438692,0.03689869422193015,0.7158625471268841,0.6840334708640763,0.052069374705498835,0.02259897764749583,0.010567142987130412,1.0,0.2102484761281398
726,0.92,0.020000000000000018,0.15907693567792652,0.05874527982417004,0.03815474645176451,0.7142616848633251,0.6822488497226983,0.049061111605904144,0.02245762933666864,0.010293434889620822,1.0,0.36531303032899376
727,0.92,0.020000000000000018,0.1599016726196907,0.05914835067133492,0.03911409542390002,0.713732955300598,0.6816597214964394,0.04943314174270212,0.022489636478961735,0.010233518328655001,1.0,0.229535025383917
728,0.92,0.020000000000000018,0.16110350665876327,0.05926705667042712,0.03914265201552001,0.712963873001301,0.6808030436034705,0.04272692443019315,0.02256337879596614,0.010204066040942626,1.0,0.22644227841109466
729,0.92,0.020000000000000018,0.162181417386346,0.05923515300816141,0.038832607559197437,0.7122755007319941,0.6800365289477655,0.0362179375210703,0.022694457518764005,0.010119121196877282,1.0,0.21378430285966488
730,0.92,0.020000000000000018,0.16335665964222748,0.060127957055180946,0.03887864945091522,0.7115264840050027,0.6792027651699086,0.0447025479555147,0.022734815862147997,0.010201168918280821,1.0,0.2668698324169043
731,0.92,0.020000000000000018,0.16466758036843346,0.06017921701076951,0.039230452919802546,0.7106928517908249,0.6782751545278997,0.044549424931455285,0.022774510021107003,0.010160713206145538,1.0,0.23191029717217582
732,0.92,0.020000000000000018,0.1653296075980803,0.05983779158085143,0.03983751669216679,0.7102726016147309,0.6778076646893477,0.026177781658888788,0.02299722553363464,0.010178175705041585,1.0,0.1671519393411478
733,0.92,0.020000000000000018,0.16662311544716052,0.059729375441412234,0.04039940353862931,0.7094529246017782,0.676896112576366,0.013916179359334944,0.0234606796237607,0.010297000987538893,1.0,0.2256409569175093
734,0.92,0.020000000000000018,0.1673489176012076,0.059274783544799654,0.04094261783153204,0.7089938224491329,0.6763857032160312,0.034175542910675955,0.0236004588017785,0.010464912581633854,1.0,0.1660081676376317
735,0.92,0.020000000000000018,0.16809477125202307,0.05873305439417616,0.04083755821126703,0.7085226554609307,0.6758619942576491,0.03461254528369898,0.023734321392310027,0.010420992739878803,1.0,0.16215874303195887
736,0.91,0.010000000000000009,0.16846837822553687,0.058428346274290124,0.041067758852540645,0.7622780302305012,0.7466534357241695,0.023779857350276223,0.02399522520422279,0.01045406619734144,0.0,0.1391844023137092
737,0.91,0.010000000000000009,0.16926313427985304,0.05805323406863469,0.04120024368543532,0.7616977270517667,0.7460381618899229,0.03163116221120613,0.024151365327194318,0.010411968037608825,1.0,0.1811148331617718
738,0.91,0.010000000000000009,0.16962946231989315,0.05792261575308911,0.04105625396991435,0.7614305444600888,0.7457549041316566,0.045956388403528094,0.024146629814900705,0.010500437699319954,1.0,0.1670864641256642
739,0.91,0.010000000000000009,0.17012033486316586,0.0575556804592759,0.04115398889720959,0.7610728186395583,0.7453756812203428,0.039064186453362154,0.024214212357673452,0.010384108102304935,1.0,0.1512575635762372
740,0.91,0.010000000000000009,0.17049890284746483,0.057271771131328884,0.041166874925132706,0.7607971648155691,0.7450834823533304,0.03501718759647632,0.024307819682292228,0.01029097645919606,1.0,0.14618025042606542
741,0.91,0.010000000000000009,0.17143585695426475,0.05695025245439528,0.041688237402956796,0.7601157807151381,0.744361275648003,0.06618669556215738,0.02420251305007341,0.010457994593783996,1.0,0.19821726629037095
742,0.91,0.010000000000000009,0.17282116585407462,0.05698032610516586,0.041994407343607425,0.7591105715152966,0.7432960375182566,0.057027025148574766,0.02418466587195188,0.010514493419225415,1.0,0.2426306150316515
743,0.91,0.010000000000000009,0.17348725421705083,0.05672670633072686,0.04236442002678838,0.7586281897259018,0.7427849312130635,0.05582942612754429,0.02415042807703019,0.0105055460665468,1.0,0.18481108596514995
744,0.91,0.010000000000000009,0.17404727119984223,0.05624335361102406,0.04248622758699892,0.7582230990689144,0.7423557597323306,0.07152753338959927,0.024139522498439432,0.010642291866975025,1.0,0.15301567451508402
745,0.91,0.010000000000000009,0.1745038773474456,0.05596097820989117,0.04238983066368396,0.7578931311040384,0.7420062044546424,0.06570045027359803,0.024088362143317787,0.010679896580019693,0.0,0.1624110539855006
746,0.91,0.010000000000000009,0.17611112667908,0.056043252747081176,0.04334192887864016,0.7567339281673954,0.7407783876196912,0.05699094341771026,0.02403864644813893,0.010719856062433747,1.0,0.25853669751000974
747,0.91,0.010000000000000009,0.17701212594510923,0.05552913649686509,0.043977784051420526,0.7560856465923618,0.7400918681429421,0.05194576182246357,0.024020916724632118,0.010518185765225499,1.0,0.18977961119334208
748,0.91,0.010000000000000009,0.17822152933258817,0.05527461264317671,0.04413891425924686,0.755217208043159,0.7391723569499395,0.03887531507843793,0.023817565234136254,0.010505353945248696,1.0,0.22642744754971988
749,0.91,0.010000000000000009,0.18050655899894089,0.057744078334501465,0.045338678867571244,0.7535818261764512,0.7374412675890898,0.035230992014147755,0.023358968892141046,0.010506614873856927,1.0,0.35468602121867376
750,0.91,0.010000000000000009,0.18102987328267525,0.057399564226605394,0.046982243077471224,0.7532082895966118,0.7370459564208655,0.04257850522985103,0.02273044062853088,0.010576383154765412,1.0,0.1690326055119986
751,0.9,0.0,0.18193410764719406,0.056725942860512565,0.04713283033404014,0.8138079634932991,0.8138079634932991,0.031706817286248815,0.02213883173858883,0.01052003835963325,0.0,0.1841840546638599
752,0.9,0.0,0.18454579478477628,0.058577031459292724,0.04863806623342181,0.8116386075077789,0.8116386075077789,0.03832326828646711,0.021818555787764992,0.010557548306853903,1.0,0.35468602121867376
753,0.9,0.0,0.18694264579719827,0.060552752127347426,0.048572806729072715,0.8096578545571734,0.8096578545571734,0.034423653503917157,0.02156416366098896,0.010552476890871321,1.0,0.35468602121867376
754,0.9,0.0,0.18781366902633093,0.06023017724019414,0.049999115638301006,0.8089404355856944,0.8089404355856944,0.027577001842354308,0.02127570265155496,0.010437525886426236,1.0,0.20856393382029847
755,0.9,0.0,0.18863301947355612,0.05981092653776094,0.050088861687864146,0.8082667364539928,0.8082667364539928,0.03200225444983627,0.021218938555296864,0.010351071206350414,1.0,0.19847915024477902
756,0.9,0.0,0.19100243938383257,0.0616215570110402,0.05150980429633618,0.806324814342811,0.806324814342811,0.034664133315047106,0.021251128692253214,0.010211183722037666,1.0,0.35468602121867376
757,0.9,0.0,0.19167202865778019,0.061013888809091615,0.05333729356767187,0.8057777242977097,0.8057777242977097,0.026131388430553848,0.02119203779812516,0.010136461411323364,1.0,0.16916940485062282
758,0.9,0.0,0.19293637118956744,0.06055040825876201,0.05382543172522124,0.8047467110230451,0.8047467110230451,0.02822278284432581,0.0207959465300233,0.010115300355442435,1.0,0.23323990914040582
759,0.9,0.0,0.19342263759193196,0.06017730802474282,0.05439899980812849,0.8043508852576275,0.8043508852576275,0.044897070494527055,0.02034863769022497,0.01027549239282357,1.0,0.17117712289052478
760,0.9,0.0,0.194959237227585,0.060175009387063605,0.055265584960937655,0.8031026329960037,0.8031026329960037,0.05627008280461819,0.01989977145647736,0.010338279812530536,1.0,0.27093090017731947
761,0.9,0.0,0.19526185745446537,0.05992936048629571,0.05631748193769544,0.8028572568271806,0.8028572568271806,0.04962915501004197,0.01929967214098856,0.010401290940146425,1.0,0.16149480645874237
762,0.9,0.0,0.19670551321949392,0.06023524087224593,0.057200788325788045,0.8016887457991251,0.8016887457991251,0.0607893543477728,0.018713775934596596,0.010274537333713224,1.0,0.2808966532931172
763,0.9,0.0,0.19728384582363695,0.059622431033316714,0.05798148624267996,0.801221590640031,0.801221590640031,0.05200388616461709,0.018546586776605808,0.010125353732854536,1.0,0.16240982279135274
764,0.9,0.0,0.19721596884656833,0.059684864313181256,0.05793196575638399,0.8012763908881575,0.8012763908881575,0.04547159432622984,0.017889446065879486,0.00989923828732813,1.0,0.13898660139965358
765,0.9,0.0,0.19695436939738475,0.059842729257432635,0.05770750123082051,0.8014876624560282,0.8014876624560282,0.05860802395087427,0.017801013186967172,0.009717566008994082,1.0,0.1479401037231597
766,0.9,0.0,0.19677698138727945,0.059844091418046794,0.057820591106207186,0.8016309870241437,0.8016309870241437,0.07101052056147485,0.017182616772468937,0.00959352837398629,1.0,0.18753673798527193
767,0.9,0.0,0.19664142681920246,0.059904340988420124,0.05784558710260328,0.801740545893901,0.801740545893901,0.05092067490365379,0.01696607606381019,0.009708673581886611,1.0,0.16331934558927763
768,0.9,0.0,0.19865795862977212,0.06183602201635249,0.05924880762839086,0.8001138149209733,0.8001138149209733,0.03221224909634525,0.016931240409463717,0.009679446673002018,1.0,0.35678519470115744
769,0.9,0.0,0.1986307041608442,0.06183175890815058,0.0596315485413307,0.8001357570221724,0.8001357570221724,0.0340681118137759,0.016982783050598138,0.009529492618388882,1.0,0.2069535838103156
770,0.9,0.0,0.19703925299393135,0.060683150163483725,0.05848136084519159,0.8014190970041036,0.8014190970041036,0.02856249262174295,0.01702408836397398,0.00944307979282131,1.0,0.1624741745216054
771,0.9,0.0,0.1979636764930309,0.060865542444068346,0.05908758408314053,0.8006731448577659,0.8006731448577659,0.03607256648567757,0.016811638559310546,0.009435716271242307,1.0,0.255713649916378
772,0.9,0.0,0.19875808292859845,0.06049120526205311,0.059151899038113846,0.8000332169112243,0.8000332169112243,0.049119067089802265,0.01638924291483407,0.00951786712862211,1.0,0.20948856872533939
773,0.9,0.0,0.20044540355770837,0.061997402658916,0.05996249192785819,0.7986773968025768,0.7986773968025768,0.059502849337404407,0.015876864151842196,0.009394066923311932,1.0,0.3386378887282655
774,0.91,0.010000000000000009,0.2026217304260007,0.06298258260022806,0.05982549393999515,0.7381126070503451,0.7210969829881794,0.049361531758419105,0.01574931282035202,0.00944940686671421,1.0,0.3386378887282655
775,0.92,0.020000000000000018,0.20362852250746827,0.06269069469902978,0.060774762805277945,0.6867787917781005,0.6518178528829387,0.04503306330738727,0.01566934620736299,0.009318950702043721,1.0,0.23524721084422706
776,0.92,0.020000000000000018,0.20440532838336864,0.06219280533324871,0.06086153664607129,0.6863183443766498,0.651311315718231,0.041904739505489355,0.015673496180604454,0.009333462727124243,1.0,0.2028355300664677
777,0.92,0.020000000000000018,0.2063184619663157,0.06338931768297928,0.06201108578438674,0.6851869733778325,0.6500671561567286,0.025992200775910572,0.015793480911995596,0.009402322020222684,1.0,0.34028937131035786
778,0.92,0.020000000000000018,0.2079951107837562,0.06468016429169315,0.0617845837671844,0.6841985150295209,0.6489806903952027,0.026741233421154392,0.01589059260911489,0.009362931293370182,1.0,0.34028937131035786
779,0.92,0.020000000000000018,0.20858010238145414,0.06482480446530318,0.06154059111045852,0.6838543074857681,0.6486024708740743,0.04088205724527607,0.01589545729448052,0.009354583795085341,1.0,0.25354734903914156
780,0.92,0.020000000000000018,0.2085370083506526,0.06476146533905375,0.06149560569947968,0.6838796520850144,0.6486303177768812,0.03543049058405405,0.01587253878005814,0.009381707109530573,1.0,0.30163608147626264
781,0.92,0.020000000000000018,0.20839399154956226,0.06467796442531523,0.06137219919036005,0.6839637770479037,0.6487227508455347,0.04023038019851311,0.015847267184411092,0.00935403599097923,1.0,0.23910151632336174
782,0.92,0.020000000000000018,0.20875980278765713,0.06461212496469179,0.06082180169087658,0.683748641754224,0.6484863761583628,0.04881229842602354,0.01574882813629449,0.009417214415598568,1.0,0.2152325106861379
783,0.92,0.020000000000000018,0.2096040857369448,0.06577817613437874,0.06170088152570029,0.6832526312773094,0.6479414864550072,0.026934714250829234,0.015779961267248035,0.009549755076422188,1.0,0.34143803989150456
784,0.92,0.020000000000000018,0.2090475048489034,0.06527677084435692,0.06189352702159934,0.683579537884475,0.6483005939214687,0.03669686808055197,0.01578921161481951,0.009619401224236818,1.0,0.2405282817164145
785,0.92,0.020000000000000018,0.20924922151794648,0.06532399014535406,0.0616040578908596,0.6834610238897924,0.6481703998106695,0.019659266670514222,0.015992396702254753,0.009660523398041422,1.0,0.23452018334377578
786,0.92,0.020000000000000018,0.20940414956850728,0.06527203592467536,0.06179029651061063,0.683370027371086,0.6480704400054308,0.029372584547366975,0.016043373350159516,0.009602419324783083,1.0,0.19517577917967643
787,0.92,0.020000000000000018,0.20999417658829997,0.06507810696373618,0.060588699978899124,0.6830236985446541,0.647690035837179,0.018187544556487384,0.016067210523906705,0.009530355869640876,1.0,0.21777889529411842
788,0.92,0.020000000000000018,0.2086952770503553,0.06455612606713593,0.06014918486164064,0.6837865798096879,0.6485280579655845,0.029392018301199564,0.01552492420429345,0.009478433552738239,1.0,0.17044741227426297
789,0.92,0.020000000000000018,0.20868641402064686,0.06455607665723433,0.060146731975355555,0.6837917911772174,0.6485337836514593,0.03137877449550406,0.015317975534994057,0.009437067507026492,1.0,0.20860758346943997
790,0.92,0.020000000000000018,0.20893062973245358,0.0644595119668473,0.058975411207604425,0.6836482239820532,0.6483760526321429,0.017228687031670818,0.015144196744510766,0.009505551866870209,1.0,0.19551245068355527
791,0.92,0.020000000000000018,0.20806517814066378,0.06380669257754894,0.05805433457521392,0.6841572693132287,0.6489353659087821,0.026324639720988904,0.014621593920268358,0.009580660686842067,1.0,0.21360160911715242
792,0.92,0.020000000000000018,0.2090099021360875,0.06424301048059519,0.058524771568216276,0.6836016350397103,0.6483248696469085,0.019491584059834522,0.014196038393696509,0.009499728669978683,1.0,0.28534342279824854
793,0.92,0.020000000000000018,0.2107672578161824,0.06542700419677691,0.058756988076178886,0.6825704531220201,0.6471922877322691,0.03189094508802477,0.013964378330250554,0.009334660561713698,1.0,0.34143803989150456
794,0.93,0.030000000000000027,0.21097295925646858,0.06521290150746695,0.060238224170983484,0.6388515347822872,0.5854840777816107,0.032700394265142714,0.013990081918602024,0.009336670676028409,1.0,0.15316743310566872
795,0.93,0.030000000000000027,0.2125636881202299,0.06622932522528817,0.06133309378882813,0.6380361428190003,0.5845599039656683,0.03458489972604184,0.014005599686237862,0.009126196797396804,1.0,0.33329840885337325
796,0.93,0.030000000000000027,0.2128680698568312,0.06645170300882068,0.06133483978178714,0.6378803569210952,0.5843833982109794,0.02644705726647214,0.01388927082594926,0.00919296318933721,1.0,0.27640257971844717
797,0.92,0.020000000000000018,0.21391066795316174,0.06688928704976864,0.06099638009436603,0.6807336998299917,0.6451762590852905,0.03786562730392098,0.013667453283409032,0.009237050267639199,0.0,0.2935012398593845
798,0.92,0.020000000000000018,0.2144345509321235,0.06650170371782288,0.060282058984566664,0.6804285458024547,0.6448414867396736,0.028026729451814406,0.013614548182760904,0.009114987146912836,1.0,0.1910235589268794
799,0.92,0.020000000000000018,0.21360361979288434,0.065794922049677,0.059330186430014774,0.6809126780616522,0.6453726309932194,0.030994393796924515,0.013648939747022863,0.009111035436793688,1.0,0.2287376179094336
800,0.92,0.020000000000000018,0.214022787706964,0.06571221806092155,0.05904669087074729,0.6806683687259831,0.6451045829502685,0.0512818865810392,0.013684409315755888,0.00905158062859469,1.0,0.22179808135812207
801,0.92,0.020000000000000018,0.21448809736487015,0.06538486656134601,0.05909192677454516,0.6803973712133858,0.6448072890009034,0.07337120437117003,0.013794978335262803,0.009123179633909644,1.0,0.19140665882197838
802,0.93,0.030000000000000027,0.2152077483513139,0.06472219581453086,0.05880926029341655,0.6366854189615015,0.5830302090919248,0.07826336664553984,0.014226068793570926,0.009167880489840968,1.0,0.19092772361558397
803,0.93,0.030000000000000027,0.21565483397324178,0.06440607425468249,0.058315521209040745,0.6364575893766683,0.5827723430936278,0.0861052989126739,0.014856974499413547,0.009034601049782088,1.0,0.19213410400212716
804,0.93,0.030000000000000027,0.21691852668320355,0.0633025092265879,0.05836862649254785,0.6358145072720265,0.5820447138437391,0.07149956662006901,0.014810587611210974,0.009026027463427861,1.0,0.22370826306576408
805,0.93,0.030000000000000027,0.21746495094409732,0.0627283423230052,0.058742376778858345,0.6355368390509825,0.5817306473156538,0.06966950778309655,0.014977398253959107,0.008954471208696848,1.0,0.1782981541554034
806,0.94,0.039999999999999925,0.21781543022623903,0.06225234973557409,0.058478734317233064,0.5974023789067904,0.5261895443510883,0.058382890911670066,0.01485516165619749,0.00902127304667305,1.0,0.1502948257145721
807,0.94,0.039999999999999925,0.21825121199713543,0.06206380376754466,0.05891911883682328,0.597206861315787,0.5259632834376579,0.07432539266434568,0.01506214558031106,0.009140589905112422,1.0,0.2129290067317724
808,0.94,0.039999999999999925,0.21847405604138306,0.06185914272298442,0.05924805113667697,0.5971069296852847,0.5258476564432525,0.08252294672910276,0.015398318122813622,0.009123539513197889,1.0,0.17259912048912707
809,0.95,0.04999999999999993,0.2187246596405753,0.06160127297331848,0.058933048080262306,0.5633621726679775,0.4756890341388474,0.08445042304745118,0.015895162583261714,0.008958852566170421,1.0,0.16760948742645776
810,0.95,0.04999999999999993,0.21929900338222416,0.061493299228853986,0.059515437990524014,0.5631330354568036,0.47541972907725616,0.08726513511930971,0.01649695958554441,0.00895919814239525,1.0,0.23615843731983954
811,0.94,0.039999999999999925,0.2187608824870906,0.06198418613720126,0.059908344460297885,0.5969783551599943,0.5256989057352146,0.07835506963834867,0.01686351717786868,0.008966759204813235,0.0,0.13580432241908025
812,0.94,0.039999999999999925,0.21929482081089435,0.061428924194934044,0.05999759980859306,0.5967391562168172,0.5254222246691869,0.07436467270706407,0.017131152250617062,0.008988700293052827,1.0,0.18155386991966083
813,0.94,0.039999999999999925,0.22002182803354453,0.06121273782474427,0.06032822304440678,0.5964137723868039,0.5250459652987252,0.06561742322630396,0.017264627025135065,0.009067694936708427,1.0,0.23777402782366353
814,0.94,0.039999999999999925,0.22044581197878377,0.06081351583079822,0.06005259242542922,0.5962241752831189,0.524826782957464,0.06975025327463712,0.017452686380368454,0.00903491343845371,1.0,0.18398324252412168
815,0.94,0.039999999999999925,0.22009056255920842,0.06090322130368212,0.05947871164554793,0.5963830274984178,0.5250104199300538,0.07191886598827626,0.01764291177932262,0.00897861098271266,1.0,0.1871381226209896
816,0.94,0.039999999999999925,0.22031084786474597,0.06073482655680956,0.059228643909675825,0.5962845154439013,0.5248965340215948,0.07973205523333911,0.017989959238327087,0.00890661994217959,1.0,0.18472251782715743
817,0.94,0.039999999999999925,0.22043806281287645,0.060684226400778814,0.05899516435332753,0.5962276394729884,0.5248307873172102,0.047118800874158165,0.017942149700625378,0.00920015527435081,1.0,0.20258779273162586
818,0.94,0.039999999999999925,0.22023549957079103,0.06068295426136534,0.058659640420651166,0.596318207697963,0.5249354829840287,0.050924468713517454,0.01792475560935274,0.009173895314567939,1.0,0.21058972469298476
819,0.94,0.039999999999999925,0.22019264156890286,0.060706065586169276,0.05865191062829922,0.5963373735027244,0.5249576396772458,0.0335895674771713,0.017885870519246186,0.00926385889514942,1.0,0.18534144741639036
820,0.94,0.039999999999999925,0.2203894181107226,0.060722881826339836,0.05863842072745098,0.5962493865373859,0.5248559257264176,0.0340653944544224,0.017745385826841178,0.009245812654102053,1.0,0.23531842850661733
821,0.94,0.039999999999999925,0.22180941129849935,0.061054706866924914,0.059180948427966173,0.5956152175017203,0.5241230969766494,0.041694704448188305,0.01760120967904163,0.00911131405757414,1.0,0.30632761182811197
822,0.95,0.04999999999999993,0.2219713439285403,0.06096933339640509,0.0601417988581098,0.5620693389246704,0.4741706901044578,0.06140321524224661,0.017671919588870922,0.009286660964292074,1.0,0.19782049702502125
823,0.95,0.04999999999999993,0.22177278758057462,0.06108902751263118,0.06007857571680741,0.562148233939792,0.4742632686289258,0.05132021639294529,0.017675171968365884,0.009284371209219388,1.0,0.1751545214432374
824,0.95,0.04999999999999993,0.22191612747124606,0.060974903292090314,0.059685658250483414,0.5620912765856585,0.4741964316019748,0.06147754606371339,0.017679986990888838,0.009171242373068125,1.0,0.18041907873622232
825,0.95,0.04999999999999993,0.22230948317175134,0.061025223466612634,0.058817985656964146,0.5619350325515885,0.474013113070821,0.07425488348279402,0.017893018808147015,0.009269919891446769,1.0,0.24958404617866958
826,0.95,0.04999999999999993,0.22267348323310712,0.06197823494946206,0.05898314712505332,0.56179052617288,0.47384360159054745,0.07728619620274746,0.01815669405857261,0.00929678133168066,1.0,0.401713036464576
827,0.95,0.04999999999999993,0.2226223266595676,0.061974661467297014,0.06074275239234417,0.5618108306125057,0.4738674174138426,0.07170860513210299,0.018327444870382775,0.009285381066611323,1.0,0.22441936802996
828,0.95,0.04999999999999993,0.22355877358150905,0.06272821836326277,0.06158123347339314,0.561439379907629,0.47343183558321017,0.05449869783604934,0.01833935582598173,0.009393471171529817,1.0,0.32008697060523716
829,0.95,0.04999999999999993,0.2253531424169079,0.06495003895276123,0.061783745455585806,0.5607289967667319,0.4725994306352434,0.05882968973398475,0.018346679413100243,0.009351515428736797,1.0,0.39322118639955095
830,0.95,0.04999999999999993,0.22542224091113,0.06499782863359238,0.06263709868099704,0.5607016769051009,0.4725674344759278,0.07664466280901233,0.018579735440360796,0.00952991795450415,1.0,0.27377968183911106
831,0.95,0.04999999999999993,0.227120268304054,0.06732160074807286,0.06327522996174892,0.5600311537563768,0.47178251950877836,0.08208233090857506,0.018895540763309182,0.009399271740635425,1.0,0.401713036464576
832,0.95,0.04999999999999993,0.22946587927528825,0.06924998468308896,0.06268443180441194,0.5591075438866864,0.47070253717427146,0.07136377666518118,0.01891483700466369,0.00938368539663381,1.0,0.401713036464576
833,0.95,0.04999999999999993,0.23036258086281344,0.0697732330530644,0.0629548270722369,0.55875526228773,0.4702909769387701,0.08067178423490114,0.01887140612254174,0.0092730656392437,1.0,0.31531111567002634
834,0.95,0.04999999999999993,0.23170902444594932,0.06981749780065466,0.06306401055822809,0.5582271262952797,0.46967434795933916,0.08348482633284277,0.01912386733808932,0.009297066040505503,1.0,0.3006525259512258
835,0.95,0.04999999999999993,0.23387251678948398,0.07097132667082874,0.06361836521192454,0.5573805946734504,0.46868691568970416,0.08434648046525293,0.019379126300818828,0.009196348527363962,1.0,0.3785079773854225
836,0.96,0.05999999999999994,0.23588556694776167,0.07111181396074051,0.06357885135733754,0.5272488132365799,0.4232574891203072,0.07427391293674143,0.01935114930604956,0.0092187855240062,1.0,0.3404894181414726
837,0.96,0.05999999999999994,0.23730277136707176,0.07141768549239985,0.06361547533726263,0.5267538409748639,0.4226765280768764,0.06629269538081776,0.01932312040757777,0.009154704628689045,1.0,0.32283527509278154
838,0.96,0.05999999999999994,0.23753007525781594,0.07122976877856625,0.06479920787608354,0.5266745393754501,0.4225834967394626,0.051023717164156476,0.019317260489527675,0.009239318530370817,1.0,0.18981685320008534
839,0.95,0.04999999999999993,0.2380035194783548,0.07081087705797881,0.06483666059608212,0.5557713262097811,0.4668129850250405,0.054525808725207736,0.019284961904268934,0.009233814416271477,0.0,0.198601985630117
840,0.95,0.04999999999999993,0.23919912627353163,0.07025759280042468,0.06498920532789353,0.5553072995472769,0.46627341943667944,0.0562694635159304,0.01922572423204988,0.008936583576120384,1.0,0.26574092994375254
841,0.95,0.04999999999999993,0.24044781673514032,0.07062680503755431,0.06511983193159253,0.5548234970966739,0.4657112277179435,0.051679172028985865,0.019166104258899135,0.00889042823342707,1.0,0.3230863124512354
842,0.95,0.04999999999999993,0.23987769673391213,0.07083668061563846,0.06592435888589453,0.5550442842496672,0.4659677417461361,0.04050580599946236,0.019184392738790485,0.008991193556745181,1.0,0.18561861490883835
843,0.95,0.04999999999999993,0.24156686953208797,0.07151418354503475,0.06730127140532709,0.5543906381959676,0.4652085527502153,0.051807014468141545,0.019178034706501687,0.008946780437620172,1.0,0.3537283657827285
844,0.95,0.04999999999999993,0.24264050884981636,0.07098064381210836,0.06814928534496734,0.5539759799831401,0.4647272963006645,0.05784477123183947,0.019077972445845255,0.008948908454263573,1.0,0.2603796062879278
845,0.96,0.05999999999999994,0.24365579827233405,0.07055062020082706,0.06721428278360192,0.5245463581988133,0.42009168228000904,0.06558867111202557,0.019077092644068133,0.008939154848448407,1.0,0.2639399962372623
846,0.96,0.05999999999999994,0.24314232918780598,0.07062725852587046,0.0670930011761614,0.5247240855292636,0.42029942169600615,0.05663658505419154,0.019075943322352486,0.00897861852988868,1.0,0.20718978905720675
847,0.95,0.04999999999999993,0.2447818167336998,0.07126947906114628,0.0682030086546376,0.5531508190619134,0.4637704269752257,0.04623172454465361,0.019080458148547502,0.008951693416409008,0.0,0.3537283657827285
848,0.95,0.04999999999999993,0.24604521276512226,0.07204846809588494,0.06691717775990841,0.5526651167580058,0.46320770921589977,0.032831366416642194,0.019126914921010436,0.009050239225133466,1.0,0.3527670506919658
849,0.95,0.04999999999999993,0.24555793713961002,0.07147455515887906,0.06551470479342196,0.5528523448187189,0.4634245803819776,0.03199632266929052,0.019155435933943983,0.008984456705251125,1.0,0.305958458667448
850,0.95,0.04999999999999993,0.2466602936214467,0.0711350788005646,0.06563125788251203,0.5524289625192251,0.46293424558185287,0.0326685149538403,0.019221551193969743,0.008881431496573828,1.0,0.27926825369566965
851,0.96,0.05999999999999994,0.24723299492454145,0.07085978888276252,0.06429097608622436,0.5233115144024792,0.4186500986990292,0.01400262193715495,0.019472581403569784,0.009003143032093697,1.0,0.24145418497333493
852,0.96,0.05999999999999994,0.24575236243162535,0.07014233943526524,0.06464280854123716,0.5238219209973853,0.41924558078116286,0.023647211072715165,0.019616305349267144,0.009061173076063496,1.0,0.2066227719270668
853,0.96,0.05999999999999994,0.24431103730225107,0.06936565819258884,0.06320653226806346,0.5243197347309382,0.41982688359899806,0.031025512527873896,0.019646269230976936,0.009066543275998809,1.0,0.21055350828124453
854,0.96,0.05999999999999994,0.2440059674589401,0.0695889284033579,0.06343291383590716,0.5244252229831313,0.41995012850378094,0.025826876152783503,0.01966702078575933,0.009074355233247379,1.0,0.1780569494891988
855,0.96,0.05999999999999994,0.2439854442375843,0.06960265346436988,0.062040620983847626,0.5244323211073018,0.41995842226015967,0.05452145551339087,0.019588416235826012,0.009337311803907952,1.0,0.1964268281092003
856,0.96,0.05999999999999994,0.24195160754126732,0.06930907773709896,0.060622518561162506,0.5251366944907433,0.4207819556519107,0.036045450065777286,0.019577922091132946,0.009437748779293004,1.0,0.15130235158697558
857,0.96,0.05999999999999994,0.24223797475378078,0.06906650415083186,0.06044507684626567,0.5250374032486893,0.4206658056176904,0.040875953469400435,0.019450914199881906,0.009465416546867259,1.0,0.19780612610197112
858,0.96,0.05999999999999994,0.24220533297425692,0.06907152021242864,0.060143125521378495,0.5250487191386488,0.4206790418275826,0.03152486474641456,0.019416030934300846,0.00939144484053175,1.0,0.22997573118802128
859,0.96,0.05999999999999994,0.24345141902382245,0.06890269004097953,0.0598002590503912,0.5246170856726124,0.42017434546677157,0.03674182554199473,0.019456142647932682,0.009329262502001336,1.0,0.29578572784707424
860,0.96,0.05999999999999994,0.24283599347222332,0.06892933814811189,0.059567544798988105,0.524830175046217,0.4204234569374342,0.04125742237801968,0.019467709806027012,0.00930779451252102,1.0,0.20938834501740433
861,0.96,0.05999999999999994,0.24358953697289135,0.06844618590431459,0.05863884747246046,0.524569286491955,0.4201184787475334,0.04266535250575313,0.019482034934721677,0.009209286742723068,1.0,0.2368491565255425
862,0.96,0.05999999999999994,0.24366334120456606,0.06849033851833937,0.057961484739463345,0.5245437482569159,0.42008863208961555,0.02215318460487718,0.01964897933953795,0.009327738255023272,1.0,0.2882770764605924
863,0.96,0.05999999999999994,0.243827105105787,0.06831521592551063,0.05883085486224566,0.524487090453157,0.4200224206075068,0.025808123173477568,0.01979105317777524,0.009298674080580981,1.0,0.1787862129134442
864,0.96,0.05999999999999994,0.2445650880543785,0.0675732564203041,0.05908383648872901,0.5242319204412588,0.41972430504332026,0.022716351100510738,0.0199657664337313,0.009197212893190298,1.0,0.21278489625880215
865,0.96,0.05999999999999994,0.24580005052697657,0.06692142125417792,0.05927630942268916,0.5238054663449139,0.41922637514047256,0.01787343059095429,0.020184873621258315,0.009120853538634297,1.0,0.27143635098297025
866,0.96,0.05999999999999994,0.24588770595463952,0.06685075239254384,0.05979061929981449,0.5237752237653281,0.41919107786597154,0.01406100745198596,0.02035386891173016,0.008956435129352956,1.0,0.19630228075156853
867,0.96,0.05999999999999994,0.24632922562743167,0.0664485591045509,0.057949237309966435,0.5236229452193838,0.41901337611473033,0.020651974953207926,0.020536386019317492,0.008834036560604608,1.0,0.20747131286849174
868,0.96,0.05999999999999994,0.24562058487211985,0.06563976542198782,0.05722820898078101,0.5238673958752085,0.41929866130015375,0.017924247054452606,0.020694569162103167,0.008842843279607885,1.0,0.28592111916997465
869,0.96,0.05999999999999994,0.24555483557339902,0.06568174354505549,0.057642987323639934,0.5238900881335191,0.4193251504026174,0.024880274450726478,0.020775658163967158,0.008857493867529513,1.0,0.20037865393823096
870,0.96,0.05999999999999994,0.24626959756916086,0.06516059563310644,0.05704028272530444,0.5236435055502746,0.419037366268781,0.04158371545341994,0.020695778860412906,0.008950356161860408,1.0,0.23395037409778996
871,0.96,0.05999999999999994,0.2473587262110769,0.06621109210503165,0.05789332372347773,0.5232682178766503,0.41859960989217304,0.04480598181417656,0.020664261620933964,0.008851121472533459,1.0,0.36462651410798586
872,0.96,0.05999999999999994,0.24726830749546796,0.06626889495539841,0.05824716712691831,0.5232993535262562,0.41863591731059413,0.04174625144714643,0.020673095457142486,0.008777141150507477,1.0,0.2004466971644423
873,0.96,0.05999999999999994,0.24595220152105543,0.06574605458719229,0.05831363777462104,0.5237529739528002,0.41916511044914423,0.03537789770591573,0.02067672724775479,0.008739030404671574,1.0,0.20702729128701247
874,0.96,0.05999999999999994,0.24549372437978764,0.06525614977597981,0.058135579243615364,0.5239111813911588,0.41934977390477607,0.02802669894543668,0.020767639898796795,0.008769563034059928,1.0,0.2927901746014885
875,0.96,0.05999999999999994,0.24523734705145878,0.0653462029136246,0.05864839758515468,0.5239996915984851,0.41945310741386477,0.03458782261381827,0.020805603505367688,0.008804237780186026,1.0,0.2096094780113369
876,0.96,0.05999999999999994,0.2450119469873658,0.06553068512888581,0.05755607549535952,0.5240775321043686,0.4195439975375158,0.04172303849434378,0.02080608368943312,0.008715577953427912,1.0,0.18029552365716728
877,0.96,0.05999999999999994,0.24329435322378423,0.06526130230955658,0.0576749192196521,0.5246714528189718,0.4202378943767511,0.04251728261296705,0.02070146305653436,0.008716034634977199,1.0,0.1685299949522021
878,0.96,0.05999999999999994,0.24139998780334807,0.06516765284228093,0.05697729440565454,0.5253280618244779,0.42100587250917726,0.049337519038051156,0.020596955568315325,0.008642089307714195,1.0,0.15085282926674304
879,0.96,0.05999999999999994,0.24098647693076028,0.06522043374600192,0.05711118026501309,0.5254716080676629,0.4211738837159748,0.03149063108745265,0.020649184913574727,0.00876729457326345,1.0,0.2121962617803601
880,0.96,0.05999999999999994,0.2397620398157891,0.06521968340150329,0.05681289063519807,0.5258971198352428,0.42167216500997956,0.03763148774466752,0.0206373620933936,0.00878083969490745,1.0,0.1791923699791469
881,0.96,0.05999999999999994,0.2393800740083975,0.06533418391389081,0.05679110841265095,0.5260300002072085,0.42182784629154907,0.032181944283867434,0.020681712375606048,0.00874919954574876,1.0,0.20090493558420452
882,0.96,0.05999999999999994,0.23918885277888077,0.0654324891127788,0.05556473486360427,0.5260965485299265,0.421905827256813,0.0758335009701865,0.02087208028906217,0.008969138662022747,1.0,0.1961103877344592
883,0.96,0.05999999999999994,0.2377295494811028,0.0647596519831016,0.054551532029721995,0.5266049666367618,0.42250188930941285,0.08799828906203251,0.021143589015318334,0.008993407694973487,1.0,0.19550771011371393
884,0.96,0.05999999999999994,0.23738251062255752,0.06483666515372688,0.05459505311432334,0.5267260188880638,0.42264388758977256,0.08911481996787793,0.02149305417905628,0.008832588800991746,1.0,0.20582439586188628
885,0.96,0.05999999999999994,0.23730905134160757,0.06484402753988834,0.054413290035765706,0.5267516497015988,0.42267395724761136,0.08338145875452128,0.021559555883044215,0.00879238721853219,1.0,0.22717425524878065
886,0.96,0.05999999999999994,0.23709125265426048,0.06502151367730223,0.05472819133565828,0.5268276569079494,0.42276313562976675,0.08074533716644958,0.021683337636549282,0.008706034507392718,1.0,0.17339591044497504
887,0.96,0.05999999999999994,0.23711908910574622,0.06501383528007898,0.054726526153616416,0.5268179413435102,0.4227517358066524,0.07892499374166542,0.0216313541221879,0.008611245312241929,1.0,0.22056254044268586
888,0.96,0.05999999999999994,0.23769097094669933,0.06467549745007597,0.05441251488828019,0.5266184206473059,0.4225176698176802,0.06022591995084159,0.02154481801786201,0.008780056601095657,1.0,0.2276355963695771
889,0.96,0.05999999999999994,0.2380698814234393,0.06461496507602002,0.0544707765245223,0.5264863078820817,0.42236272794284974,0.049257484565290235,0.021455065384504656,0.008747918701315034,1.0,0.24649863114343196
890,0.96,0.05999999999999994,0.2394911849755027,0.06522353817253716,0.05520870598222806,0.5259913393858744,0.4217825479282796,0.06532154192931881,0.021225964461045584,0.00881830359701918,1.0,0.33764280588989903
891,0.96,0.05999999999999994,0.24073633095124183,0.06590239594237984,0.054488823023844904,0.5255584818787007,0.42127558419090266,0.0564064875864217,0.021077109966423306,0.008839333886733754,1.0,0.3381162066910618
892,0.96,0.05999999999999994,0.24164307952816216,0.06712240855515256,0.05430505996026878,0.5252437115152818,0.42090716586673355,0.043532370219551794,0.02084092744363941,0.008844129405306276,1.0,0.3760182804902815
893,0.96,0.05999999999999994,0.24132099695975037,0.06671883749627729,0.053077967946674055,0.5253554766608596,0.42103795646323894,0.05044143296799906,0.020741449392711577,0.008905741663602532,1.0,0.30922978305032267
894,0.96,0.05999999999999994,0.24335484706026833,0.06709947156535359,0.051736469808890635,0.5246505119979008,0.4202134162609548,0.03497181540085621,0.020721088288291632,0.009042965018211052,1.0,0.35655244315746715
895,0.96,0.05999999999999994,0.24342873931459572,0.06720246941813716,0.051322015058753535,0.5246249353875087,0.42018352050243213,0.03730475063747792,0.020699419283205494,0.008984329591716628,1.0,0.34068763428611293
896,0.96,0.05999999999999994,0.2432054414260773,0.06712959295849541,0.05202419872823405,0.524702233964732,0.4202738766610032,0.06039088970403249,0.0205478511788941,0.009102183824333858,1.0,0.25407279086660517
897,0.97,0.06999999999999995,0.2440289514245097,0.06823752002810116,0.05221916608079479,0.49828628071705705,0.37997818603663897,0.041260981548722174,0.02052594277857227,0.009196032413255109,1.0,0.3758522397026237
898,0.97,0.06999999999999995,0.2441670551196659,0.06814401550306685,0.053565673679558126,0.49824316351023573,0.3799276971145989,0.018034423770011458,0.020670267752370554,0.009400667700463196,1.0,0.2048339284424996
899,0.97,0.06999999999999995,0.2456382013375978,0.06937198123700888,0.05522303504025321,0.4977843212152815,0.37939069666290814,0.02473130306805222,0.020745389026757908,0.009263388776361438,1.0,0.3758522397026237
900,0.97,0.06999999999999995,0.24581347588594604,0.06933365736629318,0.05629510858544045,0.4977297103978396,0.37932681881709956,0.023785492187727783,0.020943231297954334,0.009049817999494706,1.0,0.23932553619294272
901,0.97,0.06999999999999995,0.24635813559156994,0.06911771413431331,0.05635640311054179,0.49756008558244125,0.3791284577850105,0.026825718420139703,0.020989029073895375,0.009031111574828466,1.0,0.2458726293843687
902,0.97,0.06999999999999995,0.2465929848178617,0.06896871095048362,0.05666199505754243,0.49748698153377297,0.37904299143283804,0.02063142768744617,0.02104916162408863,0.009014468731046239,1.0,0.2144126462447602
903,0.97,0.06999999999999995,0.24722869882636261,0.06875646617655315,0.05676016373980329,0.4972892037188121,0.37881183553901554,0.022524209702373708,0.020949842206981994,0.008886055091877778,1.0,0.2557055048522211
904,0.97,0.06999999999999995,0.24769796437412628,0.06875447466182326,0.056452276912323976,0.4971433107562465,0.37864138378760565,0.03843119978686192,0.020880050010033367,0.009028246316600161,1.0,0.2706348178421296
905,0.97,0.06999999999999995,0.24805079670118668,0.06848743948637674,0.056745712291514365,0.4970336728272879,0.3785133251727896,0.0377173305313198,0.020826922849706112,0.008921450886136682,1.0,0.21358138686144978
906,0.97,0.06999999999999995,0.24890801230181261,0.06779144872800466,0.056339659947054886,0.4967675058940983,0.37820256390317514,0.05254460423625351,0.02081170520493856,0.008910185956361514,1.0,0.236016385777162
907,0.97,0.06999999999999995,0.2489995468413177,0.06774897309811119,0.05607303407687547,0.4967391011049146,0.3781694105816479,0.05996560505482933,0.02069262239181794,0.008902341984177862,1.0,0.22208246068227888
908,0.97,0.06999999999999995,0.2492205218856859,0.06753511936537807,0.05629925834650842,0.49667054201861216,0.3780893985485901,0.034157370572796136,0.020487848875475192,0.009143561763609023,1.0,0.19469662492594741
909,0.97,0.06999999999999995,0.24942742945537114,0.06731611047582789,0.05567145461557495,0.496606364620629,0.37801451084207083,0.04689911130424192,0.020183499832237925,0.009243834780372528,1.0,0.1883002443949796
910,0.97,0.06999999999999995,0.24860250019911467,0.06797588549424043,0.05500762247214083,0.4968623352318658,0.37831326084724676,0.0514918169167729,0.019815884676063805,0.009200225084731822,1.0,0.15366551169419773
911,0.98,0.07999999999999996,0.2498097907679675,0.06702729412364267,0.05558457520052047,0.47300375004516376,0.34191652315520893,0.05288270660434419,0.01959485513722943,0.009173967435805425,1.0,0.2565333793043625
912,0.98,0.07999999999999996,0.25029694294601346,0.06670570083387663,0.05528199069219827,0.47286672718432365,0.3417572058158873,0.0406819768114558,0.01943435182703109,0.009208851075321873,1.0,0.23026908772425603
913,0.98,0.07999999999999996,0.25002487903403,0.06681161911480717,0.05493765398310128,0.47294324168711993,0.34184616278047497,0.0498663089330969,0.01935504909023938,0.009259876348789631,1.0,0.21056763662531752
914,0.98,0.07999999999999996,0.24994826070520174,0.06689165579390259,0.05525170799206241,0.47296479408297787,0.3418712230973125,0.05879485559690671,0.019261833059257952,0.009328158509902465,1.0,0.1763214096412975
915,0.98,0.07999999999999996,0.2504976159214639,0.06659850437568648,0.055891471929558144,0.47281030633452603,0.34169162126827346,0.06152574117849047,0.0191591193054317,0.009276822109261264,1.0,0.24207364424720756
916,0.98,0.07999999999999996,0.25097930143967984,0.06629453245602725,0.05580376788606307,0.47267493143852884,0.34153429803264046,0.08338109874743954,0.019223488376809848,0.009168156485117505,1.0,0.23289106964875028
917,0.98,0.07999999999999996,0.2516785359181761,0.0661490360291734,0.056123144037286736,0.47247855356790713,0.3413061787820611,0.07427547320023548,0.019404028399350595,0.009221691411459372,1.0,0.27251124058125165
918,0.98,0.07999999999999996,0.2518740765647014,0.06605612220275218,0.05629606498636901,0.47242366576663647,0.3412424398381903,0.0382431729933503,0.01942588176259263,0.009410554027323402,1.0,0.23014378934551283
919,0.98,0.07999999999999996,0.2522061824644693,0.0658037891133017,0.055908335399117534,0.47233047363538005,0.3411342402596512,0.0509854091378259,0.01937507966327678,0.00953445715022466,1.0,0.2185520373931823
920,0.98,0.07999999999999996,0.2523301548188613,0.06578353120463727,0.05548565300751281,0.4722956952156758,0.3410938678472649,0.05478720737548666,0.01933528074751735,0.009495795415314506,1.0,0.24771566394581046
921,0.98,0.07999999999999996,0.2511598898754841,0.06585341904217769,0.05497966746864733,0.4726241980930699,0.3414753534020418,0.03007534212731499,0.019409080895528768,0.00954633434919444,1.0,0.18930111749040357
922,0.98,0.07999999999999996,0.25124009378010415,0.06579326392843447,0.05491778660415061,0.47260166961991895,0.3414491811208369,0.04750144971992369,0.019363253274820993,0.009620507164783403,1.0,0.20584088748701235
923,0.98,0.07999999999999996,0.25145053017655,0.06558288873819462,0.05496201053451628,0.47254257035366515,0.34138053020936654,0.03262408992769161,0.01942039187730044,0.009668184236717382,1.0,0.19619816108782706
924,0.98,0.07999999999999996,0.25221404400950725,0.06519479034160292,0.054875215923422045,0.4723282680551874,0.3411316798120092,0.02929940604595581,0.019457732616348436,0.009572702887855314,1.0,0.2567704620319462
925,0.98,0.07999999999999996,0.2519850129637185,0.06524383845825117,0.053642494005707385,0.47239253184881175,0.3412062893007561,0.023716409382189222,0.019412096429934564,0.009598477473146355,1.0,0.22668094159979157
926,0.98,0.07999999999999996,0.2501166846314836,0.0635834150139809,0.05197084824736477,0.4729174197667014,0.3418161398511935,0.042780892905669575,0.019175523572467237,0.009734708710043689,1.0,0.21488020324109425
927,0.98,0.07999999999999996,0.24983741906783125,0.06375675926754319,0.051190240055456644,0.4729959768202584,0.34190748367447016,0.040504135479769554,0.019018177068744476,0.009583868812365368,1.0,0.19649281166472143
928,0.98,0.07999999999999996,0.24980514468109075,0.06372199739397716,0.051667336060225846,0.4730050572472618,0.3419180433178731,0.05170761712075991,0.01900820040522616,0.009653287900679056,1.0,0.3168595319311862
929,0.98,0.07999999999999996,0.24862749955684182,0.062128934508556,0.05087906690261057,0.47333662735949394,0.34230379586315596,0.03778254855413886,0.018984729805864856,0.009613995935947675,1.0,0.27545667397465856
930,0.98,0.07999999999999996,0.24943892976162904,0.06297623728642092,0.05038949795026419,0.4731081165638166,0.3420379084648586,0.057255412732176617,0.018769396758569108,0.009755765593306008,1.0,0.3549227023178314
931,0.98,0.07999999999999996,0.2474912112296691,0.06122417336415344,0.05188426076894341,0.4736569942705563,0.3426768274650956,0.07345130902664712,0.018622029288962484,0.009811092280690622,1.0,0.20694118326858835
932,0.98,0.07999999999999996,0.24587884198519572,0.059232154037525374,0.05135025074827775,0.47411233317144513,0.34320754899013867,0.08223643946637955,0.018801827769894825,0.009805810693519029,1.0,0.24047611201723773
933,0.98,0.07999999999999996,0.24518320610005528,0.058819689975261095,0.05125543080302468,0.47430905370188725,0.34343702989634717,0.08497384885736355,0.018886048150924598,0.009805046726782084,1.0,0.24574752715598475
934,0.98,0.07999999999999996,0.24422650169597612,0.05868759231696008,0.05088078423917094,0.47457986921722933,0.34375313549539954,0.0650696754157635,0.018606917581468832,0.00999739540667289,1.0,0.20498208554330805
935,0.98,0.07999999999999996,0.24244572030816008,0.05727066124515452,0.050542740680540016,0.4750847816689116,0.34434307741899006,0.06516733236897881,0.018304689967260368,0.009896638734195152,1.0,0.20042983860382052
936,0.98,0.07999999999999996,0.2415178529572125,0.0564200176476429,0.05084191948250162,0.4753482897812423,0.3446512668609199,0.056108813052422137,0.018108096032316067,0.009907520570161142,1.0,0.24770268304671045
937,0.98,0.07999999999999996,0.24026491696746569,0.05598984151283196,0.05000497589700583,0.47570457942097394,0.34506830373800024,0.05859669851799473,0.018035330731644966,0.009778418623180449,1.0,0.19754167611809714
938,0.98,0.07999999999999996,0.24091017534306886,0.05577613970177238,0.05048998480824092,0.4755210246200458,0.3448534049998941,0.05208989424544448,0.018039014454806414,0.009808769256629933,1.0,0.25434269076040156
939,0.99,0.08999999999999997,0.24116572776776304,0.05564008659442791,0.05011671731679877,0.4538692291040099,0.3119593208718848,0.05389798725548401,0.01803592193697201,0.009809420147734144,1.0,0.22415722809953792
940,0.99,0.08999999999999997,0.2408551945715024,0.055588695431773895,0.04964383852599738,0.4539496875308361,0.3120528235804968,0.06650244867164631,0.01812653493992711,0.009890371359140384,1.0,0.2346876103176836
941,0.99,0.08999999999999997,0.24144106242604227,0.05674889488068548,0.049739977819382684,0.4537979143875479,0.31187646342920117,0.05954670487089492,0.01817052470157219,0.009847769114405313,1.0,0.38167309790522624
942,0.99,0.08999999999999997,0.24186709627807537,0.056487534420901105,0.04959191061654617,0.45368761107212546,0.31174834224680126,0.06066827717656499,0.01822571515756702,0.00974494450669815,1.0,0.228222000112152
943,0.99,0.08999999999999997,0.240133967360751,0.055681876689823974,0.049131888056617515,0.4541366659286903,0.3122702042104708,0.08696421865713043,0.01867358871608165,0.009949572635151357,1.0,0.18041547405028852
944,0.99,0.08999999999999997,0.23940888362837082,0.05588524599840781,0.04917123521874165,0.45432479946297694,0.3124890527193726,0.09524747047095793,0.019270955350525434,0.00995502063448107,1.0,0.18787123304991288
945,0.99,0.08999999999999997,0.23867515066039538,0.056039808983785334,0.04862522773601181,0.45451533590887316,0.3127108242687009,0.0909018706213777,0.019682771751478936,0.009908490470761333,1.0,0.1905666994397135
946,0.99,0.08999999999999997,0.23893085318456284,0.05595383286578607,0.04757123546640289,0.45444891670418996,0.31263350219003494,0.10399450737674902,0.02047047768137891,0.009935639725769751,1.0,0.23276004147395252
947,1.0,0.09999999999999998,0.23740759419124832,0.05487085021696292,0.04787826839500807,0.43505654885563605,0.2832997882297594,0.10837730970981754,0.021357029092589644,0.009844553303598612,1.0,0.20140246645127607
948,1.0,0.09999999999999998,0.23621293274546942,0.05363276605201873,0.04772766079539475,0.43534109012264904,0.28362792856323354,0.11116265682932475,0.022213682254370166,0.009864253337660788,1.0,0.23330090611407378
949,1.0,0.09999999999999998,0.2352106566742931,0.053255199050858563,0.04773654816501571,0.43558009683131144,0.2839038129380322,0.10793018784970204,0.022920957120466642,0.009890114718419099,1.0,0.2057308515498198
950,1.0,0.09999999999999998,0.2349173113348054,0.05309225124034378,0.04780108149304338,0.4356500987717213,0.2839846601082275,0.09163561289182057,0.02324118123223379,0.009866162010754414,1.0,0.24993371974689388
951,1.0,0.09999999999999998,0.2352017854258169,0.053202611867066915,0.04765094473830932,0.4355822134759462,0.28390625721523394,0.07979116210410436,0.023146311075669668,0.009888382835523667,1.0,0.2699015940744891
952,1.0,0.09999999999999998,0.23522654812956792,0.053189879001051016,0.04822540752031077,0.43557630524466034,0.2838994345026322,0.061430454682661687,0.023011730145443093,0.009999316229122493,1.0,0.20909904230216708
953,1.0,0.09999999999999998,0.23487255552051753,0.053469964855081396,0.0482400361681281,0.43566078097375155,0.2839969990416054,0.05310975842834348,0.0229252806118448,0.010030852187498534,1.0,0.17515424737620558
954,1.0,0.09999999999999998,0.23514897667977577,0.05324651657440742,0.04836301535417681,0.43559481385862325,0.28392080837355904,0.05927270493688589,0.022796732047733297,0.009803259936467574,1.0,0.20569906541502933
955,1.0,0.09999999999999998,0.23520375908727995,0.05320945453929039,0.0479455357585525,0.43558174256638477,0.28390571341263116,0.04995384518360981,0.022795215506273843,0.00971076351531265,1.0,0.2019050688596118
956,1.0,0.09999999999999998,0.23573969024443706,0.05262841717045344,0.047506006707320955,0.43545390870452294,0.28375812543939144,0.04364862084636906,0.022756328253046774,0.009725659686359292,1.0,0.20489546730268562
957,1.0,0.09999999999999998,0.2361440425068965,0.05249056889920718,0.04751788832307027,0.4353575095660548,0.2836468739819135,0.04678644891551858,0.022736236243593385,0.009662899477734683,1.0,0.2382413523479171
958,1.0,0.09999999999999998,0.23608673065006738,0.05250040036377982,0.046994522769370786,0.43537117033759876,0.2836626371730201,0.04206514522979285,0.02266728507207639,0.009657892840261405,1.0,0.2242445455051125
959,1.0,0.09999999999999998,0.23520305939747868,0.05223112172332654,0.046291780952070205,0.43558190951010517,0.2839059061978032,0.050560805250612094,0.022617750651967052,0.009698095498693672,1.0,0.20741860258820066
960,1.0,0.09999999999999998,0.23535915698757687,0.05217703638934623,0.04619196973925085,0.4355446683006951,0.2838629031942906,0.07264527150921504,0.022686447503481807,0.009906949399005483,1.0,0.22499810402722306
961,1.0,0.09999999999999998,0.23518576912742684,0.05220060059392831,0.045727927452196594,0.4355860349531946,0.28391067026021766,0.07974596859512786,0.02283096115698813,0.009771479996834139,1.0,0.2195103705105443
962,1.0,0.09999999999999998,0.23423486865430046,0.05209079153854572,0.04488785147053444,0.4358130393520724,0.2841729223730104,0.08659937389219385,0.022874184474098103,0.009803787741566115,1.0,0.19318702914795077
963,1.0,0.09999999999999998,0.23475626235559063,0.05179326878271353,0.0449256279407279,0.4356885399748622,0.2840290654448415,0.08517332705220584,0.022926758787996486,0.009786962234162288,1.0,0.23092558304246186
964,1.0,0.09999999999999998,0.234718374733438,0.051810710172236006,0.04455469858996786,0.4356975844564777,0.28403951405243316,0.07260265772668326,0.022788183617725544,0.009865020303010433,1.0,0.2089961340435368
965,1.0,0.09999999999999998,0.23404402070336677,0.05176725258752904,0.04384622501255659,0.4358586281783343,0.28422561537409147,0.09276201239678808,0.022810681923728978,0.010030140823526962,1.0,0.2040009479758511
966,1.0,0.09999999999999998,0.2338847661812725,0.05190742109040898,0.04397203397535245,0.435896677421376,0.28426960040802435,0.0853440185460321,0.022633081537786443,0.010038494625037407,1.0,0.18037682854213766
967,1.0,0.09999999999999998,0.23419233480808954,0.0518410813225113,0.04376396872996439,0.43582319880359294,0.2841846642496034,0.09388732559326615,0.022671342157906525,0.010097237848759414,1.0,0.23822817555020215
968,1.0,0.09999999999999998,0.23339967024655728,0.05164972369666089,0.04321882779361805,0.4360126179545632,0.2844036645910279,0.08770589045375271,0.02254831323706975,0.010089413684549712,1.0,0.20665466301674615
969,1.0,0.09999999999999998,0.23327874785349378,0.05174096557716594,0.04306525737165143,0.43604152865983475,0.28443710316067916,0.08650027076437661,0.022499944311567963,0.009932870034920244,1.0,0.18828641463188295
970,0.99,0.08999999999999997,0.23237016206980485,0.052513182566363996,0.04220180766349781,0.4561592319782452,0.3146295673550035,0.08457472049084655,0.022597139770920833,0.009919771892625025,0.0,0.14309179572889513
971,0.99,0.08999999999999997,0.23078065476990176,0.05086566898596605,0.04117558717304565,0.45657554182250026,0.3151170105178671,0.08200607644740406,0.022679690706242542,0.009914811424709999,1.0,0.20567578411767523
972,0.99,0.08999999999999997,0.23095082692832722,0.05079231427192573,0.041228188534325846,0.45653093550164425,0.315064752822748,0.09147160546788104,0.022849891578322568,0.009946096023490265,1.0,0.21746391300698487
973,0.99,0.08999999999999997,0.23108293305731842,0.05074707921279552,0.04038991689659526,0.45649631323515993,0.3150241966676366,0.08776104703306264,0.022901230996293785,0.009909321878786622,1.0,0.22023790418613293
974,0.99,0.08999999999999997,0.2301983669447558,0.050433729215994746,0.039710357747612925,0.4567282397912125,0.3152959548849322,0.0927539221037983,0.02291471621708045,0.009893480983860906,1.0,0.20433356334523156
975,0.99,0.08999999999999997,0.23023658698002547,0.05041955813817085,0.03950615536214729,0.45671821391537154,0.3152842031558851,0.09573080849267433,0.023037579323747396,0.009851477655662425,1.0,0.21343148153830369
976,0.99,0.08999999999999997,0.23065233940058746,0.05017686483200866,0.03947255693255231,0.45660918221110297,0.3151564259931957,0.07304066561676438,0.02298827701347027,0.010072648350180473,1.0,0.22187076571336545
977,0.99,0.08999999999999997,0.23124475560106572,0.049788130476531856,0.03935360424165538,0.45645391007037145,0.314974531895049,0.06741102228975639,0.022919718841061188,0.010060622157270613,1.0,0.22777161500002785
978,0.99,0.08999999999999997,0.23163559841009257,0.04930658957746338,0.03911614032566532,0.4563515280705051,0.314854643335249,0.06857669212227482,0.022898309469389172,0.009892125004562734,1.0,0.18993711016942658
979,0.99,0.08999999999999997,0.23174661454459503,0.04927518391006204,0.039119745106069005,0.4563224555628705,0.314820606479766,0.08749231092163628,0.022839754840282736,0.010021163005998559,1.0,0.22329787523060518
980,0.99,0.08999999999999997,0.2317699692360546,0.04925081696537333,0.03932234581819469,0.45631633999152166,0.3148134470136903,0.0886363875601067,0.022855744887328514,0.009977673442136641,1.0,0.18152783912510542
981,0.99,0.08999999999999997,0.2314120223607621,0.04960265645151781,0.03943975029516852,0.45641008860935556,0.31492321270047063,0.08526919167113356,0.022757689195745046,0.009570760706809915,1.0,0.16511024805495084
982,0.99,0.08999999999999997,0.23150625487713428,0.04954441946646027,0.03984197972644104,0.4563854047642065,0.3148943085407375,0.08545046810841711,0.022831059208504957,0.00944971513454161,1.0,0.20553363937167507
983,0.99,0.08999999999999997,0.2311106407705604,0.04998626917592819,0.04023865300085693,0.4564890522864812,0.3150156918136809,0.08692940281559781,0.02281974093716681,0.00945337577899954,1.0,0.1559462994563291
984,0.99,0.08999999999999997,0.23118351930446618,0.04995465217579056,0.04060043169185938,0.45646995519478684,0.3149933240152659,0.05646666125196492,0.022681043280799215,0.009703167499709403,1.0,0.21311224925246552
985,0.99,0.08999999999999997,0.2310386815155833,0.04998705312788223,0.04006147642002263,0.45650791005818453,0.3150377805850894,0.05533816013617761,0.02260006814359148,0.009687939010090369,1.0,0.2126904763604965
986,0.99,0.08999999999999997,0.23102693522699005,0.05000073316675084,0.03999382555918564,0.45651098845960947,0.3150413865458105,0.05169426391689805,0.02255267649882696,0.009706358735287291,1.0,0.17222128158564906
987,0.99,0.08999999999999997,0.23058384228822568,0.05028701144404246,0.039963107468819044,0.45662714210093797,0.3151774707383836,0.05411924850113821,0.02250583208767414,0.009541973995826849,1.0,0.17625324656624697
988,0.99,0.08999999999999997,0.23039056428293642,0.05033509177998293,0.040096355090036714,0.45667782706293564,0.3152368677615967,0.05447855718705959,0.02251799110577409,0.009434811099870991,1.0,0.20830779584065082
989,0.99,0.08999999999999997,0.23002148024245614,0.05035093925203081,0.039188660711332514,0.45677464642665894,0.3153503546449345,0.04747493443927993,0.0225288422446858,0.00934329155829272,1.0,0.20959022709540287
990,0.99,0.08999999999999997,0.2290733804372656,0.049194877768116804,0.039519662706022245,0.4570235434269251,0.3156422536348351,0.07014149044172163,0.02254090375597741,0.009482195615459836,1.0,0.2428328253708489
991,0.99,0.08999999999999997,0.22785975267769754,0.04797163264173787,0.03940024170437955,0.4573425434535745,0.3160166923408925,0.0788807406566708,0.02259482702137974,0.00944042928059195,1.0,0.21675343073425543
992,0.99,0.08999999999999997,0.22589209456181206,0.04584237173813861,0.03910440801137515,0.4578606864601502,0.3166256622746913,0.07274140350032132,0.022538518452122718,0.009432654274611164,1.0,0.17925246890173255
993,0.99,0.08999999999999997,0.22463537854276958,0.04525940355826624,0.038669893386498365,0.4581922320611401,0.31701583264905603,0.10223993152909056,0.022845501831512235,0.009574360440890217,1.0,0.18355818114607475
994,0.99,0.08999999999999997,0.22312876484811586,0.043308614569192265,0.03873522756503033,0.4585903388428883,0.3174848576094033,0.10220527795809295,0.02299513544709446,0.009551145474570784,1.0,0.20589107369209395
995,0.99,0.08999999999999997,0.22132228987564123,0.04211856616541081,0.03832347093102969,0.45906859379377823,0.31804906551225376,0.10369514996536178,0.023177583702139726,0.009333001362860827,1.0,0.16004013703864944
996,0.99,0.08999999999999997,0.22073607582699276,0.042066578805985425,0.03745106487170736,0.4592240053926957,0.31823258621762335,0.09039961941556698,0.023316450926712865,0.009274068255734406,1.0,0.19545138600175715
997,0.99,0.08999999999999997,0.21898646039699732,0.03911347652738256,0.03577854971454774,0.4596884734355232,0.31878158394685535,0.10797699925190914,0.02358664889943653,0.009217005852276137,1.0,0.200890696703079
998,0.99,0.08999999999999997,0.21892680412354115,0.0391395573418525,0.03407152026349795,0.4597043268702269,0.31880033640442945,0.09243376502570623,0.023250123979316663,0.009306362972762624,1.0,0.19886830109688464
999,0.99,0.08999999999999997,0.21743220963892299,0.03583256371740951,0.032970487805257936,0.4601018670265524,0.3192708709553924,0.07466777782685786,0.022887565395667647,0.009476263743656805,1.0,0.22639279124080539
1000,0.99,0.08999999999999997,0.21712878062974503,0.03577431102050579,0.033080215712068345,0.46018265865933194,0.3193665674262564,0.05632721688041413,0.022503230321895305,0.009630812579152076,1.0,0.20898263527514943
1001,0.99,0.08999999999999997,0.21652479287042023,0.035793781352527324,0.03299990054725672,0.460343562163312,0.31955722598496306,0.07762409112677782,0.022160830328440802,0.009783363927775008,1.0,0.18547385345189218
1002,0.99,0.08999999999999997,0.21707183471265426,0.03617333467194475,0.033427679521083095,0.4601978243587237,0.3193845336166969,0.07325435323090555,0.021660027854091372,0.009808383684148186,1.0,0.2691168304681644
1003,0.99,0.08999999999999997,0.21743291133569773,0.03673304817233655,0.03350613430591636,0.4601016802242018,0.31927064971834745,0.0706505413884589,0.021172137044195207,0.009674008146349788,1.0,0.2918131671565667
1004,0.99,0.08999999999999997,0.2174046804358089,0.03669321264246812,0.033172275804124886,0.46010919583871285,0.31927955084329446,0.060545437888993844,0.020971043181331923,0.009768869098308604,1.0,0.2678117278532434
1005,0.99,0.08999999999999997,0.21796240910397785,0.037052964775053376,0.03296124072240155,0.459960763096998,0.31910379243391923,0.05969675665250331,0.020758642190468423,0.009627671194586955,1.0,0.2693542536783463
1006,0.99,0.08999999999999997,0.2178727603676764,0.03702000565815106,0.03324779442377978,0.45998461556414993,0.3191320306078489,0.04740098843084736,0.02080562158684852,0.009676911269365542,1.0,0.22705151214701902
1007,0.99,0.08999999999999997,0.21798084915089755,0.03704790813284555,0.033030157970254964,0.4599558571369973,0.3190979846811,0.05366730534831686,0.02084215991678953,0.009479518162652778,1.0,0.23289133900439357
1008,0.99,0.08999999999999997,0.21839282067576485,0.03701573929417053,0.03299587572659145,0.4598462797167618,0.3189682880058115,0.05440356644928071,0.020600960178112294,0.009358250691637808,1.0,0.2358937774126734
1009,0.99,0.08999999999999997,0.21923892786666882,0.03728425546524224,0.03301994091216642,0.45962139324025136,0.318702247297837,0.05792569498626069,0.020511321681242017,0.00934743678178376,1.0,0.27291096348537847
1010,0.99,0.08999999999999997,0.2200857355915352,0.03674303748797091,0.03233000971716017,0.45939654069476604,0.3184364302935013,0.04388517517060504,0.020590721920170387,0.009475210823481581,1.0,0.23834628418083273
1011,0.99,0.08999999999999997,0.22081437357022207,0.038153970905039074,0.03298441983243402,0.4592032417372307,0.3182080620008105,0.032157500378834226,0.020855533086271357,0.00947043249013696,1.0,0.3293971771730501
1012,0.99,0.08999999999999997,0.2222389775443168,0.04103150124423611,0.03322311535629,0.45882578085465076,0.31776251034351943,0.05499694207552117,0.020710012061716174,0.009608362889884897,1.0,0.3727294851337306
1013,0.99,0.08999999999999997,0.22244476302186708,0.04102405304258346,0.034307328222647274,0.4587713075370949,0.31769825307164157,0.03376478176249696,0.020919970453646006,0.009732641815634538,1.0,0.23114618438034124
1014,0.99,0.08999999999999997,0.22302687262934348,0.04077770888234773,0.03367736813580574,0.45861728776405825,0.3175166278559443,0.03904235232699639,0.021106651603483267,0.00975836590637106,1.0,0.23453237038893968
1015,0.99,0.08999999999999997,0.2238325001152826,0.041925711396766686,0.03447455447776254,0.45840429815356826,0.31726560468232695,0.030193682962470148,0.021440438901606528,0.009626985217437496,1.0,0.3226363928411198
1016,0.99,0.08999999999999997,0.22408437424418215,0.042054834821334035,0.03472645083503441,0.4583377489424236,0.3171872053634551,0.03428678970955169,0.021652044053726213,0.009576353714405954,1.0,0.2580784825387037
1017,0.99,0.08999999999999997,0.22430013545133756,0.04235699643602903,0.03466222283020969,0.4582807567119467,0.31712007749790055,0.0484505991112765,0.02172804360164792,0.009355459867889182,1.0,0.2940873612967959
1018,0.99,0.08999999999999997,0.22472267250495961,0.04262310038331465,0.03476422398815663,0.4581691867355496,0.31698869957410314,0.05645228921898175,0.02155673907079812,0.00930757556448746,1.0,0.2723974947077184
1019,0.99,0.08999999999999997,0.22584103028187294,0.04389474249105112,0.0350554027136533,0.45787414883669003,0.31664149738998065,0.06581363622330541,0.021491473254405265,0.009363732622736582,1.0,0.33038781508451653
1020,0.99,0.08999999999999997,0.22593463396671584,0.04395123336515773,0.035205879846976644,0.45784947215098626,0.3166124719460764,0.08985341183890301,0.02155985342552006,0.009356943838569168,1.0,0.25707603243009824
1021,0.99,0.08999999999999997,0.22796077217941962,0.04679401830108947,0.03640082061802795,0.4573159736564859,0.3159854910571828,0.09735111614035209,0.021405739926268093,0.009256656936638262,1.0,0.39191493876078576
1022,0.99,0.08999999999999997,0.22918042602561356,0.04778065444117317,0.036950981630706696,0.45699542802840637,0.3156092696034735,0.07921994330302672,0.021320089047566094,0.009289523735073548,1.0,0.3278062721064043
1023,0.99,0.08999999999999997,0.2298377231286225,0.047774517821941566,0.037004578598116435,0.45682286551850443,0.31540688721538895,0.08820763598259608,0.02108018815350787,0.009346725844142574,1.0,0.2619278713887211
1024,0.99,0.08999999999999997,0.22976840879329516,0.047740407901052336,0.03682275357243312,0.45684105670666314,0.31542821692052986,0.06364874031879988,0.020693033136005155,0.009538401591617621,1.0,0.24983902849921405
1025,0.99,0.08999999999999997,0.2296864545580987,0.047752670519604794,0.0370202563205177,0.4568625670403055,0.31545343995224234,0.05486804512385229,0.020220185725078405,0.009434524941834463,1.0,0.21848551808014371
1026,0.99,0.08999999999999997,0.23090896409563,0.04890883766989189,0.03803296588958547,0.4565419079744948,0.3150776067561594,0.05974303554091108,0.020057446510212205,0.009460769719522935,1.0,0.33713115699422613
1027,0.99,0.08999999999999997,0.2330210157664443,0.05184893905847238,0.037529936611660805,0.4559889850681723,0.31443040946074574,0.05449128617024883,0.01989471627722512,0.009400651211741842,1.0,0.40769797874614866
1028,0.99,0.08999999999999997,0.23234594642114562,0.051188231074419145,0.03871117422164367,0.4561655686340706,0.3146369820874289,0.05574462086335903,0.019859982006609586,0.009272653899888197,1.0,0.2493525974013172
1029,0.99,0.08999999999999997,0.23293166904431722,0.052006738847242655,0.03876380362111165,0.4560123483915924,0.3144577341682462,0.05348874085405533,0.019658946774424483,0.009098744968890885,1.0,0.33402893629182
1030,0.99,0.08999999999999997,0.2318071635281123,0.05055223495335931,0.03819385681853834,0.45630660077299856,0.31480204563966857,0.052777736095266564,0.019695280486739884,0.008942331923075917,1.0,0.24247215069733455
1031,0.99,0.08999999999999997,0.23253772292403066,0.050715227435263584,0.03823416028737114,0.4561153901352282,0.31457827048165543,0.06151754885978544,0.019715973341996575,0.00894187416878083,1.0,0.2799971228604303
1032,0.99,0.08999999999999997,0.23300388351109114,0.050999496915660344,0.03825258081993789,0.45599346480551545,0.3144356486119579,0.06161603357021579,0.019703547908458883,0.008915218363926754,1.0,0.28709217072328624
1033,0.99,0.08999999999999997,0.2346233880269928,0.05386912061041925,0.03905904916751552,0.4555703859615532,0.3139411645690153,0.047317044946696356,0.019785590492238558,0.008858600335461292,1.0,0.40769797874614866
1034,0.99,0.08999999999999997,0.23609987214744,0.055047005921504674,0.03956930405861283,0.4551853532863901,0.3134917023710643,0.03953290668361476,0.02001439389355292,0.008936241560813478,1.0,0.35263049758802767
1035,0.99,0.08999999999999997,0.23662119005013213,0.05495350279992532,0.04010259723307854,0.4550495611377587,0.31333331325459757,0.06807081516357333,0.020009462405393048,0.009133003067514505,1.0,0.25256162887303224
1036,0.99,0.08999999999999997,0.23702257006631872,0.055179096907072345,0.0399522744943283,0.4549450654312499,0.31321147320840037,0.059266746905862235,0.019989945179516817,0.009196802893697722,1.0,0.2878406846653725
1037,0.99,0.08999999999999997,0.23912413309259925,0.05758497816043186,0.040589206609868415,0.45439872477039106,0.3125750815037239,0.04773112762829157,0.020081302626695538,0.009247599004859546,1.0,0.40769797874614866
1038,0.99,0.08999999999999997,0.2394553108118521,0.05776649542482316,0.04149882331087451,0.4543127485833869,0.31247503063615434,0.05603327718658222,0.020050028561979436,0.00931319553564996,1.0,0.2874604626856828
1039,0.99,0.08999999999999997,0.24129071831831822,0.060119172588626785,0.04260697617796865,0.45383685239356003,0.31192170156288157,0.03832591088458012,0.020234068936673472,0.009364740029446322,1.0,0.40769797874614866
1040,0.99,0.08999999999999997,0.24213972701964756,0.06061735297885207,0.04201226921542306,0.4536170530887553,0.31166640921027605,0.034952688089211495,0.020527478056962156,0.009328552948583872,1.0,0.3195884804506201
1041,0.99,0.08999999999999997,0.2414716069990382,0.059432360349654406,0.040510009486264056,0.45379000438686334,0.31186727425384725,0.027850375761767028,0.020920041747774627,0.00938896446395533,1.0,0.31486109584428645
1042,0.99,0.08999999999999997,0.24174379882487773,0.059433385718517764,0.040627316426529864,0.453719528180606,0.31178541067095344,0.03368052579875431,0.021200645701216568,0.00918223929785858,1.0,0.2554411826961085
1043,0.99,0.08999999999999997,0.24225464847094688,0.05912278749081351,0.04079383142692664,0.45358731750836767,0.31163188505497336,0.03460726463576311,0.021394593006176278,0.009107931085971523,1.0,0.23150043865720255
1044,0.99,0.08999999999999997,0.24225271868736192,0.0591245656712254,0.04120925281658305,0.4535878168018925,0.31163246472823025,0.03297437954522435,0.021510445152888545,0.009080529926789286,1.0,0.18767825469141752
1045,0.99,0.08999999999999997,0.24265989700312868,0.05890702027077408,0.04122352488012581,0.4534824917725371,0.3115102032371947,0.05815720792003043,0.0214051096335332,0.009202653074460342,1.0,0.23128453101638896
1046,0.99,0.08999999999999997,0.24264990633127667,0.05890878314085446,0.04091159425638528,0.4534850754795228,0.31151320194053284,0.05342743947436226,0.021131672703168798,0.009206157782668421,1.0,0.23176097428875234
1047,0.99,0.08999999999999997,0.24275036309029224,0.05884689139931613,0.0407945679157097,0.45345909750284996,0.31148305244033897,0.06021735031993339,0.020727129306933836,0.009246607921315533,1.0,0.2114481423528369
1048,0.99,0.08999999999999997,0.2431211653978037,0.058902977914823684,0.04111136528892308,0.453363234310542,0.3113718162195216,0.06738818226464066,0.02023515457653189,0.009286389365407294,1.0,0.2703811368652158
1049,0.99,0.08999999999999997,0.243049874314284,0.05895248220939716,0.04138991605124927,0.4533816619838913,0.3113931965153725,0.05709988216333827,0.019810415339360645,0.009225719922411547,1.0,0.19860174319784837
1050,0.99,0.08999999999999997,0.24310234779279638,0.05896092087483746,0.04175972867824621,0.453368098233028,0.3113774593604264,0.05007423198777314,0.01969399476317451,0.009177045168753454,1.0,0.25518106759814085
1051,0.99,0.08999999999999997,0.24311480404453395,0.05896671253671423,0.04130683574771869,0.45336487856386043,0.3113737238789807,0.04302586604632588,0.019759632118644083,0.009062779093197946,1.0,0.27114721924823826
1052,0.99,0.08999999999999997,0.2437705573801928,0.05894940644500135,0.04099958687593942,0.45319544518970134,0.31117719774534164,0.055157216604750176,0.019780007884184405,0.009101270550815178,1.0,0.27467437586805277
1053,0.99,0.08999999999999997,0.2447398580103678,0.058609109211945704,0.04071721563791441,0.4529452293706018,0.3108871569299376,0.044501251088412734,0.019848805236295248,0.009146654581196947,1.0,0.272084310393705
1054,0.99,0.08999999999999997,0.24560683125136895,0.058666392893232326,0.04088406495676311,0.45272166236988065,0.31062819291467675,0.05044307144005535,0.019891889168493458,0.009112543072089538,1.0,0.29239638951514346
1055,0.99,0.08999999999999997,0.24654556327063773,0.05871062706519075,0.040888019328765894,0.4524798396047602,0.3103482806545563,0.032131788774250256,0.020100247593098926,0.009233816388539682,1.0,0.29577827078649144
1056,0.99,0.08999999999999997,0.24714158068081127,0.05858718122843153,0.04086716253504087,0.4523264361316017,0.310170821133498,0.04514582253162091,0.02008538835940382,0.009333576041956056,1.0,0.26449720832003615
1057,0.99,0.08999999999999997,0.24824097174711418,0.05943522147858627,0.041571066007923395,0.4520437466288535,0.30984401790776644,0.04406614609753558,0.02011097812333191,0.009296791928303124,1.0,0.34818045897821076
1058,0.99,0.08999999999999997,0.24948033088184512,0.0602090546969476,0.04140110698856066,0.45172549013240776,0.30947643276831494,0.036562480807781746,0.020179204947981054,0.009286771779504484,1.0,0.34818045897821076
1059,0.99,0.08999999999999997,0.25035617269572774,0.060227852494540386,0.04176068449929527,0.451500851788487,0.3092171898140552,0.023124305855418328,0.02054682387023668,0.009199435503683883,1.0,0.2950027839764615
1060,0.99,0.08999999999999997,0.2509723752979266,0.06028045835386691,0.04178994395598894,0.4513429402744244,0.3090350583481557,0.03871146449739793,0.020680847117584097,0.009285157337583547,1.0,0.28661836424710907
1061,0.99,0.08999999999999997,0.25171668587012413,0.0603468680077214,0.041598021957207125,0.45115234632750506,0.3088153478088722,0.04144776047710918,0.020733777626985864,0.009243570374781983,1.0,0.2939414277303031
1062,0.99,0.08999999999999997,0.2523927867112492,0.06006542017209015,0.04155161549837219,0.4509793581582204,0.30861604247307517,0.03086932492158829,0.02084781354728397,0.009336018745645953,1.0,0.26079711326045063
1063,0.99,0.08999999999999997,0.2527756574975902,0.06004938620848355,0.04141511145208113,0.4508814550884871,0.3085032914203464,0.02374627296063797,0.02108055152890065,0.00928099230761997,1.0,0.26921266167656044
1064,0.99,0.08999999999999997,0.25343621988796483,0.05992736015525161,0.04142364201103822,0.4507126439885549,0.3083089569403623,0.018500513698346495,0.02149414734759966,0.00913034992976327,1.0,0.27505237308099784
1065,0.99,0.08999999999999997,0.25350587825372306,0.059873881711284625,0.04183234371907467,0.4506948496987233,0.30828847803247567,0.024278644245899594,0.021579745107543322,0.00911378565397334,1.0,0.2109667845516761
1066,0.99,0.08999999999999997,0.2552018667088563,0.06017965578366206,0.04265211687559707,0.45026204111595797,0.3077907114117185,0.019264805501657017,0.021830452816352573,0.009078134458993628,1.0,0.3499756740554588
1067,0.99,0.08999999999999997,0.2563193416939088,0.06088745275976034,0.04233319250657227,0.4499773205665431,0.3074636139885873,0.048671279228645135,0.02159521119117267,0.00931273080836206,1.0,0.3499756740554588
1068,0.99,0.08999999999999997,0.2567577410463425,0.06068577413908032,0.04315251399556698,0.4498657194674878,0.3073354793919445,0.03948121450663261,0.021503956222741597,0.009393381768287681,1.0,0.2504945982601195
1069,0.99,0.08999999999999997,0.25732804823249006,0.06030641410523105,0.04274830031991541,0.4497206220813286,0.30716895075295586,0.036468446640861366,0.02144664722712373,0.009404363764168904,1.0,0.24531713324663668
1070,1.0,0.09999999999999998,0.2587466331116108,0.059261976546528566,0.04251647367350682,0.43003600886982096,0.2775638620835156,0.031119459206488707,0.021463089851293412,0.009432448040844966,1.0,0.28495028364096653
1071,1.0,0.09999999999999998,0.25937189144532397,0.05902812662946215,0.04256658011050345,0.429890648054325,0.2773992933659575,0.015405043060440143,0.021746733170388513,0.009495568112820436,1.0,0.2682016174889895
1072,1.0,0.09999999999999998,0.25998042639096436,0.05890650183000653,0.04264073969538114,0.42974926944369735,0.27723931354292874,0.01497671494987572,0.02188583283990993,0.009462414271161306,1.0,0.27831740757102874
1073,1.0,0.09999999999999998,0.25986379370306767,0.05899655267412127,0.04318456223410502,0.4297763590688541,0.2772699612116544,0.024150297790507202,0.021901379062235157,0.009504643642574395,1.0,0.2085746353964629
1074,1.0,0.09999999999999998,0.2604839555010785,0.058734940515339874,0.043676251017506856,0.42963235672660044,0.2771070785058377,0.03084690247890555,0.021732906998277596,0.009542216554690784,1.0,0.266349743146315
1075,1.0,0.09999999999999998,0.2606664765740371,0.058616680062416986,0.04394116889767949,0.42958999348413435,0.27705917661069496,0.047522758406410334,0.02136796030031309,0.00948146618147457,1.0,0.23168358883416093
1076,1.0,0.09999999999999998,0.2604828850025247,0.0587664631676721,0.04416612981672364,0.4296326052145552,0.2771073595025822,0.04295109263995288,0.021324618317936056,0.009470779539448807,1.0,0.20351160856212766
1077,1.0,0.09999999999999998,0.26060198383320193,0.058712091717449774,0.04414931552051171,0.429604961330641,0.2770761005696756,0.042430372909858266,0.021321397096946047,0.009464264891949575,1.0,0.23968149806774713
1078,1.0,0.09999999999999998,0.26153033107962786,0.05832004513418473,0.044247594022361135,0.4293896056605438,0.2768326860888802,0.028218236402048902,0.021433191341013246,0.009416754969812686,1.0,0.28277183481201906
1079,1.0,0.09999999999999998,0.2625617014526351,0.05854633019873026,0.04426671565482385,0.42915060398322713,0.2765627597635188,0.030482787669576943,0.021295624351234332,0.009428072895358722,1.0,0.32643491253132784
1080,1.0,0.09999999999999998,0.2641727473261913,0.058510901997492155,0.04426449265360413,0.4287778047818965,0.27614217467452273,0.020514075752166593,0.021251796523587933,0.009494754875443948,1.0,0.3426324264807306
1081,1.0,0.09999999999999998,0.2655868920889619,0.057804229595198584,0.044220899833725284,0.4284511022710228,0.27577404610356443,0.028166764916071094,0.02114033030452976,0.00957022369086436,1.0,0.3065247243320138
1082,1.0,0.09999999999999998,0.26680862527011834,0.057813159581190446,0.04393397956342185,0.428169252197923,0.27545679526817873,0.01822881713388158,0.021144118961919204,0.0096556682673796,1.0,0.32770695748732004
1083,1.0,0.09999999999999998,0.2684796742290879,0.056993830632657866,0.04340357362744103,0.4277843462865537,0.27502404946893905,0.02843218385767951,0.02096768786017898,0.009451028117482278,1.0,0.32305119535328475
1084,1.0,0.09999999999999998,0.2688260353286331,0.0567610704701105,0.04415994800374742,0.42770465276561165,0.2749345235920598,0.030182042025321897,0.021062518978155927,0.0094573044513394,1.0,0.24774835920698254
1085,1.0,0.09999999999999998,0.26933220755824333,0.056483231326678235,0.04390833331020894,0.42758824201610657,0.2748037952232122,0.03881876663868783,0.021090843184241814,0.009507737061380675,1.0,0.26330769932152037
1086,1.0,0.09999999999999998,0.2696937095560157,0.055973936071699995,0.044422517683724454,0.42750514166853576,0.2747105066992278,0.044338527591216134,0.021099757486598432,0.009538997428737123,1.0,0.20837148136288602
1087,1.0,0.09999999999999998,0.27015682145259345,0.05538743115130546,0.04424209753813587,0.42739873090731895,0.2745910894202345,0.048979859935285995,0.021097226272564457,0.009582250192960844,1.0,0.22256443622402033
1088,1.0,0.09999999999999998,0.27026460088416404,0.05527735022660184,0.04426428204289907,0.42737397366715096,0.27456331248293986,0.0369480194128536,0.021136109933684703,0.009633040271492688,1.0,0.21908573899771275
1089,1.0,0.09999999999999998,0.27031874726425653,0.05522051343370102,0.04396971917034974,0.4273615371729113,0.2745493599873885,0.046005130475473194,0.021138586831327053,0.009495571130686406,1.0,0.21500486510464956
1090,1.0,0.09999999999999998,0.26934922141299045,0.056530167032971784,0.04440451947564083,0.42758433022821496,0.27479940323914354,0.061271492561605564,0.021073631368616074,0.00956150155362765,1.0,0.14588024024423765
1091,0.99,0.08999999999999997,0.2684238625883717,0.0581186058791511,0.04424453695179569,0.44691613745800046,0.303964530407402,0.06907555983298178,0.0209625028430864,0.009578317009334992,0.0,0.12421754827238321
1092,0.99,0.08999999999999997,0.2698341963661943,0.05764689573077109,0.04618153277166705,0.44656217685834754,0.30356201517595116,0.06935675401539623,0.0209286362172203,0.009283192425028376,1.0,0.3202858466839895
1093,0.99,0.08999999999999997,0.27128232952776615,0.057279124868734654,0.04603762123705347,0.4461993124490183,0.30314981961001675,0.06764746640283602,0.02034118142500004,0.009300107920397696,1.0,0.3283714973032626
1094,0.99,0.08999999999999997,0.2718890181940724,0.05690336475807602,0.0461988396241959,0.44604746730836387,0.3029774647243373,0.08541850198598243,0.01997335782450873,0.009464564118133834,1.0,0.2665599403227164
1095,0.99,0.08999999999999997,0.27357233179671847,0.05605319222320703,0.04646550940214982,0.44562669964510465,0.30250027486146136,0.10787016662688664,0.020090491840226748,0.009557050321074335,1.0,0.3283714973032626
1096,0.99,0.08999999999999997,0.2745943667429347,0.0555489574415344,0.046720835725165645,0.44537161487737537,0.3022112785743481,0.09868487542914314,0.020274807340961105,0.009472281748967276,1.0,0.29765488062337525
1097,0.99,0.08999999999999997,0.2758691747489365,0.055305144655165846,0.04701067634207163,0.44505385071069714,0.3018515797824491,0.0696843460844901,0.019517717578893572,0.009608214022891016,1.0,0.3283714973032626
1098,0.99,0.08999999999999997,0.2769938479670433,0.05486967723159474,0.04690473072845324,0.4447738860344849,0.3015349530758321,0.040853164803243545,0.019046931315458638,0.009719983660086955,1.0,0.3113356229075629
1099,0.99,0.08999999999999997,0.2770671012373082,0.05480692777240957,0.04751288576557054,0.4447556633302172,0.30151435328806364,0.03259043253380342,0.0189349680569122,0.009618187410824292,1.0,0.23371811826729383
1100,0.99,0.08999999999999997,0.27803354868921926,0.054448758127395754,0.04800177950673927,0.4445153866778423,0.301242838778119,0.02863362203754024,0.01901882922508446,0.009443035251732368,1.0,0.30562738046625487
1101,0.99,0.08999999999999997,0.27870574257434816,0.053711858621919406,0.04769158921871101,0.4443484199108676,0.30105428025379316,0.024245028206137192,0.01893125798615877,0.00944322571572763,1.0,0.25269324196477927
1102,0.99,0.08999999999999997,0.2786270539339084,0.05373160924303508,0.04754874465074145,0.4443679589615973,0.3010763411704095,0.029125854669386664,0.01884115981842996,0.009466225863412506,1.0,0.2612479664241941
1103,0.99,0.08999999999999997,0.2783002971021553,0.05374977915647001,0.04732762387437386,0.4444491138153789,0.30116798435743114,0.025664237641959093,0.018810838384689242,0.009399119939452532,1.0,0.2591374839812612
1104,0.99,0.08999999999999997,0.27774303045599513,0.054143076051914124,0.047787319782645915,0.4445875875706827,0.30132440578202707,0.03865236400031136,0.018775367809747888,0.009521740597249114,1.0,0.21208506323722592
1105,0.99,0.08999999999999997,0.2772968479927297,0.054393633219323285,0.047487806677426136,0.44469852051927966,0.30144976371687343,0.028601023492406973,0.018810781335242287,0.009499069610241523,1.0,0.2247360073517961
1106,0.98,0.07999999999999996,0.2770832599328303,0.05463192572550094,0.04762117510507603,0.46545273054987985,0.33321987311563533,0.03324896899757141,0.018853900409390688,0.009482722424258643,0.0,0.20569270615708188
1107,0.98,0.07999999999999996,0.27677236056843846,0.05496994607779426,0.047630153541273944,0.4655374484300722,0.3333165156230731,0.022241099091895374,0.01898480560407263,0.009586476048548667,1.0,0.20180140256520918
1108,0.98,0.07999999999999996,0.27666948245138917,0.05505591523088883,0.04749669270359548,0.4655654887813699,0.3333485074456345,0.05231766353878876,0.018976351078448174,0.009854702673901325,1.0,0.2256059657077455
1109,0.98,0.07999999999999996,0.2759908159366224,0.05551444496195398,0.047355248000509644,0.46575055008610217,0.33355970512665106,0.05209305556884403,0.01894749379078016,0.009715148008793136,1.0,0.205044312008698
1110,0.98,0.07999999999999996,0.2756498321000189,0.055848336419896435,0.04644358657117622,0.4658435863649916,0.33366591865857875,0.037043678012820526,0.018965900004114224,0.009748700561967406,1.0,0.20424790052048886
1111,0.98,0.07999999999999996,0.27448154078017145,0.05593368505326342,0.04608992835609672,0.4661626327074439,0.3340303448215402,0.04119546838392542,0.018923445425310367,0.009559936407163547,1.0,0.21256804518829786
1112,0.97,0.06999999999999995,0.27265719136050715,0.05567402260306264,0.044884778873951335,0.48950504187870164,0.3697913060603922,0.05731772179488713,0.01893634900762691,0.009508321185930592,0.0,0.19029454316729996
1113,0.97,0.06999999999999995,0.2719276758311816,0.05668200542598559,0.045174816507394924,0.4897249640402766,0.37004410538388566,0.041914552727088085,0.01890255595983683,0.009610599958691193,1.0,0.15819463144778648
1114,0.97,0.06999999999999995,0.27121070900724237,0.057596547006692235,0.04433175624572876,0.4899412958540394,0.37029289319939057,0.05614180272901028,0.01891866209239837,0.009664929056038628,1.0,0.16283568799501463
1115,0.97,0.06999999999999995,0.2695345036920529,0.05850742670416443,0.043758644289874415,0.4904478071076074,0.3708758445568105,0.04399802939966645,0.018853832857571917,0.009746248920505922,1.0,0.15501586132217796
1116,0.97,0.06999999999999995,0.26844987361572287,0.05970289681066291,0.04344946759955511,0.490776116193125,0.37125403674597895,0.03238081451426521,0.01886665818392414,0.009720525743573362,1.0,0.14961547490569635
1117,0.97,0.06999999999999995,0.26700588764434996,0.06080148020851035,0.04323111833354233,0.49121388223249635,0.3717587288523476,0.041980319891334494,0.01886929026065729,0.009736665291748756,1.0,0.14968876415950988
1118,0.97,0.06999999999999995,0.265830492211735,0.0618135854225477,0.04269757153465256,0.491570798011361,0.37217055921989983,0.05173076097844573,0.018848849779462763,0.009740595535009238,1.0,0.15485795144622114
1119,0.97,0.06999999999999995,0.26454206339961195,0.061797323119468034,0.04242863415860776,0.49196263340558427,0.37262304332800944,0.0311439291781729,0.018798223489579845,0.009705717314652421,1.0,0.2015449338722047
1120,0.97,0.06999999999999995,0.2634673543917057,0.06284346992265953,0.04159126947074954,0.4922899507499247,0.3730013135357187,0.027077402372851667,0.018351349422797696,0.009671058956105675,1.0,0.149605131639483
1121,0.97,0.06999999999999995,0.26176480121997425,0.06163516910447543,0.04167153031210079,0.49280937911390565,0.3736021435003607,0.028515857431596018,0.01764968249541772,0.00950244564521092,1.0,0.22165962158763877
1122,0.97,0.06999999999999995,0.26063052545201504,0.061452804334576325,0.04107963663088329,0.4931560417369345,0.3740035042174332,0.03257627749574497,0.017332592702991558,0.009452675214752126,1.0,0.21437869531048703
1123,0.97,0.06999999999999995,0.2599921428389765,0.0617667909001909,0.04112206332114706,0.4933513617664829,0.37422977383233696,0.032171607337931014,0.01678414876381932,0.009208693138934123,1.0,0.19808961008486747
1124,0.97,0.06999999999999995,0.25903148947456717,0.06265785137375766,0.041252996731324015,0.49364557576359663,0.37457078619754963,0.03408998004676301,0.016681632592683834,0.00913937675018548,1.0,0.15377369205827934
1125,0.97,0.06999999999999995,0.25845119812288325,0.06329613226018324,0.04012205786202485,0.4938234684585893,0.3747770790599508,0.041120870922399924,0.016639179483842064,0.00916115352249435,1.0,0.1604563829117451
1126,0.97,0.06999999999999995,0.2567806794504835,0.06340189515362257,0.03950646276192974,0.4943362951251712,0.37537221703233253,0.04195051099297086,0.016551747460498308,0.009116485751786358,1.0,0.17007928975425182
1127,0.97,0.06999999999999995,0.254336282541979,0.06223768390435921,0.03797591347418955,0.4950886144279329,0.37624647070451017,0.04454181835576615,0.016509836155472576,0.009130000627237721,1.0,0.16325828789569885
1128,0.97,0.06999999999999995,0.253337990345167,0.06310421372194462,0.03725933338616001,0.49539652075231355,0.376604688381099,0.05668712910808468,0.01651765977588949,0.009229893867066156,1.0,0.14952337772012037
1129,0.97,0.06999999999999995,0.25160614857549746,0.06324225014828125,0.03644887476000105,0.4959315875156668,0.3772277467602677,0.04624165402571986,0.016485210313156202,0.00932822185013258,1.0,0.16084475932486778
1130,0.97,0.06999999999999995,0.2504598938835163,0.06442513532571383,0.03640314855457223,0.49628636846019025,0.37764126567519596,0.06437441074539586,0.01659792568112054,0.009423100071901842,1.0,0.1278466814992247
1131,0.97,0.06999999999999995,0.24967601280974536,0.06453776566048038,0.03707655548508984,0.4965292823972758,0.37792457830781107,0.08787511749017034,0.01709866499312466,0.009659486153056833,1.0,0.20160901548332422
1132,0.97,0.06999999999999995,0.2481947714539634,0.06535665226240443,0.036491052175144034,0.4969889484886768,0.3784610951836645,0.1015001629199887,0.017975152342527355,0.009652678646049751,1.0,0.1389680351450966
1133,0.97,0.06999999999999995,0.24568624329644456,0.0639862021042369,0.036115392040710195,0.49776935144572293,0.37937318589488267,0.10895833476919158,0.01912525000044786,0.009649386056010574,1.0,0.1568451629942673
1134,0.97,0.06999999999999995,0.2437583739112139,0.06363832421158316,0.035134882216020284,0.49837077906993577,0.38007714458140274,0.12123963045189973,0.020611577275413486,0.009485177845937338,1.0,0.15984355906496178
1135,0.97,0.06999999999999995,0.2427763906486107,0.06424960569587927,0.0348338842428881,0.49867768242082655,0.3804367195469664,0.11869598397072673,0.021769735115342307,0.009421941262335943,1.0,0.15436330261270748
1136,0.97,0.06999999999999995,0.24132999292455232,0.06484415639602104,0.033735955922407225,0.4991304202075502,0.3809675909956994,0.10782404022981673,0.022604533622349182,0.009415237469036341,1.0,0.1432009122595383
1137,0.97,0.06999999999999995,0.23890441979902513,0.06308840053241505,0.032743049234260004,0.49989149827029755,0.3818611826340357,0.0934514104370224,0.02309908742080127,0.009476555451203043,1.0,0.1651406661934292
1138,0.97,0.06999999999999995,0.23817727981180842,0.06294344067868052,0.03202959753436216,0.500120107171547,0.38212988142989296,0.08202782050129728,0.02335425081739212,0.00941308296265479,1.0,0.21474646396400832
1139,0.97,0.06999999999999995,0.23571054149682624,0.061056902243139484,0.031682252265882845,0.5008971966667146,0.38304423505019974,0.06789298036550434,0.02343766549869986,0.009521786168113621,1.0,0.16102414724793146
1140,0.97,0.06999999999999995,0.23445350573063453,0.060609437597131666,0.03196642774039985,0.5012941266391333,0.38351186956110667,0.0803470745758035,0.023645265388148977,0.009575844570970741,1.0,0.19388490383144852
1141,0.97,0.06999999999999995,0.23288537254375036,0.06053733915741876,0.031728217776030174,0.5017901735581056,0.38409683966180946,0.06931523347189174,0.02366743355097963,0.00962838690498008,1.0,0.15804777715586898
1142,0.97,0.06999999999999995,0.23190399506411738,0.060957731076698475,0.0314939106890014,0.5021011120337522,0.38446383749251384,0.07305293347529745,0.023761147616094682,0.009656780452115401,1.0,0.1573034347328115
1143,0.97,0.06999999999999995,0.23106329626246405,0.06153449593382158,0.031150988388750436,0.5023677846582116,0.3847787850343418,0.0670163504873679,0.023798363080923514,0.009701262249058741,1.0,0.14743055849187256
1144,0.97,0.06999999999999995,0.2314667827276647,0.06138078662846987,0.03152462542303972,0.5022397619862689,0.38462756418472155,0.06797547753507632,0.023828592610175905,0.009456578397269877,1.0,0.22802690121148328
1145,0.97,0.06999999999999995,0.23142938247408534,0.06138202569782129,0.03152468554708686,0.5022516260107066,0.38464157625659257,0.06955646091950203,0.023901228128628473,0.009424772487560358,1.0,0.22754450565845297
1146,0.97,0.06999999999999995,0.23111639614371307,0.06145928404410904,0.031593062642753696,0.5023509328081516,0.38475887717806734,0.06421415725343338,0.02394658466782538,0.009410150192817908,1.0,0.20046234125152101
1147,0.97,0.06999999999999995,0.2312567036894662,0.06143023132716751,0.031250472351483496,0.5023064100558908,0.38470628391265116,0.07510545863281833,0.024063010456635375,0.009447730692158087,1.0,0.22547889692815046
1148,0.97,0.06999999999999995,0.23060362905607806,0.06135792623943951,0.03073154133869946,0.5025137125344685,0.38495120656839216,0.08164896635923068,0.02421356458501422,0.009409904506553138,1.0,0.2050736735264026
1149,0.97,0.06999999999999995,0.2308811088454652,0.061275263097166285,0.03037494259334459,0.5024256124984683,0.3848471051984539,0.0990862785898706,0.024707513071651956,0.009515072810139752,1.0,0.22634972213656285
1150,0.97,0.06999999999999995,0.231100898071623,0.06140131944002791,0.03072690336533709,0.5023558511804145,0.3847646873998665,0.08147799535573613,0.02491121436756787,0.009621738641379015,1.0,0.2771599902139178
1151,0.97,0.06999999999999995,0.23031388818450466,0.0613873553693161,0.03154697006288959,0.5026057384536624,0.3850599680204052,0.06798919550563744,0.02496669091489158,0.009635450250385827,1.0,0.19244623053640553
1152,0.97,0.06999999999999995,0.22912339104366786,0.06166924997536163,0.03189274282327023,0.5029842117079318,0.3855074965578035,0.07082597974214334,0.025047037977989732,0.009556468621296619,1.0,0.155624661784374
1153,0.97,0.06999999999999995,0.2287767128121607,0.061524040465976766,0.03251375036202958,0.503094532041048,0.38563801456001906,0.07011276711904264,0.025117821778163334,0.009503654401816398,1.0,0.23741648724298747
1154,0.97,0.06999999999999995,0.2278254183114155,0.06126790856209581,0.03288514093304992,0.5033975027770636,0.3859966139104209,0.06199603838541344,0.025143836368450214,0.009400679109572199,1.0,0.19726693944062526
1155,0.97,0.06999999999999995,0.2264334122243699,0.06128952165508659,0.032980173406708904,0.5038414907044599,0.38652254717633894,0.06242873342143887,0.02510175258653858,0.009273594880063662,1.0,0.1565776620819307
1156,0.97,0.06999999999999995,0.22551897177888652,0.061396866751468375,0.03230130725551283,0.5041335829487495,0.3868688253939884,0.05649863770106017,0.025101047277410256,0.009322589014268644,1.0,0.1730531637716937
1157,0.97,0.06999999999999995,0.22381789390442464,0.06032192545512973,0.03235200935410206,0.504677846320413,0.38751463904874284,0.061607479815687226,0.02511302350691226,0.009298398881186554,1.0,0.17807267153202788
1158,0.97,0.06999999999999995,0.22196589048044743,0.05930983602667992,0.03196731117177673,0.50527173640403,0.3882202076003679,0.07387724973299238,0.02516976342040866,0.00928659681012536,1.0,0.16298011658048672
1159,0.97,0.06999999999999995,0.22061118091463483,0.059173115987936564,0.03191745126729117,0.5057070429991404,0.38873794847434157,0.06188332225299092,0.025026553293058047,0.009250301545862954,1.0,0.1595318273952051
1160,0.97,0.06999999999999995,0.21915518485333343,0.05932215257679404,0.03203048162885729,0.5061757328663214,0.38929594075770096,0.056050592001471514,0.0249941303397893,0.009281578659719602,1.0,0.1410187581169643
1161,0.97,0.06999999999999995,0.21793397169251905,0.05902628816956454,0.032006815356756806,0.5065695157994359,0.38976519216357264,0.04007589383472909,0.025000373456105014,0.009336086362863257,1.0,0.17182011164886857
1162,0.97,0.06999999999999995,0.2176649671570088,0.05889147575560384,0.03254884565619563,0.5066563392769569,0.38986870929146206,0.06032844811100972,0.024921545324536887,0.009468707598371644,1.0,0.23389665970942167
1163,0.97,0.06999999999999995,0.21701745735370864,0.058676726793394175,0.03278718168607883,0.506865450605027,0.3901181067453195,0.10182669061719667,0.0252319992904878,0.00983489429780493,1.0,0.20446168134654744
1164,0.97,0.06999999999999995,0.2160177651121306,0.058530874164063836,0.032436605361776186,0.5071886373707257,0.3905037794026296,0.1228624466052595,0.025923730676689096,0.009989011726496947,1.0,0.17508314892318746
1165,0.97,0.06999999999999995,0.2155692620546551,0.05873932528657972,0.031123047590213327,0.5073337662139077,0.3906770559296948,0.12435273488381554,0.026668331138052073,0.00995342030765163,1.0,0.16611647880412764
1166,0.97,0.06999999999999995,0.21378000502936353,0.05732604757736443,0.031172880850033256,0.507913570414793,0.39136985802306873,0.12658350840189178,0.027349266758240176,0.009678918285339386,1.0,0.17104997152630033
1167,0.96,0.05999999999999994,0.21202885263015514,0.055793045476014734,0.03020651101986135,0.535722871995569,0.4332825781708918,0.12268466425776603,0.028122709057962395,0.00962547161283548,0.0,0.1748604341346212
1168,0.95,0.04999999999999993,0.21123921110567706,0.05580184103979554,0.030187849639142394,0.5663656715550222,0.4792270073212611,0.10173878151312757,0.02841418977577019,0.009806614187369493,0.0,0.1715304458123157
1169,0.95,0.04999999999999993,0.21065216163249867,0.05574901516854649,0.02993985559593176,0.5666025770924801,0.4795067011934382,0.09296870381233732,0.028548088004981202,0.009841170654707045,1.0,0.18661218592879292
1170,0.95,0.04999999999999993,0.20974178049401332,0.05526955818869658,0.029844414360696046,0.5669703563158087,0.4799410895222474,0.08806137659100492,0.028569109091158482,0.009732008140315971,1.0,0.19391216979243442
1171,0.95,0.04999999999999993,0.20859881519808143,0.05523060319871852,0.030146346601247508,0.5674327723168103,0.48048757096374856,0.08431576085890334,0.028343777522542184,0.009765516096089074,1.0,0.15390508789580004
1172,0.95,0.04999999999999993,0.2079167328902117,0.054784763247787596,0.03000959222461815,0.5677090858056905,0.4808142855982233,0.06345009397717823,0.02799031831496139,0.00988361795509002,1.0,0.21010917678405913
1173,0.95,0.04999999999999993,0.20768062945155716,0.054832274771057926,0.02967999401757978,0.5678047946901862,0.480927481721231,0.049247046248917375,0.0277795222108826,0.00995944061205833,1.0,0.18496429153100555
1174,0.95,0.04999999999999993,0.20723261740126867,0.05453329424912791,0.029699368687017235,0.5679864933822909,0.48114242072019014,0.0676888386296289,0.027631092472265716,0.00997727835400991,1.0,0.22154853811746794
1175,0.95,0.04999999999999993,0.20739680213613687,0.05463128993786562,0.029683020645921075,0.5679198920515411,0.4810636288823393,0.07197932386585573,0.02762237003875776,0.009974438146633844,1.0,0.24810206232098136
1176,0.95,0.04999999999999993,0.2080049755406736,0.0549223971761735,0.02948157617308469,0.5676733233019104,0.4807719927095177,0.07644637530273325,0.027606269422078777,0.010014300083065994,1.0,0.2643289490157991
1177,0.95,0.04999999999999993,0.20765602074817985,0.054830808293876765,0.029647763985742807,0.5678147721391662,0.4809392830486761,0.06309032803993234,0.027542309697359407,0.0100056527169548,1.0,0.20478601881837366
1178,0.95,0.04999999999999993,0.2071734483303121,0.05437807127734732,0.02950701142501107,0.568010499070646,0.4811708221344251,0.0888404574361202,0.02747236043958221,0.010242880778860453,1.0,0.23451459302524053
1179,0.95,0.04999999999999993,0.2057835570474439,0.05307260759502208,0.02981884268593363,0.5685749809196293,0.48183894186066056,0.06953971986070726,0.027298501183922144,0.010337143664294822,1.0,0.187445784244505
1180,0.95,0.04999999999999993,0.20434777589507608,0.051262236648988026,0.029571376270284454,0.5691592795337904,0.48253107192073325,0.08309965479274821,0.02704737895258237,0.01039681281346792,1.0,0.19905431124395354
1181,0.95,0.04999999999999993,0.2031185635857927,0.05026139580232069,0.029513483186294244,0.5696604688982233,0.4831252055893323,0.08821467359509261,0.02693319455636638,0.01034809635912605,1.0,0.18360349340367818
1182,0.95,0.04999999999999993,0.20193099245707313,0.04868177217652013,0.02972247903556344,0.5701455188558056,0.48370060344475013,0.06524846413422093,0.02654422151185757,0.010477013962530833,1.0,0.20894984461536464
1183,0.95,0.04999999999999993,0.20005745142260264,0.04757702225407084,0.029701771122056648,0.5709124272000984,0.4846111570746987,0.09135446371649682,0.026436983051463886,0.010723035592981675,1.0,0.1356970919062354
1184,0.95,0.04999999999999993,0.19924818971430855,0.047447020373207624,0.02985900098424659,0.5712443258066132,0.48500552480281783,0.09839345107523462,0.026416952463712163,0.010706896832833917,1.0,0.16682218837757765
1185,0.95,0.04999999999999993,0.19839962925880905,0.04705091326223068,0.02942155903914914,0.5715927565332517,0.48541973347273404,0.107044761155271,0.026601889623592456,0.010738528642202686,1.0,0.17845165377156383
1186,0.94,0.039999999999999925,0.1977278032759765,0.04738220557444187,0.02965458748188444,0.606555969951192,0.5368347562013678,0.08105746317863907,0.026552529347931952,0.010954144456673014,0.0,0.14118888307963418
1187,0.94,0.039999999999999925,0.19724615521749655,0.04737208960340441,0.02995491121996605,0.6067788936308945,0.5370952903279349,0.07017239971096081,0.02649672786560822,0.010942560850059336,1.0,0.17439963037602102
1188,0.94,0.039999999999999925,0.19663985237604872,0.04747657085772133,0.030074742549562293,0.6070597450006223,0.5374236127374956,0.09299134297525855,0.026454884441634643,0.01108156925613689,1.0,0.15845545485292967
1189,0.94,0.039999999999999925,0.19596975822668763,0.047685068899764343,0.029482170628592423,0.6073704483683031,0.5377869464205578,0.07429249535014613,0.02637757807969915,0.011116240827237701,1.0,0.14799545016853555
1190,0.94,0.039999999999999925,0.19661858326775913,0.0474398940587884,0.029897368630723772,0.6070696019890399,0.5374351375778561,0.07087735634190102,0.026372176445664107,0.011071908218519203,1.0,0.21076274435139342
1191,0.95,0.04999999999999993,0.1979907125910761,0.047310120810546266,0.028428676083663982,0.5717608152177798,0.4856195910977645,0.06024567004855712,0.026381887134283834,0.011176458643882127,1.0,0.26143048060408075
1192,0.95,0.04999999999999993,0.19736149084832363,0.04608190638910245,0.02838808171574541,0.5720196091373719,0.4859274442684267,0.058078329355236644,0.026397885347033613,0.011181085442677685,1.0,0.2573636724087468
1193,0.95,0.04999999999999993,0.19612034804891199,0.04416832522898922,0.028300151393180813,0.5725307687614909,0.4865358317830763,0.05548290688692148,0.02642450012320139,0.011027796421315753,1.0,0.204257217362095
1194,0.95,0.04999999999999993,0.19679705955332666,0.045733045230010726,0.028988659639863093,0.5722519546711835,0.48620393034209486,0.054346500324447294,0.026392084714470656,0.010812490784159893,1.0,0.33423109076418617
1195,0.95,0.04999999999999993,0.19585735628448225,0.04395054890014978,0.029686773818302245,0.5726391981715595,0.4866649416172709,0.038470411471932406,0.026219410659673387,0.010880074598854553,1.0,0.23440117041882247
1196,0.95,0.04999999999999993,0.19617068729842674,0.04477904473932417,0.0303319273023337,0.5725100189717176,0.4865111266824763,0.02479760744963036,0.026336589364466256,0.010725249090547976,1.0,0.32898798201782453
1197,0.95,0.04999999999999993,0.1954671587085207,0.04322208976989445,0.030876709820611192,0.5728001492178676,0.4868566265589434,0.02160820267741484,0.02669292739388754,0.010466241247022414,1.0,0.25801863831265326
1198,0.95,0.04999999999999993,0.19460099429107733,0.04173368665116022,0.030429052775249137,0.5731577534704382,0.48728267077510223,0.03523765707262083,0.026749636708429093,0.010520450561424087,1.0,0.2247191811632275
1199,0.95,0.04999999999999993,0.19475589497395848,0.041906975169581306,0.029950060282251386,0.5730937684619157,0.4872064243320638,0.021580193507450576,0.026905026554400052,0.010618436956059513,1.0,0.24920818655541094
1200,0.95,0.04999999999999993,0.19401139341778656,0.04057068590796548,0.02959750294088646,0.5734014313486306,0.487573107219407,0.020729748803832503,0.027022779098410197,0.010582698075980876,1.0,0.23117722484906328
1201,0.95,0.04999999999999993,0.19378285610866502,0.040302968530677295,0.029524603843280643,0.5734959399359966,0.48768577746114516,0.030938037328756385,0.026930347388369816,0.0106365108240786,1.0,0.22983951105262446
1202,0.95,0.04999999999999993,0.19309486492800038,0.03972855805573646,0.029880969300371187,0.5737806377610957,0.48802527572652227,0.034340172924606706,0.026866039874590852,0.010635910001537414,1.0,0.1924488483577271
1203,0.94,0.039999999999999925,0.19244168863896602,0.039170405495941675,0.02941954087588696,0.6090115723316105,0.539708042667556,0.04318142817433866,0.026665794893276303,0.010594022414581654,0.0,0.1938198550778237
1204,0.94,0.039999999999999925,0.19243086618184296,0.03916512585183475,0.029465318838841792,0.6090166201718993,0.5397139568027398,0.03929578159571963,0.026659487661412958,0.010531742677922203,1.0,0.21100281752492162
1205,0.94,0.039999999999999925,0.19189846223107143,0.039084143282471236,0.029672024940413155,0.609265048845851,0.5400050590657332,0.02483383621040437,0.026713663096859616,0.01063087398984292,1.0,0.17149561227464202
1206,0.95,0.04999999999999993,0.19167124999645538,0.0390693323299307,0.029748636726564297,0.5743706427708933,0.4887292803180031,0.02701990042572743,0.026794943753798824,0.010541764841455515,1.0,0.18297148269547772
1207,0.95,0.04999999999999993,0.19180718206041075,0.03912794434768306,0.029835692919723242,0.5743142544993123,0.48866197163457464,0.03529578502231671,0.026617447298201046,0.010321555954078708,1.0,0.21539460896075027
1208,0.95,0.04999999999999993,0.19241145145283217,0.040099777781888106,0.03034151758932006,0.5740637212701135,0.48836298335741846,0.04011779151599757,0.026703776771613473,0.010367994323005334,1.0,0.286032904949882
1209,0.95,0.04999999999999993,0.19205471965747456,0.04014445904370489,0.03151187477102441,0.5742115976884882,0.48853944750288575,0.024096655295043193,0.026983158462925913,0.010377810067095546,1.0,0.1693711324729411
1210,0.94,0.039999999999999925,0.1931413183966153,0.04189229961443699,0.032877697976012435,0.6086854265513192,0.5393259916608131,0.02323153974984473,0.027159365164321363,0.010344611331480328,0.0,0.31290777443456425
1211,0.94,0.039999999999999925,0.1936404934292535,0.04241494826772824,0.0331620285210776,0.608452940021789,0.5390537346327294,0.03956441118535404,0.02717390438012695,0.01034673878627374,1.0,0.26248554845211575
1212,0.95,0.04999999999999993,0.19416890760036,0.042698181150629684,0.03303323737415488,0.5733363115683608,0.48749548209928906,0.05577059903704196,0.02717847932461389,0.0103548500871211,1.0,0.2431359602779514
1213,0.95,0.04999999999999993,0.19583057007071208,0.04446269850990434,0.033806811734334856,0.5726502442187809,0.4866780955457084,0.04865728996825762,0.027130504808738177,0.010282992097897485,1.0,0.32436087848299744
1214,0.95,0.04999999999999993,0.19691718381436263,0.04496797068443957,0.03426180152676005,0.5722024902650618,0.486145061247668,0.07381913720902775,0.02713214704053749,0.0104144877939725,1.0,0.2714970623600664
1215,0.95,0.04999999999999993,0.197615061856831,0.04485365875929235,0.034678902641654664,0.5719152892130084,0.48580333511860935,0.07306274837402489,0.027063160728294653,0.010304782480332113,1.0,0.2248036655690177
1216,0.95,0.04999999999999993,0.19936469539223955,0.04633516875310274,0.03568599227421748,0.5711965201172305,0.484948709952316,0.07437625112279,0.02687725962092769,0.010221085484086618,1.0,0.32457882844655
1217,0.95,0.04999999999999993,0.2001777823662627,0.0461694280933627,0.036579044593389363,0.5708631093836866,0.4845525724142137,0.09512641020177712,0.026931784025374994,0.010332193746630818,1.0,0.2309974615618225
1218,0.95,0.04999999999999993,0.20086062004223743,0.04599874320356477,0.03618680984684539,0.5705834086309007,0.4842203922182134,0.08410743888220307,0.02695219338940706,0.010235548691270222,1.0,0.22314171904369196
1219,0.95,0.04999999999999993,0.2010094826478795,0.046024797242873366,0.03572994845668943,0.5705224686168332,0.4841480354521129,0.08241274235858402,0.026763965685303193,0.01021159080963687,1.0,0.21643119443641062
1220,0.95,0.04999999999999993,0.2027343616127077,0.04728102082892175,0.03606941657525248,0.569817301500054,0.4833112079414705,0.07528496754139363,0.02647501946620462,0.010269058685984806,1.0,0.322093028122308
1221,0.95,0.04999999999999993,0.20274551688719072,0.04728561602791094,0.03699908276524457,0.5698127466603832,0.4833058053587904,0.0806275142080389,0.026216570240477147,0.010282009459747395,1.0,0.2227751490359385
1222,0.95,0.04999999999999993,0.2040609673771206,0.049374546203544846,0.03807847175556698,0.569276141688901,0.4826695686543206,0.07973050959569847,0.026000183831706936,0.010286982535045642,1.0,0.3459237443034763
1223,0.95,0.04999999999999993,0.20443763849801438,0.049471138750943916,0.03874363442327047,0.5691226742527578,0.4824876945920935,0.06725967194378381,0.025744814890548622,0.01039357309002628,1.0,0.2357567221742432
1224,0.95,0.04999999999999993,0.2061605447918512,0.05066248423210993,0.03958833046785886,0.5684217625925726,0.481657540819644,0.044296723163412044,0.025627279726810132,0.01055450296785188,1.0,0.32606432144195907
1225,0.95,0.04999999999999993,0.20685752312176994,0.05050811606246051,0.04045991833347329,0.5681387085290645,0.4813225243884062,0.04853255806655388,0.025557678158603166,0.010588908976261689,1.0,0.230154215903624
1226,0.95,0.04999999999999993,0.20765350400452234,0.050549433407903806,0.04058822298263808,0.5678157925573257,0.4809404900086245,0.07199851829256541,0.02541534206971287,0.010799764055688114,1.0,0.24967737802949252
1227,0.95,0.04999999999999993,0.20917333644384908,0.05146822138361919,0.04111175069600477,0.5672002407291371,0.4802127219419391,0.04488626172034392,0.025412023466153767,0.010950945326596226,1.0,0.31524153182837267
1228,0.95,0.04999999999999993,0.2098780054303069,0.051127978056521146,0.04195952719961815,0.5669152932763268,0.47987603973276216,0.026333865069267534,0.025738857316242307,0.011032833423249877,1.0,0.21999027636590043
1229,0.95,0.04999999999999993,0.21068390856575298,0.05098368908878233,0.04184282738828413,0.5665897604553716,0.4794915673332889,0.04072472095068029,0.025793214516305188,0.010995036445085603,1.0,0.24143507286947596
1230,0.95,0.04999999999999993,0.2118394443758759,0.05039925422431839,0.04111760370806132,0.5661236504015381,0.4789413693211773,0.028686494606140662,0.026097659877944508,0.010879253814780198,1.0,0.24340026251151714
1231,0.95,0.04999999999999993,0.21204158602549456,0.050398354122200534,0.040702816856830026,0.5660421910498943,0.4788452511222005,0.029689426862800006,0.02630667280357204,0.010751757722122028,1.0,0.22182318044518792
1232,0.95,0.04999999999999993,0.21381158174173215,0.05090648242497245,0.04147319360909771,0.5653299155141105,0.47800526451338754,0.021906947506454527,0.026481638356248772,0.010755033555527507,1.0,0.3159676067688595
1233,0.95,0.04999999999999993,0.21549137491014714,0.05176326066409091,0.04153237014441297,0.5646555948697917,0.4772108063301168,0.026020576790076893,0.02645668204387708,0.010672531874728663,1.0,0.3248244798357651
1234,0.95,0.04999999999999993,0.21770077472859614,0.054007424622418705,0.04204225705978513,0.5637711193528799,0.47616988288658085,0.019626116038615173,0.026276991389737415,0.010711428988569962,1.0,0.38078354090986277
1235,0.95,0.04999999999999993,0.2186178776949676,0.053701905501277514,0.04329021212349062,0.5634047943998287,0.47573913695448583,0.023273824017523752,0.026050877399516954,0.010638456910165905,1.0,0.24607359924984976
1236,0.95,0.04999999999999993,0.21975099517042287,0.053292529097536616,0.04317404350350399,0.5629528421696444,0.4752080081544055,0.01831133215737037,0.026078100669120054,0.010543405011856403,1.0,0.25651265980506366
1237,0.95,0.04999999999999993,0.22069032780339973,0.05314933078734437,0.042698846250124926,0.5625787317727329,0.47476861079595883,0.01652427854131066,0.0263142116144249,0.010446066261152713,1.0,0.25907392949111585
1238,0.95,0.04999999999999993,0.2217927870013316,0.05414860885053207,0.042822039558710806,0.5621402863028396,0.47425394209788874,0.015515618999128348,0.026654235252567028,0.010313478578388968,1.0,0.3249923837571944
1239,0.95,0.04999999999999993,0.2234568691670438,0.054808499314626155,0.042514758987785964,0.5614797774578995,0.4734791968861259,0.028258894820537138,0.026857241404994635,0.010316399604763814,1.0,0.32743236381915214
1240,0.95,0.04999999999999993,0.22388239374265,0.05474240080963636,0.0430719092479021,0.5613111270252573,0.4732814920222825,0.036805732980942855,0.02690240241076379,0.010291298564930417,1.0,0.23643736139207538
1241,0.95,0.04999999999999993,0.22435534249229985,0.05437464499806714,0.04337847861000483,0.5611237995567491,0.4730619468454229,0.04365539369461838,0.02694560455252893,0.010322732511498801,1.0,0.20534265212084782
1242,0.95,0.04999999999999993,0.22583602399661337,0.0545443519841735,0.04428914585043291,0.5605381328382875,0.472375922225524,0.05258792062126211,0.02693016203223968,0.010351984470475712,1.0,0.30537158516416696
1243,0.95,0.04999999999999993,0.2264949742171902,0.05398836040965203,0.04440479900088746,0.5602778855020252,0.47207125888239687,0.07018630064978333,0.026939459586318604,0.010520057732908164,1.0,0.21332558054955497
1244,0.95,0.04999999999999993,0.22646368112844148,0.053988370310194066,0.044516815326483675,0.5602902390017852,0.4720857182446001,0.06026009873001245,0.02692960788846754,0.010604352869628823,1.0,0.22489759233660966
1245,0.95,0.04999999999999993,0.22733830585641385,0.054702528584472464,0.045153453929636655,0.5599451704720404,0.4716819202788774,0.051420663371449286,0.02693001683032389,0.010639677432179273,1.0,0.3150069784556873
1246,0.95,0.04999999999999993,0.22832510899281264,0.055097443895102495,0.04506100714062311,0.5595563537829915,0.4712271601845971,0.050723497704996914,0.026944652319276164,0.010536706364371871,1.0,0.2991426548914002
1247,0.95,0.04999999999999993,0.22831558081766784,0.05509801765956837,0.045608596555532045,0.5595601054591931,0.4712315469729868,0.021888550878235533,0.027172020314231046,0.010761872415890552,1.0,0.22452607941366695
1248,0.95,0.04999999999999993,0.2287919636079188,0.05510094896137142,0.0456783927628823,0.55937259347334,0.4710123195039649,0.013176340524879523,0.02747366235484038,0.01067374007369576,1.0,0.2527119525515032
1249,0.95,0.04999999999999993,0.22976335258658573,0.055899784452055803,0.045880073564643874,0.558990628161316,0.47056592565980526,0.018959572865910154,0.027464422687710547,0.010554295115179562,1.0,0.32348862000325385
1250,0.95,0.04999999999999993,0.2302404051055002,0.0565025451107926,0.04503828429620549,0.5588032345963725,0.47034700974279364,0.025848337098802646,0.02755267897394375,0.010487628088743135,1.0,0.32486524210536544
1251,0.95,0.04999999999999993,0.2315399033473876,0.05710946987646697,0.044691290544975025,0.5582934083968302,0.46975171131263027,0.03494713782818069,0.027625925024900227,0.010550880780590329,1.0,0.32239605472515004
1252,0.95,0.04999999999999993,0.23222108516084172,0.05660392427537837,0.04486160757665936,0.5580265349054935,0.4694402643965453,0.030993498252086277,0.027716755372169586,0.010583612365974104,1.0,0.2237428431297873
1253,0.95,0.04999999999999993,0.23224215185268748,0.056606245945011714,0.044615453692774615,0.5580182854617439,0.46943063896091447,0.033896779148027315,0.027779855213565827,0.010530951276704526,1.0,0.23952315642755956
1254,0.95,0.04999999999999993,0.23396512422810592,0.05811746017510965,0.045517996553342446,0.5573444165185759,0.4686447416955739,0.03032844837170457,0.027897451339302624,0.010562624364990359,1.0,0.3695641769824694
1255,0.95,0.04999999999999993,0.2360742540903061,0.05908970478219979,0.045372522078501586,0.5565217304478783,0.46768628171687177,0.04170419163893985,0.027928424065554208,0.010617630905867696,1.0,0.36749064830195133
1256,0.95,0.04999999999999993,0.23676436469574494,0.058751673829630716,0.0465887535555323,0.5562530733656224,0.467373522785094,0.037119694272354946,0.027992384424791652,0.010612334494271312,1.0,0.24206422431557728
1257,0.95,0.04999999999999993,0.2381266485081993,0.05895401251925288,0.047165968439475216,0.5557235028151251,0.4667573604323876,0.05558792214064708,0.027986605258009903,0.010674945180644919,1.0,0.31430105277746784
1258,0.95,0.04999999999999993,0.23869883935311734,0.058497795777834774,0.048081660990181276,0.5555013714699468,0.4664990421649676,0.040151096278283185,0.027970906179496043,0.010709721931981914,1.0,0.22019920107228558
1259,0.95,0.04999999999999993,0.24033997988696648,0.05855582472531646,0.04893957624704583,0.5548652449929725,0.465759725079151,0.04998073674232517,0.027968998127207528,0.010750094762411433,1.0,0.3236458807801171
1260,0.95,0.04999999999999993,0.24146357565066406,0.05771113478168329,0.04933822465877802,0.5544305648292513,0.465254906570452,0.05282419053414672,0.027970117775449048,0.010617455930341526,1.0,0.25337833448672553
1261,0.95,0.04999999999999993,0.24172088348430454,0.05745685324567122,0.04927510234982104,0.5543311171912398,0.4651394551095426,0.04746917132370329,0.027939289922558157,0.01046697577816135,1.0,0.19755089501291387
1262,0.95,0.04999999999999993,0.24197757551642785,0.05747865988547124,0.04960419315331568,0.5542319430974239,0.4650243370307737,0.04763128965045131,0.027945753603349593,0.010049439170288232,1.0,0.25956586292175676
1263,0.95,0.04999999999999993,0.2428990715768701,0.057608343048713866,0.04968163650731218,0.5538762112153048,0.4646115448662596,0.05805321828334517,0.027554237573453846,0.009942228792963291,1.0,0.2966112873907695
1264,0.95,0.04999999999999993,0.2436654280894805,0.05720945524113343,0.050044523548599874,0.553580716607297,0.46426880656686653,0.04878390446275552,0.026699700499052997,0.010020804808539388,1.0,0.2517188001842273
1265,0.95,0.04999999999999993,0.2443095910288605,0.05669297217563109,0.05020869056597287,0.5533325816376736,0.4639811079192171,0.03771079388280701,0.025798438731900897,0.010110121344517895,1.0,0.2305327727421269
1266,0.95,0.04999999999999993,0.24477354040111446,0.05627988306783158,0.0503024016910447,0.5531540036450882,0.46377411776897975,0.06537282651817616,0.024757425225721226,0.010350153551500155,1.0,0.21744490875169695
1267,0.96,0.05999999999999994,0.245273033372608,0.0558773912899178,0.05034315759215549,0.5239873696703525,0.4194387209040322,0.05541492543461354,0.023739171477760584,0.010239163837751914,1.0,0.22480973128397214
1268,0.97,0.06999999999999995,0.24524822055361567,0.055910672793694265,0.05075405483714952,0.4979058717045031,0.37953290023091596,0.054522162012151154,0.023209008166174026,0.010159595006657692,1.0,0.16904916391308528
1269,0.97,0.06999999999999995,0.24590957522090762,0.05560347571421451,0.051525756906657214,0.4976997735250073,0.37929180507167687,0.05975850318238094,0.022848584022585394,0.010162918379878878,1.0,0.2527476526579886
1270,0.97,0.06999999999999995,0.24542015053999233,0.056270403001332486,0.05221031113959106,0.49785227668713977,0.37947019411419075,0.0698452366895196,0.022625543209036952,0.01022697007457622,1.0,0.14496970170090379
1271,0.97,0.06999999999999995,0.2457378255903448,0.055840889820895495,0.05205373338546868,0.49775327951778975,0.3793543865128855,0.07223965248598445,0.022479277697338332,0.010040391780785713,1.0,0.1856725929310471
1272,0.97,0.06999999999999995,0.24580926536753928,0.05579981748231134,0.052118740216977884,0.4977310221412384,0.3793283530652336,0.060091256321294195,0.0224630066760402,0.01001963772458803,1.0,0.21725315450351113
1273,0.97,0.06999999999999995,0.24590166546266912,0.05570655893427942,0.05198201907428155,0.49770223743754566,0.37929468674407846,0.03989599374008847,0.02248900972103682,0.010037349544795042,1.0,0.1942043010439853
1274,0.97,0.06999999999999995,0.24521400392085482,0.05642277100344948,0.05213220486119502,0.49791653928947266,0.37954538215649314,0.05412173557713905,0.022427401231894725,0.010137705672076091,1.0,0.15278238393603844
1275,0.97,0.06999999999999995,0.24464695406437212,0.05667527459076887,0.05235834431616329,0.4980933927735545,0.3797523565474957,0.05967112533636206,0.022343565264986685,0.010148638382402812,1.0,0.19139707667271533
1276,0.97,0.06999999999999995,0.24372839086194,0.05709168516205097,0.051948056616190584,0.49838014420709204,0.38008811347996935,0.08506168714739198,0.02245969008270652,0.010270199135415227,1.0,0.1724726287725883
1277,0.97,0.06999999999999995,0.24314845159765652,0.05777478309178727,0.05190716734523806,0.49856135618453373,0.3803004011468666,0.08104933056769029,0.02262998382623548,0.010050625672622437,1.0,0.1467920923900216
1278,0.97,0.06999999999999995,0.24238102496603467,0.058390775702713914,0.05154263228152392,0.4988013544733447,0.38058168364595696,0.07411839145850321,0.022428906435679505,0.009925678213367631,1.0,0.15777192986305716
1279,0.97,0.06999999999999995,0.24270002848495295,0.05817652600682,0.0520473361125727,0.4987015640488646,0.3804647097605423,0.07581681247495126,0.02249042706257887,0.009805864941492954,1.0,0.21934613613633575
1280,0.97,0.06999999999999995,0.24278134102544197,0.05812112224584432,0.052014101294423264,0.49867613431081953,0.38043490515036527,0.08091413480994626,0.02245997059078621,0.009805686189297507,1.0,0.20718556529285484
1281,0.97,0.06999999999999995,0.24291854474520366,0.05799732468558281,0.05185769067524465,0.49863323100765833,0.3803846245591115,0.0965808404665356,0.022614694081680844,0.00973195382763809,1.0,0.19732386537984997
1282,0.97,0.06999999999999995,0.24288528490798714,0.05801774532863941,0.0512016022187268,0.4986436306081403,0.3803968119606795,0.08590883062945631,0.022839380471927014,0.009576054941322973,1.0,0.20562386089371107
1283,0.97,0.06999999999999995,0.24335781609318757,0.057331182890634186,0.05111623407727317,0.4984959214568648,0.3802237356027972,0.07715562584126132,0.02263103522908925,0.009593370268893247,1.0,0.18295021042627815
1284,0.97,0.06999999999999995,0.243119532272298,0.05769714095171736,0.05140236477165371,0.49857039597365976,0.3803109933182566,0.054362577817257354,0.022123886825618094,0.0097362161067111,1.0,0.14299380628861824
1285,0.97,0.06999999999999995,0.24392624184421727,0.05735024789699713,0.05219899137754208,0.49831835240431194,0.3800157440306754,0.07376532219647884,0.021510873998376076,0.009669705464313016,1.0,0.2591226109634961
1286,0.98,0.07999999999999996,0.24459442940185483,0.056532789342035206,0.0523798421333373,0.4744756828713801,0.34363149932030157,0.06662823775904794,0.021350194936261217,0.009631847090270115,1.0,0.20800763884338275
1287,0.98,0.07999999999999996,0.24520005186182703,0.056100305301331706,0.05249105488088044,0.47430428792000323,0.34343146908080496,0.06979141760921215,0.02134661193036155,0.009433304025480886,1.0,0.23496187637324606
1288,0.97,0.06999999999999995,0.24540298859028795,0.0558221647171213,0.05295320381007071,0.49785762599173855,0.37947645247078926,0.05188651668968549,0.020904109916942033,0.009425284361788102,0.0,0.17874912769901674
1289,0.97,0.06999999999999995,0.24570760246285894,0.05537108333993305,0.052322143164520434,0.49776269626519937,0.3793654012316375,0.04848992697278269,0.02075510490440623,0.009425096995208887,1.0,0.1784568374256367
1290,0.97,0.06999999999999995,0.2460549744324145,0.05525961638574621,0.05248755091834492,0.49765448559619113,0.3792388412272839,0.05171718850854258,0.02064254795652046,0.009350304825940361,1.0,0.2454999413069493
1291,0.97,0.06999999999999995,0.24550644259462853,0.05537639501010143,0.05283963007275031,0.4978253815734527,0.37943872957933095,0.06149692851155212,0.020649713378294215,0.009427197748260452,1.0,0.20657729682548115
1292,0.97,0.06999999999999995,0.24437007392548213,0.056280003525737796,0.05293805468168691,0.49817979277196006,0.3798535004237814,0.08374946219120574,0.020918124253263524,0.009625754427162861,1.0,0.14372680549410732
1293,0.97,0.06999999999999995,0.2439836194331632,0.056685339766848954,0.05184624750223238,0.49830043539640667,0.37999476175089286,0.09077101352828891,0.021313181871833523,0.009685200333977092,1.0,0.16561176813020018
1294,0.97,0.06999999999999995,0.24245964448279048,0.05628574809384862,0.051001721312852036,0.49877675707110297,0.38055284835027164,0.09817727692308753,0.021848929875939675,0.009599646541474908,1.0,0.1818335957269106
1295,0.97,0.06999999999999995,0.2423562541641023,0.05630994620073133,0.0504728499110752,0.49880910492666375,0.3805907697431958,0.08939573357284183,0.022163102864698848,0.009550239868019793,1.0,0.22406213855000717
1296,0.97,0.06999999999999995,0.2414757066383172,0.05563276340852169,0.04992640291293515,0.4990847730406524,0.3809140425805913,0.08708336041144171,0.02230366575424333,0.009541380962860042,1.0,0.24093322943931328
1297,0.97,0.06999999999999995,0.24108293474551135,0.05565322877887702,0.049814204157963594,0.49920783424345394,0.3810584169575801,0.09480320587576188,0.022519392353627172,0.009481687943356144,1.0,0.21874144903207182
1298,0.97,0.06999999999999995,0.2414621125373924,0.05566961589234575,0.05001022947035829,0.4990890312585089,0.38091903764774127,0.08712288393739646,0.022724769306194232,0.00942131277540862,1.0,0.2626369603513288
1299,0.97,0.06999999999999995,0.24118207632935487,0.05570037144143958,0.050246607580391844,0.499176766003561,0.3810219643498182,0.08936625063402007,0.022803652159230657,0.00943538269452989,1.0,0.22120456575165903
1300,0.97,0.06999999999999995,0.24358237093260404,0.060206994616421164,0.05275836925338058,0.4984257582309517,0.38014154197401956,0.09608385099076841,0.022963916328455947,0.009400123218083672,1.0,0.47120668517398323
1301,0.97,0.06999999999999995,0.2431427976571718,0.06046563842702076,0.05526275146519555,0.4985631235039145,0.38030247194775985,0.10051233544152274,0.02330855757829575,0.009410490378234215,1.0,0.1858821835094035
1302,0.97,0.06999999999999995,0.2438483937085929,0.060281367290932225,0.05602795614469388,0.49834266370580393,0.3800442158429935,0.09114501858458678,0.023498998181813977,0.009415804131842337,1.0,0.26300845349983515
1303,0.98,0.07999999999999996,0.2441029091109842,0.060123125385315265,0.056296179333944193,0.47461487728309626,0.3437940142844625,0.0864194463988845,0.023671395912505704,0.009424288228883582,1.0,0.21927139531695616
1304,0.98,0.07999999999999996,0.2443986416424887,0.060032249446706584,0.05611231539564254,0.4745311185330075,0.3436962156503027,0.08326957933811896,0.02377242415912716,0.00931002481146389,1.0,0.2405760706753719
1305,0.98,0.07999999999999996,0.24555595936528513,0.05973044520681273,0.05646762290532006,0.4742036216207014,0.34331402546727574,0.08134803208226624,0.023695175185876077,0.00930735292298439,1.0,0.28722738455428115
1306,0.98,0.07999999999999996,0.2460033288878576,0.05942678789225078,0.056741318090535085,0.47407714643596327,0.34316651478506094,0.0841275289926231,0.02366311152108108,0.00925183385544669,1.0,0.22770843495272097
1307,0.98,0.07999999999999996,0.24852483731374367,0.06329790911417718,0.0584503960764695,0.4733655543035082,0.3423374654294749,0.0933941140342564,0.023831084290690516,0.00929672858825429,1.0,0.46754545154936095
1308,0.98,0.07999999999999996,0.24847032207430922,0.06326792232144617,0.05916052029935825,0.4733809163955874,0.34235534718271804,0.08988329665696049,0.023976443110658194,0.009170361731247639,1.0,0.2805813810064354
1309,0.98,0.07999999999999996,0.24928301847026318,0.06276662974874773,0.05801308562235291,0.47315200637326776,0.3420889650193235,0.09025853281675075,0.023937210317717606,0.009165413454627356,1.0,0.25064077206834046
1310,0.99,0.08999999999999997,0.25046909466269607,0.06503728410154397,0.05933078658828282,0.4514719055070596,0.30918379731935514,0.09079105751234653,0.02387346706337098,0.009005813992608027,1.0,0.43151539367784897
1311,0.99,0.08999999999999997,0.25077354673085006,0.0651639594165333,0.060535181035112774,0.45139388111957063,0.3090938028068742,0.09220723559226238,0.024005802111469944,0.008856419954509318,1.0,0.2929307552675181
1312,0.99,0.08999999999999997,0.2510104363789344,0.06517882041228654,0.059978422570224725,0.45133319015160533,0.30902381564107406,0.08657708299241203,0.024145132819109846,0.008841438576035237,1.0,0.2668249250863875
1313,0.99,0.08999999999999997,0.2502722896437317,0.06476058254273098,0.05960887614598972,0.4515223566721806,0.3092419997933031,0.0771452153108527,0.0241724868781995,0.008682549893618966,1.0,0.25054620496272284
1314,0.99,0.08999999999999997,0.24966709109590168,0.06484213838985599,0.059536912515632215,0.4516775706048616,0.30942111661522764,0.07193636477796991,0.02416301121997595,0.008727524254203612,1.0,0.21097720757706706
1315,0.99,0.08999999999999997,0.25011304148647934,0.06482295508270502,0.059119198719391704,0.4515631883519845,0.3092891113652101,0.07575949931086645,0.024178288121525924,0.008752874070204942,1.0,0.2693987046267883
1316,0.99,0.08999999999999997,0.25158237053164784,0.06807774121849583,0.060215478127996526,0.4511867282525623,0.3088549727984307,0.07889680781734576,0.024207963768242708,0.008574966488664456,1.0,0.4715117329633928
1317,0.99,0.08999999999999997,0.25193526616625794,0.06806158386305487,0.06220910404135438,0.45109640553189984,0.3087508851561843,0.057359143400570106,0.023962493754982023,0.008681215913888716,1.0,0.2662870250228352
1318,0.99,0.08999999999999997,0.2521051282519504,0.06801068881946151,0.06240555427168382,0.4510529426638648,0.3087008088245822,0.08119640387669286,0.023935428054331517,0.008904878176035217,1.0,0.24012792761293966
1319,0.99,0.08999999999999997,0.2523373934451124,0.0679280717547326,0.06134301265728412,0.45099352617253236,0.30863236197910004,0.0674251094018318,0.023843685385728102,0.008971984435203608,1.0,0.2396577137526123
1320,0.99,0.08999999999999997,0.25383158049352333,0.07101905211083166,0.06268176154742969,0.45061166741975983,0.3081927607086622,0.0654206133255384,0.023801526472815276,0.00893826675247278,1.0,0.4715117329633928
1321,0.99,0.08999999999999997,0.25631894633279784,0.07417358183576478,0.061437836342707074,0.44997742123660556,0.3074637295922629,0.06742302107427721,0.02372390181045966,0.008949432440719229,1.0,0.4715117329633928
1322,0.99,0.08999999999999997,0.25757482621939704,0.07670027486288479,0.06032503813938148,0.4496578659075872,0.30709694796590614,0.05469185504009072,0.02364623928440452,0.008952062020338136,1.0,0.4715117329633928
1323,0.99,0.08999999999999997,0.2580036600987492,0.07669697145753823,0.06136103837762606,0.4495488541804038,0.3069719067188207,0.03548394504710883,0.02375629394444158,0.008914132335617027,1.0,0.278640110109464
1324,0.99,0.08999999999999997,0.2570451361355456,0.07643891634289467,0.0608814230185304,0.44979258879273265,0.30725153799683513,0.03166558239396468,0.02386968683039066,0.00890991544420291,1.0,0.2302119251215985
1325,0.99,0.08999999999999997,0.25944532891282557,0.07927264823435959,0.06310807358806736,0.44918276194143447,0.3065522842178635,0.02515798863952972,0.024087395136435326,0.008738618813176884,1.0,0.4701734936316251
1326,0.99,0.08999999999999997,0.25985149685992254,0.07932559592399482,0.06426277224557808,0.44907972873330837,0.30643426910892474,0.03018150804083374,0.02422178428381928,0.008515500255894887,1.0,0.2902941727391837
1327,0.99,0.08999999999999997,0.25995098029468666,0.079401201180984,0.06365312019611476,0.44905449983318635,0.3064053773114939,0.02235805756649432,0.024452358606972566,0.008407127062190474,1.0,0.32518987530478743
1328,0.99,0.08999999999999997,0.2609344778359617,0.07950916748913699,0.0635056964416482,0.44880523828379615,0.30612004463854525,0.04230299433201267,0.024293934582326236,0.00846322888930265,1.0,0.31834003049340104
1329,0.99,0.08999999999999997,0.2621508783913357,0.08012960090724619,0.06393771571711722,0.44849733137615055,0.3057678762985929,0.059160220799619745,0.02422761366029054,0.008511905658222525,1.0,0.3630751284068757
1330,0.99,0.08999999999999997,0.2625127236057028,0.08012581084935323,0.06456310220592851,0.44840581917991007,0.3056632723631833,0.046755837142385875,0.024069495287037324,0.008627071833985905,1.0,0.27958478394823105
1331,0.99,0.08999999999999997,0.26337128089054007,0.08014519260314605,0.06389592744488819,0.4481888357381819,0.30541536268016983,0.06999918192062554,0.023913233791986947,0.008783242191782815,1.0,0.3076789089289123
1332,0.99,0.08999999999999997,0.26287790072515227,0.07997156309743056,0.06422110366339248,0.448313502184901,0.305557777761862,0.08171876997790851,0.02371652184713697,0.008860070058183428,1.0,0.26662959023008254
1333,0.99,0.08999999999999997,0.2621222543849348,0.07973932925737076,0.06383131258603861,0.44850457210359534,0.30577615411837017,0.09349217050176328,0.023701574151823848,0.008914402783157095,1.0,0.24925984581401717
1334,0.99,0.08999999999999997,0.2627655926548958,0.08094451094925478,0.06444896491363393,0.4483418896846788,0.3055902142499142,0.0999623282145739,0.02365996751773697,0.008942912376428833,1.0,0.445117367905966
1335,0.99,0.08999999999999997,0.262682694178188,0.08096580560985993,0.06643779881031758,0.4483628457878105,0.3056141611632755,0.09785952032638369,0.02362120531969617,0.008914026679742336,1.0,0.23778375157906795
1336,0.99,0.08999999999999997,0.2627517123805651,0.08096345827844328,0.0666708236464555,0.4483453983757051,0.30559422358827215,0.094772373735734,0.023425899791279164,0.00892715893201092,1.0,0.263414480042773
1337,0.99,0.08999999999999997,0.2648627080219702,0.08355075084229346,0.06809345555880675,0.44781240573099673,0.30498566558139806,0.09900087173106724,0.023228518475323815,0.008959682552749818,1.0,0.4701734936316251
1338,0.99,0.08999999999999997,0.2643774956493192,0.0833407722226123,0.07002539866060037,0.44793480190292095,0.3051253280227234,0.10103175489598112,0.023009857562617378,0.008851476566320576,1.0,0.27647114649210036
1339,0.99,0.08999999999999997,0.26362937618776816,0.08310684542660106,0.06934717367475163,0.44812364828252793,0.3053409158776704,0.10504204816837993,0.023064978837515657,0.008805652880583133,1.0,0.2526204176640484
1340,0.99,0.08999999999999997,0.2634604662564992,0.08317907360258722,0.06936716700937433,0.4481663079331456,0.30538963332846897,0.09838473152284717,0.023115829711353272,0.008803710011207952,1.0,0.2195463682651726
1341,0.99,0.08999999999999997,0.26400875945402935,0.08297462864459322,0.0687671333787215,0.44802786138692424,0.30523154979100087,0.09029782907953138,0.02313089830472209,0.008795168349760197,1.0,0.26017197187386126
1342,0.99,0.08999999999999997,0.26314319398299413,0.08299009390373083,0.06825512256254582,0.4482464597248326,0.30548118387721407,0.07533848223585139,0.023105180340716507,0.008768511448903216,1.0,0.21881503806064356
1343,0.99,0.08999999999999997,0.2627477789448462,0.08332005704132392,0.06859309174980673,0.4483463926895706,0.3055953597862949,0.07461982331620945,0.023116097138436546,0.008675505964053429,1.0,0.173784076734757
1344,0.99,0.08999999999999997,0.26328336063456537,0.08324713868031564,0.06874018567359151,0.4482110461993125,0.3054407313005078,0.07164968216402744,0.023111974325561276,0.008616220163988973,1.0,0.27845576130852784
1345,0.99,0.08999999999999997,0.26338763139874977,0.083318359246969,0.06905446819885731,0.4481847055069729,0.30541064534883755,0.07474713664021262,0.023072768309073295,0.008640465505501424,1.0,0.3254340548741289
1346,0.99,0.08999999999999997,0.26391811817251176,0.08371227106715178,0.06857104094548097,0.44805074282430707,0.30525767213368654,0.07949259041054996,0.023046349284319943,0.008397137292810273,1.0,0.3521913322676042
1347,0.99,0.08999999999999997,0.2642755013628807,0.0836195717160631,0.06921489004325077,0.4479605387563916,0.30515470210081697,0.07144336674931853,0.022591358204415903,0.008390440457536287,1.0,0.26026439845055904
1348,0.99,0.08999999999999997,0.2644033644564389,0.08361156750013413,0.0685528415180489,0.4479282747358695,0.3051178787753931,0.06270323432011161,0.021919901723589718,0.008420308135194633,1.0,0.2654982619073265
1349,0.99,0.08999999999999997,0.266096629166876,0.08645713139273245,0.07083506583155928,0.4475014468156454,0.30463107180538046,0.04681784500891941,0.021462547404898794,0.008511183135985539,1.0,0.4928150910469657
1350,0.99,0.08999999999999997,0.26644503157435273,0.08676291178055233,0.07215466604179879,0.44741372453078704,0.30453110010642065,0.04027340686648507,0.021221588735390505,0.00848538149369318,1.0,0.35970548285303927
1351,0.99,0.08999999999999997,0.2652027329213848,0.08684223849964086,0.07278987898956968,0.44772667335665656,0.30488786974392806,0.026954539921321116,0.021363450234134794,0.008579979749946407,1.0,0.19816618942835873
1352,0.99,0.08999999999999997,0.26600108189531274,0.086824387207817,0.07369524502791763,0.4475255101370499,0.3046584999141666,0.022668714424172374,0.02152583561038236,0.008593944846928304,1.0,0.30357774052257824
1353,0.99,0.08999999999999997,0.2671985212594851,0.08727551223336132,0.07294421807607226,0.447224125165768,0.30431511561752306,0.03587055574101543,0.02149487034747965,0.008691253034206287,1.0,0.35926709284479696
1354,0.99,0.08999999999999997,0.26568499224495357,0.08679824015061649,0.0743480795774356,0.4476051349040121,0.30474927283894865,0.06064463399803572,0.02116363010857395,0.008826589751274823,1.0,0.21821127552930913
1355,0.99,0.08999999999999997,0.26693823667240363,0.08913248999896345,0.07585492191613542,0.44728960197676404,0.30438969039926816,0.06377940290405058,0.02099280049541888,0.008811946029450882,1.0,0.4928150910469657
1356,0.99,0.08999999999999997,0.26810014612364047,0.08955697291129619,0.07648444810952748,0.44699746186861594,0.3040570711288595,0.0697084843919622,0.020744308024848085,0.008685287985204614,1.0,0.3582551694392613
1357,0.99,0.08999999999999997,0.2678150058637858,0.0894547545510481,0.07626592579581108,0.44706911964261126,0.30413863077085906,0.07778347678806605,0.0207130976781399,0.008610926030999968,1.0,0.285787026792002
1358,0.99,0.08999999999999997,0.2682260748732594,0.08932936327821223,0.07546829190757401,0.44696582239089955,0.3040210652222388,0.08865304158933679,0.020582683626248623,0.008621430317234603,1.0,0.2613061020196416
1359,0.99,0.08999999999999997,0.2673985540602256,0.08919533248388493,0.074964703586862,0.4471738182318823,0.3042578285518766,0.0749803624483206,0.020487226872197062,0.008730816431872932,1.0,0.24089379947673845
1360,0.99,0.08999999999999997,0.26814353747480313,0.08938603192513,0.07527940497063909,0.4469865593274014,0.30404466358718746,0.08734753174372878,0.020478239505488348,0.008801646230710959,1.0,0.32787667594448117
1361,0.99,0.08999999999999997,0.2684242443682479,0.08920780156596174,0.07568587086637894,0.44691604156430514,0.30396442130136786,0.08154901060772024,0.020370565630547136,0.008858579592420661,1.0,0.2256215843573922
1362,0.99,0.08999999999999997,0.26831520358085365,0.08922522518574091,0.07554440395078221,0.4469434315952788,0.30399558644162233,0.053886751278388455,0.020307809358420206,0.009032724346930135,1.0,0.24866178418232793
1363,0.99,0.08999999999999997,0.2688909088323024,0.08959092272464765,0.07615680335630508,0.4467988577120955,0.303831115267525,0.04512923622087235,0.020431779356033318,0.009027554662454645,1.0,0.3541818125356342
1364,0.99,0.08999999999999997,0.2685463587111955,0.0897224581846263,0.07732581342721412,0.4468853715625431,0.303929527169345,0.03909221653112676,0.020559827063674783,0.0089766850575031,1.0,0.21726378807353997
1365,0.99,0.08999999999999997,0.2682929766040888,0.08986511822972829,0.07731552415500859,0.4469490152169118,0.3040019399572784,0.04168047181209014,0.020499317487202295,0.008723414579175769,1.0,0.2051945620314577
1366,0.99,0.08999999999999997,0.2681472596683325,0.08995921538579277,0.07726457995625215,0.446985624111222,0.30404359929156516,0.051402692446530965,0.020584673801393685,0.00872103396857858,1.0,0.20287321517606816
1367,0.99,0.08999999999999997,0.2685540942693546,0.08985423721536272,0.07733386691422416,0.4468834288565195,0.30392731700605125,0.05373669979911776,0.02059794608938024,0.008735591988074784,1.0,0.26549319138618444
1368,0.99,0.08999999999999997,0.2693071764960492,0.0893311776911693,0.07670192061178716,0.4466943808161936,0.3037123040666634,0.06283008292900258,0.020548609158060085,0.008774552007869281,1.0,0.24435738658254424
1369,0.99,0.08999999999999997,0.26894453512418104,0.08947116302066241,0.07589480869415366,0.44678539558048175,0.30381580402440794,0.05027907641695986,0.020621685648473893,0.008799443654383463,1.0,0.21648351547117484
1370,0.99,0.08999999999999997,0.2700397182815671,0.08861310231525642,0.07586755223696372,0.4465106424930715,0.30350344732753687,0.05542761554591294,0.020678461406018343,0.008827263081984355,1.0,0.2544880174395129
1371,0.99,0.08999999999999997,0.2715404402602692,0.08844220249759621,0.07636933215402714,0.44613469854174315,0.30307646867210386,0.05556440886352186,0.02073250718403141,0.008705933760296663,1.0,0.33574479080125436
1372,0.99,0.08999999999999997,0.273062547701072,0.08880385866907188,0.07647711250072421,0.4457540434491145,0.3026446309496953,0.03993710063527241,0.020930016739327772,0.0086597928072365,1.0,0.3694638985837917
1373,0.99,0.08999999999999997,0.2737365391125022,0.08845788789264267,0.07714820885717713,0.4455856962339069,0.30245380542516936,0.04417831302860835,0.02087200911929965,0.008558938974471705,1.0,0.26160344218700615
1374,0.99,0.08999999999999997,0.27504896236805015,0.0876232552669578,0.07698463890330996,0.4452582483609541,0.3020829119399515,0.03643383221975255,0.021082844126971638,0.008581111611336683,1.0,0.28402470949083286
1375,0.99,0.08999999999999997,0.2768296305871609,0.08771447717608691,0.07765650497596482,0.4448147426712824,0.30158114340308395,0.048173852740905854,0.021171079973692792,0.008443227355883383,1.0,0.3694638985837917
1376,0.99,0.08999999999999997,0.27737950912737,0.08722956166992213,0.07883148355584088,0.44467796456240954,0.30142653164931127,0.04427316945778981,0.021271172298206572,0.008442099342786558,1.0,0.22746048279349484
1377,0.99,0.08999999999999997,0.2776995852228407,0.08680750560968356,0.07921209914557188,0.4445983867907194,0.30133660742775237,0.03996132920440894,0.021443552360824042,0.008415643798788517,1.0,0.1787997019370915
1378,0.99,0.08999999999999997,0.27910183352102164,0.08598761572223323,0.07979414815032725,0.44425009328742276,0.3009432824332867,0.03149329352077842,0.021763996876089067,0.008484023744921671,1.0,0.2979967596811512
1379,0.99,0.08999999999999997,0.27972959778378564,0.08577796794023462,0.07983165952835687,0.4440943445980502,0.3007675296277048,0.05499910683941389,0.02179574770049061,0.008669968098291778,1.0,0.2821225624127369
1380,0.99,0.08999999999999997,0.28017532293425357,0.08551525480536784,0.0800387583380547,0.44398382620177484,0.3006428661989254,0.06989611811302192,0.021761170966652404,0.008662193407554593,1.0,0.2517580803396462
1381,0.99,0.08999999999999997,0.28036562913282753,0.08535168387930236,0.0803125320712723,0.4439366561739855,0.30058967154757826,0.06910005888577397,0.021577762582112754,0.008562436330687607,1.0,0.21635448523724155
1382,0.99,0.08999999999999997,0.28080767862674616,0.0850774716780846,0.08042162979431175,0.4438271267537437,0.3004661818788988,0.07254496705324422,0.021509198524549092,0.00850881717290251,1.0,0.24982881028557813
1383,0.98,0.07999999999999996,0.28069401988566167,0.08521560780192272,0.08080837797441363,0.464471077732761,0.33210156606600194,0.08265291178038336,0.021539258346154482,0.008380684816368522,0.0,0.1715843363178302
1384,0.98,0.07999999999999996,0.28196905665087774,0.08409221307430942,0.08063448243721684,0.4641254235759287,0.3317084590405816,0.08611940918772443,0.02156755004561222,0.008219712624733368,1.0,0.2704974828102227
1385,0.98,0.07999999999999996,0.28149999813195375,0.08434876711139293,0.08070686376670182,0.4642525224491625,0.3318529663803358,0.08875818146013252,0.021655704827958335,0.008174275128116975,1.0,0.2122167590710946
1386,0.98,0.07999999999999996,0.28123468098177373,0.08462080716757955,0.08074511222847809,0.4643244451828862,0.3319347609346439,0.08884941275287195,0.02174784016482278,0.008143245344708644,1.0,0.1814759238253817
1387,0.98,0.07999999999999996,0.2808640748860251,0.0849033362804176,0.08034321924159711,0.46442494717933935,0.3320490825112917,0.07911763978041345,0.021771653771551543,0.00806068849675846,1.0,0.19790126679839393
1388,0.99,0.08999999999999997,0.28125671397792557,0.0845201174364547,0.08054341600742826,0.44371592172406643,0.3003408445011184,0.09170150072235407,0.021820060367160297,0.00815348921620329,1.0,0.21801303688905782
1389,0.99,0.08999999999999997,0.2814034535275976,0.08435408913228333,0.08011754874091213,0.44367959328895384,0.3002999083643697,0.09604516505005203,0.021878534540210704,0.008164766012081449,1.0,0.19313079239284192
1390,0.99,0.08999999999999997,0.28054583776083347,0.08514699152171681,0.0800616879659711,0.44389199820735076,0.30053931673262063,0.09520204296296693,0.021946472516754887,0.00807449714424383,1.0,0.1597383646305357
1391,0.99,0.08999999999999997,0.28164904080868913,0.08489578414210971,0.08101430155838663,0.4436188063441571,0.30023142149905163,0.098732600642057,0.022110015171989877,0.007885386275551269,1.0,0.3168976016110472
1392,0.99,0.08999999999999997,0.28230414554070743,0.08407778663758224,0.08188071933898278,0.44345673845125455,0.30004888531292706,0.1034120871806619,0.022312354437600934,0.00786172905536462,1.0,0.20923727869593634
1393,0.99,0.08999999999999997,0.28234699924405554,0.08401937045928698,0.08211423764841928,0.44344614089967394,0.3000369524350034,0.0948136581712632,0.02235208819752775,0.007873771132279772,1.0,0.1698971384650113
1394,0.99,0.08999999999999997,0.28248279972815343,0.08386763863397874,0.08194542919234443,0.4434125613218505,0.29999914422164803,0.12410331848233218,0.02281300636963655,0.008080923828853745,1.0,0.19541364413669615
1395,0.99,0.08999999999999997,0.28174890679726583,0.08469268631422168,0.0822269413922044,0.44359409261116767,0.30020358082846654,0.12629411966702858,0.023396522570268412,0.00807969582908906,1.0,0.15067284546125004
1396,0.99,0.08999999999999997,0.2809286900119282,0.0854775369578873,0.08208600124106365,0.4437971524138168,0.3004323941761482,0.12735788849115887,0.024000307499540366,0.008012462731713405,1.0,0.15891155090555242
1397,0.99,0.08999999999999997,0.2806805430561121,0.08569345708817505,0.08199630115243382,0.44385862240712226,0.300501687708623,0.11788187653058031,0.02432821495385609,0.008030601014766063,1.0,0.1939267534504594
1398,0.99,0.08999999999999997,0.2798370150983826,0.08628007604767593,0.08173579806427637,0.44406770523934946,0.30073747697122705,0.1009791912268248,0.02445238616655227,0.008178674940090629,1.0,0.1782841645783767
1399,0.99,0.08999999999999997,0.27927277431617986,0.08684431794496536,0.07934692490896998,0.44420767195118305,0.30089540443291585,0.100186100202598,0.02455156200474287,0.008118831411479299,1.0,0.16478048753138486
1400,0.99,0.08999999999999997,0.2763519230608759,0.08523684991776068,0.07660971854985511,0.44493363710919975,0.3017155913255691,0.10409768669247008,0.024641743553387767,0.008113610219955237,1.0,0.1791215596435921
1401,0.99,0.08999999999999997,0.276139708222848,0.0854878769461728,0.07597673460992124,0.4449864746795262,0.30177535638375,0.09786939080057647,0.024613033577900956,0.008081902937480063,1.0,0.1646606997066138
1402,0.99,0.08999999999999997,0.2752490449523034,0.08608195503360802,0.07562869792866751,0.44520837029281046,0.3020264480885686,0.12191304447321705,0.02503383491154006,0.008277035073711761,1.0,0.1739421264453741
1403,0.99,0.08999999999999997,0.2747099496861713,0.08659809063226497,0.07550016845779084,0.44534278546789635,0.3021786304495705,0.12326790124979703,0.025499446133481707,0.008258903656699786,1.0,0.16536186870374947
1404,0.99,0.08999999999999997,0.27398916611964985,0.08717722721723947,0.07506061827032176,0.4455226287032021,0.30238234175250256,0.1298987009803972,0.02610037834485909,0.008306471863515416,1.0,0.16849771402321967
1405,0.99,0.08999999999999997,0.2728091343409297,0.08778656465127992,0.07446675506888219,0.4458173730613953,0.30271644155150673,0.12560720946686213,0.026599053521262024,0.008321744536274793,1.0,0.16922420668226446
1406,0.99,0.08999999999999997,0.2721485175615383,0.08837009974658716,0.07212069883728672,0.44598255003213877,0.3029038030760868,0.12777665837447766,0.027114641366194625,0.008250056292496834,1.0,0.16164675701357734
1407,0.99,0.08999999999999997,0.26911659694985557,0.08680138399211328,0.07025951260319162,0.44674220733882175,0.30376668778479127,0.13490116774543615,0.027712611223028615,0.008286558231826759,1.0,0.16435339038108787
1408,0.99,0.08999999999999997,0.26795429845654334,0.08741608605653818,0.06995710098468429,0.4470341115538938,0.3040987829692647,0.14082173940845177,0.02844257363112347,0.00834257172175833,1.0,0.16435153167521976
1409,0.99,0.08999999999999997,0.26706421972785793,0.08803876804419743,0.06815754553888541,0.44725790746918015,0.3043535901184273,0.14318122810682213,0.029197012946842637,0.008361025903604536,1.0,0.16163289919980028
1410,0.99,0.08999999999999997,0.26422387633344885,0.08726578124726102,0.06690064863537558,0.4479735667489266,0.3051695721252777,0.13405961722757911,0.029730219246508816,0.008438858558143195,1.0,0.1474810542369417
1411,0.98,0.07999999999999996,0.26275358284382494,0.0880052045841828,0.06665290942073608,0.46938977806205895,0.33773325152633754,0.13418814614540933,0.03024337698526174,0.008383286601759153,0.0,0.14590140630512194
1412,0.98,0.07999999999999996,0.26151012317959177,0.08881364723908683,0.06652304808253798,0.46973455871222647,0.3381306724412213,0.13868038985289982,0.030850856181648966,0.008333391410101892,1.0,0.14247895866306937
1413,0.98,0.07999999999999996,0.2604680625886354,0.08954449847616926,0.06616236313120838,0.47002388670617595,0.33846444545616033,0.1272988456810758,0.03124977600038851,0.008395741850899278,1.0,0.14634014586709504
1414,0.98,0.07999999999999996,0.2599856097548934,0.0899389488863405,0.06573782051793607,0.4701579604160311,0.33861919882823616,0.14465670658118795,0.03194385171696592,0.008532456258648931,1.0,0.16273192420285743
1415,0.98,0.07999999999999996,0.2588309239598722,0.09054983612434316,0.06378518183855816,0.47047915857575806,0.3389901554385388,0.13422003559658519,0.032419698423026944,0.00860618719277139,1.0,0.15393012512466414
1416,0.98,0.07999999999999996,0.25575300907699333,0.08847558086881695,0.06181109508714693,0.4713374880381837,0.3399829547402751,0.14714449590600315,0.03311930706876981,0.008519185131080909,1.0,0.1637202446755084
1417,0.97,0.06999999999999995,0.2545957263353229,0.08908500306694724,0.06167980616199353,0.49500865603445526,0.3761534858982729,0.13591209056031484,0.03350774003645256,0.00839186336208662,0.0,0.15055875085579928
1418,0.97,0.06999999999999995,0.2538786483818533,0.08948627117485661,0.06185547452108296,0.4952297164093933,0.3764105991638874,0.14226098171539922,0.034065635526866755,0.008316889591179788,1.0,0.16842013226597974
1419,0.97,0.06999999999999995,0.2529936121767236,0.09005837236020844,0.05968791916568461,0.495502827233443,0.37672842005764884,0.14542093154192215,0.03463030572641778,0.008328560841182105,1.0,0.1511540932396354
1420,0.97,0.06999999999999995,0.25072323966282634,0.08734174205704305,0.060630549350876875,0.4962048145620465,0.3775461817572951,0.14873910735408183,0.03521997021857911,0.008341851427681304,1.0,0.2444744815736698
1421,0.97,0.06999999999999995,0.24780724227952636,0.08475106843755106,0.06128269568360689,0.49710934893788794,0.3786017126920514,0.1483941035115103,0.03578387684107078,0.008216738678271053,1.0,0.1799119946333979
1422,0.97,0.06999999999999995,0.2448389053599445,0.08201813449784892,0.059387365691427746,0.49803351227087456,0.3796822686519163,0.1547870816926383,0.03635691823855231,0.008087294922595762,1.0,0.17467804100520534
1423,0.97,0.06999999999999995,0.24382557062313967,0.08221999998943605,0.058924743574618785,0.49834979160826903,0.380052563860079,0.12778633900219352,0.03627008590053079,0.008321460377517992,1.0,0.17730663642898403
1424,0.97,0.06999999999999995,0.24311116228937743,0.08264446351286206,0.056688117071321674,0.49857301237804075,0.38031405907018834,0.1406436752089496,0.03627299836269821,0.0083855991901677,1.0,0.15877109174537096
1425,0.97,0.06999999999999995,0.2399341780254024,0.0799161442665882,0.054934750441208664,0.49956810515817,0.3814813036913008,0.14048543086687307,0.03613418879584032,0.008336454997650249,1.0,0.15247506723411652
1426,0.97,0.06999999999999995,0.238623815497508,0.08015359230863461,0.054650782260905875,0.4999796939848494,0.3819648290745817,0.13639990682190337,0.03598702188086499,0.008298698165030354,1.0,0.1592579199497436
1427,0.97,0.06999999999999995,0.2370685123093813,0.07996751374819565,0.0546866589450573,0.50046910049184,0.3825403310864257,0.10375421280191506,0.03539017954713772,0.00842698864234823,1.0,0.16965955649212028
1428,0.97,0.06999999999999995,0.2354824898942328,0.07991268734685279,0.05433500914303805,0.5009691610757939,0.38312898866912193,0.08306623817157814,0.03507605146560147,0.008465683068234392,1.0,0.15973778897855057
1429,0.97,0.06999999999999995,0.2334338843378719,0.07923853425202963,0.053507058352625134,0.5016165514510058,0.38389202220456,0.09271280215553655,0.034939274244229025,0.008437826303857872,1.0,0.15821457277078504
1430,0.97,0.06999999999999995,0.23212571936152948,0.07954506643622658,0.053318696347333314,0.5020308274789071,0.38438085973058556,0.08160528474725535,0.03467526624915126,0.008315242189009805,1.0,0.14876828631399297
1431,0.97,0.06999999999999995,0.23114313022157806,0.07921189789170308,0.05351670028592877,0.5023424488729679,0.3847488549940506,0.0867344538112353,0.03461517271031078,0.008248672300188564,1.0,0.20941999493377217
1432,0.97,0.06999999999999995,0.2301154056652889,0.07941126943620122,0.053801479234580715,0.5026687988472639,0.3851345088543413,0.10332507114217034,0.034624677012230286,0.008297331055815638,1.0,0.1638571346011642
1433,0.97,0.06999999999999995,0.22979844650364892,0.07939747823435159,0.05236561330485254,0.5027695335787358,0.38525360388286084,0.09219004380901141,0.034624022440478505,0.008344450950970672,1.0,0.2175639296500227
1434,0.97,0.06999999999999995,0.22697730939540756,0.07666155356625201,0.05082244821638084,0.5036679185480405,0.3863168792846618,0.07679403482791998,0.03464141587344885,0.008478725709484825,1.0,0.16300365708182263
1435,0.97,0.06999999999999995,0.2262884758857967,0.07687054562699608,0.050623115035294555,0.5038877639613932,0.38657738999248326,0.0896784746309873,0.034634454163981476,0.008577688267186011,1.0,0.1689004006179849
1436,0.97,0.06999999999999995,0.22563722576141465,0.07682911362932845,0.04883149941304941,0.5040957909799135,0.38682401032050845,0.09314699196529748,0.034632958365877306,0.008570011694852445,1.0,0.19828946760456706
1437,0.97,0.06999999999999995,0.2228303493847622,0.07286922188699503,0.04696383541808639,0.5049943527141639,0.38789055017067653,0.08466000358450401,0.03462824646330116,0.008635224878851228,1.0,0.18948585596638046
1438,0.97,0.06999999999999995,0.22315327397983484,0.07317712151282543,0.047927744723186706,0.5048908122387666,0.38776754794705637,0.07778901183276124,0.03463559068939507,0.008664120823087026,1.0,0.30876360599936437
1439,0.96,0.05999999999999994,0.2228343209354475,0.07311747544832034,0.048482941120915696,0.5318511963683475,0.42868368305545956,0.07549986982844728,0.03463533307206264,0.0086199978469131,0.0,0.22072511322531796
1440,0.96,0.05999999999999994,0.2238460198566338,0.07376206555949136,0.04908259307596418,0.5314915606304533,0.428258089007197,0.060149605266373404,0.034752534865804895,0.008693365141041971,1.0,0.32071626038380585
1441,0.96,0.05999999999999994,0.22385763259025404,0.0737678748068147,0.04926467470560768,0.5314874353936767,0.42825320875354145,0.06078668922226999,0.03487139403400786,0.008548695818943148,1.0,0.2613332452358812
1442,0.96,0.05999999999999994,0.22576631434964625,0.07604678479016419,0.050308301043366255,0.5308102760289967,0.4274525935440531,0.07676828849645213,0.0348659118679914,0.008702866933635475,1.0,0.40968321399986535
1443,0.96,0.05999999999999994,0.22589789800991444,0.07596806936100362,0.05150091808038156,0.5307636565405132,0.42739750977637947,0.07794714329947686,0.0348533478721126,0.008684773132128834,1.0,0.1869424427615778
1444,0.96,0.05999999999999994,0.2257897951141015,0.0759008641938275,0.051841571973311365,0.5308019563013319,0.4274427629471648,0.07911068803338143,0.03482310768786364,0.008665238690287616,1.0,0.26764547172722974
1445,0.96,0.05999999999999994,0.22512610778651101,0.07531456384021441,0.051657964621984825,0.5310372151891448,0.42772080058859285,0.05260755341824365,0.034986434380702675,0.008885013244275496,1.0,0.2590653221150816
1446,0.96,0.05999999999999994,0.22435968428666273,0.07440205018318358,0.05089591135279947,0.5313091508151557,0.4280423277242673,0.05617143899853534,0.0351285781102199,0.008839706799013481,1.0,0.27554898228277613
1447,0.95,0.04999999999999993,0.22367234759221766,0.07438466614689945,0.051691713270172766,0.5613943630762136,0.4733790618583661,0.03198240092766501,0.03554370020207956,0.008995756350949473,0.0,0.19153072900605284
1448,0.95,0.04999999999999993,0.22387595583896328,0.07452660555430048,0.050348395375588884,0.5613136778392667,0.4732844819352342,0.04399991550842641,0.03572867217736958,0.008956686909227952,1.0,0.28585908658188675
1449,0.95,0.04999999999999993,0.22109338062689127,0.06945543858725155,0.04972407121951003,0.5624183593062791,0.4745803213512401,0.04063611255326508,0.0358060033799483,0.008924559281073679,1.0,0.21455756983976548
1450,0.95,0.04999999999999993,0.21971711216831288,0.06804440015859486,0.04816833156022476,0.5629663461368456,0.4752238730115474,0.03965062765703424,0.03581443364159754,0.008799979664417788,1.0,0.2220786369952037
1451,0.95,0.04999999999999993,0.21943859279279995,0.06818889076118323,0.04762644099480981,0.5630773737400483,0.47535432280405066,0.036585864523154744,0.035661597477836385,0.008787645701152444,1.0,0.17031425187706395
1452,0.95,0.04999999999999993,0.21878376845560335,0.06769034492671475,0.04774857940494759,0.5633385823131103,0.47566130441795956,0.0362524394324209,0.03543562453655571,0.00865766169886851,1.0,0.23809530680292224
1453,0.95,0.04999999999999993,0.217133176182262,0.0662415462318476,0.04676708065723826,0.5639980780159872,0.4764368641833928,0.02407857918633629,0.03563020139194514,0.008530386769465121,1.0,0.19420786551065772
1454,0.95,0.04999999999999993,0.21704286540748083,0.06624617095938054,0.04414454042514613,0.5640342063284968,0.476479371267218,0.016873426966021746,0.036234042855837284,0.008571501752437845,1.0,0.2091801980511928
1455,0.95,0.04999999999999993,0.21477584151277604,0.060390322513754535,0.04336042509098032,0.5649426352113183,0.4775488947579067,0.042240970834433206,0.036441451184542666,0.008767849857291378,1.0,0.26611270157648304
1456,0.95,0.04999999999999993,0.21540649414155028,0.06218791550661834,0.044196178506060585,0.5646896300295428,0.47725088733491305,0.035823729319062275,0.03676507794402973,0.008751104898900137,1.0,0.4213204323166878
1457,0.95,0.04999999999999993,0.2146217645991574,0.061788685968498305,0.04611057683930915,0.5650044822424287,0.4776217585551927,0.04187787852683722,0.03703311686601843,0.008702464337349674,1.0,0.20731407255271983
1458,0.95,0.04999999999999993,0.2137504046399523,0.061738574154942445,0.04623917950507369,0.565354504281855,0.4780342481498308,0.05432875367543095,0.03717681721335043,0.008690122882880761,1.0,0.1741701060991272
1459,0.95,0.04999999999999993,0.21311953894826424,0.061780296423231434,0.04539730321962984,0.5656081914489967,0.47833333605687717,0.06015375418384246,0.03725335948061614,0.008624040369880796,1.0,0.17780723030792966
1460,0.95,0.04999999999999993,0.21158511208296754,0.06080891606375469,0.04439849664696343,0.5662261749318686,0.47906235896260374,0.0703936531355401,0.03728861200865912,0.008668902772059471,1.0,0.17443398941481614
1461,0.95,0.04999999999999993,0.2112803878252118,0.060814164436513565,0.04437501148880245,0.5663490620039716,0.47920740132888845,0.07761832914477929,0.03729591882491864,0.008462462536502981,1.0,0.19514915858181586
1462,0.95,0.04999999999999993,0.21042246419110044,0.06088586939942898,0.04363521057422992,0.5666953261223516,0.4796162271335716,0.056627358003263975,0.03727294619086629,0.00858603279997772,1.0,0.16286942077118988
1463,0.95,0.04999999999999993,0.20850121685696707,0.05933062028640434,0.042260405697328904,0.5674722931921252,0.48053429294631034,0.051404794657086084,0.0372084255505567,0.00857780596822451,1.0,0.16205707912229728
1464,0.95,0.04999999999999993,0.20871953208384814,0.05940258412987125,0.042916658279119446,0.5673838975738671,0.48042979430848165,0.06018279746579561,0.0369977963339145,0.008640328670524977,1.0,0.23909531076164298
1465,0.95,0.04999999999999993,0.20869551518132376,0.059404489926097426,0.04325990163393997,0.5673936206456528,0.4804412879999133,0.05493101529734068,0.03685944472405103,0.00859517272642411,1.0,0.20279287177902117
1466,0.95,0.04999999999999993,0.20923125666161954,0.0595908533465495,0.04316934118158148,0.5671768086891904,0.4801850305525069,0.0503363710425859,0.036869873757330376,0.008618007442607625,1.0,0.25644736320564754
1467,0.95,0.04999999999999993,0.20836923566471005,0.05939391218099281,0.043735204481649866,0.5675257456055771,0.48059748903700106,0.03764992474116329,0.03704896167933968,0.008654301009996895,1.0,0.17929109169523816
1468,0.95,0.04999999999999993,0.2077172855268015,0.05935310188612853,0.04345495041894462,0.5677899333577509,0.48090990404090195,0.0400437327859633,0.03726487074029306,0.008551703045681312,1.0,0.17916237279168745
1469,0.95,0.04999999999999993,0.2073821420793471,0.05939726093316485,0.043109519065062975,0.5679258382500385,0.48107066315716324,0.047764745516415505,0.03729016144165461,0.008577687627514638,1.0,0.1829691707257422
1470,0.95,0.04999999999999993,0.2062764778413382,0.05953901989539939,0.04268316354713755,0.5683746607706216,0.48160178297307277,0.05066286929617046,0.03733286020819929,0.008605579854405,1.0,0.14392159363861834
1471,0.95,0.04999999999999993,0.20440375000080727,0.05837106225448377,0.04238853026761232,0.5691364780846869,0.4825040518988936,0.04618839578228613,0.037421997282815235,0.008492924958300303,1.0,0.1484720067481594
1472,0.95,0.04999999999999993,0.2018874079533896,0.056598154359596274,0.041608549020232005,0.570163336166324,0.4837217469325486,0.04824562556380828,0.03732793212838834,0.008470864527877939,1.0,0.11782969384202602
1473,0.95,0.04999999999999993,0.20076614086751782,0.056514622686972577,0.0417017386409792,0.5706220924063773,0.48426632637201894,0.046871408884427784,0.03729838661069353,0.008406518425560009,1.0,0.1494767335998261
1474,0.95,0.04999999999999993,0.1993728800930771,0.05616117132705571,0.04088698018098029,0.5711931619957373,0.48494471912316833,0.05467457859253428,0.03709728054302844,0.008366752255731252,1.0,0.1446986320467607
1475,0.95,0.04999999999999993,0.1971607997452902,0.05372153956460673,0.03948853387762718,0.5721022010830666,0.4860257165592122,0.051922461268904326,0.037060251204886326,0.008355150579372807,1.0,0.14825586380509992
1476,0.95,0.04999999999999993,0.19603713111940674,0.05424860084517693,0.03933198299624886,0.5725650739976555,0.48657667783538666,0.04516063176721998,0.03705019677191983,0.008379897945517287,1.0,0.11509362020515013
1477,0.95,0.04999999999999993,0.1953999884918004,0.05481847514814257,0.038128054948618886,0.572827865121957,0.48688963922896367,0.05761726395039955,0.03686865818271407,0.008420186799048088,1.0,0.1150854391764578
1478,0.95,0.04999999999999993,0.19365357947287934,0.05430154570736007,0.03805124910361052,0.5735494143792864,0.48774953466738824,0.0728439649535649,0.03647493337287923,0.008336559401922126,1.0,0.1233558577890439
1479,0.95,0.04999999999999993,0.19219200161183306,0.05386588927184176,0.03787189997680222,0.5741546810339712,0.48847152328860455,0.0770577474588871,0.03634543758333165,0.00822864800022227,1.0,0.1359647763081135
1480,0.95,0.04999999999999993,0.1910052666935003,0.05384776107481214,0.037543380711139045,0.5746470706324853,0.48905931951508336,0.08317187438609835,0.03630506863294896,0.008282365855777454,1.0,0.13308458850636323
1481,0.95,0.04999999999999993,0.1903348801664514,0.05394521494139573,0.03736920817555982,0.5749255949763946,0.4893919912917597,0.08806014936626971,0.03625719504760895,0.00829694531853201,1.0,0.14931583253235609
1482,0.94,0.039999999999999925,0.18927243274291217,0.05380909335587744,0.03663675656579165,0.6104933697901513,0.5414454985224612,0.09346524141099184,0.036228707553498975,0.008249441756083355,0.0,0.143584067931657
1483,0.95,0.04999999999999993,0.1893045161908401,0.053799492961883966,0.03595287239090854,0.575354205315488,0.48990418112415146,0.09139961892329895,0.03622614241505376,0.008235291504369736,1.0,0.17479268111062124
1484,0.95,0.04999999999999993,0.18806866783026346,0.053337658829813867,0.0356457947203927,0.5758691366530088,0.49051993233460467,0.10118925059204445,0.03624879260375738,0.008307522407363044,1.0,0.14691264675256133
1485,0.95,0.04999999999999993,0.18795644970502817,0.0532985256854916,0.03588156708957744,0.575915939357839,0.4905759207503759,0.11107914970060939,0.03631968431307268,0.008406498849947139,1.0,0.20099494654756356
1486,0.95,0.04999999999999993,0.18801325851547707,0.053294615442537094,0.035855433743156015,0.5758922452115096,0.49054757582357866,0.10740641819391689,0.03636833764401483,0.008345296410898997,1.0,0.18715680487027175
1487,0.95,0.04999999999999993,0.18766945042126776,0.05334059502067917,0.03589103553509693,0.5760356724868763,0.49071916999726317,0.11472761724176941,0.036447099832503334,0.008292138209948612,1.0,0.16352045737745852
1488,0.95,0.04999999999999993,0.18727093505880188,0.05326121423098294,0.035787589058014053,0.5762020115529476,0.49091821877925385,0.09532117631609817,0.03645151425738528,0.008444287468513998,1.0,0.17816150064247105
1489,0.95,0.04999999999999993,0.18700244600187793,0.05329865736784664,0.0355702879083142,0.5763141322194371,0.4910524136363017,0.10288319108421143,0.0364709169803529,0.008512155071352667,1.0,0.16628188670045052
1490,0.95,0.04999999999999993,0.1874785617539236,0.053265627704256586,0.03439764968764896,0.5761153368344385,0.4908144941232899,0.11698121692545166,0.03657128268467986,0.008618897174000648,1.0,0.20734993983510322
1491,0.95,0.04999999999999993,0.18611941977683208,0.05165567558162805,0.033576500324195395,0.5766831907139326,0.4914942812828227,0.12786663814587246,0.036760263096631905,0.00868158338290788,1.0,0.1809834039018952
1492,0.95,0.04999999999999993,0.1856048562939241,0.051679109802754176,0.03341349358950684,0.5768984692261814,0.4917521365277441,0.13859328460096124,0.03705732616498498,0.008703080528823941,1.0,0.157780930405137
1493,0.95,0.04999999999999993,0.18570924536691383,0.05165781424505532,0.03338358055604379,0.5768547828554297,0.4916998037708321,0.1492713308284386,0.0375211048514793,0.008515084426969481,1.0,0.18033604576397946
1494,0.95,0.04999999999999993,0.1859914216891743,0.0517869597475412,0.033368978858299536,0.5767367264063009,0.4915583977157814,0.169863341953156,0.038200318018305264,0.008700955234444441,1.0,0.2236312763627444
1495,0.95,0.04999999999999993,0.18688078015763762,0.05193623340430094,0.03344714765123424,0.5763649540788951,0.49111324820825913,0.15362261698880997,0.03854789483829121,0.008854257821719346,1.0,0.2396086923075817
1496,0.95,0.04999999999999993,0.18799490725682141,0.05251605876149125,0.03340371700448118,0.5758998990471387,0.490556731881114,0.13450323227679192,0.03862123952810099,0.008951665627289444,1.0,0.27032426082393646
1497,0.95,0.04999999999999993,0.18832411505957936,0.052655212922426614,0.03368486991585092,0.5757626258860054,0.49039253099752733,0.12774698071450344,0.0387013739534011,0.008849176397577655,1.0,0.22684753372624897
1498,0.95,0.04999999999999993,0.18910196707988644,0.05307402923425917,0.03384363916671804,0.5754385367752254,0.4900049935989033,0.10926529185556302,0.03873052753093098,0.009027849102978802,1.0,0.25606936660908564
1499,0.95,0.04999999999999993,0.19230596983392015,0.06064073000373237,0.036013036380995476,0.5741074387485476,0.4884151485641707,0.10868009240403191,0.038758695690800524,0.00899424923390465,1.0,0.4851807629347583
