t,cov_w,gap_w,width_mean_w,width_std_w,width_step_mean_w,ces_w,rcs_w,control_state,control_std_w,control_step_mean_w,covered_t,width_t
1,nan,nan,nan,nan,nan,nan,nan,0.3,nan,nan,1.0,0.258089892633403
2,nan,nan,nan,0.0014536438153526232,0.0029072876307052464,nan,nan,0.3,0.0,0.0,1.0,0.26099718026410823
3,nan,nan,nan,0.0015000885241731187,0.0031534706158561354,nan,nan,0.3,0.0,0.0,1.0,0.2575975266631012
4,nan,nan,nan,0.00184115806042194,0.0026742025618819256,nan,nan,0.3,0.0,0.0,1.0,0.2558818602091677
5,nan,nan,nan,0.003938545007677016,0.0036768027354355803,nan,nan,0.3,0.0,0.0,1.0,0.24919725695307116
6,nan,nan,nan,0.0036434948417130445,0.004055833110636309,nan,nan,0.3,0.0,0.0,1.0,0.2547692115645104
7,nan,nan,nan,0.00438237814492364,0.004492398553709975,nan,nan,0.3,0.0,0.0,1.0,0.24809398579543207
8,nan,nan,nan,0.004467220625516972,0.004062755235037185,nan,nan,0.3,0.0,0.0,1.0,0.24957888111843252
9,nan,nan,nan,0.004213611845915436,0.004092012737011735,nan,nan,0.3,0.0,0.0,1.0,0.2538756963692661
10,nan,nan,nan,0.0044010274974645314,0.004279756941103102,nan,nan,0.3,5.551115123125783e-17,0.0,1.0,0.24809398579543207
11,nan,nan,nan,0.004486611947495594,0.0038517812469927915,nan,nan,0.3,5.551115123125783e-17,0.0,1.0,0.24809398579543207
12,nan,nan,nan,0.004514236657485664,0.003501619315447992,nan,nan,0.3,5.551115123125783e-17,0.0,1.0,0.24809398579543207
13,nan,nan,nan,0.004507237893794285,0.003209817705827326,nan,nan,0.3,5.551115123125783e-17,0.0,1.0,0.24809398579543207
14,nan,nan,nan,0.004842826634378963,0.003929577945914941,nan,nan,0.3,5.551115123125783e-17,0.0,1.0,0.2606606866223984
15,nan,nan,nan,0.005214067501613616,0.0037562500139385175,nan,nan,0.3,5.551115123125783e-17,0.0,0.0,0.2621636735206434
16,nan,nan,nan,0.005092084915206577,0.004263036335206157,nan,nan,0.3,0.0,0.0,1.0,0.2508056286876903
17,nan,nan,nan,0.004957535447872719,0.004268032570541758,nan,nan,0.3,0.0,0.0,1.0,0.25514860478826606
18,nan,nan,nan,0.004856608792678581,0.0042720974102385826,nan,nan,0.3,0.0,0.0,1.0,0.2508114699428783
19,nan,nan,nan,0.005342266286498951,0.004794236192896244,nan,nan,0.3,0.0,0.0,1.0,0.26448206544095476
20,nan,nan,nan,0.005875175772632226,0.00464328778434675,nan,nan,0.3,5.551115123125783e-17,0.0,1.0,0.26640828187141063
21,nan,nan,nan,0.007525648824131372,0.0049625394516811805,nan,nan,0.3,5.551115123125783e-17,0.0,1.0,0.277436603002446
22,nan,nan,nan,0.00771359069328657,0.00523118351696654,nan,nan,0.3,5.551115123125783e-17,0.0,1.0,0.26683253817977226
23,nan,nan,nan,0.007585647548593201,0.005656009277572755,nan,nan,0.3,5.551115123125783e-17,0.0,1.0,0.252255187929469
24,nan,nan,nan,0.007566187250887954,0.005563802938728746,nan,nan,0.3,0.0,0.0,1.0,0.24871992444530844
25,nan,nan,nan,0.007506449263556747,0.005371102305112276,nan,nan,0.3,0.0,0.0,1.0,0.2496589121772419
26,nan,nan,nan,0.007439543959468562,0.0051625286215381564,nan,nan,0.3,5.551115123125783e-17,0.0,1.0,0.24981567239300118
27,nan,nan,nan,0.007371408369653114,0.004963969828402073,nan,nan,0.3,0.0,0.0,0.0,0.24981567239300118
28,nan,nan,nan,0.007299427040924363,0.004785069370144384,nan,nan,0.3,0.0,0.0,1.0,0.24994932984844564
29,nan,nan,nan,0.007358553947453941,0.004761489375030625,nan,nan,0.3,5.551115123125783e-17,0.0,1.0,0.2458245003414865
30,nan,nan,nan,0.007401551331814506,0.004597300086236466,nan,nan,0.3,5.551115123125783e-17,0.0,1.0,0.2458245003414865
31,nan,nan,nan,0.007806456034852359,0.0052555331028325105,nan,nan,0.3,1.1102230246251565e-16,0.0,1.0,0.2701687909256043
32,nan,nan,nan,0.007794216506546473,0.005826076467840226,nan,nan,0.3,0.0,0.0,0.0,0.2472264135075326
33,nan,nan,nan,0.0076890686380684595,0.005955875639888461,nan,nan,0.3,0.0,0.0,0.0,0.25720606348091635
34,nan,nan,nan,0.007583515905570675,0.005918352665597609,nan,nan,0.3,5.551115123125783e-17,0.0,0.0,0.252488445992626
35,nan,nan,nan,0.007774998306893966,0.006182434191763238,nan,nan,0.3,5.551115123125783e-17,0.0,0.0,0.26738557054785494
36,nan,nan,nan,0.00798262313615343,0.006035948385871455,nan,nan,0.3,5.551115123125783e-17,0.0,1.0,0.2684410015334058
37,nan,nan,nan,0.007889841471297796,0.006148367299765028,nan,nan,0.3,1.1102230246251565e-16,0.0,1.0,0.2583579722473657
38,nan,nan,nan,0.007800105468838241,0.005982195210582189,nan,nan,0.3,1.1102230246251565e-16,0.0,1.0,0.2583579722473657
39,nan,nan,nan,0.007714918436066716,0.005829253172369077,nan,nan,0.3,1.1102230246251565e-16,0.0,1.0,0.2585283700058496
40,nan,nan,nan,0.007642361630009362,0.0057030165431024744,nan,nan,0.3,0.0,0.0,1.0,0.25943439463682116
41,nan,nan,nan,0.007561937786701512,0.005583091745299201,nan,nan,0.3,5.551115123125783e-17,0.0,1.0,0.2585283700058496
42,nan,nan,nan,0.007482455383557531,0.005451074818791511,nan,nan,0.3,5.551115123125783e-17,0.0,1.0,0.2583579722473657
43,nan,nan,nan,0.007744185908395679,0.005622477263739999,nan,nan,0.3,5.551115123125783e-17,0.0,1.0,0.27100794975399367
44,nan,nan,nan,0.00785052888290029,0.005567037749908043,nan,nan,0.3,5.551115123125783e-17,0.0,1.0,0.2677693715850278
45,nan,nan,nan,0.008143252088007731,0.0055607419508116466,nan,nan,0.3,1.1102230246251565e-16,0.0,1.0,0.2730593941746944
46,nan,nan,nan,0.008102554755541969,0.005665161573039256,nan,nan,0.3,1.1102230246251565e-16,0.0,1.0,0.26279976922364034
47,nan,nan,nan,0.008084833819126159,0.005571892933568291,nan,nan,0.3,1.1102230246251565e-16,0.0,1.0,0.26417457338101524
48,nan,nan,nan,0.008185356287787942,0.005559212637063755,nan,nan,0.3,0.0,0.0,1.0,0.26915049237887034
49,nan,nan,nan,0.008549488997649094,0.005598596423369397,nan,nan,0.3,5.551115123125783e-17,0.0,1.0,0.2766001267586049
50,nan,nan,nan,0.008467501843867414,0.005908198210499607,nan,nan,0.3,5.551115123125783e-17,0.0,1.0,0.2558310427658552
51,nan,nan,nan,0.008389142556767079,0.005795927937854808,nan,nan,0.3,5.551115123125783e-17,0.0,0.0,0.25553635818759557
52,nan,nan,nan,0.009148916430368742,0.006269699849563214,nan,nan,0.3,5.551115123125783e-17,0.0,1.0,0.2854946536225791
53,nan,nan,nan,0.009062631776123065,0.0066627147606923695,nan,nan,0.3,1.1102230246251565e-16,0.0,1.0,0.2587881783942998
54,nan,nan,nan,0.008985911517085773,0.006600771848431637,nan,nan,0.3,5.551115123125783e-17,0.0,1.0,0.2554084379834263
55,nan,nan,nan,0.00891201621595851,0.006481647552798396,nan,nan,0.3,5.551115123125783e-17,0.0,1.0,0.25524037809918965
56,nan,nan,nan,0.008839522764771386,0.006365001912090109,nan,nan,0.3,0.0,0.0,1.0,0.2553065154130323
57,nan,nan,nan,0.008771076369523692,0.006258657581884676,nan,nan,0.3,5.551115123125783e-17,0.0,1.0,0.2548967959924464
58,nan,nan,nan,0.00871846334140857,0.006288159154977331,nan,nan,0.3,5.551115123125783e-17,0.0,0.0,0.2628370432406124
59,nan,nan,nan,0.008644304417355477,0.006259103836664645,nan,nan,0.3,5.551115123125783e-17,0.0,0.0,0.25823409254777085
60,nan,nan,nan,0.008572375304780566,0.006167592723890974,nan,nan,0.3,5.551115123125783e-17,0.0,1.0,0.2573741443647528
61,nan,nan,nan,0.008811216279577112,0.006379297028580836,nan,nan,0.3,5.551115123125783e-17,0.0,1.0,0.2762439953700355
62,nan,nan,nan,0.008746438024091432,0.0066127171865384415,nan,nan,0.3,1.1102230246251565e-16,0.0,1.0,0.25562606870604077
63,nan,nan,nan,0.009902613459483955,0.0071646262810072065,nan,nan,0.3,1.1102230246251565e-16,0.0,1.0,0.29645714974964266
64,nan,nan,nan,0.01074609443030277,0.007090240226103999,nan,nan,0.3,0.0,0.0,1.0,0.29397884492753756
65,nan,nan,nan,0.01146382867165428,0.006984946322294985,nan,nan,0.3,0.0,0.0,1.0,0.29362741454521046
66,nan,nan,nan,0.013320722316989417,0.007232110408219993,nan,nan,0.3,0.0,0.0,1.0,0.316678026452631
67,nan,nan,nan,0.013597100875774462,0.007572089460850142,nan,nan,0.3,5.551115123125783e-17,0.0,1.0,0.2870072985708212
68,nan,nan,nan,0.01444151797629396,0.0077109801732063105,nan,nan,0.3,5.551115123125783e-17,0.0,1.0,0.30388506575953467
69,nan,nan,nan,0.01470613712259573,0.007812833283490538,nan,nan,0.3,5.551115123125783e-17,0.0,1.0,0.28924807408700093
70,nan,nan,nan,0.014942014969878712,0.00770337329697144,nan,nan,0.3,5.551115123125783e-17,0.0,1.0,0.28898797987332814
71,nan,nan,nan,0.01513183022722316,0.007609423384797499,nan,nan,0.3,5.551115123125783e-17,0.0,1.0,0.2878611004285325
72,nan,nan,nan,0.015315016782506363,0.007507782572888919,nan,nan,0.3,0.0,0.0,1.0,0.2882540261678208
73,nan,nan,nan,0.015499600485802682,0.007413662625148819,nan,nan,0.3,0.0,0.0,1.0,0.2889851725034225
74,nan,nan,nan,0.015673149891905252,0.007314395039062236,nan,nan,0.3,0.0,0.0,1.0,0.28915230134425074
75,nan,nan,nan,0.015833054398941476,0.007215551862858691,nan,nan,0.3,0.0,0.0,1.0,0.28915230134425074
76,nan,nan,nan,0.01636233387058726,0.0073163367251421006,nan,nan,0.3,0.0,0.0,1.0,0.3039267178783651
77,nan,nan,nan,0.01651473183895676,0.007395394742828258,nan,nan,0.3,5.551115123125783e-17,0.0,1.0,0.2906019718090751
78,nan,nan,nan,0.016631422429058115,0.0073159124925547235,nan,nan,0.3,5.551115123125783e-17,0.0,1.0,0.28932671033730895
79,nan,nan,nan,0.016778782781771428,0.00724968238061744,nan,nan,0.3,5.551115123125783e-17,0.0,1.0,0.29147667409875555
80,nan,nan,nan,0.017067589768399886,0.007248840726735557,nan,nan,0.3,5.551115123125783e-17,0.0,1.0,0.2986598658227042
81,nan,nan,nan,0.017139123354895557,0.00728504028395314,nan,nan,0.3,0.0,0.0,0.0,0.288515060518562
82,nan,nan,nan,0.017229764839128178,0.007214749560684815,nan,nan,0.3,0.0,0.0,1.0,0.2901065522177808
83,nan,nan,nan,0.017359841595514573,0.007160374560738957,nan,nan,0.3,0.0,0.0,1.0,0.2928625517829053
84,nan,nan,nan,0.017607723497265974,0.007152949311853845,nan,nan,0.3,0.0,0.0,1.0,0.29940663068618
85,nan,nan,nan,0.0177458030800397,0.007125040913186688,nan,nan,0.3,0.0,0.0,1.0,0.2945979868623674
86,nan,nan,nan,0.0179030556550458,0.007060401919475454,nan,nan,0.3,0.0,0.0,1.0,0.29622871331009915
87,nan,nan,nan,0.018029060269253452,0.006992063364255105,nan,nan,0.3,0.0,0.0,1.0,0.2950454271395737
88,nan,nan,nan,0.018145420811781447,0.00691229061261439,nan,nan,0.3,5.551115123125783e-17,0.0,1.0,0.29499359316806073
89,nan,nan,nan,0.018248217819761443,0.006837627755922628,nan,nan,0.299833262522593,1.7574563860289428e-05,1.8947440614429e-06,1.0,0.2946516339443215
90,nan,nan,nan,0.01836198763856465,0.006773902089747009,nan,nan,0.29999549808811,1.7478826322989676e-05,3.6963263249882285e-06,1.0,0.29581767741061404
91,nan,nan,nan,0.018383371839259276,0.006766746319765038,nan,nan,0.29999987844837894,1.7383515227760232e-05,3.7039267021433797e-06,1.0,0.28968779461924443
92,nan,nan,nan,0.018569423586787485,0.006815669594941375,nan,nan,0.29999999671810623,1.7289880180105616e-05,3.664523878243886e-06,1.0,0.30090655898005614
93,nan,nan,nan,0.018579507165361223,0.006865411796684296,nan,nan,0.29999999991138887,1.719774549504218e-05,3.624726806552521e-06,1.0,0.28951460682476604
94,nan,nan,nan,0.018559394566870936,0.006820711579307311,nan,nan,0.2999999999976075,1.7107068032253585e-05,3.585752176575003e-06,0.0,0.28680631524414135
95,nan,nan,nan,0.01856181998666404,0.006773617726625159,nan,nan,0.2999999999999354,1.701780969307189e-05,3.5476059015886746e-06,1.0,0.28920020467132646
96,nan,nan,nan,0.018673284343660876,0.006794015967284844,nan,nan,0.29999999999999827,1.692993384743259e-05,3.5102626822339954e-06,1.0,0.2979116552606216
97,nan,nan,nan,0.018789046916854655,0.006731224640232632,nan,nan,0.29999999999999993,1.6843405177560456e-05,3.4736974459780717e-06,1.0,0.2986777038308941
98,nan,nan,nan,0.01889747612211208,0.006661861937933884,nan,nan,0.3,1.6758189615897112e-05,3.4378861321025814e-06,1.0,0.29867466131363996
99,nan,nan,nan,0.019145486343619386,0.006683746959378973,nan,nan,0.3,1.667425428871904e-05,3.4028056613668406e-06,1.0,0.3074812553531925
100,0.89,-0.010000000000000009,0.2718815694172719,0.01910900460596206,0.006824406065493364,0.6935272091294267,0.6742934550477026,0.3,1.6591567462889233e-05,3.3684338870096e-06,1.0,0.2868722568884887
101,0.89,-0.010000000000000009,0.272446655514903,0.019523831460022536,0.007075102609708706,0.6931855817340267,0.6739365628318114,0.3,1.6591567462889233e-05,3.3684338870096e-06,1.0,0.31459850239651277
102,0.89,-0.010000000000000009,0.2729335259617292,0.01983679442309379,0.007090401840504472,0.692891510044862,0.6736293722209014,0.3,1.6591567462889233e-05,3.3684338870096e-06,1.0,0.3096842249467249
103,0.89,-0.010000000000000009,0.2732270705599666,0.019824870445049488,0.0073026904466251775,0.6927143284748382,0.6734442957212625,0.3,1.6591567462889233e-05,3.3684338870096e-06,1.0,0.2869519864868415
104,0.89,-0.010000000000000009,0.2735430026958568,0.019797655613484618,0.007240452911829769,0.6925237351531459,0.6732452177302455,0.3,1.6591567462889233e-05,3.3684338870096e-06,1.0,0.2874750737981926
105,0.89,-0.010000000000000009,0.2739718974183238,0.019730047178756926,0.007230752919810954,0.6922651623262136,0.6729751470144415,0.3,1.6591567462889233e-05,3.3684338870096e-06,1.0,0.2920867291997691
106,0.89,-0.010000000000000009,0.27440780824001487,0.01978244804719133,0.00722669573561674,0.6920025574000686,0.6727008802628778,0.3,1.6591567462889233e-05,3.3684338870096e-06,1.0,0.2983602937336203
107,0.89,-0.010000000000000009,0.2747990856225083,0.019644590721515132,0.00732420759789797,0.6917670105325276,0.6724548863366138,0.3,1.6591567462889233e-05,3.3684338870096e-06,1.0,0.2872217240447781
108,0.89,-0.010000000000000009,0.27510610647058714,0.01948731910189449,0.007350914091510401,0.6915822978887498,0.6722619899610874,0.29967683748772056,3.602917011160591e-05,6.632701687811913e-06,1.0,0.2802809659263139
109,0.89,-0.010000000000000009,0.27533764698146945,0.019370898161588806,0.007325353565197092,0.6914430616380179,0.6721165898798455,0.29999127461216846,3.6027653572632117e-05,9.808834257992693e-06,1.0,0.2770297474574974
110,0.89,-0.010000000000000009,0.27573599160694506,0.019215517926588814,0.007435441452929343,0.691203649343331,0.6718665892446267,0.2999997644145285,3.602733211913788e-05,9.894589837387316e-06,1.0,0.28792844834299025
111,0.89,-0.010000000000000009,0.27597960510903496,0.019016929400080384,0.00759173551695524,0.6910573149242947,0.6717137893151359,0.2999999936391923,3.6027323235364025e-05,9.89690523803126e-06,1.0,0.2724553360044264
112,0.89,-0.010000000000000009,0.27645176705078406,0.018904531216299893,0.0078225925267119,0.6907738717581193,0.6714178364108155,0.2999999998282582,3.6027322995353065e-05,9.896967753848698e-06,1.0,0.2953101799703357
113,0.89,-0.010000000000000009,0.2766850728896264,0.01869593427594453,0.007936924945537221,0.690633901924909,0.6712716956689978,0.299999999995363,3.602732298887268e-05,9.896969441775713e-06,1.0,0.27142456967966266
114,0.89,-0.010000000000000009,0.2767948823400119,0.01863363769576142,0.007923935804961922,0.6905680423187387,0.6712029340031496,0.2999999999998748,3.602732298869774e-05,9.896969487349807e-06,1.0,0.2716416316609531
115,0.9,0.0,0.2769741060105919,0.018578157259619768,0.007894505139151249,0.7416699648685771,0.7416699648685771,0.2999999999999966,3.6027322988693e-05,9.896969488580024e-06,1.0,0.2800860405786496
116,0.9,0.0,0.2771905574990971,0.018397222313897964,0.007927760562786263,0.7415202657182828,0.7415202657182828,0.29999999999999993,3.6027322988692926e-05,9.896969488613667e-06,1.0,0.27245077753820746
117,0.9,0.0,0.277328563247908,0.01828276427602077,0.007919320795346532,0.7414248516566608,0.7414248516566608,0.3,3.6027322988692926e-05,9.896969488614227e-06,1.0,0.26894917966935306
118,0.9,0.0,0.27749194192381876,0.01811732267661749,0.007799414195723514,0.7413119270619812,0.7413119270619812,0.3,3.6027322988692926e-05,9.896969488614227e-06,1.0,0.2671493375339553
119,0.9,0.0,0.2775133115181219,0.01810321956726042,0.007785314157665252,0.7412971593014092,0.7412971593014092,0.3,3.602732298869292e-05,9.896969488614227e-06,1.0,0.26661902487126743
120,0.9,0.0,0.27751071622610524,0.018104829938680435,0.007678667198781316,0.741298952783297,0.741298952783297,0.3,3.602732298869292e-05,9.896969488614227e-06,1.0,0.2661487526697417
121,0.9,0.0,0.27739314717370617,0.01814306257712878,0.007576293361251318,0.741380208221029,0.741380208221029,0.3,3.6027322988692926e-05,9.896969488614227e-06,1.0,0.26567969776253775
122,0.9,0.0,0.2773895834172785,0.018145171475894145,0.007437092497859063,0.7413826715163074,0.7413826715163074,0.3,3.6027322988692926e-05,9.896969488614227e-06,1.0,0.2664761625370078
123,0.9,0.0,0.2774653808883033,0.018055630176400307,0.0074684658718075095,0.7413302832616614,0.7413302832616614,0.3,3.602732298869292e-05,9.896969488614227e-06,1.0,0.2598349350319511
124,0.9,0.0,0.27754691190406,0.017943705634262532,0.0074888994200806485,0.7412739404690335,0.7412739404690335,0.3,3.602732298869292e-05,9.896969488614227e-06,1.0,0.25687302602097684
125,0.9,0.0,0.2776364920575213,0.01782623305928851,0.007504931150248718,0.7412120451159226,0.7412120451159226,0.3,3.6027322988692926e-05,9.896969488614227e-06,1.0,0.25861692752337495
126,0.9,0.0,0.2776842876008787,0.017757852338657378,0.007545554390598524,0.7411790250425628,0.7411790250425628,0.3,3.6027322988692926e-05,9.896969488614227e-06,1.0,0.25459522672874413
127,0.91,0.010000000000000009,0.27769842181859455,0.017736214234354526,0.007578205654322942,0.6900266096080162,0.6706376802947409,0.3,3.602732298869292e-05,9.896969488614227e-06,1.0,0.2512290941645823
128,0.91,0.010000000000000009,0.27791506132684846,0.01752702288086092,0.0077424415836390365,0.6898969177397423,0.6705022922335296,0.3,3.602732298869292e-05,9.896969488614227e-06,1.0,0.2716132806738347
129,0.91,0.010000000000000009,0.2779667446930676,0.01743972134235753,0.007950728893845372,0.68986598454539,0.6704700009803303,0.3,3.6027322988692926e-05,9.896969488614227e-06,1.0,0.2509928369634076
130,0.91,0.010000000000000009,0.2780373493467735,0.01732335455767464,0.007723939380355875,0.6898237311871794,0.670425892921285,0.3,3.6027322988692926e-05,9.896969488614227e-06,1.0,0.2528849657120653
131,0.91,0.010000000000000009,0.2778493768186225,0.017508706183843932,0.0075074853418052164,0.6899362348104467,0.6705433357497802,0.3,3.602732298869292e-05,9.896969488614227e-06,1.0,0.25137153811050883
132,0.92,0.020000000000000018,0.27787270565118877,0.017469398257327105,0.007424986264764496,0.6453950298340151,0.606719510069186,0.29999627676311735,3.602402413215627e-05,9.934577941974184e-06,1.0,0.24955929676415645
133,0.93,0.030000000000000027,0.27776569767753356,0.01762771926288396,0.007408182357294457,0.6063163332426722,0.5490372656864834,0.2999998994726042,3.6023883978116764e-05,9.97117096709377e-06,1.0,0.2465052661153999
134,0.94,0.039999999999999925,0.2777199729567943,0.01769901300124749,0.007271955925456808,0.5716746936203203,0.4968106336586287,0.2999999972857603,3.602388015671229e-05,9.972158978771852e-06,1.0,0.24791597391870157
135,0.95,0.04999999999999993,0.27751306463095293,0.017937945910702413,0.007273630723127894,0.5408368671460163,0.4496195585552985,0.2999999999267155,3.6023880053507184e-05,9.97218565508677e-06,1.0,0.24669473796371322
136,0.95,0.04999999999999993,0.2773765824333374,0.01805797234875874,0.007253580364765277,0.5408870752638312,0.4496767714522545,0.2999999999980213,3.602388005072061e-05,9.972186375347322e-06,1.0,0.25479278177185427
137,0.95,0.04999999999999993,0.277232820612627,0.01826484995975247,0.007362782300073624,0.5409399714406796,0.44973705169185135,0.29999999999994653,3.6023880050645324e-05,9.972186394794167e-06,1.0,0.24398179017632793
138,0.95,0.04999999999999993,0.2770835855941286,0.018478180611901016,0.00736658959320816,0.5409948923885752,0.4497996439762954,0.29999999999999855,3.602388005064329e-05,9.972186395319561e-06,1.0,0.24343447039752486
139,0.95,0.04999999999999993,0.276935196127121,0.018685017521712657,0.0073600131111535225,0.5410495132182012,0.4498618988959767,0.29999999999999993,3.602388005064322e-05,9.97218639533358e-06,1.0,0.24368942330508725
140,0.95,0.04999999999999993,0.27677492488520866,0.0189019213413018,0.007353711376088152,0.5411085200132837,0.4499291580245188,0.3,3.602388005064321e-05,9.97218639533414e-06,1.0,0.2434072704455874
141,0.95,0.04999999999999993,0.2766716496997333,0.019029119099454563,0.00740041019683808,0.5411465494848882,0.44997250895131574,0.3,3.602388005064321e-05,9.97218639533414e-06,1.0,0.24820085145831428
142,0.95,0.04999999999999993,0.2765504596497943,0.01918333288204841,0.007292449658436228,0.5411911826424625,0.45002339049935014,0.3,3.602388005064321e-05,9.97218639533414e-06,1.0,0.24623896725346972
143,0.95,0.04999999999999993,0.2763990973055645,0.01928590833771633,0.007357037233270283,0.5412469383141368,0.45008695602492726,0.3,3.602388005064321e-05,9.97218639533414e-06,1.0,0.25587171533100705
144,0.95,0.04999999999999993,0.27616387767815226,0.019531603139194095,0.007421019898901903,0.5413336063673817,0.4501857735639615,0.3,3.602388005064321e-05,9.97218639533414e-06,1.0,0.24424740884381002
145,0.95,0.04999999999999993,0.27587205769761325,0.019792072984436016,0.007321124825891469,0.541441167738309,0.45030842966363716,0.3,3.602388005064321e-05,9.97218639533414e-06,1.0,0.24387739612078896
146,0.94,0.039999999999999925,0.27575370439906643,0.019904953975494594,0.007378824210646946,0.5724839388556164,0.49772277905239176,0.3,3.602388005064321e-05,9.97218639533414e-06,0.0,0.25096443936895607
147,0.93,0.030000000000000027,0.27559882512323775,0.020054144186132754,0.007351570418454587,0.6073197354971787,0.5501483022596833,0.3,3.602388005064321e-05,9.97218639533414e-06,0.0,0.24868664579814448
148,0.92,0.020000000000000018,0.27533375431130197,0.020311159977442324,0.00733736436020326,0.6467277117558522,0.6081584511864248,0.3,3.602388005064321e-05,9.97218639533414e-06,0.0,0.2426434111852913
149,0.91,0.010000000000000009,0.27503344057121115,0.02051124685248325,0.007167225547794028,0.6916260068895739,0.6723076348067601,0.3,3.602388005064321e-05,9.97218639533414e-06,0.0,0.24656875274952705
150,0.9,0.0,0.2749273724661864,0.020637310027841423,0.0071778299509039755,0.74308849177075,0.74308849177075,0.3,3.602388005064321e-05,9.97218639533414e-06,0.0,0.24522423226338264
151,0.9,0.0,0.27485376162160136,0.02071930935503583,0.006905029405759715,0.743139610233876,0.743139610233876,0.3,3.602388005064321e-05,9.97218639533414e-06,0.0,0.24817527372908432
152,0.89,-0.010000000000000009,0.2745148362757776,0.020819438339234757,0.006669881628818729,0.6919381111654412,0.6726335744486633,0.3,3.602388005064321e-05,9.97218639533414e-06,0.0,0.251602119040206
153,0.89,-0.010000000000000009,0.2743827568891775,0.020960209896034112,0.006696569900485765,0.6920176436416454,0.6727166360390641,0.3,3.602388005064321e-05,9.97218639533414e-06,1.0,0.24558023973429588
154,0.89,-0.010000000000000009,0.2745010938394783,0.020886024814836514,0.006913679328717796,0.6919463854122493,0.6726422157845127,0.2843708411325939,0.001554989044498572,0.0001678424779852944,1.0,0.2672421330135035
155,0.89,-0.010000000000000009,0.2744411320835169,0.020949744414796745,0.007094808552925967,0.6919824903777854,0.6726799227357076,0.2880763603619638,0.001946027830873458,0.00020527196515064696,1.0,0.2492442025030519
156,0.89,-0.010000000000000009,0.27438446922152165,0.021009000277162022,0.0070946702427225556,0.6920166124324205,0.6727155590626547,0.29048503249496754,0.0021517245872188064,0.00022960198669613909,1.0,0.24964022921350004
157,0.89,-0.010000000000000009,0.2743772143095535,0.0210158527329798,0.007060234165287869,0.692020981542342,0.6727201220842886,0.298380844260474,0.0021549257997146077,0.0003093576610951943,1.0,0.254171304795632
158,0.9,0.0,0.27420564929327346,0.021178759791244492,0.007099504998522019,0.7435899904135544,0.7435899904135544,0.2897935838446452,0.0023653733037954216,0.00039609766529548525,1.0,0.24568054161260955
159,0.91,0.010000000000000009,0.2741695807560975,0.021208979246293953,0.007181189332204326,0.6921460476356007,0.6728507407309527,0.2937399142970385,0.0024333327469794066,0.0004359595890570336,1.0,0.254627238830176
160,0.91,0.010000000000000009,0.27413919197394343,0.021235183321909094,0.006993533995593705,0.6921643558214251,0.6728698620389667,0.28046243815552885,0.0030793838354309776,0.0005700755096783431,1.0,0.25433526614934476
161,0.91,0.010000000000000009,0.27382785637933515,0.021429383231346424,0.0068784522135345,0.6923519805112825,0.6730658240472706,0.28476965958830713,0.0033985264466780125,0.0006135827968781238,1.0,0.24511043590921133
162,0.9,0.0,0.2737560069190053,0.021502211864565447,0.006499660352122829,0.7439027725822981,0.7439027725822981,0.28605117838369265,0.003636474484805162,0.0006265274311749472,0.0,0.24844112267305785
163,0.89,-0.010000000000000009,0.27328423497551646,0.02151650293200702,0.006483100027936881,0.6926798349540775,0.6734082660433865,0.2890445256930033,0.0037660944857010733,0.0006567632625821256,0.0,0.2492799554007541
164,0.89,-0.010000000000000009,0.27283836194480177,0.021545000225061166,0.006480677362007471,0.6929489698701142,0.673689393877968,0.29381170495575926,0.0037973471365804084,0.0007049165884685493,1.0,0.2493915418560695
165,0.89,-0.010000000000000009,0.2723740063819146,0.021592290129655564,0.006270061924554519,0.6932294835033626,0.6739824247817651,0.29983291603380546,0.0037968487992587653,0.0007657369023882079,1.0,0.24719185825649115
166,0.89,-0.010000000000000009,0.2716804769194802,0.021269509514978385,0.005971703278805968,0.6936488624851702,0.6744205505255272,0.2999954887329127,0.003796834367233943,0.0007673790508640387,1.0,0.24732508020919441
167,0.88,-0.020000000000000018,0.27128338469607843,0.02135018156335116,0.005801493549410393,0.6488651600843268,0.6104681660155146,0.29460251678650595,0.003817459780467616,0.0008218535149691575,0.0,0.24729807623064293
168,0.87,-0.030000000000000027,0.2707189727304007,0.021226545193088562,0.005655117804850664,0.6095916297698348,0.5526669261843358,0.2958423482089896,0.00382602297388174,0.0008343770646912143,0.0,0.24744386919176353
169,0.87,-0.030000000000000027,0.2703473225496756,0.02122422660369489,0.0056993510635279755,0.6097653542937677,0.5528596902760399,0.2983884229241249,0.0038238541606649364,0.0008600949911067223,1.0,0.2520830560144902
170,0.87,-0.030000000000000027,0.26993696500380354,0.0212565299230471,0.005729694005786265,0.6099572872864105,0.553072687011975,0.29736934673968735,0.0038236723833344043,0.0008703886899394246,1.0,0.24795222528612393
171,0.86,-0.040000000000000036,0.2695608579761781,0.021268791007045755,0.005748938921347649,0.5750477294611988,0.5006176339858381,0.29376887643566485,0.0038517535721095176,0.0009067570768487428,0.0,0.2502503976659891
172,0.85,-0.050000000000000044,0.269215311443332,0.021242965664383155,0.005776391738333728,0.5439064264847835,0.45312462011811655,0.29752571542585643,0.003850517164911739,0.0009447049454365364,0.0,0.25369937288321265
173,0.85,-0.050000000000000044,0.26882144262827873,0.02123789675139288,0.005816128637770954,0.5440529954542516,0.45329235366565546,0.29735613419308937,0.003849602178409719,0.0009464178871816583,1.0,0.24959829099809894
174,0.85,-0.050000000000000044,0.26843945781313205,0.021212294249026882,0.005829820848189964,0.5441952175478408,0.4534551449347211,0.293487605719561,0.003879182038638443,0.0009854939323688135,1.0,0.25095381982958087
175,0.85,-0.050000000000000044,0.2681206930943666,0.021138019383761374,0.005744443000755716,0.5443139582140387,0.4535910830900153,0.29495166011511076,0.0038917255302027554,0.0010002823606066898,1.0,0.25727582946770466
176,0.85,-0.050000000000000044,0.26769480876523827,0.020839236610260277,0.005650884510134875,0.5444726820928334,0.45377282995980955,0.2988699956543127,0.0038887492109086815,0.0010398615074673156,1.0,0.26133828496553146
177,0.85,-0.050000000000000044,0.26730853688511286,0.020768928407504213,0.005732583901016039,0.5446167227859474,0.4539377981506239,0.2999694898826664,0.003888625230571738,0.0010509675097739187,1.0,0.25197478379653004
178,0.85,-0.050000000000000044,0.26698729406947486,0.020674102757782763,0.005763671590061821,0.5447365722156354,0.4540750852491089,0.299999176226832,0.003888621851271882,0.001051267371836197,1.0,0.2572024287735091
179,0.85,-0.050000000000000044,0.26661013952907103,0.02056765111254318,0.005725873781891955,0.5448773485556002,0.4542363729323424,0.2974509000566205,0.0038864330113186217,0.0010770075351716664,1.0,0.2537612200583772
180,0.85,-0.050000000000000044,0.26618623798296165,0.02033828839380027,0.005648739295520663,0.5450356605115038,0.4544177884843163,0.2970423196706071,0.0038852375989824415,0.0010811346097778622,1.0,0.25626971121176156
181,0.86,-0.040000000000000036,0.265827116829083,0.020257746717615644,0.005669701663014024,0.576604595481872,0.5023793054717767,0.2999201426311064,0.003884906427495709,0.001110203528570784,1.0,0.25260294513070014
182,0.86,-0.040000000000000036,0.265415638837043,0.020178143995106392,0.005678673304951337,0.5767766862014595,0.5025742097562587,0.2999978438510399,0.003884897267574274,0.0011109883893781931,1.0,0.24895875301378156
183,0.86,-0.040000000000000036,0.26504863830857134,0.020008640168114978,0.005685336608170316,0.5769302619881903,0.502748174092611,0.29999994178397804,0.003884897020097247,0.0011110095806199927,1.0,0.2561624989357352
184,0.86,-0.040000000000000036,0.26453674356999035,0.019776549659629727,0.005717020429219242,0.5771446071422335,0.5029910219273308,0.2999999984281674,0.0038848970134152516,0.0011110101527835212,1.0,0.24821715682807888
185,0.86,-0.040000000000000036,0.2641681251307243,0.01955509486279882,0.005796699819723845,0.5772990570267384,0.5031660434462532,0.2999999999575605,0.0038848970132348373,0.0011110101682319366,1.0,0.2577361429357663
186,0.86,-0.040000000000000036,0.2636833643117247,0.01935413685076803,0.005885590984926965,0.5775022960577941,0.5033963953316447,0.2999999999988541,0.003884897013229966,0.0011110101686490441,1.0,0.24775263141013193
187,0.86,-0.040000000000000036,0.26323600090779875,0.01913989034395684,0.005910890190637478,0.5776899829954678,0.5036091636759866,0.29999999999996907,0.0038848970132298348,0.0011110101686603062,1.0,0.2503090867469857
188,0.86,-0.040000000000000036,0.26276948035447584,0.018927513428666998,0.005927310288490791,0.5778858371154545,0.5038312349216106,0.29999999999999916,0.003884897013229831,0.0011093259517171053,1.0,0.2483415378357685
189,0.86,-0.040000000000000036,0.2623294248142807,0.01869123235419294,0.005938810274579142,0.5780707024771942,0.5040408879710222,0.3,0.003885569631541766,0.0011076872086310835,1.0,0.2506460799248078
190,0.86,-0.040000000000000036,0.26187642854908544,0.01842111332743283,0.005878185489148291,0.5782611277652955,0.5042568886238787,0.3,0.0038855887205469417,0.0011076429625677608,1.0,0.25051805089109247
191,0.86,-0.040000000000000036,0.2614915937578875,0.018237147187763942,0.005771796602759819,0.578422998717371,0.5044405335689081,0.3,0.003885589236626697,0.0011076417679240509,1.0,0.25120431549944544
192,0.86,-0.040000000000000036,0.2610542690866794,0.017805990510834226,0.005717027150280196,0.5786070582436537,0.5046493893694334,0.3,0.0038855892505613426,0.0011076417356686707,1.0,0.2571740918592529
193,0.86,-0.040000000000000036,0.26071203289754474,0.017583185670411686,0.005708691921667407,0.5787511790187251,0.5048129538537182,0.3,0.00388558925093758,0.0011076417347977753,1.0,0.25529098791129434
194,0.87,-0.030000000000000027,0.2603128028124108,0.0174388145990895,0.005769437292913434,0.6144936187120846,0.5581156142777283,0.3,0.0038855892509477375,0.0011076417347742615,1.0,0.24688330673075254
195,0.87,-0.030000000000000027,0.260064925319664,0.017200990175613037,0.0058585049502528274,0.6146113467992175,0.5582467137154592,0.3,0.003885589250948011,0.0011076417347736262,1.0,0.2644124553966476
196,0.87,-0.030000000000000027,0.2595145464577481,0.016858314120634772,0.006068329574064453,0.6148729076366803,0.5585380228149635,0.29984120376352663,0.0038849470856071886,0.001109245737162229,1.0,0.24287376906902414
197,0.87,-0.030000000000000027,0.2589622393252252,0.016466385346708978,0.006074088957825389,0.6151356087536386,0.5588306583121477,0.2997437911469485,0.0038839415248714012,0.0011102297029862503,1.0,0.24344699057861097
198,0.87,-0.030000000000000027,0.25838087948758476,0.016075676620554393,0.006014510361759446,0.6154123711982875,0.5591390185956645,0.29979911771800816,0.0038831374330256913,0.001110788557239378,1.0,0.2405386775495868
199,0.87,-0.030000000000000027,0.2577973811012449,0.015324293293831642,0.005893134005243501,0.6156904022529317,0.559448855564577,0.2999945761783862,0.00388311434077588,0.0011127628851219848,1.0,0.24913141671921202
200,0.87,-0.030000000000000027,0.25741423197533103,0.015069421371893066,0.005618869630638308,0.6158731056001746,0.559652494144061,0.2999998535568164,0.0038831137162776033,0.001112816191974815,1.0,0.24855734429710208
201,0.87,-0.030000000000000027,0.2567080434395939,0.01398903966126534,0.0056154698127040825,0.616210133442583,0.560028212487547,0.299999996046034,0.003883113699415415,0.0011128176312598412,1.0,0.24397964882280254
202,0.87,-0.030000000000000027,0.2561223195017325,0.012945986867018814,0.005457893488238381,0.6164899496411087,0.5603402221645147,0.2999999998932429,0.003883113698960136,0.001112817670120537,1.0,0.25111183116058156
203,0.87,-0.030000000000000027,0.2557454541905401,0.01258658137429124,0.005471260038557835,0.6166701228090864,0.5605411586748794,0.2999999999971176,0.003883113698947843,0.0011128176711697763,1.0,0.24926545536760458
204,0.87,-0.030000000000000027,0.25533953651986574,0.012205529505425665,0.005448739768207083,0.61686430327843,0.5607577465461452,0.29999999999992216,0.003883113698947511,0.0011128176711981054,1.0,0.24688330673075254
205,0.87,-0.030000000000000027,0.25489045634310137,0.011659146900625061,0.005388354316275035,0.6170792741047982,0.560997559989804,0.2999999999999979,0.003883113698947502,0.0011128176711988702,1.0,0.24717871152333104
206,0.87,-0.030000000000000027,0.2543845972443912,0.010830047565477367,0.005281860403653139,0.6173216040274458,0.5612679397385756,0.29999999999999993,0.003883113698947502,0.001112817671198891,1.0,0.24777438386260542
207,0.87,-0.030000000000000027,0.25399012384256947,0.010333852198006222,0.0052117517357898645,0.6175107071653739,0.5614789651900606,0.3,0.003883113698947502,0.0011095534033980893,1.0,0.24777438386260542
208,0.87,-0.030000000000000027,0.25367317334595657,0.01000340014463199,0.005187108442189853,0.6176627312399032,0.5616486343935619,0.3,0.003884355852635195,0.0011063772708279085,1.0,0.2485859162650208
209,0.87,-0.030000000000000027,0.25339338028821123,0.009733865174557424,0.0050817127303964624,0.6177969951112708,0.5617984978006179,0.3,0.003884392879554076,0.001106291515248514,1.0,0.24905044168296797
210,0.87,-0.030000000000000027,0.25299995496743155,0.009104820459585775,0.004930110842309425,0.6179858862991372,0.562009360526568,0.3,0.003884393881823319,0.00110628919984787,1.0,0.2485859162650208
211,0.87,-0.030000000000000027,0.252765906024217,0.008900215993579416,0.0047039460084916255,0.6180983125791873,0.5621348779894398,0.3,0.0038843939088864412,0.0011062891373320525,1.0,0.24905044168296797
212,0.87,-0.030000000000000027,0.2523033086413433,0.00781266553043276,0.004462677217676746,0.6183206433211802,0.5623831280556819,0.3,0.003884393909617147,0.0011062891356441254,1.0,0.24905044168296797
213,0.87,-0.030000000000000027,0.25212290110014446,0.007573681041907105,0.0045042561257122695,0.6184073930545015,0.5624800021027515,0.3,0.0038843939096368757,0.0011062891355985514,1.0,0.2533838155597752
214,0.87,-0.030000000000000027,0.25189982665114674,0.007319757042712284,0.004459864407337436,0.618514693015619,0.5625998333007197,0.3,0.003884393909637409,0.0011062891355973212,1.0,0.24933418676118713
215,0.87,-0.030000000000000027,0.2515936329576904,0.006752752363565697,0.004384078765230181,0.6186620344079795,0.5627643976821832,0.3,0.003884393909637423,0.0011062891355972876,1.0,0.24946667123301092
216,0.87,-0.030000000000000027,0.25136564866476496,0.006421461571062079,0.004350584615167501,0.618771786785748,0.5628869908139934,0.3,0.003884393909637423,0.001106289135597287,1.0,0.24965234824566007
217,0.86,-0.040000000000000036,0.25115832843635216,0.006180575330346004,0.004346901274583496,0.5828035662070482,0.5094221260321743,0.3,0.003884393909637423,0.001106289135597287,0.0,0.24821715682807888
218,0.85,-0.050000000000000044,0.2510270121427367,0.005975525437169999,0.004400136008741421,0.5507581887720554,0.4610020563718175,0.3,0.0038843939096374234,0.001106289135597287,0.0,0.2540177081724013
219,0.85,-0.050000000000000044,0.25089893583856787,0.005773813293646045,0.00439746976143323,0.5508070488641461,0.4610584980558893,0.299877854009117,0.0038838931983305896,0.001107522933484994,1.0,0.2538113944543865
220,0.85,-0.050000000000000044,0.25071961988015123,0.005572352823512557,0.004449239283848417,0.5508754710442719,0.461137543662678,0.2987173945936128,0.003880526572745893,0.0011192447457628143,1.0,0.248217156828079
221,0.85,-0.050000000000000044,0.25054499447080664,0.005370773302506702,0.004441194185116397,0.5509421197759963,0.4612145476474063,0.2995567659026736,0.0038788730784953614,0.0011277232438341356,1.0,0.248217156828079
222,0.85,-0.050000000000000044,0.25041766467798915,0.005137436709707896,0.004429929527764107,0.5509907275060363,0.4612707120563608,0.29372460474351125,0.00390202254290526,0.0011866339626135532,1.0,0.253743183255259
223,0.85,-0.050000000000000044,0.25032570519669173,0.005049597946978259,0.004431366773643617,0.5510258380702777,0.461311283340444,0.2933205819388472,0.003928846335331636,0.0011907150010445032,1.0,0.2506389869022133
224,0.85,-0.050000000000000044,0.2503867088105975,0.00516388250636449,0.004538341511087459,0.5510025461028012,0.4612843685711307,0.2933750440100757,0.0039537010804119995,0.0011912651229761043,1.0,0.26297338741155185
225,0.85,-0.050000000000000044,0.25031947543990646,0.005099657256687123,0.0046096354117202785,0.5510282167826746,0.4613140320833203,0.29982112618827206,0.003952896404250043,0.001256377064170007,1.0,0.25189359045427195
226,0.85,-0.050000000000000044,0.25052446786223287,0.005649749091023802,0.004809986380841015,0.5509499551615272,0.46122360088676856,0.29999517040708334,0.003952873601270397,0.0012581350865822423,1.0,0.2750944689613867
227,0.85,-0.050000000000000044,0.25055422230683094,0.005661205144705156,0.004815094904353586,0.5509385974132016,0.4612104778357258,0.29999986960099123,0.0039528729848048475,0.0012581825531873725,1.0,0.25420453862438963
228,0.85,-0.050000000000000044,0.2504656954886201,0.00539411935200291,0.0046932324449387615,0.5509723908944564,0.4612495243468071,0.29965458091716146,0.003951389080502585,0.0012616703176705013,1.0,0.26276059885274916
229,0.85,-0.050000000000000044,0.2505349445488339,0.005444656048715845,0.004723037769376223,0.5509459559889461,0.46121898011063256,0.29976663585009833,0.003950351436249712,0.0012628021856799646,1.0,0.25791774298478276
230,0.85,-0.050000000000000044,0.2505485227194096,0.005452187613255988,0.0047448714321397445,0.5509407730007987,0.4612129915528247,0.2990671220596166,0.003947013659982499,0.0012698679815434165,1.0,0.25424278276963763
231,0.85,-0.050000000000000044,0.2505790624168472,0.005465249645811414,0.004728411671920339,0.5509291159037838,0.46119952279964854,0.2999748122956096,0.003946894232480422,0.00127899896133241,1.0,0.2544255078542689
232,0.85,-0.050000000000000044,0.25073979198102125,0.0056655719923383125,0.004810762325238932,0.5508677730608081,0.4611286500952564,0.2997530193716318,0.003945809329484499,0.0012812027008727233,1.0,0.26563225318156614
233,0.85,-0.050000000000000044,0.250819087014537,0.0056612396867805346,0.0049096186475751855,0.5508375149432994,0.46109369346523593,0.29999333152303403,0.003945777981965691,0.0012836291083297548,1.0,0.2544347694669754
234,0.85,-0.050000000000000044,0.2509212827675781,0.005700018978496275,0.004934664544553404,0.5507985230640082,0.4610486490382075,0.2999998199511219,0.0039457771340840496,0.001283694621331095,1.0,0.25813554922280746
235,0.85,-0.050000000000000044,0.25096524309824325,0.0056841828170341715,0.0049240254979315175,0.5507817520893535,0.46102927552018097,0.29999999513868025,0.003945777111190153,0.001283696390182131,1.0,0.25109077103023325
236,0.85,-0.050000000000000044,0.25095822286391667,0.005679883180665862,0.0048451264647339076,0.5507844302575512,0.4610323692601912,0.29999999986874437,0.003945777110572017,0.0012836964379411096,1.0,0.25409075833919625
237,0.85,-0.050000000000000044,0.25106556163919014,0.005648365172342095,0.004845910197922514,0.5507434841427021,0.4609850707787318,0.2999999999964561,0.003945777110555327,0.0012836964392306017,1.0,0.25471566770367127
238,0.85,-0.050000000000000044,0.2511514694522342,0.0055967422204854286,0.004870510835237449,0.5507107176014067,0.46094722277223565,0.29988961700344985,0.0039452645678354666,0.0012848114189579235,1.0,0.25202525170193024
239,0.85,-0.050000000000000044,0.2513738088878751,0.005735796096782757,0.005008045808042972,0.5506259320731762,0.4608492965697092,0.29999701965909314,0.003945250318303708,0.0012858962942674512,1.0,0.26592336686917684
240,0.85,-0.050000000000000044,0.2514818591666531,0.005686263700916024,0.005077919419488008,0.5505847382819667,0.4608017224022225,0.2999999195307955,0.00394524993326678,0.0012859255859008086,1.0,0.25421229832339143
241,0.85,-0.050000000000000044,0.25154808572229903,0.005686231169044449,0.00506427623256547,0.5505594926855919,0.4607725679315646,0.29999999782733144,0.003945249922870564,0.0012859263767749088,1.0,0.2548235070229048
242,0.85,-0.050000000000000044,0.25170931824663023,0.005761494296250398,0.005043124359698268,0.5504980404441959,0.46070160504432983,0.2999999999413379,0.003945249922589866,0.0012859263981285095,1.0,0.2623622196865891
243,0.85,-0.050000000000000044,0.2518334269061991,0.00597937191934188,0.004985508754790248,0.5504507469535503,0.4606469962816093,0.2999999999984161,0.003945249922582287,0.0012859263987050568,1.0,0.2682825812878922
244,0.85,-0.050000000000000044,0.2519677433880498,0.005958278681582456,0.0050888775581841425,0.5503995727722808,0.46058791058383247,0.2999999999999572,0.003945249922582082,0.0012859263987206233,1.0,0.2576790570288756
245,0.85,-0.050000000000000044,0.25208928777624984,0.005915821415622659,0.005033929869698366,0.5503532729210643,0.4605344563808942,0.2999999999999988,0.003945249922582076,0.001285926398721044,1.0,0.2560318349408004
246,0.86,-0.040000000000000036,0.2521399617319683,0.005927660509324455,0.005010921853831582,0.5823845735752552,0.5089446621959727,0.29999999999999993,0.003945249922582076,0.001285926398721055,1.0,0.2560318349408004
247,0.87,-0.030000000000000027,0.25222013902423257,0.005934628505077534,0.00495667241414389,0.6183606327612323,0.5624277837800084,0.3,0.003945249922582077,0.0012859263987210557,1.0,0.2567043750245721
248,0.88,-0.020000000000000018,0.25236074866262537,0.005872307126413411,0.0049170224993536306,0.6590410785647913,0.6214953980539878,0.3,0.003945249922582076,0.0012859263987210557,1.0,0.2567043750245721
249,0.89,-0.010000000000000009,0.25247323338968775,0.005868014774731818,0.004914682397788487,0.7054685894626095,0.6867848940411626,0.3,0.003945249922582076,0.0012859263987210557,1.0,0.25781722545576735
250,0.9,0.0,0.2526246785016006,0.0058743997474736374,0.004910646807214701,0.7589049890224516,0.7589049890224516,0.3,0.003945249922582076,0.0012859263987210557,1.0,0.2603687434546642
251,0.91,0.010000000000000009,0.2527411163273492,0.005900392640933752,0.004881584603574262,0.7053009708436216,0.6866093322597042,0.3,0.003945249922582076,0.0012859263987210557,1.0,0.25981905630394597
252,0.92,0.020000000000000018,0.25281736493220247,0.005934350051479741,0.004826738113397511,0.658791770071528,0.6212246147440914,0.3,0.003945249922582076,0.0012859263987210557,1.0,0.2592269795255342
253,0.92,0.020000000000000018,0.25295383233011487,0.005923255773968687,0.004607931110577231,0.6587172966709263,0.6211437324218867,0.3,0.003945249922582076,0.0011280561071310953,1.0,0.2592269795255342
254,0.92,0.020000000000000018,0.2528849048557185,0.005795307988429074,0.004437471267525569,0.658754909875834,0.621184582141426,0.3,0.003699724198729842,0.001090626619965743,1.0,0.2603493855738712
255,0.92,0.020000000000000018,0.25302914417871725,0.005881753398705711,0.004466993717208421,0.6586762044711004,0.6210991051583966,0.3,0.003558781851291297,0.0010662965984202508,1.0,0.2636681348029217
256,0.92,0.020000000000000018,0.25315853184956066,0.005947724874468994,0.004432226676026047,0.6586056189959095,0.6210224493555442,0.3,0.003472368578279071,0.0009865409240211954,1.0,0.26257899629784487
257,0.92,0.020000000000000018,0.2532457435789406,0.006025368472630552,0.0043496278704982655,0.6585580504982896,0.6209707913886963,0.3,0.0034756285696011476,0.0008998009198209046,1.0,0.262892477733617
258,0.92,0.020000000000000018,0.25352121727010857,0.0062968028958214,0.004363655504621792,0.6584078420954652,0.620807676983005,0.3,0.0033666378720050554,0.0008599389960593563,1.0,0.27322791072941266
259,0.92,0.020000000000000018,0.25362930016673835,0.006406662163604571,0.004439417217302921,0.6583489261103742,0.620743701980103,0.3,0.003333704513595896,0.0007258230754380467,1.0,0.2654355284931498
260,0.92,0.020000000000000018,0.25377071224602293,0.006574551281582934,0.004376953735934466,0.6582718583088226,0.620660019115448,0.3,0.0027893367359880087,0.0006823157882382661,1.0,0.2684764740778063
261,0.92,0.020000000000000018,0.2539869098419554,0.006641344845294213,0.004360949612818308,0.6581540682167187,0.620532124329772,0.3,0.002405222255238935,0.0006693711539414426,1.0,0.26673019550245947
262,0.93,0.030000000000000027,0.254207793155919,0.006818186859985449,0.004390852904124028,0.6174063462617937,0.561362502321219,0.3,0.002023791987391018,0.0006391353225342641,1.0,0.27052945406942197
263,0.94,0.039999999999999925,0.25446185653840675,0.007097462774161623,0.004431714046798625,0.581395907993451,0.5078188530854183,0.3,0.0017520141830713544,0.0005909819966478405,1.0,0.27468629364952246
264,0.94,0.039999999999999925,0.25470831752126893,0.007340862819983622,0.004416047076168871,0.5812911616410565,0.5076996447316738,0.3,0.0016656244663149386,0.0005301616827281818,1.0,0.2740376401422897
265,0.94,0.039999999999999925,0.25512485459991036,0.008050050287078487,0.004564276409761202,0.5811142184195349,0.5074983010741186,0.3,0.0016662195036470113,0.0005285195342523511,1.0,0.2888455661206337
266,0.94,0.039999999999999925,0.25543832745028755,0.008345150218409233,0.004666763247086133,0.5809811274767638,0.507346881383193,0.29994743834778864,0.0016660327107085164,0.000474575995927145,1.0,0.2786723652469141
267,0.95,0.04999999999999993,0.255737884912786,0.008581859870063898,0.004679619305725623,0.5489670318174021,0.4589355903963099,0.29999858083539027,0.0015982586936142153,0.00046256903698894296,1.0,0.2772538224804839
268,0.96,0.05999999999999994,0.256029444747001,0.008787924765724799,0.004639364589003299,0.5202995749773522,0.4151469209011677,0.2999999616825555,0.0015593604180338721,0.00043686505852459884,1.0,0.27659985261326736
269,0.96,0.05999999999999994,0.2562868701683787,0.009041921091938467,0.004610020294161118,0.5202119535602857,0.415045284221646,0.29999999896542895,0.0015569514600499387,0.00042657173628657787,1.0,0.2778255981522577
270,0.96,0.05999999999999994,0.2566231413236812,0.009345891418405044,0.004624723024305062,0.520097539398244,0.41491259261684926,0.29999999997206656,0.0015439946206148888,0.00039020335954531636,1.0,0.28157934081637337
271,0.97,0.06999999999999995,0.25695165969442446,0.00968726315060678,0.004605267657706276,0.4942837575756812,0.3753112168994229,0.29999999999924576,0.001434879310109756,0.00035225549123206007,1.0,0.28310223474031715
272,0.98,0.07999999999999996,0.2572300418418484,0.00998521284482465,0.004579647104469828,0.4709252015647322,0.33950580454656515,0.2999999999999796,0.0014214819054351512,0.000350542549494351,1.0,0.2815375876256119
273,0.98,0.07999999999999996,0.25754405072056097,0.010230990006908147,0.004571393366336233,0.47083764472439316,0.3394045376726558,0.29999999999999943,0.0014049496536839173,0.0003114665043073959,1.0,0.28099917886935577
274,0.98,0.07999999999999996,0.2578445043109587,0.010471389740348268,0.004507534683122862,0.47075389805514123,0.3393076988760937,0.3,0.001265261921005597,0.0002966780760695253,1.0,0.28099917886935577
275,0.98,0.07999999999999996,0.25827458886930593,0.011290400637807535,0.0046612988339838944,0.4706340706428754,0.33916917502197796,0.3,0.0011746571748648996,0.0002570989292088994,1.0,0.3002842853024248
276,0.98,0.07999999999999996,0.25847119780834416,0.011511068545373987,0.004761517068974476,0.4705793130313041,0.3391058878641265,0.3,0.0011721414038511056,0.0002459929269022964,1.0,0.28099917886935577
277,0.98,0.07999999999999996,0.25877323533546087,0.011730806345715534,0.004720625277680193,0.4704952172921374,0.3390087099170707,0.3,0.0011722149882364907,0.000245693064840018,1.0,0.2821785365082008
278,0.98,0.07999999999999996,0.2590229964128078,0.011958379648691467,0.004685865593688963,0.4704256994867631,0.3389283935241103,0.3,0.0011722170781599565,0.0002199529015045486,1.0,0.2821785365082008
279,0.98,0.07999999999999996,0.25934465218860625,0.012241759011018776,0.0046983885227459025,0.47033620096909595,0.3388250137927341,0.3,0.0011504983478675416,0.00021582582689835282,1.0,0.28592679763822226
280,0.98,0.07999999999999996,0.2597189314599465,0.01270540446699525,0.004739843822003434,0.4702321031814833,0.33870480029901423,0.3,0.001118660369727756,0.00018675690810543097,1.0,0.2936976383457792
281,0.98,0.07999999999999996,0.2601469790587647,0.01317097532020998,0.004720307201294612,0.47011310735149475,0.33856742165972503,0.299987762487316,0.0011187790497561904,0.00018609565853725394,1.0,0.29540770501252445
282,0.98,0.07999999999999996,0.2605997392191254,0.013551295486675646,0.004659389928978687,0.4699873070343345,0.33842223293678464,0.2999996695871575,0.0011187829794330024,0.0001861947410312272,1.0,0.29423476904984736
283,0.98,0.07999999999999996,0.26101557858204066,0.01403803997078412,0.004614605323622751,0.4698718245358305,0.3382889934415823,0.2999999910788532,0.0011187830860629674,0.00018619741625856427,1.0,0.29774643522726596
284,0.98,0.07999999999999996,0.2615873355668873,0.01465588929673047,0.004595690515317555,0.46971313487599836,0.33810596743247856,0.299999999759129,0.0011187830889423619,0.00018619748848970228,1.0,0.30539285531273896
285,0.98,0.07999999999999996,0.26193592053713455,0.014971298941885196,0.004624121867101522,0.46961643861189895,0.3379944785077338,0.29999999999349647,0.0011187830890201063,0.00018619749043994306,1.0,0.29259463996049184
286,0.98,0.07999999999999996,0.26238160476944294,0.015204014746534726,0.004601062573997131,0.4694928653248617,0.33785204110377937,0.2999999999998244,0.001118783089022205,0.00018619749049259959,1.0,0.2923210546409728
287,0.98,0.07999999999999996,0.2628017244483828,0.015443180162786606,0.004581188342570694,0.4693764397609515,0.33771788381943196,0.29999999999999527,0.0011187830890222617,0.00018619749049402157,1.0,0.2923210546409728
288,0.98,0.07999999999999996,0.2632212172266686,0.015613499631387395,0.004578417604061416,0.4692602455260709,0.3375840329882027,0.2999999999999999,0.0011187830890222632,0.00018619749049405968,1.0,0.2902908156643521
289,0.98,0.07999999999999996,0.2637031540071036,0.01595789996656915,0.004663477334063811,0.4691268260762927,0.3374303885695006,0.3,0.0011187830890222632,0.00018619749049406082,1.0,0.29883975796830464
290,0.98,0.07999999999999996,0.26409779735288763,0.01611416577404484,0.0047460137774017344,0.46901762943976333,0.33730467794956026,0.3,0.0011187830890222634,0.00018619749049406082,1.0,0.2899823854694973
291,0.98,0.07999999999999996,0.2645902155277128,0.0164612714946776,0.004791407425408338,0.46888145006537973,0.3371479531968803,0.3,0.0011187830890222632,0.00018619749049406082,1.0,0.30044613298195844
292,0.98,0.07999999999999996,0.26501624372958443,0.01681139513571174,0.004779145980838438,0.4687636947795031,0.337012476224443,0.3,0.0011187830890222634,0.00018619749049406082,1.0,0.29977691204642
293,0.98,0.07999999999999996,0.26545694626221833,0.017125383796414328,0.0046984186039818,0.46864194569217477,0.3368724473351142,0.3,0.0011187830890222632,0.00018619749049406082,1.0,0.2993612411746853
294,0.98,0.07999999999999996,0.26599629942025493,0.017379371363163594,0.004536077520081087,0.4684930292819335,0.3367012314521828,0.3,0.0011187830890222634,0.00018619749049406082,1.0,0.30081862253440983
295,0.98,0.07999999999999996,0.2663809364236281,0.01776149643900178,0.00433929819555512,0.46838688808842427,0.33657923597926753,0.3,0.0011187830890222632,0.00018459348810544103,1.0,0.30287615573396254
296,0.98,0.07999999999999996,0.267038994195832,0.018094296629505204,0.004392128185917419,0.4682054074831919,0.3363707244079928,0.3,0.0011190127836352521,0.00018360952228141942,1.0,0.30867954628941696
297,0.98,0.07999999999999996,0.2680554831987774,0.01953799594292127,0.004730593151116553,0.46792535416077335,0.33604914791034307,0.3,0.001119267047334597,0.00018305066802829146,1.0,0.3450958908731554
298,0.98,0.07999999999999996,0.26871645238059866,0.01971316590772455,0.005032285635680409,0.46774342993882795,0.3358403733678685,0.3,0.0011195119023537793,0.0001810763401456849,1.0,0.3066355957317084
299,0.98,0.07999999999999996,0.2694831476208611,0.02041498813162099,0.005220076267919139,0.4675325829574538,0.3355985287945526,0.3,0.0011195231974784354,0.00018102303329285458,1.0,0.3258009407454525
300,0.98,0.07999999999999996,0.27011216090528184,0.020727195597677623,0.005318708313696657,0.4673597414515002,0.33540037425042835,0.3,0.001119523505860419,0.0001810215940078284,1.0,0.3114586727391786
301,0.98,0.07999999999999996,0.2708285457717179,0.021047144352564665,0.005288680842882994,0.4671630473996356,0.33517498034657967,0.3,0.001119523514189221,0.0001810215551471326,1.0,0.31561813546640494
302,0.98,0.07999999999999996,0.27160726832190185,0.02173267257006294,0.005405040185505192,0.46694942532868683,0.33493031670741785,0.3,0.001119523514414101,0.00018102155409789334,1.0,0.32898408617897945
303,0.98,0.07999999999999996,0.27226589049508987,0.022041414740669497,0.005520941850714498,0.46676890207659044,0.3347236655443624,0.3,0.0011195235144201721,0.00018102155406956414,1.0,0.31512767268640607
304,0.98,0.07999999999999996,0.2729460967154908,0.022295707002973567,0.0055202180034718655,0.46658260926276096,0.33451050961776485,0.3,0.001119523514420336,0.00018102155406879932,1.0,0.31490392877084816
305,0.98,0.07999999999999996,0.2736450684490299,0.02257088367596076,0.005536140061725539,0.4663913318570867,0.33429175578360293,0.3,0.0011195235144203406,0.00018102155406877858,1.0,0.31707588487723615
306,0.98,0.07999999999999996,0.2742996997507353,0.022759590111339646,0.005574911484393109,0.4662123306187611,0.33408713826312764,0.3,0.0011195235144203406,0.00018102155406877801,1.0,0.3132375140331467
307,0.98,0.07999999999999996,0.2750267246714703,0.023059873568077413,0.0056398390551056585,0.46601369516115726,0.3338601861072126,0.3,0.0011195235144203406,0.00018102155406877801,1.0,0.3204768759361045
308,0.98,0.07999999999999996,0.2760160083901523,0.02400692382988733,0.005908252052875036,0.4657436778851102,0.3335518605765287,0.3,0.0011195235144203406,0.00018102155406877801,1.0,0.34751428813322005
309,0.98,0.07999999999999996,0.27677053794306505,0.02433108973240715,0.00613599312096619,0.46553794517353564,0.33331708234816826,0.3,0.0011195235144203406,0.00018102155406877801,1.0,0.32450339697424857
310,0.98,0.07999999999999996,0.27769281440383947,0.02498444905230486,0.006296050090160754,0.4652867207204654,0.3330305567639549,0.3,0.0011195235144203406,0.00018102155406877801,1.0,0.3408135623424575
311,0.98,0.07999999999999996,0.27863086086149624,0.025643715144716157,0.0063166715558798615,0.46503147856741917,0.332739636752021,0.3,0.0011195235144203406,0.00018102155406877801,1.0,0.3428550874486491
312,0.98,0.07999999999999996,0.2794155749253677,0.02592561714937307,0.006427781308422544,0.4648181731285043,0.3324966604659968,0.3,0.0011195235144203406,0.00018102155406877801,1.0,0.3275218480701163
313,0.98,0.07999999999999996,0.2801668475728672,0.026246911732959254,0.006396868211867142,0.4646141411962251,0.3322643711332586,0.2999683286568097,0.0011194612333861194,0.00018134146662625544,1.0,0.32851108030971954
314,0.98,0.07999999999999996,0.2809514236582396,0.026485083398308545,0.006402795490043582,0.4644012557767652,0.33202213077496934,0.29999914487373386,0.0011194594328092777,0.00018165274154468105,1.0,0.32779179529842817
315,0.98,0.07999999999999996,0.281828793267188,0.026877873398186883,0.006495989023546372,0.4641634228785237,0.3317516581295359,0.2999999769115908,0.001119459384106955,0.00018166114596747848,1.0,0.33720363212785354
316,0.98,0.07999999999999996,0.28261018773771573,0.027066256492270867,0.006576561199423586,0.463951811427938,0.3315111431144029,0.2999999993766129,0.0011194593827919287,0.00018166137288689384,1.0,0.32779179529842817
317,0.99,0.08999999999999997,0.2834059341224192,0.027212754345395027,0.006517969771703157,0.4431844312897183,0.2997423866942572,0.2999999999831685,0.0011194593827564229,0.0001816613790137179,1.0,0.32779179529842817
318,1.0,0.09999999999999998,0.28416864303443007,0.02744622813692075,0.006541106037935938,0.42420404859076005,0.27102647727253176,0.2999999999995455,0.001119459382755464,0.00018042758129143514,1.0,0.3302885993734883
319,1.0,0.09999999999999998,0.28503093055658135,0.02783078372852599,0.00658309906490277,0.42400900708783074,0.2708101315794617,0.2999999999999877,0.0011196497280243428,0.00016870576901808172,1.0,0.3400401466695122
320,1.0,0.09999999999999998,0.2858673284935332,0.027968324646515965,0.006665757611834626,0.4238199928511126,0.2706006112549181,0.29999999999999966,0.001114911035572584,0.00016022727094688096,1.0,0.3318569505232585
321,1.0,0.09999999999999998,0.2868234086848457,0.028297152873831652,0.006730830329096179,0.4236041384061517,0.2703615069057751,0.3,0.0011149041496424919,0.00010131655216746663,1.0,0.34382517595933226
322,1.0,0.09999999999999998,0.287661020242356,0.02854417316163628,0.006763321648288017,0.4234152112647754,0.27015237714691687,0.3,0.0009341233873320008,9.723551373651652e-05,1.0,0.3375043390062946
323,1.0,0.09999999999999998,0.28852881513383793,0.02872400543215216,0.006639599046738038,0.42321965379266047,0.26993605235301626,0.3,0.0006653372107407757,9.668539180491551e-05,1.0,0.337418476050404
324,1.0,0.09999999999999998,0.28927817606739104,0.029023449980670666,0.006532641549356054,0.4230509306824561,0.2697495294525957,0.3,0.00010516696951397914,3.1573450611012815e-05,1.0,0.33790948076686744
325,1.0,0.09999999999999998,0.29015284231409444,0.02920105548921152,0.006312943123604804,0.4228541644019802,0.2695321426620572,0.3,0.00010399604242895697,2.9815428198777598e-05,1.0,0.33936021512460846
326,1.0,0.09999999999999998,0.29079549977572666,0.02956746087136757,0.0061019337262614,0.4227097077883175,0.26937264176597037,0.3,0.00010400423573929251,2.976796159364743e-05,1.0,0.33936021512460846
327,1.0,0.09999999999999998,0.2916470565407288,0.029727191674378255,0.006015508875469889,0.42251844673569217,0.26916158480063296,0.3,0.00010400448609762553,2.628019711051844e-05,1.0,0.33936021512460846
328,1.0,0.09999999999999998,0.2924130527034474,0.029958977875869437,0.005966591139429825,0.42234655054131454,0.26897201624853717,0.3,9.874336563291191e-05,2.5148329101055137e-05,1.0,0.33936021512460846
329,1.0,0.09999999999999998,0.29322211372207163,0.03010857233385902,0.005934888210765779,0.42216514203759203,0.26877207976427686,0.3,9.632027309624791e-05,1.8082533237603416e-05,1.0,0.33882384484720385
330,1.0,0.09999999999999998,0.2940494348628287,0.030162739358496643,0.0059517187452832595,0.42197980031410076,0.2685679379536315,0.3,2.7454180874020875e-05,8.913944995249684e-06,1.0,0.3369748968453421
331,1.0,0.09999999999999998,0.2951725031958204,0.030751537455560342,0.006139099543069093,0.4217284636771784,0.2682913161007481,0.2998497536786704,3.097204061549851e-05,8.19125203920683e-06,1.0,0.3667323411534369
332,1.0,0.09999999999999998,0.2958783071520657,0.03087516102733975,0.006334273367642321,0.4215706617061428,0.2681177616269918,0.2999959433493241,1.932607902632493e-05,7.240519910433837e-06,1.0,0.3362126488060966
333,1.0,0.09999999999999998,0.29670839442292957,0.03086563631497029,0.006309324559475012,0.42138522381567783,0.2679139334765835,0.29999989047043174,1.9327150437113487e-05,7.214850142956649e-06,1.0,0.33744349655336503
334,0.99,0.08999999999999997,0.29750147389623516,0.03088322152341751,0.006238165183792444,0.43972999379836214,0.29587578557784344,0.29999999704270164,1.932747842021057e-05,7.214157059234922e-06,0.0,0.33744349655336503
335,0.99,0.08999999999999997,0.29839466284340865,0.030819590864310322,0.006237823586673772,0.4395129106514219,0.29563412967396135,0.2999999999201529,1.9327487493686955e-05,7.214138345973902e-06,1.0,0.34040966574757947
336,0.99,0.08999999999999997,0.29925785191749243,0.03077541763832058,0.006231511370870994,0.43930332231955477,0.29540096514089415,0.2999999999978441,1.932748773882963e-05,7.2141378407158895e-06,1.0,0.34040966574757947
337,0.99,0.08999999999999997,0.30011479189793155,0.030716227645214835,0.006204335451661489,0.43909544894292907,0.29516985213375085,0.2996908672221934,3.601298809539314e-05,9.221711402781014e-06,1.0,0.34040966574757947
338,0.99,0.08999999999999997,0.30118498582350545,0.030885960596119578,0.006252182556151365,0.4388361212914016,0.2948817327848028,0.2999916534149992,3.447528073497071e-05,1.1175080465028772e-05,1.0,0.3590446442593238
339,0.99,0.08999999999999997,0.30192984881228946,0.030924742173729584,0.006322121040656,0.43865580802158194,0.29468153131630326,0.29999977464220495,3.4478576485416333e-05,1.1227821429709062e-05,1.0,0.34040966574757947
340,0.99,0.08999999999999997,0.30308551006731316,0.03127728841575423,0.00661260133741027,0.4383763435594444,0.29437145453976826,0.29999999391533955,3.4478698807427456e-05,1.1229245435756261e-05,1.0,0.36977842382576553
341,0.99,0.08999999999999997,0.3039657496745466,0.031145013602214982,0.006808482584034899,0.43816372093523404,0.2941357139122872,0.2999999998357141,3.447870213442139e-05,1.1229283883918984e-05,1.0,0.342847467746243
342,0.99,0.08999999999999997,0.3047922418713432,0.031126640234353558,0.006770539250890492,0.4379642687056262,0.2939147110406602,0.29999999999556426,3.447870222426797e-05,1.1229284922019565e-05,1.0,0.3450114393662498
343,0.99,0.08999999999999997,0.30551214033729085,0.031106403863391054,0.006711301748108438,0.4377906879839375,0.2937224816291166,0.2999999999998802,3.4478702226693824e-05,1.122928495004821e-05,1.0,0.34027242788265655
344,0.99,0.08999999999999997,0.3063184896284855,0.030900448773945047,0.00671444538089873,0.4375964256795982,0.2935074661995259,0.29999999999999677,3.4478702226759405e-05,1.1229284950805182e-05,1.0,0.3383139861483424
345,0.99,0.08999999999999997,0.307132931323552,0.030636495394491377,0.006722909842523955,0.43740038871398634,0.29329061222317165,0.29999999999999993,3.447870222676124e-05,1.1229284950825927e-05,1.0,0.3374760044474452
346,0.99,0.08999999999999997,0.30812949132109846,0.030578820842657263,0.0069000743896373996,0.4371607545006721,0.2930257028016582,0.3,3.4478702226761336e-05,1.1229284950825927e-05,1.0,0.35568783469544796
347,0.99,0.08999999999999997,0.30901466486269397,0.030357761234391857,0.0070057926271255835,0.43694812451379805,0.2927908035422902,0.3,3.4478702226761336e-05,1.1229284950825927e-05,1.0,0.34522172918411775
348,0.99,0.08999999999999997,0.3098094380083097,0.030016309081982707,0.007085865244971795,0.4367573860133675,0.29258021456009653,0.3,3.4478702226761336e-05,1.1229284950825927e-05,1.0,0.3361816895861476
349,0.99,0.08999999999999997,0.3107825676878436,0.029892133355983133,0.00725149136440733,0.43652407017885453,0.29232277907702603,0.3,3.4478702226761336e-05,1.1229284950825927e-05,1.0,0.3551301934091624
350,0.99,0.08999999999999997,0.31152022223842235,0.02954713103195435,0.0074580197254770775,0.4363473774680087,0.29212793874785753,0.3,3.4478702226761336e-05,1.1229284950825927e-05,1.0,0.3341341985125392
351,0.99,0.08999999999999997,0.3122288522011241,0.029145710621354518,0.007486909312951935,0.43617777176437117,0.29194100927276617,0.3,3.4478702226761336e-05,1.1229284950825927e-05,1.0,0.33068205257411654
352,0.99,0.08999999999999997,0.31297792439099414,0.02873356565720894,0.007521779473946104,0.435998629784588,0.29174367146540464,0.3,3.4478702226761336e-05,1.1229284950825927e-05,1.0,0.3341341985125392
353,0.99,0.08999999999999997,0.31372699658086417,0.02829559903658628,0.0075104420391144166,0.4358196348947117,0.2915466002591971,0.3,3.4478702226761336e-05,1.1229284950825927e-05,1.0,0.3341341985125392
354,0.99,0.08999999999999997,0.31447029579343416,0.02785653838149746,0.007482425464258644,0.4356421647046242,0.29135131084345073,0.3,3.4478702226761336e-05,1.1229284950825927e-05,1.0,0.3346793068308682
355,0.99,0.08999999999999997,0.3152353941087014,0.02749912003680738,0.007526966080356633,0.4354596406512546,0.2911505671372343,0.3,3.4478702226761336e-05,1.1229284950825927e-05,1.0,0.34017796632964603
356,0.99,0.08999999999999997,0.3160411712070585,0.027122340614597513,0.007553887882055002,0.4352675774382911,0.290939449144537,0.3,3.4478702226761336e-05,1.1229284950825927e-05,1.0,0.34315670613355675
357,0.99,0.08999999999999997,0.3169447435255007,0.026840302430806408,0.007551439098706405,0.43505240539109463,0.2907030721389574,0.3,3.4478702226761336e-05,1.1229284950825927e-05,1.0,0.3532497095778413
358,0.99,0.08999999999999997,0.3175950925036511,0.02655959082983173,0.007624111005748105,0.43489766625944226,0.29053317663275796,0.3,3.4478702226761336e-05,1.1229284950825927e-05,1.0,0.3382628085444501
359,0.99,0.08999999999999997,0.3182380450804243,0.026062713336531068,0.007679576427862509,0.43474479513803155,0.29036540843990594,0.3,3.4478702226761336e-05,1.1229284950825927e-05,1.0,0.3297307861704677
360,0.99,0.08999999999999997,0.3188455102432439,0.025599620373739352,0.007667066500946878,0.4346004603589041,0.29020707803222184,0.3,3.4478702226761336e-05,1.1229284950825927e-05,1.0,0.3292229903597683
361,0.99,0.08999999999999997,0.3194696741794803,0.025076922550753108,0.0076294618814187025,0.43445225771408075,0.2900445749904314,0.3,3.4478702226761336e-05,1.1229284950825927e-05,1.0,0.3291465891260952
362,0.99,0.08999999999999997,0.32033225061351994,0.0248612641649749,0.007866670656844868,0.4342476122475424,0.2898202998111069,0.3,3.4478702226761336e-05,1.1229284950825927e-05,1.0,0.356787097473386
363,0.99,0.08999999999999997,0.32087685356828566,0.024448461204437326,0.008139315655229292,0.4341185049552592,0.28967887822614163,0.3,3.4478702226761336e-05,1.1229284950825927e-05,1.0,0.3291465891260952
364,0.99,0.08999999999999997,0.32150909226343816,0.024043148294372693,0.008071709539603924,0.4339687183980821,0.2895148725583831,0.3,3.4478702226761336e-05,1.1229284950825927e-05,1.0,0.33726150965752777
365,0.99,0.08999999999999997,0.3219121024934926,0.02382907503119083,0.008050918829075772,0.43387329333489194,0.2894104267060818,0.29995041455355576,3.4748479466927505e-05,1.119922226630963e-05,1.0,0.3291465891260952
366,0.99,0.08999999999999997,0.32261937644758104,0.02358354394778091,0.008241167604461948,0.4337059258917647,0.28922730863262097,0.299998661192946,3.4437559960029106e-05,1.116997127427536e-05,1.0,0.34939976065575684
367,0.99,0.08999999999999997,0.3231383041140372,0.023146489353679307,0.00843913933842604,0.4335832103186013,0.2890931020163682,0.2999999638522095,3.4439552565521734e-05,1.1169181497490423e-05,1.0,0.3291465891260952
368,0.99,0.08999999999999997,0.3238045745831926,0.022752874434638137,0.008568983427958596,0.4334257530275243,0.28892097167258374,0.29999999902400964,3.4439613963925754e-05,1.1169160173517534e-05,1.0,0.3432268995288086
369,0.99,0.08999999999999997,0.32431399316068604,0.022283164652372792,0.008677121821525113,0.43330544110252234,0.28878950207819626,0.29999999997364823,3.4439615627221334e-05,1.1169159597769892e-05,1.0,0.32876745590160783
370,0.99,0.08999999999999997,0.32479179118437834,0.021870143260874126,0.008667715693848787,0.433192657848508,0.28866630173580193,0.2999999999992885,3.4439615672134395e-05,1.1169159582225087e-05,1.0,0.32935914318559534
371,0.99,0.08999999999999997,0.32519575062618217,0.021465705816077815,0.008711112836779954,0.4330973498347838,0.2885622226660897,0.2999999999999808,3.443961567334711e-05,1.1169159581805108e-05,1.0,0.32349817892070454
372,0.99,0.08999999999999997,0.32561163208329963,0.021013949332430098,0.008709436441093966,0.43299927280792927,0.288455150298834,0.2999999999999995,3.443961567337989e-05,1.1169159581793895e-05,1.0,0.32312573333736117
373,0.99,0.08999999999999997,0.3262021760843943,0.020577179418287,0.008880424780906568,0.4328600815345626,0.28830324596397655,0.3,3.443961567338081e-05,1.1169159581793334e-05,1.0,0.3400535789788086
374,0.99,0.08999999999999997,0.32669226666038376,0.020072166684838303,0.008787093832193752,0.4327446350739675,0.28817730247192475,0.3,3.443961567338081e-05,1.1169159581793334e-05,1.0,0.33000823646830835
375,0.99,0.08999999999999997,0.3269226267606497,0.019899213470906587,0.008659849738317132,0.4326903923806784,0.28811814253361445,0.3,3.44396156733808e-05,1.1169159581793334e-05,1.0,0.3233202953290246
376,0.99,0.08999999999999997,0.3273124801806959,0.019370556356034036,0.00868163172635953,0.4325986249067693,0.28801807763085563,0.3,3.443961567338081e-05,1.1169159581793334e-05,1.0,0.3199845208739822
377,0.99,0.08999999999999997,0.32769054002435377,0.01884785890913323,0.00868163172635953,0.43250967068810786,0.28792110618400074,0.3,3.44396156733808e-05,1.1169159581793334e-05,1.0,0.3199845208739822
378,0.99,0.08999999999999997,0.328057280230713,0.018307784187416062,0.008655204479893238,0.43242341483171626,0.28782710057103295,0.3,3.443961567338081e-05,1.1169159581793334e-05,1.0,0.31885255714412364
379,0.99,0.08999999999999997,0.3283865378257721,0.017837153498396086,0.008576711139412866,0.4323460040425368,0.28774275506315145,0.3,3.44396156733808e-05,1.1169159581793334e-05,1.0,0.31885255714412364
380,0.99,0.08999999999999997,0.3289024106012883,0.017570437517262134,0.008826431261499079,0.4322247744189529,0.28761070393152105,0.3,3.443961567338081e-05,1.1045548342561243e-05,1.0,0.34528491589740407
381,0.99,0.08999999999999997,0.3294393861874633,0.017357837752672245,0.008853172794528855,0.4320986578473424,0.28747337966244885,0.3,3.443784681226052e-05,1.09252746067885e-05,1.0,0.3491052636300289
382,0.99,0.08999999999999997,0.32969688370570466,0.017021413589331905,0.009111850335727117,0.432038206892958,0.28740757465118544,0.3,3.4438364230250505e-05,1.0922027215922747e-05,1.0,0.3199845208739822
383,0.99,0.08999999999999997,0.3299192645621718,0.01674556823973992,0.00903461376920719,0.4319860136500918,0.28735076814932087,0.3,3.4438378612440056e-05,1.0921939536369454e-05,1.0,0.3199845208739822
384,0.99,0.08999999999999997,0.33005386158048566,0.01660136174952246,0.008916772843728518,0.43195442957969865,0.28731639666492587,0.3,3.443837900105949e-05,1.0921937169021275e-05,1.0,0.31885255714412364
385,0.99,0.08999999999999997,0.3303308592351024,0.016200278430914303,0.008928573479673232,0.4318894447992798,0.2872456867858257,0.3,3.4438379011552447e-05,1.0921937105102707e-05,1.0,0.32029440542216947
386,0.99,0.08999999999999997,0.3308252480064738,0.015781742157346977,0.00914539697821807,0.43177350775548984,0.28711956939301575,0.3,3.4438379011835735e-05,1.0921937103376814e-05,1.0,0.3417599317781086
387,0.99,0.08999999999999997,0.33128917966114907,0.015318119423798722,0.009155654278147235,0.43166476967935674,0.28700132221825114,0.3,3.443837901184334e-05,1.0921937103330275e-05,1.0,0.3387142201085007
388,0.99,0.08999999999999997,0.33163013588972623,0.014771470860416937,0.009214026392111652,0.43158488996431965,0.2869144811673989,0.3,3.443837901184352e-05,1.0921937103329154e-05,1.0,0.32438643852207094
389,0.99,0.08999999999999997,0.3321334341135941,0.01450059566215252,0.009374892749022855,0.4314670305477784,0.2867863878492539,0.3,3.443837901184352e-05,1.0921937103329154e-05,1.0,0.3491695803550874
390,0.99,0.08999999999999997,0.3324840944004515,0.013888094829046559,0.009512846473137843,0.43138495302620006,0.2866972096580483,0.3,3.443837901184352e-05,1.0921937103329154e-05,1.0,0.3250484141552423
391,0.99,0.08999999999999997,0.33269041442038594,0.013559987441568541,0.00954619049580766,0.43133667519055596,0.2866447652813942,0.3,3.443837901184352e-05,1.0921937103329154e-05,1.0,0.32107813497539195
392,0.99,0.08999999999999997,0.3329458666462969,0.013172620569201416,0.00958486048358946,0.43127691563864007,0.28657985859383184,0.3,3.443837901184352e-05,1.0921937103329154e-05,1.0,0.3253221346375248
393,0.99,0.08999999999999997,0.3331765949257347,0.012778513423446186,0.009599311838734326,0.43122295414619893,0.286521259160251,0.3,3.443837901184352e-05,1.0921937103329154e-05,1.0,0.3224340691184586
394,0.99,0.08999999999999997,0.33388754131779763,0.0129352182172304,0.010078318499569607,0.4310567666924315,0.28634084646873154,0.3,3.443837901184352e-05,1.0921937103329154e-05,1.0,0.37191326174070416
395,0.99,0.08999999999999997,0.33408312045164257,0.012608583545572875,0.010519488217415982,0.43101107150601115,0.2862912553413641,0.3,3.443837901184352e-05,1.0921937103329154e-05,1.0,0.3224340691184586
396,0.99,0.08999999999999997,0.33422066567993297,0.012404073867215567,0.010151646352933776,0.4309789411863504,0.28625638960223815,0.3,3.443837901184352e-05,1.0921937103329154e-05,1.0,0.3224340691184586
397,0.99,0.08999999999999997,0.33399404746238603,0.012410327394626322,0.00976315852322219,0.4310318813531147,0.2863138385956822,0.3,3.443837901184352e-05,1.0921937103329154e-05,1.0,0.3224340691184586
398,0.99,0.08999999999999997,0.3341432401535213,0.012167844978201958,0.009578450030893703,0.430997027061686,0.28627601481594506,0.3,3.443837901184352e-05,1.0921937103329154e-05,1.0,0.32155486484523466
399,0.99,0.08999999999999997,0.33410957143725134,0.012195508398596764,0.009442459488135622,0.431004892230959,0.2862845497369682,0.3,3.443837901184352e-05,1.0921937103329154e-05,1.0,0.3224340691184586
400,0.99,0.08999999999999997,0.3342101178550778,0.012048914485653766,0.009409745264594283,0.43098140496980303,0.2862590630236386,0.3,3.443837901184352e-05,1.0921937103329154e-05,1.0,0.32151331452182497
401,0.99,0.08999999999999997,0.334257157834336,0.01198525221077739,0.009286767794059134,0.4309704174883119,0.28624714079078195,0.3,3.443837901184352e-05,1.0921937103329154e-05,1.0,0.32032213339223015
402,0.99,0.08999999999999997,0.33416125320107154,0.012065167497054904,0.009156182915747244,0.4309928192475699,0.28627144877007793,0.3,3.443837901184352e-05,1.0921937103329154e-05,1.0,0.3193936228525338
403,0.99,0.08999999999999997,0.3342549404889998,0.011952857864964432,0.009205466094647527,0.4309709353977453,0.2862477027523034,0.3,3.443837901184352e-05,1.0921937103329154e-05,1.0,0.32449640147921954
404,0.99,0.08999999999999997,0.3342917213037562,0.01189879192146895,0.009243268469661123,0.4309623445960362,0.286238381349011,0.3,3.443837901184352e-05,1.0921937103329154e-05,1.0,0.31858201024648536
405,0.99,0.08999999999999997,0.33429498967794613,0.011894106571922794,0.009216409046490986,0.4309615812267271,0.28623755307063026,0.3,3.443837901184352e-05,1.0921937103329154e-05,1.0,0.31740272229623945
406,0.99,0.08999999999999997,0.33433664176057704,0.011827398294464721,0.009143284178784343,0.4309518531033112,0.2862269979305095,0.3,3.443837901184352e-05,1.0921937103329154e-05,1.0,0.31740272229623945
407,0.99,0.08999999999999997,0.33430590022417833,0.011867310165787417,0.008870179005076105,0.43095903295298177,0.28623478813136777,0.3,3.443837901184352e-05,1.0921937103329154e-05,1.0,0.31740272229623945
408,0.99,0.08999999999999997,0.33401802594510355,0.011892545090585994,0.008651120891647096,0.43102627913666935,0.28630775882454407,0.3,3.443837901184352e-05,1.0921937103329154e-05,1.0,0.31872686022573915
409,0.99,0.08999999999999997,0.333944071346168,0.011974196793873487,0.008502724505554556,0.4310435579986762,0.28632651092583644,0.3,3.443837901184352e-05,1.0921937103329154e-05,1.0,0.31710793708069174
410,0.99,0.08999999999999997,0.3337070150935504,0.012070122132608082,0.008482103039835449,0.4310989535111078,0.2863866360241652,0.3,3.443837901184352e-05,1.0921937103329154e-05,1.0,0.31710793708069174
411,0.99,0.08999999999999997,0.33347107263301545,0.012119497783262035,0.008348968342218573,0.4311541028915464,0.2864465037076042,0.3,3.443837901184352e-05,1.0921937103329154e-05,1.0,0.31926084139515387
412,0.99,0.08999999999999997,0.3334033483182842,0.012171364448149544,0.008354012210523969,0.43116993543377974,0.28646369259657756,0.3,3.443837901184352e-05,1.0602024545851731e-05,1.0,0.3207494165969913
413,0.99,0.08999999999999997,0.3332758824159193,0.012288116833454486,0.008397099498528706,0.4311997374759707,0.2864960499002376,0.3,3.434225477272823e-05,1.029074962742613e-05,1.0,0.31576449007323104
414,0.99,0.08999999999999997,0.3334698224305008,0.012352906849721415,0.008619417375841057,0.43115439515246895,0.286446820998767,0.3,3.434345190705061e-05,1.0282345204628697e-05,1.0,0.34718579675657923
415,0.99,0.08999999999999997,0.3332585829228031,0.012467335008930611,0.008838551502801353,0.4312037824847604,0.2865004419513798,0.3,3.4343486996386976e-05,1.0282118285213341e-05,1.0,0.3160796813580846
416,0.99,0.08999999999999997,0.33312611575877993,0.012594442795758358,0.008854052537770704,0.4312347587890082,0.2865340776064827,0.3,3.434348794581594e-05,1.0282112158389265e-05,1.0,0.3145450788961188
417,0.99,0.08999999999999997,0.33300013727559635,0.012709649711174088,0.008835386517658519,0.4312642219002838,0.2865660730034666,0.3,3.434348797145205e-05,1.0282111992964912e-05,1.0,0.31519394698007264
418,0.99,0.08999999999999997,0.3328540950218345,0.012823365378948825,0.00874183984817557,0.43129838244819224,0.28660317304267474,0.3,3.434348797214424e-05,1.0282111988498227e-05,1.0,0.31568437399728455
419,0.99,0.08999999999999997,0.33261574344958617,0.01290881179475442,0.008664440043136618,0.43135414657029225,0.2866637436403429,0.3,3.434348797216294e-05,1.0282111988377672e-05,1.0,0.3162049894446821
420,0.99,0.08999999999999997,0.3324360771377081,0.013042461400527814,0.008566929383269495,0.43139619037183935,0.2867094178935894,0.3,3.434348797216344e-05,1.0282111988374307e-05,1.0,0.31389031933545364
421,0.99,0.08999999999999997,0.33210916745023156,0.013162048105984906,0.008530922061761823,0.43147271169517665,0.2867925612796725,0.3,3.434348797216345e-05,1.0282111988374307e-05,1.0,0.3111342072116754
422,0.99,0.08999999999999997,0.3318492628289483,0.013308739275696386,0.008533889806311316,0.4315335681938441,0.28685869759298266,0.3,3.434348797216344e-05,1.0282111988374307e-05,1.0,0.3115138768779657
423,0.99,0.08999999999999997,0.3317047542382312,0.013325927110212778,0.008644624507162569,0.43156741221325073,0.2868954829922412,0.3,3.434348797216345e-05,1.0282111988374307e-05,1.0,0.32296761697870324
424,0.99,0.08999999999999997,0.3314351246637476,0.013469658066761878,0.008751395813248007,0.43163057385519354,0.2869641438061779,0.3,3.434348797216344e-05,1.0282111988374307e-05,1.0,0.3109465233185038
425,0.99,0.08999999999999997,0.33114885316423154,0.013601743239287529,0.008753551956131875,0.43169765416243305,0.2870370784429485,0.3,3.434348797216345e-05,1.0282111988374307e-05,1.0,0.3107330651730009
426,0.99,0.08999999999999997,0.3308794648511396,0.01370283786352082,0.008770605679792596,0.4317607973771054,0.2871057455436773,0.3,3.434348797216344e-05,1.0282111988374307e-05,1.0,0.3124213838154124
427,0.99,0.08999999999999997,0.33054482184014655,0.01389886061646057,0.008836519516056393,0.4318392616822015,0.28719109184076225,0.3,3.434348797216345e-05,1.0282111988374307e-05,1.0,0.3058959140252966
428,0.99,0.08999999999999997,0.33016730062236804,0.014164463813972204,0.008874412954451665,0.43192781395311075,0.28728743459033934,0.3,3.434348797216344e-05,1.0282111988374307e-05,1.0,0.30160809334676
429,0.99,0.08999999999999997,0.3299061424660201,0.01424298899659754,0.008967857276308194,0.4319890930828497,0.28735411952475,0.3,3.434348797216345e-05,1.0282111988374307e-05,1.0,0.312708029212418
430,0.99,0.08999999999999997,0.32961397434561523,0.014393855114023057,0.008717276469232092,0.4320576691174765,0.2874287593390189,0.3,3.434348797216344e-05,8.764472378984464e-06,1.0,0.30775808480485733
431,0.99,0.08999999999999997,0.32889733281090267,0.014311738963919575,0.008537177527568909,0.4322259673636805,0.28761200313416696,0.3,3.10997846741543e-05,7.287809039047918e-06,1.0,0.29506818768217213
432,0.99,0.08999999999999997,0.32844204648802944,0.014788036498294948,0.00856902927924696,0.4323329562934971,0.28772854034749523,0.3,3.110197573490064e-05,7.247939128869856e-06,1.0,0.29068401651877673
433,0.99,0.08999999999999997,0.32796220105467505,0.015259171878292047,0.0085814036560232,0.4324457737768643,0.2878514660870616,0.3,3.110210365905534e-05,7.24686264129513e-06,1.0,0.2894589532179288
434,1.0,0.09999999999999998,0.3274823556213207,0.015701532602513425,0.008551442351031136,0.4146237415580841,0.26057010024081034,0.3,3.110210716313179e-05,7.246833576130714e-06,1.0,0.2894589532179288
435,1.0,0.09999999999999998,0.32696460508749,0.016114911682754533,0.008559769026318225,0.4147357036973632,0.26069032379712487,0.3,3.1102107257778405e-05,7.246832791371251e-06,1.0,0.28863461236450694
436,1.0,0.09999999999999998,0.3265463724350707,0.01630217741232071,0.008660292138855061,0.41482618952638367,0.2607875199724533,0.3,3.1102107260333924e-05,4.12427950197024e-06,1.0,0.29858640050565377
437,1.0,0.09999999999999998,0.3259968724648799,0.016745695009929444,0.008604653282950197,0.4149451354491359,0.2609153325526538,0.3,4.9947741439505056e-06,1.0860351301942384e-06,1.0,0.28545966872849116
438,1.0,0.09999999999999998,0.3252470455622236,0.016926898199247732,0.008430539507425401,0.415107554652072,0.2610899430246662,0.3,4.933917090586175e-06,1.0040025321565994e-06,1.0,0.2840619539937015
439,1.0,0.09999999999999998,0.3246699251042199,0.01737792566210001,0.008147666537408312,0.4152326507158373,0.2612244949867211,0.3,4.934098931500373e-06,1.001787652009185e-06,1.0,0.2826976199472073
440,1.0,0.09999999999999998,0.3237991170654344,0.01727723852674025,0.007875636678019195,0.4154215489890541,0.261427781041841,0.3,4.9341051788625504e-06,1.001727850245756e-06,1.0,0.2826976199472073
441,1.0,0.09999999999999998,0.323197618587444,0.017646702374887448,0.007853778378827206,0.4155521282199202,0.26156838289364487,0.3,4.93410534851647e-06,1.0017262355979465e-06,1.0,0.2826976199472073
442,1.0,0.09999999999999998,0.32257448039325354,0.01796279139297934,0.007805909575962629,0.41568749181518316,0.26171420267210654,0.3,4.9341053530978486e-06,1.0017261920026284e-06,1.0,0.2826976199472073
443,1.0,0.09999999999999998,0.321998732313899,0.018305732853774796,0.007786127336222082,0.41581263931640805,0.2618490773315341,0.3,4.934105353221574e-06,1.0017261908251192e-06,1.0,0.2826976199472073
444,1.0,0.09999999999999998,0.32146305046422563,0.018601850283582046,0.0077983515739281075,0.41592914551000904,0.2619746909829067,0.3,4.934105353224898e-06,1.001726190793158e-06,1.0,0.2847458011810011
445,1.0,0.09999999999999998,0.3209256319861589,0.01890530514672945,0.007624612324354553,0.41604609502916295,0.26210083302471093,0.3,4.934105353224955e-06,1.0017261907925973e-06,1.0,0.2837341566407803
446,1.0,0.09999999999999998,0.3202476777797401,0.018862098724234146,0.007560896686995575,0.4161937208669723,0.2622601347813136,0.3,4.934105353224957e-06,1.0017261907925973e-06,1.0,0.2878924140535717
447,1.0,0.09999999999999998,0.3197419112049349,0.01886374486675394,0.007537791818834439,0.4163039207645487,0.26237910305812606,0.3,4.934105353224955e-06,1.0017261907925973e-06,1.0,0.29464507170358933
448,1.0,0.09999999999999998,0.31928963158258167,0.019005821363601648,0.007383679096912727,0.41640251599552724,0.2624855813902774,0.3,4.934105353224955e-06,1.0017261907925973e-06,1.0,0.29095372735082403
449,1.0,0.09999999999999998,0.31866152679635007,0.018848210405297005,0.0071853961932617305,0.4165395179300614,0.26263359694609917,0.3,4.934105353224955e-06,1.0017261907925973e-06,1.0,0.2923197147859986
450,1.0,0.09999999999999998,0.31816045696233153,0.01909464019725982,0.0072342886552505155,0.4166488757197529,0.2627517959335534,0.3,4.934105353224955e-06,1.0017261907925973e-06,1.0,0.2840272151106862
451,1.0,0.09999999999999998,0.31765057410664643,0.019431270224355025,0.007243190697337959,0.4167602158999698,0.26287218311821364,0.3,4.934105353224955e-06,1.0017261907925973e-06,1.0,0.27969376700560655
452,1.0,0.09999999999999998,0.3170873212470075,0.019758883823978873,0.00726222963124668,0.4168832793760201,0.26300529967046476,0.3,4.934105353224955e-06,1.0017261907925973e-06,1.0,0.27780891254864315
453,1.0,0.09999999999999998,0.3167303848439058,0.019770107330234737,0.007465123947765879,0.41696130299896084,0.26308972616460957,0.3,4.934105353224955e-06,1.0017261907925973e-06,1.0,0.2984405582023728
454,1.0,0.09999999999999998,0.3162661985261586,0.019887817393079345,0.0075124090351138435,0.4170628143476065,0.26319960169272233,0.3,4.934105353224955e-06,1.0017261907925973e-06,1.0,0.2882606750561465
455,1.0,0.09999999999999998,0.31568693611988224,0.020026029385410128,0.0075430172123888105,0.41718956064693524,0.2633368451733911,0.3,4.934105353224955e-06,1.0017261907925973e-06,1.0,0.28225172570201407
456,1.0,0.09999999999999998,0.3151410198148678,0.0200138426807639,0.007504838894063726,0.41730908113986603,0.2634663191007307,0.3,4.934105353224955e-06,1.0017261907925973e-06,1.0,0.2885650756321152
457,1.0,0.09999999999999998,0.31448430452023773,0.01982919571845917,0.007363424696931335,0.41745295024524,0.26362223981091226,0.3,4.934105353224955e-06,1.0017261907925973e-06,1.0,0.2875781801148307
458,1.0,0.09999999999999998,0.3137977394192864,0.020179489908217114,0.007458776810987208,0.41760346476374066,0.26378544505973284,0.3,4.934105353224955e-06,1.0017261907925973e-06,1.0,0.26960629844931683
459,1.0,0.09999999999999998,0.3131873362825067,0.020606971065023967,0.007462898327614643,0.417737373596278,0.2639307154302398,0.3,4.934105353224955e-06,1.0017261907925973e-06,1.0,0.26869047249250144
460,1.0,0.09999999999999998,0.3125779267750342,0.021020687695703054,0.00746625218262792,0.4178711501450453,0.26407590902826766,0.3,4.934105353224955e-06,1.0017261907925973e-06,1.0,0.26828203961251385
461,1.0,0.09999999999999998,0.31195974523115527,0.02142935188833224,0.007196687501082683,0.41800693988520005,0.26422335589434565,0.3,4.934105353224955e-06,1.0017261907925973e-06,1.0,0.26732843473820145
462,1.0,0.09999999999999998,0.3110121697777211,0.021521025762141054,0.006971014513819407,0.4182152556833126,0.2644496887433009,0.3,4.934105353224955e-06,1.0017261907925973e-06,1.0,0.2620295521299749
463,1.0,0.09999999999999998,0.31029736636781835,0.02208648699651313,0.006933119397281265,0.4183725361163221,0.2646206796361543,0.3,4.934105353224955e-06,1.0017261907925973e-06,1.0,0.2576662481358185
464,1.0,0.09999999999999998,0.309491338421867,0.022553572349023988,0.006861327604776141,0.4185500309380994,0.2648137581505414,0.3,4.934105353224955e-06,5.008630953962987e-07,1.0,0.25665871506239313
465,1.0,0.09999999999999998,0.30875348175046174,0.023098851146070735,0.006669859135555573,0.4187126459016537,0.26499075388393106,0.3,1.332208445373745e-07,1.3523303575723055e-08,1.0,0.2553609219855677
466,1.0,0.09999999999999998,0.3078206761210554,0.0233210050511709,0.006472940996160554,0.4189184062660711,0.26521485253611304,0.3,3.5969628050515184e-09,3.6512919679908877e-10,1.0,0.2561191977151225
467,0.99,0.08999999999999997,0.30709040220694567,0.023780632027885964,0.006330715638557388,0.43741062117014756,0.2933019281340271,0.3,9.711799591364281e-11,9.858488324229052e-12,0.0,0.2561191977151225
468,0.99,0.08999999999999997,0.3062272639648521,0.02401858923770436,0.00619267961812432,0.43761839473620745,0.29353177599933394,0.3,2.622187382133757e-12,2.661793344660771e-13,1.0,0.2569130753194495
469,0.99,0.08999999999999997,0.305504598435874,0.02441345716447434,0.006190866335615839,0.4377925057614885,0.2937244941865378,0.3,7.079799999011863e-14,7.18673156900032e-15,1.0,0.2565009030038017
470,0.99,0.08999999999999997,0.3047706881284077,0.024785610901877624,0.0061370463992516736,0.43796946783059326,0.2939204702641539,0.3,1.9113659049662573e-15,1.9400866995974957e-16,1.0,0.2559681124389632
471,0.99,0.08999999999999997,0.3040912571264117,0.025190860530604486,0.006137456380408379,0.4381334213032887,0.2941021319924695,0.3,7.087189354717363e-17,5.046468293750712e-18,1.0,0.25555507872110605
472,0.99,0.08999999999999997,0.30341520272084027,0.02557519653183564,0.005966819413736095,0.4382966818531294,0.2942831139321359,0.3,0.0,0.0,1.0,0.2555202927802147
473,0.99,0.08999999999999997,0.30256781670737787,0.025750441257839197,0.005867425197949706,0.4385014892269406,0.2945102767062324,0.3,0.0,0.0,1.0,0.25531497763256694
474,0.98,0.07999999999999996,0.30183426411406805,0.026001905394165796,0.005813385383459585,0.4588057818042947,0.3257018345306628,0.3,0.0,0.0,0.0,0.2566529771373287
475,0.98,0.07999999999999996,0.3012095816393586,0.026227614856325777,0.0058221055477597206,0.4589712058684862,0.3258874045143672,0.3,0.0,0.0,1.0,0.26085204785808447
476,0.98,0.07999999999999996,0.3005853391574221,0.02651463257653928,0.005855355802080503,0.4591366326222783,0.32607305514807355,0.3,0.0,0.0,1.0,0.257560272680327
477,0.98,0.07999999999999996,0.29995860652655837,0.026787984723557996,0.0058464371269578335,0.4593028392827684,0.32625965926673817,0.3,0.0,0.0,1.0,0.25731125778761266
478,0.98,0.07999999999999996,0.29933828185837635,0.027060133498491058,0.005851398414449669,0.4594674651168276,0.3264445659042674,0.3,0.0,0.0,1.0,0.256820090325921
479,0.98,0.07999999999999996,0.2987666343511837,0.02724502812786396,0.005633573741173477,0.4596192772055819,0.32661514849598494,0.3,0.0,0.0,1.0,0.26168780642485845
480,0.97,0.06999999999999995,0.2978220281175773,0.027253338381892013,0.005704716833653027,0.4820378473208877,0.3612775161802886,0.3,0.0,0.0,0.0,0.2508242925367581
481,0.96,0.05999999999999994,0.2969611327569268,0.026978109557032313,0.0055337137252911926,0.506728522845859,0.39958813200517673,0.3,0.0,0.0,0.0,0.26301572756498315
482,0.95,0.04999999999999993,0.29627414746462644,0.027256336284108756,0.0056521959063117804,0.5340227593798752,0.44189113933477275,0.3,0.0,0.0,0.0,0.25128599164394494
483,0.94,0.039999999999999925,0.29557841640509247,0.02752881962992919,0.005649596037559263,0.5644282263248187,0.48867673082393187,0.3,0.0,0.0,0.0,0.2504114149205856
484,0.93,0.030000000000000027,0.29496899650964303,0.02768097414603493,0.005710780930494085,0.598466224227157,0.5403732194687489,0.3,0.0,0.0,0.0,0.25791056759917885
485,0.92,0.020000000000000018,0.29428115678743966,0.027896879934357053,0.005558605254144625,0.6369130276741296,0.5975818108833595,0.3,0.0,0.0,0.0,0.2515104332018363
486,0.91,0.010000000000000009,0.29350561719509555,0.027643033023520537,0.005656078260935023,0.6806898754630785,0.660900497103948,0.3,0.0,0.0,0.0,0.2642059725436936
487,0.9,0.0,0.2926496889687156,0.027554951204176486,0.005623318599185026,0.7309827009621683,0.7309827009621683,0.3,0.0,0.0,0.0,0.25312139747051354
488,0.9,0.0,0.29194034387417145,0.027641718407000034,0.005376322536196349,0.7314596589099033,0.7314596589099033,0.3,0.0,0.0,1.0,0.2534519290676509
489,0.9,0.0,0.29098677093891095,0.027293605980293435,0.005136314370151278,0.7321018153182626,0.7321018153182626,0.3,0.0,0.0,1.0,0.253812286829034
490,0.9,0.0,0.29027896965939276,0.027318866385393038,0.005100816594338543,0.7325791933710676,0.7325791933710676,0.29989081343762913,1.0863925785985956e-05,1.1028945694025803e-06,1.0,0.25426828620342357
491,0.9,0.0,0.28976122814639754,0.02722069100587175,0.005209823642927552,0.7329287796555582,0.7329287796555582,0.29999705196281595,1.0864922752339202e-05,2.176010985431057e-06,1.0,0.2693039836758684
492,0.89,-0.010000000000000009,0.2890910278757127,0.027161881974646328,0.005291781325632157,0.683271887088223,0.6635912979714961,0.299999920402996,1.0864843488146831e-05,2.204985128663868e-06,0.0,0.25830210756904637
493,0.88,-0.020000000000000018,0.28841034178188546,0.027170674737289475,0.004831755620693502,0.6399220864398733,0.6008194143878867,0.2999999978508809,1.086484127059927e-05,2.2057674305313738e-06,0.0,0.25436545973572766
494,0.87,-0.030000000000000027,0.28722189939212767,0.02606905986505651,0.004345061119163722,0.6019760283883371,0.5442407814804682,0.2992605480643272,7.426076886361416e-05,9.674957193699644e-06,0.0,0.2530690227649304
495,0.86,-0.040000000000000036,0.28655485915002155,0.026012868730371563,0.004371940130708334,0.568066629500806,0.49275308229172904,0.29955748542822613,8.58946809467899e-05,1.2674324505809826e-05,0.0,0.255730044907847
496,0.85,-0.050000000000000044,0.28590151810660575,0.025923834901693685,0.004385777705142956,0.5377687720970463,0.44613087436335613,0.2999880521065621,8.588490501565131e-05,1.7023482872839766e-05,0.0,0.2570999647768746
497,0.84,-0.06000000000000005,0.2853776256960325,0.025708730542561987,0.004507653048688808,0.5104967182431018,0.403871621615309,0.281436886012642,0.0018476904868264803,0.00020440899897304282,0.0,0.27004482806113783
498,0.83,-0.07000000000000006,0.2849146492855753,0.025468819720872515,0.004551422659447913,0.48583918787698455,0.36559479577595266,0.27902275859664094,0.002772551505330502,0.0002287941243871949,0.0,0.27525722379951323
499,0.82,-0.08000000000000007,0.2842351718528933,0.025364953152285978,0.0047519291579592475,0.4635123625515466,0.3310120843038402,0.27317171726570644,0.0038201394612260666,0.0002878955519723919,0.0,0.25448632585025743
500,0.81,-0.08999999999999997,0.2836447039238426,0.02517686116586033,0.004820505063382503,0.4431254633923486,0.2996760475802495,0.2711161713365633,0.0047393936578631595,0.000308658642165757,0.0,0.26246652161675454
501,0.81,-0.08999999999999997,0.28305178885952964,0.025003688054690554,0.004825630155464571,0.44327192184986625,0.2998408355001675,0.27101917813684173,0.005497005939267715,0.00030963837145587376,1.0,0.2610306269609335
502,0.81,-0.08999999999999997,0.2826584273508671,0.02473685617485378,0.0049662772908045634,0.44336914117187554,0.29995026186226925,0.27063042787027103,0.006165965211047007,0.0003135651418252748,1.0,0.2800574719862785
503,0.8,-0.09999999999999998,0.28201808322897276,0.024472937515862322,0.005104470133872768,0.4246912681417081,0.27156755624012685,0.27517658668316575,0.0065841059606690545,0.00035948593791512045,0.0,0.26046198928979214
504,0.79,-0.10999999999999999,0.28149180190385215,0.02424580536947418,0.005148031755028147,0.4074996502311244,0.24584459554391697,0.2795904733038676,0.006836712189346239,0.0004040706512555432,0.0,0.2659538777344206
505,0.78,-0.12,0.2809166538867636,0.02406864386744584,0.005209304049442653,0.3916551510577789,0.22256828104353177,0.24286227041040265,0.00876209061009102,0.0007750625996743812,0.0,0.2598879205873845
506,0.78,-0.12,0.2805859364096492,0.02379063865361227,0.005456203584770072,0.391718956925658,0.22263670301759916,0.2297731866024188,0.011044705445442803,0.0009072755674317937,1.0,0.28433097458479906
507,0.77,-0.13,0.28050739695517124,0.023681681172025848,0.00569755372955946,0.37696702829148143,0.20146472780508776,0.21615000723405775,0.013641787493301586,0.0010448834398394812,0.0,0.30954877684844817
508,0.76,-0.14,0.28025149605533034,0.023403937165189376,0.00584697881503173,0.36331531304996373,0.18233620034250442,0.21816637663542549,0.015673657930050305,0.0010652508075300643,0.0,0.2931367702416461
509,0.75,-0.15000000000000002,0.28006229488044027,0.023180630326136563,0.005897999515537195,0.350607512973279,0.16501364719184444,0.21290415391353001,0.01766835834698243,0.0011184045723976954,0.0,0.29818781959168716
510,0.74,-0.16000000000000003,0.2798466456269158,0.0229339889159602,0.005902968238254157,0.33876245664074695,0.14934047351983934,0.21187666464796415,0.019463406442576547,0.0011287832518478557,0.0,0.2955430117282458
511,0.73,-0.17000000000000004,0.27957821156719503,0.022626118757608185,0.0059195036029343,0.3276987282465349,0.13516259801025576,0.21512141456543024,0.02094757190880935,0.0011615585035394324,0.0,0.2924174354230742
512,0.72,-0.18000000000000005,0.2791982110162903,0.022247398281552432,0.005966808122053508,0.31734893980702444,0.12234343227052925,0.18719414860941436,0.023404802890032692,0.0014436520990547444,0.0,0.2827493615065124
513,0.72,-0.18000000000000005,0.27928429567970786,0.02240482020250152,0.006069861538468969,0.31733803771079055,0.12233363043480751,0.1857002355131401,0.025638327849763363,0.001458742130330242,1.0,0.3243729564149913
514,0.72,-0.18000000000000005,0.27874156518286575,0.02138767449497289,0.006073438244975364,0.31740678373775866,0.12239545349311344,0.18458848040234252,0.027686825774920803,0.001469971979934258,1.0,0.2929127470723636
515,0.72,-0.18000000000000005,0.2786141888433214,0.021202049043213975,0.006163283677998855,0.3174229224283813,0.122409972133837,0.18547724030582435,0.029517867093415865,0.0014789493526967006,1.0,0.303342047403655
516,0.72,-0.18000000000000005,0.27861763875921824,0.02120792255310412,0.006273376152728095,0.3174224852994782,0.12240957885930769,0.19381349945369708,0.030939110454613266,0.0015631539905540009,1.0,0.31489007048580353
517,0.72,-0.18000000000000005,0.2785412291853539,0.021089438651702597,0.00634253427267707,0.31743216721839757,0.1224182897908096,0.19366205462297245,0.03226726331717891,0.0015646837363188961,1.0,0.3075529895936431
518,0.72,-0.18000000000000005,0.2784428427395721,0.020938337279167184,0.00635452058305223,0.3174446347144451,0.12242950798086336,0.1938773929181097,0.03350329538393658,0.001566858870613212,1.0,0.3058457294191046
519,0.72,-0.18000000000000005,0.2785854348290445,0.02124137596092779,0.006579811480664227,0.3174265658135174,0.12241325005739068,0.19167910313206346,0.034720421115644697,0.0015890638179470124,1.0,0.33046419839192076
520,0.72,-0.18000000000000005,0.27844562983412113,0.021053727758737824,0.00686060205061405,0.3174442815213187,0.12242919016330116,0.19425301580330645,0.035799243429029494,0.0016150629358383556,1.0,0.29990981984311005
521,0.71,-0.19000000000000006,0.27834375922740745,0.02091953217807805,0.006867245050926315,0.3076893711687639,0.11078902432841153,0.18888287269377907,0.03694705548586362,0.0016693068056315614,0.0,0.3009471465403146
522,0.71,-0.19000000000000006,0.27837421186239747,0.02096995160831851,0.006889045593713264,0.3076857456530655,0.1107858817176694,0.1965296201367991,0.03785109467580835,0.0017465466787933799,1.0,0.3145591403769601
523,0.71,-0.19000000000000006,0.27834926766957574,0.02091831199036931,0.006827358357949431,0.3076887153589689,0.11078845586227519,0.20268905212795466,0.03857917653224262,0.0018087631635525271,1.0,0.32047319769654004
524,0.71,-0.19000000000000006,0.27829060568977154,0.02083487506516187,0.006980685774241988,0.3076956995281808,0.11079451002408323,0.20054688276414348,0.03931156235097442,0.001830401237934458,1.0,0.30508032533807405
525,0.71,-0.19000000000000006,0.2782848848649641,0.02082604292184825,0.007014951821835678,0.3076963806542527,0.11079510047255461,0.19800956656209517,0.04005538283297879,0.0018560306945208046,1.0,0.3101609826922609
526,0.71,-0.19000000000000006,0.2780605089205031,0.020576427223361445,0.007152848019137094,0.30772309741607884,0.11081826336268287,0.2046363547463621,0.04063780390104155,0.0019229679489073392,1.0,0.2899837893693049
527,0.71,-0.19000000000000006,0.27786357599557115,0.02040258358408777,0.007147730313669087,0.3077465503220168,0.11083860122322992,0.20725327294739032,0.04114568108460437,0.0019494014660894423,1.0,0.28620262153210096
528,0.71,-0.19000000000000006,0.2779507651885527,0.02052214757521176,0.007279290467680835,0.3077361664474714,0.11082959600997613,0.20917134890849937,0.04159608741521363,0.0019687759707471097,1.0,0.310327012644922
529,0.7,-0.20000000000000007,0.27797994578487634,0.020573558654091318,0.007282817051441408,0.29854547118220703,0.1002800387227716,0.21297679582728768,0.041965237595160194,0.002007214828512648,0.0,0.3156260888447795
530,0.7,-0.20000000000000007,0.2780119859937843,0.020622345700894797,0.007201747213324684,0.29854188001082266,0.1002770449049809,0.21410262335797464,0.0422974748585662,0.0020185868237721123,1.0,0.31096210569564997
531,0.69,-0.21000000000000008,0.27810593151600893,0.020720994187302905,0.007223112815623902,0.2898775957648499,0.09072648047692809,0.20050836335956485,0.0428156845904476,0.0021559025813318073,0.0,0.304462739904632
532,0.68,-0.21999999999999997,0.2782727004572532,0.020887992819905808,0.007240012890752462,0.28169477036652213,0.08207996082921898,0.19305833264158945,0.04343214943631325,0.0022311554168669124,0.0,0.30736091064320736
533,0.68,-0.21999999999999997,0.2785527097728891,0.021221094940459036,0.007342022730533384,0.28166683129210385,0.08205855626480012,0.1961465706130899,0.04396121638734529,0.0022623497398113613,1.0,0.31745988478151865
534,0.67,-0.22999999999999998,0.2786202435005706,0.02126639293944198,0.007548317861260857,0.27394417934634263,0.07424498252544451,0.19433728386437465,0.04448964984839491,0.002280625363535758,0.0,0.29621232598607694
535,0.66,-0.24,0.278763008204185,0.02138075442446911,0.007515458958217757,0.2666269752519528,0.06717070790440624,0.19315743624359094,0.04500645921072474,0.002292543016270947,0.0,0.3029110827259569
536,0.66,-0.24,0.27905998386518804,0.021855023440919514,0.007639157464306955,0.26660042853443755,0.06715213873704484,0.19793463488800597,0.04541759179251983,0.002340797548032715,1.0,0.32828396660595005
537,0.66,-0.24,0.27918742063378055,0.021928997532720554,0.007928883790402021,0.2665890385554224,0.06714417357288593,0.202504892531355,0.045736941887645134,0.002386961766652402,1.0,0.29820334558774886
538,0.66,-0.24,0.2794119478427393,0.022092095822246947,0.007999055459647816,0.2665689732438779,0.06713014457365299,0.20464279357624873,0.04600502251506204,0.0024085567267018338,1.0,0.30651467488957684
539,0.66,-0.24,0.27988912498759977,0.02266580018038171,0.008240476263119238,0.2665263394079177,0.06710034885990476,0.20652994397757368,0.04622813777155569,0.0024276188519677423,1.0,0.33041533443324766
540,0.66,-0.24,0.2801000385492889,0.022788750858411734,0.008509429377433632,0.2665074994852174,0.06708718750296441,0.21814073563628056,0.046304679478240074,0.002544899575793064,1.0,0.30378897611612277
541,0.66,-0.24,0.2801587429022637,0.022802923458671954,0.008663176052902614,0.2665022561735647,0.06708352517219525,0.21301876193035107,0.04641805343642895,0.002596636683933766,1.0,0.2885680552446934
542,0.66,-0.24,0.28039227278202633,0.02294685620806427,0.008839767494102337,0.2664813999684721,0.06706896013147039,0.20689216529209203,0.046582357657338654,0.0026585214984616353,1.0,0.30605060792346594
543,0.65,-0.25,0.280654220463406,0.023120532275732863,0.008847783644889359,0.25954229729895506,0.06067172880357742,0.20269245869402652,0.046777338364073016,0.0027009427772299735,0.0,0.30889238808517483
544,0.65,-0.25,0.2807471906796752,0.023155463840135036,0.008987560622031121,0.25953442191033566,0.06066648628111641,0.2091014752616755,0.04687843130005024,0.002765680318317337,1.0,0.2940428228079195
545,0.65,-0.25,0.28100806304912046,0.023333909324159803,0.009104937524703812,0.25951232629596593,0.06065178071569836,0.21194106178168226,0.0469327508043814,0.0027943630104386176,1.0,0.30982139358530736
546,0.65,-0.25,0.28113033203286486,0.023401598883076816,0.009134729681343004,0.25950197153693305,0.060644890777546194,0.210535177900462,0.04698435685133931,0.0028085638577236708,1.0,0.3001193124280097
547,0.65,-0.25,0.28130419861483236,0.023565378900286385,0.009217770823964879,0.2594872484851038,0.060635095975786805,0.216880451121923,0.04696087789776024,0.002872657526627317,1.0,0.31203172990034056
548,0.65,-0.25,0.28142919977794967,0.02364923658667264,0.009290618286617513,0.2594766643975626,0.06062805597005299,0.212716676326912,0.046959075497056,0.0029147158578900546,1.0,0.3034538436625551
549,0.65,-0.25,0.28170833771134146,0.023939093204175952,0.009376347223863117,0.2594530323714429,0.060612340954836724,0.20957755963354235,0.04697032051234254,0.0029464241073180308,1.0,0.32023350812518236
550,0.65,-0.25,0.28193283830359983,0.024064725496331454,0.009471526877232702,0.2594340291064589,0.06059970784344282,0.20375284292803328,0.047022811148498884,0.0030052596295959003,1.0,0.30647727433651384
551,0.65,-0.25,0.2823342901196971,0.024357102603553202,0.00958745435018078,0.25940005441885666,0.06057713044482664,0.2044876587661112,0.04704792748098253,0.0030126820117987074,1.0,0.319838948615337
552,0.65,-0.25,0.2826536180490999,0.02450455775287793,0.00948104624384423,0.2593730361925223,0.06055918365154245,0.2017438817420485,0.04708216329792307,0.0030403969312336842,1.0,0.309741705488926
553,0.65,-0.25,0.282822763504767,0.02467075875136128,0.009434920134085948,0.25935872713372804,0.06054968168586241,0.200861433158738,0.047105196829277295,0.003049310553287325,1.0,0.3153551037690825
554,0.65,-0.25,0.28288389235256445,0.02469172130027108,0.009586158463167373,0.259353556255323,0.060546248426923834,0.20023505697299446,0.04711393941345681,0.0030556375854665528,1.0,0.294373559835889
555,0.65,-0.25,0.2830269646666611,0.024729066070074683,0.009544461971709696,0.2593414545996102,0.06053821439239745,0.19736951282344756,0.047132095149513914,0.003084582475866016,1.0,0.29655895711168
556,0.65,-0.25,0.28312022564482126,0.02476733234291504,0.00954795006079217,0.2593335668033623,0.06053297859462205,0.19505726259780004,0.047153284707749724,0.0031079385387513445,1.0,0.2978911734481293
557,0.65,-0.25,0.2832109614422278,0.024800096955452638,0.009378935231773293,0.25932589304150416,0.06052788543305585,0.1926297500443819,0.047178418317196734,0.0031324588675737497,1.0,0.2966517598554841
558,0.65,-0.25,0.2836370046564949,0.02492834189272705,0.009526844666760423,0.25928986753277367,0.06050398232572478,0.19478816705761004,0.047155263384354766,0.003154261059626561,1.0,0.3122106198760253
559,0.65,-0.25,0.28402135435226133,0.024991150103899656,0.009574084514506767,0.25925737614579736,0.0604824346211105,0.1956440199622802,0.047099599190483905,0.003162906038461613,1.0,0.3071254420691496
560,0.65,-0.25,0.2843630052344675,0.025007172754816683,0.009611707841392701,0.2592285011813258,0.06046329361074249,0.193901761749206,0.04703885257899568,0.003180504606270443,1.0,0.30244712783312977
561,0.65,-0.25,0.28477388323085806,0.025061398222432908,0.009618477780139226,0.25919378393611764,0.060440290187378266,0.19733679018985267,0.04691961724267236,0.003215201863246672,1.0,0.3084162343772623
562,0.65,-0.25,0.2852800348422898,0.02510801220944826,0.009617115910459694,0.25915102930283385,0.06041197682428807,0.19229861790177122,0.04682796221330039,0.003266092492419212,1.0,0.31264471327314514
563,0.65,-0.25,0.285734610214228,0.025015283738004525,0.009703109798036243,0.2591126433356674,0.060386571159305784,0.19230030517152313,0.046711284100343066,0.0032661095355480192,1.0,0.30312378532964157
564,0.65,-0.25,0.2862097658428782,0.024909531996534104,0.009700611813399294,0.25907253165179095,0.06036003811998512,0.1929086379321593,0.046563290559786086,0.00327225431090798,1.0,0.30417427792740903
565,0.65,-0.25,0.286773461218327,0.02484277718371429,0.009769277529293094,0.25902496172303774,0.06032859117886992,0.20057390664942104,0.04632115546622812,0.0033496812676479973,1.0,0.31173045953045
566,0.65,-0.25,0.287270542860621,0.02472145142705352,0.009828904777635832,0.25898302778120236,0.06030088760110069,0.19848554753238978,0.046073491443589035,0.0033707758041836666,1.0,0.30582736194451887
567,0.66,-0.24,0.28770735226792193,0.024552498911786038,0.009881766857383088,0.265829749705265,0.06661590572593235,0.19797767337428013,0.04580623229576839,0.0033759058461847744,1.0,0.29980013844521336
568,0.66,-0.24,0.2881997726118301,0.024423411875429766,0.009941795129599312,0.26578599782629736,0.06658562779309112,0.19755652534871707,0.04551802581989537,0.0033801598666450077,1.0,0.30615510971026727
569,0.66,-0.24,0.2886760495337311,0.024264486363300416,0.0099568832503218,0.2657436940004758,0.06655636866002554,0.20048435410090223,0.04518184597906919,0.003409733894444858,1.0,0.30412859519390256
570,0.66,-0.24,0.2892140965874408,0.02412941045010903,0.010009723542222543,0.26569591983029184,0.06652334571830343,0.19520997451257974,0.04486287750934174,0.003463010455943065,1.0,0.30977281780993327
571,0.66,-0.24,0.28975066555096396,0.023971032497982936,0.010015037247228775,0.2656482940058606,0.0664904461138076,0.20431150073620036,0.04445023604496904,0.0035549450642624646,1.0,0.3092119750734248
572,0.65,-0.25,0.2900690687202359,0.02372443798934466,0.010233684219131449,0.25874719654739453,0.06014539252569798,0.19882708684878445,0.044050129546455846,0.0036103431843373733,0.0,0.2873606097074124
573,0.64,-0.26,0.2905373076100454,0.023494851393249458,0.010369444394902557,0.25218359429762516,0.0543983314861821,0.19552798356040396,0.04364800009299076,0.00364366745997758,0.0,0.30213886661351386
574,0.64,-0.26,0.2908684783608964,0.023246994993269824,0.010451967058239253,0.2521571114265882,0.05438174396931314,0.1916677893631115,0.043248760984751035,0.0036826593205562916,0.0,0.28977005222242513
575,0.64,-0.26,0.2914456175813527,0.0232110175544647,0.010709584659285063,0.25211097238185426,0.054352860668674056,0.1970516482354384,0.04277580144863135,0.003737041733408078,1.0,0.31856596990371777
576,0.63,-0.27,0.2918950523652501,0.022984560066719107,0.010869313992021819,0.2458771058038517,0.04916016949919042,0.19546367792748287,0.042284116512223614,0.0037530818375288407,0.0,0.30250375107006455
577,0.63,-0.27,0.2924185980921037,0.022786257226762127,0.010936696940923009,0.24583730924257877,0.049136505268041676,0.19655737121059816,0.04175258863159372,0.003764129244428995,1.0,0.309665830472974
578,0.62,-0.28,0.2927954554648576,0.022504277918725186,0.011040659433576756,0.23991143973977266,0.04444514837848874,0.19552937182279123,0.04119549461920281,0.003774513076629066,0.0,0.2945058276013157
579,0.61,-0.29000000000000004,0.29325246456993825,0.022331288405192634,0.011061057165329355,0.23425899877371706,0.040198747903904396,0.1956723982285733,0.04060288909125219,0.003775957787798582,0.0,0.30738871693292347
580,0.61,-0.29000000000000004,0.29377414754115644,0.021939951942975718,0.010982316682966944,0.23422300250135458,0.04017949028229356,0.19982765183248258,0.03994796818491623,0.0038179300464239283,0.0,0.3029925896585772
581,0.62,-0.28,0.2943459723398647,0.021875923136602114,0.011037628620908338,0.23979926363866108,0.044381898990222025,0.2020145389539955,0.03924478216184074,0.0038400198153280985,1.0,0.3201982074358134
582,0.62,-0.28,0.2947946646233082,0.021444015545333518,0.011271652971657437,0.23976682141802716,0.0443636293018254,0.20491401386947944,0.038490527304946204,0.003869307440737027,0.0,0.2961552199882931
583,0.62,-0.28,0.29539211763906903,0.021027364324572827,0.011337333212362254,0.23972363683375458,0.04433932576379656,0.20780334521417754,0.037686596243017303,0.0038984926058349876,0.0,0.3101567164966632
584,0.63,-0.27,0.2958043109583191,0.020689881374869285,0.011384067379787843,0.2455802599492355,0.048984019626150024,0.2081172056433097,0.03684110616673597,0.003901662913199959,1.0,0.29912989952418734
585,0.63,-0.27,0.2964918193645374,0.0203460187200456,0.011469277833905162,0.24552812874429203,0.04895317117195232,0.2108520606138142,0.03594549057045781,0.003929287710881823,0.0,0.3202612738236592
586,0.63,-0.27,0.2968127395015774,0.020085669137110424,0.011599365838983805,0.24550380214019843,0.04893878480532917,0.20871896366800902,0.035008996092467395,0.003950834144677835,0.0,0.29629798624769355
587,0.63,-0.27,0.2973396708043745,0.01961829340996775,0.011692153817826196,0.24546386979286627,0.048915181599514114,0.20561567900569785,0.034030852108334335,0.00398218045439815,0.0,0.30581452775022755
588,0.62,-0.28,0.2979269221087552,0.019169577838657303,0.011752781837968693,0.23954059115496643,0.044236508986615984,0.2095139744438881,0.03298722386550848,0.004021557175996031,0.0,0.31217705950571784
589,0.61,-0.29000000000000004,0.2986303590583279,0.018825422073020733,0.011869174998637405,0.23388845255785454,0.04000110744309405,0.19215982327641123,0.03195898831487713,0.004195748737663769,0.0,0.32415598178631
590,0.6,-0.30000000000000004,0.29919221287471554,0.018324813989302385,0.011855706478149338,0.22850619452139137,0.036175916714107303,0.19021275109409724,0.030876016363455314,0.00421434301702869,0.0,0.31045366784218387
591,0.59,-0.31000000000000005,0.2998113976841424,0.018350523854528508,0.01195436224248827,0.22336248111605853,0.03271481365610061,0.19515973430770245,0.029677207446459086,0.00426428357029561,0.0,0.3312224646185602
592,0.59,-0.31000000000000005,0.3003905731166643,0.017940690555424552,0.01206614169667016,0.22332614947819987,0.03269751918354329,0.19614140392114676,0.02838366838135073,0.004274198642674999,0.0,0.3162196508212345
593,0.6,-0.30000000000000004,0.30111885020022244,0.017531077275845162,0.012163889982523763,0.22837975565503002,0.03611234211086068,0.18938055143780044,0.027032308906929495,0.004335020892137551,1.0,0.32719316809153853
594,0.61,-0.29000000000000004,0.3018435661616791,0.017020276905229247,0.012153703386948284,0.23366761594961277,0.03988394514460826,0.19628579924752299,0.025543794027636305,0.004401771502701426,1.0,0.32554061891059427
595,0.62,-0.28,0.30257607997177166,0.016590759938757405,0.012174621438842024,0.23920558732557692,0.04404916386030172,0.19880168230819492,0.023896123251965377,0.004422835304543204,1.0,0.328981425917102
596,0.62,-0.28,0.30314932177516285,0.015988986994952055,0.012190908484466646,0.23916434618649224,0.04402617401443235,0.1996007594953549,0.022059200161919323,0.00424352127518199,0.0,0.31442414511600103
597,0.62,-0.28,0.3036574236339799,0.015734210432575245,0.012203216293441052,0.23912780334308203,0.04400581665682664,0.1884691938546527,0.020838159380037708,0.004331576206744628,0.0,0.32085501394284255
598,0.62,-0.28,0.304117150635449,0.015568437403497141,0.011997196213181623,0.23909474925598254,0.04398741367844391,0.1703077902629575,0.019828093536788532,0.004455923300287665,0.0,0.3212299239464149
599,0.62,-0.28,0.3048329262899309,0.014901285681704393,0.011965416128187108,0.23904330361466475,0.04395879163166203,0.17194437485407976,0.018895706646335723,0.0044516913675803835,0.0,0.32606389129845503
600,0.62,-0.28,0.30546562107557135,0.014424571910720524,0.01195422417325619,0.2389978477556607,0.043933522773343704,0.17298605424831953,0.01791885848538243,0.004461233652373497,0.0,0.32573600018079496
601,0.61,-0.29000000000000004,0.30609547143504207,0.01383357932107211,0.011779410963634409,0.23337603214284114,0.03972995998845552,0.16528174261664597,0.01698318619001103,0.00453512821161696,0.0,0.3240156629080062
602,0.6,-0.30000000000000004,0.30670676387306156,0.01401885938788261,0.011754921773571106,0.22801382944093102,0.035929211259204195,0.15697074717201948,0.016146807853538274,0.004573156864462736,0.0,0.34118671578822557
603,0.6,-0.30000000000000004,0.307136805102876,0.013231126540977302,0.012080464350059565,0.22798571664987766,0.03591519460077953,0.15260248329554094,0.0150905026694682,0.0045726960286625,0.0,0.30346611227123965
604,0.6,-0.30000000000000004,0.30777088507744366,0.012753033147732178,0.01228076541847283,0.22794427801752976,0.03589454749266978,0.15464653239341714,0.013525080624691847,0.0042223510408282705,0.0,0.32936187519118887
605,0.61,-0.29000000000000004,0.3086593058106492,0.012477951199868127,0.012229503445940907,0.23320056295973215,0.03963768258009075,0.15966134909612664,0.013332377192575478,0.004140792787239641,1.0,0.3487299939079431
606,0.61,-0.29000000000000004,0.30913914381644697,0.012455768018700363,0.012140588460887608,0.23316775208825802,0.039620459871617414,0.15628505757415234,0.013569434792406368,0.00403728886959937,1.0,0.33231477516457053
607,0.62,-0.28,0.3093397814385424,0.012621244891659196,0.012002105930582357,0.238719885886441,0.04377942609512588,0.15515536532625712,0.014057056828047934,0.004028332534715809,1.0,0.3296125390579885
608,0.63,-0.27,0.3099038625415467,0.013134563538437475,0.01215242201274447,0.2445155525183597,0.04835905182713359,0.15893160483561175,0.014371500711662159,0.004013322603276003,1.0,0.3495448805420789
609,0.64,-0.26,0.3105755429603808,0.014193033149874624,0.012285413659911903,0.25059113970899094,0.05341255356158239,0.15913968874646114,0.01472288983057974,0.00400504578151119,1.0,0.365355861475096
610,0.65,-0.25,0.311072942172092,0.01452518651270759,0.012456599036382236,0.25699081972451937,0.05900345989762624,0.16334313184276453,0.014965105110576428,0.004014729550994395,1.0,0.3452829328993614
611,0.66,-0.24,0.31147461078398186,0.014559079982366965,0.012487210777500804,0.2637343139370898,0.06518524025364991,0.1644207483529328,0.015125202608028037,0.0037435209707333077,1.0,0.33258429661206135
612,0.67,-0.22999999999999998,0.31214775536353384,0.014770022244776266,0.012243331261755079,0.27081620564659753,0.07199703888066522,0.16451415673718406,0.015397175363983448,0.0037293744584906514,1.0,0.3500638194617134
613,0.67,-0.22999999999999998,0.3124079794282987,0.015205922528933548,0.011928900292938213,0.2707922071901483,0.0719801236848317,0.16533451897987775,0.015638948457739013,0.0037264310961865727,1.0,0.35039536289147133
614,0.67,-0.22999999999999998,0.3130335333109776,0.01567066979172549,0.011874793950690693,0.27073453458289165,0.0719394936645077,0.1628153003146586,0.015915332664076645,0.003742900376608161,1.0,0.35546813534025823
615,0.67,-0.22999999999999998,0.3135957899809973,0.01630855021971275,0.011799557142440376,0.2706827185875462,0.07190301394938602,0.16162099689182957,0.016211641270781806,0.0036707594096885275,1.0,0.3595677144056255
616,0.67,-0.22999999999999998,0.3140099137322296,0.01685286754581031,0.01175842772733359,0.27064456678833404,0.07187616888159672,0.1608686207179789,0.01653111829849459,0.003676829423255458,1.0,0.3563024456090369
617,0.67,-0.22999999999999998,0.31435292567094725,0.017065684932136435,0.011887124716920367,0.270612974418425,0.07185394872340257,0.16402430706103951,0.016781313743804448,0.003706529908588017,1.0,0.3418541834654074
618,0.67,-0.22999999999999998,0.31503434961346205,0.018044752925363196,0.011963038567752311,0.2705502352206278,0.07180984711984477,0.16142468965358808,0.017067834777523633,0.003710583722945645,1.0,0.373988123670586
619,0.67,-0.22999999999999998,0.3150478308001478,0.01805677507137659,0.012080426729987407,0.2705489942914267,0.07180897516658862,0.1644718841029101,0.017293021199794326,0.0037153643469666443,1.0,0.33181231706050074
620,0.67,-0.22999999999999998,0.3154828961803707,0.018210271376736246,0.012187161215923637,0.2705089530867137,0.07178084682142602,0.16382409367949288,0.017519729964421846,0.0036676638147837143,1.0,0.34341635786539193
621,0.68,-0.21999999999999997,0.31574171344347624,0.018185747961763636,0.01221721668236679,0.2780047539207242,0.07931162272071805,0.15665396661927727,0.01786448456052349,0.00366284946748266,1.0,0.32682887285087436
622,0.68,-0.21999999999999997,0.3164540849973882,0.019475020306901784,0.012753109264161703,0.27793553450821024,0.07926079802965745,0.15708333658810766,0.018182465394992006,0.0036049700531157387,1.0,0.3857962957681509
623,0.68,-0.21999999999999997,0.3167438672148954,0.01974637056169395,0.012964745667822592,0.2779073869361525,0.07924014193006292,0.14786543532300128,0.018646515766770975,0.003676442092522761,1.0,0.3494514194472569
624,0.68,-0.21999999999999997,0.3171811495817746,0.019966196406264177,0.012919919405873849,0.2778649229437504,0.07920899217763133,0.15532825141661086,0.018945462005854556,0.003726194616679945,1.0,0.34880856202599575
625,0.68,-0.21999999999999997,0.31748045211634623,0.020082711723273847,0.012804163169041694,0.2778358654957134,0.07918768551478106,0.15259532168822507,0.019292458784644893,0.0036868627130851863,1.0,0.34009123614942305
626,0.68,-0.21999999999999997,0.31786842062030557,0.01992187411833568,0.01288021800284957,0.2777982090556076,0.07916008397768366,0.15213119012321694,0.019590540489195906,0.0036651173935294285,1.0,0.3287806397652393
627,0.68,-0.21999999999999997,0.31844493002372914,0.019831130896537746,0.012788789023015196,0.2777422715801661,0.07911910445396084,0.1517085916442898,0.019855265334751484,0.0036500115603760757,1.0,0.34385356187445715
628,0.68,-0.21999999999999997,0.319189720656041,0.020882960769784225,0.013148924758386821,0.2776700394782749,0.07906622591104898,0.1511377135191998,0.02009230699622736,0.003617339148318516,1.0,0.3848060758761056
629,0.69,-0.21000000000000008,0.3194118953540257,0.020961902368716256,0.01357618267842441,0.28557751645822943,0.08736427571535353,0.15235019707474948,0.020244296260392855,0.003618214461700968,1.0,0.3378435586432549
630,0.69,-0.21000000000000008,0.3196310104316386,0.02098693709402279,0.013560733985447632,0.2855550460399771,0.08734710461560186,0.1514115049878185,0.02037843521573394,0.0034903804423931013,1.0,0.3328736134569379
631,0.7,-0.20000000000000007,0.3202107431137184,0.021357372323454946,0.013830069580569891,0.2938859252436945,0.09648330658431326,0.14409084442653028,0.020768055069137936,0.0034890736731336353,1.0,0.362436008112617
632,0.71,-0.19000000000000006,0.3205269996751566,0.02139886604357655,0.013964922784481871,0.3027478737119936,0.10660031966106137,0.1509174803337315,0.021050751585160718,0.003526835268443744,1.0,0.33898656678701977
633,0.71,-0.19000000000000006,0.3206238189726631,0.02140667138517294,0.013869944940637492,0.3027367145093524,0.10659107000011783,0.14951847990665645,0.021331043899002096,0.00352269096216455,1.0,0.3271418145321716
634,0.72,-0.18000000000000005,0.32105470339353076,0.021344530746474626,0.013925098443675774,0.3121349836937824,0.1177558781974724,0.14332162536956072,0.021716279189171083,0.003573367799703055,1.0,0.3393007680728415
635,0.73,-0.17000000000000004,0.32158119454656825,0.021538945697144898,0.013833043353543156,0.3221229991348031,0.1300790189834877,0.1522982924360508,0.021938949552880234,0.0036157866726533082,1.0,0.3555601980297056
636,0.73,-0.17000000000000004,0.32163039518318265,0.021559809660825952,0.013755018573180731,0.322116579200611,0.1300732884935224,0.1515739883714069,0.022137384241974766,0.003576938656706792,1.0,0.33320403026738465
637,0.73,-0.17000000000000004,0.3220551320800776,0.02151242593574048,0.013746550651039673,0.322061168138621,0.13002383957957897,0.15420885221328542,0.022253948820634264,0.0035819584829389615,1.0,0.3406770352772479
638,0.73,-0.17000000000000004,0.3222359138004267,0.021456959930981012,0.013667596396586037,0.32203758918721875,0.13000280393221186,0.14921552164386684,0.022409473773634735,0.003613334040192433,1.0,0.324592846924487
639,0.73,-0.17000000000000004,0.32226694264481276,0.021471004670226796,0.013488798554467218,0.32203354251228283,0.12999919411973343,0.15019836604636905,0.022516612815434586,0.0035059810376045068,1.0,0.33351821887184885
640,0.73,-0.17000000000000004,0.32261337807110985,0.021449543819874912,0.013384691271664802,0.3219883685035797,0.12995890436173663,0.14567489272803383,0.02251933793799414,0.003499935579143959,1.0,0.338432518745839
641,0.73,-0.17000000000000004,0.3231054730239697,0.021226150235932814,0.013214715671022245,0.32192422276766613,0.12990171759976832,0.14624260960393576,0.02256867356701637,0.003443785278514089,1.0,0.3377775505306797
642,0.73,-0.17000000000000004,0.32366270379193773,0.02150075741529942,0.013428396014738185,0.32185161727414796,0.12983702208259618,0.14844529010953944,0.022646269543203448,0.0034236132977821516,1.0,0.3617736847202666
643,0.74,-0.16000000000000003,0.32394823222113084,0.02149230097617621,0.013524142362602166,0.3325152468115266,0.14345549165284308,0.14314900650482118,0.02283373673654378,0.003412373570883861,1.0,0.3374452310044771
644,0.74,-0.16000000000000003,0.3243089361410993,0.02128909647950126,0.013438823629494221,0.3324651011307324,0.14340927042484475,0.1513881090450667,0.022814750531743432,0.003466914136744859,1.0,0.33011321480477585
645,0.74,-0.16000000000000003,0.32450692545812687,0.021245461840061347,0.013345801491710442,0.33243758274339863,0.14338391238830997,0.14284690235878522,0.0228591024224572,0.0035389881044727493,1.0,0.3296203252880723
646,0.74,-0.16000000000000003,0.3249357285115988,0.02118154896925877,0.013360618411051807,0.3323779993413998,0.1433290229673949,0.14795247972755798,0.022830548463747605,0.0035264659241425653,1.0,0.34299961777519816
647,0.74,-0.16000000000000003,0.3252243017281525,0.02120034659140501,0.013295291946220556,0.33233791329542967,0.14329210747685886,0.14197566519122262,0.022767665932950314,0.003544779456883215,1.0,0.3408890515557066
648,0.74,-0.16000000000000003,0.32544691263452136,0.02108715293109538,0.013279074297671476,0.3323069967575912,0.1432636431503914,0.14631387346468397,0.022688556220626842,0.003556891493045758,1.0,0.3257149342994381
649,0.74,-0.16000000000000003,0.3255481201491759,0.021086175576763063,0.013186984312848565,0.3322929428075537,0.14325070590741976,0.14681998538263705,0.022632140684759428,0.0035031682123633735,1.0,0.33035425959063835
650,0.74,-0.16000000000000003,0.32600344556556615,0.021160924390943685,0.013270760899778657,0.3322297297865514,0.14319253106135738,0.1417232420708079,0.022708746045387668,0.0035472280858356085,1.0,0.3520098159755407
651,0.74,-0.16000000000000003,0.32626558692350216,0.021245137630495493,0.01322893755068973,0.3321933474982785,0.14315905988614935,0.14824969941139354,0.022673497608122838,0.003585436977921699,1.0,0.34605308440893356
652,0.74,-0.16000000000000003,0.3264419496976614,0.021180338920379446,0.013360873946891024,0.3321688748014682,0.14313655004047043,0.1478157633106672,0.022664357889625238,0.003580906548804688,1.0,0.3273779829048489
653,0.74,-0.16000000000000003,0.32661609286190285,0.02116004768999282,0.013203398122195929,0.33214471364302567,0.1431143304365645,0.1466981724414722,0.02266615902494274,0.003585868313283995,1.0,0.33276942019322786
654,0.74,-0.16000000000000003,0.3269632221894934,0.020911536023491238,0.013218524691109875,0.3320965623367249,0.14307005942957765,0.1443366708638834,0.02269127531662508,0.0035807769741733075,1.0,0.32908649259495615
655,0.74,-0.16000000000000003,0.3273951458666854,0.020724308025632566,0.013312793538579268,0.33203666845213736,0.14301501243526846,0.14749305046161393,0.022698850920844938,0.003589303533487277,1.0,0.33975132483087545
656,0.74,-0.16000000000000003,0.32788925483057235,0.02060366015561028,0.013376544360935815,0.33196817796155287,0.14295209209111484,0.1444916644358511,0.02275445939715752,0.003595100235228133,1.0,0.34730206983681877
657,0.74,-0.16000000000000003,0.3281884663893978,0.02036371284451405,0.013428769553645333,0.3319267167418986,0.14291401709024418,0.14486046619869233,0.02281812715743218,0.0035770233135070527,1.0,0.32657291573803526
658,0.74,-0.16000000000000003,0.32827124910777145,0.020315360359718707,0.013438858909380357,0.3319152475151511,0.14290348647979273,0.14982756929450508,0.022798623565368402,0.0036185510932155635,1.0,0.3204888917133921
659,0.74,-0.16000000000000003,0.328609166243264,0.020241724642835683,0.013597949310077259,0.3318684386176304,0.14286051686409368,0.1477673114298753,0.0227807373959677,0.0036217632109080446,1.0,0.3409171556184052
660,0.74,-0.16000000000000003,0.3290059012334382,0.020113455471490658,0.013549811579652977,0.3318134990105555,0.1428101009250296,0.14751401124588714,0.02277411980740836,0.0035896245416488677,1.0,0.3421206268505337
661,0.74,-0.16000000000000003,0.32934355233536927,0.02004828326804492,0.013507712981915276,0.3317667556287935,0.14276722121725763,0.14838968691912438,0.022710478545570397,0.0035475791212969056,1.0,0.3421813445703843
662,0.74,-0.16000000000000003,0.3294529953206197,0.019986603496753245,0.013599343333720228,0.3317516075040011,0.1427533281258765,0.15041686331257179,0.02267530879615462,0.00356803860739484,1.0,0.32358901179819055
663,0.74,-0.16000000000000003,0.3297498378676505,0.019813038487355057,0.013681853794697572,0.33171052816158736,0.14271565946051554,0.15121012462692615,0.022626003002997563,0.0035699065725839133,1.0,0.33280804003271514
664,0.74,-0.16000000000000003,0.33004410940980455,0.019648846110724327,0.013613542789718328,0.3316698146548238,0.14267833666679874,0.14591261652633736,0.022609093646126194,0.003545989798678125,1.0,0.3336014321428109
665,0.74,-0.16000000000000003,0.3303027817108904,0.019576182215828904,0.013594281778711186,0.3316340346816191,0.14264554508323907,0.14833516899804325,0.022461806462702075,0.003549365489129384,1.0,0.3375976896390349
666,0.74,-0.16000000000000003,0.33078419954475363,0.019560308099799778,0.013698768972574875,0.33156746473335585,0.14258455642356876,0.14811739409864932,0.02233331229079449,0.0035464351935868012,1.0,0.35396914533084556
667,0.74,-0.16000000000000003,0.33117043479107294,0.019324594922068096,0.013791602416904667,0.33151407585134474,0.14253566370933662,0.14438242179759114,0.022234408322906456,0.003579908166066549,1.0,0.3384236630771422
668,0.74,-0.16000000000000003,0.33148991263068417,0.01917187595892242,0.013774372668312539,0.33146992776457895,0.14249524700729435,0.14519909100378392,0.022120148442617497,0.003558583322167637,1.0,0.3381028936713981
669,0.74,-0.16000000000000003,0.3318961332857967,0.019017567405949867,0.01378450948061268,0.33141380981701213,0.1424438896795794,0.14682290264734554,0.021933887234118658,0.003521708898483184,1.0,0.3447506607051427
670,0.74,-0.16000000000000003,0.33219749958238515,0.018903035987920938,0.01382774554626773,0.3313721894043863,0.14240581270491043,0.14942934619559278,0.02179130746327607,0.0034561020027723413,1.0,0.33990944746878426
671,0.74,-0.16000000000000003,0.3325013158534359,0.01877488069737543,0.013610215040452362,0.3313302412164805,0.1423674467815401,0.14955435555556001,0.02148957054624041,0.0034019666035051835,1.0,0.3395936021784933
672,0.75,-0.15000000000000002,0.333083361412184,0.018261631262074304,0.013521258540428426,0.3425984787473021,0.15725919478097602,0.15099502121635267,0.021256465374007008,0.003383194506256821,1.0,0.34556516558222516
673,0.76,-0.14,0.33330279960423215,0.018018699377586822,0.013613315766416308,0.35471751117773104,0.17376449339050745,0.15128679911379117,0.021060488595145248,0.003347149897167387,1.0,0.3240826858183361
674,0.77,-0.13,0.3338433096980178,0.017508189898062156,0.013521825444207838,0.36767078957910526,0.19194752888308944,0.1536446124879281,0.020896772024673965,0.0033165837810240537,1.0,0.34382106160099024
675,0.77,-0.13,0.33406348502687344,0.01745303891155746,0.01339228342378419,0.36763336406786784,0.19191010430707497,0.15478088654566652,0.020638389324741675,0.003312021192638023,1.0,0.3405835027892783
676,0.78,-0.12,0.33448010532980677,0.0171899793661885,0.013356123819452973,0.3815883260769695,0.21201524698944743,0.15103936417760525,0.020411928940103952,0.003338766940970811,1.0,0.34416578136339737
677,0.78,-0.12,0.33462812056155095,0.01703873679874749,0.013401966494648454,0.38156122473693177,0.21198747147455446,0.15126649935786185,0.020153528049926633,0.0033306774035208077,1.0,0.32446735364738655
678,0.79,-0.10999999999999999,0.3351486254457338,0.016594350270725356,0.013494957131422436,0.39659468877189086,0.23417450546486762,0.1554626445777918,0.01988165611641842,0.003371617997603109,1.0,0.34655631601961856
679,0.8,-0.09999999999999998,0.3354053079299526,0.016359834969301552,0.013586908882841336,0.4129179341512525,0.2587440967824844,0.15675353193804833,0.01959189032589642,0.0033426850052429807,1.0,0.3330569653548012
680,0.81,-0.08999999999999997,0.3356604289140258,0.016048347453677423,0.013459097362757225,0.4306429023557865,0.2858919393502022,0.158840257576699,0.01920703548994498,0.0033416732730928564,1.0,0.32850468806589184
681,0.81,-0.08999999999999997,0.33574804747572934,0.015987492767903722,0.01322083865662347,0.4306224692142975,0.2858697902356623,0.15885462048754617,0.018758293035654513,0.003312530727591475,1.0,0.32896006360617025
682,0.82,-0.08000000000000007,0.336079743502133,0.015499243886064367,0.013083093833533729,0.44991604997176765,0.31584234483517765,0.16454798743454996,0.018224543755962583,0.0033408543195339565,1.0,0.3293248226286557
683,0.83,-0.07000000000000006,0.3363672276674339,0.015280828147152228,0.013068482656014705,0.4710319156284952,0.3489710924362898,0.1554859347294459,0.01758677195031261,0.003429219898079127,1.0,0.3389051330267484
684,0.83,-0.07000000000000006,0.33677257790972875,0.014818298214240555,0.012862709084574809,0.47091884445928633,0.34884612841949836,0.1642973812283572,0.016903987754212386,0.0034905996104872762,1.0,0.3396649237536704
685,0.84,-0.06000000000000005,0.3370418558159733,0.014760360824424003,0.012696657095872583,0.49410855315652275,0.3854429051908671,0.16459365196895337,0.016095517047001476,0.0034720458104346608,1.0,0.3471890644481158
686,0.85,-0.050000000000000044,0.33749428806293297,0.014186802656722267,0.012657579439326374,0.5196382392070351,0.425810139636852,0.19673975387434559,0.015763618859279564,0.003765407600768812,1.0,0.3415412109436564
687,0.86,-0.040000000000000036,0.3376069518922793,0.013977970672004842,0.012840385181783933,0.5480781234168629,0.4705461798028452,0.21237072790117342,0.015978238589106738,0.0038839195057045455,1.0,0.31708091068486755
688,0.87,-0.030000000000000027,0.33774029820506735,0.013797175146131168,0.012804545361774507,0.5798025445710111,0.5199727457425627,0.21490942193220103,0.016158160029771922,0.00373426842351819,1.0,0.32551169078452635
689,0.88,-0.020000000000000018,0.3376811209683491,0.013867822439697237,0.012739607167086747,0.6155169311346841,0.5746887747596733,0.22038074012797826,0.01696704884295974,0.003769866868098626,1.0,0.31823825811448847
690,0.89,-0.010000000000000009,0.33777412907765175,0.013715252519636604,0.012545136701244136,0.6558376325887968,0.6350771816552582,0.22474922914189427,0.01792459917426252,0.0037640234923441897,1.0,0.3197544787724462
691,0.9,0.0,0.3375999492918995,0.013906617413293486,0.01245369406419154,0.7019767517853965,0.7019767517853965,0.2320594821877655,0.01900650619813347,0.0038279485775202194,1.0,0.31380448604332734
692,0.91,0.010000000000000009,0.33758273464961214,0.013934111177504486,0.01234985753165485,0.6559411743525072,0.6351844842366668,0.23257878066816684,0.02002454305678057,0.0037649025774904718,1.0,0.31449818659249895
693,0.91,0.010000000000000009,0.3375325973586847,0.0139803478066725,0.012410753523830113,0.6559683033442546,0.6352125989939393,0.2725400728793345,0.022765824101406887,0.004098802015888908,1.0,0.3221794389987942
694,0.91,0.010000000000000009,0.33738292229887207,0.014186535331361619,0.012493233514364975,0.6560493049851172,0.6352965449012076,0.27999678993036986,0.02543593316983533,0.004148709429932983,1.0,0.310573112929335
695,0.91,0.010000000000000009,0.3369809416893215,0.014966947404743074,0.012566288738265896,0.6562669492155871,0.6355221073238141,0.2789911923824074,0.027751994899956257,0.004150795494183513,1.0,0.2887833649620428
696,0.92,0.020000000000000018,0.33683277967577757,0.015259976463239722,0.012610669647081353,0.6159213774935933,0.5751194454444579,0.29418600730254435,0.03047866665738026,0.0041918384161980056,1.0,0.2996079437616146
697,0.93,0.030000000000000027,0.33655667254662314,0.01578725154175047,0.012671161896885903,0.580303356439555,0.5205165503479573,0.2998430221971687,0.033279365630602346,0.004065531459661936,1.0,0.29324430102739196
698,0.94,0.039999999999999925,0.3364487271303948,0.015927956078299648,0.012795981229655067,0.5485159979159939,0.4710277775550349,0.29999576159932356,0.03590216114141184,0.004050543124419841,1.0,0.3104353823235795
699,0.95,0.04999999999999993,0.3360920874927348,0.01654385276447565,0.012995047529387113,0.520114818876124,0.42633791897243944,0.2999998855631817,0.03830053047958045,0.004040062766537198,1.0,0.2903999275324469
700,0.96,0.05999999999999994,0.33571681619304,0.017187605280327516,0.012999802277350144,0.4945157049642813,0.385894510722796,0.2999999969102059,0.04051582475357177,0.00396224256164175,1.0,0.28820887021131814
701,0.97,0.06999999999999995,0.3353469528779252,0.017821686740502087,0.012838271832244862,0.47131675853862165,0.3492860260371502,0.29999999991657555,0.04257721449896977,0.0038782931430734993,1.0,0.28702933139652176
702,0.97,0.06999999999999995,0.3349539877016497,0.01811934360567284,0.012607365400398106,0.4714265594730937,0.34940747635326136,0.2999999999977475,0.04448385739023658,0.003834169266353231,0.0,0.30189019816067897
703,0.98,0.07999999999999996,0.33479278480911295,0.01846713666983955,0.012492704917803795,0.4502438952769056,0.31620206127548306,0.29999999999993915,0.046251033005129505,0.0038135223057907605,1.0,0.2873458230175665
704,0.99,0.08999999999999997,0.3344837491137752,0.01881081151043216,0.012409314654400762,0.43091749870819557,0.2861897253818339,0.2999999999999983,0.047916540009861716,0.0037628675916225756,1.0,0.2984583056574204
705,0.99,0.08999999999999997,0.3338699074048715,0.019330290062401546,0.012355751663456128,0.43106088716302643,0.28634531857545653,0.29999999999999993,0.049502009259974236,0.0037287636368551745,1.0,0.2873458230175665
706,0.99,0.08999999999999997,0.3334202178834014,0.01987658454435224,0.012328456349248229,0.43116599157007374,0.28645941079396664,0.3,0.0509871004158279,0.0037173526040481524,1.0,0.2873458230175665
707,0.99,0.08999999999999997,0.3330828315939068,0.020221697548310092,0.012213261860428652,0.4312448813825043,0.28654506990057205,0.3,0.05238584784931873,0.0036792087706203278,1.0,0.2958739101085188
708,0.99,0.08999999999999997,0.33249093805977686,0.020594002736043216,0.012109296224533802,0.4313833514714236,0.28669546976419225,0.3,0.05372516898338003,0.00367710691293498,1.0,0.29035552712909185
709,0.99,0.08999999999999997,0.33168616382687754,0.020864653283924353,0.011961863500980269,0.43157176648680956,0.28690021596125154,0.2999067901258192,0.05499455759565129,0.003635589405640813,1.0,0.284878438185157
710,0.99,0.08999999999999997,0.33113264381082197,0.021227662268771003,0.01188462973149896,0.4317014530280614,0.28704120927957194,0.2999974833333971,0.056217914060963825,0.003625620483392425,1.0,0.2899309312938074
711,0.99,0.08999999999999997,0.3305682967564566,0.021920434430267064,0.011847274350374009,0.4318337565493062,0.2871851032173824,0.2999999320500017,0.057386490994294284,0.0036247016988707414,1.0,0.2761495911755254
712,0.99,0.08999999999999997,0.33002972858285595,0.02209573763380738,0.01204652553720604,0.4319600922055752,0.28732255880381086,0.29999999816535006,0.05850066268927678,0.0036164158794026063,1.0,0.2962070021016545
713,0.99,0.08999999999999997,0.32929781159658683,0.022615133411345315,0.012187238318906118,0.43213190156637876,0.2875095727251192,0.29999999995046445,0.05956618720645733,0.0035909692442500332,1.0,0.2772036642645601
714,0.99,0.08999999999999997,0.3285930599064487,0.022885102555239387,0.012224508248163835,0.43229746338329966,0.28768987578187866,0.2999999999986625,0.060573111683499326,0.0035789055737992155,1.0,0.28499296632644133
715,0.99,0.08999999999999997,0.32774932277346785,0.023279525966112557,0.01229050518172251,0.4324958429006736,0.2879060344146819,0.29999999999996385,0.061527719959005155,0.003571305814480536,1.0,0.2751940011075438
716,0.99,0.08999999999999997,0.32695083179484713,0.023652879394833414,0.012157283812993136,0.4326837519000909,0.28811090072567574,0.299999999999999,0.062433522185700016,0.003539430194854016,1.0,0.27645334774696506
717,0.99,0.08999999999999997,0.3265476670428432,0.023738856994694087,0.012086075937365607,0.4327786907689379,0.2882144502414902,0.3,0.06331060322276161,0.0035131714331625968,1.0,0.30153770826501813
718,0.99,0.08999999999999997,0.3256206445624494,0.023678139477222387,0.011864621654776966,0.4329971478931481,0.2884528308358207,0.2999945569425227,0.06413431343788904,0.0034824466716288113,1.0,0.281285875631208
719,0.99,0.08999999999999997,0.325185287635069,0.023958863575766647,0.011818022744538154,0.4330998178874653,0.2885649174809698,0.2999998530374481,0.06493308514471215,0.0034759568299268743,1.0,0.2882766243224568
720,0.99,0.08999999999999997,0.3247887095040303,0.023982018336921554,0.011806855425594173,0.4331933850847838,0.28866709601106283,0.2999999960320111,0.06569103378978985,0.0034035327484556355,1.0,0.3037585447615202
721,0.99,0.08999999999999997,0.3243985654107943,0.02426137500410132,0.011372276216674663,0.43328547371719,0.2887676874428429,0.2999999998928643,0.06637203023964566,0.003399195717061926,1.0,0.28781446352727535
722,0.99,0.08999999999999997,0.32340119211797846,0.02376177600960775,0.011022888547177844,0.43352106928444095,0.2890251606581033,0.2999999999971073,0.06701816143511029,0.003306085604325933,1.0,0.28605896648656604
723,0.99,0.08999999999999997,0.322769103846949,0.023900709936751342,0.011018249844516038,0.4336705113545158,0.2891885728993771,0.2999999999999219,0.06756232771494577,0.0032307036236108315,1.0,0.2862425923443084
724,0.99,0.08999999999999997,0.32232467407332605,0.02382546492763022,0.01111325657626177,0.43377564778953404,0.2893035809278957,0.2999999999999979,0.06812350912828782,0.0032030982728198237,1.0,0.30436558466370855
725,0.99,0.08999999999999997,0.3217856465951522,0.024026318076533684,0.011182615161590024,0.4339032311385309,0.2894431914424889,0.29999999999999993,0.06862988755382994,0.0031984100751935004,1.0,0.2861884883320278
726,0.99,0.08999999999999997,0.3213539473133409,0.024283215519796474,0.011036199551879868,0.4340054649259598,0.2895551006858811,0.3,0.06909758316399683,0.003194141403689186,1.0,0.28561071158411555
727,0.99,0.08999999999999997,0.3207851353907021,0.02441535605468159,0.010636291915766798,0.43414024291610964,0.2897026857837496,0.3,0.06952737695228628,0.003188374957981206,1.0,0.28697236961057015
728,0.99,0.08999999999999997,0.31985880454728816,0.023716054941735516,0.010214454589416241,0.43435991301672056,0.28994335574207947,0.2999882649131736,0.06991831481283345,0.00317624618556986,1.0,0.29217299153471576
729,0.99,0.08999999999999997,0.3193747017059784,0.02383777509371713,0.010191927032205308,0.4344748016345156,0.2900692896323686,0.2999996831526557,0.07028566531544646,0.003166879783070376,1.0,0.2894332745122812
730,0.99,0.08999999999999997,0.31900914225776084,0.023908156542572168,0.009962856319752989,0.43456159749105866,0.2901644583145329,0.2999999914451217,0.07061239419408795,0.00309293683086005,1.0,0.2963176686351807
731,0.99,0.08999999999999997,0.3182431421959586,0.023730967927587,0.009831868697300352,0.4347435836556803,0.29036407920321883,0.29999999976901826,0.07083962728251453,0.003023980996685256,1.0,0.28583600193239467
732,0.99,0.08999999999999997,0.31788354874836316,0.023686322571490403,0.009885873422959258,0.43482906838904495,0.2904578846171516,0.2999999999937635,0.0710958395912494,0.0030098496815102074,1.0,0.30302722202747456
733,0.99,0.08999999999999997,0.31759269713153243,0.02374934073725937,0.009813263479905743,0.4348982359942526,0.2905338020292859,0.2999999999998316,0.07130716763349952,0.0029472551912978076,1.0,0.29805665284910265
734,0.99,0.08999999999999997,0.31709884942455185,0.02380619443655542,0.009731255656849762,0.43501572864157456,0.2906627959465188,0.29999999999999544,0.07142495017882117,0.002856581786587441,1.0,0.2899159973747807
735,0.99,0.08999999999999997,0.3164452611042083,0.023637887144192155,0.009508318291781533,0.4351713232532389,0.29083369061719117,0.2999999999999999,0.07159702942274714,0.002849265583914315,1.0,0.29020136599534707
736,0.99,0.08999999999999997,0.31602823541354774,0.023706310685389084,0.009445965667499974,0.4352706594467615,0.2909428359747868,0.3,0.071731416155905,0.0028226507976327154,1.0,0.291501461201336
737,0.99,0.08999999999999997,0.3155244591953145,0.023712432715375875,0.009295641014920697,0.4353907202557999,0.2910747952756536,0.3,0.07186005530199566,0.0027722131151133355,1.0,0.2902994134539236
738,0.99,0.08999999999999997,0.3152025945549876,0.023805418845175216,0.00922676826229957,0.4354674622691658,0.2911591672890769,0.3,0.07190946120642844,0.0027622853938759394,1.0,0.292406382891794
739,0.99,0.08999999999999997,0.31478729606990924,0.023844493592216198,0.009181351218398469,0.43556652164586335,0.2912681038898897,0.3,0.07193745104364033,0.002716593744195786,1.0,0.29198837036401293
740,0.99,0.08999999999999997,0.31431545788809295,0.02383876952842337,0.009182206789960541,0.43567912189826025,0.2913919703327624,0.3,0.07188511945082417,0.0027108592302977864,1.0,0.2912487005642084
741,0.99,0.08999999999999997,0.31384130188621573,0.02383894116861373,0.008948778669068274,0.4357923339416191,0.2915165514225438,0.3,0.07180604105844057,0.0026886099322613855,1.0,0.290361950342956
742,0.99,0.08999999999999997,0.3132186874607157,0.023387722283277592,0.008795463902517935,0.435941082102461,0.29168030076741097,0.3,0.07171902512419956,0.0026351121180723126,1.0,0.29951224217026207
743,0.99,0.08999999999999997,0.3127866961488234,0.023335151034545313,0.008774596489945352,0.4360443483780754,0.2917940238387192,0.3,0.07153704289167241,0.0025518888600900343,1.0,0.2942460998152465
744,0.99,0.08999999999999997,0.3124360131047273,0.023335636317391505,0.008777686601694994,0.43612821413183206,0.2918864074867522,0.3,0.07141815318698776,0.00246561404507709,1.0,0.29504491039516456
745,0.99,0.08999999999999997,0.31206849812704207,0.023351500952697637,0.008664522868245364,0.4362161398649702,0.2919832881235685,0.3,0.0711642602134159,0.002414042556503628,1.0,0.292868827519552
746,0.99,0.08999999999999997,0.31157490677935984,0.0232137360222585,0.008650998517416358,0.43633428440309435,0.2921135049912944,0.3,0.07093933273197663,0.0023536706925002403,1.0,0.293640483006972
747,0.99,0.08999999999999997,0.3112276256019446,0.02303164900930685,0.00862419380580971,0.4364174469401329,0.29220519265062117,0.3,0.0706032915998023,0.0023098504069097216,1.0,0.3061609338141823
748,0.99,0.08999999999999997,0.3109375414797844,0.02303003496807957,0.008672831042572946,0.4364869369470934,0.29228182352328785,0.3,0.07028828548327747,0.002304738165314236,1.0,0.29670652208342174
749,0.99,0.08999999999999997,0.31059756104800573,0.022991802559219017,0.008457626489903716,0.43656840784797823,0.2923716865656701,0.3,0.0699448512021824,0.002253255909639194,1.0,0.2963562164127731
750,0.99,0.08999999999999997,0.3100497362909613,0.022648636877571276,0.00840625671507254,0.43669974933959965,0.29251660297495763,0.3,0.06949476451232384,0.0021873320981181266,1.0,0.29722734027109377
751,0.99,0.08999999999999997,0.30962430542384706,0.022366158186891538,0.00828108051226784,0.4368018013118002,0.2926292415935189,0.3,0.06909811502302549,0.002182948905181497,1.0,0.3035099976975132
752,0.99,0.08999999999999997,0.3093215228902484,0.02232868276784062,0.008291371733117843,0.4368744615703771,0.29270946024830696,0.3,0.06865954937971867,0.0021716601085229616,1.0,0.297099729544984
753,0.99,0.08999999999999997,0.3089473724324736,0.022245962758837567,0.008271800294036735,0.4369642817499519,0.2928086477643413,0.3,0.06816801173814327,0.002147806557234186,1.0,0.29535437441574186
754,0.99,0.08999999999999997,0.30863147007565805,0.022181940934590614,0.00818570989264025,0.4370401473994475,0.2928924460263687,0.2997065084374591,0.06760024980940764,0.0021188884962726746,1.0,0.297496256913409
755,0.99,0.08999999999999997,0.3081780104391749,0.022003914336460064,0.008140660910063565,0.43714909422844767,0.29301281747869395,0.2999920757278114,0.06704243427333585,0.0020914559837937803,1.0,0.2944053611825572
756,0.99,0.08999999999999997,0.30763752012277884,0.021697943314307123,0.007942915141240967,0.4372790217592113,0.29315642064700226,0.2999997860446509,0.06639770374026982,0.002087808595450328,1.0,0.29325303819721105
757,0.99,0.08999999999999997,0.3073541643684818,0.021633737433041207,0.007931806839084177,0.43734716802140206,0.29323176184686245,0.29999999422320556,0.06571589729877371,0.0020376379397204487,1.0,0.29823734030833204
758,0.99,0.08999999999999997,0.3070979828985722,0.02162836363233674,0.007759466755052759,0.4374087972294663,0.29329991104180286,0.29999999984402653,0.06507120327014859,0.002016827310995107,1.0,0.29487074472242947
759,0.99,0.08999999999999997,0.30664906779810513,0.021386285108672326,0.0077589761451249345,0.43751683398595875,0.2934194075065118,0.2999999999957887,0.0643509679358611,0.002014268724811006,1.0,0.2960256455717034
760,0.99,0.08999999999999997,0.3063614686556275,0.021098782529482742,0.007933464522005872,0.4375860761911763,0.2934960145508002,0.29999999999988625,0.06358179593065484,0.0020054235160318176,1.0,0.31336071260276677
761,0.99,0.08999999999999997,0.3059489476092454,0.020795502076080094,0.00787123361188871,0.4376854327953059,0.2936059665857264,0.29999999999999694,0.06278156389894896,0.001984946986806194,1.0,0.300929239932172
762,0.99,0.08999999999999997,0.30578676063123755,0.02072040265435518,0.007843173468764649,0.43772450824453835,0.29364921794720217,0.29999999999999993,0.061970023378992885,0.0019769342462571905,1.0,0.30737031399741455
763,0.99,0.08999999999999997,0.30550137485725554,0.020542034165237862,0.007866481137984955,0.43779328272518153,0.29372535440734493,0.3,0.06112544911478562,0.0019234240634229606,1.0,0.3042694626345085
764,0.99,0.08999999999999997,0.30519598597111264,0.02034810192774759,0.007838306002730007,0.4378669016518961,0.29380687112577447,0.3,0.06013173878868366,0.0018989538364360325,1.0,0.30306254352852435
765,0.99,0.08999999999999997,0.30491768836677074,0.020091742710599016,0.007740668931866455,0.4379340113527595,0.29388119584717737,0.3,0.05912920489780163,0.001896754089977508,1.0,0.3097679292048434
766,0.99,0.08999999999999997,0.3044335496787387,0.019477868101086,0.007626195905841161,0.43805080735858737,0.2940105840342192,0.3,0.05806536776741067,0.0018590270970375263,1.0,0.30555527652764414
767,0.99,0.08999999999999997,0.30407837417041345,0.019176319998487144,0.0076497150460158175,0.4381365312748221,0.29410557872064436,0.3,0.05686165272818434,0.0018507779131365892,1.0,0.30290611224460906
768,0.99,0.08999999999999997,0.30370183861804295,0.018871790836939295,0.007607381781132086,0.4382274472226697,0.2942063533880573,0.3,0.05560659194290982,0.0018343757753228355,1.0,0.30044933843435395
769,0.99,0.08999999999999997,0.30324095178304245,0.018421075343251356,0.007576534791161424,0.4383387814798131,0.2943297975788967,0.3,0.05431564267229063,0.0018080480627142774,1.0,0.298661977205091
770,0.99,0.08999999999999997,0.3029023683171443,0.018051442093617462,0.007647982047561318,0.43842060754051415,0.2944205499902294,0.2998734111339362,0.05300924352595851,0.0018080640173213137,1.0,0.30605110087897147
771,0.98,0.07999999999999996,0.3024870622774475,0.01767636306371839,0.007668351131060564,0.45863303970794017,0.3255081381048672,0.29999658210061625,0.0516296352926886,0.0017947559901080553,0.0,0.2980629982088143
772,0.98,0.07999999999999996,0.30205254640700685,0.01713794538958469,0.007492271338792482,0.4587480059174304,0.3256370407772551,0.29999990771671664,0.05020286373416054,0.0017918423307005996,1.0,0.30211357853816334
773,0.98,0.07999999999999996,0.30177987246891136,0.017001642244541003,0.007346411851385638,0.4588201806815823,0.32571798387017553,0.2999999975083513,0.04869627108899213,0.0017680269409783547,1.0,0.29681529200878676
774,0.98,0.07999999999999996,0.3013000788008571,0.016477367531006513,0.007323543552411094,0.4589472336517168,0.32586050806880845,0.29999999993272547,0.04715740430645837,0.001756549449732251,1.0,0.29584169479555467
775,0.98,0.07999999999999996,0.300824914550622,0.01601636065855982,0.007315385354993576,0.4590731300861768,0.3260017800668274,0.29999999999818355,0.04555080481653906,0.0017187562951605016,1.0,0.2930670777657699
776,0.98,0.07999999999999996,0.3003097084490378,0.015431887313907244,0.007120673020092331,0.45920971381961617,0.3261550954611554,0.299999999999951,0.043727998177132944,0.0017164620004282876,1.0,0.29264517120498235
777,0.98,0.07999999999999996,0.30005956729508737,0.015239816031334397,0.006966320542063331,0.459276056812902,0.326229584657262,0.29999999999999866,0.04177987661091061,0.0016740766951769516,1.0,0.2994532382523434
778,0.98,0.07999999999999996,0.29956227976558625,0.014508262469211802,0.0068564854361847965,0.4594080054699289,0.326377772342075,0.29999999999999993,0.03981838928016463,0.001661037428911747,1.0,0.296827563069501
779,0.98,0.07999999999999996,0.29931152084104057,0.014139187423205638,0.006923164552768868,0.45947456978674506,0.3264525475556019,0.3,0.037743958163303205,0.0016399593921577003,1.0,0.30798107290023347
780,0.98,0.07999999999999996,0.29905323578872595,0.013836210073477634,0.006972149547976162,0.459543152094299,0.32652960285683963,0.3,0.0355666056169245,0.001639814312250153,1.0,0.30267618283443287
781,0.98,0.07999999999999996,0.29884419535729145,0.013537478683760502,0.0070228069076307235,0.4595986734932404,0.3265919934355664,0.29997287326573074,0.03318743646169962,0.001582579562626572,1.0,0.30805602046271985
782,0.98,0.07999999999999996,0.29861353919414513,0.01320868140027607,0.006944185733394377,0.45965995162821205,0.3266608631575346,0.2998872378043072,0.03079569923159307,0.001491908681377274,1.0,0.3062592063140255
783,0.98,0.07999999999999996,0.2982089740054109,0.01257265835092323,0.007015405949897167,0.45976747143151403,0.32678172911862824,0.2999969554207163,0.02771267363893919,0.001404012430038868,1.0,0.29844861415332724
784,0.98,0.07999999999999996,0.29779087529149906,0.011862218442789531,0.00694540010238597,0.4598786408552169,0.3269067323068751,0.2999999177963593,0.02463256543258274,0.0014010497192817654,1.0,0.2978550523624903
785,0.98,0.07999999999999996,0.29725434278837537,0.010779777539096603,0.006931979746045485,0.4600213797513622,0.32706728501462096,0.2999999977805017,0.02103845233761533,0.0010763424271479285,1.0,0.2935358141357389
786,0.98,0.07999999999999996,0.29727412042282547,0.010862509245043676,0.007189786412652926,0.4600161165443624,0.32706136392925683,0.29999999994007354,0.018659275481375987,0.0009184538224281711,1.0,0.3435189743886644
787,0.98,0.07999999999999996,0.29701492576447175,0.010694740943545254,0.0076334909524459925,0.4600851027577741,0.32713897938508385,0.29999999999838195,0.016734461908855358,0.000892810448966361,1.0,0.291161444849492
788,0.98,0.07999999999999996,0.2967317124312179,0.010304218827942434,0.007620920042745104,0.46016050534537994,0.3272238293251435,0.2999999999999563,0.01464855123541526,0.0008375446086208774,1.0,0.297190357459142
789,0.97,0.06999999999999995,0.2969626075368388,0.011017548745453618,0.008051437119103421,0.4822891050215145,0.36156180541181476,0.2999999999999988,0.012504875815212872,0.0007934184569655897,0.0,0.3413277686765732
790,0.97,0.06999999999999995,0.2969121524663343,0.010924215080179652,0.008260212919360566,0.48230386405954545,0.361578509437648,0.29999999999999993,0.010172483344610492,0.0007195775171083156,1.0,0.3147089717219971
791,0.97,0.06999999999999995,0.2969964187924943,0.011085502490115497,0.008329187125301596,0.4822792151115457,0.3615506124730807,0.3,0.007727803332859654,0.0007143320779123432,1.0,0.32223111865933063
792,0.97,0.06999999999999995,0.29694721507333727,0.011018427334020966,0.008379409868495937,0.4822936075050276,0.3615669011901151,0.3,0.003966162298424921,0.0003106826616379222,1.0,0.30957781467679557
793,0.97,0.06999999999999995,0.2968121302202051,0.01078866545156504,0.008271334463665169,0.48233312508049353,0.3616116280993954,0.3,0.0029201379406083175,0.00023536228738503992,1.0,0.3086709536855825
794,0.97,0.06999999999999995,0.29688566140814343,0.010906617338192365,0.008144723656294402,0.48231161354396085,0.36158728037967985,0.3,0.0021625543764885206,0.00022520473639551993,1.0,0.3179262317231688
795,0.97,0.06999999999999995,0.2972867138534877,0.011330440127562484,0.008146115565119953,0.4821943194837909,0.36145454118510434,0.3,0.000578858387388068,7.172175740423743e-05,1.0,0.32888860949647025
796,0.97,0.06999999999999995,0.29732019002559035,0.0113421880615617,0.00834378633067922,0.48218453143337525,0.3614434657439385,0.3,3.768311522003108e-05,1.4580192812072433e-05,1.0,0.30295556097188026
797,0.96,0.05999999999999994,0.29737909056410694,0.011336160901305787,0.008208737086200906,0.5065935978133258,0.3994352722475494,0.3,3.4609311741813164e-05,1.3037370568083769e-05,0.0,0.2991343548790458
798,0.96,0.05999999999999994,0.2972168800567002,0.011264001117746157,0.008056055959988798,0.5066459540353171,0.39949458362660817,0.3,3.461517144181932e-05,1.2995714367496628e-05,1.0,0.294214331582912
799,0.96,0.05999999999999994,0.29747085807823437,0.011393023639815673,0.008251938190108164,0.5065639830671855,0.3994017257604954,0.3,3.461539708863831e-05,1.2994589650080344e-05,1.0,0.31579772968585795
800,0.96,0.05999999999999994,0.2978868248330545,0.011799382837906196,0.008381516747609983,0.5064297877953216,0.39924973579112305,0.3,3.4615403230252045e-05,1.299455928271011e-05,1.0,0.32980554569333453
801,0.96,0.05999999999999994,0.2981900371657816,0.011905587666453788,0.008357214871447853,0.5063320130861548,0.3991390179995652,0.3,3.461540339611142e-05,1.2994558462791343e-05,1.0,0.3173505646692282
802,0.97,0.06999999999999995,0.2981571440140582,0.011899861837567853,0.008399692715263803,0.48193994474172325,0.3611667837211736,0.3,3.4615403400589686e-05,1.2994558440653606e-05,1.0,0.29860088298833676
803,0.97,0.06999999999999995,0.2984630166343565,0.012010628023296924,0.008482720184144692,0.4818506201600103,0.36106577336405393,0.3,3.461540340071064e-05,1.299455844005588e-05,1.0,0.3179330850473987
804,0.97,0.06999999999999995,0.29826149746914427,0.0121769237346351,0.008770742540420921,0.48190946647567234,0.3611323160320776,0.3,3.4615403400713956e-05,1.299455844003962e-05,1.0,0.2783063891361982
805,0.97,0.06999999999999995,0.2981973956004691,0.012250865186047344,0.00879730059106594,0.4819281880996621,0.36115348794192015,0.3,3.4615403400714064e-05,1.2994558440039058e-05,1.0,0.2809356361500551
806,0.97,0.06999999999999995,0.29810423820530607,0.012367888178839668,0.008740507313872426,0.4819553982885376,0.3611842608929835,0.3,3.461540340071406e-05,1.2994558440039058e-05,1.0,0.2780300835012608
807,0.97,0.06999999999999995,0.29812509152943334,0.012365867933406273,0.008886070708221516,0.4819493070087994,0.36117737189871585,0.3,3.461540340071406e-05,1.2994558440039058e-05,1.0,0.2979592425212477
808,0.97,0.06999999999999995,0.2980180099587633,0.012478534524542721,0.009015714986153047,0.4819805872923555,0.36121274959233723,0.3,3.461540340071406e-05,1.2053044559425258e-05,1.0,0.27964737006209117
809,0.97,0.06999999999999995,0.29798969025662975,0.012511492314874,0.00898891301444658,0.48198886062089413,0.36122210703668567,0.3,3.35157584865017e-05,1.1136951553588143e-05,1.0,0.2820464679718012
810,0.97,0.06999999999999995,0.29802065603373057,0.012495330229067236,0.008960627165091087,0.48197981428151826,0.3612118752964925,0.29816003176112654,0.0001855311175913029,2.969775480882904e-05,1.0,0.2930275090038895
811,0.97,0.06999999999999995,0.2981369001539217,0.01234448334284159,0.008811092769971133,0.48194585776441207,0.3611734709802963,0.2999503208575504,0.0001855319224876395,4.778081522373315e-05,1.0,0.287774003194636
812,0.97,0.06999999999999995,0.29804543988047066,0.012392232252069531,0.008626342169981082,0.48197257417538153,0.36120368661294466,0.29999865866315384,0.00018553017848731547,4.8269057854935545e-05,1.0,0.2870609747565567
813,0.97,0.06999999999999995,0.29818644511322495,0.012233486274832278,0.008590523086360333,0.4819313864499439,0.361157104975989,0.2999445047196476,0.00018553806364081095,4.8816066898452335e-05,1.0,0.2913041875399839
814,0.97,0.06999999999999995,0.2982105200613583,0.012209844491686416,0.008530975219504933,0.48192435484459395,0.3611491529223113,0.29999850162743047,0.0001855360731639023,4.936149019624528e-05,1.0,0.2874004611397709
815,0.97,0.06999999999999995,0.29833450605069767,0.01203722271928137,0.00852019534336649,0.48188814532433566,0.3611082053886639,0.2999999595439406,0.00018553601781446194,4.937621662528558e-05,1.0,0.28759260004148623
816,0.97,0.06999999999999995,0.29865177916259644,0.011873318194400982,0.008474778155258463,0.48179551198869863,0.3610034652426341,0.29999999890768636,0.00018553601631885586,4.937661423886905e-05,1.0,0.30818065893684476
817,0.97,0.06999999999999995,0.29850349896353984,0.011928811650275447,0.008487092679942073,0.48183880050705374,0.3610524088479027,0.2999999999705075,0.00018553601627847358,4.932164459587783e-05,1.0,0.2867096883593573
818,0.97,0.06999999999999995,0.2985342064883662,0.011888333712169491,0.008440247342106367,0.48182983519705996,0.3610422719682358,0.2999999999992037,0.00018554266261541332,4.926814897740074e-05,1.0,0.2843566281138433
819,0.97,0.06999999999999995,0.29855646255130847,0.011871180630615371,0.008345941100326302,0.4818233375681775,0.3610349253615503,0.2999999999999785,0.00018554286281616215,4.926670459570176e-05,1.0,0.29050223061668023
820,0.97,0.06999999999999995,0.2984389231709872,0.011877279385981671,0.008200065291017876,0.4818576550200265,0.36107372785925657,0.2999999999999994,0.0001855428682367082,4.926666559739549e-05,1.0,0.2920046067293909
821,0.97,0.06999999999999995,0.2983839496267268,0.011938889436789448,0.008280186509072831,0.4818737070799569,0.36109187877445087,0.2999177040011161,0.00018561110856000516,5.0097937260428426e-05,1.0,0.28231710910124097
822,0.97,0.06999999999999995,0.2983319964602451,0.012003538595141585,0.008293013109124402,0.4818888781843739,0.3611090341123335,0.2999977780080301,0.00018560810717775403,5.0906765584665084e-05,1.0,0.28086364983839307
823,0.97,0.06999999999999995,0.2978103102247972,0.013551464369081317,0.008582575621442325,0.4820412713695107,0.3612813893562149,0.29999994000621677,0.0001856080226087843,5.0928603949419126e-05,1.0,0.23407396879951858
824,0.97,0.06999999999999995,0.29708553203612603,0.015038117752328693,0.008421051446404435,0.4822531511207745,0.36152111558495337,0.29999999838016783,0.0001856080203228475,5.092919358526769e-05,1.0,0.23188776579658898
825,0.97,0.06999999999999995,0.29652660786722146,0.016408944334006813,0.00843129303839533,0.4824166727910946,0.36170620163721917,0.29999999995626453,0.00018560802026112533,5.092920950543579e-05,1.0,0.23029607144157804
826,0.97,0.06999999999999995,0.2959693481492602,0.017668127621724462,0.008421693782103818,0.4825798179370981,0.361890925277273,0.2999999999988191,0.00018560802025945877,5.092920993527994e-05,1.0,0.22988473978798307
827,0.97,0.06999999999999995,0.29542165631391404,0.018754054104069516,0.008392580896889984,0.4827402695150216,0.3620726612387569,0.29999999999996807,0.00018560802025941375,5.081067371631608e-05,1.0,0.23220318607595902
828,0.97,0.06999999999999995,0.2948193570891334,0.01978740895507795,0.00836753443221194,0.48291684208030927,0.3622727279618462,0.2999999999999991,0.0001856208342675581,5.0695337964285214e-05,1.0,0.23194306905665085
829,0.97,0.06999999999999995,0.29424267784810554,0.02075275820070146,0.008299790235487279,0.4830860248716405,0.36246449175288126,0.2998838237333682,0.0001858179083271099,5.186572154170852e-05,1.0,0.23176535040949275
830,0.97,0.06999999999999995,0.29359590138771935,0.021665791509308956,0.008195180751751371,0.48327591346242604,0.3626798067240783,0.29999686324080094,0.00018581358536967147,5.300745066833652e-05,1.0,0.23164002259656158
831,0.97,0.06999999999999995,0.29305191885113585,0.022519875761517656,0.008023575238897128,0.4834357381641744,0.3628610992602361,0.2999999153075016,0.0001858134616199071,5.303827735475496e-05,1.0,0.23143774827405172
832,0.97,0.06999999999999995,0.29232292074770355,0.023349801613006326,0.00798660319254805,0.48365008716494573,0.363104336140609,0.29999999771330255,0.00018581345827353853,5.303910967528845e-05,1.0,0.23012741168423845
833,0.96,0.05999999999999994,0.2916390762949584,0.024159220887770748,0.007908972370682698,0.5084528933806127,0.40154484823824427,0.29999999993825915,0.00018581345818318283,5.3039132147942937e-05,0.0,0.2296722075745864
834,0.96,0.05999999999999994,0.29104629919642105,0.024909794088195412,0.007915848242661385,0.5086456825108521,0.4017639764021511,0.299999999998333,0.00018581345818074321,5.303913275470449e-05,1.0,0.23063828752104276
835,0.96,0.05999999999999994,0.2904424417728657,0.025644063931022174,0.007911025704027429,0.5088422256813702,0.4019874466061431,0.29999999999995497,0.00018581345818067738,5.303913277108701e-05,1.0,0.22981562363981545
836,0.96,0.05999999999999994,0.2897817860905318,0.026446717142615598,0.007943123511345176,0.5090574295827994,0.4022322211522393,0.29999999999999877,0.00018581345818067553,5.303913277152942e-05,1.0,0.22543589296794597
837,0.95,0.04999999999999993,0.28915435434181996,0.027161603142447317,0.00794325862424334,0.5365883859910106,0.4447925718693465,0.29999999999999993,0.00018581345818067545,5.303913277154119e-05,0.0,0.22755623858273444
838,0.95,0.04999999999999993,0.28856538626412226,0.027717565901762584,0.007999170987995997,0.5368017258335698,0.44503429323711985,0.3,0.00018581345818067545,5.303913277154175e-05,1.0,0.23350957512202863
839,0.95,0.04999999999999993,0.2879801573981736,0.02825179270490791,0.007992144943077572,0.5370138793305902,0.4452747403457086,0.3,0.00018581345818067545,5.303913277154175e-05,1.0,0.23346548376914822
840,0.95,0.04999999999999993,0.2873006369418158,0.028973000606836254,0.008085903312971198,0.5372604253182072,0.4455542542856702,0.3,0.00018581345818067545,5.303913277154175e-05,1.0,0.22329665492842687
841,0.95,0.04999999999999993,0.2868737088939983,0.02923808015754165,0.00823966289686491,0.5374154406738597,0.44573004643485575,0.3,0.00018581345818067545,5.303913277154175e-05,1.0,0.24766914556121056
842,0.95,0.04999999999999993,0.2861000634747942,0.02990926346101578,0.008444261916626027,0.5376965753464203,0.4460489568330845,0.3,0.00018581345818067545,5.303913277154175e-05,1.0,0.22214770024984454
843,0.95,0.04999999999999993,0.2849153273893666,0.031846798802835474,0.00890462957720618,0.5381276666380058,0.4465382115891616,0.3,0.00018581345818067545,5.303913277154175e-05,1.0,0.17577249127249128
844,0.95,0.04999999999999993,0.2837118862934919,0.03366328352514873,0.008893474098309049,0.5385662724205221,0.44703629093222563,0.3,0.00018581345818067545,5.303913277154175e-05,1.0,0.17470080080769468
845,0.95,0.04999999999999993,0.28285077847333984,0.03450877557104076,0.00920949015092755,0.5388805506057606,0.4473933681475882,0.3,0.00018581345818067545,5.303913277154175e-05,1.0,0.2067580455043463
846,0.95,0.04999999999999993,0.28166799317026714,0.03610859883410084,0.00940015320140673,0.5393128296895976,0.44788476688489914,0.3,0.00018581345818067545,5.303913277154175e-05,1.0,0.17536195269969734
847,0.94,0.039999999999999925,0.2803979964963531,0.03743387860055703,0.009343030999309027,0.5705761886070635,0.49557367172975514,0.3,0.00018581345818067545,5.303913277154175e-05,0.0,0.1791612664227853
848,0.94,0.039999999999999925,0.2791632462791272,0.03888389843950459,0.009399389185079775,0.5710821488375007,0.4961432287904056,0.3,0.00018581345818067545,5.303913277154175e-05,1.0,0.17323150036083235
849,0.94,0.039999999999999925,0.27794460268199456,0.040212901926893946,0.009403320826295504,0.5715823897152056,0.496706641424097,0.3,0.00018581345818067545,5.303913277154175e-05,1.0,0.17449185669951006
850,0.94,0.039999999999999925,0.27678080699614055,0.04130717573484688,0.009404060801646644,0.5720609348619563,0.4972458921625731,0.3,0.00018581345818067545,5.303913277154175e-05,1.0,0.18084777168569233
851,0.94,0.039999999999999925,0.2755038775868263,0.04241985986213071,0.00939012592050597,0.5725869226336459,0.4978389127457347,0.3,0.00018581345818067545,5.303913277154175e-05,1.0,0.17581705676608994
852,0.94,0.039999999999999925,0.2742912950846502,0.0435044398015709,0.009372742763253807,0.5730873010275566,0.49840336073877023,0.3,0.00018581345818067545,5.303913277154175e-05,1.0,0.17584147932736804
853,0.94,0.039999999999999925,0.2732298955061292,0.044265719613069916,0.0094861877606135,0.5735260113541434,0.49889848578201945,0.3,0.00018581345818067545,5.0074571533755065e-05,1.0,0.18921441656364468
854,0.94,0.039999999999999925,0.2720078964310118,0.04525463382560718,0.009595553128604635,0.5740319351336235,0.4994697474532035,0.3,0.00018389320457897767,4.719005344938856e-05,1.0,0.17529634940167038
855,0.94,0.039999999999999925,0.2708173168874433,0.04620584856135243,0.009584429234045934,0.5745257100003,0.5000275807059977,0.3,0.00018390196530954572,4.711217146111085e-05,1.0,0.17534740682570504
856,0.94,0.039999999999999925,0.26963263055740133,0.04712500976076557,0.009539769633253706,0.5750178846488254,0.5005838909298123,0.3,0.00018390224622172346,4.711006864742729e-05,1.0,0.17478440519301464
857,0.94,0.039999999999999925,0.26839307343525204,0.04797880662962262,0.0095108421737962,0.5755337587704469,0.5011672943501283,0.3,0.00018390225383869808,4.711001187145784e-05,1.0,0.1742816280934052
858,0.94,0.039999999999999925,0.2672930304013033,0.04861596551412724,0.009606093814047466,0.5759923462913616,0.5016861748678241,0.3,0.00018390225404438,4.7110010338506745e-05,1.0,0.1848664413275546
859,0.94,0.039999999999999925,0.26607059744345074,0.049408547870582104,0.009542952647482285,0.5765028139550168,0.502264047477745,0.3,0.0001839022540499334,4.711001029711729e-05,1.0,0.17378234978644413
860,0.94,0.039999999999999925,0.2646834910507072,0.0500049408649953,0.009426147100728512,0.5770831434384994,0.5029213795127424,0.3,0.00018390225405008344,4.711001029599922e-05,1.0,0.1746500733284153
861,0.94,0.039999999999999925,0.2634534576717288,0.05060743402107874,0.009394174925381782,0.5775987359032181,0.503505717656041,0.3,0.00018390225405008747,4.711001029596894e-05,1.0,0.17792590203433145
862,0.94,0.039999999999999925,0.2622037822955637,0.0510485642925814,0.009408074147438937,0.5781235060444057,0.5041007791145361,0.29086865684608104,0.0009245903134121324,0.0001393457997294931,1.0,0.18240277638089586
863,0.94,0.039999999999999925,0.26068165317828274,0.05203141311253528,0.009702410575403558,0.5787639758421733,0.5048274783161483,0.2997534537348442,0.000924607581101832,0.00022909122284831275,1.0,0.15205655090641412
864,0.94,0.039999999999999925,0.25919162137087937,0.052922296672685505,0.009654909830004112,0.5793923159811103,0.5055408857738041,0.29999334325084076,0.0009245993206702475,0.00023151434927252057,1.0,0.154059362788188
865,0.94,0.039999999999999925,0.2577303964116528,0.053519579764530215,0.00970918677764855,0.5800098348216562,0.5062424618496186,0.29999982026777267,0.0009245990912758086,0.00023157977368597416,1.0,0.16364543328218661
866,0.94,0.039999999999999925,0.25617130809624206,0.054367857009194095,0.009823831464644356,0.5806701642127851,0.5069931753639824,0.29999999514722986,0.0009245990850775202,0.00023158154014513773,1.0,0.14964644498656676
867,0.94,0.039999999999999925,0.25468296169775295,0.05510037246773556,0.009843712814127993,0.581301936168987,0.5077119062644245,0.28790148594696613,0.0015084462701189997,0.0003537887037841653,1.0,0.15407147239570196
868,0.94,0.039999999999999925,0.25322933585363744,0.05578697385075535,0.00983591403026778,0.5819202983971894,0.5084158401821354,0.2927192011708405,0.001662947701800239,0.0004024524939243104,1.0,0.1550867540228038
869,0.94,0.039999999999999925,0.2517571003573062,0.056506562584841206,0.009798128199731963,0.5825479194287216,0.5091307784509072,0.288001246950322,0.0020287564113545204,0.00044882992174708516,1.0,0.15143842757196924
870,0.94,0.039999999999999925,0.25031828978525783,0.05693594173821508,0.009825840456620856,0.583162600701257,0.5098314305263176,0.2995478340876995,0.0020285250972567797,0.0005642179638753425,1.0,0.1621700436741269
871,0.94,0.039999999999999925,0.24883873420085045,0.057594608685858854,0.00990676998769855,0.58379604311386,0.5105539380205437,0.29998779152036786,0.0020285065773482536,0.0005686283862649177,0.0,0.15010743976808627
872,0.94,0.039999999999999925,0.24742342281967883,0.058005564275312754,0.009959060029350432,0.5844032697659233,0.5112469922688313,0.2999996703710499,0.0020285060683605588,0.0005687474676694365,1.0,0.16058244042099923
873,0.94,0.039999999999999925,0.24590346680742126,0.05867891368691816,0.010108445407378108,0.5850568015757874,0.511993387700041,0.29999999110001835,0.002028506054611366,0.0005687506828673586,1.0,0.14481969078302737
874,0.93,0.030000000000000027,0.24444164943378144,0.05923485347552366,0.010129310555042364,0.6221236731279567,0.566635819840058,0.2999765170068113,0.0020284570159813803,0.000568987794258762,0.0,0.14965995743157345
875,0.93,0.030000000000000027,0.242975804931199,0.05982419697015415,0.010157143114267223,0.6228379469545515,0.5674358790090247,0.2997981244859762,0.0020281230615415554,0.0005707897388958096,1.0,0.14648262750752483
876,0.93,0.030000000000000027,0.24166684959840484,0.06015419870353546,0.010242586986698337,0.6234771597817304,0.5681522198523635,0.29999454936112135,0.0020281113766484928,0.0005727738285432587,1.0,0.1617496379255664
877,0.93,0.030000000000000027,0.24014829355304088,0.060591411238163806,0.010359014552625403,0.6242203745916481,0.568985536669352,0.29999985283275027,0.002028111059210939,0.0005728273989637399,1.0,0.1475976337159448
878,0.93,0.030000000000000027,0.23865599425950534,0.06101330190281804,0.010246352837163459,0.6249524669976806,0.5698068298130003,0.29999999602648425,0.002028111050638707,0.0005728288453650928,1.0,0.1475976337159448
879,0.93,0.030000000000000027,0.23707081749583328,0.061250336760860974,0.010211614178085486,0.6257320064436489,0.570681839350509,0.2999999998927151,0.0020281110504072556,0.0005728288844179295,1.0,0.14946339653302643
880,0.93,0.030000000000000027,0.23553719639745896,0.061507914792193294,0.01015878070240602,0.626488045575372,0.5715309519172561,0.2999999999971033,0.0020281110504010067,0.0005725548780554948,1.0,0.14931407299700694
881,0.92,0.020000000000000018,0.23392146246790704,0.06170356837263338,0.010169231524030136,0.6692688794188839,0.6326310712921301,0.2999999999999218,0.0020281677392275143,0.0005716898734231204,0.0,0.14648262750752483
882,0.92,0.020000000000000018,0.23234561954831703,0.061848114901047434,0.01011248096531101,0.6701577030886584,0.6336012761044247,0.27571268016496747,0.003121253312922116,0.0008159080776508497,1.0,0.14867491435502944
883,0.92,0.020000000000000018,0.23078809791116994,0.06212436816118198,0.010166873916074405,0.6710385158388038,0.6345631295487142,0.2781933429794816,0.003762165363625884,0.0008409353548111642,1.0,0.14269645043861634
884,0.92,0.020000000000000018,0.2293202756959079,0.062256309653117965,0.01020785515012409,0.6718707234121766,0.6354722654956929,0.27778049597878723,0.004317747672296634,0.0008451047186147199,1.0,0.15107283083628664
885,0.92,0.020000000000000018,0.22781619581092138,0.06250312684998041,0.009783227321298608,0.6727256319170339,0.6364065649462124,0.27853275488907525,0.004767048047071727,0.0008527032716522569,1.0,0.14312782563708393
886,0.91,0.010000000000000009,0.2257569125592786,0.062047847516062335,0.009310294461435161,0.7225953221601711,0.7047566731135749,0.27774573263006724,0.005199427018469436,0.0008606529908512427,0.0,0.1375906492243928
887,0.91,0.010000000000000009,0.2242773151336989,0.06223441388666941,0.00930607365797529,0.7235681661633147,0.7057795098068892,0.2726756058240687,0.005794395621718674,0.0009118663929161337,1.0,0.14320170229151552
888,0.9,0.0,0.22278451307373465,0.062257932292094434,0.008907801314074038,0.7811508166254859,0.7811508166254859,0.2693722774773151,0.006460727414445783,0.0009452333459132149,0.0,0.14791015146272268
889,0.9,0.0,0.22083907050725607,0.06155893008830487,0.008650304773462278,0.7826465149346615,0.7826465149346615,0.26589416145766004,0.007197206068158669,0.0009803658309602246,0.0,0.14678351202871065
890,0.9,0.0,0.219076425863927,0.061369112868378914,0.008658555861364159,0.7840066285796804,0.7840066285796804,0.2623952254310737,0.00799603574988392,0.0010157086191075612,1.0,0.13844450738909087
891,0.9,0.0,0.21738495662565327,0.060831305963101136,0.008678620340761506,0.7853162732421274,0.7853162732421274,0.26776440049072914,0.008507913782418839,0.0010699427106192322,1.0,0.15308419483196323
892,0.9,0.0,0.215646059552312,0.06065618305841573,0.008845178184176499,0.7866672085818877,0.7866672085818877,0.2655738300555341,0.009051592635677225,0.0010920696847121116,1.0,0.1356881073426659
893,0.9,0.0,0.21402160622354938,0.06031740510388646,0.008858130057197364,0.7879334393425683,0.7879334393425683,0.2629821751859706,0.00963803187046361,0.0011182480167279043,1.0,0.14622562080931778
894,0.9,0.0,0.212209724511629,0.059888831976204954,0.008843232910782015,0.7893505845430403,0.7893505845430403,0.2659553268366413,0.010085512363010772,0.0011482798515831637,1.0,0.13673806053113569
895,0.89,-0.010000000000000009,0.21027054624990624,0.05921512223653585,0.008599134210603815,0.7329091495462958,0.7156114396978569,0.2561899224095214,0.01081721957357091,0.0012469203003419508,0.0,0.13497078332418755
896,0.89,-0.010000000000000009,0.20886694942382686,0.05866246020648933,0.008839577533300011,0.7338585072871752,0.716611803801678,0.2533399714364274,0.011584883636198076,0.0012757076839085568,1.0,0.1625958783639453
897,0.9,0.0,0.20744764750177333,0.05817626844344461,0.008844342102937575,0.793099616400678,0.793099616400678,0.2506975245562617,0.012377819142758813,0.001302399066536493,1.0,0.15720416267369253
898,0.9,0.0,0.20589019037185324,0.05791674219880375,0.008815575900713765,0.794333493085311,0.794333493085311,0.2507733042349183,0.013101898686035531,0.0013031645178360543,1.0,0.13846861859090376
899,0.89,-0.010000000000000009,0.20435490281426535,0.05701073015055008,0.008914490439387409,0.7369270732554933,0.7198466378474715,0.24613461434318956,0.01392088121356069,0.0013500199712878596,0.0,0.16226897392707107
900,0.89,-0.010000000000000009,0.2027107409283189,0.05572543928524073,0.008820201572190565,0.7380516287015813,0.7210326632364431,0.2503130875921205,0.014546981578136161,0.0013922267717821116,1.0,0.16538935709868985
901,0.88,-0.020000000000000018,0.200934743760141,0.05486699378570623,0.008889785689022461,0.688380311458448,0.6535805236976657,0.25609646072578734,0.014980447061700429,0.0014506446822231908,0.0,0.13975084785144076
902,0.88,-0.020000000000000018,0.1993410704278083,0.05431878899874005,0.00869973615404581,0.6893313120651681,0.6546278374710023,0.24557406667526455,0.0156675535442665,0.00155693149081433,1.0,0.1392335497550672
903,0.88,-0.020000000000000018,0.1975196505876965,0.05335689828726071,0.00833423870765847,0.6904214397776467,0.6558289371352961,0.2428069448294032,0.01638735930592192,0.0015848822165301013,1.0,0.1357911010362134
904,0.88,-0.020000000000000018,0.19638530624467326,0.05283053668926558,0.008601426654969633,0.6911020938218424,0.6565791880532109,0.24905776457786188,0.01689265888535375,0.0016480218099488757,1.0,0.1648719548338755
905,0.88,-0.020000000000000018,0.19495061433163602,0.05246173849010519,0.00884890097152267,0.6919648934756594,0.6575305496940606,0.23922676226534453,0.017627230968073067,0.001747324863610667,1.0,0.13746644484633064
906,0.87,-0.030000000000000027,0.19366859199499623,0.05198008350237234,0.00877245901163345,0.6478581295063809,0.5957295826962696,0.2398998185627963,0.018293846777437905,0.0017541234120697759,0.0,0.1498278498372848
907,0.86,-0.040000000000000036,0.19211897892685903,0.0511511244887813,0.008656479634568824,0.6091621274475268,0.5398844491656203,0.20946515331857382,0.019923016789917286,0.0020615442731225283,0.0,0.14299793570752617
908,0.86,-0.040000000000000036,0.1909160090629287,0.050488771185064056,0.00879742256438516,0.6097240105632528,0.5405430597353924,0.20543807566943917,0.021541021361015843,0.0021022218251339894,1.0,0.1593503836690534
909,0.86,-0.040000000000000036,0.18975159366186062,0.04971035159256244,0.008749680172100887,0.6102688737926781,0.5411820945075895,0.20747978821779312,0.022935478689943115,0.002104259646441873,1.0,0.1656049278649987
910,0.86,-0.040000000000000036,0.1882869306932985,0.048795171497810805,0.008888975221677356,0.6109556158165251,0.5419880548451013,0.2086375932935941,0.024187356549579174,0.002097870918960834,1.0,0.1465612121476747
911,0.86,-0.040000000000000036,0.18702699804703932,0.04782708790516358,0.009035505504333595,0.6115476029945675,0.5426832813503056,0.2101404331235486,0.025291135454899916,0.0021125628586007436,1.0,0.16178073856872166
912,0.86,-0.040000000000000036,0.18563258367015836,0.04691425647794464,0.009135687208544022,0.612204116110862,0.5434547966716781,0.21651982329000863,0.02614560296293643,0.002176454133580075,1.0,0.1476195370684622
913,0.86,-0.040000000000000036,0.18420309199071305,0.04583814245370326,0.009103684745178118,0.6128786090109826,0.5442480003779621,0.21717780023362715,0.02693126287657696,0.0021825549420228596,1.0,0.14835501959545072
914,0.85,-0.050000000000000044,0.18281155391879494,0.04478426743595065,0.009102838550690997,0.5780699165047478,0.4931566353189437,0.21509709117843295,0.02771941551620593,0.002203557478777244,0.0,0.14824665394796044
915,0.85,-0.050000000000000044,0.1813829789321493,0.04368406196083832,0.008930348587819112,0.5786708689022626,0.49387804160560317,0.21527785939486319,0.02845622307323396,0.002205383022743754,1.0,0.14473510137691836
916,0.84,-0.06000000000000005,0.1798630194280616,0.0418516427906018,0.008829122694623864,0.5475891598129344,0.44757594367347275,0.1803104133111918,0.030127001802837946,0.0025585895381058776,0.0,0.1561847085280762
917,0.83,-0.07000000000000006,0.17876614801285728,0.04045090176496436,0.009015837624576736,0.5195325386685185,0.4054395509836348,0.1710761696307779,0.03196509554459113,0.0026518647265070666,0.0,0.1770225468389245
918,0.83,-0.07000000000000006,0.17759263414079857,0.039048534073260845,0.00905494574001226,0.519931170410167,0.40592864823444075,0.17072614016708496,0.033664862559512794,0.0026554003776476536,1.0,0.16700524090797075
919,0.83,-0.07000000000000006,0.17645563972885905,0.037363293829119966,0.009138735360234965,0.5203179807376641,0.4064036517387173,0.1685292145645827,0.035302049657589846,0.0026775915453494856,1.0,0.1768027894227292
920,0.83,-0.07000000000000006,0.175558160753224,0.03561392384084475,0.009297992149275442,0.5206237135879876,0.4067793783821222,0.16636409429417218,0.03688301141742527,0.0026986301743548114,1.0,0.20225670916588645
921,0.83,-0.07000000000000006,0.17445965773258174,0.03395976585033194,0.009584218844891865,0.5209984161356831,0.4072402097313328,0.1726151950967557,0.038182390318472946,0.002760963778351473,1.0,0.17246680703701273
922,0.83,-0.07000000000000006,0.17358152016512013,0.03229136795133834,0.009319505764248906,0.5212983395306937,0.4076093475347423,0.165198311473572,0.039592099111330985,0.0028358599563817473,1.0,0.19304989309223441
923,0.83,-0.07000000000000006,0.17301524646345107,0.03171699549391879,0.00945503194057909,0.5214919306224945,0.4078477439778761,0.16670713662825135,0.04087004688501505,0.002851100024873951,1.0,0.1774465986326167
924,0.83,-0.07000000000000006,0.17259571657320483,0.031208889239522045,0.00956509743335016,0.5216354473883152,0.40802454242183156,0.17578966670028762,0.04185332327680224,0.0029428427369541502,1.0,0.18993477677196352
925,0.83,-0.07000000000000006,0.17221453215890914,0.030730939943759257,0.009583597651395097,0.521765915079737,0.40818531425962074,0.18157953506015792,0.04265582537664039,0.003001326255310874,1.0,0.19217763001200716
926,0.83,-0.07000000000000006,0.17168104640710993,0.030183344734638275,0.009718173602061498,0.5219486204554462,0.40841053496577456,0.17392717900892468,0.043569321966700686,0.0030786227810693013,1.0,0.17653616460805743
927,0.83,-0.07000000000000006,0.1710606872963838,0.029564219507394858,0.009779878375651394,0.522161238730579,0.4086727435789491,0.1798900281859575,0.04430810213355093,0.0031388535808369966,1.0,0.1701672750033496
928,0.83,-0.07000000000000006,0.1704745404831213,0.028925495459184172,0.009810013669387635,0.5223622904990357,0.408920801136806,0.17383674137462254,0.0451213021618154,0.0031988243944198655,1.0,0.1733283877303955
929,0.83,-0.07000000000000006,0.1698969211384658,0.028264987869409,0.009815566198686822,0.5225605688163582,0.40916554463696686,0.17580177194498844,0.045848195669455305,0.0032175313748535332,1.0,0.1740034159439463
930,0.82,-0.08000000000000007,0.1693215534789223,0.02757958154362105,0.009814531515613635,0.49678821158976255,0.37044914845666455,0.16880652244148597,0.04666529933535205,0.003288159631790926,0.0,0.1741032566422106
931,0.82,-0.08000000000000007,0.16909389391666138,0.027156614027545666,0.01015047291779479,0.49685887836520887,0.3705366078067879,0.1752973026681574,0.047309787117387224,0.0033537222360421432,1.0,0.20867179204795833
932,0.82,-0.08000000000000007,0.16863372058114542,0.02650045057948264,0.010393973016841883,0.4970017800966313,0.3707135174965826,0.18230761194442552,0.047794074009392576,0.0034245334183786225,1.0,0.18411007813264424
933,0.83,-0.07000000000000006,0.1681540885895315,0.025816593436056717,0.010408467863033743,0.5231597410175524,0.409905780187941,0.18409957247663802,0.04821665229361836,0.003442634029208306,1.0,0.1817090084131936
934,0.83,-0.07000000000000006,0.16753867843183823,0.025041643551574292,0.010527549406268533,0.5233716426030076,0.41016780441580003,0.18443178329646298,0.04860290465415225,0.003445989694038639,1.0,0.16909727175172212
935,0.83,-0.07000000000000006,0.16708146146009673,0.024307024658215468,0.010634791063259168,0.5235291853704408,0.4103626914558679,0.18625469165748573,0.0489322740205871,0.0034644029098061025,1.0,0.18409392646566425
936,0.82,-0.08000000000000007,0.16626633001543809,0.023695524293750027,0.011019142905166163,0.49773824815146056,0.37162631705959337,0.18186346993453903,0.04929686622353371,0.003508758684785351,0.0,0.1439227485020831
937,0.83,-0.07000000000000006,0.16572035164519894,0.022892424259314925,0.01125229761746355,0.5239987434854718,0.41094395731224415,0.1857103225342492,0.049575956488316385,0.0035476157817521206,1.0,0.17295840155881875
938,0.83,-0.07000000000000006,0.16522580283924082,0.021936868578716198,0.011363936017610151,0.5241695625124756,0.4111555638625501,0.19278865048069152,0.04973627828829405,0.0036191140438373965,1.0,0.18405469452621243
939,0.83,-0.07000000000000006,0.16476844484307138,0.020964606671972915,0.011298341682107868,0.5243276348461318,0.4113514513343688,0.19026584903440735,0.04990372427182935,0.0036445968867291558,1.0,0.18772968415220773
940,0.83,-0.07000000000000006,0.16424484126982025,0.020133690236202966,0.011221785075199922,0.5245087201075067,0.41157594122832875,0.18905607851452727,0.05006140059410534,0.003656816790970369,1.0,0.17093629760331047
941,0.83,-0.07000000000000006,0.1635084716202567,0.01833534883535471,0.010995264243787614,0.5247636010348083,0.41189206741120893,0.1960606403276077,0.050113838647375765,0.003727569940597443,1.0,0.17403218060485826
942,0.83,-0.07000000000000006,0.16283368548156912,0.01738175585355268,0.01072241459981208,0.5249973835556656,0.41218218227109943,0.1765341368315717,0.05038787112936823,0.003924807349648312,1.0,0.15466908638108323
943,0.83,-0.07000000000000006,0.16248826710318526,0.017464217866250707,0.010847331190541121,0.5251171358416193,0.41233084827295186,0.1779999941252762,0.05060996226901231,0.003939613988978661,1.0,0.14123065343411126
944,0.83,-0.07000000000000006,0.16217907352841665,0.017518884033375343,0.010549286192562015,0.5252243757826394,0.41246401432710356,0.17669315973809,0.050819542424460185,0.003952814336323975,1.0,0.143781443330831
945,0.83,-0.07000000000000006,0.16175464593594702,0.01693823915339285,0.010439566496823625,0.5253716545575695,0.4126469504596521,0.18326599124922044,0.050914394336756395,0.004019206573810142,1.0,0.16431528625737965
946,0.83,-0.07000000000000006,0.16173393794986896,0.01692284961309819,0.010491854922191568,0.5253788424591678,0.41265588013606236,0.18287004983594818,0.050987081282227,0.004023205982025014,1.0,0.17329115409189397
947,0.84,-0.06000000000000005,0.16148364853020156,0.016848172652664903,0.010625481826978391,0.554608512385881,0.456174592282634,0.18469100652888956,0.0510117070539956,0.004041599483973915,1.0,0.15413232445604594
948,0.84,-0.06000000000000005,0.1612423946165366,0.01685095347173035,0.010663520808019106,0.554701847605258,0.4562896584947454,0.1855551803966116,0.05100067465612166,0.004050328512940805,1.0,0.14910610899433727
949,0.84,-0.06000000000000005,0.1610027485131483,0.0168312169559459,0.010613674569434853,0.5547945919089672,0.45640401534506586,0.18833551855395958,0.05093467608464824,0.0040784127367524,1.0,0.15052724636067852
950,0.84,-0.06000000000000005,0.1606102092001655,0.016821551200915687,0.01065309569118903,0.5549465737122623,0.4565914552802397,0.19364844421107874,0.05079335311950413,0.0041320786524808775,1.0,0.14159384038741285
951,0.84,-0.06000000000000005,0.1605511592804673,0.01677837480086752,0.010938891669447368,0.554969443629832,0.456619665302801,0.19555230066117107,0.050612797709672655,0.004151309525714133,1.0,0.16991206479626664
952,0.84,-0.06000000000000005,0.16028049996180552,0.016747815259233773,0.011017311670445321,0.5550742935762024,0.45674901247650657,0.1956091865832574,0.05040948689427139,0.004151884130987733,1.0,0.1487755474611926
953,0.84,-0.06000000000000005,0.1600912803064189,0.01652525909694404,0.011094067593695993,0.5551476183758379,0.45683948344240555,0.20265149389922532,0.05013126308807209,0.0042230185483207415,1.0,0.17029245102498308
954,0.84,-0.06000000000000005,0.16006295975087226,0.01650158657663279,0.011115489668423158,0.5551585945846093,0.4568530273392784,0.20009621717467713,0.04984996138345818,0.004248829424326279,1.0,0.17246429384700737
955,0.84,-0.06000000000000005,0.16000829845368617,0.01645986701106479,0.01113589386142539,0.5551797809122636,0.4568791705865546,0.2004377413118003,0.04954456527959951,0.004252279163085099,1.0,0.16988127710709616
956,0.84,-0.06000000000000005,0.16000092355097528,0.016453408821653078,0.011172892454508402,0.5551826394955874,0.4568826980627938,0.20181209826217547,0.049208100391348666,0.004266161556523232,1.0,0.1740469149219237
957,0.84,-0.06000000000000005,0.15982141268529831,0.01639444325133938,0.011244928415741377,0.5552522287159365,0.45696857637900096,0.20083500770599355,0.04885582435932017,0.004276031158100827,1.0,0.15633054152570974
958,0.84,-0.06000000000000005,0.15957235595920807,0.016200104934002812,0.011169636856667744,0.5553488069967805,0.45708777904055786,0.20507382250760747,0.04845571667305756,0.00431884746922824,1.0,0.15996076871853054
959,0.84,-0.06000000000000005,0.15936662821611236,0.016148891184145933,0.01122906584353328,0.5554286086690445,0.4571862906470927,0.20067566199905895,0.04805888563618277,0.004363273332950952,1.0,0.15320957547687128
960,0.84,-0.06000000000000005,0.15904333088909836,0.016163294453063245,0.011305968935896277,0.5555540618646494,0.45734118563219733,0.1985078565357793,0.04765167997411428,0.0043851703578325655,1.0,0.14232034062701818
961,0.84,-0.06000000000000005,0.15884837183980066,0.016051552118044123,0.011423471785704119,0.5556297417128042,0.45743464320439264,0.20322389430237509,0.04719149245253409,0.00434057131351617,1.0,0.15842999710455896
962,0.84,-0.06000000000000005,0.15843271703998363,0.015974211878465025,0.011294648303187809,0.5557911608278069,0.45763402334055486,0.19602972374083014,0.04688209316077105,0.004323494279907905,1.0,0.14083729639919182
963,0.84,-0.06000000000000005,0.15829843217437317,0.01608331745787771,0.011296733355430692,0.5558433302642218,0.4576984738818704,0.20150846446175508,0.04638718166286669,0.004376411968846576,1.0,0.13862806434537261
964,0.83,-0.07000000000000006,0.1582011399762034,0.016138000762767148,0.01125750111433813,0.526607989578335,0.4141849676866737,0.2009681610264991,0.04586488885159298,0.004381804154890254,0.0,0.1443301429712076
965,0.82,-0.08000000000000007,0.15808909631707432,0.01613870799989506,0.011198025721433585,0.5002989680337923,0.3748141050072468,0.19965622674021904,0.04532188591306081,0.004395054249908666,0.0,0.15244106736927726
966,0.82,-0.08000000000000007,0.15807705555223006,0.016145450160535244,0.011193719372524493,0.50030275805483,0.37481883926652954,0.19809511249926462,0.04475843941050783,0.00428861591698635,1.0,0.14844236850214199
967,0.82,-0.08000000000000007,0.15805938499887615,0.016150790544899565,0.011222474594050407,0.500308320244753,0.3748257872959751,0.20641735401446187,0.04432060562246983,0.004324015172454257,1.0,0.15230441706030926
968,0.82,-0.08000000000000007,0.1580683453491587,0.016149387359755966,0.011222778084352594,0.5003054997647051,0.37482226407034586,0.2032260642637711,0.04380062949136021,0.004308594319223674,1.0,0.1559827890510605
969,0.82,-0.08000000000000007,0.1580890910244622,0.01614218807268063,0.01113932533532819,0.5002989696997129,0.3748141070882011,0.20639764390876877,0.04331950337341467,0.004223998283947109,1.0,0.15351299510231908
970,0.81,-0.08999999999999997,0.15809512945170143,0.016143826394099545,0.011111025207951328,0.47645991893549633,0.3391436806545949,0.2026402141258179,0.042632434612696564,0.004257508105667136,0.0,0.1627738863980503
971,0.82,-0.08000000000000007,0.1580470732610507,0.01617465538637348,0.011181702632619247,0.5003121957043664,0.3748306284011616,0.1975415734446036,0.04192642058307125,0.004308889538298775,1.0,0.14530182070301306
972,0.82,-0.08000000000000007,0.15812470535035655,0.01620523915143551,0.011255248885251562,0.5002877598637806,0.37480010473630826,0.20514760878567628,0.04115158899751136,0.004385714938421039,1.0,0.1683456493515839
973,0.82,-0.08000000000000007,0.15818051678154738,0.016168890154073308,0.011387618065058922,0.5002701938707103,0.3747781636680119,0.20314128900285153,0.040346079130482604,0.004405743682760612,1.0,0.15040083390210912
974,0.83,-0.07000000000000006,0.1580770367805283,0.016255968957444678,0.011467532677668956,0.5266512727013039,0.4142388888613534,0.21042844986950882,0.03948341513074376,0.004477549423627504,1.0,0.1393119573296669
975,0.83,-0.07000000000000006,0.15834707761511244,0.016285388604947937,0.011658519982903607,0.5265571004192178,0.4141215776960748,0.21117889727882638,0.03858370768941161,0.004483145610841366,1.0,0.17348671096593865
976,0.83,-0.07000000000000006,0.15807817722181725,0.01644817367164819,0.01190574329765379,0.5266508749204074,0.4142383932909879,0.20715231038316154,0.03764291625992845,0.004523764635326577,1.0,0.13485959859604862
977,0.82,-0.08000000000000007,0.15805702227792706,0.01646299345154944,0.01201304168887479,0.5003090639717904,0.3748267163330797,0.20723870328554006,0.03665421787863635,0.0045246358445048054,0.0,0.14548213932692758
978,0.82,-0.08000000000000007,0.1579548394206154,0.016559027329534265,0.012076041977006813,0.5003412307635751,0.37486689969811887,0.21035576369907616,0.03561057375557605,0.004556121264174556,1.0,0.13737934798477566
979,0.82,-0.08000000000000007,0.15787406900392278,0.016619836431867305,0.012115008475420658,0.500366659924029,0.37489866872728883,0.2082974683524083,0.03451357815317737,0.004576912125207683,1.0,0.14138635486376588
980,0.82,-0.08000000000000007,0.15787767542786824,0.016618017592238632,0.012170128829342937,0.5003655244490648,0.3748972501155201,0.21139748641270406,0.0333544215938373,0.004608225438919575,1.0,0.1496747153915534
981,0.83,-0.07000000000000006,0.15788740940211363,0.016611623965320056,0.012170395532494287,0.5267174222529044,0.4143213065357699,0.21449632431618854,0.032131930381253046,0.004394200368904728,1.0,0.14745602493206503
982,0.83,-0.07000000000000006,0.15805066479985036,0.0166005015539653,0.012287223464617764,0.5266604712995705,0.414250348942139,0.20083237261681244,0.03145740157200745,0.004507162882893232,1.0,0.1650004541287021
983,0.83,-0.07000000000000006,0.15821708641101828,0.016529005559091717,0.012259803890634151,0.5266024285008649,0.41417804019228693,0.20529676054163154,0.03068666883792915,0.004548087538692472,1.0,0.1593386115554092
984,0.83,-0.07000000000000006,0.15808733452966459,0.016635164727066554,0.012394106553818911,0.5266476809135637,0.4142344140932699,0.20251455481120034,0.029891604552684012,0.004568592052027251,1.0,0.13809764270091546
985,0.83,-0.07000000000000006,0.15811689348621308,0.016611165823302857,0.012418842939458595,0.5266373712144354,0.4142215701267293,0.20577381213349172,0.029033651349498722,0.004593564123373548,1.0,0.1460837212919355
986,0.84,-0.06000000000000005,0.15821420905850964,0.01651887845269521,0.012374675586882745,0.5558760557959853,0.4577389063569208,0.2119412413640145,0.028156306622395284,0.004604647986247531,1.0,0.1473222064540492
987,0.84,-0.06000000000000005,0.15797313722295311,0.016907542039578928,0.012612243653013876,0.555969747393552,0.45785467573146565,0.21386227881123487,0.0273688172407977,0.004590685451908811,1.0,0.11909451873586029
988,0.85,-0.050000000000000044,0.15798168525924036,0.016902667662495405,0.012900564834039903,0.5886959425338225,0.5060031344857762,0.21785519695621744,0.026642588906246045,0.004595885473376765,1.0,0.148764955091449
989,0.86,-0.040000000000000036,0.15787231212625039,0.017009821234467093,0.012946824952445122,0.6255738757972251,0.5592841240961676,0.21745347328593587,0.02596806663210718,0.0045646005000807574,1.0,0.13584619872971232
990,0.86,-0.040000000000000036,0.1580626290922888,0.016897484159733554,0.013017434223357735,0.6254802286099099,0.5591724638429086,0.21374736850165132,0.025332477953406294,0.004547801810430547,1.0,0.1574762039929334
991,0.86,-0.040000000000000036,0.1579770545255602,0.01694408461023146,0.012972518853100495,0.6255223328813476,0.5592226655037605,0.21634089718193802,0.024549108416069873,0.004551872095734503,1.0,0.14452673815910325
992,0.86,-0.040000000000000036,0.1580408275125195,0.016871922539987153,0.012890941263745528,0.6254909548527755,0.5591852527162093,0.21300817335370426,0.02377123974044001,0.004559357640771576,1.0,0.14206540603859272
993,0.86,-0.040000000000000036,0.15804078033671864,0.01687195558313659,0.012837082040639027,0.6254909780633775,0.5591852803903125,0.21546899337313302,0.02303658753166672,0.004554182573789335,1.0,0.14622090322923098
994,0.86,-0.040000000000000036,0.15819257132041678,0.016747440800920475,0.012876768691798355,0.6254163054644469,0.5590962514669634,0.21547957433660747,0.02218450077906299,0.004455649003449482,1.0,0.15191715890095245
995,0.87,-0.030000000000000027,0.15857985844627817,0.01665349557262472,0.012817750933915692,0.6669236545388865,0.6176460166834128,0.22144820394987874,0.021602172819141674,0.004487150807895716,1.0,0.17369949591032646
996,0.87,-0.030000000000000027,0.15862187899402425,0.016668870160202374,0.012833001914537127,0.666900151517896,0.6176188062629808,0.22414688922845288,0.021097050145743187,0.004487718872526105,1.0,0.16679793313855135
997,0.87,-0.030000000000000027,0.15830560719796727,0.016989725037229935,0.013060127227544913,0.667077090020814,0.61782366708159,0.21567893331767618,0.02056402296114992,0.004572488329416207,1.0,0.12557698306799198
998,0.87,-0.030000000000000027,0.15829195329333615,0.01700620233985094,0.012936146315662434,0.6670847308225815,0.6178325142756259,0.20606179108446848,0.019960850314534945,0.004622775726804884,1.0,0.13710322812779388
999,0.88,-0.020000000000000018,0.15808730033591212,0.01708009076147865,0.012952106587230686,0.7148971638089863,0.6829571140688416,0.2083374508384107,0.01945130791014256,0.004603555388471664,1.0,0.14180367818466955
1000,0.88,-0.020000000000000018,0.15779660450025962,0.017200292097891163,0.01274852472262441,0.715084044535656,0.6831654393945774,0.2093584438173164,0.01881865169649006,0.004555450538423572,1.0,0.1363197735334416
1001,0.88,-0.020000000000000018,0.15785405671104852,0.017149439813563604,0.0128359893418215,0.7150471022700967,0.6831242565559783,0.20727508884177093,0.017973161718251626,0.004470207719484406,0.0,0.14549606893032735
1002,0.88,-0.020000000000000018,0.1581106779795434,0.017060657746929494,0.01299717276561316,0.7148821391786128,0.6829403661484267,0.2067598384486648,0.017385270409985967,0.0044474615431939505,1.0,0.16489567660455495
1003,0.88,-0.020000000000000018,0.15816886980032266,0.016994224066655992,0.012938632762509653,0.7148447424888044,0.6828986806555232,0.20606275688796016,0.016839375882933643,0.004391363177661081,1.0,0.14161028311413987
1004,0.87,-0.030000000000000027,0.1581714146354828,0.016995246666732213,0.012899346350875347,0.6671521925272367,0.6179106295862373,0.20953437901592237,0.016103550583126586,0.004327127014180726,0.0,0.1651264383498884
1005,0.86,-0.040000000000000036,0.1581538685534624,0.01701750481397918,0.013071600863144451,0.625435343348435,0.5591189488423784,0.21794804130524942,0.01569859931269129,0.004405314953492598,0.0,0.13571183664429273
1006,0.86,-0.040000000000000036,0.15814110939722448,0.0170242195959699,0.013132309786775206,0.6254416198290921,0.5591264318988803,0.2154605249373989,0.015231105186736758,0.004123020520397932,0.0,0.14855193421349605
1007,0.87,-0.030000000000000027,0.15824235985968904,0.016963857466156064,0.01301330574413842,0.6671124850593281,0.6178646510048607,0.22375580861510608,0.015404292935611961,0.004166133712605735,1.0,0.15312298195398139
1008,0.87,-0.030000000000000027,0.15811247385082128,0.017004552146588903,0.01301842347116629,0.6671851848024694,0.6179488334671421,0.22447155613942132,0.015609775497693474,0.004152740126504334,1.0,0.14636178278227724
1009,0.87,-0.030000000000000027,0.15781915762980087,0.017125328705070237,0.012927966514620809,0.6673494179449683,0.6181390236719317,0.22423814533588302,0.015796177947381262,0.004143402810622893,1.0,0.13627330576295538
1010,0.87,-0.030000000000000027,0.1577451076744074,0.017189736477669856,0.012803354236078637,0.6673908926594532,0.6181870571746532,0.22807175209731967,0.016037699834355844,0.004166945910940895,1.0,0.13915621660832728
1011,0.86,-0.040000000000000036,0.15738055438360177,0.017484325729281595,0.012800016919108008,0.6258159795384839,0.5595728482824949,0.22383978237390545,0.01619284762937586,0.004145254795354573,0.0,0.12532540948816043
1012,0.86,-0.040000000000000036,0.15744069308839226,0.01746097551821353,0.013078527177010633,0.6257863618027008,0.5595375232349886,0.2260969190229768,0.01632510200794239,0.00416140792369248,1.0,0.153633407547509
1013,0.86,-0.040000000000000036,0.15740123614204526,0.017485902325062173,0.013170605125892118,0.6258057936543685,0.5595606994614801,0.230069113879931,0.016518649691612382,0.0041805138408819754,1.0,0.14440932496075193
1014,0.87,-0.030000000000000027,0.15760198372265427,0.01749488265718389,0.013376671130710975,0.6674710697113783,0.6182799176182135,0.2244346918872409,0.01663517612478246,0.004235601252763388,1.0,0.16832141200886103
1015,0.86,-0.040000000000000036,0.15752332115416073,0.01757008239550376,0.013578721235055808,0.6257456728438332,0.5594889953698515,0.2264670075571278,0.01678043772574497,0.0039029231677756657,0.0,0.1368688445275645
1016,0.87,-0.030000000000000027,0.15721211062001766,0.017864191102457957,0.013487482357307769,0.6676895716809629,0.61853301327083,0.22201371935422162,0.01682302667589991,0.0038546306882048806,1.0,0.12506365511377227
1017,0.88,-0.020000000000000018,0.15695602738849948,0.01776162622680445,0.013652464808240908,0.7156249796593364,0.6837685493639594,0.23735058171919254,0.01698874422783705,0.00400601283872284,1.0,0.1514142236871068
1018,0.88,-0.020000000000000018,0.15669035716229124,0.017807956053492013,0.013664368413141956,0.7157961162030503,0.683959387980651,0.23753699907352493,0.017125055437198347,0.003985704674599912,1.0,0.14043821828714453
1019,0.88,-0.020000000000000018,0.1561471236251478,0.01801352181779488,0.013588659956935924,0.7161463053714913,0.6843499401555326,0.23863246452231945,0.017216701150398247,0.003974900080442175,1.0,0.12247943570838454
1020,0.87,-0.030000000000000027,0.1555283402582507,0.017473685122652807,0.013468549195712894,0.6686348757367796,0.6196284580430358,0.23344558662758058,0.01713401080067167,0.0039641503541003095,0.0,0.14037837247617818
1021,0.87,-0.030000000000000027,0.15529233352886912,0.0174025488343017,0.013346374201444746,0.6687675887992404,0.6197823118709652,0.24001981101248948,0.0172759524845985,0.003955638644622786,1.0,0.1488661340988534
1022,0.87,-0.030000000000000027,0.1547820572339579,0.017032114917125585,0.013257895171526797,0.6690547113382775,0.620115224562104,0.23782143121307442,0.017196541838204692,0.00396260384305446,1.0,0.14202226360111278
1023,0.87,-0.030000000000000027,0.1544856218054717,0.016892463255285792,0.013190143798229182,0.6692216230254521,0.6203087882203863,0.23445755098662957,0.01705753199348721,0.003904839703200001,1.0,0.1478030557839955
1024,0.87,-0.030000000000000027,0.15385941950508447,0.016726608527660253,0.013374443351872758,0.6695744880089084,0.6207180775032693,0.23203161104904704,0.017030943141910067,0.0038708606282273975,1.0,0.12731454673323755
1025,0.87,-0.030000000000000027,0.15344597839955273,0.01627934910972253,0.013454014132899516,0.6698076660807735,0.6209886010431823,0.23392776143135335,0.017107438287340026,0.003812717136622074,1.0,0.1508335194588363
1026,0.87,-0.030000000000000027,0.15321498083240292,0.01611310899499865,0.013415973717036222,0.6699380179266963,0.621139850496581,0.23580073283435035,0.01707244563790791,0.0037714052399146418,1.0,0.153436407893078
1027,0.87,-0.030000000000000027,0.1527639420951143,0.016262845909669296,0.013670639311900355,0.6701926852314397,0.6214353880019103,0.24066557370776553,0.017208392181734502,0.003759400735491211,1.0,0.12506340127448295
1028,0.87,-0.030000000000000027,0.15227042837162105,0.01637969806009566,0.013674794439979718,0.670471556850359,0.6217590790857183,0.23755861640824105,0.017157641205146075,0.003770935348917055,1.0,0.12397701538107503
1029,0.87,-0.030000000000000027,0.15186888503195695,0.01633412085261382,0.013773503792486746,0.6706986297188936,0.6220226965513245,0.24037651093674184,0.0171719913778764,0.003728739844119058,1.0,0.13384908197753484
1030,0.88,-0.020000000000000018,0.15136424008691654,0.016418725988461894,0.013527461211008143,0.7192443886374191,0.6878078935330626,0.24230794646571358,0.017049961004407557,0.003682685857273606,1.0,0.12363876213816867
1031,0.88,-0.020000000000000018,0.15069432239607322,0.015402014766481835,0.013461598048484338,0.7196804651392585,0.6882950261073764,0.23951976348642706,0.016986631692236437,0.0036400381169000547,1.0,0.1416800229636262
1032,0.87,-0.030000000000000027,0.15009891779999826,0.015248817214553763,0.013610177187060382,0.6717013826250469,0.623187368152483,0.24277332261834983,0.01708708331002769,0.00365480173911935,0.0,0.12456961852514728
1033,0.87,-0.030000000000000027,0.14968166174226638,0.014946022280491003,0.013638480696690552,0.6719382107481541,0.6234625660181013,0.24020464371908892,0.017148018403426692,0.0036773923257803196,1.0,0.13998340264000544
1034,0.86,-0.040000000000000036,0.14928482786662758,0.014952065871766394,0.013593762148591749,0.629828802837253,0.5643692844175741,0.23831898334236096,0.01716474178570648,0.003678026184524816,0.0,0.12941388418784489
1035,0.86,-0.040000000000000036,0.14875857919779154,0.01464051292527381,0.013208752021628443,0.6300914315127708,0.5646839162301894,0.2413476678375499,0.017242027390166982,0.003664263182224234,1.0,0.13146905958205884
1036,0.87,-0.030000000000000027,0.1485697637737242,0.01482228905177514,0.012980390409810007,0.6725701231638856,0.6241970975616215,0.24413395946814379,0.01727897174083329,0.0036535504451624522,1.0,0.12504120609534827
1037,0.87,-0.030000000000000027,0.14829479062179107,0.014620985764381528,0.013074568059332896,0.6727265789004842,0.6243790147441901,0.23795046801453912,0.017257286027868052,0.003644511692709547,1.0,0.1454610863655078
1038,0.87,-0.030000000000000027,0.14757326702409185,0.0146187902915016,0.013376424240981625,0.6731374616693021,0.6248568660423816,0.23814367434117972,0.01732105797967122,0.0036209804288747627,1.0,0.11190233475628847
1039,0.87,-0.030000000000000027,0.14698609072934402,0.01416630019651904,0.013379619527569912,0.6734722089022289,0.6252462818389254,0.23635723959254698,0.017316243920506767,0.0036268053200742855,1.0,0.12901205467742632
1040,0.87,-0.030000000000000027,0.1465449859615277,0.014100274060320486,0.01337043115235982,0.6737239003315976,0.6255391423031741,0.2384301483595444,0.01730978036572825,0.0035769906428411236,1.0,0.12682582082167781
1041,0.87,-0.030000000000000027,0.1461580079819516,0.013869725815334915,0.013260789410963814,0.673944862343599,0.6257962926506415,0.24037554887831158,0.017406280691061635,0.003399403744080832,1.0,0.1353343826472484
1042,0.87,-0.030000000000000027,0.1458786992927586,0.013976343546579697,0.013211877615393046,0.6741044359426973,0.6259820271943576,0.2201775374277496,0.016986963971495985,0.003588617422432928,1.0,0.12673821746178254
1043,0.87,-0.030000000000000027,0.14592302275399877,0.013968558849198363,0.01337727147599531,0.6740791081839159,0.6259525456433427,0.22075110102148043,0.016581093561611387,0.0035812106467414603,1.0,0.14566299955812667
1044,0.87,-0.030000000000000027,0.14609971319036272,0.01405185306775903,0.013329328490970578,0.6739781608678785,0.6258350483883003,0.21980047449352735,0.016119913763362446,0.003524420697416436,1.0,0.16145048696722678
1045,0.87,-0.030000000000000027,0.145598973432672,0.014284094004823032,0.013715523527782747,0.6742643236318818,0.6261681496790927,0.22303292323127794,0.01579585067294588,0.0035530722865525807,1.0,0.11424131048830799
1046,0.87,-0.030000000000000027,0.14495474556591964,0.0144721497187089,0.013576272148346382,0.67463284460623,0.6265972238112852,0.22226903705252166,0.015443218820726124,0.003542394806611317,1.0,0.10886836741665996
1047,0.87,-0.030000000000000027,0.14479754053372818,0.01445697835315139,0.013823921020654759,0.6747228325594,0.6267020161151545,0.21266858031769323,0.01510978180074797,0.00363064008809724,1.0,0.1384118212368979
1048,0.86,-0.040000000000000036,0.14451225733894874,0.014649339997893546,0.01398970783231297,0.6322186339257797,0.5672355869579833,0.20980542403926572,0.014794047084801979,0.0036314766347748106,0.0,0.12057778951639328
1049,0.86,-0.040000000000000036,0.14419881885519806,0.014851216412229813,0.013913556171277786,0.6323762208512469,0.567424850504499,0.2049873327846626,0.014559296679685828,0.0036264783074766685,1.0,0.11918339798561092
1050,0.85,-0.050000000000000044,0.14403627919117343,0.014967329376629522,0.01368970012673724,0.5948370294666971,0.5135160881260759,0.20689484552457998,0.0144016822897504,0.0036265152396971244,0.0,0.1253398739849504
1051,0.85,-0.050000000000000044,0.14361261160087876,0.014827859376170163,0.013498477040341034,0.595025604387831,0.5137478284335699,0.19960013315021471,0.014345325704311542,0.0036996245978009527,1.0,0.12754530576679995
1052,0.85,-0.050000000000000044,0.14357016444992235,0.0148190918799231,0.01345270555584569,0.595044504252317,0.5137710579657412,0.20655917192091694,0.014218214553459249,0.003698783501384128,1.0,0.1445308323655513
1053,0.85,-0.050000000000000044,0.14307076070253266,0.01475147688282671,0.013674997608951911,0.595266957147812,0.5140445183675874,0.20413591030151174,0.014203244326216098,0.003697450015473592,1.0,0.1203520762860108
1054,0.85,-0.050000000000000044,0.1428119065801012,0.014457604780298193,0.013913823756203841,0.5953823258060597,0.5141863746796776,0.21016686406620966,0.014113256314870782,0.0037549190016107105,1.0,0.14657888160386298
1055,0.85,-0.050000000000000044,0.14245906946096878,0.014221289948084314,0.013992770004640002,0.595539653773406,0.5143798613591324,0.19940866931988582,0.014126305684503323,0.003849705241973828,1.0,0.13459756519385563
1056,0.84,-0.06000000000000005,0.1421887397313982,0.01387088888468977,0.013939234685193511,0.5621737904833234,0.4655643695208381,0.2033526907162776,0.014109666372919043,0.003879674240359786,0.0,0.1470139419648672
1057,0.84,-0.06000000000000005,0.14169637517260034,0.014229391324527774,0.0143057965955584,0.5623695415832604,0.46580903695106185,0.19830832760977174,0.014142316940943905,0.003887811091924351,1.0,0.10709408564592224
1058,0.84,-0.06000000000000005,0.14162159921948586,0.014152655421117648,0.014696078358381671,0.5623992824449981,0.46584621736080634,0.19455573034268772,0.014275161096715526,0.0038812902511014776,1.0,0.15248317340708514
1059,0.84,-0.06000000000000005,0.14133272190176427,0.014207892483950213,0.01487054396295258,0.5625142080342179,0.46598990991357864,0.19455742290726669,0.014360882877751485,0.0038594103228317732,1.0,0.12432184370471197
1060,0.84,-0.06000000000000005,0.1412637993494781,0.014219646688022145,0.014820004419681348,0.562541634797658,0.46602420627687585,0.1962093002660905,0.014393300448729038,0.003828459207601753,1.0,0.13542808539840043
1061,0.84,-0.06000000000000005,0.14107664758357574,0.014115258979181035,0.014685600726858691,0.5626161227122297,0.46611735982762365,0.1931173315461872,0.01452890117084005,0.0037870228253629483,1.0,0.139714820514325
1062,0.84,-0.06000000000000005,0.14106267665819,0.014116180342191873,0.014666059157160615,0.5626216840446461,0.4661243152569231,0.20576168546059814,0.01441676929098015,0.003859402756610282,1.0,0.1394402038606156
1063,0.84,-0.06000000000000005,0.14107269399601086,0.01411480446708095,0.014610377496968778,0.5626176964847784,0.46611932810129286,0.20382670076806508,0.014392686849574862,0.0038734904460777267,1.0,0.1396297981274589
1064,0.85,-0.050000000000000044,0.14099068220160912,0.014119464372997681,0.014563810933315815,0.5961952929201922,0.5151866531131284,0.2073167162422122,0.014332871321601924,0.0038954912661571923,1.0,0.1361289635310326
1065,0.86,-0.040000000000000036,0.14063369861043498,0.01427586656206123,0.014719240796063607,0.6341741944942852,0.5695864989025655,0.22125374466529146,0.014221539629224723,0.00402050050032007,1.0,0.1167427082518658
1066,0.86,-0.040000000000000036,0.14065981154905977,0.014292504588203673,0.015026805498635193,0.6341609879595625,0.5695706059042458,0.22176823902690618,0.014085905201294378,0.003941634367455599,1.0,0.15105366236461984
1067,0.86,-0.040000000000000036,0.14018900031667159,0.014671588997062238,0.01545258324158851,0.6343991837020223,0.5698572898193213,0.22069140160756026,0.01403843696549717,0.0039202762630985806,1.0,0.10522329382148993
1068,0.86,-0.040000000000000036,0.13998621198861858,0.014591816856376677,0.01573552130699786,0.634501834775212,0.5699808595697116,0.22043418560299577,0.013957818082584159,0.003890838246528548,1.0,0.13570395624575676
1069,0.86,-0.040000000000000036,0.13989003316966778,0.014533923258299606,0.015724715909682233,0.6345505319287424,0.5700394851946832,0.22042370228160685,0.013906134903265597,0.0038529903024723676,1.0,0.1438951132072409
1070,0.87,-0.030000000000000027,0.13981819728865233,0.014438076075055465,0.01566636358033098,0.677585604053017,0.6300394624832981,0.22103587806252972,0.013814978010541356,0.003807672475196696,1.0,0.15559029829650417
1071,0.87,-0.030000000000000027,0.13962485085932722,0.014492703821812284,0.015732821074042395,0.6776972546615903,0.6301697716181962,0.2221345528039563,0.01365232226075411,0.0037419415600487556,1.0,0.12596717777050348
1072,0.87,-0.030000000000000027,0.1391728766046842,0.014293359753512947,0.015580034593575197,0.6779583971328437,0.6304745977842099,0.22645370606079118,0.013599937632034664,0.003765303514331686,1.0,0.12314822388728122
1073,0.87,-0.030000000000000027,0.13898355101214663,0.014268750033751406,0.01555206665608663,0.6780678458211937,0.6306023727887153,0.22056203028624471,0.01350361748305697,0.003751207705320466,1.0,0.13146827464835537
1074,0.87,-0.030000000000000027,0.13898602171680421,0.014268828075545876,0.01528859190367043,0.6780664172849555,0.6306007049875506,0.2172127975563536,0.013475227081851338,0.0037774580620939355,1.0,0.13955902779542353
1075,0.86,-0.040000000000000036,0.13864690335576918,0.013841421360550835,0.01489857912283329,0.6351806253991985,0.5707983194748844,0.21864520500294793,0.013449578110508445,0.003751254229275042,0.0,0.13957487486243636
1076,0.85,-0.050000000000000044,0.1387629131501655,0.013857798719656799,0.014860833288917769,0.5971927593415499,0.5164155242441169,0.21868231883933015,0.013391892989681494,0.0037507564609316453,0.0,0.14646057803567872
1077,0.86,-0.040000000000000036,0.13856119082642226,0.013905259695956625,0.014992630053977558,0.6352241158163103,0.5708507147808461,0.22000342227015085,0.01333331495521374,0.0037326154813082575,1.0,0.12530990695260763
1078,0.85,-0.050000000000000044,0.13859947542883053,0.013907223296286247,0.015112740098361412,0.5972660687502828,0.5165059098275849,0.218017595151936,0.013300700597156658,0.0037318834790006517,0.0,0.14120780822559925
1079,0.85,-0.050000000000000044,0.1385341053613743,0.013909333346557721,0.015093246154721691,0.5972953953009026,0.5165420701429708,0.21909456372048763,0.013249854453968977,0.0037114486356497004,1.0,0.13484934811814403
1080,0.85,-0.050000000000000044,0.13864744396074222,0.014045162675884987,0.015335069758264229,0.5972445507698853,0.5164793786216247,0.2225030999899485,0.013223787859709365,0.003714576901972695,1.0,0.16100857532834362
1081,0.85,-0.050000000000000044,0.13854010475070724,0.014018424706120627,0.015403171194659554,0.5972927037136383,0.5165387512905858,0.21689043668776342,0.013215762741641986,0.0036332507565465222,1.0,0.13672210392856946
1082,0.85,-0.050000000000000044,0.1380943913021217,0.013877901550444698,0.01551055656925679,0.5974927362398416,0.5167854354115216,0.19640438118156833,0.013287591152807908,0.0037950857826210276,1.0,0.12042910927014981
1083,0.85,-0.050000000000000044,0.1378153628562503,0.013727654512287316,0.015407179688889331,0.5976180301155831,0.5169399861751557,0.1998897795588598,0.013358499206074497,0.0038021887386499188,1.0,0.131435766968265
1084,0.85,-0.050000000000000044,0.13769536016325612,0.013777024849796348,0.015380435395715049,0.5976719318309587,0.5170064827675656,0.19811596932906153,0.013423212566513828,0.00378718422256413,1.0,0.12609737340149882
1085,0.85,-0.050000000000000044,0.1376481682480555,0.013756277427667794,0.015522139145293448,0.597693131728921,0.517032637713893,0.19427846755050815,0.013592653974982279,0.003763649601837167,1.0,0.14136452977187414
1086,0.85,-0.050000000000000044,0.13769148770932196,0.013793444019184961,0.01534094657045135,0.5976736713864517,0.5170086288792708,0.19289086728286475,0.013833929326227666,0.0037582613474980054,1.0,0.1516541525806954
1087,0.85,-0.050000000000000044,0.13785846187183726,0.013667802603011087,0.015201469613256567,0.5975986736656269,0.5169161080718859,0.2007032535528047,0.013950818102036168,0.0037968418336086856,1.0,0.13579193498739034
1088,0.85,-0.050000000000000044,0.13768206217301507,0.013639706458619139,0.015118118031604294,0.5976779054993976,0.5170138525804406,0.1991898672512969,0.014096447256999232,0.003808070749075617,1.0,0.13112498520922883
1089,0.85,-0.050000000000000044,0.13754792481492598,0.013722805772660617,0.014987436385394239,0.5977381688092018,0.5170882039274973,0.2011627323864969,0.014211326515674791,0.0037905632778727424,1.0,0.12243246292080329
1090,0.85,-0.050000000000000044,0.13727331488687247,0.013595441967715938,0.014933227117040178,0.5978615795360437,0.5172404849056845,0.20832431461531814,0.014242373031012258,0.0038367052329084457,1.0,0.1300152111875813
1091,0.84,-0.06000000000000005,0.1371370986129815,0.01359032399059486,0.014917354061099935,0.5641886858501828,0.4680869234804222,0.20127198143079086,0.01435063951554389,0.003874277044588178,0.0,0.13090511077000797
1092,0.84,-0.06000000000000005,0.1371518189030029,0.013596449919205762,0.015002978577060393,0.5641827935397681,0.4680795331431562,0.19747972401161135,0.01449792431135171,0.0038877259072119235,1.0,0.14353743504073135
1093,0.84,-0.06000000000000005,0.13719614693035667,0.013633121875364517,0.015017322165466005,0.564165050441316,0.4680572796192639,0.19626661701398362,0.014667575001042165,0.003899872634829633,1.0,0.15065370596460892
1094,0.84,-0.06000000000000005,0.13705142286666644,0.013552660370827514,0.014930722331358002,0.5642229830041734,0.4681299417122436,0.19440024054510932,0.014861884947415171,0.003858435734381178,1.0,0.13744475253192745
1095,0.84,-0.06000000000000005,0.13677675894221566,0.013077132058047504,0.014949780797636267,0.5643329627859965,0.4682679051997535,0.19559788448365234,0.015031245841905686,0.003843273700643491,1.0,0.1462331034652512
1096,0.84,-0.06000000000000005,0.13635692578031092,0.01277706313631544,0.014749755913258646,0.5645011535074754,0.4684789443063381,0.19616744709681497,0.015177384908266842,0.0037634919501625405,1.0,0.1248146169480768
1097,0.84,-0.06000000000000005,0.1364977905609693,0.012735020989954942,0.014783317520591494,0.5644447100373613,0.46840811407824945,0.20168066163687787,0.015261603569635893,0.0037220381350802707,1.0,0.13966346113383082
1098,0.84,-0.06000000000000005,0.1365655840095389,0.012756090632749387,0.014778455518511134,0.5644175497297367,0.4683740335218046,0.20039676458389488,0.015315364780187012,0.003712020330020076,1.0,0.14388257298475066
1099,0.84,-0.06000000000000005,0.13657673670481685,0.012761151979576377,0.014732796130845039,0.5644130818398796,0.4683684274069782,0.19612525603962955,0.01543781038045252,0.003744853820579264,1.0,0.14291894771246605
1100,0.84,-0.06000000000000005,0.13671319702979093,0.012830447766894692,0.014711286665405632,0.5643584200909295,0.4682998438892387,0.19570423753033483,0.015569809879090218,0.0037280625431423873,1.0,0.14996580603085047
1101,0.85,-0.050000000000000044,0.1367428027704269,0.012854073682768712,0.014530575103412692,0.5981001380368993,0.5175349269094742,0.20494166133776734,0.015586782324233807,0.0038161653049032596,1.0,0.1484566429939242
1102,0.85,-0.050000000000000044,0.1363708966578951,0.01256900393869233,0.014504981003939328,0.5982674887871781,0.5177415402097558,0.20307664257768657,0.015616271209745559,0.003827962650351504,1.0,0.12770506535137177
1103,0.84,-0.06000000000000005,0.1361384170952701,0.012684415139221543,0.014361815178322968,0.5645887306527053,0.4685888581686107,0.197668534337005,0.015699278102277402,0.0038475231161365473,0.0,0.118362326851643
1104,0.85,-0.050000000000000044,0.13583975222849423,0.012345438427770718,0.014235381068374103,0.5985066562302285,0.5180369049335366,0.20525390479023625,0.015726224395714503,0.0038391565319335595,1.0,0.13525995167230104
1105,0.86,-0.040000000000000036,0.13575233269156217,0.012376945906985957,0.014189421181020664,0.6366526293571665,0.5725730834505901,0.20868403922654774,0.01574919243639903,0.0038486779265644784,1.0,0.12696988295108802
1106,0.86,-0.040000000000000036,0.13572718594731445,0.012353447166214225,0.014335848747658534,0.6366654473677118,0.5725885501692894,0.20610027666325204,0.01578685381227529,0.003790985794095676,0.0,0.14603725978872245
1107,0.86,-0.040000000000000036,0.13557236398385178,0.01223086949066267,0.014352366677045439,0.6367443758971407,0.5726837931454212,0.2064541569511971,0.015807514821589402,0.003787330569485876,1.0,0.13764078560771476
1108,0.86,-0.040000000000000036,0.1353851620731103,0.012207537829187863,0.0143514648273511,0.6368398379259301,0.5727989978604798,0.1991134577476163,0.01588729182896433,0.003859121361405497,1.0,0.1276415917081323
1109,0.85,-0.050000000000000044,0.1352922870476335,0.012235724677385689,0.014328968641972212,0.5987533729046731,0.5183416983858757,0.19287449409147892,0.016043237185806785,0.0038834178956954042,0.0,0.12698580321527028
1110,0.85,-0.050000000000000044,0.13541332814544632,0.012332833847952161,0.014434460723327498,0.5986988078917865,0.5182742795978872,0.19715827525783153,0.01611184404634211,0.003883941243603873,1.0,0.15126032638961037
1111,0.86,-0.040000000000000036,0.13567280544617946,0.012390687527524818,0.014148650774969095,0.6366931684203863,0.5726220002160376,0.2029888191063648,0.016144294376574168,0.00392003626582066,1.0,0.1512731395614767
1112,0.85,-0.050000000000000044,0.13530020159550715,0.012405212119190498,0.01440800465875137,0.5987498047431156,0.5183372895189156,0.20135746187490053,0.01617444168253492,0.003896391441320762,0.0,0.11637302248027423
1113,0.85,-0.050000000000000044,0.1351371296880644,0.012391571963645771,0.014284944302065446,0.5988233319877035,0.5184281452774401,0.20674295437354984,0.016131841756613117,0.0038938770019870156,1.0,0.12810213421647693
1114,0.85,-0.050000000000000044,0.13473872719981175,0.011950873782162896,0.01397107017565963,0.5990030430561175,0.5186502498438398,0.20262019244744567,0.016154852830886732,0.003914992620736685,1.0,0.12848116318359756
1115,0.86,-0.040000000000000036,0.13486268413888935,0.012036304946146912,0.014061758921497356,0.6371064226144665,0.5731207779672157,0.20723486562635213,0.016133101765082005,0.003916622772009415,1.0,0.14926453843532472
1116,0.86,-0.040000000000000036,0.13487170910921292,0.012029290437227903,0.014030928797415155,0.6371018158962256,0.5731152166622616,0.20453436418435156,0.01615007580092932,0.0037889827626864827,1.0,0.12596615214612827
1117,0.86,-0.040000000000000036,0.13453119908261243,0.012038139599148985,0.014006958350133429,0.6372756724750609,0.573325118213388,0.19938711250371946,0.016060395043185644,0.003839092200325873,1.0,0.11736322102705671
1118,0.86,-0.040000000000000036,0.13445519230899872,0.012024590803834402,0.013981862767506736,0.6373144927381257,0.5733719922739217,0.20215517898606528,0.015935470164079018,0.0038559871602607356,1.0,0.13283754092577396
1119,0.86,-0.040000000000000036,0.1347388995239866,0.012073278572714832,0.01398301104542195,0.6371696141271336,0.5731970665623441,0.2060784163609077,0.01576092107382725,0.0038432231146052157,1.0,0.1508501572071737
1120,0.87,-0.030000000000000027,0.1347235548804053,0.012067074808754472,0.014018551322860824,0.6805399171687402,0.6334911813685297,0.21188927242024258,0.0156362392653261,0.003835512323437802,1.0,0.13884390811805006
1121,0.87,-0.030000000000000027,0.13473971074095006,0.012087063567568189,0.014066974974755163,0.6805305078898607,0.6334801756833837,0.2031431987677459,0.015439577751681838,0.0039016506451861,1.0,0.15048172015333033
1122,0.87,-0.030000000000000027,0.13447597012207052,0.012212372741623899,0.014360436856141901,0.6806841447053065,0.6336598887489923,0.2070355465079412,0.0152495484678361,0.003906988700880549,1.0,0.11564820171316033
1123,0.87,-0.030000000000000027,0.1343010589842738,0.012145317338525339,0.014301600808065168,0.6807860739496694,0.633779129582122,0.20948136209502904,0.015096604367384034,0.003907189465016967,1.0,0.1303119420043219
1124,0.87,-0.030000000000000027,0.1342848932516281,0.012155677241195652,0.014110641169782912,0.6807954960510109,0.6337901523890149,0.1988258516873151,0.015029554699214782,0.003995667849111994,1.0,0.12569797346866682
1125,0.87,-0.030000000000000027,0.13409626605048425,0.012043250764796188,0.014147711244949996,0.6809054555747975,0.6339187985482793,0.19852156128315457,0.014930745588993433,0.003979822586497484,1.0,0.13197079934445022
1126,0.87,-0.030000000000000027,0.13388595310613455,0.01188628817399248,0.013865502229748602,0.6810280986100135,0.6340622962514512,0.20174690694613326,0.014768452076007672,0.003963262028816307,1.0,0.13240511345810718
1127,0.87,-0.030000000000000027,0.1339632792103589,0.011853749311645345,0.013858477101924376,0.6809830011092831,0.6340095286649089,0.20131119221707908,0.014508790403084098,0.003936279780629739,1.0,0.13279601169691652
1128,0.87,-0.030000000000000027,0.13401891144053446,0.011819757021438282,0.013791645856488259,0.6809505594271947,0.6339715704810842,0.19953073115661804,0.014308157708989697,0.003925800654689943,1.0,0.1295402383986322
1129,0.87,-0.030000000000000027,0.13393144424265138,0.011853006606771934,0.013733338345074527,0.6810015669165522,0.634031251887396,0.20516564750227892,0.014004851203517337,0.0039632095518282165,1.0,0.1251023621892256
1130,0.87,-0.030000000000000027,0.1339497324310359,0.011838513754993327,0.013554792465902167,0.6809909013200617,0.6340187723968858,0.2009264729500968,0.013663141055181694,0.003977866032362516,1.0,0.12546758097661959
1131,0.87,-0.030000000000000027,0.13386485255462205,0.011813186296069759,0.013459984889206652,0.6810404057391782,0.6340766968623136,0.19912637374869654,0.013378183126626253,0.003963184618922894,1.0,0.13319203532224264
1132,0.88,-0.020000000000000018,0.13386167636198468,0.011815727489460444,0.013394593494721514,0.7308137639486567,0.7007655209144198,0.20564306628598297,0.012960596764408128,0.004003063544559516,1.0,0.12425199926141312
1133,0.88,-0.020000000000000018,0.1337577784933931,0.011807117744102747,0.013341786404491946,0.7308835528862979,0.7008438971856559,0.2010528919350457,0.012604907987008094,0.004030381867531328,1.0,0.12959361578084616
1134,0.89,-0.010000000000000009,0.1338018109391053,0.011799043673704795,0.013363688804330354,0.7884803760017581,0.7745155812671258,0.20788287810313305,0.012251447861425895,0.004068778854126261,1.0,0.13381712875906257
1135,0.89,-0.010000000000000009,0.13360124170366522,0.012005655406040866,0.013525074049121255,0.7886372162487569,0.7746828338759552,0.2082076595195266,0.011798716084741572,0.004043915114588884,1.0,0.11141213603805283
1136,0.89,-0.010000000000000009,0.1335544948917828,0.012047921466164653,0.013409261004665662,0.7886737800811787,0.7747218259387659,0.20200534074358378,0.011246786875021496,0.004044105289561997,1.0,0.12036652490710889
1137,0.88,-0.020000000000000018,0.133385500713025,0.011998144297015519,0.013153062943790893,0.731133724000728,0.7011248722141131,0.20401050408840843,0.010835266339489993,0.004062407885705269,0.0,0.12856166848972592
1138,0.87,-0.030000000000000027,0.13350822805287044,0.01183948736001511,0.01302454657841469,0.6812484782194111,0.6343201833625005,0.20325864441912148,0.010393148359129861,0.004051957632378545,0.0,0.12417506874083195
1139,0.86,-0.040000000000000036,0.13346405818097096,0.011864392042274985,0.013006705819736897,0.6378211452265288,0.5739839359882009,0.20440464616559006,0.009970560802757659,0.004042594935201487,0.0,0.12459506748747863
1140,0.86,-0.040000000000000036,0.1334991773113024,0.011849879419851595,0.012978767481774994,0.6378031791027592,0.5739622304959228,0.20793050939683483,0.00944986026391,0.004058559205024491,1.0,0.13033773385482106
1141,0.85,-0.050000000000000044,0.13341925621321576,0.011864175058709897,0.012922194712388844,0.5995989999053826,0.5193871997393252,0.20760988316894355,0.008814571342234897,0.0038577775361086255,0.0,0.12734227283858396
1142,0.85,-0.050000000000000044,0.13362230960994875,0.011921714310865836,0.012930038168956055,0.5995072109110329,0.5192736542012292,0.2182617565464452,0.008786038812812966,0.003959578645035603,1.0,0.14704355713508213
1143,0.85,-0.050000000000000044,0.13348523419925823,0.01186113334483672,0.012922973635995554,0.5995691718946331,0.5193503000281682,0.2156495338051217,0.008715366377248915,0.003976362445170658,1.0,0.13195545848907186
1144,0.85,-0.050000000000000044,0.13316195560432645,0.011530470282025838,0.012474727722218814,0.5997153513879606,0.5195311511522717,0.21620131355746758,0.008665807740709647,0.003949284980671621,1.0,0.1291226274740503
1145,0.85,-0.050000000000000044,0.13308359839399012,0.011684379669094516,0.012649920600478703,0.5997507935335262,0.5195750053421291,0.21727327314399403,0.008571140960909997,0.00395239683327536,1.0,0.10640558945467318
1146,0.85,-0.050000000000000044,0.1332254008399562,0.011473789945855952,0.012519613213997484,0.599686657221823,0.5194956481725593,0.21513459892873976,0.008464105500477132,0.0038770252926736007,1.0,0.12304861201327022
1147,0.84,-0.06000000000000005,0.13310405273307754,0.011482462369613674,0.012372081565666746,0.5658077029387226,0.4701205473721681,0.21165681877908127,0.008456594973959156,0.0038832336146052268,0.0,0.12627701054903204
1148,0.85,-0.050000000000000044,0.13322327485486876,0.011413470297420191,0.012420855299158647,0.5996876186895789,0.5194968377625979,0.181081797949666,0.008799169478382824,0.0041434046204114105,1.0,0.13250000169551257
1149,0.85,-0.050000000000000044,0.13348016260970785,0.01138363298230455,0.012483640104963384,0.5995714646060313,0.5193531362456301,0.1817192359979543,0.00911404368076499,0.004130575583122228,1.0,0.144872173469521
1150,0.86,-0.040000000000000036,0.13370662816720003,0.011444539662957215,0.012492820150244196,0.6376970727526191,0.5738340483040354,0.19262552662737611,0.009200152470733428,0.004167056171557142,1.0,0.1479864297341705
1151,0.86,-0.040000000000000036,0.13364868638055932,0.011490163269778645,0.012586252231382461,0.6377267050928506,0.5738698442986987,0.19992899964152414,0.009198203474584395,0.004170535305329322,1.0,0.1217511271027306
1152,0.86,-0.040000000000000036,0.1334330169778083,0.011486286430031264,0.01235427252338425,0.6378370260210756,0.5740031224712259,0.18374813797993267,0.009441741507965831,0.004309500962321102,1.0,0.12296389209044828
1153,0.86,-0.040000000000000036,0.13364343580528823,0.011437357901200804,0.012275517590310564,0.6377293904556399,0.5738730882848123,0.18028293963251207,0.00975636382860212,0.004283584240934463,1.0,0.14139395903400565
1154,0.86,-0.040000000000000036,0.13343047332952684,0.011392698329528276,0.012317234848858775,0.6378383273960173,0.5740046947501531,0.17741618537704223,0.010112280955825352,0.004203872720824827,1.0,0.12528263402772555
1155,0.86,-0.040000000000000036,0.13356149980841345,0.011480376343197523,0.012418257094149465,0.6377712988659489,0.5739237159158925,0.18394415519733975,0.010304221257356428,0.0042299732099551875,1.0,0.1477002130825154
1156,0.87,-0.030000000000000027,0.13357785030506947,0.01150067022993821,0.01202460984393743,0.6812078471458723,0.6342726338620394,0.18593639177219157,0.010464185119182871,0.004199143649029389,1.0,0.148648991630469
1157,0.87,-0.030000000000000027,0.13411474003009835,0.011504977209623015,0.011688700538454368,0.6808946846682039,0.6339061967514222,0.18640466925427665,0.010596208633388027,0.004165968701706168,1.0,0.1607830581488087
1158,0.87,-0.030000000000000027,0.13400642446984343,0.011381863647409327,0.011597489539109372,0.6809578408783425,0.6339800900158792,0.18111779915965392,0.010798108397713599,0.004219354333322771,1.0,0.14165161738159043
1159,0.87,-0.030000000000000027,0.13419451473936195,0.011375679596178466,0.011500247231849661,0.6808481774358849,0.6338517851721184,0.18297154646029634,0.010958073015002874,0.004221393423644171,1.0,0.14313087065656738
1160,0.87,-0.030000000000000027,0.13415242839965286,0.011378822789124932,0.01157726424309361,0.6808727122293523,0.6338804896495774,0.18485119002359246,0.01109342110871939,0.004209147714991574,1.0,0.13121945142749172
1161,0.87,-0.030000000000000027,0.1342073151907609,0.01141868885636185,0.011715743349597916,0.680840715592567,0.6338430552951019,0.18668584625600756,0.011172441457143571,0.004099958849516868,1.0,0.14520349962512769
1162,0.87,-0.030000000000000027,0.13417511965199508,0.011408423316886214,0.01180456411095396,0.6808594838412636,0.6338650130332047,0.18107664110879151,0.011391359655625684,0.004137072187442959,1.0,0.1362206499840361
1163,0.87,-0.030000000000000027,0.1342840156965961,0.01151147622604563,0.011913633989813509,0.6807960075362168,0.6337907507718558,0.184691247224243,0.011540664587355243,0.0041383306787692664,1.0,0.15051940258755792
1164,0.87,-0.030000000000000027,0.1341319540244106,0.011586291281503777,0.01201676884835798,0.680884648679045,0.6338944548888921,0.18229133087530536,0.01171671285717612,0.0040217941931718765,1.0,0.12092279631248869
1165,0.87,-0.030000000000000027,0.13456057145554473,0.011727022438795033,0.012060917342701743,0.6806348543362651,0.6336022302265705,0.17776234736100185,0.011832469704314284,0.004062344588653581,1.0,0.159604451365275
1166,0.87,-0.030000000000000027,0.13455916751098437,0.011725056061462727,0.01168577405900035,0.6806356722432031,0.6336031869742008,0.17280077194320423,0.012033346418701449,0.004101584366415719,1.0,0.15091326790858306
1167,0.86,-0.040000000000000036,0.13506624325830174,0.011540423520567042,0.011428571414761744,0.6370025338100458,0.5729953684016869,0.17141458325270947,0.012261948607663652,0.004112988130920065,0.0,0.15593086855322805
1168,0.85,-0.050000000000000044,0.13499075516269202,0.011560676552928022,0.011626395302710854,0.5988893459563129,0.5185097251946582,0.169260284729535,0.012523704752880139,0.004134642829928001,0.0,0.12815514668478187
1169,0.85,-0.050000000000000044,0.13510377010427504,0.011701553687223752,0.011781408187473502,0.5988383756647828,0.5184467355442021,0.1683274352835636,0.01278285402350402,0.004137881957857784,1.0,0.15519660736554725
1170,0.85,-0.050000000000000044,0.1351643664888481,0.011822550403246115,0.01154736989315291,0.598811049971799,0.518412968037323,0.17014411479199426,0.01296332102057887,0.004145134531261865,1.0,0.16164993675380923
1171,0.85,-0.050000000000000044,0.1352926156333589,0.011791605969117953,0.011749782930011539,0.5987532247656171,0.5183415153428792,0.17387604488510833,0.01302474386056322,0.004139202984153574,1.0,0.13879209222158256
1172,0.85,-0.050000000000000044,0.135411384766167,0.011728329726030981,0.011703792064278377,0.5986996838835685,0.5182753619038992,0.17155868006226319,0.013030525221781011,0.004103098833126288,1.0,0.1350251371680914
1173,0.85,-0.050000000000000044,0.13562401610107547,0.011847061112374229,0.011800918506945467,0.5986038540254747,0.5181569701493899,0.17193369264431302,0.013118966081265268,0.004073056205370316,1.0,0.15273140813920147
1174,0.85,-0.050000000000000044,0.135561617868769,0.011842602832687022,0.011996841299949618,0.5986319728230838,0.5181917074744592,0.1665510897375677,0.013358043830868731,0.004112957169614264,1.0,0.13331920456477742
1175,0.86,-0.040000000000000036,0.13549097480485536,0.011839521870311634,0.011935456783994736,0.6367858761028409,0.5727338746382075,0.17566762610990305,0.013374272505476797,0.004204668508361266,1.0,0.13251056847106835
1176,0.87,-0.030000000000000027,0.13555950207508247,0.011922357767533509,0.011931942294138692,0.6800533973850321,0.6329222195185578,0.21561061738985945,0.013328914336907574,0.004594788587645465,1.0,0.1533133050583907
1177,0.87,-0.030000000000000027,0.13572240589743814,0.011892453328453264,0.011889670724413671,0.6799586686264454,0.6328114629885215,0.2279779881661783,0.013486738233092842,0.004699652665000051,1.0,0.14160028918817608
1178,0.88,-0.020000000000000018,0.13544792748320272,0.012077984049199741,0.012106659232278966,0.7297499204145352,0.6995710915806471,0.2347470852339178,0.013839416124002898,0.0047571489124665954,1.0,0.11375996680205658
1179,0.88,-0.020000000000000018,0.13520460133273493,0.012330067017363224,0.011875184550667791,0.7299129096521965,0.6997540489885048,0.23187919947618518,0.014093529304892091,0.004751687796186513,1.0,0.11051673307136346
1180,0.87,-0.030000000000000027,0.13468911814679646,0.012318039283341728,0.01164053813589093,0.6805599742161066,0.6335146416148505,0.22829970677214173,0.01420651995157899,0.004731150719437607,0.0,0.10946025673449873
1181,0.87,-0.030000000000000027,0.13441654272507053,0.012569059096235834,0.011476005917335956,0.6807187725221686,0.6337003967013151,0.22744046138653518,0.014385582794396612,0.004532900112158934,1.0,0.10946456175597602
1182,0.87,-0.030000000000000027,0.13431900301083288,0.012714235827543633,0.011377055598066182,0.680775615685681,0.6337668946722853,0.21441206708435573,0.014477474717441926,0.004629294010390126,1.0,0.11067513784638387
1183,0.87,-0.030000000000000027,0.13401115686006942,0.013145688833786324,0.011424384814103516,0.680955081290135,0.6339768612023697,0.22229349295312967,0.014674913423664133,0.0046909870976525065,1.0,0.10065115189192156
1184,0.87,-0.030000000000000027,0.13395126052695666,0.013195162660478401,0.011466702307314879,0.6809900101559089,0.634017729677321,0.21234385448255455,0.014740702077016998,0.0047527258521173725,1.0,0.12010774009022171
1185,0.87,-0.030000000000000027,0.13381140056454283,0.013189965830892865,0.011436209081369914,0.681071584192055,0.6341131794670405,0.2187604618567601,0.014871276905770829,0.004803523903698808,1.0,0.127378533530491
1186,0.86,-0.040000000000000036,0.13336877034199646,0.01332576248872296,0.011477877622896447,0.6378698973503347,0.5740428372166589,0.21229296848831902,0.014920119376704169,0.004789939126915992,0.0,0.10739113032605888
1187,0.86,-0.040000000000000036,0.13326412806551485,0.013347391714225904,0.011611914261633922,0.6379234440725386,0.5741075347261066,0.20463717570880396,0.014929901935282512,0.004851983636794853,1.0,0.1253277073392306
1188,0.86,-0.040000000000000036,0.13307156714052204,0.013514717440655487,0.011660058628713296,0.6380220033304178,0.5742266280927625,0.20717771279266503,0.014952171172777662,0.004857717696882338,1.0,0.11186889270994704
1189,0.86,-0.040000000000000036,0.13299257353207017,0.013599492232955921,0.011610376417590985,0.6380624437668743,0.5742754976497616,0.21473386347237405,0.015032030569944973,0.004861703236790296,1.0,0.114533102075616
1190,0.86,-0.040000000000000036,0.13293084805418792,0.013626846320725578,0.01169542350588708,0.6380940474267298,0.5743136900322586,0.21143230671056593,0.015054072852828502,0.004823816606257778,1.0,0.12384266339935626
1191,0.87,-0.030000000000000027,0.13298632758803003,0.013629779404565029,0.011695202056231943,0.6815532102028257,0.6346768498115044,0.20877144392190702,0.015082735539469955,0.004812388377666662,1.0,0.13645306415422104
1192,0.87,-0.030000000000000027,0.13283173492576716,0.013596861007841568,0.011707915434170327,0.6816435275142764,0.6347825753527492,0.20905329577479237,0.015112697410930463,0.004802981760043001,1.0,0.12807816881444328
1193,0.87,-0.030000000000000027,0.1325803964048595,0.013497031812311641,0.011600333227179637,0.6817904175393887,0.6349545403556602,0.19497598190374127,0.015115932129978128,0.004926324562085191,1.0,0.12551985387384024
1194,0.87,-0.030000000000000027,0.13242003074768782,0.013533503377340739,0.011553093996126633,0.6818841732896724,0.6350643107172395,0.18630174250461282,0.015164135007149557,0.00500184572835373,1.0,0.12140818681476388
1195,0.87,-0.030000000000000027,0.13224036805092793,0.013468033102522219,0.011406024909836941,0.6819892414408055,0.6351873349988547,0.19806591264578102,0.01516006169013644,0.005114922572070958,1.0,0.12826683378925874
1196,0.86,-0.040000000000000036,0.13215066376618906,0.013546837197096748,0.011381517850537056,0.6384937745352994,0.5747968640732422,0.18647893308088803,0.015210943112214253,0.005176273733937928,0.0,0.11584418847419332
1197,0.85,-0.050000000000000044,0.1319135283199164,0.013620601517539362,0.011339968519036547,0.6002805326028157,0.5202307404201059,0.16157826392239444,0.015663469968214584,0.005414826987528947,0.0,0.1159499165065628
1198,0.84,-0.06000000000000005,0.13184149933157646,0.013576088489817477,0.011539626421783095,0.5663164510753171,0.4707608142355188,0.15906987686181565,0.016154662194811785,0.005397017679612919,0.0,0.13667967415075571
1199,0.84,-0.06000000000000005,0.13193514423647154,0.013684043237897157,0.01162605981302382,0.5662786852841236,0.4707132650998928,0.15932641240289763,0.01661564034740025,0.005395356235489558,1.0,0.15228343820197177
1200,0.84,-0.06000000000000005,0.13173010152294004,0.01356543904992854,0.011841340019966702,0.5663613829460554,0.4708173900975055,0.15839778751382722,0.017076923612107157,0.005311428973687921,1.0,0.12946153467770016
1201,0.84,-0.06000000000000005,0.13191609098074886,0.01391645332471328,0.012011466044760187,0.5662863688100505,0.4707229388023894,0.14945235676324295,0.017721770400081095,0.005382948286723311,1.0,0.16705558877480772
1202,0.84,-0.06000000000000005,0.13210623244174496,0.013987334118829927,0.01212251290156923,0.5662097006074474,0.47062641815587963,0.15720825300567165,0.0181505735594848,0.005406663317043988,1.0,0.14671921145098396
1203,0.84,-0.06000000000000005,0.13224237415271164,0.013918987035269857,0.012100746120579495,0.566154818755244,0.47055733347057194,0.15902349658960965,0.01853280799838244,0.005348379207253147,0.0,0.13197649794830918
1204,0.84,-0.06000000000000005,0.13230821752169347,0.013948647769686023,0.01211668270543772,0.5661282795970207,0.47052392873518684,0.1583884397598814,0.018889447091511722,0.005320146100115943,1.0,0.14184428857048637
1205,0.84,-0.06000000000000005,0.1327113599718292,0.014364902217590335,0.012181051014089624,0.565965841219659,0.47031950328396627,0.15048275198156935,0.019374699158919536,0.005373902920469644,1.0,0.16728412796465914
1206,0.85,-0.050000000000000044,0.13291041286361197,0.014682578684557916,0.01210978944658104,0.5998291428188401,0.5196719583797231,0.1501428286175959,0.019855178069508452,0.005373761941439628,1.0,0.1659425489670014
1207,0.85,-0.050000000000000044,0.1329065950697337,0.014681397775126368,0.01229852024302073,0.5998308702227338,0.5196740960716256,0.15556041061300313,0.020196296944069506,0.005354336515094439,1.0,0.1372590062198896
1208,0.84,-0.06000000000000005,0.1331311062785396,0.014770560554643616,0.012421529514495176,0.5657968116672739,0.47010684702003463,0.150529673812385,0.020650903909281787,0.005342132203422528,0.0,0.15009271258872173
1209,0.85,-0.050000000000000044,0.1333324622351851,0.014822568949086299,0.012206345580500853,0.5996382431455772,0.5194357492609254,0.16208312427846877,0.020888942698733492,0.005415563206450116,1.0,0.14712139887981956
1210,0.84,-0.06000000000000005,0.13303196025581646,0.01476054455102338,0.012467946158836271,0.5658367281226495,0.4701570600659815,0.16028339819533863,0.021142944925776962,0.005374847875486449,0.0,0.1212101284527469
1211,0.84,-0.06000000000000005,0.13285737219847854,0.014646566468371624,0.012242734929480026,0.5659070314367778,0.47024550722354735,0.16233593401766666,0.02133715698834342,0.005379102204687092,1.0,0.13381433382768093
1212,0.85,-0.050000000000000044,0.13322847029278745,0.014694248995580042,0.012322930751169756,0.5996852690802129,0.5194939306769382,0.15821868679946988,0.021590445035185934,0.005366291646298683,1.0,0.15348283191116702
1213,0.85,-0.050000000000000044,0.1331855081490784,0.014715439482120259,0.01261886896428568,0.5997046990362481,0.5195179709435269,0.16145856399653377,0.021754420209677983,0.0053573736187326184,1.0,0.12380591984556982
1214,0.85,-0.050000000000000044,0.133410819668665,0.014813846081665076,0.012683747954638823,0.5996028141997657,0.5193919184496473,0.15726237696888418,0.021993998385903494,0.00535314648589164,1.0,0.15101231514225832
1215,0.85,-0.050000000000000044,0.13370534807772788,0.015407035024759944,0.012728259852721231,0.5994696819964641,0.5192272341770469,0.15799230677515747,0.022181459646288544,0.005333241721894395,1.0,0.17871737934161344
1216,0.85,-0.050000000000000044,0.13378088847143052,0.01538741086719738,0.01309789880934899,0.5994355458886084,0.5191850129220883,0.1579272576024589,0.022376267497282477,0.00528190634302638,1.0,0.13352019151639383
1217,0.85,-0.050000000000000044,0.13421464905603522,0.0155292116789557,0.01321653283028248,0.599239608131988,0.518942707055757,0.16331659087896844,0.022517318805646058,0.005308383785391672,1.0,0.16073927948752642
1218,0.85,-0.050000000000000044,0.13435414181040228,0.01557878643479914,0.013175521182238489,0.599176623867161,0.5188648321415145,0.1570495685498427,0.022719158444512035,0.005332058380889481,1.0,0.1467868163624818
1219,0.85,-0.050000000000000044,0.134498362153007,0.015796071029855214,0.013240966899572198,0.5991115189042227,0.5187843425169432,0.1582849168246423,0.022867560108197325,0.005285841130540639,1.0,0.16527219146764255
1220,0.85,-0.050000000000000044,0.13454408225559222,0.01581518763863118,0.013344183677913504,0.5990908825669162,0.5187588312608612,0.15796638577514432,0.022957525071593814,0.005200714437581056,1.0,0.14341591837657316
1221,0.85,-0.050000000000000044,0.1342752326607604,0.015770422804155523,0.013192523468481744,0.5992122515806454,0.5189088820475576,0.15950865301921852,0.023088994768764137,0.0051769762507515495,1.0,0.12359676067014692
1222,0.84,-0.06000000000000005,0.13456878359043548,0.01569398972859728,0.013260632495950032,0.5652186311866627,0.4693799309941964,0.14992409783679153,0.02331738991554007,0.005249084731512552,0.0,0.14500329468066872
1223,0.83,-0.07000000000000006,0.13464119254696005,0.015690886186833047,0.013289283894821067,0.5349544747733141,0.4246794513670272,0.15136911311590628,0.023485202964477894,0.005156049427183268,0.0,0.1375528376567811
1224,0.83,-0.07000000000000006,0.13508807894179337,0.016061810016394982,0.01355757631319918,0.5347936972701705,0.4244754457464373,0.15388802125287648,0.023681672247423693,0.005178419303272255,1.0,0.17038661295199758
1225,0.83,-0.07000000000000006,0.13540961408924998,0.01631601088951341,0.013616444846009575,0.5346780774863161,0.42432878472716806,0.15345407572257563,0.023875557635937343,0.005150223342336115,1.0,0.16412431409011116
1226,0.83,-0.07000000000000006,0.13582290733369587,0.016752284948737785,0.013709568336653771,0.5345295361133224,0.42414041910674083,0.1519028172118874,0.02406101971107485,0.0051614914613425196,1.0,0.17373443790269544
1227,0.83,-0.07000000000000006,0.1359352896845077,0.01676928922744447,0.013976683668232683,0.5344891591398102,0.4240892278025709,0.15334519069152308,0.024218507230947758,0.005158076435273578,1.0,0.14403424677809856
1228,0.83,-0.07000000000000006,0.13612306906785226,0.016801731821570225,0.013975128655561823,0.5344217069674317,0.4240037199507982,0.15638934373745278,0.02434001865860046,0.005131907109013667,1.0,0.1483181767330899
1229,0.82,-0.08000000000000007,0.13605511483827404,0.016859808998001543,0.014274583390049625,0.5073319555614271,0.3836824267636089,0.1577590237780044,0.024396113976108795,0.0051029223159668935,0.0,0.11830693923140345
1230,0.82,-0.08000000000000007,0.13621168822669763,0.01683344037075719,0.014427043251079416,0.5072812816943499,0.383617928298221,0.16058277056479325,0.024448189228616652,0.005113262190566777,1.0,0.14112491981897574
1231,0.82,-0.08000000000000007,0.1363061020921579,0.01684271368666125,0.014351977250962903,0.5072507302083434,0.3835790461567066,0.1665567791596405,0.024457524302395107,0.005107780534582545,1.0,0.1426334218682705
1232,0.82,-0.08000000000000007,0.13626792048996722,0.016874294648629988,0.014522259738907254,0.5072630849915696,0.3835947694069794,0.16586445743318942,0.024415639244911816,0.005068408285850361,1.0,0.12043383904234692
1233,0.82,-0.08000000000000007,0.13654536094896247,0.016989959481567313,0.014852363876885107,0.5071733246497044,0.3834805482807847,0.16191151372053988,0.02443653346074006,0.005039347250946948,1.0,0.15733766168037078
1234,0.82,-0.08000000000000007,0.1365759516451979,0.016987773527447843,0.014832732266549298,0.507163429582763,0.3834679583770402,0.15553259754767507,0.02444983147222659,0.00510050012727494,1.0,0.13687619838260603
1235,0.82,-0.08000000000000007,0.1372472139677274,0.01730347145120502,0.0151631138932093,0.5069463958285527,0.3831919016707387,0.15221651860690438,0.02448586957190875,0.0050713461895459284,1.0,0.1785383682910026
1236,0.82,-0.08000000000000007,0.13738924317787019,0.017222429554265003,0.015524465194088071,0.5069004984932872,0.38313354307982006,0.15795007610271003,0.024509409860440055,0.005109006736525533,1.0,0.13456944592138714
1237,0.83,-0.07000000000000006,0.13773221246474665,0.017383960164549735,0.01576590510830112,0.5338443843688015,0.4232723863452894,0.16050074570735692,0.02448442419594335,0.005127176533852402,1.0,0.16285859717737258
1238,0.84,-0.06000000000000005,0.13804835678424615,0.017421963692224023,0.015833067711734906,0.5638241547992155,0.4676298648491578,0.16548121693016943,0.024423751158002466,0.005165908548764968,1.0,0.1557895006907809
1239,0.85,-0.050000000000000044,0.13835411624303398,0.017451454776085704,0.015781308327463984,0.5973761575385362,0.5166416596663566,0.1680658862660155,0.024331876446159074,0.005156401539720537,1.0,0.15517101336625969
1240,0.85,-0.050000000000000044,0.13856889036101275,0.01748360704036066,0.015784948799154132,0.5972797895729689,0.5165228277311696,0.16698305692986057,0.024200741103674265,0.00516410056101613,1.0,0.15181514565269827
1241,0.86,-0.040000000000000036,0.1386723835326857,0.017447439108773184,0.015728608105722994,0.63516769794145,0.5707827455241818,0.16629170289395256,0.0240693193219428,0.005063489254535386,1.0,0.13769159000588224
1242,0.86,-0.040000000000000036,0.13856182030757083,0.0174290631417591,0.015593418779826798,0.6352237963967506,0.5708503299495631,0.1750071181634998,0.02374758969161166,0.0051251376639113826,1.0,0.1359872346235959
1243,0.85,-0.050000000000000044,0.1388123725868176,0.017512185243311506,0.01577716242402004,0.5971705780340214,0.5163881780414123,0.17389348134384083,0.023458424787418723,0.005130812987823636,0.0,0.15701068641374832
1244,0.85,-0.050000000000000044,0.13894376582305568,0.0174882661270082,0.015696674517924218,0.5971116594901268,0.5163155445728834,0.169775630727996,0.023159598908710267,0.005161579563877356,1.0,0.14226195109785716
1245,0.85,-0.050000000000000044,0.1394266589097531,0.017248185958814107,0.015654148502449085,0.5968952233975819,0.5160487793410755,0.16953630375124565,0.022829715337825445,0.005142394238235902,1.0,0.15469489812441584
1246,0.84,-0.06000000000000005,0.13970689795461172,0.01720741818914318,0.01565812812961599,0.5631618952368614,0.4668002790030148,0.17516365455450827,0.0225110604513503,0.005164107073120792,0.0,0.15107251649913095
1247,0.85,-0.050000000000000044,0.13996923961479918,0.017200648079074128,0.015609801553072232,0.5966522220101556,0.5157493694872934,0.17467529782425462,0.022238761382408573,0.004860201375149463,1.0,0.15251117656777974
1248,0.85,-0.050000000000000044,0.13999782028019414,0.01719058496240634,0.015658093841544575,0.596639427295971,0.5157336075804292,0.17129713899930693,0.022239939896863306,0.004887885423398549,1.0,0.13535806823500895
1249,0.85,-0.050000000000000044,0.13992042327144374,0.0171858875254147,0.015644559983916523,0.5966740769048907,0.5157762933650623,0.17299702809767464,0.022236043825134832,0.004794891468539416,1.0,0.13713247259448108
1250,0.85,-0.050000000000000044,0.13998374396408947,0.017227105437943143,0.015553153153338958,0.596645728775619,0.5157413703857818,0.17112846405612292,0.022181225409633503,0.00473999339810915,1.0,0.15431849899874214
1251,0.85,-0.050000000000000044,0.1402373215247701,0.017143285948199888,0.015613727404250365,0.5965322312713973,0.5156015632630553,0.16546726073472406,0.022075883267854306,0.00463373422295569,1.0,0.14710888317079515
1252,0.84,-0.06000000000000005,0.14062920188846287,0.017191784933776082,0.015579515064304626,0.5627942896975822,0.4663402239809766,0.1649148312789735,0.022087277507474332,0.0046043123149590226,0.0,0.16215192845972437
1253,0.84,-0.06000000000000005,0.14071926839197432,0.01721912636413073,0.015535474600348004,0.5627584173311716,0.4662953464461661,0.1680747868851286,0.022094646070366715,0.0046072739447639245,1.0,0.15040060938514968
1254,0.84,-0.06000000000000005,0.14094335216919743,0.017162495577690305,0.015336404080957326,0.5626691873932013,0.4661837294474293,0.17436358177076555,0.02209401886334626,0.004604858036333009,1.0,0.14769101175003702
1255,0.84,-0.06000000000000005,0.14077533149057625,0.017177762765803288,0.015496445373701626,0.562736090406459,0.4662674161862767,0.17233076742677356,0.022079428351326195,0.004605267912788971,1.0,0.13089814522039778
1256,0.84,-0.06000000000000005,0.1407029944075732,0.017159675146348922,0.015480112763514003,0.5627648987179401,0.466303454662745,0.16836549175503382,0.02206402995323639,0.004640591126825887,1.0,0.1414152833301629
1257,0.84,-0.06000000000000005,0.14039839895646403,0.017070644963676773,0.015398903970837763,0.5628862365094515,0.4664552658502332,0.16605451036800503,0.022052935983896085,0.0046105316449309985,1.0,0.1303235130378927
1258,0.83,-0.07000000000000006,0.14023619933099174,0.017134904128396942,0.015433374727691865,0.5329484895956725,0.4221393625978065,0.16521991657795632,0.022065021851615567,0.004600237165026011,0.0,0.1254316548343593
1259,0.83,-0.07000000000000006,0.14040635230583084,0.017246920444346725,0.015663709011298384,0.5328877201133926,0.4220625904950697,0.16425409177038167,0.022074011234696444,0.004591006672543977,1.0,0.16014616814048038
1260,0.83,-0.07000000000000006,0.14062940815658298,0.01727088643278507,0.015589336116754329,0.5328080775602785,0.42196199118745387,0.16652244575264827,0.022064050799454425,0.004595387457896012,1.0,0.153525036502706
1261,0.83,-0.07000000000000006,0.14069702763951247,0.01730187217114964,0.015514353681840612,0.5327839385860188,0.4219315039332934,0.17251948881194543,0.022030139409060352,0.0045993050125634986,1.0,0.15196544791807268
1262,0.83,-0.07000000000000006,0.14090837942850631,0.017374834907641218,0.01542437012993988,0.5327085037894017,0.42183624121943103,0.16533122601642716,0.022037082171379993,0.004635402554786395,1.0,0.15735582888342198
1263,0.83,-0.07000000000000006,0.14082771165153019,0.017348732231963204,0.015275951925075321,0.5327372928742622,0.42187259557675943,0.1598143325288305,0.022056485374947483,0.004666887172348607,1.0,0.14245262488994384
1264,0.83,-0.07000000000000006,0.14114137787914222,0.01726938836142681,0.014984589694074969,0.5326253677077496,0.42173127153148304,0.16045616925381717,0.02207988622737792,0.004627623063365609,1.0,0.15228941907369536
1265,0.83,-0.07000000000000006,0.1409941353522544,0.017173847297564483,0.014971640572261951,0.5326779022353748,0.42179760066918875,0.16149281002216284,0.022108757029969887,0.00458797725882569,1.0,0.14488019867649254
1266,0.83,-0.07000000000000006,0.14088596256022817,0.017145072307062765,0.014969283090705277,0.5327165037115917,0.4218463431480707,0.15871236655908735,0.02215738759305804,0.0046020606403669095,1.0,0.1400959887059581
1267,0.84,-0.06000000000000005,0.14082975628733957,0.017104824570770946,0.014791894511816015,0.5627144176241192,0.4662403053179035,0.16238002564461992,0.02218340101695814,0.004617347110693758,1.0,0.15031024126436782
1268,0.85,-0.050000000000000044,0.14124243134141598,0.017290858929388767,0.014711803099162375,0.5960827836886105,0.5150481521751002,0.16468874149003915,0.022196253224922916,0.004631244751092222,1.0,0.16942265209242247
1269,0.85,-0.050000000000000044,0.1414134854837867,0.01751126306647288,0.014675702494333467,0.5960063620911067,0.5149540884393999,0.1559640140137615,0.022257341945939566,0.004701023013393706,1.0,0.17230202160262262
1270,0.85,-0.050000000000000044,0.14118226062162767,0.017394798694534672,0.014785972459308114,0.5961096707286914,0.5150812485984164,0.15790866868410558,0.022306646102140122,0.00468296972629502,1.0,0.1385274505379061
1271,0.85,-0.050000000000000044,0.14126198512238497,0.01740192964198583,0.014831125355327443,0.5960740466837083,0.5150373976898732,0.16469259381853757,0.02232151870713407,0.004728086497119129,1.0,0.14676454229731098
1272,0.85,-0.050000000000000044,0.1414209777045864,0.017416845742580258,0.014694292851487168,0.5960030152510194,0.5149499692060246,0.1638389185071602,0.022339200828583188,0.004732921474183044,1.0,0.15092439538823382
1273,0.85,-0.050000000000000044,0.14123423406866972,0.01739467329916067,0.014668587268318222,0.5960864464637098,0.5150526607691839,0.16969969002941349,0.022341147925896296,0.0047377514601982754,1.0,0.13405704454753536
1274,0.85,-0.050000000000000044,0.14151216684876197,0.017487778111304055,0.014933706479760197,0.5959622832811432,0.514899838569991,0.17151090539023778,0.022332829160209226,0.004663960338869881,1.0,0.16111248257399993
1275,0.85,-0.050000000000000044,0.14159556733300258,0.01746452164759494,0.014928243137250602,0.5959250351900913,0.5148539982436836,0.17028299247786077,0.022332346931490856,0.004272898941217564,1.0,0.14085061689512723
1276,0.85,-0.050000000000000044,0.14143064476506592,0.01743092721214855,0.01485063255907066,0.5959986969467006,0.5149446543401521,0.17010301954685492,0.021914034173877727,0.004149793912477028,1.0,0.13682104826472702
1277,0.85,-0.050000000000000044,0.14142300077539058,0.017431018747681413,0.014609971140583763,0.5960021115341697,0.5149488569301939,0.16478970711286875,0.021198604230875683,0.0041350890171865905,1.0,0.14083589022064372
1278,0.85,-0.050000000000000044,0.14162317443302092,0.017225924446209948,0.014648509766087408,0.5959127064099723,0.5148388260474013,0.16127232148833193,0.02025147639275695,0.004141649621901785,1.0,0.13377733256508978
1279,0.85,-0.050000000000000044,0.14187040218520194,0.01695295715966822,0.014652607739698655,0.5958023221629621,0.5147029954877321,0.16318388107970494,0.019315739702767974,0.0041248018126828915,1.0,0.13523950828946796
1280,0.86,-0.040000000000000036,0.14200010311312977,0.0167529375131322,0.014781949696675557,0.6334838776689826,0.5687560597006732,0.1651806280263452,0.018418624451491616,0.004136291727440808,1.0,0.12243034952727769
1281,0.86,-0.040000000000000036,0.1423871640067866,0.016440992710196643,0.015029724701766242,0.6332886049484348,0.5685212614389625,0.16126792791755953,0.017494518677584225,0.004044214008315618,1.0,0.14817065112166333
1282,0.86,-0.040000000000000036,0.14264799139917725,0.016139968186107596,0.015043752864208237,0.6331570850738519,0.5683631480467727,0.1669269738787801,0.016887942428757772,0.0040217657264211394,1.0,0.13675787708544326
1283,0.86,-0.040000000000000036,0.14318706450847365,0.015620154328317384,0.015027025566610487,0.6328854353408306,0.568036640845326,0.17135986088361616,0.01600184358943185,0.0039660409641409464,1.0,0.15455846282156632
1284,0.86,-0.040000000000000036,0.14322886223859102,0.015563831548428433,0.015259350377512923,0.6328643823648551,0.5680113403578471,0.17254164521235568,0.0153757377697012,0.003913163963681694,1.0,0.12428751310195583
1285,0.86,-0.040000000000000036,0.1435344594007736,0.015549623611200832,0.015397363846627701,0.6327104995738682,0.5678264285007762,0.16834958588629395,0.014489830362056463,0.0038901797814354373,1.0,0.15793824974875087
1286,0.86,-0.040000000000000036,0.1436443285264908,0.015331137393289479,0.015615784350039828,0.6326551934999871,0.5677599779047485,0.1727483158237058,0.013771802646162947,0.003857280156767729,0.0,0.11837804289777876
1287,0.86,-0.040000000000000036,0.14380504562012508,0.015222133686232186,0.015712375856864014,0.6325743089191506,0.5676628016590911,0.1697204284796154,0.013236886166664682,0.003862202886669036,1.0,0.14139941670265657
1288,0.85,-0.050000000000000044,0.14409429520520806,0.014883587703550864,0.015691581474225058,0.5948112157776358,0.5134843704431287,0.16731920187376068,0.012584492619902703,0.0038101329465290933,0.0,0.14079385121824411
1289,0.84,-0.06000000000000005,0.14433029672082448,0.014597334859049264,0.015624420224298215,0.5613239472075381,0.46450316332124836,0.16994506058706194,0.011597435151911039,0.0038033077137158925,0.0,0.13813325363726114
1290,0.84,-0.06000000000000005,0.14480877411637483,0.014701753885476844,0.015836003543108983,0.5611344220141339,0.46426672417116027,0.1724989471695362,0.010663825801539099,0.003802227145976653,1.0,0.17169040295439156
1291,0.84,-0.06000000000000005,0.14485420201276372,0.014682871256656934,0.016061454591811027,0.5611164346482767,0.4642442885300531,0.17065309748964982,0.00973617500788441,0.0038180251038251486,1.0,0.14099585379311125
1292,0.84,-0.06000000000000005,0.14492447001403946,0.014619093450126292,0.016095116914139247,0.561088614010156,0.464209589286402,0.1733888606076518,0.008703328561146029,0.0037034639851074814,1.0,0.13510496894201462
1293,0.84,-0.06000000000000005,0.1452456085371364,0.014541823094686008,0.0162811479260831,0.5609615033536836,0.46405107295038117,0.17894939230599075,0.008274761069535152,0.003672012392170213,1.0,0.15763370618353278
1294,0.83,-0.07000000000000006,0.14539940840690452,0.01436920386793418,0.016422429596966565,0.5311106188131118,0.4198221170574049,0.18123251722485448,0.008153739621792496,0.0035762442586115815,0.0,0.13678817379157504
1295,0.83,-0.07000000000000006,0.14551995930106648,0.014275224856708511,0.01633264276968188,0.5310678595235396,0.41976831776218165,0.17967432170190936,0.007572972621688691,0.0034749434097030175,1.0,0.14032192320545667
1296,0.84,-0.06000000000000005,0.14597395805160557,0.014044283201353949,0.016542909560492727,0.5606734268029937,0.4636919551698218,0.18030665311645055,0.007412533462877623,0.0032298086850166305,1.0,0.16124406352809983
1297,0.85,-0.050000000000000044,0.14614393344239116,0.013780256382392476,0.01661934239179359,0.5939006837415359,0.512366330526433,0.18286198430162054,0.007645137506338723,0.0032302828680933083,1.0,0.1329474555851214
1298,0.86,-0.040000000000000036,0.14632334756003673,0.013772660441612478,0.016680654172389342,0.6313096110331291,0.5661444640976999,0.1841051141857412,0.007882590699144133,0.0032402484675179413,1.0,0.15462108591531676
1299,0.86,-0.040000000000000036,0.14619459826371084,0.013776520694163633,0.01660379229180008,0.6313741465958852,0.566221892735874,0.18023715527594214,0.008022695973156928,0.0032699387101515643,1.0,0.1394085085693818
1300,0.86,-0.040000000000000036,0.1462444590107031,0.013724795067758045,0.01627416446448035,0.6313491523395992,0.566191904430283,0.18407678323866436,0.008229707566996444,0.0032183649446176047,1.0,0.13444760937692735
1301,0.86,-0.040000000000000036,0.14592883415527041,0.013604972101878998,0.016079307055700456,0.6315074025462524,0.5663817878158993,0.17992389817167023,0.00821937217802515,0.0031819708923404868,1.0,0.13549310323154146
1302,0.86,-0.040000000000000036,0.14591603815046955,0.013604824459937456,0.01603086053283863,0.6315138199703533,0.5663894887196236,0.1797384774191516,0.008307743900754816,0.003165508035457463,1.0,0.1454396109708957
1303,0.87,-0.030000000000000027,0.14594294639776415,0.013579865710651253,0.01603999687294925,0.6740677238346964,0.625939294425905,0.18386277715642335,0.008484485912811706,0.003200752913311438,1.0,0.13466732267776738
1304,0.87,-0.030000000000000027,0.14592667852313385,0.013585739043329537,0.015839091206641343,0.6740770192524478,0.6259501141489004,0.1849935325171224,0.008669509358760898,0.003132319252527467,1.0,0.1402175011074574
1305,0.87,-0.030000000000000027,0.14563059082056098,0.013438901514313097,0.015851218119797176,0.6742462477394406,0.6261471067241584,0.18171194951041042,0.008672463091313016,0.0031620329862925038,1.0,0.13767535770737205
1306,0.87,-0.030000000000000027,0.1455438718437299,0.013335130571874318,0.015759417623124546,0.6742958279307008,0.6262048259264003,0.18498618458964974,0.008721293565275737,0.003140383017442323,1.0,0.1572706512838934
1307,0.87,-0.030000000000000027,0.14566781223566577,0.013315134593326346,0.015706729739302178,0.6742249692255811,0.6261223358209871,0.1845112157784587,0.008832491520685529,0.003094365158963261,1.0,0.14965304541347602
1308,0.87,-0.030000000000000027,0.1456174694144117,0.013307824422829006,0.01572312672153713,0.6742537492258817,0.6261558395053417,0.18045800570058806,0.008782702880068634,0.0030186051550419157,0.0,0.14505843046331351
1309,0.87,-0.030000000000000027,0.14564547992005822,0.013313906893644735,0.015510528222083483,0.6742377358677626,0.6261371977726763,0.1856743115073886,0.008959601901292321,0.0030531160613416174,1.0,0.1499224494444753
1310,0.88,-0.020000000000000018,0.1458480378689294,0.013092857211806384,0.01546863247187825,0.7228509260727471,0.6918396726855852,0.1850611016338363,0.009102373362219364,0.003038577415394388,1.0,0.14146592333985952
1311,0.88,-0.020000000000000018,0.14608023593201847,0.013083278738074449,0.015427215489183787,0.7226983840644103,0.6916690069609126,0.1889741002209365,0.009331543775749377,0.0030365142979085634,1.0,0.15703414013659378
1312,0.87,-0.030000000000000027,0.1460296851145911,0.013064331253899098,0.01521438193264407,0.6740181659034258,0.6258816110343461,0.17831997624151608,0.009338220139273788,0.0031114056795485284,0.0,0.14842775016842846
1313,0.87,-0.030000000000000027,0.14628838069661948,0.012876481986213512,0.014952173170859156,0.6738704041492157,0.6257096351969629,0.17725889454374616,0.009358838753778288,0.0030797379489436835,1.0,0.14967547804841064
1314,0.87,-0.030000000000000027,0.14615454765740654,0.012896223024187687,0.014794005520637876,0.6739468388211349,0.6257985930211338,0.18211808741686228,0.009394575618849385,0.003121447676891591,1.0,0.13762901122096255
1315,0.87,-0.030000000000000027,0.1457635758397392,0.012489327706664154,0.014357581263351984,0.6741702298388739,0.6260586140171925,0.18147882949494448,0.009423326284320065,0.0031272477652675426,1.0,0.13962019757487887
1316,0.87,-0.030000000000000027,0.14605041484261927,0.012534150589721972,0.014310761124547848,0.6740063231082379,0.6258678268266173,0.1856231090253294,0.009509210992586213,0.003114671464801637,1.0,0.16220409180440226
1317,0.87,-0.030000000000000027,0.14608609778411108,0.012580908900404423,0.014191074444823197,0.6739859385879098,0.6258441009195923,0.1865233339201075,0.00965033823995448,0.003060461389707217,1.0,0.16430757363670634
1318,0.87,-0.030000000000000027,0.1459225227258939,0.012676709027313765,0.014346558161901807,0.6740793939043989,0.6259528782193019,0.18497593823599598,0.009698339577592429,0.0030636133837406705,1.0,0.13042931054076323
1319,0.87,-0.030000000000000027,0.14598844506207168,0.012793761455683362,0.014544324237190572,0.6740417273871777,0.6259090353632458,0.1817518143525003,0.009708292018070629,0.0030929628063063037,1.0,0.1718644250854205
1320,0.87,-0.030000000000000027,0.14625188751862075,0.013007524651106597,0.014365385887165467,0.6738912443991927,0.6257338894325286,0.1797283617634259,0.009686173448971006,0.0030978232643366094,1.0,0.1697601640314798
1321,0.87,-0.030000000000000027,0.14657153094121209,0.012838519884393062,0.014292583130515752,0.6737087486240074,0.6255215106707636,0.1831163413084502,0.009716656065475268,0.0030352315912315314,1.0,0.15556110292927983
1322,0.87,-0.030000000000000027,0.14665728403440378,0.012856385040428922,0.014237351230571845,0.6736598059538811,0.6254645587814726,0.18863157540233141,0.009672994100607788,0.003076344912592809,0.0,0.15357860399983897
1323,0.87,-0.030000000000000027,0.14668314803188692,0.012840635001493786,0.01404144811238526,0.6736450457469141,0.6254473835530473,0.18715617922013683,0.009618036797994509,0.003065804387797095,0.0,0.14013923740509415
1324,0.87,-0.030000000000000027,0.14645619882605831,0.012618321220517962,0.01405447999220504,0.6737745844230075,0.6255981234698247,0.189464035770857,0.009639294075961074,0.003084732781942746,1.0,0.14769169236913837
1325,0.87,-0.030000000000000027,0.14631186369167495,0.012497367775376822,0.01397760104745807,0.6738569943383687,0.6256940288331775,0.18966089037077397,0.009642969523994932,0.0030710519343591976,1.0,0.14969080065177276
1326,0.87,-0.030000000000000027,0.14620352240538914,0.012304643553697134,0.01381102849693028,0.6739188663710929,0.6257660369366337,0.18882213301503728,0.00958680200417861,0.003064954801794561,1.0,0.16290030927411803
1327,0.87,-0.030000000000000027,0.14624176863316682,0.012303785368089593,0.01391969021171069,0.6738970232445566,0.625740615017866,0.19431106811256627,0.009655501449848633,0.0030896495699925326,1.0,0.14785886955586536
1328,0.87,-0.030000000000000027,0.14651230045775107,0.012639310213413465,0.013894450334275967,0.6737425579480162,0.6255608539428861,0.18940722127651016,0.009666222543255379,0.003125348224492578,1.0,0.17537135919151403
1329,0.88,-0.020000000000000018,0.1467998379218782,0.012317348258519767,0.013949932081344901,0.7222260517799699,0.6911406334507159,0.19397421487809532,0.009775598019029334,0.00314295677817739,1.0,0.14706068564411712
1330,0.87,-0.030000000000000027,0.14675002570864484,0.012350225624863733,0.014044967284366962,0.6736068826284183,0.6254029771814651,0.19218109703990097,0.009875680599049448,0.003100725558413219,0.0,0.1361436984956388
1331,0.87,-0.030000000000000027,0.14655191117954083,0.01257159012795504,0.013955291998628041,0.6737199473949682,0.6255345423583397,0.19218310160467889,0.010025412396195935,0.003093752657790258,1.0,0.12282196895786845
1332,0.87,-0.030000000000000027,0.1468311855198573,0.012295449775065232,0.0138404988822452,0.6735605753512932,0.6253490960278851,0.19272982819565687,0.010171168123903432,0.00305934642423802,1.0,0.14836127307399127
1333,0.87,-0.030000000000000027,0.14653900811938636,0.012389106952763906,0.01383827553015376,0.6737273125403461,0.6255431130259418,0.19352011364933425,0.010282590461189395,0.0030028956088926926,1.0,0.12811992163327912
1334,0.87,-0.030000000000000027,0.14671978199673885,0.01237867699720455,0.013688492647084872,0.6736241403831553,0.62542305804163,0.1943244302923527,0.010300145802956745,0.0029775242725517603,1.0,0.15495358611785598
1335,0.87,-0.030000000000000027,0.14618606926848096,0.012143630163769936,0.013545235761054835,0.673928834650219,0.6257776385639494,0.19995229551296112,0.010355102808838092,0.002976456673812394,1.0,0.12516709546521432
1336,0.87,-0.030000000000000027,0.1460901522314042,0.012272205403315277,0.013261399417575235,0.6739836224901831,0.6258414051951227,0.20310091181381756,0.010577940258512157,0.002982496539430673,1.0,0.12497774221370922
1337,0.87,-0.030000000000000027,0.14570094580903525,0.012351151153275071,0.013200497304308952,0.6742060287542759,0.6261002870309431,0.19437515149470525,0.010631698652235132,0.0030203277424236,1.0,0.12393795494047971
1338,0.87,-0.030000000000000027,0.14579470360049349,0.012462461951112872,0.013610687582809974,0.6741524388289228,0.626037904170187,0.19543241598368716,0.01075445805289196,0.0030048994106370935,1.0,0.16516527983660212
1339,0.87,-0.030000000000000027,0.14574098285445106,0.012433473332437429,0.013732005495547558,0.674183143402954,0.6260736463860785,0.19029421444656588,0.010813102374708037,0.0030458627662024104,1.0,0.14979893876201977
1340,0.87,-0.030000000000000027,0.14576815415123057,0.012449676081171276,0.01363715479778808,0.6741676130551182,0.6260555679000456,0.18721090910540616,0.010823380685374593,0.0030700238904978823,1.0,0.15453227533064756
1341,0.87,-0.030000000000000027,0.14586352202815586,0.01242394273724236,0.013693715830615835,0.6741131091256061,0.6259921229219731,0.18687077695271903,0.010820146493094016,0.0029854250711356593,1.0,0.14722837769841346
1342,0.87,-0.030000000000000027,0.14592714234695245,0.012389446919991297,0.013530641683191682,0.6740767542212736,0.625949805655651,0.19593972932749928,0.010983633551069008,0.003065781793914661,1.0,0.14234926650325236
1343,0.88,-0.020000000000000018,0.1455725191771095,0.012573282530410113,0.013591774630241256,0.7230320110307343,0.6920422883891436,0.19640455836974086,0.011145841842110253,0.003028882586100487,1.0,0.12154836942945346
1344,0.87,-0.030000000000000027,0.14561885863819032,0.012569534634498652,0.013722224940846595,0.6742529550010181,0.6261549149139966,0.19745299551313636,0.011298439826880686,0.0030370554160666,0.0,0.1468958972059406
1345,0.87,-0.030000000000000027,0.1453135987591157,0.012715237916738781,0.01391520075260119,0.6744275182877734,0.6263581448298047,0.19898980242641123,0.01146792772410283,0.0029957367909152085,1.0,0.12416891021695081
1346,0.88,-0.020000000000000018,0.14512561479386302,0.012767559126263185,0.013982539638341262,0.7233259324371166,0.6923711931624377,0.20211435639688732,0.01171540830868068,0.0030223650458669495,1.0,0.13227411997386695
1347,0.88,-0.020000000000000018,0.14521994730909216,0.012856318563226781,0.014108975999796358,0.7232638716522626,0.6923017419603189,0.19787637135783934,0.011873375876534833,0.00303105015914069,1.0,0.1619444280906922
1348,0.88,-0.020000000000000018,0.14548312514674053,0.012920954524652322,0.01409376561324459,0.7230907848498672,0.6921080540203833,0.19519571965424765,0.011968910189768705,0.003040956852122751,1.0,0.16167585199984508
1349,0.88,-0.020000000000000018,0.14573003544174054,0.012994723788592556,0.01392166080203626,0.7229284721892927,0.6919264368253625,0.20057807593444943,0.012152979557049184,0.0030764497030182068,1.0,0.16182350209448126
1350,0.88,-0.020000000000000018,0.1456415139132965,0.012966035960867867,0.014014060197108952,0.7229866556510319,0.6919915387084239,0.20027566713758266,0.01231214903343736,0.0030223204653966693,1.0,0.14546634615433773
1351,0.88,-0.020000000000000018,0.14559341757285518,0.01296942369167636,0.013894101123762945,0.7230182723576567,0.692026915605784,0.20830330161628435,0.012570493171436187,0.003097827586840621,1.0,0.14229924912666314
1352,0.89,-0.010000000000000009,0.14542721723624571,0.012862213004181609,0.013808053917677482,0.7794949764933048,0.7649431566970295,0.21895488253706896,0.013079029227365192,0.003173500569816676,1.0,0.14553189479877687
1353,0.89,-0.010000000000000009,0.145462451673365,0.012880601608666067,0.013865453520335951,0.779468054697778,0.7649145041068801,0.2102583677584713,0.013360444545778968,0.0031978209727758756,1.0,0.15392405309707818
1354,0.89,-0.010000000000000009,0.14550904228208011,0.01289699405053192,0.013711727398577265,0.7794324587767082,0.7648766199909744,0.2133914725117376,0.013738470012115105,0.0032089350173139996,1.0,0.15235007262154876
1355,0.89,-0.010000000000000009,0.1456870059955599,0.012816687317359198,0.01364241848891469,0.7792965217624721,0.7647319472968683,0.21462175335998887,0.014112506287088055,0.003181308806975733,1.0,0.14869451656837862
1356,0.89,-0.010000000000000009,0.14558844764698292,0.012886860079680566,0.013703461901072697,0.7793717993833558,0.7648120619340381,0.2146939084514431,0.014434695824475917,0.003158694399949727,1.0,0.13155944847246548
1357,0.89,-0.010000000000000009,0.14572343943261906,0.012796637706405493,0.013777920334663676,0.7792686980449822,0.7647023360780124,0.2255103724791023,0.014986404235238329,0.0032595213720468023,1.0,0.14382269160150557
1358,0.9,0.0,0.14568854436807344,0.012856541204501205,0.013648284273204955,0.8451581264185268,0.8451581264185268,0.23159541207530007,0.01566406991716648,0.0033112306123359255,1.0,0.121942148379798
1359,0.9,0.0,0.14532467800348697,0.012956729530797826,0.013599761562742936,0.845485098658847,0.845485098658847,0.2323930525837271,0.0162989120058304,0.0032963749206809797,1.0,0.12375953168183251
1360,0.9,0.0,0.14493688185121512,0.013281750822226846,0.013675059762961914,0.8458338529486096,0.8458338529486096,0.2277583564264865,0.016782401333866857,0.0032826138408622264,1.0,0.11474542127552012
1361,0.9,0.0,0.14463935586844484,0.013453110873795162,0.01369604003973139,0.8461016202427433,0.8461016202427433,0.22528310347347186,0.01722461213922461,0.0032350076808369383,1.0,0.1222128496410474
1362,0.9,0.0,0.14454129452671916,0.013395678035032584,0.013801430353633678,0.8461899105935697,0.8461899105935697,0.21076190448056686,0.017301060588098337,0.0033259602616986387,1.0,0.147549694710852
1363,0.9,0.0,0.14434779651781035,0.01356315609716035,0.013949006884219897,0.8463641822106344,0.8463641822106344,0.21321158202629742,0.0173281115818191,0.003344221280089991,1.0,0.12310282399906458
1364,0.9,0.0,0.14406368097921463,0.013690798693437964,0.013881994973289126,0.8466201975158345,0.8466201975158345,0.21691871997651596,0.01740945791768861,0.003371195999098808,1.0,0.12387786521412103
1365,0.9,0.0,0.14394627987147168,0.013733563546646087,0.013927227424981476,0.84672603238418,0.84672603238418,0.2188077029417978,0.01752091207539878,0.0033621913476059423,1.0,0.13314008790219778
1366,0.9,0.0,0.14374647459652498,0.013932037801464046,0.01395561504248148,0.8469062138945483,0.8469062138945483,0.21573132909869197,0.01751753343062826,0.0033562187693996115,1.0,0.12011546121128769
1367,0.9,0.0,0.1438611391339475,0.014032412034178139,0.014183380931039819,0.8468028016961281,0.8468028016961281,0.21144749216473402,0.017491118368912414,0.0033761694874656595,1.0,0.1617766950066184
1368,0.9,0.0,0.14336612021343684,0.013995036685517818,0.014577083612404057,0.8472494240016277,0.8472494240016277,0.20754974298281453,0.0174372115528186,0.0033274121309569914,1.0,0.11992076004135888
1369,0.9,0.0,0.14289878055678906,0.01379990914831865,0.014292969721815851,0.847671505721917,0.847671505721917,0.20325041470159727,0.017187035316959514,0.003351196712885003,1.0,0.12556805593784304
1370,0.9,0.0,0.14286110703392088,0.013816923298727342,0.01430261568700619,0.8477055491970251,0.8477055491970251,0.2047223901777484,0.01696990103234774,0.003297540655730651,1.0,0.13476009825109125
1371,0.9,0.0,0.14296531397910234,0.01388509809929044,0.014487113520071287,0.8476113898329681,0.8476113898329681,0.20303621533711916,0.01683837714594569,0.0033059497418847106,1.0,0.1571852368154587
1372,0.9,0.0,0.14273269574147174,0.013944536831647618,0.014614944978147956,0.8478216079142441,0.8478216079142441,0.2060263532784319,0.01670928400771604,0.0032769534430873316,1.0,0.12766257162517036
1373,0.9,0.0,0.14260683971757512,0.01407842347400797,0.014404194386641221,0.8479353880088728,0.8479353880088728,0.20486708087290365,0.01664245784884346,0.003270368160710604,1.0,0.12147144215787231
1374,0.9,0.0,0.14215604441704238,0.014199856257819285,0.014254463315512675,0.8483431800592476,0.8483431800592476,0.2089551680846197,0.016629353468314623,0.0032992588101988774,1.0,0.11603295252072565
1375,0.9,0.0,0.14217368737656988,0.014199319373157542,0.014482265251843495,0.8483272127604956,0.8483272127604956,0.20348211747187225,0.01654356763761398,0.0033527242413275795,1.0,0.14261491284787708
1376,0.9,0.0,0.14216565690776772,0.014202571014369536,0.014508346762019737,0.8483344804515742,0.8483344804515742,0.2054996373418232,0.016463994727032256,0.0033194334073474263,1.0,0.13601800138451248
1377,0.9,0.0,0.1422103562753123,0.014205349318860373,0.01453086461994939,0.8482940284561772,0.8482940284561772,0.20568600788003455,0.016297846067991405,0.0032857867903138354,1.0,0.14530582697510197
1378,0.9,0.0,0.14220230092059802,0.014210356619404882,0.014640681328606584,0.848301318099223,0.848301318099223,0.2028513109924766,0.01603438581256916,0.0032951114094672187,1.0,0.13297179709366136
1379,0.9,0.0,0.14213189539360296,0.014262026865234872,0.014559506406803615,0.848365036475312,0.848365036475312,0.20053272476825948,0.015779831786692764,0.003298362311260924,1.0,0.12819895558996475
1380,0.9,0.0,0.14240073531946187,0.014140986589078912,0.014512790092953256,0.8481217825886987,0.8481217825886987,0.1992278081406742,0.015543906422497186,0.003272021063976072,1.0,0.14931434211316497
1381,0.9,0.0,0.14224329951779396,0.014163493079243994,0.01456808804368125,0.8482642179780095,0.8482642179780095,0.1992506796567592,0.015218990733418257,0.003215090008974702,1.0,0.1324270709548735
1382,0.9,0.0,0.14226767021832193,0.01415612829146565,0.014456646533047346,0.8482421661772451,0.8482421661772451,0.2089320841894569,0.015055617251734323,0.003268105337538962,1.0,0.13919494713823954
1383,0.89,-0.010000000000000009,0.141969882417185,0.014207566711911802,0.014296488095782238,0.7821457185879885,0.7677651337602036,0.21426861600314293,0.015014883297460363,0.0033100724838515533,0.0,0.12477968270787454
1384,0.89,-0.010000000000000009,0.14226032233077263,0.014139830240799171,0.014244983904934238,0.7819223445799165,0.767527267421434,0.2179327615006899,0.01503162620084917,0.0033047400209372624,1.0,0.15333150446071742
1385,0.89,-0.010000000000000009,0.14192045083288532,0.014167342332298077,0.01414215761856782,0.7821837485623413,0.7678056322379532,0.21404788133654482,0.014911370484673633,0.0032995496191870932,1.0,0.12395109996002063
1386,0.9,0.0,0.142100063415948,0.013980356600548352,0.014034751835124867,0.8483938481787273,0.8483938481787273,0.2102605447560158,0.014809131772129905,0.0033072208235955633,1.0,0.13633930120404614
1387,0.9,0.0,0.14215804648827304,0.013989351700895313,0.014138316049738019,0.8483413681068463,0.8483413681068463,0.21219865137712912,0.014665157180048006,0.003302542843951711,1.0,0.1471977239351605
1388,0.91,0.010000000000000009,0.14216833253238487,0.013988722998670636,0.014165736966149646,0.7819930790724559,0.767602589865177,0.2194526254466841,0.014556627293975855,0.00334929148391387,1.0,0.1418224556294263
1389,0.92,0.020000000000000018,0.14209101661692494,0.01403211032234826,0.013942137412826669,0.7253280738885521,0.6946128386320212,0.22726656509359344,0.014620711051261087,0.003402423333049578,1.0,0.1304016620912707
1390,0.92,0.020000000000000018,0.14177143385486382,0.013714678044173107,0.013726338579450175,0.725539570775194,0.6948497582376486,0.22117870994981859,0.014598519015920606,0.0034452718730888553,1.0,0.13973212674827795
1391,0.92,0.020000000000000018,0.1415957977818798,0.013835417901573365,0.013831479947151894,0.7256558576152041,0.6949800331814974,0.2214978745728703,0.014531249584427782,0.003420861787281277,1.0,0.12343224649471085
1392,0.92,0.020000000000000018,0.14151888944594432,0.01389254334247364,0.013644138044245217,0.7257067895703634,0.6950370939562022,0.2238954406131572,0.014535868858955794,0.0033889126392201447,1.0,0.12741413534846768
1393,0.92,0.020000000000000018,0.14131122037294305,0.01380504184563696,0.01352905856084096,0.7258443525437894,0.6951912171580145,0.22358922214460178,0.014605852956207286,0.0033689438871968287,1.0,0.13686679888340447
1394,0.93,0.030000000000000027,0.14130472990185894,0.013807319227900787,0.013500714346561743,0.676728412141325,0.629039385530655,0.22457305022490748,0.014708692669300447,0.0033631421958570367,1.0,0.13613912668316552
1395,0.93,0.030000000000000027,0.14137035285012878,0.013818082561549082,0.013397915872083244,0.6766906214055144,0.6289953103226571,0.22705684326364461,0.014820600413492516,0.0033818438284246724,1.0,0.14688421803243723
1396,0.93,0.030000000000000027,0.14104981140898243,0.01372481856667793,0.013290821838507409,0.6768752538506789,0.6292106584252992,0.22203355023900295,0.014844402314577234,0.0034067727358940837,1.0,0.12918991941346647
1397,0.93,0.030000000000000027,0.14112526257457253,0.013700787395870965,0.013186064489017244,0.6768317847778126,0.6291599550952933,0.22294077059144568,0.014902830480847926,0.003403379710321579,1.0,0.14049257214413557
1398,0.93,0.030000000000000027,0.14076170072480376,0.013819695615792445,0.013256924022954256,0.6770412921204778,0.629404344571152,0.22137000709537616,0.014943228942240205,0.0033801757162435033,1.0,0.11826490093843633
1399,0.93,0.030000000000000027,0.14042409055879135,0.014254184352846302,0.013334262505558718,0.6772359606394235,0.6296314591731509,0.21609782089850527,0.014863392655389844,0.0033946460014369242,1.0,0.10564749196814038
1400,0.92,0.020000000000000018,0.14032521629935796,0.014329391043074685,0.013514739249102486,0.7264982080729636,0.6959239213717139,0.22045832284444394,0.014873692621895132,0.0033967431416282827,0.0,0.12456018343358766
1401,0.92,0.020000000000000018,0.14027380300119838,0.0143558352874599,0.013472770382866544,0.7265323344356,0.6959621692017678,0.21870736541258357,0.014797702994007166,0.003412556643439816,1.0,0.13035177341558357
1402,0.92,0.020000000000000018,0.1400975391891699,0.014399470163948306,0.013389601245032284,0.7266493565769551,0.6960933288373098,0.2056068123712663,0.014624090636809623,0.003503225868733205,1.0,0.1278132297680471
1403,0.92,0.020000000000000018,0.13988465449162307,0.014633640372519569,0.013479340622964308,0.7267907417170167,0.6962518043583633,0.1991213180991411,0.01450613742372176,0.0035573141405657923,1.0,0.11337885292308647
1404,0.92,0.020000000000000018,0.13974050145831143,0.014700499939046863,0.01357915073865239,0.7268865106884371,0.696359155668073,0.19171610575731757,0.014438753900663619,0.0035989669621325758,1.0,0.12580219777629165
1405,0.92,0.020000000000000018,0.13962423610618585,0.014762220475493719,0.013383709639076652,0.726963770693139,0.6964457630359826,0.2002478753869051,0.014283772934960234,0.0036520733717320536,1.0,0.12604882249481497
1406,0.92,0.020000000000000018,0.13935332322067295,0.01468427241029459,0.013348486753898582,0.7271438599528345,0.696647652697059,0.19901368831350913,0.014173846395314342,0.003659742243067457,1.0,0.13017936273260344
1407,0.92,0.020000000000000018,0.1391843652492717,0.014661976288967885,0.013328115749763083,0.7272562198967814,0.6967736228058521,0.19715433121898857,0.014062345195386267,0.0036375821119225054,1.0,0.13275724827335167
1408,0.93,0.030000000000000027,0.13911997340001617,0.014650172339242332,0.013338196338482758,0.6779889767961689,0.630510296709642,0.18769035534316192,0.01396268523534931,0.0036804878701954965,1.0,0.1386192455377615
1409,0.93,0.030000000000000027,0.13892876830042786,0.014632701465364762,0.013331739570275718,0.6780995221729115,0.6306393550601821,0.18592120971206616,0.013959568713711602,0.003692163988958562,1.0,0.1308019394856429
1410,0.93,0.030000000000000027,0.1390480745536043,0.01470137793950299,0.013402713230630508,0.6780305409413923,0.6305588203189274,0.18615332774773688,0.013945619037787205,0.003654983377327962,1.0,0.1533965486575013
1411,0.93,0.030000000000000027,0.1387833342222049,0.0146132096494219,0.01354645112651614,0.6781836291385145,0.6307375545719266,0.18141466901473846,0.014043930740909328,0.0035952312031216783,1.0,0.13056010699665854
1412,0.94,0.039999999999999925,0.13871819978998443,0.014584564994412899,0.01364853670297814,0.6351444542252166,0.5707547439266183,0.20064175442676638,0.013819817284458706,0.0037787261901343844,1.0,0.14191430694637885
1413,0.94,0.039999999999999925,0.13850625412829262,0.014577791886362455,0.013662546079136724,0.6352519937518394,0.570884302153929,0.20094837276044347,0.01356732694931215,0.0037327405887259096,1.0,0.12848091187923083
1414,0.94,0.039999999999999925,0.13826895289246935,0.014781854880560531,0.013789726259810267,0.635372441712882,0.5710294295580374,0.19712171997077915,0.013408566130141832,0.0037649364964809254,1.0,0.11389888763863332
1415,0.94,0.039999999999999925,0.13809638505079222,0.014865566161140278,0.013647106376365892,0.6354600613688506,0.5711350140122201,0.20006577433221706,0.013223087692238521,0.0037528130099259054,1.0,0.12236341340716345
1416,0.94,0.039999999999999925,0.1375454230554855,0.014982408009653338,0.013779955258195453,0.6357399688210906,0.5714723778331553,0.19481901813792346,0.013125518877068145,0.003796717366486668,1.0,0.10710789227373307
1417,0.93,0.030000000000000027,0.13708125288973394,0.01486465964494399,0.013546666386396213,0.679169524543861,0.6318891057736525,0.19821114014893199,0.013018797296621776,0.0038153509657482543,0.0,0.11789055706155127
1418,0.93,0.030000000000000027,0.13705705762712037,0.014877430994853747,0.013230344292186077,0.679183559812746,0.6319055055050015,0.2019893111041011,0.012874714682322022,0.0038209474008156622,1.0,0.12800978427940513
1419,0.93,0.030000000000000027,0.1364960629907436,0.014609628445923563,0.013332774209132765,0.6795091461877844,0.6322859907275125,0.19738755653971068,0.012690740156675876,0.003846990855111784,1.0,0.1157649614477424
1420,0.93,0.030000000000000027,0.13607606769075617,0.014246505546492729,0.013310517759464026,0.6797531047014904,0.6325711455719688,0.19594554685638543,0.012472487016022183,0.0038273345938825004,1.0,0.12776063403273719
1421,0.93,0.030000000000000027,0.13582793595542894,0.014120501957173046,0.013320667218397126,0.6798973168615137,0.6327397349410453,0.19909114989177676,0.012294118963219337,0.003803398926625026,1.0,0.13074792939655494
1422,0.94,0.039999999999999925,0.1355281947514117,0.014058520421731056,0.013257072058838498,0.636766897043342,0.5727109708693185,0.19587752513934714,0.01221849255623305,0.003820956790970835,1.0,0.12360448359811405
1423,0.95,0.04999999999999993,0.1353210780860742,0.014141385465537018,0.013222975672603398,0.598740393077728,0.5183256604501268,0.19993394800880354,0.012096557904154065,0.003838619077018676,1.0,0.11942757087134476
1424,0.94,0.039999999999999925,0.1350168989308246,0.014199048833290425,0.013224538154871372,0.637027714160073,0.5730257636243341,0.2026351679215,0.011995672869289185,0.003863915696339681,0.0,0.11727377684418122
1425,0.93,0.030000000000000027,0.13464610625435827,0.014294833712454404,0.013138202146959212,0.6805850273688835,0.6335439461839283,0.1971566838145748,0.011920634787314978,0.003910781623119363,0.0,0.11261153300513971
1426,0.93,0.030000000000000027,0.1342403827020546,0.014061010921048597,0.01308441407948809,0.680821440108392,0.6338205044450067,0.19732288112147978,0.01183197041698148,0.0038570165949312414,1.0,0.12232795404375119
1427,0.93,0.030000000000000027,0.13398813397943812,0.014040685477720251,0.012809601489738786,0.6809685067816925,0.6339925695543299,0.20108661497047625,0.011787005171265788,0.0038455003021326596,1.0,0.12263399729421876
1428,0.93,0.030000000000000027,0.13348760646347466,0.013435632269371235,0.01255075236603728,0.681260513769369,0.6343342685368076,0.19888502301857747,0.011694402461966251,0.0038216073561762316,1.0,0.12531860759516678
1429,0.93,0.030000000000000027,0.1331633458678304,0.013495300420996765,0.012548398773784728,0.6814498206142261,0.6345558306891582,0.20141862878006517,0.011643329283835796,0.0038290870321690935,1.0,0.11463462607969094
1430,0.94,0.039999999999999925,0.13302216567695793,0.013537165609181891,0.0124884929534911,0.6380472935956822,0.5742571894346222,0.2044913940244883,0.011564139108128875,0.0038601048168119744,1.0,0.12202567940839193
1431,0.94,0.039999999999999925,0.13300849317834895,0.013548146879404813,0.012236287460514332,0.6380542933602952,0.5742656482588733,0.20705680958442887,0.011482606682078927,0.0038804956144782637,1.0,0.1214547190969692
1432,0.94,0.039999999999999925,0.13266779315859356,0.0135861132367247,0.012104187425744678,0.6382287675586611,0.574476511126174,0.20751846673028124,0.011405577843644788,0.003877176136621444,1.0,0.11429127109845294
1433,0.94,0.039999999999999925,0.13249293082851035,0.013755002083551543,0.011870085587248882,0.6383183524992205,0.5745847954282042,0.20998550666973922,0.011340596512246602,0.0038939713214339654,1.0,0.11063368862495987
1434,0.94,0.039999999999999925,0.13204387590320965,0.013747411713480063,0.011575127045678507,0.6385485262230941,0.5748630618682912,0.21502545632732237,0.011308567996777609,0.003888032780393306,1.0,0.11004809358778522
1435,0.94,0.039999999999999925,0.13196417730768326,0.013810007351626994,0.011645427945408635,0.6385893949697201,0.5749124769639562,0.23577062929181225,0.011656435140711954,0.004065775776995664,1.0,0.11719723591257303
1436,0.94,0.039999999999999925,0.13167229026938645,0.014255855253793059,0.011851169463139079,0.6387391167791714,0.5750935266840007,0.2658616545708752,0.013042742342448862,0.004281586534166882,1.0,0.09578903838402975
1437,0.94,0.039999999999999925,0.13136766308596168,0.014735282859794835,0.01145810357313811,0.6388954484625852,0.5752826004208378,0.27032921686996336,0.014396660834202499,0.004316033986794219,1.0,0.09347523659800311
1438,0.94,0.039999999999999925,0.13069368510752968,0.014715340545058787,0.011346244020823092,0.639241599447878,0.5757013622008293,0.27433127759282105,0.015767843788645902,0.004304557816953172,1.0,0.0977674819933983
1439,0.93,0.030000000000000027,0.13026283063041294,0.01478025715861455,0.011388796268179869,0.6831478640273724,0.6365446128867982,0.2715097057653527,0.01683554129410159,0.004301914044087603,0.0,0.10671349105034716
1440,0.92,0.020000000000000018,0.12958768715578445,0.015192476416053575,0.011513964607071919,0.7336956787813045,0.7040041806570952,0.2656645133035742,0.01757284310103831,0.004357520713876404,0.0,0.08701792786780016
1441,0.92,0.020000000000000018,0.12917152608263216,0.015273323674941448,0.011652502297175193,0.7339775074759597,0.7043211310901287,0.2623490492978212,0.01814637760813453,0.004299404669744816,1.0,0.10561227038318555
1442,0.92,0.020000000000000018,0.12866011482201847,0.01567445478060386,0.011587888487756048,0.7343241372653203,0.7047110156198592,0.25936659434186315,0.018694536442903927,0.004324835234529831,1.0,0.09120814044188197
1443,0.92,0.020000000000000018,0.12834880527758066,0.016115548104832712,0.011339839979470391,0.7345353003285453,0.7049485600556875,0.2598953196760082,0.01922305165767456,0.004319585620294978,1.0,0.0904174149856748
1444,0.93,0.030000000000000027,0.1278172566170908,0.016369648158911718,0.011143846334847048,0.68458616138755,0.6382311700086929,0.2675006381701859,0.01991887740910299,0.004380883717071774,1.0,0.09374103115695365
1445,0.93,0.030000000000000027,0.12742563912439278,0.016911710593080678,0.011150196440431795,0.6848170432411422,0.6385020742421772,0.26549155746935754,0.0205279511323495,0.004369616310307655,1.0,0.08500716094714766
1446,0.93,0.030000000000000027,0.127107228832965,0.0171159419559257,0.011006313832018805,0.6850048799039096,0.6387225064317746,0.2689356842739122,0.02120492062693793,0.004361597540262267,1.0,0.10043309083108676
1447,0.92,0.020000000000000018,0.12645962000881908,0.01701040962072942,0.011036424630646469,0.7358193548708629,0.7063935427207165,0.27075414183739877,0.021855886948037504,0.004352888508544034,0.0,0.09718354567610088
1448,0.91,0.010000000000000009,0.12577364905710853,0.01695949496973285,0.011076395729158334,0.7948073188206753,0.7812670816420617,0.26206745613972265,0.02224555575199169,0.004386265573367007,0.0,0.09307875682878974
1449,0.9,0.0,0.12502949401866587,0.016993940552013167,0.010968452321465722,0.8641318862223788,0.8641318862223788,0.2636955677229408,0.022686764841076602,0.0043996565106028795,0.0,0.08740799825021495
1450,0.9,0.0,0.12449339230856396,0.01718530337355539,0.010981392522135003,0.8646356017967869,0.8646356017967869,0.26963804106536415,0.023226460570582856,0.004378594276903099,1.0,0.09185617514414846
1451,0.9,0.0,0.12419427371571709,0.017133016304652575,0.011156125542596783,0.8649169058247094,0.8649169058247094,0.2724511323489633,0.02384286976225832,0.004299417613901225,1.0,0.11238738984197821
1452,0.9,0.0,0.12369100552062001,0.017237684425080103,0.011244914999714053,0.8653906142332906,0.8653906142332906,0.27162014292306175,0.02443071218510958,0.00421996786286389,1.0,0.09520507528906713
1453,0.9,0.0,0.12308197635840601,0.017234641991860363,0.011251076191005537,0.8659645660471313,0.8659645660471313,0.2549402133275023,0.02468120094979901,0.004356804477432508,1.0,0.09302113687568081
1454,0.9,0.0,0.12274115656850881,0.016987708690072875,0.011469171147601261,0.8662860885012966,0.8662860885012966,0.2702064224322843,0.025192878050675726,0.004498581530528779,1.0,0.11826809363182794
1455,0.9,0.0,0.12205449295100969,0.017309505361140263,0.011682351659898721,0.8669345986170759,0.8669345986170759,0.26971585647060425,0.025675252028123128,0.004502807902955303,1.0,0.08002815481846626
1456,0.9,0.0,0.12170455063448628,0.017466828744925795,0.01172552154750093,0.8672654705248203,0.8672654705248203,0.26860382601478794,0.026116668779951363,0.004404783321421536,1.0,0.09656521682012498
1457,0.9,0.0,0.1211413097148745,0.01765166324477155,0.011596087951117991,0.8677985478568069,0.8677985478568069,0.26838167079532116,0.026540309281346944,0.004345562267111121,1.0,0.08749859964032825
1458,0.9,0.0,0.12083293795306295,0.01790255636638397,0.011614158549666251,0.8680906829012464,0.8680906829012464,0.26267652372697314,0.02684118045806234,0.004395133040443657,1.0,0.09110497219864039
1459,0.9,0.0,0.1206557764387973,0.017960283931771518,0.01167399994007346,0.868258605295121,0.868258605295121,0.26047476765310845,0.027099807439748408,0.004370557888086325,1.0,0.1060433802552661
1460,0.9,0.0,0.120453818463018,0.018138274477297475,0.011714669921812339,0.8684501102529841,0.8684501102529841,0.2573640307876224,0.02732477564923947,0.0043769769175052275,1.0,0.0945496236975899
1461,0.9,0.0,0.12013664019362404,0.018380444812002357,0.011499697759450037,0.8687510424670246,0.8687510424670246,0.26059790507483105,0.027591427786581458,0.0042629635366396084,1.0,0.09049502270165288
1462,0.9,0.0,0.11960846488826085,0.01834396088014442,0.011295559080269163,0.8692526274027423,0.8692526274027423,0.2532469033382744,0.027735908940932686,0.004312471861799468,1.0,0.09473216417453395
1463,0.9,0.0,0.11914772385869568,0.01882277500475569,0.011466553039026014,0.8696906461930571,0.8696906461930571,0.26084590409360103,0.02797499981713257,0.004351783607305611,1.0,0.07702872104254949
1464,0.9,0.0,0.1187854458803513,0.019075190557641574,0.011480281560733654,0.8700353679416578,0.8700353679416578,0.25462676383095,0.028140289026723542,0.004395522569905299,1.0,0.08765006737968278
1465,0.9,0.0,0.11834404503703835,0.019247836978886813,0.011362355394070114,0.8704557477087796,0.8704557477087796,0.2594073376656868,0.02835934180997046,0.004412736711234905,1.0,0.08900000357090221
1466,0.89,-0.010000000000000009,0.11803156545174527,0.019468920648409035,0.010942873243500306,0.801005729953643,0.7878904315478078,0.24739214804350557,0.028441112208513853,0.00449083118283312,0.0,0.08886750268198235
1467,0.89,-0.010000000000000009,0.11739782480566902,0.01906184228564712,0.01061640044301293,0.8015173943270838,0.7884375724606519,0.2580421844895137,0.028606536293266115,0.004559036104692602,1.0,0.09840263039899144
1468,0.89,-0.010000000000000009,0.11711442065133845,0.019232141956203742,0.010628269027802884,0.8017464184529692,0.788682495824986,0.25072050093652504,0.028667864741895022,0.004589564945821606,1.0,0.09158034460830183
1469,0.88,-0.020000000000000018,0.11678201543407901,0.019369926403916854,0.010542967485281154,0.7424681345390189,0.713889542270892,0.2469056280662396,0.028661422223036213,0.004613230576065387,0.0,0.09232753421189899
1470,0.88,-0.020000000000000018,0.11638530345130885,0.01940387761406825,0.010344343517582255,0.7427432512013347,0.714200220096258,0.2255950436322814,0.028583649169521292,0.004811456935593962,1.0,0.09508889997407527
1471,0.88,-0.020000000000000018,0.11603642364413591,0.01897608799404351,0.01032096665832773,0.7429853651714593,0.7144736625708696,0.19307181747703434,0.028680481689704843,0.005109770957956935,1.0,0.12229725609816555
1472,0.88,-0.020000000000000018,0.1159634152426689,0.018945236737524435,0.01027798075077621,0.7430360511723072,0.7145309110591868,0.19263937452491217,0.02880357640597181,0.005102429246306369,1.0,0.1203617314784679
1473,0.88,-0.020000000000000018,0.11596182122304138,0.018944779934952544,0.010232645589963124,0.7430371578957893,0.7145321610890989,0.18826050764410554,0.028970565607819937,0.005105366414681021,1.0,0.1213120401951191
1474,0.88,-0.020000000000000018,0.11598143448429198,0.018945858659319224,0.009997653683116486,0.7430235406912457,0.7145167806772338,0.19212517494359604,0.029114882868914022,0.005089120118587516,1.0,0.11799427864578493
1475,0.88,-0.020000000000000018,0.11582769396806059,0.018790855472818935,0.010024418037819402,0.7431302938946617,0.7146373593286374,0.1880930670028689,0.029270370682794502,0.005109469493039801,1.0,0.12724086122473843
1476,0.88,-0.020000000000000018,0.1155053917399621,0.0187180522802247,0.010167501442460654,0.743354191325373,0.7148902730257888,0.18938376193856987,0.029422400273290558,0.0051206242849336355,1.0,0.1037877785746652
1477,0.88,-0.020000000000000018,0.11525303657705799,0.018483222756994034,0.010207385303355422,0.7435295920117523,0.7150884235693097,0.19686788317447615,0.029493417511511313,0.005167588167240185,1.0,0.12007031068468799
1478,0.88,-0.020000000000000018,0.11512031415418537,0.018402991027121663,0.010162919791987631,0.7436218745980562,0.7151926819676456,0.19082992110255642,0.0296075525967682,0.005205157620247282,1.0,0.11969955480640276
1479,0.88,-0.020000000000000018,0.11493165341780807,0.018364610558564403,0.010054346926643885,0.7437530908133815,0.7153409343233866,0.20238555768884745,0.029592913549127416,0.005308700246092792,1.0,0.10933288195223334
1480,0.88,-0.020000000000000018,0.11441189835011821,0.018118006383039113,0.010004920416035437,0.7441148274667342,0.7157496835208256,0.20298462383325075,0.029562724938985287,0.005314520393853586,1.0,0.0973388353441782
1481,0.88,-0.020000000000000018,0.11401796815138544,0.018150251606877065,0.009980040699663878,0.7443892276234921,0.7160597920177915,0.20282860229728178,0.029533820087416625,0.005218304403987637,1.0,0.09303405108159646
1482,0.87,-0.030000000000000027,0.1136054373934286,0.018041814153341308,0.009884005910073925,0.6930657991527941,0.6482118011361312,0.19147047714420024,0.029679144414669404,0.005279128579133046,0.0,0.09794187134255605
1483,0.87,-0.030000000000000027,0.11360334927983905,0.018040532791975303,0.00986458346819028,0.6930670604832677,0.6482132905053395,0.19580687931382848,0.029800963897464,0.005285919050568211,0.0,0.12457087134891803
1484,0.87,-0.030000000000000027,0.11329626004966517,0.017618079406407434,0.009587491401573,0.6932526085349576,0.6484323997037991,0.20382974327101747,0.029865338344813926,0.005327716866659564,1.0,0.12262258144333182
1485,0.87,-0.030000000000000027,0.11342361241771001,0.017740242503893174,0.009604416190231035,0.6931756482129283,0.6483415153863924,0.2098604580042309,0.029882793935865473,0.005350377252040215,1.0,0.1366863367645028
1486,0.87,-0.030000000000000027,0.11332312834584338,0.017638324423832594,0.009599739624736153,0.6932363703299173,0.648413223171199,0.2147758658278703,0.029864821357400886,0.005380451001560681,1.0,0.1262908940173818
1487,0.87,-0.030000000000000027,0.11292997115723637,0.017314072076393874,0.009731392358445114,0.6934740559021373,0.6486939418506501,0.21487547146065406,0.029855042838791757,0.005308184653714507,1.0,0.10788200507446061
1488,0.87,-0.030000000000000027,0.11274690218733502,0.017103109882488244,0.009773945490027726,0.693584786987415,0.6488247381228571,0.210223251707809,0.02988462612437524,0.005276248089127997,1.0,0.12351555863929475
1489,0.87,-0.030000000000000027,0.11249935593078288,0.017024754446615074,0.009860188495545211,0.6937345740496562,0.6490016850292355,0.22591104296177894,0.029883614843414705,0.00537321714074613,1.0,0.10564703643605622
1490,0.87,-0.030000000000000027,0.11218797185183067,0.01680718911266134,0.009725307709317272,0.69392308045728,0.6492244005318708,0.21610133093587136,0.029893276003454206,0.0054690812559264924,1.0,0.10859371885305708
1491,0.87,-0.030000000000000027,0.1120992319514891,0.016770974225359343,0.009745334464405522,0.6939768207807556,0.6492878991780555,0.23103210163467053,0.02989938489307076,0.005595679282780149,1.0,0.1145582564605509
1492,0.87,-0.030000000000000027,0.11181724246475949,0.01674815159840597,0.009804833517436884,0.6941476470986028,0.6494897618055806,0.2078223243971263,0.029944817565249245,0.0058270283612547845,1.0,0.09921518667550927
1493,0.87,-0.030000000000000027,0.11156435668475023,0.016557850080578602,0.009922362426595761,0.6943009142353151,0.6496708972819838,0.21089435677410967,0.029974187044030504,0.0058481213339484995,1.0,0.11157822088247693
1494,0.87,-0.030000000000000027,0.11107943007267586,0.01654112171123632,0.010055561053438935,0.694595004367565,0.6500185203177137,0.202144302967289,0.030053686963591238,0.005911416897262475,1.0,0.08764646547573093
1495,0.87,-0.030000000000000027,0.11088382660741467,0.016229277159405038,0.010277612643455232,0.6947137011935431,0.650158845345524,0.19790356954157162,0.030162707602114324,0.0059035122548491,1.0,0.12732387150631522
1496,0.86,-0.040000000000000036,0.11056589709588588,0.016178880711746432,0.01046573638603157,0.6497548164455897,0.5884945443216689,0.20098191718499325,0.030246209000434936,0.005925442833545855,0.0,0.09739696826058897
1497,0.86,-0.040000000000000036,0.11020636707874433,0.01590704330125815,0.010313361951321378,0.6499457520034175,0.5887282317199434,0.19992570771320337,0.03033612895361766,0.0059202453181490915,1.0,0.1045395704299793
1498,0.86,-0.040000000000000036,0.11004635354977492,0.015905656425358725,0.010208903501000038,0.6500307664569157,0.5888322970397035,0.19950834616884014,0.030426827061917492,0.005871206685295478,1.0,0.10226354804149607
1499,0.86,-0.040000000000000036,0.11016520323059023,0.015916742730472815,0.010172097647896266,0.6499676200424552,0.5887549992483535,0.19997783021539353,0.03050521999298872,0.005831903474190575,1.0,0.1175324600496701
